{"authorDailyContributionsMap":{"Jollybomber":[{"date":"2024-09-30","commitResults":[{"hash":"c67e80a4a4187592fbab8364a21aaef8b3b15b6a","isMergeCommit":true,"messageTitle":"Merge pull request #22 from Plishh/Update-ReadMe","messageBody":"Update ReadMe","fileTypesAndContributionMap":{}}]}],"Plishh":[{"date":"2024-09-26","commitResults":[{"hash":"a9cd289ee3d8a138ec37354e47df4238851b32b2","isMergeCommit":false,"messageTitle":"Update ReadMe","messageBody":"","fileTypesAndContributionMap":{"docs":{"insertions":2,"deletions":1}}},{"hash":"f3bdeda98bc3d8e17a01411b56c241150aad6226","isMergeCommit":true,"messageTitle":"Merge pull request #18 from kohkakohla/add_Ui_Mockup","messageBody":"Add UI mockup","fileTypesAndContributionMap":{}}]}],"estellelim":[],"mingyang143":[{"date":"2024-09-20","commitResults":[{"hash":"e9a279d13e200a8e5012cae01b94446dd964dfab","isMergeCommit":true,"messageTitle":"Merge branch \u0027switch-docs-to-markbind\u0027 of https://github.com/AY2425S1-CS2103T-F08x/tp","messageBody":"","fileTypesAndContributionMap":{}},{"hash":"632c2a71b97aeef112a84857421b18a03f002db9","isMergeCommit":false,"messageTitle":"update docs to set up markbind","messageBody":"","fileTypesAndContributionMap":{"docs":{"insertions":1,"deletions":1}}},{"hash":"85dfea366a77b1e06f01f0a4fcb548588797e1df","isMergeCommit":false,"messageTitle":"Revert \"update docs to set up markbind\"","messageBody":"This reverts commit 632c2a71b97aeef112a84857421b18a03f002db9.\n","fileTypesAndContributionMap":{"docs":{"insertions":1,"deletions":1}}},{"hash":"76a802b59e142c2872c7165c75941e07d2d8dc93","isMergeCommit":false,"messageTitle":"Update docs to set up Markbind","messageBody":"","fileTypesAndContributionMap":{"docs":{"insertions":1,"deletions":1}}}]},{"date":"2024-09-29","commitResults":[{"hash":"9e3486f4eeac14ab6e3e124e1b5d15037e7f01a5","isMergeCommit":true,"messageTitle":"Merge pull request #24 from estellelim/add-estelle-photo","messageBody":"Add Estelle photo","fileTypesAndContributionMap":{}}]}],"kohkakohla":[{"date":"2024-09-26","commitResults":[{"hash":"2ff250d6ab07ebd5c87de467f9d6add4db431171","isMergeCommit":false,"messageTitle":"Update AboutUs page","messageBody":"","fileTypesAndContributionMap":{"docs":{"insertions":4,"deletions":4}}},{"hash":"ca5449a6143d927d0660b1b35350457aa1328162","isMergeCommit":false,"messageTitle":"Update AboutUs page","messageBody":"","fileTypesAndContributionMap":{"docs":{"insertions":46,"deletions":46}}}]}]},"authorFileTypeContributionMap":{"Jollybomber":{"docs":0,"functional-code":0,"test-code":0},"Plishh":{"docs":2,"functional-code":0,"test-code":0},"estellelim":{"docs":0,"functional-code":0,"test-code":0},"mingyang143":{"docs":1,"functional-code":0,"test-code":0},"kohkakohla":{"docs":50,"functional-code":0,"test-code":0}},"authorContributionVariance":{"Jollybomber":0.0,"Plishh":0.74380165,"estellelim":0.0,"mingyang143":2.9752069,"kohkakohla":826.4462},"authorDisplayNameMap":{"Jollybomber":"CS2103T-F08-1 SIAH..EVAN","Plishh":"CS2103T-F08-1 YAO ..COLN","estellelim":"CS2103T-F08-1 LIM ..ELLE","mingyang143":"CS2103T-F08-1 LI M..YANG","kohkakohla":"CS2103T-F08-1 IVAN..U EN"}}
