{"authorDailyContributionsMap":{"Jollybomber":[{"date":"2024-09-26","commitResults":[{"hash":"e9eec233d4208ffef49318ec3c24a35d8f0c5016","isMergeCommit":false,"messageTitle":"Update AboutUs","messageBody":"","fileTypesAndContributionMap":{"docs":{"insertions":7,"deletions":46}}},{"hash":"0f2b75255b3daf319dced12a6fbc2b0b95ae134f","isMergeCommit":false,"messageTitle":"Update AboutUs","messageBody":"","fileTypesAndContributionMap":{"docs":{"insertions":1,"deletions":1}}},{"hash":"fb7a28190c312d40138d83b9df90c822a6704d7b","isMergeCommit":false,"messageTitle":"Update README","messageBody":"","fileTypesAndContributionMap":{"docs":{"insertions":1,"deletions":0}}}]},{"date":"2024-09-30","commitResults":[{"hash":"c67e80a4a4187592fbab8364a21aaef8b3b15b6a","isMergeCommit":true,"messageTitle":"Merge pull request #22 from Plishh/Update-ReadMe","messageBody":"Update ReadMe","fileTypesAndContributionMap":{}}]},{"date":"2024-10-04","commitResults":[{"hash":"9e2533b94b91cd85f2b43033fe3a8f62ac013423","isMergeCommit":true,"messageTitle":"Update README","messageBody":"","fileTypesAndContributionMap":{}},{"hash":"c4cdb330921e3ffc9a8497972c9f7598e2a36ab2","isMergeCommit":true,"messageTitle":"Merge pull request #14 from Jollybomber/aboutUs","messageBody":"Update AboutUs","fileTypesAndContributionMap":{}},{"hash":"9241e7a1e702470c794d887b985e76da649a8eed","isMergeCommit":true,"messageTitle":"Merge branch \u0027master\u0027 into userGuide","messageBody":"","fileTypesAndContributionMap":{}},{"hash":"2b6049ac60a873bf20bfaee92efa4e31fcaaa1df","isMergeCommit":false,"messageTitle":"Update README","messageBody":"","fileTypesAndContributionMap":{"docs":{"insertions":5,"deletions":9}}}]},{"date":"2024-10-10","commitResults":[{"hash":"3c4ef97c35952838a3fd748eb1f703d99738020d","isMergeCommit":false,"messageTitle":"Update edit command to match new Person fields","messageBody":"","fileTypesAndContributionMap":{"functional-code":{"insertions":30,"deletions":9}}},{"hash":"ec8cfcf7eb38edca401a567967e2013884f45184","isMergeCommit":false,"messageTitle":"Fix linting errors","messageBody":"","fileTypesAndContributionMap":{"functional-code":{"insertions":2,"deletions":2},"docs":{"insertions":3,"deletions":3}}},{"hash":"f1a394ac261dcec41940bc6ab77fd25f79ec5715","isMergeCommit":false,"messageTitle":"Fix Gradle Checkstyle","messageBody":"","fileTypesAndContributionMap":{"test-code":{"insertions":15,"deletions":2}}},{"hash":"b132339d024a4538996f2b416d574ac1ad02cb9a","isMergeCommit":false,"messageTitle":"Fix Gradle Tests","messageBody":"","fileTypesAndContributionMap":{"test-code":{"insertions":94,"deletions":39}}},{"hash":"f066cfe1b95a877d87f63bd45c916e17cc2dd0c2","isMergeCommit":false,"messageTitle":"Fix Gradle checkstyle","messageBody":"","fileTypesAndContributionMap":{"test-code":{"insertions":0,"deletions":1}}},{"hash":"15882a8666c7d6c0eb5cf0a162e8be36c78158a7","isMergeCommit":true,"messageTitle":"Fix Gradle checkstyle","messageBody":"","fileTypesAndContributionMap":{}}]},{"date":"2024-10-16","commitResults":[{"hash":"5a7913812de6e316cfc3a9f36305b9db870160bb","isMergeCommit":false,"messageTitle":"Add import function","messageBody":"","fileTypesAndContributionMap":{"functional-code":{"insertions":329,"deletions":0},"other":{"insertions":1,"deletions":0}}},{"hash":"c0a71d02ed507bcefbbf0f8bbf5818227ac8ab0e","isMergeCommit":true,"messageTitle":"Merge branch \u0027master\u0027 into import-export-storage","messageBody":"","fileTypesAndContributionMap":{}},{"hash":"8756a2c46cdc73cd357fafab3723b4331a5775ad","isMergeCommit":true,"messageTitle":"Merge pull request #55 from estellelim/update-dg-ug","messageBody":"Update DG and UG","fileTypesAndContributionMap":{}}]},{"date":"2024-10-17","commitResults":[{"hash":"b3e9f0d03f06af03fb9426c6700b0937a684f332","isMergeCommit":false,"messageTitle":"Rework PersonBean and ImportCommand error handling","messageBody":"","fileTypesAndContributionMap":{"functional-code":{"insertions":178,"deletions":120},"other":{"insertions":7,"deletions":6}}},{"hash":"d448c711112fd499cce258d72014885993f58e49","isMergeCommit":true,"messageTitle":"Merge and add role to import function","messageBody":"","fileTypesAndContributionMap":{}}]}],"Plishh":[{"date":"2024-09-26","commitResults":[{"hash":"8c9f9a6c67bdad74d276419dfada63f9823fb9c6","isMergeCommit":false,"messageTitle":"Update AboutUs","messageBody":"","fileTypesAndContributionMap":{"docs":{"insertions":53,"deletions":0}}},{"hash":"6cd25afa2b5992288ca335c461f4577cb3511c42","isMergeCommit":false,"messageTitle":"Update AboutUs.md","messageBody":"","fileTypesAndContributionMap":{"docs":{"insertions":3,"deletions":49}}},{"hash":"e697ab11e24010b270574047a7b01260c54b0e82","isMergeCommit":false,"messageTitle":"Update AboutUs","messageBody":"","fileTypesAndContributionMap":{"docs":{"insertions":1,"deletions":1}}},{"hash":"a9cd289ee3d8a138ec37354e47df4238851b32b2","isMergeCommit":false,"messageTitle":"Update ReadMe","messageBody":"","fileTypesAndContributionMap":{"docs":{"insertions":2,"deletions":1}}},{"hash":"f3bdeda98bc3d8e17a01411b56c241150aad6226","isMergeCommit":true,"messageTitle":"Merge pull request #18 from kohkakohla/add_Ui_Mockup","messageBody":"Add UI mockup","fileTypesAndContributionMap":{}},{"hash":"ecb5f5fe4100516e1163a950ab8dbb3410c1e646","isMergeCommit":false,"messageTitle":"Update AboutUs.md","messageBody":"","fileTypesAndContributionMap":{"docs":{"insertions":1,"deletions":1}}}]},{"date":"2024-10-03","commitResults":[{"hash":"253203aff77eb24affb887bbd87dea999cc13e9d","isMergeCommit":true,"messageTitle":"Merge branch \u0027Update-AboutUs\u0027","messageBody":"* Update-AboutUs:\n  Update AboutUs.md\n  Update AboutUs\n  Update AboutUs.md\n  Update AboutUs\n","fileTypesAndContributionMap":{}},{"hash":"ae97ec54b15a25d5bb1eb99b62f8cda996fd896e","isMergeCommit":true,"messageTitle":"Merge branch \u0027master\u0027 of https://github.com/Plishh/tp","messageBody":"* \u0027master\u0027 of https://github.com/Plishh/tp:\n  Add Estelle photo\n  Add Ui.png to docs/images\n  Update AboutUs page\n  Update AboutUs page\n  Add lincoln photo\n\n# Conflicts:\n#\tdocs/AboutUs.md\n","fileTypesAndContributionMap":{}}]},{"date":"2024-10-04","commitResults":[{"hash":"326a2d67633bda6618a6f2fc0b926d4b45b43b96","isMergeCommit":false,"messageTitle":"Update AboutUs.md","messageBody":"","fileTypesAndContributionMap":{"docs":{"insertions":1,"deletions":0}}}]},{"date":"2024-10-05","commitResults":[{"hash":"d40e3f98347909bef77fcf3c10adc31f5174cbea","isMergeCommit":false,"messageTitle":"Update UI create css files","messageBody":"","fileTypesAndContributionMap":{"functional-code":{"insertions":190,"deletions":21}}}]},{"date":"2024-10-10","commitResults":[{"hash":"4e8d5ffbc254fa38a751bb298dd108f5841f09eb","isMergeCommit":true,"messageTitle":"Merge branch \u0027Update-AboutUs\u0027 of https://github.com/Plishh/tp into Update-AboutUs","messageBody":"* \u0027Update-AboutUs\u0027 of https://github.com/Plishh/tp:\n  Update AboutUs.md\n  Update index.md\n  Update index.md\n  Update AboutUs.md\n  Update AboutUs.md\n  Add Estelle photo\n  Update AboutUs.md\n  Add portfolio\n  Update ReadMe\n  Add Ui.png to docs/images\n  Update AboutUs\n  Update AboutUs.md and mingyang.md\n  Update AboutUs\n  Update AboutUs page\n  Update AboutUs page\n  Add lincoln photo\n\n# Conflicts:\n#\tdocs/AboutUs.md\n","fileTypesAndContributionMap":{}}]},{"date":"2024-10-15","commitResults":[{"hash":"999ccbe28f6e0ba1f1947e41069e2873b7cc6f20","isMergeCommit":true,"messageTitle":"Merge branch \u0027Update-AboutUs\u0027","messageBody":"* Update-AboutUs:\n  Update AboutUs.md\n  Update AboutUs.md\n  Update index.md\n  Update index.md\n  Update AboutUs.md\n  Update AboutUs.md\n  Update AboutUs.md\n  Add portfolio\n  Update AboutUs\n  Update AboutUs.md and mingyang.md\n  Update AboutUs\n\n# Conflicts:\n#\tdocs/AboutUs.md\n","fileTypesAndContributionMap":{}},{"hash":"f3f5a1c49c8d8b4c6ffc5d5f12638e2080535546","isMergeCommit":true,"messageTitle":"Merge branch \u0027master\u0027 of https://github.com/Plishh/tp","messageBody":"* \u0027master\u0027 of https://github.com/Plishh/tp:\n  Update README page\n  Update README page\n  Update estellelim.md\n  Update README\n  Edit numbering in Use Case\n  Update Developer Guide\n  Update Developer Guide\n  Update About Us\n  Update README\n\n# Conflicts:\n#\tdocs/AboutUs.md\n","fileTypesAndContributionMap":{}},{"hash":"83dfcec4db3fe9b866cda8001b89b3f32859f330","isMergeCommit":false,"messageTitle":"Update Ui Wrap text in reply box Change colour of prompt text","messageBody":"","fileTypesAndContributionMap":{"functional-code":{"insertions":23,"deletions":7}}}]},{"date":"2024-10-16","commitResults":[{"hash":"3b7ff4a76a2134070a1a285104c8737a07243399","isMergeCommit":true,"messageTitle":"Merge pull request #50 from estellelim/undo-redo-command","messageBody":"Fix not saving to storage bug","fileTypesAndContributionMap":{}},{"hash":"d51a2eb7f7a6265138841d4f81a8942ec8a5b055","isMergeCommit":false,"messageTitle":"Update Ui","messageBody":"change person card\nchange result display\n","fileTypesAndContributionMap":{"functional-code":{"insertions":37,"deletions":12}}},{"hash":"e40f3d852468b437c6fc02d75306c5123b41a0c0","isMergeCommit":true,"messageTitle":"Merge branch \u0027master\u0027 into ui-level-2","messageBody":"","fileTypesAndContributionMap":{}},{"hash":"623100817bd7a901db003ab769894059c9b378d0","isMergeCommit":false,"messageTitle":"Fix Java CI tests","messageBody":"","fileTypesAndContributionMap":{"functional-code":{"insertions":3,"deletions":5},"docs":{"insertions":0,"deletions":1}}},{"hash":"3dd1648d3db5938bbbe43d26107ce29773fd832c","isMergeCommit":true,"messageTitle":"Merge branch \u0027ui-level-2\u0027 of https://github.com/Plishh/tp into ui-level-2","messageBody":"* \u0027ui-level-2\u0027 of https://github.com/Plishh/tp:\n  Fix not saving to storage bug\n  Fix checkstyle\n  Fix checkstyle\n  Fix checkstyle\n  Add Undo, Redo, and History commands\n  Fix Gradle checkstyle\n  Fix Gradle Tests\n  Disable some test cases to pass CI\n  Fix Gradle Checkstyle\n  Fix linting errors\n  Add new command to view person details\n  Update edit command to match new Person fields\n  Fix checkstyle\n  EditCommand.java: Fix small error\n  Fix checkstyle\n  Refine Developer Guide\n  Added the add command\n","fileTypesAndContributionMap":{}},{"hash":"a4e66f2a1607be22b3d61de5d599053de0f5b2d2","isMergeCommit":false,"messageTitle":"Fix Ui PersonCard list background wrong colour","messageBody":"","fileTypesAndContributionMap":{"functional-code":{"insertions":13,"deletions":1}}}]},{"date":"2024-10-17","commitResults":[{"hash":"70cdad9c811a7c69c48553d3be9e724ad3318dcd","isMergeCommit":true,"messageTitle":"Merge pull request #63 from mingyang143/branch-add-chart","messageBody":"Add \"vtc\" command to display bar charts of total hours tutored per tutee","fileTypesAndContributionMap":{}},{"hash":"f8c7c8936a7fe92459da6aec2e9eebef80cae04e","isMergeCommit":true,"messageTitle":"Merge pull request #59 from Jollybomber/import-export-storage","messageBody":"Add import function","fileTypesAndContributionMap":{}}]}],"estellelim":[{"date":"2024-09-29","commitResults":[{"hash":"73d010545c09ca7901c4ea8926a279ab8e11d4d2","isMergeCommit":false,"messageTitle":"Update About Us","messageBody":"","fileTypesAndContributionMap":{"docs":{"insertions":12,"deletions":89}}}]},{"date":"2024-10-01","commitResults":[{"hash":"1f5c8599e0ef9c8db77fd76e5d68a4eb08dc3e5e","isMergeCommit":false,"messageTitle":"Update Developer Guide","messageBody":"","fileTypesAndContributionMap":{"docs":{"insertions":87,"deletions":13}}},{"hash":"e1e293539c1b43edd094001b24423084fe0aefdf","isMergeCommit":false,"messageTitle":"Update Developer Guide","messageBody":"","fileTypesAndContributionMap":{"docs":{"insertions":3,"deletions":2}}}]},{"date":"2024-10-02","commitResults":[{"hash":"310e5c5fc1ed5ab924e6b06cf804a38a56ac0362","isMergeCommit":false,"messageTitle":"Edit numbering in Use Case","messageBody":"","fileTypesAndContributionMap":{"docs":{"insertions":2,"deletions":2}}}]},{"date":"2024-10-04","commitResults":[{"hash":"8cc437990b9683ba1eb8283b3bbcbfa594028def","isMergeCommit":true,"messageTitle":"Merge pull request #34 from mingyang143/Update-AboutUs.md-","messageBody":"Update README page","fileTypesAndContributionMap":{}}]},{"date":"2024-10-05","commitResults":[{"hash":"b6ceef538780cca635bf3a0489f87371ef5abab9","isMergeCommit":false,"messageTitle":"Refine Developer Guide","messageBody":"","fileTypesAndContributionMap":{"docs":{"insertions":70,"deletions":58}}}]},{"date":"2024-10-16","commitResults":[{"hash":"04ca935b017d110c4af96b1c3851d263d7685ae1","isMergeCommit":false,"messageTitle":"Add Undo, Redo, and History commands","messageBody":"There is no undo, redo and history commands available.\n\nThe application should have these functionalities for a better user\nexperience.\n\nLet\u0027s\n- Add a new VersionedAddressBook class\n- Add Undo, Redo and History commands\n- Update the parser to recognize these commands\n- Add and update test cases to ensure the new features work correctly\n\nA new class VersionedAddressBook extends AddressBook to support the\nnew functionalities by saving each version of the AddressBook whenever\nit is modified.\n","fileTypesAndContributionMap":{"functional-code":{"insertions":451,"deletions":30},"test-code":{"insertions":808,"deletions":32}}},{"hash":"3f1078e2f9ce1c4542cd121e4fbf787462d10c99","isMergeCommit":false,"messageTitle":"Fix checkstyle","messageBody":"","fileTypesAndContributionMap":{"functional-code":{"insertions":6,"deletions":5},"docs":{"insertions":3,"deletions":3},"test-code":{"insertions":5,"deletions":5}}},{"hash":"00264f014af26cc75462acfe864e7f1232cb909f","isMergeCommit":false,"messageTitle":"Fix checkstyle","messageBody":"","fileTypesAndContributionMap":{"functional-code":{"insertions":5,"deletions":3}}},{"hash":"29407ba64bd6c654577daa9dba292a6d4082bd45","isMergeCommit":false,"messageTitle":"Fix checkstyle","messageBody":"","fileTypesAndContributionMap":{"test-code":{"insertions":6,"deletions":5}}},{"hash":"cfb95f743c974b352ed5e4c03df095234313e97d","isMergeCommit":false,"messageTitle":"Fix not saving to storage bug","messageBody":"","fileTypesAndContributionMap":{"functional-code":{"insertions":3,"deletions":0}}},{"hash":"453cb50047aa17ad86e4a3ff9d91ff30c87d230b","isMergeCommit":true,"messageTitle":"Merge pull request #53 from Plishh/ui-level-2","messageBody":"UI level 2","fileTypesAndContributionMap":{}},{"hash":"47ef0038e42a0e3e0a5308eb06f17c152d9e7ab5","isMergeCommit":false,"messageTitle":"Update DG and UG","messageBody":"","fileTypesAndContributionMap":{"docs":{"insertions":87,"deletions":34}}},{"hash":"66414f34d7ceaf8608b1683636f55f049560f63e","isMergeCommit":true,"messageTitle":"Merge pull request #57 from Plishh/ui-level-2","messageBody":"Fix Ui PersonCard","fileTypesAndContributionMap":{}}]},{"date":"2024-10-17","commitResults":[{"hash":"c34617c5a90c17745ab9b6d2478c389fcd031e6d","isMergeCommit":true,"messageTitle":"Merge pull request #64 from kohkakohla/addAddCommands","messageBody":"Fix bug where tutors are saved wrongly to disk","fileTypesAndContributionMap":{}}]}],"mingyang143":[{"date":"2024-09-20","commitResults":[{"hash":"e9a279d13e200a8e5012cae01b94446dd964dfab","isMergeCommit":true,"messageTitle":"Merge branch \u0027switch-docs-to-markbind\u0027 of https://github.com/AY2425S1-CS2103T-F08x/tp","messageBody":"","fileTypesAndContributionMap":{}},{"hash":"632c2a71b97aeef112a84857421b18a03f002db9","isMergeCommit":false,"messageTitle":"update docs to set up markbind","messageBody":"","fileTypesAndContributionMap":{"docs":{"insertions":1,"deletions":1}}},{"hash":"85dfea366a77b1e06f01f0a4fcb548588797e1df","isMergeCommit":false,"messageTitle":"Revert \"update docs to set up markbind\"","messageBody":"This reverts commit 632c2a71b97aeef112a84857421b18a03f002db9.\n","fileTypesAndContributionMap":{"docs":{"insertions":1,"deletions":1}}},{"hash":"76a802b59e142c2872c7165c75941e07d2d8dc93","isMergeCommit":false,"messageTitle":"Update docs to set up Markbind","messageBody":"","fileTypesAndContributionMap":{"docs":{"insertions":1,"deletions":1}}}]},{"date":"2024-09-26","commitResults":[{"hash":"a0eaeace089f0cf829cfe11a2685ca75abddd326","isMergeCommit":false,"messageTitle":"Update AboutUs.md and mingyang.md","messageBody":"","fileTypesAndContributionMap":{"docs":{"insertions":3,"deletions":41}}},{"hash":"4df05b19c8467fdd2a340eda0159e2841f650891","isMergeCommit":true,"messageTitle":"Merge branch \u0027AY2425S1-CS2103T-F08-1a:master\u0027 into Update-AboutUs.md-","messageBody":"","fileTypesAndContributionMap":{}}]},{"date":"2024-09-27","commitResults":[{"hash":"8294e652448b120c04dbf082f645aef93e0cde1a","isMergeCommit":false,"messageTitle":"Update AboutUs.md","messageBody":"","fileTypesAndContributionMap":{"docs":{"insertions":2,"deletions":2}}}]},{"date":"2024-09-29","commitResults":[{"hash":"9e3486f4eeac14ab6e3e124e1b5d15037e7f01a5","isMergeCommit":true,"messageTitle":"Merge pull request #24 from estellelim/add-estelle-photo","messageBody":"Add Estelle photo","fileTypesAndContributionMap":{}}]},{"date":"2024-09-30","commitResults":[{"hash":"83989be7ebbac8763b4ba434e3ddaf36c5c1bbae","isMergeCommit":false,"messageTitle":"Update AboutUs.md","messageBody":"","fileTypesAndContributionMap":{"docs":{"insertions":1,"deletions":2}}},{"hash":"56670ee918eb3fd16ce4378ee57b946b01748057","isMergeCommit":false,"messageTitle":"Update AboutUs.md","messageBody":"","fileTypesAndContributionMap":{"docs":{"insertions":1,"deletions":1}}}]},{"date":"2024-10-03","commitResults":[{"hash":"1d0f7cce773b323a69f871ceb251e6ec33b73d01","isMergeCommit":true,"messageTitle":"Merge branch \u0027master\u0027 into Update-AboutUs.md-","messageBody":"# Conflicts:\n#\tdocs/AboutUs.md\n#\tdocs/team/mingyang.md\n","fileTypesAndContributionMap":{}},{"hash":"3d98f36c6b78391012e74ab9d65795e1db141068","isMergeCommit":false,"messageTitle":"Update index.md","messageBody":"","fileTypesAndContributionMap":{"docs":{"insertions":5,"deletions":3}}},{"hash":"38fad16238f36b67abacc5b8df4f24322ad24e52","isMergeCommit":false,"messageTitle":"Update index.md","messageBody":"","fileTypesAndContributionMap":{"docs":{"insertions":1,"deletions":1}}}]},{"date":"2024-10-04","commitResults":[{"hash":"c295b1a96ccae616d8dae37765cab5f4dff70a0a","isMergeCommit":true,"messageTitle":"Merge pull request #15 from mingyang143/Update-AboutUs.md-","messageBody":"Update AboutUs.md and mingyang.md","fileTypesAndContributionMap":{}},{"hash":"8755373b850528eb1bfc0432381b60fdcf976d45","isMergeCommit":true,"messageTitle":"Merge pull request #12 from kohkakohla/update_AboutUs","messageBody":"Update about us","fileTypesAndContributionMap":{}},{"hash":"805fcb7c58406719b3bea6c27831bc558bb1fe7b","isMergeCommit":false,"messageTitle":"Update README page","messageBody":"","fileTypesAndContributionMap":{"docs":{"insertions":18,"deletions":15}}},{"hash":"64fd5f1ca9ba82a045266642b101ec503d066ab0","isMergeCommit":false,"messageTitle":"Update README page","messageBody":"","fileTypesAndContributionMap":{"docs":{"insertions":1,"deletions":1}}}]},{"date":"2024-10-10","commitResults":[{"hash":"4ed6481e9f55582193c8d7def30ba6b2a104fe13","isMergeCommit":true,"messageTitle":"Merge branch \u0027master\u0027 into master","messageBody":"","fileTypesAndContributionMap":{}},{"hash":"536896f2efbcb6281a2ba8da969fe0e83d6472fc","isMergeCommit":true,"messageTitle":"Merge pull request #43 from Plishh/master","messageBody":"Improve UI","fileTypesAndContributionMap":{}},{"hash":"5f0125c456f6c5b092ca257ffb270c2c1753622c","isMergeCommit":true,"messageTitle":"Merge pull request #37 from kohkakohla/add-command","messageBody":"Added the add command","fileTypesAndContributionMap":{}},{"hash":"9f2fb4cf9e3670978dca036b21c238739f18cdbb","isMergeCommit":true,"messageTitle":"Merge pull request #40 from estellelim/refine-dg","messageBody":"Refine Developer Guide","fileTypesAndContributionMap":{}},{"hash":"1dd3974810a95c9abb5d8ed2045243d3f285760d","isMergeCommit":false,"messageTitle":"Add new command to view person details","messageBody":"","fileTypesAndContributionMap":{"functional-code":{"insertions":76,"deletions":2},"docs":{"insertions":3,"deletions":3}}},{"hash":"187e9c2576ea6581205587768a6ad34e014efa26","isMergeCommit":false,"messageTitle":"Disable some test cases to pass CI","messageBody":"","fileTypesAndContributionMap":{"test-code":{"insertions":32,"deletions":2}}},{"hash":"c5a7e1ef2d0bccdce0ececeda1c91ef86bb1879d","isMergeCommit":true,"messageTitle":"Merge pull request #46 from Jollybomber/edit-command-v2","messageBody":"Update edit command to match new Person fields","fileTypesAndContributionMap":{}}]},{"date":"2024-10-16","commitResults":[{"hash":"f98b275757213419322a0f28d77093f90675f261","isMergeCommit":true,"messageTitle":"Merge pull request #48 from estellelim/undo-redo-command","messageBody":"Add Undo, Redo, and History commands","fileTypesAndContributionMap":{}}]},{"date":"2024-10-17","commitResults":[{"hash":"5e9eb3c31534daa7ed73dfa4db6f5325163381c3","isMergeCommit":false,"messageTitle":"Add \"vtc\" command to display bar charts of total hours tutored per tutee","messageBody":"","fileTypesAndContributionMap":{"functional-code":{"insertions":128,"deletions":7},"docs":{"insertions":1,"deletions":1}}},{"hash":"bd90443af16b471670522bb50d25f9465cb88600","isMergeCommit":false,"messageTitle":"Add \"vtc\" command to display bar charts of total hours tutored per tutee","messageBody":"","fileTypesAndContributionMap":{"functional-code":{"insertions":82,"deletions":6}}},{"hash":"52f2a419d0be2e52ec7d33b89c772368bb86960b","isMergeCommit":true,"messageTitle":"Merge branch \u0027master\u0027 into branch-add-chart","messageBody":"# Conflicts:\n#\tdocs/DeveloperGuide.md\n#\tsrc/main/resources/view/MainWindow.fxml\n#\tsrc/main/resources/view/ResultDisplay.css\n#\tsrc/main/resources/view/ResultDisplay.fxml\n","fileTypesAndContributionMap":{}},{"hash":"1f89726732dd13de7270c5d7594041f06a74a3af","isMergeCommit":false,"messageTitle":"Add \"vtc\" command to display bar charts of total hours tutored per tutee","messageBody":"","fileTypesAndContributionMap":{"functional-code":{"insertions":1,"deletions":1},"docs":{"insertions":1,"deletions":1}}},{"hash":"f3590d4ae4826821ab9c1b973005f600e2c94961","isMergeCommit":true,"messageTitle":"Merge pull request #61 from kohkakohla/addAddCommands","messageBody":"Add add commands","fileTypesAndContributionMap":{}},{"hash":"bbfc9bd9153329579c85ec8f7dd446766885f11e","isMergeCommit":true,"messageTitle":"Merge remote-tracking branch \u0027origin/master\u0027","messageBody":"# Conflicts:\n#\tdocs/DeveloperGuide.md\n#\tsrc/main/java/seedu/address/ui/PersonCard.java\n","fileTypesAndContributionMap":{}},{"hash":"d08ce267fb3006e76a667596f2cb77424c33d873","isMergeCommit":false,"messageTitle":"Add \"vtc\" command to display bar charts of total hours tutored per tutee","messageBody":"","fileTypesAndContributionMap":{"functional-code":{"insertions":12,"deletions":6}}},{"hash":"1f285d599f0a66219cd64937f363b706a092a238","isMergeCommit":false,"messageTitle":"Add \"vtc\" command to display bar charts of total hours tutored per tutee","messageBody":"","fileTypesAndContributionMap":{"functional-code":{"insertions":0,"deletions":1}}}]}],"kohkakohla":[{"date":"2024-09-26","commitResults":[{"hash":"2ff250d6ab07ebd5c87de467f9d6add4db431171","isMergeCommit":false,"messageTitle":"Update AboutUs page","messageBody":"","fileTypesAndContributionMap":{"docs":{"insertions":4,"deletions":4}}},{"hash":"ca5449a6143d927d0660b1b35350457aa1328162","isMergeCommit":false,"messageTitle":"Update AboutUs page","messageBody":"","fileTypesAndContributionMap":{"docs":{"insertions":46,"deletions":46}}},{"hash":"99a4431d4f8b421070752b1d5f32591d22b961ea","isMergeCommit":false,"messageTitle":"Add portfolio","messageBody":"","fileTypesAndContributionMap":{"docs":{"insertions":1,"deletions":1}}}]},{"date":"2024-10-04","commitResults":[{"hash":"11319ae418e0282019585f3ac6ccb870ffba67f0","isMergeCommit":true,"messageTitle":"Merge branch \u0027master\u0027 into Update-AboutUs","messageBody":"","fileTypesAndContributionMap":{}},{"hash":"b6c92deeb9e9887479949b4757a4b3f8de226501","isMergeCommit":false,"messageTitle":"Update AboutUs.md","messageBody":"Fix checkstyle","fileTypesAndContributionMap":{"docs":{"insertions":2,"deletions":1}}},{"hash":"88ab6ed413b9a00454c06bf9937ac46ef17cf229","isMergeCommit":true,"messageTitle":"Merge pull request #16 from Plishh/Update-AboutUs","messageBody":"Update about us","fileTypesAndContributionMap":{}},{"hash":"ee763b9c56bf666d9e2c2e3514b2db4317394934","isMergeCommit":true,"messageTitle":"Merge branch \u0027master\u0027 into update-about-us","messageBody":"","fileTypesAndContributionMap":{}},{"hash":"2fb76bef5f8239feb53b3f4f491b16c2c782bac8","isMergeCommit":false,"messageTitle":"Update estellelim.md","messageBody":"Fix checkstyle","fileTypesAndContributionMap":{"docs":{"insertions":1,"deletions":1}}},{"hash":"659710e140351fa95e0a09e85dc97b8a3639cb26","isMergeCommit":true,"messageTitle":"Merge pull request #26 from estellelim/update-about-us","messageBody":"Update about us","fileTypesAndContributionMap":{}},{"hash":"731c2db409d82f2c5b332e5f7d99da85b365d737","isMergeCommit":true,"messageTitle":"Merge pull request #20 from Jollybomber/userGuide","messageBody":"User guide","fileTypesAndContributionMap":{}},{"hash":"a1e5fa9804287218994a9b3dd949ee3fc29792ce","isMergeCommit":true,"messageTitle":"Merge pull request #30 from estellelim/update-dg","messageBody":"Update Developer Guide","fileTypesAndContributionMap":{}},{"hash":"1aabde751e140da8b5738247ec2a933129d9b9ef","isMergeCommit":false,"messageTitle":"Added the add command","messageBody":"","fileTypesAndContributionMap":{"functional-code":{"insertions":132,"deletions":66},"test-code":{"insertions":35,"deletions":25}}}]},{"date":"2024-10-10","commitResults":[{"hash":"730f1492fbe6201e6e6c3a931de8ffab9a8afeef","isMergeCommit":false,"messageTitle":"Fix checkstyle","messageBody":"","fileTypesAndContributionMap":{"functional-code":{"insertions":48,"deletions":8}}},{"hash":"4c6337083d3e0fc93637cbecfbe10d3735ce2ff9","isMergeCommit":false,"messageTitle":"EditCommand.java: Fix small error","messageBody":"","fileTypesAndContributionMap":{"functional-code":{"insertions":1,"deletions":0}}},{"hash":"8db953da6956a847d1049e5a8f5f8633b6acaa84","isMergeCommit":false,"messageTitle":"Fix checkstyle","messageBody":"","fileTypesAndContributionMap":{"functional-code":{"insertions":4,"deletions":5}}},{"hash":"9088738e4377d465f73d4a45d57dbe32a3f62691","isMergeCommit":true,"messageTitle":"Merge pull request #45 from mingyang143/branch-view-person","messageBody":"Add new command to view person details","fileTypesAndContributionMap":{}}]},{"date":"2024-10-16","commitResults":[{"hash":"41617adc22619186ba77f36117fda1ec551140f0","isMergeCommit":false,"messageTitle":"Add Tutor class","messageBody":"","fileTypesAndContributionMap":{"functional-code":{"insertions":15,"deletions":9}}},{"hash":"199234c0b86b77580a4eb50733b1f4b445e298dc","isMergeCommit":false,"messageTitle":"Add Tutee class","messageBody":"","fileTypesAndContributionMap":{"functional-code":{"insertions":34,"deletions":5}}}]},{"date":"2024-10-17","commitResults":[{"hash":"32e3e6787abaa460a4de1269d37d5a2337ae8c20","isMergeCommit":false,"messageTitle":"Add Tutee, Tutor class, add addTutee, addTutor command, remove add command","messageBody":"","fileTypesAndContributionMap":{"functional-code":{"insertions":502,"deletions":60},"other":{"insertions":25,"deletions":24}}},{"hash":"03b76812f66f6e82d4a4d34d424636db3f938fcb","isMergeCommit":true,"messageTitle":"Merge branch \u0027master\u0027 into addAddCommands","messageBody":"","fileTypesAndContributionMap":{}},{"hash":"21dc802da1b4d689fe885906cca5a1b8a78826b2","isMergeCommit":false,"messageTitle":"Fix PersonCard UI element not displaying","messageBody":"","fileTypesAndContributionMap":{"functional-code":{"insertions":116,"deletions":19}}},{"hash":"c1c9feec7d9059b52fd061477c0f1c76d65c46be","isMergeCommit":false,"messageTitle":"Fix add command, tutor tests","messageBody":"","fileTypesAndContributionMap":{"functional-code":{"insertions":9,"deletions":6},"other":{"insertions":59,"deletions":60},"test-code":{"insertions":282,"deletions":54}}},{"hash":"db658339b584bcb7a7e32a556aa6f491b2164326","isMergeCommit":false,"messageTitle":"Fix checkstyle","messageBody":"","fileTypesAndContributionMap":{"functional-code":{"insertions":1,"deletions":1},"docs":{"insertions":2,"deletions":3},"test-code":{"insertions":0,"deletions":1}}},{"hash":"8b5e1374974d0d1b18b99bdafb1ad52781000ce1","isMergeCommit":false,"messageTitle":"Fix checkstyle","messageBody":"","fileTypesAndContributionMap":{"functional-code":{"insertions":104,"deletions":21}}},{"hash":"78723afc0e950343d0df3053eb85f33f177a5db1","isMergeCommit":false,"messageTitle":"Fix checkstyle","messageBody":"","fileTypesAndContributionMap":{"functional-code":{"insertions":10,"deletions":6}}},{"hash":"df0ca18d33f51812751b42c928603b0ed2d9e399","isMergeCommit":false,"messageTitle":"Fix bug in JsonAdaptedPerson.java","messageBody":"","fileTypesAndContributionMap":{"functional-code":{"insertions":1,"deletions":1}}},{"hash":"4ff0d98b7b4c3c07cb4e9e00fdcfc323a1de00d4","isMergeCommit":false,"messageTitle":"Fix checkstyle","messageBody":"","fileTypesAndContributionMap":{"functional-code":{"insertions":1,"deletions":1}}},{"hash":"25d8b98d1abf1a82823c0fb1509d82fecd2eec9c","isMergeCommit":false,"messageTitle":"Fix tests","messageBody":"","fileTypesAndContributionMap":{"test-code":{"insertions":5,"deletions":2}}},{"hash":"668c177859543ef91dba87cfd6375644f8e8d844","isMergeCommit":false,"messageTitle":"Fix bug where tutors are saved wrongly to disk","messageBody":"","fileTypesAndContributionMap":{"functional-code":{"insertions":3,"deletions":1},"test-code":{"insertions":0,"deletions":2}}},{"hash":"36b267d48eed8a3b1a7733da878e72f2987640e4","isMergeCommit":false,"messageTitle":"Fix checkstyle","messageBody":"","fileTypesAndContributionMap":{"functional-code":{"insertions":1,"deletions":2},"test-code":{"insertions":0,"deletions":2}}}]}]},"authorFileTypeContributionMap":{"Jollybomber":{"docs":14,"functional-code":425,"test-code":90,"other":1},"Plishh":{"docs":53,"functional-code":231,"test-code":0},"estellelim":{"docs":168,"functional-code":454,"test-code":803},"mingyang143":{"docs":27,"functional-code":279,"test-code":9},"kohkakohla":{"docs":49,"functional-code":701,"test-code":355}},"authorContributionVariance":{"Jollybomber":7832.606,"Plishh":2023.8821,"estellelim":76472.65,"mingyang143":2531.311,"kohkakohla":67332.29},"authorDisplayNameMap":{"Jollybomber":"CS2103T-F08-1 SIAH..EVAN","Plishh":"CS2103T-F08-1 YAO ..COLN","estellelim":"CS2103T-F08-1 LIM ..ELLE","mingyang143":"CS2103T-F08-1 LI M..YANG","kohkakohla":"CS2103T-F08-1 IVAN..U EN"}}
