{"authorDailyContributionsMap":{"jarrellc1":[{"date":"2024-09-21","commitResults":[{"hash":"e0295c1f178b970ce8d192a66d10ee096ef46bab","isMergeCommit":false,"messageTitle":"Add Remark, RemandCommandParser classes to AB3","messageBody":"Update files to adhere to checkstyle conventions\n\nLet\u0027s add Remark functionality to AB3 to allow users to add remarks.\n","fileTypesAndContributionMap":{"functional-code":{"insertions":199,"deletions":12},"test-code":{"insertions":241,"deletions":62}}}]},{"date":"2024-10-02","commitResults":[{"hash":"79a29279a13abd8f202ffe7cf3d38506df01d4fc","isMergeCommit":false,"messageTitle":"Revert master branch manually","messageBody":"","fileTypesAndContributionMap":{"functional-code":{"insertions":12,"deletions":194},"test-code":{"insertions":62,"deletions":235}}},{"hash":"0a2e2c7efffbf00839e0eca48618374b3de5fe83","isMergeCommit":false,"messageTitle":"Update AboutUs for jarrellc1","messageBody":"","fileTypesAndContributionMap":{"docs":{"insertions":2,"deletions":2}}},{"hash":"58769a01cb3a8d7d7ab0468d1c5fbdc694a81e07","isMergeCommit":true,"messageTitle":"Add benji photo from upstream","messageBody":"","fileTypesAndContributionMap":{}},{"hash":"469eb432aebf6dcddd9c9f1a3c88c40fec6d7d98","isMergeCommit":true,"messageTitle":"Merge branch \u0027master\u0027 of https://github.com/AY2425S1-CS2103T-F15-1/tp","messageBody":"","fileTypesAndContributionMap":{}},{"hash":"e85c04319ee467a07fbe89baee099dcc5d8436af","isMergeCommit":true,"messageTitle":"Merge branch \u0027master\u0027 into update-aboutUs-jarrellc1","messageBody":"","fileTypesAndContributionMap":{}},{"hash":"61995ec8a59cda9fb333c895a6e2f19c34a7c879","isMergeCommit":true,"messageTitle":"Update aboutUs from upstream","messageBody":"","fileTypesAndContributionMap":{}},{"hash":"abf2194cf018be68b52221433843e617860d691d","isMergeCommit":true,"messageTitle":"Merge pull request #34 from gavinsoh/update-aboutus","messageBody":"Update AboutUs page for gavinsoh","fileTypesAndContributionMap":{}},{"hash":"3fa5dc868b02abf8dc94f6f59251ca2ae3e45208","isMergeCommit":false,"messageTitle":"Update developer guide to add Use Cases and NFR","messageBody":"","fileTypesAndContributionMap":{"docs":{"insertions":53,"deletions":19}}},{"hash":"c2b82358e542724c1fe3284729d59e52d8034409","isMergeCommit":true,"messageTitle":"Merge pull request #47 from jarrellc1/update-DG","messageBody":"Update developer guide to add Use Cases and NFR","fileTypesAndContributionMap":{}},{"hash":"ba3681365cabdd292e2345dd28de78e3caf69129","isMergeCommit":false,"messageTitle":"Update developer guide for grammer error","messageBody":"","fileTypesAndContributionMap":{"docs":{"insertions":3,"deletions":3}}},{"hash":"36f70c232b40e5c0f979ec2fdd053ab9250a5dfb","isMergeCommit":true,"messageTitle":"Merge pull request #48 from jarrellc1/update-DG","messageBody":"Update developer guide for grammer error","fileTypesAndContributionMap":{}},{"hash":"a923099742a1ffca96c03278fd794c09028cc270","isMergeCommit":false,"messageTitle":"Update developer guide","messageBody":"","fileTypesAndContributionMap":{"docs":{"insertions":2,"deletions":2}}}]},{"date":"2024-10-03","commitResults":[{"hash":"c79576a14f5bc5c254567ea386edd0fe12a9c4be","isMergeCommit":true,"messageTitle":"Update readme from upstream","messageBody":"","fileTypesAndContributionMap":{}},{"hash":"d9aa351e89fbb32a413e4367be5cc7a05cc5e255","isMergeCommit":true,"messageTitle":"Merge branch \u0027master\u0027 into update-DG","messageBody":"","fileTypesAndContributionMap":{}},{"hash":"99c56f5f2fd0e74b7b3e61f2cf33d1923f161e0b","isMergeCommit":true,"messageTitle":"Merge branch \u0027master\u0027 into tasklist-ui","messageBody":"","fileTypesAndContributionMap":{}}]},{"date":"2024-10-04","commitResults":[{"hash":"15421974657c8d9ff120ff5a95aca7fe35199b04","isMergeCommit":false,"messageTitle":"Add TaskUi and Task logic to AB3","messageBody":"Let\u0027s add these classes to AB3 to simulate task command.\n","fileTypesAndContributionMap":{"functional-code":{"insertions":409,"deletions":4},"test-code":{"insertions":501,"deletions":0}}},{"hash":"c8b002d16aab71e62caf947f9d1042113cfae43c","isMergeCommit":true,"messageTitle":"Merge branch \u0027master\u0027 into tasklist-ui","messageBody":"# Conflicts:\n#\tsrc/test/java/seedu/address/logic/parser/AddressBookParserTest.java\n","fileTypesAndContributionMap":{}},{"hash":"0b62470dc62094d8c47748ab3b61aa15df0295ed","isMergeCommit":false,"messageTitle":"Add JsonSerializableAddressBook test","messageBody":"","fileTypesAndContributionMap":{"functional-code":{"insertions":3,"deletions":1},"test-code":{"insertions":93,"deletions":0}}},{"hash":"ea9af8d78788445815415762b9deea5c42a683a2","isMergeCommit":false,"messageTitle":"Update TestCases for logic manager","messageBody":"","fileTypesAndContributionMap":{"test-code":{"insertions":19,"deletions":0}}},{"hash":"2eda4d9c1d3ff059847fdaa69488e24b25ab0ef3","isMergeCommit":false,"messageTitle":"Update AddTaskCommandTest to include more test cases","messageBody":"","fileTypesAndContributionMap":{"test-code":{"insertions":14,"deletions":0}}},{"hash":"4d7c5bcd73ac884d32363e28e63d8804705af37d","isMergeCommit":false,"messageTitle":"Update JsonSerializableAddressBook code logic","messageBody":"","fileTypesAndContributionMap":{"functional-code":{"insertions":3,"deletions":3}}},{"hash":"4f046d17ec02b08849524815a4efbe70faf4b1b7","isMergeCommit":false,"messageTitle":"Update AddTaskCommandTest to add new equals test cases","messageBody":"","fileTypesAndContributionMap":{"test-code":{"insertions":31,"deletions":24}}}]},{"date":"2024-10-09","commitResults":[{"hash":"72af2592a42c023294a2555928cbe7ccb684abbb","isMergeCommit":true,"messageTitle":"Merge pull request #64 from benjiBase/delete-task","messageBody":"Add Delete Task Class and test cases","fileTypesAndContributionMap":{}},{"hash":"a6f79dfb7ee7fd1bcbf1ed8e000f5bd33725fae3","isMergeCommit":true,"messageTitle":"Merge pull request #66 from benjiBase/add-task-index","messageBody":"Change Add Task to add by index","fileTypesAndContributionMap":{}}]},{"date":"2024-10-14","commitResults":[{"hash":"9a24da5c5eed32512faea2ae6f60d8c5278c6b9d","isMergeCommit":false,"messageTitle":"Update userGuide to align with current specification","messageBody":"","fileTypesAndContributionMap":{"functional-code":{"insertions":0,"deletions":2},"docs":{"insertions":45,"deletions":3}}},{"hash":"5d2c5e9667088fefca3f1498717b11151b5510e8","isMergeCommit":true,"messageTitle":"Merge pull request #72 from yixianggg/add-emergency-contact","messageBody":"Update emergency contact command function to disallow overriding persons that already have existing emergency contacts","fileTypesAndContributionMap":{}},{"hash":"fae305e6f78e8832ededbbe517564f4a39838761","isMergeCommit":false,"messageTitle":"Update UserGuide to include new commands","messageBody":"","fileTypesAndContributionMap":{"docs":{"insertions":13,"deletions":9}}}]},{"date":"2024-10-16","commitResults":[{"hash":"96db29c317232eb2d114c6ef9dcff5978d4ab2d1","isMergeCommit":false,"messageTitle":"Update UserGuide","messageBody":"","fileTypesAndContributionMap":{"docs":{"insertions":15,"deletions":0}}},{"hash":"6fe84dd411046854d68749c0a75ebdf7f64e4a47","isMergeCommit":true,"messageTitle":"Merge branch \u0027master\u0027 into task-1.3","messageBody":"","fileTypesAndContributionMap":{}}]},{"date":"2024-10-17","commitResults":[{"hash":"4a2ce7bf72cd3488fcf45c376fe17b496bdbcadb","isMergeCommit":false,"messageTitle":"Update UserGuide to include new commands","messageBody":"","fileTypesAndContributionMap":{"docs":{"insertions":30,"deletions":2}}}]},{"date":"2024-10-22","commitResults":[{"hash":"eeab1b6ff5c4276e575bc0e235eeaace9d2762fd","isMergeCommit":false,"messageTitle":"Add find task logic and test","messageBody":"Let\u0027s add findtask command to allow user to find task of a person.\n","fileTypesAndContributionMap":{"functional-code":{"insertions":114,"deletions":0},"test-code":{"insertions":158,"deletions":1}}},{"hash":"5f2ec80756c2dd84f4485449bf12d06d0b583da6","isMergeCommit":false,"messageTitle":"Add assertions","messageBody":"","fileTypesAndContributionMap":{"functional-code":{"insertions":7,"deletions":0}}},{"hash":"5e8b92bc2b2457643ff3c9d6aaf5ad9afc49e90c","isMergeCommit":false,"messageTitle":"Remove assertions","messageBody":"","fileTypesAndContributionMap":{"functional-code":{"insertions":5,"deletions":6}}},{"hash":"1a11cf01364b102514098d38ed4ff15fac60fb15","isMergeCommit":false,"messageTitle":"Add UML diagram","messageBody":"","fileTypesAndContributionMap":{"docs":{"insertions":77,"deletions":0}}}]},{"date":"2024-10-24","commitResults":[{"hash":"cc840315f9f057f0ed4a9d0897eaa2abe1799ba0","isMergeCommit":false,"messageTitle":"Bug fix for delete","messageBody":"","fileTypesAndContributionMap":{"functional-code":{"insertions":2,"deletions":0}}}]},{"date":"2024-10-25","commitResults":[{"hash":"26381bbbf61ba36fa597ecfd39f3ddf4c2fc93cc","isMergeCommit":true,"messageTitle":"Merge pull request #117 from benjiBase/bug-fixing","messageBody":"Fix a bug where priority is not reflected on task assigned to user","fileTypesAndContributionMap":{}}]},{"date":"2024-10-29","commitResults":[{"hash":"bacfd5b0625e9b6ca3788a3fc797042afb081dfb","isMergeCommit":false,"messageTitle":"Fix bugs for priority command","messageBody":"","fileTypesAndContributionMap":{"functional-code":{"insertions":10,"deletions":0}}},{"hash":"cf1c41faa4161c3cd0b80d5c4be53d8f60ad41a1","isMergeCommit":false,"messageTitle":"Fix import checkstyle error","messageBody":"","fileTypesAndContributionMap":{"functional-code":{"insertions":6,"deletions":6}}}]},{"date":"2024-10-30","commitResults":[{"hash":"55951de8eaa35e0c16f60cceb4ebcd2d625cb693","isMergeCommit":false,"messageTitle":"Refactor code and fix bugs","messageBody":"","fileTypesAndContributionMap":{"functional-code":{"insertions":158,"deletions":27},"test-code":{"insertions":11,"deletions":0}}}]},{"date":"2024-10-31","commitResults":[{"hash":"552df40f20bb1913f33cf9eacc05cfe693c5f4f6","isMergeCommit":false,"messageTitle":"Refactor priority command format and testcases","messageBody":"","fileTypesAndContributionMap":{"functional-code":{"insertions":67,"deletions":18},"test-code":{"insertions":26,"deletions":22}}},{"hash":"694d36f64eb74d63161c6896a6591ca2e438f755","isMergeCommit":false,"messageTitle":"Add more testcase for coverage","messageBody":"","fileTypesAndContributionMap":{"test-code":{"insertions":64,"deletions":9}}},{"hash":"fa88e0d4faf6c44cad21fdee26fdda9537128cba","isMergeCommit":false,"messageTitle":"Add more testcases for priority command parser","messageBody":"","fileTypesAndContributionMap":{"test-code":{"insertions":19,"deletions":1}}}]},{"date":"2024-11-03","commitResults":[{"hash":"58d5fa71b8eb25be4d6f35852caed1622b87e077","isMergeCommit":true,"messageTitle":"Merge pull request #138 from xinweichong/update-help","messageBody":"Update HelpWindow.java for new commands","fileTypesAndContributionMap":{}},{"hash":"17808aac70bc7624debd8169eada785eac0b3f57","isMergeCommit":true,"messageTitle":"Merge pull request #142 from xinweichong/update-ui","messageBody":"Update UI","fileTypesAndContributionMap":{}},{"hash":"18c4cb4ed1640bb3ab3858ae4839e5f8b8c5a038","isMergeCommit":true,"messageTitle":"Merge pull request #134 from yixianggg/add-emergency-contact","messageBody":"Change implementation of EmergencyContact to take in Name and Phone fields instead of Strings","fileTypesAndContributionMap":{}}]}],"benjiBase":[{"date":"2024-10-02","commitResults":[{"hash":"543bf5515675f1515f076de0147130fc0d4a69b4","isMergeCommit":false,"messageTitle":"Update benjamin aboutus docs","messageBody":"","fileTypesAndContributionMap":{"docs":{"insertions":4,"deletions":14}}},{"hash":"1b84ce87871cb86d922c832898ff8e251a93b448","isMergeCommit":false,"messageTitle":"Add line at EOF","messageBody":"","fileTypesAndContributionMap":{"docs":{"insertions":1,"deletions":1}}},{"hash":"7a82f0242bccd59d3a0743633d2000c2f31cc2e2","isMergeCommit":true,"messageTitle":"Merge remote-tracking branch \u0027origin\u0027 into update-aboutus","messageBody":"","fileTypesAndContributionMap":{}},{"hash":"9fa4f94737747b6076beb68d978f97eda1bf488a","isMergeCommit":true,"messageTitle":"Resolve merge conflict on aboutus docs","messageBody":"","fileTypesAndContributionMap":{}}]},{"date":"2024-10-04","commitResults":[{"hash":"d2784dac488d0f4ed629e9fcafb50e6e22dcb16b","isMergeCommit":true,"messageTitle":"Merge pull request #62 from jarrellc1/tasklist-ui","messageBody":"Tasklist UI and Logic","fileTypesAndContributionMap":{}},{"hash":"8d45023a64ed9282995be9dfb71a8129509d2dce","isMergeCommit":false,"messageTitle":"Add DeleteTaskCommand and test cases","messageBody":"","fileTypesAndContributionMap":{"functional-code":{"insertions":104,"deletions":0},"test-code":{"insertions":65,"deletions":0}}},{"hash":"034d8f54067f1f294bb5f042cb66e7373761924f","isMergeCommit":false,"messageTitle":"Merge master branch onto delete-task branch","messageBody":"","fileTypesAndContributionMap":{"functional-code":{"insertions":406,"deletions":16},"docs":{"insertions":2,"deletions":2},"test-code":{"insertions":607,"deletions":0}}},{"hash":"b0f64714d562c8becfc285d664a54bb7a7d41613","isMergeCommit":false,"messageTitle":"Merge master branch onto delete-task branch","messageBody":"","fileTypesAndContributionMap":{"test-code":{"insertions":26,"deletions":1}}}]},{"date":"2024-10-05","commitResults":[{"hash":"6f872be2667068c3f2aa5beaeb7f3ba71daf2067","isMergeCommit":false,"messageTitle":"Add DeleteTaskCommand Parser and test case","messageBody":"","fileTypesAndContributionMap":{"functional-code":{"insertions":34,"deletions":9},"test-code":{"insertions":30,"deletions":5}}},{"hash":"a8599485efd53176a73868dbd38ddd31396d0eeb","isMergeCommit":true,"messageTitle":"Update test cases for AddCommand and AddTaskCommand","messageBody":"","fileTypesAndContributionMap":{}},{"hash":"0762cca438913d9ca68fb30a93e046d6578cbd62","isMergeCommit":false,"messageTitle":"Update testcasses for AddTaskCommandTest","messageBody":"","fileTypesAndContributionMap":{"functional-code":{"insertions":13,"deletions":3},"test-code":{"insertions":2,"deletions":2}}}]},{"date":"2024-10-06","commitResults":[{"hash":"32f27cbd2b82e0c5e21b51aafc4ea0d03560c735","isMergeCommit":false,"messageTitle":"Update DeleteTaskCommand test cases","messageBody":"","fileTypesAndContributionMap":{"functional-code":{"insertions":3,"deletions":2},"test-code":{"insertions":74,"deletions":3}}},{"hash":"ae20c6c45452a12d46e30f2fb4fbd9550efa6dc9","isMergeCommit":false,"messageTitle":"Update Delete Command to remove tasks when patient is deleted and test cases","messageBody":"","fileTypesAndContributionMap":{"functional-code":{"insertions":29,"deletions":0},"test-code":{"insertions":27,"deletions":0}}},{"hash":"37ed896161f28c40e44bf397f285b7f234df03f9","isMergeCommit":false,"messageTitle":"Remove unused import","messageBody":"","fileTypesAndContributionMap":{"functional-code":{"insertions":0,"deletions":1}}},{"hash":"e7b8afe00175a3734f26b30c21fb8062a3710a93","isMergeCommit":true,"messageTitle":"Merge pull request #65 from yixianggg/add-emergency-contact","messageBody":"Update storage and Ui to incorporate emergency contact","fileTypesAndContributionMap":{}},{"hash":"b724ff4aed8bbc10c675965f90734a68e1e97c4c","isMergeCommit":true,"messageTitle":"Merge branch \u0027master\u0027 into delete-task","messageBody":"","fileTypesAndContributionMap":{}}]},{"date":"2024-10-07","commitResults":[{"hash":"f73fbe0dae109646304c1b88cd1e7d1d2a7b32fb","isMergeCommit":false,"messageTitle":"Add task by index instead of person","messageBody":"","fileTypesAndContributionMap":{"functional-code":{"insertions":19,"deletions":19}}},{"hash":"ec28e521d17744018eada207ce54852942c291ae","isMergeCommit":false,"messageTitle":"Update Add Task command to add by index and testcases","messageBody":"","fileTypesAndContributionMap":{"functional-code":{"insertions":18,"deletions":26},"test-code":{"insertions":22,"deletions":13}}},{"hash":"f74fa70b18e583c8d7be3d4cc0d466925a6f9638","isMergeCommit":false,"messageTitle":"Update AddTaskParser and AddTaskCommand testcase","messageBody":"","fileTypesAndContributionMap":{"test-code":{"insertions":24,"deletions":16}}}]},{"date":"2024-10-09","commitResults":[{"hash":"dd81ac0fa3c7e968db2f3d4521b51bb9ff438900","isMergeCommit":false,"messageTitle":"Update AddTaskCommand and Parser test cases","messageBody":"","fileTypesAndContributionMap":{"functional-code":{"insertions":1,"deletions":1},"test-code":{"insertions":8,"deletions":11}}},{"hash":"32416ec88a9382338618144a57ff369a3b40ac8c","isMergeCommit":false,"messageTitle":"Remove redundant imports for checkstyle","messageBody":"","fileTypesAndContributionMap":{"test-code":{"insertions":0,"deletions":1}}}]},{"date":"2024-10-16","commitResults":[{"hash":"f346b751e82171810de25e5d26a7224f7c95e3e3","isMergeCommit":false,"messageTitle":"Add sample commands in help and change title to NovaCare","messageBody":"","fileTypesAndContributionMap":{"functional-code":{"insertions":44,"deletions":17}}},{"hash":"b995b6e378e929f91a170e84dbb4a7a5fafcc010","isMergeCommit":false,"messageTitle":"Update HelpWindow to always be displayed at foreground","messageBody":"","fileTypesAndContributionMap":{"functional-code":{"insertions":2,"deletions":0}}},{"hash":"ae1d7679442bc54ed7dad061389ed0014f869724","isMergeCommit":false,"messageTitle":"Place Help Window at foreground after clicking back to Main App","messageBody":"","fileTypesAndContributionMap":{"functional-code":{"insertions":27,"deletions":7}}}]},{"date":"2024-10-17","commitResults":[{"hash":"afafa6ca29b168cab04402394ad9362591cb5734","isMergeCommit":false,"messageTitle":"Add HelpWindowTest cases","messageBody":"","fileTypesAndContributionMap":{"functional-code":{"insertions":5,"deletions":5},"other":{"insertions":1,"deletions":0},"test-code":{"insertions":42,"deletions":0}}},{"hash":"8f049327470b4742c0e5ac88773ad8c8fe685ab7","isMergeCommit":false,"messageTitle":"Fix checkstyle Test","messageBody":"","fileTypesAndContributionMap":{"test-code":{"insertions":3,"deletions":4}}},{"hash":"3f312776cd8b54f133746bd5162713c441935661","isMergeCommit":false,"messageTitle":"Remove GUI testing not needed","messageBody":"","fileTypesAndContributionMap":{"other":{"insertions":0,"deletions":1},"test-code":{"insertions":0,"deletions":41}}},{"hash":"dff8b41a7577eb9f406585468c12f420fd79fab2","isMergeCommit":false,"messageTitle":"Add clicking link feature to open on webpage directly","messageBody":"","fileTypesAndContributionMap":{"functional-code":{"insertions":33,"deletions":8}}},{"hash":"cb365b2407e561feeeea185a6b0a1635b5915847","isMergeCommit":false,"messageTitle":"Add EOF on HelpWindowCSS file","messageBody":"","fileTypesAndContributionMap":{"functional-code":{"insertions":2,"deletions":2}}}]},{"date":"2024-10-20","commitResults":[{"hash":"10bd0598b145e458bbef9ce96377261737702897","isMergeCommit":true,"messageTitle":"Merge pull request #89 from yixianggg/add-emergency-contact","messageBody":"Fix bug in emergency contact command which returns success message for emergency contacts with unfilled parameters","fileTypesAndContributionMap":{}}]},{"date":"2024-10-24","commitResults":[{"hash":"c9a444afc04ac43ca80cfa29efa64827353ff4d9","isMergeCommit":false,"messageTitle":"Update UG title and Table Of Centents","messageBody":"","fileTypesAndContributionMap":{"other":{"insertions":1,"deletions":1},"docs":{"insertions":23,"deletions":6}}},{"hash":"18124802638b574acd96767dba075234c988fc9a","isMergeCommit":false,"messageTitle":"Update UML diagram","messageBody":"","fileTypesAndContributionMap":{"docs":{"insertions":7,"deletions":5}}},{"hash":"e93155a46c1485eeb9338a89fb0f128ac0233b25","isMergeCommit":false,"messageTitle":"Update UG","messageBody":"","fileTypesAndContributionMap":{"docs":{"insertions":6,"deletions":2}}},{"hash":"0fd09ff9bcbabb6be6d303308f85d594214088d4","isMergeCommit":true,"messageTitle":"Merge pull request #115 from jarrellc1/Bug-Fix-Task","messageBody":"Bug fix for delete","fileTypesAndContributionMap":{}}]},{"date":"2024-10-25","commitResults":[{"hash":"88df0bf8ff4f124936a89b7018b8de1f8e4a7c0b","isMergeCommit":false,"messageTitle":"Fix a bug where priority is not reflected on task assigned to user","messageBody":"","fileTypesAndContributionMap":{"functional-code":{"insertions":30,"deletions":0}}},{"hash":"ba85e86247841875511fd06862f39f9ce30f0eee","isMergeCommit":false,"messageTitle":"Adhere to all checkstyle violations","messageBody":"","fileTypesAndContributionMap":{"test-code":{"insertions":20,"deletions":0}}},{"hash":"30611a7240f5e98f5ef052c125adc5aeaf51d606","isMergeCommit":false,"messageTitle":"Update testcases for updateTasksForPerson method","messageBody":"","fileTypesAndContributionMap":{"functional-code":{"insertions":4,"deletions":3},"test-code":{"insertions":30,"deletions":0}}}]},{"date":"2024-10-30","commitResults":[{"hash":"5cd6220cfa32f2c7242dc650502b3f4070b4ddbd","isMergeCommit":true,"messageTitle":"Merge pull request #129 from yixianggg/add-emergency-contact","messageBody":"Fix duplicate emergency contacts to not throw exception","fileTypesAndContributionMap":{}},{"hash":"d5f7c45a644e1194255b298868f20d91acd88bb8","isMergeCommit":true,"messageTitle":"Merge branch \u0027master\u0027 into ug","messageBody":"","fileTypesAndContributionMap":{}},{"hash":"28c86366edb0bd5c4f4e18b2d68eb943eb3845de","isMergeCommit":true,"messageTitle":"Merge pull request #130 from yixianggg/add-emergency-contact","messageBody":"Fix emergency contact command messages to show person name only","fileTypesAndContributionMap":{}}]},{"date":"2024-10-31","commitResults":[{"hash":"4bf6361252ee7ed7b11fefe39bf820ac74f73617","isMergeCommit":true,"messageTitle":"Merge pull request #136 from yixianggg/update-ug","messageBody":"Add delemergency instructions to UG","fileTypesAndContributionMap":{}},{"hash":"210ffe97b3ed406a9abaf5ae69a600d2d33b2e58","isMergeCommit":true,"messageTitle":"Merge pull request #133 from jarrellc1/Emergency-bugfix","messageBody":"Refactor code and fix bugs","fileTypesAndContributionMap":{}}]},{"date":"2024-11-02","commitResults":[{"hash":"ec9879da9648a4b696ed8d6b80bccfb80879eb96","isMergeCommit":true,"messageTitle":"Merge branch \u0027master\u0027 into ug","messageBody":"","fileTypesAndContributionMap":{}}]},{"date":"2024-11-03","commitResults":[{"hash":"d28f757e20836a0dae26d10a51de23bffdf0c093","isMergeCommit":false,"messageTitle":"Update how to install novacare and command summary","messageBody":"","fileTypesAndContributionMap":{"docs":{"insertions":119,"deletions":34}}},{"hash":"312b16f3594064c77e186a5ee610ba2d8d47474d","isMergeCommit":false,"messageTitle":"Remove trailing whitespaces","messageBody":"","fileTypesAndContributionMap":{"docs":{"insertions":18,"deletions":17}}}]},{"date":"2024-11-04","commitResults":[{"hash":"ee4e4a0b4cda399a33aa5a2e8a8f8c650d2dc9ab","isMergeCommit":false,"messageTitle":"Update User Guide title and image bug fix","messageBody":"","fileTypesAndContributionMap":{"docs":{"insertions":6,"deletions":8}}},{"hash":"9b2b3c4552ee2b2caadb52f7cbce959075d081ed","isMergeCommit":false,"messageTitle":"Remove all trailing whitespaces","messageBody":"","fileTypesAndContributionMap":{"docs":{"insertions":2,"deletions":2}}}]}],"gavinsoh":[{"date":"2024-09-20","commitResults":[{"hash":"f80547cfd3f98e45ead07b9c6d2f074c06d90f82","isMergeCommit":false,"messageTitle":"Add RemarkCommand to handle remarks in the address book","messageBody":"","fileTypesAndContributionMap":{"functional-code":{"insertions":259,"deletions":56},"test-code":{"insertions":310,"deletions":23}}},{"hash":"eeee07eb7cdefab9ff4d4e141b7c58c692cf15d9","isMergeCommit":true,"messageTitle":"Merge pull request #1 from gavinsoh/tutorial-adding-command","messageBody":"tutorial-adding-command","fileTypesAndContributionMap":{}},{"hash":"8c595246847166a8929a22a3547819cc3c84fbf4","isMergeCommit":false,"messageTitle":"Revert \"tutorial-adding-command\"","messageBody":"","fileTypesAndContributionMap":{"functional-code":{"insertions":52,"deletions":255},"test-code":{"insertions":23,"deletions":310}}}]},{"date":"2024-10-02","commitResults":[{"hash":"b4833eca4fa85620887ef2dbf728162730f951f8","isMergeCommit":false,"messageTitle":"Update AboutUs","messageBody":"","fileTypesAndContributionMap":{"docs":{"insertions":3,"deletions":3}}},{"hash":"198cb395a316e1b7cd40ae35f57c8e80beb17174","isMergeCommit":true,"messageTitle":"Merge pull request #42 from jarrellc1/add-jarrell-photo","messageBody":"Add jarrell photo","fileTypesAndContributionMap":{}},{"hash":"5192ac34073bb2a6e203a6c29cbb4f3ef8611dbb","isMergeCommit":true,"messageTitle":"Add xinweichong\u0027s AboutUs","messageBody":"","fileTypesAndContributionMap":{}},{"hash":"cab2f9403b780fe96543a5889c7083b01594b936","isMergeCommit":true,"messageTitle":"resolve conflicts","messageBody":"","fileTypesAndContributionMap":{}},{"hash":"d2fadc4084257ad2235d75d1c659bd7e817c3149","isMergeCommit":false,"messageTitle":"resolve conflicts","messageBody":"","fileTypesAndContributionMap":{"docs":{"insertions":12,"deletions":11}}}]},{"date":"2024-10-03","commitResults":[{"hash":"c3b7a465849b269bcada2f1032e62c32677e6cb7","isMergeCommit":false,"messageTitle":"Add Priority class and tests, Update Parser","messageBody":"","fileTypesAndContributionMap":{"functional-code":{"insertions":239,"deletions":25},"test-code":{"insertions":42,"deletions":32}}}]},{"date":"2024-10-04","commitResults":[{"hash":"583ad7b70f4c9c266b261eaca7f359d89a3ec577","isMergeCommit":false,"messageTitle":"Add Priority class and tests, Update Parser","messageBody":"","fileTypesAndContributionMap":{"functional-code":{"insertions":22,"deletions":3},"test-code":{"insertions":199,"deletions":45}}},{"hash":"543aa6d885ff7e8e97df7abc6aba86659ec24100","isMergeCommit":false,"messageTitle":"Add Priority class and tests, Update Parser","messageBody":"","fileTypesAndContributionMap":{"functional-code":{"insertions":8,"deletions":4},"test-code":{"insertions":5,"deletions":33}}},{"hash":"71415a390115846d0e0c177e28717e0f8b1b2f1f","isMergeCommit":true,"messageTitle":"Resolve Merge Conflicts","messageBody":"","fileTypesAndContributionMap":{}},{"hash":"ec8878c4e8a0183275af3b73127936d00940f478","isMergeCommit":false,"messageTitle":"Resolve Merge Conflicts again","messageBody":"","fileTypesAndContributionMap":{"functional-code":{"insertions":34,"deletions":10},"test-code":{"insertions":16,"deletions":1}}},{"hash":"5b4f07ba10e0736fce4e4a0bc94736c02cd8aeab","isMergeCommit":false,"messageTitle":"Update testcases to increase coverage","messageBody":"","fileTypesAndContributionMap":{"test-code":{"insertions":9,"deletions":0}}},{"hash":"9ebd98ad3e94370f6b49f54d1765d6ad23b91415","isMergeCommit":false,"messageTitle":"Create SampleDataUtilTest to increase coverage for testcases","messageBody":"","fileTypesAndContributionMap":{"test-code":{"insertions":54,"deletions":0}}},{"hash":"b09b34841f7ec231aa9fc421a191a09281385caa","isMergeCommit":false,"messageTitle":"Update JsonAdaptedPersonTest","messageBody":"","fileTypesAndContributionMap":{"test-code":{"insertions":8,"deletions":0}}},{"hash":"957d158859b263bf5c448fa29776ff7b13cb1deb","isMergeCommit":false,"messageTitle":"Update toStringMethod() in PersonTest","messageBody":"","fileTypesAndContributionMap":{"test-code":{"insertions":4,"deletions":5}}},{"hash":"bdcd551bbb6bffdaad091602ca2d931ca427b342","isMergeCommit":false,"messageTitle":"Update testcases in AddCommandParserTest","messageBody":"","fileTypesAndContributionMap":{"test-code":{"insertions":24,"deletions":0}}},{"hash":"e47489d2b5081f50c9a779931fb742830edeb044","isMergeCommit":false,"messageTitle":"Update testcases in LogicManagerTest","messageBody":"","fileTypesAndContributionMap":{"test-code":{"insertions":13,"deletions":1}}},{"hash":"e00a216e67ea2a152f56bc06b5fc1c87b4f4d0c5","isMergeCommit":false,"messageTitle":"Update testcases in JsonAdaptedPersonTest","messageBody":"","fileTypesAndContributionMap":{"test-code":{"insertions":8,"deletions":0}}}]},{"date":"2024-10-10","commitResults":[{"hash":"3f971aa5fa2985a0e749afe9bf5987bfcaec1da9","isMergeCommit":false,"messageTitle":"Update constants in PriorityCommand","messageBody":"","fileTypesAndContributionMap":{"functional-code":{"insertions":0,"deletions":3}}},{"hash":"f6b586555990f1e1c9a91209f78ca27f37d9f01f","isMergeCommit":false,"messageTitle":"Add Javadocs comments to PriorityCommand","messageBody":"","fileTypesAndContributionMap":{"functional-code":{"insertions":13,"deletions":0}}},{"hash":"f076c22146552a0519ff5518f2febc0dd7eb67df","isMergeCommit":true,"messageTitle":"Merge pull request #70 from yixianggg/add-emergency-contact","messageBody":"Edit Javadoc in EmergencyContactCommandParser class","fileTypesAndContributionMap":{}}]},{"date":"2024-10-14","commitResults":[{"hash":"887e69764cdace11d937c2ab3f1a7b214e208e71","isMergeCommit":true,"messageTitle":"Merge pull request #73 from jarrellc1/task-1.3","messageBody":"Update userGuide to align with current specification","fileTypesAndContributionMap":{}}]},{"date":"2024-10-16","commitResults":[{"hash":"7cf684ceaebba1f049ebd4fcab7fad88429ad303","isMergeCommit":false,"messageTitle":"Update PriorityCommandParser","messageBody":"","fileTypesAndContributionMap":{"functional-code":{"insertions":6,"deletions":2}}},{"hash":"f11b19b716a8cc7cbda8f41f308bb782ba54aa83","isMergeCommit":false,"messageTitle":"Update PriorityCommand","messageBody":"","fileTypesAndContributionMap":{"functional-code":{"insertions":8,"deletions":3}}},{"hash":"fe994e3be536ce01457b76561a1e213f4fe78012","isMergeCommit":false,"messageTitle":"Update Model","messageBody":"","fileTypesAndContributionMap":{"functional-code":{"insertions":6,"deletions":0}}},{"hash":"01050bf0982dba5afd6713760174697f2e57194a","isMergeCommit":false,"messageTitle":"Update ModelManager","messageBody":"","fileTypesAndContributionMap":{"functional-code":{"insertions":10,"deletions":0}}},{"hash":"c2bd5f0509b8e3338b5c8258abc4c9df784939f3","isMergeCommit":false,"messageTitle":"Update ParserUtil","messageBody":"","fileTypesAndContributionMap":{"functional-code":{"insertions":5,"deletions":0}}},{"hash":"84d94ed528b07378fed35e0989fa1d4ddebcffae","isMergeCommit":false,"messageTitle":"Update PriorityCommand","messageBody":"","fileTypesAndContributionMap":{"functional-code":{"insertions":2,"deletions":3}}},{"hash":"d8d5b30bec2092928870eed00586ce0437839c76","isMergeCommit":false,"messageTitle":"Update Testcases in PriorityCommandTest","messageBody":"","fileTypesAndContributionMap":{"test-code":{"insertions":10,"deletions":7}}},{"hash":"4cd169f2b389a05d20dbc62a363feea6bd120002","isMergeCommit":false,"messageTitle":"Update Testcases in AddCommandTest","messageBody":"","fileTypesAndContributionMap":{"test-code":{"insertions":61,"deletions":0}}},{"hash":"2fe3eaac382856543a0e849e0d899bde18ec8340","isMergeCommit":false,"messageTitle":"Update Testcases in AddTaskCommandTest","messageBody":"","fileTypesAndContributionMap":{"test-code":{"insertions":5,"deletions":0}}},{"hash":"e145082a4a4d54db79a09e1dd970cac8845fec57","isMergeCommit":false,"messageTitle":"Update AddressBookParser","messageBody":"","fileTypesAndContributionMap":{"functional-code":{"insertions":4,"deletions":0}}},{"hash":"bc0e6bac6f91fe95fb7d42f280747314bcd2b171","isMergeCommit":false,"messageTitle":"Update ParserUtil","messageBody":"","fileTypesAndContributionMap":{"functional-code":{"insertions":21,"deletions":0}}},{"hash":"7c6f40ff6e068ac8a03521a396c274cb3b52abf5","isMergeCommit":false,"messageTitle":"Add DeletePriorityCommand","messageBody":"","fileTypesAndContributionMap":{"functional-code":{"insertions":76,"deletions":0}}},{"hash":"387af6cf2cbbd8a9656152bb53e01834ad45c28f","isMergeCommit":false,"messageTitle":"Add DeletePriorityCommandParser","messageBody":"","fileTypesAndContributionMap":{"functional-code":{"insertions":41,"deletions":0}}},{"hash":"178af82034f4fbdd492ef8123cc27ba3321612be","isMergeCommit":false,"messageTitle":"Add Testcases in DeletePriorityCommandParserTest","messageBody":"","fileTypesAndContributionMap":{"test-code":{"insertions":60,"deletions":0}}},{"hash":"39e5f70c61039025a40cd68a2a9cba39c37a39b4","isMergeCommit":false,"messageTitle":"Add Testcases in DeletePriorityCommandTest","messageBody":"","fileTypesAndContributionMap":{"test-code":{"insertions":70,"deletions":0}}},{"hash":"8ce01f236b5ff7eaec5646a6ee2509004fe43fc7","isMergeCommit":false,"messageTitle":"Add Testcases to ModelManagerTest","messageBody":"","fileTypesAndContributionMap":{"test-code":{"insertions":37,"deletions":0}}},{"hash":"a22a209ead2773e1237b3bcc5a035d0e2ab05e5c","isMergeCommit":false,"messageTitle":"Add Testcases to ParserUtil","messageBody":"","fileTypesAndContributionMap":{"functional-code":{"insertions":1,"deletions":2}}},{"hash":"e361c8dac55f72891c4d4dd22b6103f76999ccad","isMergeCommit":false,"messageTitle":"Add Testcases to ParserUtilTest","messageBody":"","fileTypesAndContributionMap":{"test-code":{"insertions":21,"deletions":0}}},{"hash":"7d82a2cfc9332ae6b440598093003b763f360671","isMergeCommit":false,"messageTitle":"Add Testcases to PriorityCommandParserTest","messageBody":"","fileTypesAndContributionMap":{"test-code":{"insertions":28,"deletions":1}}},{"hash":"d250cc7ffee1eb9a5ab07ab9999ae1d4d7756b1a","isMergeCommit":false,"messageTitle":"Add Testcases to PriorityCommandTest","messageBody":"","fileTypesAndContributionMap":{"test-code":{"insertions":34,"deletions":4}}},{"hash":"0c2f5be49051257fb6d6ce0b319bc7d2771a19e7","isMergeCommit":false,"messageTitle":"Add Testcases to ParserUtilTest","messageBody":"","fileTypesAndContributionMap":{"test-code":{"insertions":48,"deletions":1}}},{"hash":"b4bf04b959b0c635a6f04daf1dcb26546ded9384","isMergeCommit":false,"messageTitle":"Add Testcases to PriorityCommandParserTest","messageBody":"","fileTypesAndContributionMap":{"test-code":{"insertions":21,"deletions":0}}},{"hash":"40cd3a9fb8abc64a0f9c3c7071fb066d26d6b9e7","isMergeCommit":true,"messageTitle":"Merge pull request #78 from xinweichong/mark-task","messageBody":"Mark tasks with completion status","fileTypesAndContributionMap":{}}]},{"date":"2024-10-17","commitResults":[{"hash":"d12e6ae8e97fe59ff1ca0b9694cac320e8ea2ba1","isMergeCommit":true,"messageTitle":"Merge branch \u0027master\u0027 into delete-priority","messageBody":"","fileTypesAndContributionMap":{}},{"hash":"06ed5fafc3a5ecd434fef9d69b28847170043cdf","isMergeCommit":true,"messageTitle":"Resolve merge conflicts","messageBody":"","fileTypesAndContributionMap":{}},{"hash":"9643671728d97141ab4596d4e936f89b1c4d2f49","isMergeCommit":true,"messageTitle":"Merge branch \u0027delete-priority\u0027 into temporary test","messageBody":"","fileTypesAndContributionMap":{}},{"hash":"51495a020a712c00de3bdab784a557161f22c779","isMergeCommit":true,"messageTitle":"Merge branch \u0027master\u0027 into delete-priority","messageBody":"","fileTypesAndContributionMap":{}},{"hash":"b845b8dc535dc13afbeeb16f170be34aa2e449cc","isMergeCommit":true,"messageTitle":"Merge pull request #1 from gavinsoh/temporary","messageBody":"Bring remote up to date with latest changes","fileTypesAndContributionMap":{}},{"hash":"5d8f7e9c6625a1a5830e6fa030789f0dc9324999","isMergeCommit":true,"messageTitle":"Merge remote-tracking branch \u0027origin/delete-priority\u0027 into delete-priority","messageBody":"","fileTypesAndContributionMap":{}},{"hash":"193dc6eed1a2559c92b4c83c63ad63ce45d54c2f","isMergeCommit":false,"messageTitle":"Fix merge conflict","messageBody":"","fileTypesAndContributionMap":{"functional-code":{"insertions":0,"deletions":3}}},{"hash":"83de2e58dff4b8b38e76ce4b51740b647016aab1","isMergeCommit":false,"messageTitle":"Fix merge conflict","messageBody":"","fileTypesAndContributionMap":{"functional-code":{"insertions":1,"deletions":1}}},{"hash":"c9d0c60783786590cab5156149bedafbd314df77","isMergeCommit":false,"messageTitle":"Fix checkstyle error","messageBody":"","fileTypesAndContributionMap":{"functional-code":{"insertions":1,"deletions":1}}}]},{"date":"2024-10-23","commitResults":[{"hash":"29243d0aaec602302d1367c2d6c2ea48e74e8938","isMergeCommit":false,"messageTitle":"Add ListIncompleteTasksCommand Class","messageBody":"","fileTypesAndContributionMap":{"functional-code":{"insertions":2,"deletions":0}}},{"hash":"542420b57f0a9f9acb866dfd8f76dfce18920e73","isMergeCommit":false,"messageTitle":"Add ListIncompleteCommand Class","messageBody":"","fileTypesAndContributionMap":{"functional-code":{"insertions":2,"deletions":0},"other":{"insertions":1,"deletions":1}}},{"hash":"d08048db4cb338fb7806fadecfae97996309c08b","isMergeCommit":false,"messageTitle":"Add ListIncompleteCommandParser class","messageBody":"","fileTypesAndContributionMap":{"functional-code":{"insertions":2,"deletions":2}}},{"hash":"9bcbade21bdb328d78266b84a5b8786036022240","isMergeCommit":false,"messageTitle":"Update ListIncompleteCommandParser Class","messageBody":"","fileTypesAndContributionMap":{"functional-code":{"insertions":44,"deletions":2}}},{"hash":"a43811f67c6b11b5b4c2e07ec6e84217ef92031e","isMergeCommit":false,"messageTitle":"Update FindCommand Class to display full list after ListIncomplete command","messageBody":"","fileTypesAndContributionMap":{"functional-code":{"insertions":3,"deletions":2}}},{"hash":"8527d7530c9f43248304813f663a06690ac6f31b","isMergeCommit":false,"messageTitle":"Add ListIncompleteCommandTest class","messageBody":"","fileTypesAndContributionMap":{"functional-code":{"insertions":1,"deletions":1},"test-code":{"insertions":69,"deletions":2}}},{"hash":"0d81db6e8c24ab4c71f08ae9bf75af50cad62c18","isMergeCommit":false,"messageTitle":"Update testcases in AddressBookParser","messageBody":"","fileTypesAndContributionMap":{"functional-code":{"insertions":0,"deletions":24},"test-code":{"insertions":7,"deletions":0}}},{"hash":"b8735113cd6bc0718681962dc51db15e78d1e0dd","isMergeCommit":false,"messageTitle":"Update ListCommand Class","messageBody":"","fileTypesAndContributionMap":{"functional-code":{"insertions":0,"deletions":1}}},{"hash":"d8812397bcfbf66140811293b2b96cf4d4dfd2b0","isMergeCommit":false,"messageTitle":"Update ListCommand Class","messageBody":"","fileTypesAndContributionMap":{"functional-code":{"insertions":0,"deletions":1}}},{"hash":"1546e18f4b9253f847d735d4ad28ef46fe301222","isMergeCommit":true,"messageTitle":"Fix Merge Conflicts","messageBody":"","fileTypesAndContributionMap":{}},{"hash":"319f5991c4efd892d394c8d93d8a9cfa8270b8cb","isMergeCommit":true,"messageTitle":"Fix Merge Conflicts","messageBody":"","fileTypesAndContributionMap":{}},{"hash":"4c85b7c4bd27243ddb208a0b860508ac59fad723","isMergeCommit":true,"messageTitle":"Merge pull request #98 from xinweichong/list-task","messageBody":"Add list task command","fileTypesAndContributionMap":{}},{"hash":"f3f773ec26f516d9793d82e7d5bf16d21fc39b84","isMergeCommit":true,"messageTitle":"Merge pull request #100 from xinweichong/update-buildgradle","messageBody":"Enable assertions for Gradle","fileTypesAndContributionMap":{}},{"hash":"0dcfa469bd2066eefd604832704881796a3a390e","isMergeCommit":true,"messageTitle":"Merge pull request #103 from yixianggg/add-emergency-contact","messageBody":"Update ModelClassDiagram for DG","fileTypesAndContributionMap":{}},{"hash":"49d2254359c6509be3f4a6bce95b90777b2212ee","isMergeCommit":false,"messageTitle":"Update CommitActivityDiagram Class","messageBody":"","fileTypesAndContributionMap":{"docs":{"insertions":8,"deletions":10}}},{"hash":"8880c41444e592470065f81b04c7b3d9f51ed967","isMergeCommit":false,"messageTitle":"Update CommitActivityDiagram Class:","messageBody":"","fileTypesAndContributionMap":{"docs":{"insertions":16,"deletions":9}}}]},{"date":"2024-10-24","commitResults":[{"hash":"fdfafea08754d13194e455108a9c8bf7d26a2c9f","isMergeCommit":true,"messageTitle":"Merge pull request #109 from benjiBase/ug","messageBody":"Update UG title and Table Of Centents","fileTypesAndContributionMap":{}},{"hash":"61400b9e6ae222b11dae8f5699417dc2167f0972","isMergeCommit":true,"messageTitle":"Merge pull request #107 from benjiBase/dg-uml","messageBody":"Update UML diagram","fileTypesAndContributionMap":{}},{"hash":"30da4b8bf80dc28d402287dacf8a8310269cd05a","isMergeCommit":true,"messageTitle":"Merge pull request #112 from xinweichong/update-uml","messageBody":"Update ModelClassDiagram to reflect Task","fileTypesAndContributionMap":{}}]},{"date":"2024-11-03","commitResults":[{"hash":"0ddfc66f2c35535b26d1d429cb366b56bc294fc6","isMergeCommit":true,"messageTitle":"Merge pull request #135 from jarrellc1/priority-style","messageBody":"Refactor priority command format and testcases","fileTypesAndContributionMap":{}}]},{"date":"2024-11-04","commitResults":[{"hash":"92aa999a894479f2d74771805cf998a414082095","isMergeCommit":true,"messageTitle":"Merge pull request #147 from xinweichong/update-ui","messageBody":"Fix UI for displaying list of tasks","fileTypesAndContributionMap":{}},{"hash":"540dd9d51a20fcc18fc0d3d286b9dc585b914420","isMergeCommit":true,"messageTitle":"Merge pull request #143 from benjiBase/ug","messageBody":"Add How to Install NovaCare and Command Summary section of NovaCare","fileTypesAndContributionMap":{}}]},{"date":"2024-11-05","commitResults":[{"hash":"8c6670fb1ef35d886318f6e93616051b11302e3f","isMergeCommit":false,"messageTitle":"Save completion status of marked tasks","messageBody":"","fileTypesAndContributionMap":{"functional-code":{"insertions":16,"deletions":6}}},{"hash":"1e2089e2c57e42ae42aa4a2ec298935d4523305b","isMergeCommit":false,"messageTitle":"Update testcases in JsonAdaptedTaskTest","messageBody":"","fileTypesAndContributionMap":{"test-code":{"insertions":6,"deletions":5}}},{"hash":"528f27963eb3a4ba0f88dec74130bad848b7c83b","isMergeCommit":false,"messageTitle":"Update Json AddressBooks","messageBody":"","fileTypesAndContributionMap":{"test-code":{"insertions":4,"deletions":5}}},{"hash":"83d2a48baac4b0d863bbf7603efd7700b18b9df6","isMergeCommit":false,"messageTitle":"Update testcases for TaskTest","messageBody":"","fileTypesAndContributionMap":{"test-code":{"insertions":16,"deletions":0}}},{"hash":"c331e1822cdcc5eb6dbe963e1b6d0ac50a387449","isMergeCommit":false,"messageTitle":"Update UG","messageBody":"","fileTypesAndContributionMap":{"docs":{"insertions":68,"deletions":61}}},{"hash":"78cb2b5bf04da689cf96d69113eed32805320ec5","isMergeCommit":false,"messageTitle":"Update Task Class","messageBody":"","fileTypesAndContributionMap":{"functional-code":{"insertions":0,"deletions":5},"test-code":{"insertions":0,"deletions":9}}},{"hash":"027df77c963d5e4f4ab082eca13451fb7790f9c5","isMergeCommit":true,"messageTitle":"Merge pull request #152 from xinweichong/update-ui","messageBody":"Fix incorrect task status colour bug","fileTypesAndContributionMap":{}},{"hash":"d6b4d32afb6bd097a5a8f1c01f18f0ec3ec5cdd8","isMergeCommit":true,"messageTitle":"Merge branch \u0027master\u0027 into update-UG","messageBody":"","fileTypesAndContributionMap":{}}]},{"date":"2024-11-06","commitResults":[{"hash":"ab3a8357e8c607b50fe3ee2ca18d6ec21dbe4573","isMergeCommit":true,"messageTitle":"Merge pull request #150 from benjiBase/ug","messageBody":"Fix UserGuide title and emojis","fileTypesAndContributionMap":{}}]}],"xinweichong":[{"date":"2024-09-24","commitResults":[{"hash":"c8626d55ee198bd8fe4326652afe3026d9860447","isMergeCommit":true,"messageTitle":"Merge pull request #10 from AY2425S1-CS2103T-F15-1/revert-1-tutorial-adding-command","messageBody":"Revert Gavin\u0027s \"tutorial-adding-command\"","fileTypesAndContributionMap":{}}]},{"date":"2024-10-02","commitResults":[{"hash":"5180f8a4257c33c9b3e176ccc5f0644d884842db","isMergeCommit":false,"messageTitle":"Edit AboutUs.md for xinweichong","messageBody":"","fileTypesAndContributionMap":{"docs":{"insertions":2,"deletions":2}}},{"hash":"019e94d4ce6e183a497f2d3efc44761e2b0b80ec","isMergeCommit":true,"messageTitle":"Merge branch \u0027master\u0027 into update-aboutus-xinweichong","messageBody":"","fileTypesAndContributionMap":{}},{"hash":"5fff695c7a549e4376cf95a9b7575b1c0ea327d5","isMergeCommit":true,"messageTitle":"Merge branch \u0027master\u0027 into update-aboutus-xinweichong","messageBody":"","fileTypesAndContributionMap":{}},{"hash":"21b46c48d5cf64b082400974dda49bb1d03c3519","isMergeCommit":true,"messageTitle":"Merge branch \u0027master\u0027 into update-aboutus-xinweichong","messageBody":"","fileTypesAndContributionMap":{}},{"hash":"2b53305329274510416b172cc21982fb194edbf3","isMergeCommit":true,"messageTitle":"Merge branch \u0027master\u0027 into update-aboutus-xinweichong","messageBody":"","fileTypesAndContributionMap":{}},{"hash":"ff7c27af80a392bfd16ed879b2d596e021d06469","isMergeCommit":true,"messageTitle":"Merge branch \u0027master\u0027 into update-aboutus-xinweichong","messageBody":"","fileTypesAndContributionMap":{}}]},{"date":"2024-10-03","commitResults":[{"hash":"8e106aabbe69eabddd67be6d71e56ee19cb95b4e","isMergeCommit":false,"messageTitle":"Edit DG to update product scope","messageBody":"","fileTypesAndContributionMap":{"docs":{"insertions":5,"deletions":5}}},{"hash":"15ffcf79f2c7f009f907a6fb370f7abd1111f2f2","isMergeCommit":false,"messageTitle":"Edit for final traces of AB3","messageBody":"","fileTypesAndContributionMap":{"docs":{"insertions":1,"deletions":1}}},{"hash":"9ea71866788936a3ac925017458abdbe89b8b0eb","isMergeCommit":false,"messageTitle":"Edit target user profile","messageBody":"","fileTypesAndContributionMap":{"docs":{"insertions":2,"deletions":1}}},{"hash":"560b1857021a2bef227af87df2996b7e258bd735","isMergeCommit":true,"messageTitle":"Merge branch \u0027master\u0027 into update-dg","messageBody":"","fileTypesAndContributionMap":{}},{"hash":"b0bb2ceeef40cf5a37e9bddb24c8a691781ef32c","isMergeCommit":false,"messageTitle":"Create UniqueTaskList and Task classes","messageBody":"","fileTypesAndContributionMap":{"functional-code":{"insertions":213,"deletions":0}}},{"hash":"848b49f708e6174d2075ee73950e32ee3d9ece02","isMergeCommit":false,"messageTitle":"Edit UniqueTaskList to make use of Task class","messageBody":"","fileTypesAndContributionMap":{"functional-code":{"insertions":10,"deletions":10}}},{"hash":"7b0143264eb31b69e632c66d90d9484efbd0204b","isMergeCommit":false,"messageTitle":"Edit AddressBook to support UniqueTaskList","messageBody":"","fileTypesAndContributionMap":{"functional-code":{"insertions":60,"deletions":2}}},{"hash":"6d731e207858a994e3867f3cd8e2bade8d5f3ef6","isMergeCommit":false,"messageTitle":"Fix bugs and checkstyle errors","messageBody":"","fileTypesAndContributionMap":{"functional-code":{"insertions":17,"deletions":0},"test-code":{"insertions":13,"deletions":2}}},{"hash":"37dc6d1cb4055b723dbc67468b69e00a6681a0e0","isMergeCommit":false,"messageTitle":"Add tests for Task and UniqueTaskList","messageBody":"","fileTypesAndContributionMap":{"functional-code":{"insertions":1,"deletions":0},"test-code":{"insertions":283,"deletions":1}}},{"hash":"b38065ff0889460bc65dce69023028b705b85b76","isMergeCommit":true,"messageTitle":"Merge pull request #55 from yixianggg/add-emergency-contact","messageBody":"Add emergency contact class and tests, update parser","fileTypesAndContributionMap":{}}]},{"date":"2024-10-04","commitResults":[{"hash":"f77e9b4057816c4b5c6f41341b525dea454cc3a2","isMergeCommit":true,"messageTitle":"Merge pull request #58 from yixianggg/add-emergency-contact","messageBody":"Add and integrate remark class, update tests","fileTypesAndContributionMap":{}},{"hash":"e0a47346b9e8082d8d6a15f8ccbf9b9428b26c58","isMergeCommit":true,"messageTitle":"Merge pull request #57 from gavinsoh/add-priority","messageBody":"Add Priority class and tests, Update Parser","fileTypesAndContributionMap":{}}]},{"date":"2024-10-10","commitResults":[{"hash":"d66ffaf7101605894048a1a38c0fb22982bf53ad","isMergeCommit":false,"messageTitle":"Add PriorityCommandParserTest.java","messageBody":"","fileTypesAndContributionMap":{"functional-code":{"insertions":3,"deletions":1},"test-code":{"insertions":27,"deletions":0}}},{"hash":"96c65df374f49877fecdc5f04015904a415c4ec7","isMergeCommit":true,"messageTitle":"Merge pull request #69 from gavinsoh/add-priority","messageBody":"Update constants in PriorityCommand","fileTypesAndContributionMap":{}}]},{"date":"2024-10-16","commitResults":[{"hash":"77f73048ad520693e2853b38e9d326bcb8f3c1fb","isMergeCommit":false,"messageTitle":"Add status field to Task","messageBody":"","fileTypesAndContributionMap":{"functional-code":{"insertions":15,"deletions":0}}},{"hash":"5052d3fe8eaaa1c5f70edf5ec6aeb979f66755d2","isMergeCommit":false,"messageTitle":"Update logic to mark task as complete","messageBody":"","fileTypesAndContributionMap":{"functional-code":{"insertions":102,"deletions":0}}},{"hash":"5dd53bda093adf0c97175a8d6c7c60f2d0196f24","isMergeCommit":false,"messageTitle":"Update UI to reflect status property","messageBody":"","fileTypesAndContributionMap":{"functional-code":{"insertions":31,"deletions":7}}},{"hash":"e3752b2a51c35f34f996ba0769b5f2e06d66190a","isMergeCommit":false,"messageTitle":"Update test for new status property","messageBody":"","fileTypesAndContributionMap":{"test-code":{"insertions":1,"deletions":0}}},{"hash":"fb5ef6b7052ecdfd7ed0e169c7c5884af2fd7f03","isMergeCommit":false,"messageTitle":"Update tests for new classes","messageBody":"","fileTypesAndContributionMap":{"test-code":{"insertions":226,"deletions":24}}}]},{"date":"2024-10-17","commitResults":[{"hash":"97054a10cc14115f4b2db4fd77ee3228b66f4b29","isMergeCommit":true,"messageTitle":"Merge pull request #82 from gavinsoh/delete-priority","messageBody":"Add DeletePriorityCommand","fileTypesAndContributionMap":{}},{"hash":"289aed248b04b008c0c58ab78e4174f713a27f90","isMergeCommit":true,"messageTitle":"Merge pull request #84 from yixianggg/add-emergency-contact","messageBody":"Add delete functionality for emergency contact","fileTypesAndContributionMap":{}},{"hash":"3306d06defd98ed47d78505ac5e82d30bee21210","isMergeCommit":true,"messageTitle":"Merge pull request #87 from jarrellc1/mvp-1.3","messageBody":"Update UserGuide to include new commands","tags":["v1.3"],"fileTypesAndContributionMap":{}}]},{"date":"2024-10-23","commitResults":[{"hash":"3b786fef6551819de3492fc40e14b0815051e514","isMergeCommit":false,"messageTitle":"Add ListTaskCommand.java","messageBody":"","fileTypesAndContributionMap":{"functional-code":{"insertions":24,"deletions":0}}},{"hash":"15ec2da2bb112fc02273f811e208974abef4ba00","isMergeCommit":false,"messageTitle":"Update AddressBookParser.java for new command","messageBody":"","fileTypesAndContributionMap":{"functional-code":{"insertions":4,"deletions":0}}},{"hash":"5292f1b28ff8c9d59bdb45546cb673e2d324d319","isMergeCommit":false,"messageTitle":"Edit for checkstyle","messageBody":"","fileTypesAndContributionMap":{"functional-code":{"insertions":8,"deletions":5}}},{"hash":"9313167667126d92773152745ea14d344dc33c97","isMergeCommit":false,"messageTitle":"Add tests for list task","messageBody":"","fileTypesAndContributionMap":{"test-code":{"insertions":48,"deletions":0}}},{"hash":"818c1b1b09771ce36af246b4d91d3d2b8a864950","isMergeCommit":false,"messageTitle":"Enable assertions for Gradle","messageBody":"","fileTypesAndContributionMap":{"other":{"insertions":4,"deletions":0}}},{"hash":"c828e061efff9c0e07212c8d11baff95bf66efdc","isMergeCommit":false,"messageTitle":"Fix checkstyle errors","messageBody":"","fileTypesAndContributionMap":{"other":{"insertions":1,"deletions":1}}},{"hash":"b866a7ba24b186db4d41bfeb5e4e246e713e789e","isMergeCommit":true,"messageTitle":"Merge pull request #91 from jarrellc1/findtask","messageBody":"Add find task logic and test","fileTypesAndContributionMap":{}},{"hash":"ca38c7c02b3a75942aff0379bb413dbc0c6906ad","isMergeCommit":true,"messageTitle":"Merge pull request #93 from jarrellc1/uml","messageBody":"Add UML diagram","fileTypesAndContributionMap":{}},{"hash":"ab80926d454b5ead26590f54151f4e9946a1b512","isMergeCommit":true,"messageTitle":"Merge branch \u0027master\u0027 into list-incomplete","messageBody":"","fileTypesAndContributionMap":{}},{"hash":"df52c0fe8fe328dd2993e439ebe1c39021f225b4","isMergeCommit":true,"messageTitle":"Merge pull request #96 from gavinsoh/list-incomplete","messageBody":"Add ListIncompleteCommand","fileTypesAndContributionMap":{}},{"hash":"a45cc364643dcdd8da7374f293ad74699c50453a","isMergeCommit":true,"messageTitle":"Resolve merge conflict","messageBody":"","fileTypesAndContributionMap":{}},{"hash":"793bd08e7d4b955e851676759232bb1800ae4f51","isMergeCommit":true,"messageTitle":"Merge pull request #105 from gavinsoh/update-puml","messageBody":"Update CommitActivityDiagram Class","fileTypesAndContributionMap":{}}]},{"date":"2024-10-24","commitResults":[{"hash":"1c9fe1d7341f10af23a0b6d0e062e602ac7807fc","isMergeCommit":false,"messageTitle":"Update ModelClassDiagram to reflect Task","messageBody":"","fileTypesAndContributionMap":{"docs":{"insertions":7,"deletions":1}}},{"hash":"31e04d438318a84b46db8e5599d243c8aec987ec","isMergeCommit":true,"messageTitle":"Merge pull request #113 from yixianggg/update-ug","messageBody":"Update ug","tags":["v1.4"],"fileTypesAndContributionMap":{}}]},{"date":"2024-11-02","commitResults":[{"hash":"5309f02369781b28b68b4da47a364ccca88b2f29","isMergeCommit":false,"messageTitle":"Update HelpWindow.java for new commands","messageBody":"","fileTypesAndContributionMap":{"functional-code":{"insertions":21,"deletions":8}}},{"hash":"07af4e7518063b458979f8eccd5aede2bb915783","isMergeCommit":false,"messageTitle":"Rearrange main window","messageBody":"","fileTypesAndContributionMap":{"functional-code":{"insertions":33,"deletions":21}}},{"hash":"2f85df7f85904ec17772107aa61c4fd74b69ab10","isMergeCommit":false,"messageTitle":"Change colour of tasks","messageBody":"","fileTypesAndContributionMap":{"functional-code":{"insertions":53,"deletions":2}}},{"hash":"e242100a3e31519d452e2f3716f0de21af75c1d1","isMergeCommit":false,"messageTitle":"Fix checkstyle errors","messageBody":"","fileTypesAndContributionMap":{"functional-code":{"insertions":4,"deletions":8}}}]},{"date":"2024-11-04","commitResults":[{"hash":"a36b3837596e328a4db148c2f00ce1656b3e6951","isMergeCommit":false,"messageTitle":"Fix filtered tasks still showing","messageBody":"","fileTypesAndContributionMap":{"functional-code":{"insertions":5,"deletions":4}}},{"hash":"fb899d6d5f7b70a8bb31c8e17d36c3931b929c21","isMergeCommit":false,"messageTitle":"Fix task color bug","messageBody":"","fileTypesAndContributionMap":{"functional-code":{"insertions":18,"deletions":8}}}]},{"date":"2024-11-05","commitResults":[{"hash":"c0b92bbb262a27f02cf0eaacb0a48ed9f490443e","isMergeCommit":true,"messageTitle":"Merge pull request #155 from gavinsoh/fix-tasklist","messageBody":"Fix tasks not saving their completion status","fileTypesAndContributionMap":{}},{"hash":"87a00efe12825d5434831dfec0742e83919ba119","isMergeCommit":true,"messageTitle":"Merge pull request #157 from gavinsoh/update-UG","messageBody":"Update UG","fileTypesAndContributionMap":{}}]}],"yixianggg":[{"date":"2024-10-02","commitResults":[{"hash":"2b9492bc859f300e141f8dc3d562f10e6ee91c49","isMergeCommit":false,"messageTitle":"Update AboutUs.md for yixianggg","messageBody":"","fileTypesAndContributionMap":{"docs":{"insertions":2,"deletions":2}}},{"hash":"22078a8245265c593e248ef59c193e7566497617","isMergeCommit":false,"messageTitle":"Update AboutUs.md for yixianggg, add in image link","messageBody":"","fileTypesAndContributionMap":{"docs":{"insertions":3,"deletions":2}}},{"hash":"062ebb1b3a9631cf95db2f8513cbe24b3275c6ae","isMergeCommit":true,"messageTitle":"add gavin photo","messageBody":"","fileTypesAndContributionMap":{}},{"hash":"48e80557ca7545366c4cbf6e7375474fb4647d71","isMergeCommit":true,"messageTitle":"add benji photo","messageBody":"","fileTypesAndContributionMap":{}},{"hash":"31ef01afcbb208f3506de8c46f59f4b6b093e6fc","isMergeCommit":true,"messageTitle":"add xinweichong photo","messageBody":"","fileTypesAndContributionMap":{}},{"hash":"e1ccb5ad601a00d3c05c4d3a197c400e2b7696f9","isMergeCommit":true,"messageTitle":"add yixianggg photo","messageBody":"","fileTypesAndContributionMap":{}},{"hash":"9d820a4fad23270595fa162cdfed4979cb9ed1b0","isMergeCommit":true,"messageTitle":"add jarrel photo","messageBody":"","fileTypesAndContributionMap":{}},{"hash":"036ecf976c081b32e80a71b1e2aa279c6f1ce2ff","isMergeCommit":true,"messageTitle":"Merge pull request #32 from xinweichong/update-aboutus-xinweichong","messageBody":"Update AboutUS for xinweichong","fileTypesAndContributionMap":{}},{"hash":"25f76bd88b3a830cd4d08edda8b353dde3e7355c","isMergeCommit":true,"messageTitle":"Add xinwei about-us","messageBody":"","fileTypesAndContributionMap":{}},{"hash":"eb783b6234bc3ca57416d21835800f15bbf97216","isMergeCommit":true,"messageTitle":"Merge pull request #38 from yixianggg/add-about-us","messageBody":"Update AboutUs for yixianggg","fileTypesAndContributionMap":{}},{"hash":"0d60c7b2b5d5b46ce8bff9db3c55d4d3ec50c9eb","isMergeCommit":true,"messageTitle":"Merge pull request #31 from benjiBase/update-aboutus","messageBody":"Update Benjamin\u0027s AboutUs page","fileTypesAndContributionMap":{}},{"hash":"7eb7ae2e4bd831f4644f2e3d8885801992a9639e","isMergeCommit":true,"messageTitle":"Merge pull request #41 from jarrellc1/update-aboutUs-jarrellc1","messageBody":"Update about us jarrellc1","fileTypesAndContributionMap":{}},{"hash":"30d388982ad513a1c6474193c8c5fd654e4f5073","isMergeCommit":false,"messageTitle":"Update ReadMe for NovaCare","messageBody":"","fileTypesAndContributionMap":{"docs":{"insertions":6,"deletions":5}}},{"hash":"b4af39dde7d9f28f2d19ade9762c7887b8cb7c8d","isMergeCommit":true,"messageTitle":"Merge pull request #45 from yixianggg/update-readme","messageBody":"Update ReadMe for NovaCare","fileTypesAndContributionMap":{}}]},{"date":"2024-10-03","commitResults":[{"hash":"c61b9d02caffc8547d53f99e9d7359cfe770fb5a","isMergeCommit":false,"messageTitle":"Update ReadMe to remove traces of AB3","messageBody":"","fileTypesAndContributionMap":{"docs":{"insertions":7,"deletions":9}}},{"hash":"2023b66207d69b29433820716d2b0c4208eb514d","isMergeCommit":true,"messageTitle":"Merge pull request #49 from yixianggg/update-readme","messageBody":"Update ReadMe to remove traces of AB3","fileTypesAndContributionMap":{}},{"hash":"317cabfd7bcd2d7ee4337f96c3a6cb45c72884cb","isMergeCommit":true,"messageTitle":"Merge pull request #50 from xinweichong/update-dg","messageBody":"Update DG to remove traces of AB3","fileTypesAndContributionMap":{}},{"hash":"107577809b4262ea4945b1a8f411b33a51340f48","isMergeCommit":false,"messageTitle":"Add new EmergencyContactCommand class and update parser","messageBody":"","fileTypesAndContributionMap":{"functional-code":{"insertions":35,"deletions":0}}},{"hash":"81766d5e70d431b9ed47bd7b4f11e370af43c1af","isMergeCommit":false,"messageTitle":"Add EmergencyContactCommandTest class and update parser test","messageBody":"","fileTypesAndContributionMap":{"test-code":{"insertions":27,"deletions":0}}},{"hash":"7bf2c0bf627ec53e261f8c1d5d0fe9eef3f22a77","isMergeCommit":false,"messageTitle":"Enhance EmergencyContactCommand to accept parameters","messageBody":"EmergencyContactCommand does not accept any parameters or throw any\nexceptions.\n\nEmergencyContactCommand has to accept parameters to allow adding of\nemergency contacts.\n\nEdit EmergencyContactCommand class to accept parameters for\nemergencyContactName and emergencyContactNumber, as well as for it to\nthrow exceptions for errors.\n\nAllows for EmergencyContactCommand to be parsed.\n","fileTypesAndContributionMap":{"functional-code":{"insertions":76,"deletions":2}}},{"hash":"40eb9e253c4eaab53c8a32430ea9b059b794d747","isMergeCommit":false,"messageTitle":"Update command and parser tests, add EmergencyContactCommandParserTest","messageBody":"","fileTypesAndContributionMap":{"test-code":{"insertions":96,"deletions":4}}},{"hash":"9c20852bfe51f2f692cee32cf8efb40d9458c76b","isMergeCommit":false,"messageTitle":"Fix checkstyle errors","messageBody":"","fileTypesAndContributionMap":{"functional-code":{"insertions":1,"deletions":1},"test-code":{"insertions":0,"deletions":1}}},{"hash":"9ca4f7f37f6ab75327e4b01db3e4c2d239dae283","isMergeCommit":true,"messageTitle":"Merge pull request #53 from xinweichong/create-tasklist","messageBody":"Create TaskList class","fileTypesAndContributionMap":{}},{"hash":"93e07ce55d7d3b90e7f86faa2112b9956c832e06","isMergeCommit":false,"messageTitle":"Add and integrate remark tasks, update tests","messageBody":"","fileTypesAndContributionMap":{"functional-code":{"insertions":60,"deletions":13},"test-code":{"insertions":17,"deletions":18}}},{"hash":"40af2189ad1ae430f6c6fcc92341865acc43f82a","isMergeCommit":false,"messageTitle":"Add placeholder element and modify Person to support EmergencyContact","messageBody":"","fileTypesAndContributionMap":{"functional-code":{"insertions":33,"deletions":10}}},{"hash":"ae42acb2a52c9efcf5d87229b4572b2eb583b470","isMergeCommit":false,"messageTitle":"Update PersonBuilder class with EmergencyContact implementation","messageBody":"","fileTypesAndContributionMap":{"test-code":{"insertions":15,"deletions":1}}},{"hash":"6a90c8d81a016bb5d283de23b5ac95cb9d14ff02","isMergeCommit":false,"messageTitle":"Fix checkstyle and update toStringMethod in PersonTest","messageBody":"","fileTypesAndContributionMap":{"functional-code":{"insertions":4,"deletions":2},"test-code":{"insertions":2,"deletions":1}}}]},{"date":"2024-10-05","commitResults":[{"hash":"c718786bfac7426e29d030ed7b63a3600901f7c5","isMergeCommit":false,"messageTitle":"Update storage to incorporate emergency contacts","messageBody":"","fileTypesAndContributionMap":{"functional-code":{"insertions":14,"deletions":2},"test-code":{"insertions":25,"deletions":21}}},{"hash":"5a625e39ac8084f9b7f57338c087b3d5224c19c2","isMergeCommit":false,"messageTitle":"Update EmergencyContactCommand and parser to show contacts","messageBody":"","fileTypesAndContributionMap":{"functional-code":{"insertions":33,"deletions":6},"test-code":{"insertions":72,"deletions":6}}}]},{"date":"2024-10-10","commitResults":[{"hash":"9c3a2737a4469e93092628a1b117c6dd27fc0586","isMergeCommit":true,"messageTitle":"Merge pull request #67 from xinweichong/create-tasklist","messageBody":"Add PriorityCommandParserTest.java","fileTypesAndContributionMap":{}},{"hash":"fff5e5d471d92db0ac0e236705d96742b8254916","isMergeCommit":false,"messageTitle":"Edit Javadoc in EmergencyContactCommandParser class","messageBody":"","fileTypesAndContributionMap":{"functional-code":{"insertions":3,"deletions":3}}}]},{"date":"2024-10-13","commitResults":[{"hash":"d609d903069c02153d979eb8d39999efef998b5e","isMergeCommit":false,"messageTitle":"Edit logic in emergency contact to prevent overriding","messageBody":"EmergencyContactCommand allows for user to override previous emergency\ncontact of Person.\n\nAdd logic in execute() method of EmergencyContactCommand to check if\nemergency contact already exists in person to be edited\n\nPrevents emergency contact to be changed through the emergency command,\nreducing possibilities of mistakes in which the index may be entered\nwrongly which would change the wrong emergency contact\n","fileTypesAndContributionMap":{"functional-code":{"insertions":9,"deletions":0}}},{"hash":"1d309845c15ccee9d158c763d496e3bbcae84b59","isMergeCommit":false,"messageTitle":"Edit naming typos in EmergencyContactCommandTest class","messageBody":"","fileTypesAndContributionMap":{"test-code":{"insertions":2,"deletions":2}}},{"hash":"517ef0ae8e0876121f1e2ece9ccfeeb21c061832","isMergeCommit":false,"messageTitle":"Update emergencyContactCommand tests","messageBody":"Test cases fail due to new changes in emergencyContactCommand logic in\nwhich emergency contacts now cannot be overridden.\n\nUpdate add emergency command test case to use different Person with no\nemergency contact to begin with. Remove delete emergency contact test\nwhich will be implemented in the future along with the delete function.\nAdd new test case to test that attempts to override an emergency\ncontact results in a thrown exception.\n\nTo ensure that test cases are up to date and able to ensure the\nfunctionality of the product.\n","fileTypesAndContributionMap":{"test-code":{"insertions":24,"deletions":10}}},{"hash":"46e1df987f17cdb0b3b5a3982085b0b8a4573c5d","isMergeCommit":false,"messageTitle":"Add test case in EmergencyContactCommandTest to test delete message","messageBody":"","fileTypesAndContributionMap":{"test-code":{"insertions":5,"deletions":8}}},{"hash":"bb14a8ab2f431cfeed203a0747dba82f3cfe6e2c","isMergeCommit":false,"messageTitle":"Edit logic in execute() method for EmergencyContactCommand","messageBody":"Current logic checks if emergency contact name field or emergency\ncontact number field is not empty, and if either is not empty it will\nthrow the override exception.\n\nBoth should be empty before disallowing the user to override the\nemergency contact.\n\nMaintains the integrity of emergency contact such that it has to have\nboth a name and number.\n","fileTypesAndContributionMap":{"functional-code":{"insertions":2,"deletions":2}}},{"hash":"1fa5f6bac846ef55de8eb32bba73af0336682380","isMergeCommit":false,"messageTitle":"Add 2 tests to EmergencyContactCommandTest class to test logic","messageBody":"","fileTypesAndContributionMap":{"test-code":{"insertions":40,"deletions":2}}},{"hash":"3287a460ad27181c2de1d9a29e5e5388773d80d0","isMergeCommit":false,"messageTitle":"Edit syntax for readability","messageBody":"","fileTypesAndContributionMap":{"functional-code":{"insertions":2,"deletions":1}}}]},{"date":"2024-10-16","commitResults":[{"hash":"0a0fc92652c227ba0742afd0ba51bc6059657433","isMergeCommit":false,"messageTitle":"Add delete emergency contact function","messageBody":"","fileTypesAndContributionMap":{"functional-code":{"insertions":121,"deletions":0}}},{"hash":"699a87537efe83cbb2cef754291e102ec0eacf4d","isMergeCommit":false,"messageTitle":"Remove delete emergency contact in EmergencyContactCommandClass","messageBody":"","fileTypesAndContributionMap":{"functional-code":{"insertions":4,"deletions":6}}},{"hash":"9c50a98242201e7076d3f4726286fa01a8f45a6a","isMergeCommit":false,"messageTitle":"Add tests for DeleteEmergencyContactCommand","messageBody":"","fileTypesAndContributionMap":{"test-code":{"insertions":101,"deletions":0}}},{"hash":"8f5ea25986091a64f761b19027ee3e39617fa17a","isMergeCommit":false,"messageTitle":"Remove delete emergency contact test for EmergencyContactCommand class","messageBody":"","fileTypesAndContributionMap":{"functional-code":{"insertions":0,"deletions":1},"test-code":{"insertions":1,"deletions":15}}},{"hash":"54cf38d60cc1066794829d5e4542524706193971","isMergeCommit":false,"messageTitle":"Add tests for DeleteEmergencyContactCommandParser","messageBody":"","fileTypesAndContributionMap":{"test-code":{"insertions":31,"deletions":0}}},{"hash":"78716948acf4eeaa1bd80631ddf65ed04cce7ad0","isMergeCommit":false,"messageTitle":"Fix checkstyle in DeleteTaskCommandParserTest","messageBody":"","fileTypesAndContributionMap":{"test-code":{"insertions":2,"deletions":1}}},{"hash":"9510abdaa4d9cba61fe4960757ec9a18b715a67d","isMergeCommit":false,"messageTitle":"Add in DeleteEmergencyContactCommand test in AddressBookParserTest","messageBody":"","fileTypesAndContributionMap":{"test-code":{"insertions":8,"deletions":0}}},{"hash":"49e57875c599dcab5a7537e9b5184066d25707f1","isMergeCommit":true,"messageTitle":"Fix merge conflicts","messageBody":"","fileTypesAndContributionMap":{}}]},{"date":"2024-10-17","commitResults":[{"hash":"fca86a2df380c4c895bb2e965dc2e34e2fb0d6f1","isMergeCommit":true,"messageTitle":"Merge pull request #75 from jarrellc1/task-1.3","messageBody":"Update UserGuide to include new commands","fileTypesAndContributionMap":{}},{"hash":"8ea8b62124acb31e1bbf5577941f5126ef75ef05","isMergeCommit":true,"messageTitle":"Merge branch \u0027master\u0027 into add-emergency-contact","messageBody":"","fileTypesAndContributionMap":{}},{"hash":"7ec592893f81aa66573268c0efe2034a1739d394","isMergeCommit":true,"messageTitle":"Merge pull request #83 from benjiBase/help-command","messageBody":"Update Help command to display all our commands","fileTypesAndContributionMap":{}},{"hash":"625cd6a6001137a6d3cb0ed82d12548af29eb758","isMergeCommit":true,"messageTitle":"Merge branch \u0027master\u0027 into add-emergency-contact","messageBody":"","fileTypesAndContributionMap":{}},{"hash":"0167657af1da3fb4d9397926d86d26dd66b2a490","isMergeCommit":false,"messageTitle":"Edit TaskListCard to use StringBindings instead of map()","messageBody":"","fileTypesAndContributionMap":{"functional-code":{"insertions":6,"deletions":3}}},{"hash":"fb305748c4e9046de76ad5b82d9fcbec1a9549a8","isMergeCommit":true,"messageTitle":"Fix merge conflicts","messageBody":"","fileTypesAndContributionMap":{}}]},{"date":"2024-10-20","commitResults":[{"hash":"8014f7d645beff2d1f56531c7b849ed453037380","isMergeCommit":false,"messageTitle":"Edit logic in EmergencyContactCommand","messageBody":"Logic allows for user to input emergency contact with only one of name\nor number. There is also pre existing logic that displays emergency\ncontacts with empty fields as \"No Emergency Contact\" in the UI. This\nmeans that the user will get a success message upon inputting an\nincomplete emergency contact, yet no emergency contact will be shown.\n\nNew logic in EmergencyContactCommand is added to check that the\nemergency contact to be added does not have empty fields. If it does,\nan exception is thrown.\n\nAllows user to have more clarity when inputting an incomplete\nemergency contact, so they know that they made an error and can reinput\nthe contact properly.\n","fileTypesAndContributionMap":{"functional-code":{"insertions":4,"deletions":0}}},{"hash":"df18a67df5bbb4d675f5fafadbd2d56894b407e6","isMergeCommit":false,"messageTitle":"Store invalid parameters error message in constant","messageBody":"","fileTypesAndContributionMap":{"functional-code":{"insertions":4,"deletions":2}}},{"hash":"00a6fc212d46362b9a825f82bb48eee888e8f206","isMergeCommit":false,"messageTitle":"Add tests for inputting emergency contact with missing parameters","messageBody":"","fileTypesAndContributionMap":{"test-code":{"insertions":36,"deletions":0}}}]},{"date":"2024-10-23","commitResults":[{"hash":"2a4e019c3fc5bb32d74ce8aae501b75ac9b08f15","isMergeCommit":false,"messageTitle":"Update ModelClassDiagram for DG","messageBody":"","fileTypesAndContributionMap":{"docs":{"insertions":6,"deletions":0}}}]},{"date":"2024-10-24","commitResults":[{"hash":"76866ad7da617e7a74de4b73630e0e6432465210","isMergeCommit":false,"messageTitle":"Change UG title","messageBody":"","fileTypesAndContributionMap":{"docs":{"insertions":1,"deletions":1}}},{"hash":"0d40de1f09eb69e04cea9391a9ec4f8c9eb4a55e","isMergeCommit":true,"messageTitle":"Merge branch \u0027master\u0027 into add-emergency-contact","messageBody":"","fileTypesAndContributionMap":{}},{"hash":"6751e02206556e9eeb1302490a27700bfa35a2c2","isMergeCommit":false,"messageTitle":"Update UIClassDiagram to incorporate task list implementation","messageBody":"","fileTypesAndContributionMap":{"docs":{"insertions":7,"deletions":0}}},{"hash":"057fcf21f2661edfb6842ab4187a06e56163b325","isMergeCommit":true,"messageTitle":"Merge branch \u0027master\u0027 into update-ug","messageBody":"","fileTypesAndContributionMap":{}}]},{"date":"2024-10-30","commitResults":[{"hash":"104d2dc9455d04a08c078c376f632ecdf65c57c3","isMergeCommit":true,"messageTitle":"Merge pull request #121 from jarrellc1/bugfix","messageBody":"Fix bugs for priority command","fileTypesAndContributionMap":{}},{"hash":"562286f9af8153242c127547793d322bd8721aa1","isMergeCommit":false,"messageTitle":"Fix duplicate emergency contacts to not throw exception","messageBody":"","fileTypesAndContributionMap":{"functional-code":{"insertions":1,"deletions":1},"test-code":{"insertions":3,"deletions":2}}},{"hash":"cfcacd0a2977a29c2eced9657ba97a2c12e066c4","isMergeCommit":false,"messageTitle":"Fix emergency contact command messages to show person name only","messageBody":"","fileTypesAndContributionMap":{"functional-code":{"insertions":5,"deletions":4},"test-code":{"insertions":5,"deletions":5}}},{"hash":"f0a3032e5104bbb9ddfba1042541ac91a20a03fa","isMergeCommit":false,"messageTitle":"Fix messages in delete emergency contact to just show name and number","messageBody":"","fileTypesAndContributionMap":{"functional-code":{"insertions":10,"deletions":6},"test-code":{"insertions":7,"deletions":3}}},{"hash":"6a093d20439cf7d411ac0cff4623419021486d31","isMergeCommit":false,"messageTitle":"Edit delete emergency contact to not throw exception for empty contact","messageBody":"","fileTypesAndContributionMap":{"functional-code":{"insertions":1,"deletions":1},"test-code":{"insertions":11,"deletions":10}}},{"hash":"350fbd3a5f3c04fdf3a6d23eb55d4f9f6dfabb0e","isMergeCommit":false,"messageTitle":"Edit emergency command parser to use Name and Phone instead of Strings","messageBody":"","fileTypesAndContributionMap":{"functional-code":{"insertions":19,"deletions":3}}},{"hash":"743d3e455810e1fb3fac50b4432d4bc3238a54d3","isMergeCommit":false,"messageTitle":"Implementation change in EmergencyContact to take in Name and Phone","messageBody":"","fileTypesAndContributionMap":{"functional-code":{"insertions":33,"deletions":27},"test-code":{"insertions":2,"deletions":2}}}]},{"date":"2024-10-31","commitResults":[{"hash":"4a04adb13ef5d4a603a7d7cd1a908528d95b6faf","isMergeCommit":false,"messageTitle":"Edit tests to integrate changes to emergency contact","messageBody":"","fileTypesAndContributionMap":{"functional-code":{"insertions":3,"deletions":3},"test-code":{"insertions":55,"deletions":37}}},{"hash":"1f1a799aa7c0059db129a24e190b9e902c5a4446","isMergeCommit":false,"messageTitle":"Create constant for no name and no number emergency contact fields","messageBody":"","fileTypesAndContributionMap":{"functional-code":{"insertions":25,"deletions":12},"test-code":{"insertions":20,"deletions":16}}},{"hash":"130ffd43e5f99b4535a0fc36ad08a4e4c179af14","isMergeCommit":false,"messageTitle":"Add delemergency instructions","messageBody":"","fileTypesAndContributionMap":{"docs":{"insertions":15,"deletions":2}}}]},{"date":"2024-11-01","commitResults":[{"hash":"c70ab9a1595e8b87d2f4ee1a4ec40ace2182f185","isMergeCommit":true,"messageTitle":"Fix merge conflicts","messageBody":"","fileTypesAndContributionMap":{}}]}]},"authorFileTypeContributionMap":{"jarrellc1":{"docs":198,"functional-code":551,"test-code":460},"benjiBase":{"docs":133,"functional-code":424,"test-code":687,"other":1},"gavinsoh":{"docs":86,"functional-code":480,"test-code":734},"xinweichong":{"docs":16,"functional-code":577,"test-code":570,"other":4},"yixianggg":{"docs":36,"functional-code":371,"test-code":457}},"authorContributionVariance":{"jarrellc1":38717.535,"benjiBase":32000.096,"gavinsoh":47084.86,"xinweichong":11530.1875,"yixianggg":7031.155},"authorDisplayNameMap":{"jarrellc1":"CS2103T-F15-1 JARR..HENG","benjiBase":"CS2103T-F15-1 LIM ..AMIN","gavinsoh":"CS2103T-F15-1 SOH ..AVIN","xinweichong":"CS2103T-F15-1 CHON.. WEI","yixianggg":"CS2103T-F15-1 CHOO..IANG"}}
