{"authorDailyContributionsMap":{"colinac":[{"date":"2024-10-01","commitResults":[{"hash":"8af0a875be62d5933130b2fe4c4ac762b8af1665","isMergeCommit":false,"messageTitle":"Update AboutUs page","messageBody":"","fileTypesAndContributionMap":{"docs":{"insertions":17,"deletions":55}}},{"hash":"47a846f197dc2e57bf32d362ec26409a9a03c182","isMergeCommit":true,"messageTitle":"Merge branch \u0027master\u0027 into branch-aboutus","messageBody":"# Conflicts:\n#\tdocs/AboutUs.md\n#\tdocs/team/artillerysun.md\n","fileTypesAndContributionMap":{}}]},{"date":"2024-10-05","commitResults":[{"hash":"486d7b45b64936e923c2646ed94169496b30e6b1","isMergeCommit":true,"messageTitle":"Merge branch \u0027master\u0027 into branch-update-dg","messageBody":"","fileTypesAndContributionMap":{}},{"hash":"fb3f606cd0217216d7bdd91b0b6d9610118cb837","isMergeCommit":false,"messageTitle":"Update relevant sections","messageBody":"","fileTypesAndContributionMap":{"docs":{"insertions":15,"deletions":11}}},{"hash":"67dc830fc565e5859bcd9b5a7fa34e40b74a84f8","isMergeCommit":false,"messageTitle":"Add 2 user stories","messageBody":"","fileTypesAndContributionMap":{"docs":{"insertions":51,"deletions":1}}},{"hash":"b3bab17541872f8fcb043c7b3342b3dc1bb143a0","isMergeCommit":false,"messageTitle":"Correct archive as backup","messageBody":"","fileTypesAndContributionMap":{"docs":{"insertions":4,"deletions":4}}},{"hash":"45355042d83c8f20201ce3ae547ae23c0c5ddda9","isMergeCommit":true,"messageTitle":"Merge branch \u0027master\u0027 into branch-update-dg-usecase","messageBody":"","fileTypesAndContributionMap":{}},{"hash":"1ebc7d8b11620513015eba59f07ece005928e115","isMergeCommit":false,"messageTitle":"Correct case","messageBody":"","fileTypesAndContributionMap":{"docs":{"insertions":1,"deletions":1}}}]},{"date":"2024-10-09","commitResults":[{"hash":"8d285779c14e86b1fbd4774a76fda5de002c99b0","isMergeCommit":true,"messageTitle":"Merge pull request #50 from Jaynon/branch-add-record","messageBody":"Update Addcommand","fileTypesAndContributionMap":{}},{"hash":"a00fa60940f1070b1ae6e9ed8efe3bfc130cf61d","isMergeCommit":true,"messageTitle":"Merge pull request #51 from Jaynon/branch-add-regex","messageBody":"Update Regex","fileTypesAndContributionMap":{}},{"hash":"4f85adefb1b13391142720ca5af137992c7b40b4","isMergeCommit":true,"messageTitle":"Merge pull request #52 from Jaynon/branch-update-testcase","messageBody":"Update Testcases","fileTypesAndContributionMap":{}}]},{"date":"2024-10-10","commitResults":[{"hash":"29a2df8e9885895394e3c78787dc0fb00d834449","isMergeCommit":false,"messageTitle":"Update find to search by NRIC","messageBody":"","fileTypesAndContributionMap":{"functional-code":{"insertions":53,"deletions":6}}},{"hash":"6a77dcbe64757cedc519e0141c1dfd1a64dc431e","isMergeCommit":false,"messageTitle":"Modify existing tests to reflect field modification","messageBody":"","fileTypesAndContributionMap":{"test-code":{"insertions":14,"deletions":11}}},{"hash":"e1371e772607d5fe656411db79534973b17bb95a","isMergeCommit":false,"messageTitle":"Add testcases for NricContainsKeywordsPredicate","messageBody":"","fileTypesAndContributionMap":{"test-code":{"insertions":81,"deletions":0}}},{"hash":"20b7ee0709480e5056a65e37ce05a5435a28dc16","isMergeCommit":false,"messageTitle":"Update style","messageBody":"","fileTypesAndContributionMap":{"functional-code":{"insertions":2,"deletions":5},"test-code":{"insertions":4,"deletions":6}}}]},{"date":"2024-10-15","commitResults":[{"hash":"a886aa7b1b03b353dc32ff6bcd54e8af2c971b36","isMergeCommit":false,"messageTitle":"Remove paragraph","messageBody":"","fileTypesAndContributionMap":{"docs":{"insertions":0,"deletions":26}}},{"hash":"e38db4b97c0728d44502203a5a5f048098af424b","isMergeCommit":false,"messageTitle":"Update use case for find command","messageBody":"","fileTypesAndContributionMap":{"docs":{"insertions":3,"deletions":3}}},{"hash":"572bcb75980726211232f3ed7ea80f8ee68ff12f","isMergeCommit":false,"messageTitle":"Add a user story","messageBody":"","fileTypesAndContributionMap":{"docs":{"insertions":9,"deletions":8}}},{"hash":"6c407700c1fe1daf606b3364d2d7a46c1178210c","isMergeCommit":false,"messageTitle":"Add use case for help function","messageBody":"","fileTypesAndContributionMap":{"docs":{"insertions":10,"deletions":1}}},{"hash":"d1781a0861e25517cbfcd9a0a11db66fd2744321","isMergeCommit":true,"messageTitle":"Merge branch \u0027master\u0027 into branch-update-dg-2","messageBody":"","fileTypesAndContributionMap":{}},{"hash":"463826765170f80767cc3c4639b244e04894bc86","isMergeCommit":false,"messageTitle":"Add function to search by names","messageBody":"","fileTypesAndContributionMap":{"functional-code":{"insertions":27,"deletions":10}}},{"hash":"5b84ee0622f28fb6073a1248ffe77c9ee4aab58e","isMergeCommit":false,"messageTitle":"Fix case sensitivity","messageBody":"","fileTypesAndContributionMap":{"functional-code":{"insertions":4,"deletions":4}}},{"hash":"5a7c332ea2df3327a47395571aa36c941356f248","isMergeCommit":false,"messageTitle":"Modify existing testcase","messageBody":"","fileTypesAndContributionMap":{"test-code":{"insertions":2,"deletions":2}}},{"hash":"998dbb37b67994dbcb802d62c7fd1c41ce9eecf7","isMergeCommit":false,"messageTitle":"Add testcases for FindCommandParser","messageBody":"","fileTypesAndContributionMap":{"test-code":{"insertions":26,"deletions":3}}},{"hash":"afbfdad76bae206736fc73ad4f8f793cabb82546","isMergeCommit":false,"messageTitle":"Update tests for find command","messageBody":"","fileTypesAndContributionMap":{"test-code":{"insertions":11,"deletions":4}}},{"hash":"158b29326e6d359f04ad567b010339c8c2dd8213","isMergeCommit":false,"messageTitle":"Update tests for FindCommand","messageBody":"","fileTypesAndContributionMap":{"test-code":{"insertions":23,"deletions":7}}}]},{"date":"2024-10-16","commitResults":[{"hash":"4500382d4c1888280c63666e5d0cb2ce1d991ec7","isMergeCommit":false,"messageTitle":"Update find section of UG","messageBody":"","fileTypesAndContributionMap":{"docs":{"insertions":21,"deletions":2}}}]},{"date":"2024-10-23","commitResults":[{"hash":"b574aa6a616e9567ef3baa8b94c3197b9ef7a29c","isMergeCommit":false,"messageTitle":"Add basic appointment listing functionality","messageBody":"","fileTypesAndContributionMap":{"functional-code":{"insertions":186,"deletions":2}}},{"hash":"302745daa5bbb4cf993607275ae0429767c09710","isMergeCommit":false,"messageTitle":"Update response to incorrect date arguments","messageBody":"","fileTypesAndContributionMap":{"functional-code":{"insertions":10,"deletions":2}}},{"hash":"cd8e73b4ffbc602ee47273c3a2761e7f0ae0ad8a","isMergeCommit":false,"messageTitle":"Update BookingsCommand\u0027s message usage string","messageBody":"","fileTypesAndContributionMap":{"functional-code":{"insertions":4,"deletions":2}}},{"hash":"64658971ec02d39367a76b6795e463f3dce635a3","isMergeCommit":false,"messageTitle":"Format date in result message","messageBody":"","fileTypesAndContributionMap":{"functional-code":{"insertions":3,"deletions":1}}},{"hash":"1366f012e162134014339e55ff7670b06bee3f6b","isMergeCommit":false,"messageTitle":"Fix style","messageBody":"","fileTypesAndContributionMap":{"functional-code":{"insertions":11,"deletions":24}}},{"hash":"8af5b4c5431529e8c3451c88d8344ebe7457fe3f","isMergeCommit":false,"messageTitle":"Add text wrapping","messageBody":"","fileTypesAndContributionMap":{"functional-code":{"insertions":1,"deletions":1}}},{"hash":"61be97a48752ee16dc939e52828d5093aad70ce4","isMergeCommit":true,"messageTitle":"Merge pull request #110 from colinac/branch-list-appointments-v1.4","messageBody":"Add function to list appointments on a specified date","fileTypesAndContributionMap":{}},{"hash":"edfde64b22da9bdfbcf0a2ed8c54ce633b207df2","isMergeCommit":false,"messageTitle":"Remove HTML tags for update section of UG","messageBody":"","fileTypesAndContributionMap":{"docs":{"insertions":2,"deletions":2}}},{"hash":"f6cc25fc8955065bbb86d71a29073844bf0f33ca","isMergeCommit":false,"messageTitle":"Fix typo","messageBody":"","fileTypesAndContributionMap":{"docs":{"insertions":9,"deletions":9}}},{"hash":"a49575cd9c0395b0d40044171d7fdc8a687678a9","isMergeCommit":false,"messageTitle":"Update UG","messageBody":"","fileTypesAndContributionMap":{"docs":{"insertions":16,"deletions":1}}},{"hash":"fbfbd8a09707c462d209dfdc14e385bcd5f6fef0","isMergeCommit":false,"messageTitle":"Fix bug in BookingsCommandParser","messageBody":"","fileTypesAndContributionMap":{"functional-code":{"insertions":1,"deletions":3}}},{"hash":"2143e25aec51188f78054158cf4b8bbb99eb32cd","isMergeCommit":true,"messageTitle":"Merge branch \u0027master\u0027 into branch-list-appointments-v1.4","messageBody":"","fileTypesAndContributionMap":{}}]},{"date":"2024-10-25","commitResults":[{"hash":"45a54fab7a00aa21c87aebeadba88bb65fbea05a","isMergeCommit":false,"messageTitle":"Add multiplicities for class diagram","messageBody":"","fileTypesAndContributionMap":{"docs":{"insertions":3,"deletions":2}}},{"hash":"ad5edb76ce8449c7b9d4a457389cd59e9ecc216e","isMergeCommit":true,"messageTitle":"Merge pull request #137 from Al-ez/master","messageBody":"Modify puml file","fileTypesAndContributionMap":{}}]},{"date":"2024-10-26","commitResults":[{"hash":"938b6ce38674d5ecf720d1baa5c6355d2fcd8091","isMergeCommit":true,"messageTitle":"Merge pull request #139 from ArtillerySun/branch-addDiagram","messageBody":"add sequence diagram for updateCommand","fileTypesAndContributionMap":{}}]},{"date":"2024-10-31","commitResults":[{"hash":"20f5a6df8caee4e018df47602e039a770dd5c9e4","isMergeCommit":false,"messageTitle":"Add tests for booking functionality related classes","messageBody":"","fileTypesAndContributionMap":{"functional-code":{"insertions":6,"deletions":1},"test-code":{"insertions":332,"deletions":0}}},{"hash":"45b85d0c82487fc12e0624f694d457ae44d4d06c","isMergeCommit":false,"messageTitle":"Fix style and add JavaDoc","messageBody":"","fileTypesAndContributionMap":{"functional-code":{"insertions":12,"deletions":2},"test-code":{"insertions":0,"deletions":5}}},{"hash":"09452ac2210ece8e69adc3a673dd18085f4b9df6","isMergeCommit":false,"messageTitle":"Add command usage information to help page","messageBody":"","fileTypesAndContributionMap":{"functional-code":{"insertions":273,"deletions":9}}},{"hash":"122615464b40cd46124c15e8f348e5ba67ee76fe","isMergeCommit":false,"messageTitle":"Add tests for CommandInfo","messageBody":"","fileTypesAndContributionMap":{"functional-code":{"insertions":3,"deletions":2},"test-code":{"insertions":34,"deletions":0}}},{"hash":"8b0dbdb52db1f98c6436169ab8a38c43c5127957","isMergeCommit":false,"messageTitle":"Update default string of command box","messageBody":"","fileTypesAndContributionMap":{"functional-code":{"insertions":2,"deletions":1}}},{"hash":"72ae4675c12ef4e49a281d9926ee7b77d7e4fe09","isMergeCommit":true,"messageTitle":"Merge branch \u0027master\u0027 into branch-v1.5-help-command","messageBody":"","fileTypesAndContributionMap":{}},{"hash":"6c0209e6f7cf21ac2758e6aa4f90f3db1ffdaea2","isMergeCommit":false,"messageTitle":"Update default message for command box","messageBody":"","fileTypesAndContributionMap":{"functional-code":{"insertions":1,"deletions":1}}},{"hash":"7db02143da62c17f8c8ed1733d63b9b9b8fcb67a","isMergeCommit":false,"messageTitle":"Update UG table","messageBody":"","fileTypesAndContributionMap":{"docs":{"insertions":13,"deletions":11}}},{"hash":"aa1d7f33654b7bcf42c58ce0cadd2ed592be155e","isMergeCommit":true,"messageTitle":"Merge branch \u0027branch-v1.5-help-command\u0027 of https://github.com/colinac/tp into branch-v1.5-help-command","messageBody":"","fileTypesAndContributionMap":{}},{"hash":"934ba5c90e48880c01ad18aa6967f66a94fc38f6","isMergeCommit":false,"messageTitle":"Fix whitespace","messageBody":"","fileTypesAndContributionMap":{"functional-code":{"insertions":0,"deletions":1}}},{"hash":"39f31a4cd83e2cbeb5270f0f4c1baac93a80c302","isMergeCommit":true,"messageTitle":"Merge branch \u0027master\u0027 into branch-v1.5-help-command","messageBody":"","fileTypesAndContributionMap":{}},{"hash":"987faa0bd332edf79205e1b9c0100632795c7955","isMergeCommit":true,"messageTitle":"Merge pull request #167 from Jaynon/branch-ui","messageBody":"","fileTypesAndContributionMap":{}}]},{"date":"2024-11-01","commitResults":[{"hash":"08b5c1bca301e6895948a9b13d281854c7177ed6","isMergeCommit":true,"messageTitle":"Merge pull request #168 from Jaynon/branch-ui","messageBody":"","fileTypesAndContributionMap":{}}]},{"date":"2024-11-02","commitResults":[{"hash":"6b9ee60128036023658a8f26f4b4816617e9e495","isMergeCommit":true,"messageTitle":"Merge pull request #171 from Jaynon/branch-appointment","messageBody":"","fileTypesAndContributionMap":{}}]},{"date":"2024-11-03","commitResults":[{"hash":"1ac0851ec1288733cfb4dcfcbc422010d27f28a4","isMergeCommit":false,"messageTitle":"Remove duplicate delete commands and change order of commands","messageBody":"","fileTypesAndContributionMap":{"functional-code":{"insertions":4,"deletions":8}}}]},{"date":"2024-11-04","commitResults":[{"hash":"e3959052bd2593244e5bb1cf2feb59f0bef503c7","isMergeCommit":true,"messageTitle":"Merge pull request #183 from Jaynon/branch-bug","messageBody":"","fileTypesAndContributionMap":{}}]},{"date":"2024-11-05","commitResults":[{"hash":"91fb0601cef144221212b446ebd7cb95641eceef","isMergeCommit":true,"messageTitle":"Merge pull request #187 from JellyPenguinnn/branch-backup-clear","messageBody":"","fileTypesAndContributionMap":{}},{"hash":"702eb0557aca8192136d22f3294216babce84ad6","isMergeCommit":true,"messageTitle":"Merge pull request #188 from JellyPenguinnn/branch-sort-listbackups","messageBody":"","fileTypesAndContributionMap":{}}]},{"date":"2024-11-06","commitResults":[{"hash":"5ddfd8fbabd2f27348da7dbfa4b31192b9a5ebe0","isMergeCommit":true,"messageTitle":"Merge pull request #197 from Jaynon/branch-bug","messageBody":"Update appointment","fileTypesAndContributionMap":{}},{"hash":"6a94eb82b956053b25ddc6ec2e82fa81ad59b7d9","isMergeCommit":true,"messageTitle":"Merge branch \u0027master\u0027 into branch-v1.5-misc","messageBody":"","fileTypesAndContributionMap":{}},{"hash":"54b74b8c851dbaf8a80efa07750b4a96a585c01e","isMergeCommit":false,"messageTitle":"Make help messages more consistent","messageBody":"","fileTypesAndContributionMap":{"functional-code":{"insertions":21,"deletions":22}}}]}],"Jaynon":[{"date":"2024-10-01","commitResults":[{"hash":"1dae71a99c64ca074d48e3f4ce19b7377876e064","isMergeCommit":false,"messageTitle":"Update About Us page","messageBody":"Updated AboutUs page to include my details and page\n","fileTypesAndContributionMap":{"docs":{"insertions":54,"deletions":7}}},{"hash":"b50816041ddae4564edc2ac9b44fc0b53955b147","isMergeCommit":false,"messageTitle":"Update AboutUs.md","messageBody":"Updated about page\n","fileTypesAndContributionMap":{"docs":{"insertions":1,"deletions":2}}},{"hash":"acca5f08c35697a8c352bfa6fdc0f810d58771f0","isMergeCommit":true,"messageTitle":"Merge pull request #24 from ArtillerySun/branch-aboutus","messageBody":"Update AboutUs page","fileTypesAndContributionMap":{}},{"hash":"f01316886941d47436b540d9a3cfe3e98f242e1a","isMergeCommit":true,"messageTitle":"Merge pull request #21 from colinac/branch-aboutus","messageBody":"Update AboutUs page","fileTypesAndContributionMap":{}},{"hash":"1dd39faf5f5fa2d01d85db67fa7cdc34588d5999","isMergeCommit":true,"messageTitle":"Update AboutUs.md","messageBody":"Updated to resolve merge conflict\n","fileTypesAndContributionMap":{}},{"hash":"4c1af0c2daf3d94718cda6ae38263bfb1be4e08e","isMergeCommit":false,"messageTitle":"Update page","messageBody":"Update my page\n","fileTypesAndContributionMap":{"docs":{"insertions":1,"deletions":1}}}]},{"date":"2024-10-04","commitResults":[{"hash":"ec28e19e195d4d09c7e2741ff4679d13dae550dd","isMergeCommit":false,"messageTitle":"Update Readme","messageBody":"Update Readme into ClinicBuddy\n","fileTypesAndContributionMap":{"docs":{"insertions":22,"deletions":11}}},{"hash":"fe1c0780bc71a8cefc2dbb48c0000a73d3f35b52","isMergeCommit":false,"messageTitle":"Update Readme","messageBody":"added ? to reset github serverside cache to update image\n","fileTypesAndContributionMap":{"docs":{"insertions":1,"deletions":1}}},{"hash":"d64701202818b197f71a551dc86490defb5a8105","isMergeCommit":false,"messageTitle":"Update Readme","messageBody":"updated link to CI status\n","fileTypesAndContributionMap":{"docs":{"insertions":2,"deletions":2}}},{"hash":"db1d211c019d6e5b947a914a51887884a9965363","isMergeCommit":false,"messageTitle":"Update Readme","messageBody":"updated link to CI status\n","fileTypesAndContributionMap":{"docs":{"insertions":3,"deletions":1}}},{"hash":"05800cb7be0144072b1c9d8a8e4a7a9d2f6673f4","isMergeCommit":false,"messageTitle":"Update site-wide settings","messageBody":"Update sitewide settings to ClinicBuddy\n","fileTypesAndContributionMap":{"docs":{"insertions":6,"deletions":6}}},{"hash":"2a3e4fb11a44983ab4a28d3dd445b7b1252d3cc6","isMergeCommit":true,"messageTitle":"Merge pull request #34 from JellyPenguinnn/non-functional-requirements","messageBody":"Update NFR in DeveloperGuide.md","fileTypesAndContributionMap":{}}]},{"date":"2024-10-05","commitResults":[{"hash":"b67c687a773f8c56f809acda971d2be4ee08d763","isMergeCommit":true,"messageTitle":"Merge pull request #43 from ArtillerySun/branch-updateDG","messageBody":"Update Developer Guide with 4 new use cases","fileTypesAndContributionMap":{}}]},{"date":"2024-10-07","commitResults":[{"hash":"a32fdc75fc0cd41d60209b7af5708e952c708211","isMergeCommit":true,"messageTitle":"Merge pull request #45 from JellyPenguinnn/add-function-backup-data","messageBody":"Add backup functionality increment v1.0","fileTypesAndContributionMap":{}}]},{"date":"2024-10-08","commitResults":[{"hash":"9cfd795277b5e4caa6fb9e21c30a37d297bf6490","isMergeCommit":false,"messageTitle":"Update Addcommand","messageBody":"Age, gender and nric can be added, changed prefix for address to /h\n","fileTypesAndContributionMap":{"functional-code":{"insertions":385,"deletions":18}}}]},{"date":"2024-10-09","commitResults":[{"hash":"8558797fee8a84a211337d6249f9f28567f76953","isMergeCommit":false,"messageTitle":"Update styling","messageBody":"Styling passes codecov\n","fileTypesAndContributionMap":{"functional-code":{"insertions":37,"deletions":8}}},{"hash":"de628c4182255ae245ff0e452a2888afdcaac46d","isMergeCommit":false,"messageTitle":"Update regex","messageBody":"Nric, Age and Gender has correct regex now\n","fileTypesAndContributionMap":{"functional-code":{"insertions":20,"deletions":20}}},{"hash":"3a3d19eaf5638aeed0404aa119751bfe654fb1b0","isMergeCommit":false,"messageTitle":"Update Testcases","messageBody":"Updated testcases for AddCommand\n","fileTypesAndContributionMap":{"functional-code":{"insertions":34,"deletions":6},"test-code":{"insertions":385,"deletions":41}}}]},{"date":"2024-10-10","commitResults":[{"hash":"96003ff40269ce200b3388235e91b4c334b1a6d1","isMergeCommit":true,"messageTitle":"Merge pull request #64 from Al-ez/Branch-Delete","messageBody":"Add delete function","fileTypesAndContributionMap":{}}]},{"date":"2024-10-14","commitResults":[{"hash":"f89efc20857492d9a9c13f67cf63ec3cdc50415f","isMergeCommit":false,"messageTitle":"Update name, phone and NRIC","messageBody":"Duplicates are detected by NRIC now. Phone numbers must be 8 digits now\n","fileTypesAndContributionMap":{"functional-code":{"insertions":11,"deletions":10},"test-code":{"insertions":25,"deletions":30}}},{"hash":"5e0b02a9c4ea5a4b4b06de2f393f195a0a535f82","isMergeCommit":false,"messageTitle":"Update testcases","messageBody":"Old testcases in add and update commands used names for duplicate checking, now they are changed to nric. Phone numbers \u0026 nric of typical persons and commandtestutils updated to correct specifications\n","fileTypesAndContributionMap":{"functional-code":{"insertions":1,"deletions":2},"test-code":{"insertions":8,"deletions":6}}}]},{"date":"2024-10-15","commitResults":[{"hash":"d1d5e8ba8972fa1f7e5c07bfacb6967afa754f4d","isMergeCommit":true,"messageTitle":"Merge pull request #67 from Jaynon/branch-add-record","messageBody":"","fileTypesAndContributionMap":{}},{"hash":"e4b59144a7ca1deb4b79869e880c394b3beee46b","isMergeCommit":true,"messageTitle":"Merge pull request #72 from colinac/branch-update-dg-2","messageBody":"Modify DG","fileTypesAndContributionMap":{}},{"hash":"8475f05ef01ac2548f58c40962783d36c362a9cb","isMergeCommit":false,"messageTitle":"Update User Guide","messageBody":"Updated UG to match feature specification\n","fileTypesAndContributionMap":{"functional-code":{"insertions":1,"deletions":1},"docs":{"insertions":21,"deletions":17}}}]},{"date":"2024-10-16","commitResults":[{"hash":"b5fa53520c94c76c463f1ef98f4316eba0b2169c","isMergeCommit":true,"messageTitle":"Merge pull request #79 from colinac/branch-update-ug-v1.3","messageBody":"Update find section of UG","fileTypesAndContributionMap":{}},{"hash":"99e05ee0b8dabdb8c961790f75ca4500ccc5f473","isMergeCommit":true,"messageTitle":"Merge pull request #82 from Al-ez/Branch-DeleteByIndex","messageBody":"Add delete by index function","fileTypesAndContributionMap":{}}]},{"date":"2024-10-17","commitResults":[{"hash":"cd7f105cfeee012b72a24a64daff93ec0a602eca","isMergeCommit":true,"messageTitle":"Merge pull request #83 from ArtillerySun/branch-finishUpdate","messageBody":"Update the Update function","fileTypesAndContributionMap":{}},{"hash":"c7e21102500db802b7d6cac29a1becbd4d5bd9d5","isMergeCommit":false,"messageTitle":"Update UI/UX","messageBody":"Removed all references to AB3 and replace with ClinicBuddy\n","fileTypesAndContributionMap":{"functional-code":{"insertions":6,"deletions":6}}},{"hash":"9dc7101ed95cdfc8ce6d10401e0f2abca4727fb8","isMergeCommit":false,"messageTitle":"Update style","messageBody":"Update styling\n","fileTypesAndContributionMap":{"functional-code":{"insertions":1,"deletions":1}}},{"hash":"be8cd402ba82d7cfb30662be547d19cffbc0d914","isMergeCommit":false,"messageTitle":"Update style","messageBody":"Update styling\n","fileTypesAndContributionMap":{"other":{"insertions":1,"deletions":1},"docs":{"insertions":1,"deletions":1}}},{"hash":"70b04c56a6a9e2e1c1d57ae0f7ff0e2cb5017f3c","isMergeCommit":false,"messageTitle":"Update UG","messageBody":"Added update command\n","fileTypesAndContributionMap":{"docs":{"insertions":22,"deletions":1}}}]},{"date":"2024-10-21","commitResults":[{"hash":"2ae2e07ed9aa2798709261cc4173a1f32a61f093","isMergeCommit":false,"messageTitle":"Add Appointments","messageBody":"Appointments field added\n","fileTypesAndContributionMap":{"functional-code":{"insertions":260,"deletions":16},"test-code":{"insertions":150,"deletions":34}}},{"hash":"d7c05ddd2174804fd29ad0f7365c692f99d28dca","isMergeCommit":true,"messageTitle":"Merge pull request #94 from Jaynon/branch-appointment","messageBody":"Add Appointments","fileTypesAndContributionMap":{}},{"hash":"43bfe59b697d15c2cfa7dcb618031582395a32c1","isMergeCommit":true,"messageTitle":"Merge pull request #96 from JellyPenguinnn/branch-restore","messageBody":"Add restore functionality","fileTypesAndContributionMap":{}}]},{"date":"2024-10-22","commitResults":[{"hash":"72bbac711b4c5e0205793027bdf3b5a15b586a2c","isMergeCommit":false,"messageTitle":"Add Calender","messageBody":"Added Calender to store appointments\n","fileTypesAndContributionMap":{"functional-code":{"insertions":145,"deletions":6},"test-code":{"insertions":276,"deletions":1}}},{"hash":"bde3039a5c80d92069b4ade3fdeec6e2403cd6c7","isMergeCommit":true,"messageTitle":"Merge branch \u0027master\u0027 into branch-appointment","messageBody":"","fileTypesAndContributionMap":{}},{"hash":"8dc5e0dbe6a470a062ced530f3cf93fad24db869","isMergeCommit":true,"messageTitle":"Merge pull request #97 from Jaynon/branch-appointment","messageBody":"Add Calendar","fileTypesAndContributionMap":{}},{"hash":"903340e3003fac754828343058fc70c56629a317","isMergeCommit":true,"messageTitle":"Merge pull request #106 from JellyPenguinnn/branch-remove-manual-backup","messageBody":"Comment out the parts for manual backup","fileTypesAndContributionMap":{}},{"hash":"b32406ef08e83fc8f5813b29ad0fabb482a5d387","isMergeCommit":false,"messageTitle":"Added highlighting","messageBody":"Appointments will highlight based on whether it is today, passed or over\n","fileTypesAndContributionMap":{"functional-code":{"insertions":34,"deletions":11}}},{"hash":"288471f9ba8b5b64ac81722af600db9210c5e26b","isMergeCommit":true,"messageTitle":"Mergk branch \u0027master\u0027 of https://github.com/Jaynon/tp","messageBody":"","fileTypesAndContributionMap":{}},{"hash":"3d7d2fec742d7058b727e25e2d2b796d07831a6c","isMergeCommit":false,"messageTitle":"Update Styling","messageBody":"Styling updated to pass checkStyleMain\n","fileTypesAndContributionMap":{"functional-code":{"insertions":7,"deletions":8}}},{"hash":"db4c4c21835ab3ec1f22faa9def12d2ad2fbe5d5","isMergeCommit":false,"messageTitle":"Update Styling","messageBody":"Styling updated to pass checkStyleMain\n","fileTypesAndContributionMap":{"functional-code":{"insertions":4,"deletions":4}}},{"hash":"8a33ed55fe2a6b806d014fdf8b2cca3860d70233","isMergeCommit":true,"messageTitle":"Merge pull request #107 from Jaynon/branch-appointment","messageBody":"Add highlighting for Appointment in PersonCard","fileTypesAndContributionMap":{}}]},{"date":"2024-10-23","commitResults":[{"hash":"baa647b80709679480054e8d3560fae80ea079cb","isMergeCommit":true,"messageTitle":"Merge pull request #112 from colinac/branch-ui-v1.4-master","messageBody":"Add text wrapping","fileTypesAndContributionMap":{}},{"hash":"dae3611b099ff1b7af32de3dd7e2783eb55e91ac","isMergeCommit":true,"messageTitle":"Merge pull request #114 from colinac/branch-ug-bug-v1.4","messageBody":"Remove HTML tags for update section of UG","fileTypesAndContributionMap":{}},{"hash":"d877211eb2858c4713b5a84dd5e5e0be7a9c8bc6","isMergeCommit":true,"messageTitle":"Merge pull request #115 from colinac/branch-dg-bug-v1.4","messageBody":"Fix typo","fileTypesAndContributionMap":{}},{"hash":"6f3577d3e5610d81b21055b6a5531c93c192aff2","isMergeCommit":true,"messageTitle":"Merge pull request #119 from colinac/branch-list-appointments-v1.4","messageBody":"Update UG","fileTypesAndContributionMap":{}},{"hash":"a99d51984a802c54cd316d37138bd5b32dba74e8","isMergeCommit":false,"messageTitle":"Update User Guide","messageBody":"Update help description for add and User Guide\n","fileTypesAndContributionMap":{"functional-code":{"insertions":1,"deletions":0},"docs":{"insertions":19,"deletions":11}}},{"hash":"003a47fd572da26a4f78f857b13e1df751388671","isMergeCommit":true,"messageTitle":"Merge pull request #123 from JellyPenguinnn/branch-update-restorecommand","messageBody":"","fileTypesAndContributionMap":{}}]},{"date":"2024-10-24","commitResults":[{"hash":"468c95628f2b8e055a657e20945b720ee2096a81","isMergeCommit":true,"messageTitle":"Merge pull request #126 from Al-ez/Branch-BloodType","messageBody":"Fix UI bugs","fileTypesAndContributionMap":{}},{"hash":"20e74534076a6aa01f45a319c57698ee0388303a","isMergeCommit":false,"messageTitle":"Bug fixes","messageBody":"Migrated parser from appointment to parserutils and some cleanups of its code. Fixed BookingsCommand equals comparison bug when comparing with other objects\n","fileTypesAndContributionMap":{"functional-code":{"insertions":45,"deletions":43}}},{"hash":"f78cf17749cf8f591d8f9c431e4cd615ada5a843","isMergeCommit":true,"messageTitle":"Merge pull request #128 from JellyPenguinnn/branch-update-puml","messageBody":"Update puml in DG","fileTypesAndContributionMap":{}},{"hash":"433caf37096d0ebc818bd6f1f6202efebef4a236","isMergeCommit":true,"messageTitle":"Merge pull request #131 from ArtillerySun/branch-updateUG","messageBody":"Update the User Guide and fix some bugs","tags":["v1.4"],"fileTypesAndContributionMap":{}},{"hash":"436aad4630e79d2b9e39f82ed15c9fc1efee2878","isMergeCommit":false,"messageTitle":"Update UML","messageBody":"Updated uml diagrams and some optimizations\n","fileTypesAndContributionMap":{"functional-code":{"insertions":4,"deletions":4},"docs":{"insertions":18,"deletions":1},"test-code":{"insertions":3,"deletions":2}}}]},{"date":"2024-10-25","commitResults":[{"hash":"4f8798d58073fae2d98763aed811ddee2d6ff6b0","isMergeCommit":true,"messageTitle":"Merge pull request #135 from JellyPenguinnn/branch-enable-assertion","messageBody":"Enable assertion","fileTypesAndContributionMap":{}}]},{"date":"2024-10-27","commitResults":[{"hash":"cef9a1b53d61506288f39cfcbef66291b4f93254","isMergeCommit":false,"messageTitle":"Update Appointments","messageBody":"Appointments can be set for any time in 15 minute intervals, Updated blood type to accept negative blood type groups\n","fileTypesAndContributionMap":{"functional-code":{"insertions":55,"deletions":24},"other":{"insertions":1,"deletions":1},"test-code":{"insertions":12,"deletions":2}}},{"hash":"d9906d1e3865df4d647ad4c5b7552242f83fa2e5","isMergeCommit":false,"messageTitle":"Add testcases","messageBody":"Added more testcases to Appointment, Nric, Gender and Age\n","fileTypesAndContributionMap":{"test-code":{"insertions":88,"deletions":0}}}]},{"date":"2024-10-29","commitResults":[{"hash":"2bdb0fb8c8c2e42371e5ca66026df122f1b00fd1","isMergeCommit":true,"messageTitle":"Merge pull request #142 from JellyPenguinnn/branch-improvement-one","messageBody":"Modify implementation of backup and file name","fileTypesAndContributionMap":{}},{"hash":"0fb0f89067a1ad50de759da57944a8f2e86aa3ba","isMergeCommit":true,"messageTitle":"Merge pull request #143 from JellyPenguinnn/branch-manual-backup","messageBody":"Add manual backup functionality","fileTypesAndContributionMap":{}},{"hash":"6a24fb7b841212c9e8ad97bba8d0b33da16b72a3","isMergeCommit":false,"messageTitle":"Update UI","messageBody":"Updated UI colours\n","fileTypesAndContributionMap":{"functional-code":{"insertions":2,"deletions":3}}},{"hash":"a667e4895258b8463e5a8718cb8e312e0416214c","isMergeCommit":true,"messageTitle":"Merge branch \u0027master\u0027 into branch-appointment","messageBody":"","fileTypesAndContributionMap":{}},{"hash":"5545939f064ae502862d4d38d9b35905af074a0c","isMergeCommit":false,"messageTitle":"Add Operating Hours","messageBody":"Use Hours [o/OPENING] [c/CLOSING] to set operating hours. Currently will default to 00:00 - 23:59\n","fileTypesAndContributionMap":{"functional-code":{"insertions":243,"deletions":5}}}]},{"date":"2024-10-30","commitResults":[{"hash":"c8cf5850e0f9cb0d9002da261bfee8b6c08c28b9","isMergeCommit":false,"messageTitle":"Update Style","messageBody":"Updated Styling\n","fileTypesAndContributionMap":{"functional-code":{"insertions":60,"deletions":17}}},{"hash":"c432acef92ba535faf5ba9000346af23123b2ae3","isMergeCommit":false,"messageTitle":"Update Testcase","messageBody":"Added testcases for the new feature\n","fileTypesAndContributionMap":{"functional-code":{"insertions":5,"deletions":5},"test-code":{"insertions":335,"deletions":0}}},{"hash":"c2170ecb0e8d6121651894e15dc41f441d51015b","isMergeCommit":false,"messageTitle":"Optimized code","messageBody":"Removed unnecessary code\n","fileTypesAndContributionMap":{"functional-code":{"insertions":1,"deletions":5}}},{"hash":"e2545aa9ad1978cd557347a0f34a8d8f8d7b5f00","isMergeCommit":false,"messageTitle":"Added Operating Hours UI","messageBody":"Operating hours is displayed next to Date\n","fileTypesAndContributionMap":{"functional-code":{"insertions":34,"deletions":4}}},{"hash":"638f8420edcca1e4fc78c93dcdd4c782493f734c","isMergeCommit":true,"messageTitle":"Merge pull request #148 from Jaynon/branch-appointment","messageBody":"","fileTypesAndContributionMap":{}},{"hash":"8ada58a8cce7db1e6969ddc709cb474978333323","isMergeCommit":true,"messageTitle":"Merge pull request #152 from Jaynon/branch-ui","messageBody":"","fileTypesAndContributionMap":{}},{"hash":"bb77cdb4df9d26a2356b0cacfeae258763a19063","isMergeCommit":true,"messageTitle":"Merge pull request #159 from JellyPenguinnn/branch-updateug","messageBody":"Update user guide","fileTypesAndContributionMap":{}}]},{"date":"2024-10-31","commitResults":[{"hash":"e11d380a4b7a76c9b4f94dd8dff2e7a5700c5e47","isMergeCommit":false,"messageTitle":"Update userGuide","messageBody":"Added entries for updating operating hours\n","fileTypesAndContributionMap":{"functional-code":{"insertions":9,"deletions":3},"docs":{"insertions":25,"deletions":5}}},{"hash":"7311ee7edc0eca120f05054d45816efdc59843c9","isMergeCommit":false,"messageTitle":"Update styling","messageBody":"Update styling to pass checks\n","fileTypesAndContributionMap":{"functional-code":{"insertions":1,"deletions":2}}},{"hash":"39110bebe2011b8892e7aa4bbef61e4a079fc2f0","isMergeCommit":true,"messageTitle":"Merge pull request #166 from colinac/branch-v1.5-help-command","messageBody":"Enhance help command","fileTypesAndContributionMap":{}},{"hash":"1f9f6254c24b9ae299abce9d146209d2fdf7e621","isMergeCommit":false,"messageTitle":"Update OperatingHours","messageBody":"Operating hours can be saved and parsed from addressbook.json without bugs, also added new testcases for Appointment\n","fileTypesAndContributionMap":{"functional-code":{"insertions":2,"deletions":10},"test-code":{"insertions":23,"deletions":6}}}]},{"date":"2024-11-01","commitResults":[{"hash":"e03f37fb690b6533cfa9bd94b23b471778d1c0fc","isMergeCommit":false,"messageTitle":"Update UI","messageBody":"Updated ui colours\n","fileTypesAndContributionMap":{"functional-code":{"insertions":91,"deletions":71},"docs":{"insertions":2,"deletions":1}}},{"hash":"475b1ae88cb6e2a0020e3279191647a78979eca3","isMergeCommit":false,"messageTitle":"Update OperatingHours","messageBody":"Appointments can be made on opening hour. Last appointments can only be made 15 minutes before closing\n","fileTypesAndContributionMap":{"functional-code":{"insertions":3,"deletions":3},"test-code":{"insertions":5,"deletions":1}}},{"hash":"3725ae143a9a82847398c8aba0e56f39931c5cca","isMergeCommit":false,"messageTitle":"Update OperatingHours","messageBody":"Fixed bug where changing operating hours to within 00:00 to 00:14 to allow any appointments due to underflow of closing hour after subtracting by 15 minutes\n","fileTypesAndContributionMap":{"functional-code":{"insertions":6,"deletions":1}}}]},{"date":"2024-11-02","commitResults":[{"hash":"d31a33a526f9edac5a1eb02af355b2d03ee2de7d","isMergeCommit":false,"messageTitle":"Update Testcases","messageBody":"Improved code coverage\n","fileTypesAndContributionMap":{"test-code":{"insertions":14,"deletions":0}}},{"hash":"c265b6dd88b27ffec19d67864b9289d6196fe00f","isMergeCommit":false,"messageTitle":"Update Testcases","messageBody":"Improved code coverage\n","fileTypesAndContributionMap":{"functional-code":{"insertions":8,"deletions":6}}},{"hash":"f9a06d51e050bf1d760a52c99c32704dba4938f7","isMergeCommit":false,"messageTitle":"Update Testcases","messageBody":"Improved code coverage\n","fileTypesAndContributionMap":{"test-code":{"insertions":3,"deletions":1}}}]},{"date":"2024-11-04","commitResults":[{"hash":"b664720889b795f5a6451f44b075d2b073c4b1e6","isMergeCommit":false,"messageTitle":"Update Appointments","messageBody":"Fixed bugs and updated UG\n","fileTypesAndContributionMap":{"functional-code":{"insertions":35,"deletions":10},"docs":{"insertions":27,"deletions":12},"test-code":{"insertions":33,"deletions":7}}},{"hash":"cb6c441460bd00fe31fc9429d98716cbca29cc6f","isMergeCommit":true,"messageTitle":"Merge pull request #176 from colinac/branch-v1.5-fix-help","messageBody":"Remove duplicate delete commands and change order of commands","fileTypesAndContributionMap":{}}]},{"date":"2024-11-05","commitResults":[{"hash":"d5b70989a2e97a86321b0492e43e580e60abdef3","isMergeCommit":false,"messageTitle":"Updated DateTime parsers","messageBody":"Set parsing to be more strict and ignore non-standard dates\n","fileTypesAndContributionMap":{"functional-code":{"insertions":12,"deletions":11}}}]},{"date":"2024-11-06","commitResults":[{"hash":"f0f03fc245da5802132ad74c7f2502c0957c97b4","isMergeCommit":true,"messageTitle":"Merge pull request #195 from Al-ez/master","messageBody":"Update deleteappt and delete function on user guide","fileTypesAndContributionMap":{}},{"hash":"ff766e8b453c746384583f2693920dee100fd1ab","isMergeCommit":true,"messageTitle":"Merge pull request #194 from ArtillerySun/branch-fixBug","messageBody":"fix bug of UpdateCommand description","fileTypesAndContributionMap":{}},{"hash":"c6fb2d9d7c4e0ef442301c0e1277f68136d643b5","isMergeCommit":false,"messageTitle":"Update appointment","messageBody":"Changed logic\n","fileTypesAndContributionMap":{"functional-code":{"insertions":14,"deletions":10},"test-code":{"insertions":4,"deletions":1}}},{"hash":"59dac898808bb6d99002548a2a072bd1ea0d4c76","isMergeCommit":true,"messageTitle":"Merge pull request #199 from colinac/branch-v1.5-misc","messageBody":"Modify UG and make help messages more consistent","fileTypesAndContributionMap":{}},{"hash":"f42552240c0b9d31380fb5df6e69535d5b4be34e","isMergeCommit":false,"messageTitle":"Update DeveloperGuide","messageBody":"Updated entries\n","fileTypesAndContributionMap":{"docs":{"insertions":35,"deletions":28}}},{"hash":"68e5e7ac4ea8b3e5b88bc1529f92b9755c4c808e","isMergeCommit":true,"messageTitle":"Merge pull request #201 from Al-ez/master","messageBody":"Make result display resizable with mouse","fileTypesAndContributionMap":{}}]}],"JellyPenguinnn":[{"date":"2024-10-01","commitResults":[{"hash":"22a587ebf2c1784a2accab67e978abd5645353f0","isMergeCommit":false,"messageTitle":"Update AboutUs page","messageBody":"","fileTypesAndContributionMap":{"docs":{"insertions":3,"deletions":3}}},{"hash":"895c02f063ea68e979747dd6f99d74170fb83eef","isMergeCommit":false,"messageTitle":"Update team/jellypenguinnn.md","messageBody":"","fileTypesAndContributionMap":{"docs":{"insertions":5,"deletions":5}}},{"hash":"4b09d682a5136f820e70a0df6db148883a59bf51","isMergeCommit":true,"messageTitle":"Merge pull request #26 from JellyPenguinnn/about-us","messageBody":"About us","fileTypesAndContributionMap":{}}]},{"date":"2024-10-04","commitResults":[{"hash":"80258fad9455ccdf4efc98a6d328fbebfcd839a9","isMergeCommit":true,"messageTitle":"Merge pull request #32 from Jaynon/branch-site-settings","messageBody":"Update site-wide settings","fileTypesAndContributionMap":{}},{"hash":"08cdc1dc9208068e567a034f8b7521ec0cc85992","isMergeCommit":false,"messageTitle":"Update NFR in DeveloperGuide.md","messageBody":"","fileTypesAndContributionMap":{"docs":{"insertions":34,"deletions":5}}},{"hash":"ae05781d6edb4eda74bc7defb56a212f2a474f7f","isMergeCommit":false,"messageTitle":"Update NFRs","messageBody":"","fileTypesAndContributionMap":{"docs":{"insertions":0,"deletions":1}}},{"hash":"c7e206a83200fc26f10c43594ef33f227005de1d","isMergeCommit":false,"messageTitle":"Remove unnecessary part in NFRs","messageBody":"","fileTypesAndContributionMap":{"docs":{"insertions":0,"deletions":1}}},{"hash":"f1ce19cd2c0a2d6dbe9916c167c3dd1bba4ffffd","isMergeCommit":false,"messageTitle":"Fix bugs in NFRs","messageBody":"","fileTypesAndContributionMap":{"docs":{"insertions":4,"deletions":3}}}]},{"date":"2024-10-05","commitResults":[{"hash":"05939e62e8061e9cc2c38c363675af756845f880","isMergeCommit":true,"messageTitle":"Merge pull request #35 from Al-ez/master","messageBody":"Update glossary and fix minor bugs","fileTypesAndContributionMap":{}},{"hash":"c3ae536fe3d22c094cb1b4c8dedd64a79fb152f1","isMergeCommit":true,"messageTitle":"Merge pull request #39 from colinac/branch-update-dg","messageBody":"Update DG - Target user, value proposition and user stories","fileTypesAndContributionMap":{}},{"hash":"90218c51ca476e031f05632b6a32402fa519da66","isMergeCommit":true,"messageTitle":"Merge pull request #40 from colinac/branch-update-dg-usecase","messageBody":"Add 2 user stories","fileTypesAndContributionMap":{}},{"hash":"78d01aa7c9651eea207d02923513dad1852d3468","isMergeCommit":true,"messageTitle":"Merge pull request #42 from colinac/branch-update-dg-usecase","messageBody":"Update DG use case and user story to reflect correct function","fileTypesAndContributionMap":{}}]},{"date":"2024-10-06","commitResults":[{"hash":"1e620a460692b211e2894db4cb55d9502446d748","isMergeCommit":false,"messageTitle":"Add backup functionality increment v1.0","messageBody":"","fileTypesAndContributionMap":{"functional-code":{"insertions":169,"deletions":11},"test-code":{"insertions":429,"deletions":68}}},{"hash":"2586d4d5a5dd39c60ad7cce7cce709f169f83681","isMergeCommit":false,"messageTitle":"Add BackupCommandParserTest","messageBody":"","fileTypesAndContributionMap":{"test-code":{"insertions":29,"deletions":0}}},{"hash":"3c2526b6deee35fb50fcb3ad00a8c120f60e56e5","isMergeCommit":false,"messageTitle":"Add more test cases","messageBody":"","fileTypesAndContributionMap":{"test-code":{"insertions":19,"deletions":0}}},{"hash":"7943a2ac110f0880c9091bbd5e7a70b5a1175d10","isMergeCommit":false,"messageTitle":"Modify test cases","messageBody":"","fileTypesAndContributionMap":{"functional-code":{"insertions":7,"deletions":1},"test-code":{"insertions":145,"deletions":0}}},{"hash":"91b14937a459ab8b6b9252da8f3e884e369b0aa4","isMergeCommit":false,"messageTitle":"Add more test cases","messageBody":"","fileTypesAndContributionMap":{"functional-code":{"insertions":20,"deletions":1},"test-code":{"insertions":14,"deletions":1}}},{"hash":"12ffb44eae2e8b4d0ac0992f8925c674be2d3d56","isMergeCommit":false,"messageTitle":"Modify test cases","messageBody":"","fileTypesAndContributionMap":{"test-code":{"insertions":64,"deletions":0}}},{"hash":"b7663d5fc6ebdbb6a2f4f280caad2c248cdd4fa3","isMergeCommit":false,"messageTitle":"Adjust test cases","messageBody":"","fileTypesAndContributionMap":{"functional-code":{"insertions":1,"deletions":0},"test-code":{"insertions":28,"deletions":14}}},{"hash":"4e421426d80795043222ee4e643ce3ba6c2783ae","isMergeCommit":false,"messageTitle":"Add test cases","messageBody":"","fileTypesAndContributionMap":{"functional-code":{"insertions":3,"deletions":2},"test-code":{"insertions":23,"deletions":0}}}]},{"date":"2024-10-10","commitResults":[{"hash":"0996cb78c5d53f1890ca5cacb28bd6dc6f2268dc","isMergeCommit":true,"messageTitle":"Merge pull request #60 from colinac/branch-find","messageBody":"Allow users to search by NRIC","fileTypesAndContributionMap":{}}]},{"date":"2024-10-15","commitResults":[{"hash":"e44bb50fc123601ffc7ac43c8ced91c26cd0e080","isMergeCommit":false,"messageTitle":"Add BackupManager class to implement the backup functionality","messageBody":"","fileTypesAndContributionMap":{"functional-code":{"insertions":266,"deletions":118},"test-code":{"insertions":146,"deletions":21}}},{"hash":"cd93590d5e2e0be3386e813d2798398f3a05f261","isMergeCommit":false,"messageTitle":"Fix minor bugs","messageBody":"","fileTypesAndContributionMap":{"docs":{"insertions":175,"deletions":97}}},{"hash":"27de49b0f785b810b7e50c5198d7832fcde97bfa","isMergeCommit":true,"messageTitle":"Merge branch \u0027master\u0027 into branch-update-backup","messageBody":"","fileTypesAndContributionMap":{}},{"hash":"9bed68c15ee5ecab3f305cf7aa14797f5fc81d7d","isMergeCommit":false,"messageTitle":"Optimize imports","messageBody":"","fileTypesAndContributionMap":{"test-code":{"insertions":11,"deletions":3}}},{"hash":"2aa537bcb51e070861946819bfa9dd97a9a1ff52","isMergeCommit":false,"messageTitle":"Add tests","messageBody":"","fileTypesAndContributionMap":{"test-code":{"insertions":181,"deletions":59}}},{"hash":"c7db13b00038312e6f856e62c76172cb4c789c73","isMergeCommit":false,"messageTitle":"Fix tests","messageBody":"","fileTypesAndContributionMap":{"functional-code":{"insertions":40,"deletions":13},"test-code":{"insertions":0,"deletions":15}}},{"hash":"541b88a31463109fc7abea5285accc615e751a5b","isMergeCommit":false,"messageTitle":"Add more tests","messageBody":"","fileTypesAndContributionMap":{"functional-code":{"insertions":1,"deletions":1},"test-code":{"insertions":69,"deletions":28}}},{"hash":"9779427e0b571965bcedc4da8ed65c8477dc21b8","isMergeCommit":false,"messageTitle":"Add tests","messageBody":"","fileTypesAndContributionMap":{"test-code":{"insertions":19,"deletions":1}}},{"hash":"1cba773b6d87f8a76947586df03ec8fd987ab5c7","isMergeCommit":false,"messageTitle":"Fix bugs","messageBody":"","fileTypesAndContributionMap":{"test-code":{"insertions":1,"deletions":1}}},{"hash":"253468eb41b38f7c1d15acceda81626d056d3f1f","isMergeCommit":false,"messageTitle":"Fix bugs","messageBody":"","fileTypesAndContributionMap":{"test-code":{"insertions":2,"deletions":11}}},{"hash":"69fb0a3b7c5c4be8bfedae36925dc719335fbd70","isMergeCommit":false,"messageTitle":"Add tests","messageBody":"","fileTypesAndContributionMap":{"functional-code":{"insertions":1,"deletions":1},"test-code":{"insertions":68,"deletions":47}}},{"hash":"dc439282abcd44c9f506edcf6f2fcdb502d62f17","isMergeCommit":false,"messageTitle":"Fix bugs","messageBody":"","fileTypesAndContributionMap":{"test-code":{"insertions":9,"deletions":8}}},{"hash":"a9d8ee7efb3b4f60c5e84f6ffcbcb406e20af063","isMergeCommit":true,"messageTitle":"Merge pull request #75 from colinac/branch-find-v1.3","messageBody":"Update find function and its tests","fileTypesAndContributionMap":{}},{"hash":"7f18387077c877659a0ad3b18dde64d93a92d320","isMergeCommit":true,"messageTitle":"Merge pull request #73 from colinac/branch-update-dg-2","messageBody":"Add use case for help function","fileTypesAndContributionMap":{}},{"hash":"f9355e0bb812414907a569d2dd7eaeeb97777f19","isMergeCommit":true,"messageTitle":"Merge branch \u0027master\u0027 into branch-update-backup","messageBody":"","fileTypesAndContributionMap":{}},{"hash":"85a48b9ab90c2810008028bdd116b500f23760de","isMergeCommit":true,"messageTitle":"Merge pull request #74 from JellyPenguinnn/branch-update-backup","messageBody":"Add BackupManager class to implement the backup functionality","fileTypesAndContributionMap":{}},{"hash":"eff6c443838ba6042289c69d5ce213b19a112026","isMergeCommit":false,"messageTitle":"Update user guide for backup functionality","messageBody":"","fileTypesAndContributionMap":{"docs":{"insertions":63,"deletions":0}}},{"hash":"4e10393737a9f7d9de9a2126aaea06fe0b1ece09","isMergeCommit":true,"messageTitle":"Merge pull request #76 from Jaynon/branch-ug","messageBody":"Update User Guide","fileTypesAndContributionMap":{}},{"hash":"f221a0d96482bca27249f21318b097f513a486ac","isMergeCommit":true,"messageTitle":"Merge branch \u0027master\u0027 into branch-update-userguide","messageBody":"","fileTypesAndContributionMap":{}},{"hash":"2542a3e96987b2c4384d01903f27a861eacdb890","isMergeCommit":true,"messageTitle":"Merge pull request #77 from JellyPenguinnn/branch-update-userguide","messageBody":"Update user guide for backup functionality","fileTypesAndContributionMap":{}}]},{"date":"2024-10-16","commitResults":[{"hash":"43ca55d649d1c3bf880455210e2e48695937a62c","isMergeCommit":false,"messageTitle":"Change the format of backup files","messageBody":"","fileTypesAndContributionMap":{"functional-code":{"insertions":134,"deletions":113},"docs":{"insertions":4,"deletions":4},"test-code":{"insertions":99,"deletions":146}}},{"hash":"ece6ba84ea7dd928ff0560318f3ee16b857dceed","isMergeCommit":false,"messageTitle":"Fix bugs","messageBody":"","fileTypesAndContributionMap":{"functional-code":{"insertions":61,"deletions":63},"docs":{"insertions":89,"deletions":58},"test-code":{"insertions":23,"deletions":22}}},{"hash":"b00b747ae30088532f2549cef42bed2b5c738da6","isMergeCommit":true,"messageTitle":"Merge branch \u0027master\u0027 into branch-enhance-backup","messageBody":"","fileTypesAndContributionMap":{}},{"hash":"9f0ad576fae72aaa61c870d2b7630514d998ca1d","isMergeCommit":false,"messageTitle":"Fix bugs","messageBody":"","fileTypesAndContributionMap":{"test-code":{"insertions":2,"deletions":2}}},{"hash":"2e236d7eff6b115a70327ec1bbd6860c31385a6c","isMergeCommit":false,"messageTitle":"Add tests","messageBody":"","fileTypesAndContributionMap":{"functional-code":{"insertions":1,"deletions":19},"test-code":{"insertions":49,"deletions":0}}},{"hash":"f876590230e9bb8897489b9a9d8c1bac57f95c44","isMergeCommit":false,"messageTitle":"Fix bugs","messageBody":"","fileTypesAndContributionMap":{"functional-code":{"insertions":0,"deletions":2},"test-code":{"insertions":1,"deletions":1}}}]},{"date":"2024-10-17","commitResults":[{"hash":"7fd7f1c2fc0cc31c1c1eab97c8e136112bf1c4da","isMergeCommit":true,"messageTitle":"Merge branch \u0027master\u0027 into branch-enhance-backup","messageBody":"","fileTypesAndContributionMap":{}},{"hash":"977269d6f672cea5933cd71cfdbd0e2c75165cbc","isMergeCommit":false,"messageTitle":"Solve trailing whitespace","messageBody":"","fileTypesAndContributionMap":{"docs":{"insertions":1,"deletions":1}}},{"hash":"56199146587edf54ef623256c0dcbdb78875d8c3","isMergeCommit":false,"messageTitle":"Solve trailing whitespace","messageBody":"","fileTypesAndContributionMap":{"docs":{"insertions":29,"deletions":25},"test-code":{"insertions":1,"deletions":1}}},{"hash":"e5130e445c064e174c48dacaac721a2a394d0b33","isMergeCommit":false,"messageTitle":"Fix bugs","messageBody":"","fileTypesAndContributionMap":{"test-code":{"insertions":2,"deletions":2}}},{"hash":"db69f18f5684e765a6d4c4aa74edb42ec6f90633","isMergeCommit":true,"messageTitle":"Merge pull request #78 from JellyPenguinnn/branch-enhance-backup","messageBody":"Change the format of backup files","fileTypesAndContributionMap":{}},{"hash":"78936910e816fa4ba82a6ef6587ea249f10b8038","isMergeCommit":true,"messageTitle":"Merge pull request #85 from Jaynon/branch-ui","messageBody":"Update UI/UX","fileTypesAndContributionMap":{}}]},{"date":"2024-10-21","commitResults":[{"hash":"da09eac0195c4e9803bdc83542a87713da6b48fd","isMergeCommit":false,"messageTitle":"Add restore functionality","messageBody":"","fileTypesAndContributionMap":{"functional-code":{"insertions":97,"deletions":7}}},{"hash":"55bc69dedd12ad6da72ac32610b0b0a47efcc18f","isMergeCommit":false,"messageTitle":"Delete backup files created by tests","messageBody":"","fileTypesAndContributionMap":{"test-code":{"insertions":41,"deletions":2}}},{"hash":"c3c546c1e392fa6f10a104ea72248cd6c28dc87f","isMergeCommit":false,"messageTitle":"Fix test","messageBody":"","fileTypesAndContributionMap":{"test-code":{"insertions":1,"deletions":1}}},{"hash":"b881eb85feabaf14cdcd20f37999ecff38696ff2","isMergeCommit":false,"messageTitle":"Fix bugs","messageBody":"","fileTypesAndContributionMap":{"functional-code":{"insertions":57,"deletions":26},"test-code":{"insertions":27,"deletions":9}}},{"hash":"777d1afc6801257ae351ea90c0317053217f9170","isMergeCommit":false,"messageTitle":"Fix bugs","messageBody":"","fileTypesAndContributionMap":{"functional-code":{"insertions":26,"deletions":13},"test-code":{"insertions":0,"deletions":26}}},{"hash":"fe1e52efb3d29fdbf31e0283cf63bdbc9fa97939","isMergeCommit":false,"messageTitle":"Add tests","messageBody":"","fileTypesAndContributionMap":{"functional-code":{"insertions":6,"deletions":1},"test-code":{"insertions":138,"deletions":0}}},{"hash":"0269ea486f02e0f44896006641abea5d685659c8","isMergeCommit":false,"messageTitle":"Fix bugs","messageBody":"","fileTypesAndContributionMap":{"test-code":{"insertions":0,"deletions":7}}}]},{"date":"2024-10-22","commitResults":[{"hash":"e3950c85cf36d73463e4b9e07530e820d9b50632","isMergeCommit":false,"messageTitle":"Update user guide for restore","messageBody":"","fileTypesAndContributionMap":{"docs":{"insertions":40,"deletions":1}}},{"hash":"468fcc13c90a7c0eaf6baa82cec20b9501353a91","isMergeCommit":false,"messageTitle":"Fix bugs","messageBody":"","fileTypesAndContributionMap":{"functional-code":{"insertions":1,"deletions":1}}},{"hash":"8c013ca30f78341265d00be9a79c7023be889e4c","isMergeCommit":true,"messageTitle":"Merge pull request #105 from JellyPenguinnn/branch-userguide-restore","messageBody":"Update user guide for restore","fileTypesAndContributionMap":{}},{"hash":"9d8e9f7133dffe6530eadfd8387765ef5faae5ff","isMergeCommit":false,"messageTitle":"Comment out the parts for manual backup","messageBody":"","fileTypesAndContributionMap":{"functional-code":{"insertions":122,"deletions":123},"docs":{"insertions":18,"deletions":42},"test-code":{"insertions":255,"deletions":261}}},{"hash":"21a1c2f912fca025995bc40c2495d1bee37a8d54","isMergeCommit":false,"messageTitle":"Update README.md","messageBody":"","fileTypesAndContributionMap":{"docs":{"insertions":2,"deletions":1}}}]},{"date":"2024-10-23","commitResults":[{"hash":"544ac97e600c9aef6240706dc6879986d5b1d5c0","isMergeCommit":true,"messageTitle":"Merge pull request #122 from Jaynon/branch-ug","messageBody":"Update User Guide","fileTypesAndContributionMap":{}},{"hash":"b60af44e2f4211e62581f1f195ebf7ae16aed025","isMergeCommit":true,"messageTitle":"Merge pull request #121 from ArtillerySun/branch-mergeUpdate","messageBody":"merge update and edit commands into one update","fileTypesAndContributionMap":{}},{"hash":"f81c0ab31988cd0cfba542834f27bc2c1dcd78d0","isMergeCommit":false,"messageTitle":"Update exception message","messageBody":"","fileTypesAndContributionMap":{"functional-code":{"insertions":1,"deletions":1}}},{"hash":"a624c34479a11c2ad9c03b985453dd708ac2743d","isMergeCommit":false,"messageTitle":"Fix bugs","messageBody":"","fileTypesAndContributionMap":{"functional-code":{"insertions":2,"deletions":1}}}]},{"date":"2024-10-24","commitResults":[{"hash":"a6e477514580dc98403cbafadd4237b5da3f20e4","isMergeCommit":true,"messageTitle":"Merge pull request #125 from Al-ez/Branch-BloodType","messageBody":"Add blood type tag and modify UI","fileTypesAndContributionMap":{}},{"hash":"7e7ad566a8d77054515bc23f7a88a1f09340bcc0","isMergeCommit":false,"messageTitle":"Update puml in DG","messageBody":"","fileTypesAndContributionMap":{"docs":{"insertions":5,"deletions":0}}}]},{"date":"2024-10-25","commitResults":[{"hash":"38d6657f5cadea54922225ef634463ca3e86b07e","isMergeCommit":false,"messageTitle":"Enable assertion","messageBody":"","fileTypesAndContributionMap":{"other":{"insertions":4,"deletions":0}}}]},{"date":"2024-10-29","commitResults":[{"hash":"e4083acf5c8624d25cd48a74054590bd31da8647","isMergeCommit":false,"messageTitle":"Modify implementation of backup and file name","messageBody":"","fileTypesAndContributionMap":{"functional-code":{"insertions":18,"deletions":55},"test-code":{"insertions":1,"deletions":36}}},{"hash":"9e97c541d6b6ff90d5c0e8516f5a60bd194ac309","isMergeCommit":false,"messageTitle":"Add tests","messageBody":"","fileTypesAndContributionMap":{"functional-code":{"insertions":1,"deletions":1},"test-code":{"insertions":13,"deletions":0}}},{"hash":"fbd5350793226c6e8d0463094f5238afa9bb9ced","isMergeCommit":false,"messageTitle":"Fix bugs","messageBody":"","fileTypesAndContributionMap":{"test-code":{"insertions":2,"deletions":2}}},{"hash":"8e95048c447fcca07bc1d1576612b4fe49647447","isMergeCommit":false,"messageTitle":"Add tests","messageBody":"","fileTypesAndContributionMap":{"test-code":{"insertions":52,"deletions":0}}},{"hash":"6186ee30b2b9a2cb77516db9de1443e259c47c25","isMergeCommit":false,"messageTitle":"Add test","messageBody":"","fileTypesAndContributionMap":{"test-code":{"insertions":24,"deletions":37}}},{"hash":"abbb092dbb4305fb95881f46563f5eb3553a056d","isMergeCommit":false,"messageTitle":"Fix bugs","messageBody":"","fileTypesAndContributionMap":{"test-code":{"insertions":0,"deletions":2}}},{"hash":"f7a93604122fe7cd4b52bd1d663c0d2198bf5a0c","isMergeCommit":false,"messageTitle":"Add manual backup functionality","messageBody":"","fileTypesAndContributionMap":{"functional-code":{"insertions":107,"deletions":150},"test-code":{"insertions":229,"deletions":247}}},{"hash":"29e6886f75a9c583416c545950b1b8adb582ec36","isMergeCommit":false,"messageTitle":"Fix bugs","messageBody":"","fileTypesAndContributionMap":{"functional-code":{"insertions":2,"deletions":5}}},{"hash":"0221534a7f3dc1fdda5286c755fff0d6802ded70","isMergeCommit":false,"messageTitle":"Add index in front of file name","messageBody":"","fileTypesAndContributionMap":{"functional-code":{"insertions":279,"deletions":185},"test-code":{"insertions":364,"deletions":608}}}]},{"date":"2024-10-30","commitResults":[{"hash":"d2300d50c59df8249edd49e736e85c7f3aa7b723","isMergeCommit":false,"messageTitle":"Make sure the file is overwritten by sequence","messageBody":"","fileTypesAndContributionMap":{"functional-code":{"insertions":34,"deletions":30},"test-code":{"insertions":74,"deletions":38}}},{"hash":"9926f7b4d674f81c19d3bfc2a9284ac91b6b401d","isMergeCommit":false,"messageTitle":"Add list all backups functionality","messageBody":"","fileTypesAndContributionMap":{"functional-code":{"insertions":181,"deletions":71},"test-code":{"insertions":116,"deletions":17}}},{"hash":"309e2454eebd92f0af0627e2156df050e90a32e4","isMergeCommit":true,"messageTitle":"Merge branch \u0027master\u0027 into branch-indexed-filename","messageBody":"","fileTypesAndContributionMap":{}},{"hash":"b0e4b10bec805e3af862cabdce3c37771eca210e","isMergeCommit":false,"messageTitle":"Fix bugs","messageBody":"","fileTypesAndContributionMap":{"functional-code":{"insertions":2,"deletions":4},"test-code":{"insertions":7,"deletions":18}}},{"hash":"130b169d374d9707b0351c72b39d446fa8ec31ef","isMergeCommit":false,"messageTitle":"Fix bugs","messageBody":"","fileTypesAndContributionMap":{"test-code":{"insertions":10,"deletions":4}}},{"hash":"e12f4597510ad0047dd469b98ef39c85ca81cc26","isMergeCommit":false,"messageTitle":"Fix bugs","messageBody":"","fileTypesAndContributionMap":{"test-code":{"insertions":0,"deletions":10}}},{"hash":"1bcc0b3c8c6494ce31d0c129cd1ed2cc2727158a","isMergeCommit":false,"messageTitle":"Add tests","messageBody":"","fileTypesAndContributionMap":{"functional-code":{"insertions":2,"deletions":2},"test-code":{"insertions":199,"deletions":20}}},{"hash":"b184ad52c144ce3a1bd9cfce6494202e1bcf4ac7","isMergeCommit":false,"messageTitle":"Update user guide","messageBody":"","fileTypesAndContributionMap":{"docs":{"insertions":67,"deletions":70}}},{"hash":"6bc3de158ca13dbe59677b8909188b2335c8be4c","isMergeCommit":false,"messageTitle":"Add javadoc comments","messageBody":"","fileTypesAndContributionMap":{"functional-code":{"insertions":502,"deletions":62}}},{"hash":"19620fd6cde57eafb7a0e344f9f982b0d2a4f416","isMergeCommit":false,"messageTitle":"Update DG and add test","messageBody":"","fileTypesAndContributionMap":{"functional-code":{"insertions":1,"deletions":1},"docs":{"insertions":9,"deletions":8},"test-code":{"insertions":13,"deletions":6}}},{"hash":"f0fcfc9b36f9f5a41edd3e8d29608e6b474c774f","isMergeCommit":false,"messageTitle":"Add test","messageBody":"","fileTypesAndContributionMap":{"test-code":{"insertions":24,"deletions":9}}}]},{"date":"2024-10-31","commitResults":[{"hash":"652082a6a5ac72e64be025f55c1136b54f5b9e04","isMergeCommit":true,"messageTitle":"Merge pull request #160 from JellyPenguinnn/branch-add-javadoc","messageBody":"Add javadoc comments","fileTypesAndContributionMap":{}},{"hash":"8590d9261416fbd3a59f3421b84fa49c9ec5beab","isMergeCommit":true,"messageTitle":"Merge pull request #161 from Jaynon/branch-ui","messageBody":"Update UserGuide","fileTypesAndContributionMap":{}},{"hash":"1496deec11c2fca7b418233d3efd37886a40012b","isMergeCommit":true,"messageTitle":"Merge pull request #162 from ArtillerySun/branch-cleanUp","messageBody":"clean up UpdateCommandParser","fileTypesAndContributionMap":{}},{"hash":"befc61647fed5ce12c8a8bd6036bce862cca801a","isMergeCommit":true,"messageTitle":"Merge pull request #163 from colinac/branch-v1.5","messageBody":"Add tests for booking related functionality","fileTypesAndContributionMap":{}},{"hash":"8553cd65032e544fbd4eef18f61504b20c11dfa7","isMergeCommit":true,"messageTitle":"Merge pull request #164 from ArtillerySun/branch-operatingHours","messageBody":"add operatingHours into addressBook and implement json conversion for operatingHours","fileTypesAndContributionMap":{}},{"hash":"475d6e3e6511b27aaeb7d7cbfe3828f6f14016ad","isMergeCommit":true,"messageTitle":"Merge pull request #165 from Al-ez/Branch-UiUpdates1","messageBody":"Change styling of UI","fileTypesAndContributionMap":{}}]},{"date":"2024-11-05","commitResults":[{"hash":"b0e4f67a7696d1088547fdbeb55ee547b7b07ddd","isMergeCommit":false,"messageTitle":"Add backup before clearing the patient records","messageBody":"","fileTypesAndContributionMap":{"functional-code":{"insertions":62,"deletions":5},"docs":{"insertions":4,"deletions":1},"test-code":{"insertions":45,"deletions":7}}},{"hash":"99fd21c6ea40c541c2fd3810a2f2c62afbd6906a","isMergeCommit":false,"messageTitle":"Sort the backup list by timestamp","messageBody":"","fileTypesAndContributionMap":{"functional-code":{"insertions":7,"deletions":4}}},{"hash":"ffa32033755a9b90669761cd8b16601a1b911c07","isMergeCommit":true,"messageTitle":"Merge pull request #193 from Jaynon/branch-bug","messageBody":"Updated DateTime parsers","fileTypesAndContributionMap":{}}]}],"ArtillerySun":[{"date":"2024-10-01","commitResults":[{"hash":"02e953eb4cfd24b380715ec6d3618de6a852fd73","isMergeCommit":false,"messageTitle":"Update AboutUs page","messageBody":"","fileTypesAndContributionMap":{"docs":{"insertions":6,"deletions":6}}},{"hash":"fe1e7b63e00d6ce100f96925126e10674d8df5bd","isMergeCommit":true,"messageTitle":"Merge branch \u0027master\u0027 into branch-aboutus","messageBody":"","fileTypesAndContributionMap":{}},{"hash":"d33b0793e07f1da2f149be438c1d2427a349383d","isMergeCommit":true,"messageTitle":"Merge pull request #19 from Jaynon/add-aboutus","messageBody":"Update AboutUs","fileTypesAndContributionMap":{}}]},{"date":"2024-10-05","commitResults":[{"hash":"dc4834e7f88ceb70d27a06d8c9a8c56e665e9bf9","isMergeCommit":false,"messageTitle":"Update Developer Guide with 4 new use cases","messageBody":"","fileTypesAndContributionMap":{"docs":{"insertions":64,"deletions":3}}}]},{"date":"2024-10-10","commitResults":[{"hash":"f038d55bb09b679b65db3ec308255a179fe79c08","isMergeCommit":false,"messageTitle":"create command update","messageBody":"","fileTypesAndContributionMap":{"functional-code":{"insertions":399,"deletions":0},"other":{"insertions":74,"deletions":74},"test-code":{"insertions":209,"deletions":1}}},{"hash":"19447547c8863f737181513e1d2143324bfbb029","isMergeCommit":false,"messageTitle":"fix code style","messageBody":"","fileTypesAndContributionMap":{"functional-code":{"insertions":394,"deletions":395},"test-code":{"insertions":282,"deletions":284}}},{"hash":"d5d648afa99f9e404ede77e09aba4828ecd75913","isMergeCommit":true,"messageTitle":"Merge pull request #61 from ArtillerySun/branch-update","messageBody":"create command update","fileTypesAndContributionMap":{}}]},{"date":"2024-10-16","commitResults":[{"hash":"740261adc26b52af8164a8d528ae86fb5b0a7035","isMergeCommit":false,"messageTitle":"Update the Update function","messageBody":"","fileTypesAndContributionMap":{"functional-code":{"insertions":66,"deletions":13}}},{"hash":"74d288cf2f0c485b8ba36c45421e9e5f7a0574bb","isMergeCommit":false,"messageTitle":"add test cases for Update command","messageBody":"","fileTypesAndContributionMap":{"functional-code":{"insertions":29,"deletions":21},"test-code":{"insertions":246,"deletions":124}}},{"hash":"8d50704de68af3f1d96f354ffe7d4551c6328056","isMergeCommit":false,"messageTitle":"improve code quality","messageBody":"","fileTypesAndContributionMap":{"test-code":{"insertions":217,"deletions":217}}}]},{"date":"2024-10-23","commitResults":[{"hash":"c3474b4b09da698a92486e1f1227ad143e779605","isMergeCommit":false,"messageTitle":"merge update and edit commands into one update","messageBody":"","fileTypesAndContributionMap":{"functional-code":{"insertions":51,"deletions":459},"test-code":{"insertions":153,"deletions":651}}},{"hash":"96ed738f7f2fa2d44acf899d034ee34259b6b392","isMergeCommit":false,"messageTitle":"make UpdateCommand support update appointment","messageBody":"","fileTypesAndContributionMap":{"functional-code":{"insertions":68,"deletions":44},"test-code":{"insertions":198,"deletions":17}}},{"hash":"3fa3b44aeedeb722b65da530c228598a9796fa65","isMergeCommit":false,"messageTitle":"improve code quality","messageBody":"","fileTypesAndContributionMap":{"functional-code":{"insertions":2,"deletions":2},"test-code":{"insertions":10,"deletions":5}}},{"hash":"b94426bc3f115615ad3a349ed48c559b4f84879d","isMergeCommit":true,"messageTitle":"Merge pull request #124 from Al-ez/Branch-DeleteAppointment","messageBody":"Add delete appointment function","fileTypesAndContributionMap":{}}]},{"date":"2024-10-24","commitResults":[{"hash":"e0aec6f10ca7ef13298212343374342a59d0c742","isMergeCommit":false,"messageTitle":"update the User Guide","messageBody":"","fileTypesAndContributionMap":{"docs":{"insertions":12,"deletions":27}}},{"hash":"e771168da568423600310a7efbe55c68971c64a7","isMergeCommit":false,"messageTitle":"fix bugs in updateCommand","messageBody":"","fileTypesAndContributionMap":{"functional-code":{"insertions":12,"deletions":1}}},{"hash":"0119bb193ab387e4bbfc8ea8041ebd2f4c434e5d","isMergeCommit":false,"messageTitle":"fix some bugs","messageBody":"","fileTypesAndContributionMap":{"functional-code":{"insertions":4,"deletions":4},"test-code":{"insertions":1,"deletions":0}}},{"hash":"f34463b6c7220ea9adf411f2bb25eeb84566c606","isMergeCommit":true,"messageTitle":"Merge pull request #133 from Jaynon/branch-UML","messageBody":"Update UML","fileTypesAndContributionMap":{}}]},{"date":"2024-10-25","commitResults":[{"hash":"98b537b6e42d3877e265871ca696fbe56b1246db","isMergeCommit":false,"messageTitle":"add sequence diagram for updateCommand","messageBody":"","fileTypesAndContributionMap":{"docs":{"insertions":70,"deletions":0}}},{"hash":"e84bff6313dcd8d09d93d58f428a22afcaa97fa1","isMergeCommit":true,"messageTitle":"Merge pull request #138 from Al-ez/master","messageBody":"Add multiplicity to class diagram","fileTypesAndContributionMap":{}}]},{"date":"2024-10-28","commitResults":[{"hash":"6f3a18263355df86918b59f3a70bcc551b307ae1","isMergeCommit":true,"messageTitle":"Merge pull request #140 from Jaynon/branch-appointment","messageBody":"Update Appointments","fileTypesAndContributionMap":{}}]},{"date":"2024-10-30","commitResults":[{"hash":"391343e7a59c3fb44a60d7298c25156010ae0dbc","isMergeCommit":true,"messageTitle":"Merge pull request #157 from JellyPenguinnn/branch-indexed-filename","messageBody":"Branch indexed filename","fileTypesAndContributionMap":{}}]},{"date":"2024-10-31","commitResults":[{"hash":"8b6f867d8833d0a85f0fdd2b12768fc731f7bcd6","isMergeCommit":false,"messageTitle":"clean up UpdateCommandParser","messageBody":"","fileTypesAndContributionMap":{"functional-code":{"insertions":3,"deletions":16}}},{"hash":"37bf95f6e004849df972a5279304a47621c6be6d","isMergeCommit":false,"messageTitle":"add operatingHours into addressBook implement json conversion for operatingHours","messageBody":"","fileTypesAndContributionMap":{"functional-code":{"insertions":129,"deletions":14},"test-code":{"insertions":47,"deletions":1}}},{"hash":"59ac086a04cb0b07867515959872e75f97e81ae0","isMergeCommit":false,"messageTitle":"improve code quality","messageBody":"","fileTypesAndContributionMap":{"functional-code":{"insertions":48,"deletions":48},"test-code":{"insertions":40,"deletions":40}}}]},{"date":"2024-11-06","commitResults":[{"hash":"8f29fc3641f1c042b52588f594a00ad50df0e41b","isMergeCommit":false,"messageTitle":"fix bug","messageBody":"","fileTypesAndContributionMap":{"functional-code":{"insertions":1,"deletions":1}}},{"hash":"6eccabefa09b9f33657da3161d12c49356d5fc7f","isMergeCommit":true,"messageTitle":"Merge pull request #203 from Jaynon/branch-dg","messageBody":"Update DeveloperGuide","fileTypesAndContributionMap":{}}]}],"Al-ez":[{"date":"2024-10-01","commitResults":[{"hash":"0bb55b511cb9ab8f51c9664e1c49728255952fe4","isMergeCommit":false,"messageTitle":"Edit AboutUs page","messageBody":"","fileTypesAndContributionMap":{"docs":{"insertions":5,"deletions":44}}},{"hash":"4f9b4f824fd813fff1547764ed37643f4abe43d3","isMergeCommit":false,"messageTitle":"Edit AboutUs page","messageBody":"","fileTypesAndContributionMap":{"docs":{"insertions":47,"deletions":1}}},{"hash":"6833b4830af1c8198082aca1bd3c43bf26e20830","isMergeCommit":false,"messageTitle":"Edit AboutUs page","messageBody":"","fileTypesAndContributionMap":{"docs":{"insertions":1,"deletions":1}}},{"hash":"8b33a0aef603fd3a89f35d9ea0153d7fe63ee37d","isMergeCommit":false,"messageTitle":"make small change to aboutus page","messageBody":"","fileTypesAndContributionMap":{"docs":{"insertions":1,"deletions":1}}},{"hash":"8914e97b290cd4750dd56a5983684709f5c6481e","isMergeCommit":true,"messageTitle":"Merge branch \u0027master\u0027 into branch-AboutUs","messageBody":"","fileTypesAndContributionMap":{}},{"hash":"8b7415d15468004a542629516166a2a26064fd42","isMergeCommit":true,"messageTitle":"Merge pull request #27 from Al-ez/branch-AboutUs","messageBody":"Add Alez\u0027s AboutUs page","fileTypesAndContributionMap":{}}]},{"date":"2024-10-04","commitResults":[{"hash":"042267f81801f5dba1ec00968f5d8e3026b8f8fb","isMergeCommit":true,"messageTitle":"Merge pull request #31 from Jaynon/branch-readme","messageBody":"Update README","fileTypesAndContributionMap":{}}]},{"date":"2024-10-05","commitResults":[{"hash":"aa668b4d053ebf87e730627c63c543bf54d11e39","isMergeCommit":false,"messageTitle":"Update glossary and fix minor bugs","messageBody":"","fileTypesAndContributionMap":{"docs":{"insertions":6,"deletions":1}}}]},{"date":"2024-10-10","commitResults":[{"hash":"89ca16b64ddd69148e32296957d4dee7c28b0820","isMergeCommit":false,"messageTitle":"Add delete function","messageBody":"","fileTypesAndContributionMap":{"functional-code":{"insertions":26,"deletions":17},"test-code":{"insertions":83,"deletions":31}}},{"hash":"4d58fb1395a54c4cb61b1b72a013e6f443bb3509","isMergeCommit":true,"messageTitle":"Merge branch \u0027master\u0027 into master","messageBody":"","fileTypesAndContributionMap":{}},{"hash":"a7d46af09675d2f878c49c64e432a7c42bf7f5f9","isMergeCommit":false,"messageTitle":"Add delete function","messageBody":"","fileTypesAndContributionMap":{"test-code":{"insertions":0,"deletions":1}}},{"hash":"d22d0e9d813e97d02a6b686dc6e5cba3ff68d17f","isMergeCommit":true,"messageTitle":"Merge pull request #63 from Al-ez/master","messageBody":"Add delete function","fileTypesAndContributionMap":{}},{"hash":"21d18f209a1c6e77ba0b1d18b3f14f414f9c60c9","isMergeCommit":false,"messageTitle":"Add delete function","messageBody":"","fileTypesAndContributionMap":{"functional-code":{"insertions":1,"deletions":1}}}]},{"date":"2024-10-16","commitResults":[{"hash":"f370120ecbd224dd3f0da2eee702e07748c20f41","isMergeCommit":false,"messageTitle":"Add delete by index function","messageBody":"","fileTypesAndContributionMap":{"functional-code":{"insertions":57,"deletions":13},"test-code":{"insertions":61,"deletions":1}}}]},{"date":"2024-10-17","commitResults":[{"hash":"3e7d85dc5bfac933b251372b34da72ee74c4f55c","isMergeCommit":true,"messageTitle":"Merge pull request #87 from Jaynon/branch-ui","messageBody":"Update build","fileTypesAndContributionMap":{}},{"hash":"94d2be8324f2e2f0ebc12dc75d8525d438ff191f","isMergeCommit":true,"messageTitle":"Merge pull request #88 from Jaynon/branch-ui","messageBody":"Update UG","tags":["v1.3"],"fileTypesAndContributionMap":{}}]},{"date":"2024-10-23","commitResults":[{"hash":"a478af2f9d40b413fefc5d273d667b55b953e3ce","isMergeCommit":false,"messageTitle":"Add delete appointment function","messageBody":"","fileTypesAndContributionMap":{"functional-code":{"insertions":209,"deletions":2},"test-code":{"insertions":190,"deletions":6}}},{"hash":"aea18d52708c79b9c8572aeaf7a0d256cbad0fef","isMergeCommit":true,"messageTitle":"Resolve merge conflict in AddressBookParser.java","messageBody":"","fileTypesAndContributionMap":{}}]},{"date":"2024-10-24","commitResults":[{"hash":"27d1b7e8fa0ab3cc1e9fb81efaa16d57fdf84414","isMergeCommit":false,"messageTitle":"Add blood type tag and modify UI","messageBody":"","fileTypesAndContributionMap":{"functional-code":{"insertions":110,"deletions":10}}},{"hash":"ca8f6d9231b9a7c13855e07338a0cf46eb1a542d","isMergeCommit":false,"messageTitle":"Fix UI bugs","messageBody":"","fileTypesAndContributionMap":{"functional-code":{"insertions":25,"deletions":27}}},{"hash":"b03c2747b770408104a88e71cbd81bb5a40723be","isMergeCommit":false,"messageTitle":"Fix UI bugs","messageBody":"","fileTypesAndContributionMap":{"functional-code":{"insertions":9,"deletions":11}}},{"hash":"5dda19acd6e05cd2d30abf2dc2a704747d3b5a62","isMergeCommit":true,"messageTitle":"Merge pull request #130 from Jaynon/branch-appointment","messageBody":"Bug fixes","fileTypesAndContributionMap":{}}]},{"date":"2024-10-25","commitResults":[{"hash":"eab62cbdc0860665f6511c887387cc59b348220b","isMergeCommit":false,"messageTitle":"Modify puml file","messageBody":"","fileTypesAndContributionMap":{"functional-code":{"insertions":0,"deletions":1}}},{"hash":"1527813cb6605ad5f83cca09dcf888d6a2dbecae","isMergeCommit":true,"messageTitle":"Merge branch \u0027master\u0027 of https://github.com/Al-ez/tp","messageBody":"","fileTypesAndContributionMap":{}},{"hash":"fb53a2a913872bf287efa8eabb59d4ef3b07f9cb","isMergeCommit":false,"messageTitle":"Modify puml file","messageBody":"","fileTypesAndContributionMap":{"docs":{"insertions":4,"deletions":0}}},{"hash":"92dad4b7595c5f3403ba83f5ada8327f4a029651","isMergeCommit":true,"messageTitle":"Merge pull request #136 from colinac/branch-update-uml-w10","messageBody":"Add multiplicities for class diagram","fileTypesAndContributionMap":{}},{"hash":"7dd8685749b739e4364a505e2f283c3dce7e7999","isMergeCommit":false,"messageTitle":"Add multiplicity to class diagram","messageBody":"","fileTypesAndContributionMap":{"docs":{"insertions":8,"deletions":8}}}]},{"date":"2024-10-31","commitResults":[{"hash":"87c123f7cc04647a1db114704da69568bab76e0f","isMergeCommit":false,"messageTitle":"Change styling of UI","messageBody":"","fileTypesAndContributionMap":{"functional-code":{"insertions":55,"deletions":39}}}]},{"date":"2024-11-06","commitResults":[{"hash":"7b320beeb44ac047d1411ab10aa18402aa8f64ad","isMergeCommit":false,"messageTitle":"Update deleteappt and delete function on user guide","messageBody":"","fileTypesAndContributionMap":{"docs":{"insertions":33,"deletions":0}}},{"hash":"f6e71ed14d600b800826b32a1e5d3f870f09ce33","isMergeCommit":false,"messageTitle":"Fix tag regex to catch invalid inputs","messageBody":"","fileTypesAndContributionMap":{"functional-code":{"insertions":7,"deletions":2}}},{"hash":"3f18af49f38647679091e0dff87bb27c745a25f6","isMergeCommit":true,"messageTitle":"Merge pull request #198 from Al-ez/master","messageBody":"Fix tag regex to catch invalid inputs","fileTypesAndContributionMap":{}},{"hash":"ea95458173b353495dd4a360ac0ad8dbcd4c108d","isMergeCommit":false,"messageTitle":"Make result display resizable with mouse","messageBody":"","fileTypesAndContributionMap":{"functional-code":{"insertions":62,"deletions":19}}},{"hash":"2f2b1f5ac323ac4da2ff852f10350d99e58d5b94","isMergeCommit":false,"messageTitle":"Make result display resizable by mouse","messageBody":"","fileTypesAndContributionMap":{"functional-code":{"insertions":1,"deletions":2}}}]}]},"authorFileTypeContributionMap":{"colinac":{"docs":114,"functional-code":523,"test-code":497},"Jaynon":{"docs":186,"functional-code":1240,"test-code":1242,"other":1},"JellyPenguinnn":{"docs":288,"functional-code":1232,"test-code":1414,"other":2},"ArtillerySun":{"docs":144,"functional-code":608,"test-code":506},"Al-ez":{"docs":98,"functional-code":444,"test-code":271}},"authorContributionVariance":{"colinac":12813.918,"Jaynon":21644.207,"JellyPenguinnn":246325.81,"ArtillerySun":159646.1,"Al-ez":5185.554},"authorDisplayNameMap":{"colinac":"CS2103T-F11-3 CHIA..ADAM","Jaynon":"CS2103T-F11-3 JAYN.. KAI","JellyPenguinnn":"CS2103T-F11-3 TEA .. HAO","ArtillerySun":"CS2103T-F11-3 SUN ..YANG","Al-ez":"CS2103T-F11-3 ALEZ.. JIE"}}
