{"authorDailyContributionsMap":{"ritulkrsingh":[],"zacharyxzz":[{"date":"2024-09-20","commitResults":[{"hash":"e4a51449e24729664a6578373fae7ad718e4abda","isMergeCommit":false,"messageTitle":"Update README.md","messageBody":"","fileTypesAndContributionMap":{"docs":{"insertions":1,"deletions":0}}}]},{"date":"2024-09-24","commitResults":[{"hash":"ff2025a8cea07364c33b58bec16f0f5917117548","isMergeCommit":true,"messageTitle":"Merge branch \u0027switch-docs-to-markbind\u0027","messageBody":"","fileTypesAndContributionMap":{}}]}],"yu7ong":[],"Anvita2110":[],"T1duS":[]},"authorFileTypeContributionMap":{"ritulkrsingh":{"docs":0,"functional-code":0,"test-code":0},"zacharyxzz":{"docs":1,"functional-code":0,"test-code":0},"yu7ong":{"docs":0,"functional-code":0,"test-code":0},"Anvita2110":{"docs":0,"functional-code":0,"test-code":0},"T1duS":{"docs":0,"functional-code":0,"test-code":0}},"authorContributionVariance":{"ritulkrsingh":0.0,"zacharyxzz":0.16000003,"yu7ong":0.0,"Anvita2110":0.0,"T1duS":0.0},"authorDisplayNameMap":{"ritulkrsingh":"CS2103T-T17-3 SING..UMAR","zacharyxzz":"CS2103T-T17-3 XIE ..NGZE","yu7ong":"CS2103T-T17-3 LI Y..TONG","Anvita2110":"CS2103T-T17-3 PRAV..VITA","T1duS":"CS2103T-T17-3 UDIT..NGHI"}}
