{"authorDailyContributionsMap":{"oneBoz":[{"date":"2024-10-01","commitResults":[{"hash":"c89ba54ef6d48929e67ef9278263e812c537c4e9","isMergeCommit":false,"messageTitle":"Update Yi He\u0027s AboutUs page","messageBody":"","fileTypesAndContributionMap":{"docs":{"insertions":32,"deletions":52}}},{"hash":"a08c9b91f411c249c0a390961db11f6ac327a800","isMergeCommit":true,"messageTitle":"Merge branch \u0027master\u0027 into branch-AboutUs","messageBody":"","fileTypesAndContributionMap":{}}]},{"date":"2024-10-02","commitResults":[{"hash":"460a3c73a41c38b6fa609ba8917d9f003a67d832","isMergeCommit":false,"messageTitle":"Rename portfolio","messageBody":"","fileTypesAndContributionMap":{"docs":{"insertions":0,"deletions":0}}},{"hash":"cb16fdb96d687e1d9cf12e11753c27f7d82f0c8a","isMergeCommit":false,"messageTitle":"Update AboutUs.md","messageBody":"","fileTypesAndContributionMap":{"docs":{"insertions":1,"deletions":1}}}]},{"date":"2024-10-03","commitResults":[{"hash":"5b603ab61e7059580152cc6775ac4afee3214106","isMergeCommit":true,"messageTitle":"Merge pull request #43 from elliot-tang/docs-use-cases","messageBody":"Update Developer Guide with Use Cases for Adding, Editing and Deleting Contacts","fileTypesAndContributionMap":{}},{"hash":"14e2c597a6fb4dfdca806282c54eab34296dab36","isMergeCommit":false,"messageTitle":"Update developer guide","messageBody":"","fileTypesAndContributionMap":{"docs":{"insertions":13,"deletions":0}}}]},{"date":"2024-10-09","commitResults":[{"hash":"61d955653118d556b9ad9bb41e710bd072dd34b6","isMergeCommit":false,"messageTitle":"Add parent fields to UI and make UI bigger","messageBody":"","fileTypesAndContributionMap":{"functional-code":{"insertions":23,"deletions":1}}},{"hash":"1db41f54c81ff7779a602902dedd1f5ee72ea521","isMergeCommit":false,"messageTitle":"Add coverage to new getters","messageBody":"","fileTypesAndContributionMap":{"test-code":{"insertions":12,"deletions":0}}},{"hash":"0ec45eb8ab44ebfd4c3084cd0020f4293785aa2a","isMergeCommit":false,"messageTitle":"Add test coverage to code","messageBody":"","fileTypesAndContributionMap":{"test-code":{"insertions":3,"deletions":0}}},{"hash":"0aaae2e7c5e131c9e7e85dfaf3d087d18518b76e","isMergeCommit":false,"messageTitle":"Add test coverage","messageBody":"","fileTypesAndContributionMap":{"test-code":{"insertions":3,"deletions":0}}}]},{"date":"2024-10-16","commitResults":[{"hash":"1a348d32ac558744269b00b1b5e78be82748ca76","isMergeCommit":false,"messageTitle":"Add findtag command and update DG and UG","messageBody":"","fileTypesAndContributionMap":{"functional-code":{"insertions":142,"deletions":0},"docs":{"insertions":48,"deletions":1},"test-code":{"insertions":98,"deletions":0}}},{"hash":"da21885e9ab00c4210312c866cbe1ead69bc7f81","isMergeCommit":false,"messageTitle":"Update FindTagCommand","messageBody":"","fileTypesAndContributionMap":{"functional-code":{"insertions":1,"deletions":1},"docs":{"insertions":1,"deletions":1}}},{"hash":"9ff70a4547fb796cc8b966897f4dba2ae03c14d5","isMergeCommit":false,"messageTitle":"Fix AddressBookParserTest to pass all test case","messageBody":"","fileTypesAndContributionMap":{"test-code":{"insertions":5,"deletions":1}}},{"hash":"93ab2ed9343875e43ea4d442118907a100010db7","isMergeCommit":false,"messageTitle":"Add FindTagCommandParserTest","messageBody":"","fileTypesAndContributionMap":{"test-code":{"insertions":35,"deletions":1}}},{"hash":"2d05e52a2fc4d787ecbaced74f6bdbd6ca97c6a3","isMergeCommit":false,"messageTitle":"Update import sequence","messageBody":"","fileTypesAndContributionMap":{"test-code":{"insertions":3,"deletions":2}}}]},{"date":"2024-10-17","commitResults":[{"hash":"8b345dd393233cc3e7925091a659a2c90aa67ab7","isMergeCommit":false,"messageTitle":"Remove unnecessary code in find tag","messageBody":"","fileTypesAndContributionMap":{"functional-code":{"insertions":0,"deletions":1}}}]},{"date":"2024-10-22","commitResults":[{"hash":"ed266877bd4664aa230a171bb4f228f020a2ae52","isMergeCommit":false,"messageTitle":"Fix Ui size","messageBody":"","fileTypesAndContributionMap":{"functional-code":{"insertions":1,"deletions":1}}}]},{"date":"2024-10-23","commitResults":[{"hash":"b169a5f83230276db2e3f78f9e0e6b26879fd0d7","isMergeCommit":false,"messageTitle":"Add column and header in UI","messageBody":"Current UI looks congested as more parameters are being added in\n\nUI needs to look clean and readable\n\nAdded columns to utilise horizontal space\n\nLet\u0027s make UI readable\n","fileTypesAndContributionMap":{"functional-code":{"insertions":154,"deletions":20}}}]},{"date":"2024-10-24","commitResults":[{"hash":"767ed90d230d58ec41186826957dde8449a0310b","isMergeCommit":false,"messageTitle":"Add pin icon in UI","messageBody":"","fileTypesAndContributionMap":{"functional-code":{"insertions":25,"deletions":5}}},{"hash":"6b29b74ab166462b6012066a34eda5797d2998d1","isMergeCommit":false,"messageTitle":"Update model class diagram","messageBody":"","fileTypesAndContributionMap":{"docs":{"insertions":0,"deletions":4}}}]},{"date":"2024-10-25","commitResults":[{"hash":"6ab78ef7ec3ff4d2d0f07bc854102b31e07578ff","isMergeCommit":false,"messageTitle":"Update UML diagram","messageBody":"","fileTypesAndContributionMap":{"docs":{"insertions":5,"deletions":3}}},{"hash":"3e7087e44382ca5d9acdbdd37100269e6397d41f","isMergeCommit":false,"messageTitle":"Update Uml diagram","messageBody":"","fileTypesAndContributionMap":{"docs":{"insertions":10,"deletions":1}}},{"hash":"e6fc1f2961d0d8c9ec8f991379ec747303975e17","isMergeCommit":true,"messageTitle":"Merge pull request #126 from elliot-tang/better-model-uml","messageBody":"Developer Guide: Update Delete sequence diagram","fileTypesAndContributionMap":{}}]},{"date":"2024-10-30","commitResults":[{"hash":"a8d4e559f822e6204cfc5523590ac2e4a3bca440","isMergeCommit":false,"messageTitle":"Add LessonTime","messageBody":"","fileTypesAndContributionMap":{"functional-code":{"insertions":392,"deletions":51},"test-code":{"insertions":291,"deletions":52}}},{"hash":"20649e831eb83c2f2378b6c2683d17e00989cfc0","isMergeCommit":true,"messageTitle":"Merge branch \u0027master\u0027 into branch-add-time","messageBody":"","fileTypesAndContributionMap":{}},{"hash":"c72d4faef1bef308b11f1a401db329df3bc2a122","isMergeCommit":false,"messageTitle":"Fix import order","messageBody":"","fileTypesAndContributionMap":{"functional-code":{"insertions":2,"deletions":4},"test-code":{"insertions":3,"deletions":3}}},{"hash":"4b2c0796fa2fc83fa1ccf65555171924dbfc48a2","isMergeCommit":false,"messageTitle":"Fix test","messageBody":"","fileTypesAndContributionMap":{"test-code":{"insertions":14,"deletions":10}}},{"hash":"5ea1bf9f3b9b53a3fe9e5101d9898f7224054d58","isMergeCommit":false,"messageTitle":"Fix import","messageBody":"","fileTypesAndContributionMap":{"test-code":{"insertions":0,"deletions":1}}},{"hash":"7908e94f2c0f9d1957b819c8fdd7bd6284f271a1","isMergeCommit":false,"messageTitle":"Fix test","messageBody":"","fileTypesAndContributionMap":{"test-code":{"insertions":1,"deletions":1}}},{"hash":"8eec4016700edd4674cc7431b8e4bcc11f75a25a","isMergeCommit":false,"messageTitle":"Add test","messageBody":"","fileTypesAndContributionMap":{"functional-code":{"insertions":1,"deletions":1},"test-code":{"insertions":41,"deletions":7}}},{"hash":"e110a04fa3706a43e11e2d0236a1ac6eb2461cba","isMergeCommit":false,"messageTitle":"Fix test","messageBody":"","fileTypesAndContributionMap":{"test-code":{"insertions":2,"deletions":1}}}]},{"date":"2024-11-06","commitResults":[{"hash":"79990e162ef9d3c0b89054ad8ef60c61739edb2b","isMergeCommit":false,"messageTitle":"Add time","messageBody":"","fileTypesAndContributionMap":{"functional-code":{"insertions":380,"deletions":39},"test-code":{"insertions":78,"deletions":20}}},{"hash":"9be6dd34fc420a59633c51ca4f96b6681bcf07a7","isMergeCommit":false,"messageTitle":"Fix education level length","messageBody":"","fileTypesAndContributionMap":{"functional-code":{"insertions":3,"deletions":2}}},{"hash":"4064e92eada510cee9cc742baf2ce008d678f3f3","isMergeCommit":false,"messageTitle":"Change getPinned to isPinned","messageBody":"","fileTypesAndContributionMap":{"functional-code":{"insertions":3,"deletions":3}}},{"hash":"727cce81a92f702c0001da761439f733918b8192","isMergeCommit":true,"messageTitle":"Merge branch \u0027master\u0027 into branch-add-time-v2","messageBody":"","fileTypesAndContributionMap":{}},{"hash":"526fd92bcbba1648a040ad1acf7019a778d4935e","isMergeCommit":false,"messageTitle":"Fix test","messageBody":"","fileTypesAndContributionMap":{"functional-code":{"insertions":1,"deletions":0},"test-code":{"insertions":31,"deletions":16}}},{"hash":"87e51dec648d778a9b2ad08aa1c42a06870c8260","isMergeCommit":false,"messageTitle":"Fix checkstyle","messageBody":"","fileTypesAndContributionMap":{"functional-code":{"insertions":0,"deletions":1},"test-code":{"insertions":1,"deletions":1}}},{"hash":"148c701e6200a42eed89bbb84540bb6e01ff86d4","isMergeCommit":false,"messageTitle":"Add test","messageBody":"","fileTypesAndContributionMap":{"test-code":{"insertions":145,"deletions":0}}},{"hash":"2f58b058aeeb5a33f3e5fa25ba8ce3c300f9f295","isMergeCommit":false,"messageTitle":"Fix checkstyle","messageBody":"","fileTypesAndContributionMap":{"test-code":{"insertions":1,"deletions":1}}}]},{"date":"2024-11-07","commitResults":[{"hash":"33659459a85344fd1b2a518f880193b81cb65ea8","isMergeCommit":true,"messageTitle":"Merge branch \u0027master\u0027 into branch-add-time-v2","messageBody":"","fileTypesAndContributionMap":{}},{"hash":"e04d93e0be02c5788ebd00ae6ba3c4667d919d20","isMergeCommit":false,"messageTitle":"Fix conflicts","messageBody":"","fileTypesAndContributionMap":{"functional-code":{"insertions":3,"deletions":4}}},{"hash":"994f9bf77a9e09f5b3fca4ad2aed00277815ffbd","isMergeCommit":false,"messageTitle":"Update developer guide","messageBody":"","fileTypesAndContributionMap":{"docs":{"insertions":23,"deletions":8}}},{"hash":"1ad58ff3348eff5f5d0772c8d82c244a593199ed","isMergeCommit":false,"messageTitle":"Fix BetterModelDiagram","messageBody":"","fileTypesAndContributionMap":{"docs":{"insertions":3,"deletions":2}}},{"hash":"115effc4506ddd92cde0a31b5b34b93f242daa3d","isMergeCommit":false,"messageTitle":"Fix Ui","messageBody":"","fileTypesAndContributionMap":{"functional-code":{"insertions":26,"deletions":3},"docs":{"insertions":3,"deletions":3}}},{"hash":"fd55f92c1922aa09f6fbf5ff9838d85b45cd4222","isMergeCommit":true,"messageTitle":"Merge pull request #210 from IsaacPangTH/delete-caution-ug","messageBody":"Update UG: Delete command","fileTypesAndContributionMap":{}},{"hash":"e4f465a8a91f983ff2bd2ffafd2f7b296bcfd762","isMergeCommit":false,"messageTitle":"Fix Ui","messageBody":"","fileTypesAndContributionMap":{"functional-code":{"insertions":2,"deletions":2}}}]},{"date":"2024-11-10","commitResults":[{"hash":"00f074b57830d08e3fb354bf85eee81e312a8696","isMergeCommit":true,"messageTitle":"Merge pull request #308 from ckclion/branch-fix-edit","messageBody":"Fix EditCommand removing pin and archive","fileTypesAndContributionMap":{}},{"hash":"8054c1e38621f4704fc4c441df363a600accc311","isMergeCommit":false,"messageTitle":"Fix Ui truncate bug","messageBody":"","fileTypesAndContributionMap":{"functional-code":{"insertions":22,"deletions":10}}}]}],"lutfir-cpu":[{"date":"2024-09-20","commitResults":[{"hash":"4f8eee56cad0d2487022b3ddbce1620d3f3445e2","isMergeCommit":true,"messageTitle":"Merge pull request #1 from AY2425S1-CS2103T-T09-4/switch-docs-to-markbind","messageBody":"Merge switch-docs-to-markbind branch","fileTypesAndContributionMap":{}}]},{"date":"2024-10-01","commitResults":[{"hash":"9b685ea7402c0e7351fcc53eb22025881f1785c6","isMergeCommit":true,"messageTitle":"Merge pull request #17 from ckclion/branch-add-photo","messageBody":"Add Kee Chin\u0027s photo","fileTypesAndContributionMap":{}},{"hash":"e959ae16cc4975299825a386896bfa3c18842705","isMergeCommit":true,"messageTitle":"Merge pull request #9 from oneBoz/branch-add-photo","messageBody":"Add Yi He\u0027s photo","fileTypesAndContributionMap":{}},{"hash":"08b119989130b1577dc8f43930be28eaf29ad468","isMergeCommit":false,"messageTitle":"Update AboutUs, team folder","messageBody":"","fileTypesAndContributionMap":{"docs":{"insertions":27,"deletions":5}}},{"hash":"445881fb226df18d3068ffcd84780cd3476762a1","isMergeCommit":true,"messageTitle":"Merge pull request #22 from ckclion/branch-update-aboutus","messageBody":"AboutUs: Update Kee Chin\u0027s section","fileTypesAndContributionMap":{}},{"hash":"a73dfc7ad9a64299634e1b0a1d23b907785e4672","isMergeCommit":true,"messageTitle":"Merge pull request #23 from oneBoz/branch-AboutUs","messageBody":"AboutUs: Update Yi He\u0027s section","fileTypesAndContributionMap":{}},{"hash":"be309de9f3114e4f80318d44aa8310c8ef79c832","isMergeCommit":true,"messageTitle":"Merge pull request #24 from IsaacPangTH/update-aboutus","messageBody":"AboutUs: Update Isaac\u0027s section","fileTypesAndContributionMap":{}},{"hash":"2ba0b0132d6903f9222d84a2c40ffb0e87ff3682","isMergeCommit":true,"messageTitle":"Merge pull request #25 from lutfir-cpu/branch-update-lutfirs-section","messageBody":"AboutUs: Update Lutfir\u0027s Section","fileTypesAndContributionMap":{}},{"hash":"2a193d3ba40583ac919b2b451c1b1d7549a6dece","isMergeCommit":true,"messageTitle":"Merge pull request #26 from elliot-tang/update-aboutus","messageBody":"AboutUs: Update Elliot\u0027s section","fileTypesAndContributionMap":{}},{"hash":"32dc1b6dd7fe0435244fdbecf3d6767ff3615b3f","isMergeCommit":false,"messageTitle":"Fixed png","messageBody":"","fileTypesAndContributionMap":{"docs":{"insertions":1,"deletions":1}}},{"hash":"e70cd4ea7deb89f6d2c514627b83b290759cdbcd","isMergeCommit":true,"messageTitle":"Merge pull request #27 from lutfir-cpu/branch-update-lutfirs-section","messageBody":"AboutUs: Fixed Lutfir\u0027s Section","fileTypesAndContributionMap":{}}]},{"date":"2024-10-02","commitResults":[{"hash":"50c1fc94994ab680169458bb69bbc4a58f620dda","isMergeCommit":true,"messageTitle":"Merge pull request #38 from ckclion/branch-update-banners","messageBody":"Docs: Update build status badge","fileTypesAndContributionMap":{}}]},{"date":"2024-10-03","commitResults":[{"hash":"fafba7af70ba429f326c93a5e3930e8e145e1bf0","isMergeCommit":false,"messageTitle":"Add Clear and Help Use Cases","messageBody":"","fileTypesAndContributionMap":{"docs":{"insertions":40,"deletions":0}}},{"hash":"3ce460bb13514f1da2a4dfa3362e5832113eac3f","isMergeCommit":true,"messageTitle":"Merge pull request #50 from ckclion/branch-update-dg","messageBody":"Update Developer Guide with Use Cases for List, Find and Exit","fileTypesAndContributionMap":{}}]},{"date":"2024-10-08","commitResults":[{"hash":"0031f9e04dc46d2403be33d8cf4fa6268ca4a011","isMergeCommit":true,"messageTitle":"Merge pull request #53 from IsaacPangTH/parent-field","messageBody":"Person Class: Add fields for parent name and parent contact number","fileTypesAndContributionMap":{}}]},{"date":"2024-10-09","commitResults":[{"hash":"f37bd8232bfdf73fe0cb57542f9db4a477e7b21e","isMergeCommit":true,"messageTitle":"Merge pull request #55 from oneBoz/branch-add-fields-to-ui","messageBody":"Add parent fields to UI and make UI bigger","fileTypesAndContributionMap":{}},{"hash":"49cb0e21b059651a74649de69dff6efb82290fde","isMergeCommit":false,"messageTitle":"Update save functionality to support new fields: parentName, parentPhone, and parentEmail","messageBody":"","fileTypesAndContributionMap":{"functional-code":{"insertions":13,"deletions":0}}},{"hash":"3a5cd3d99e43b98f0e28f6f818c0471e99312d73","isMergeCommit":false,"messageTitle":"Update save functionality to support new fields: parentName, parentPhone, and parentEmail","messageBody":"","fileTypesAndContributionMap":{"test-code":{"insertions":19,"deletions":14}}}]},{"date":"2024-10-16","commitResults":[{"hash":"8dc601e98be7a12e553720389822419593185f9c","isMergeCommit":false,"messageTitle":"Add ArchivedPersonList class. Modify UniquePersonList to interact with new class.","messageBody":"","fileTypesAndContributionMap":{"functional-code":{"insertions":131,"deletions":0}}},{"hash":"a06dfad3c9e24e967916daf8f274d480d52846d8","isMergeCommit":true,"messageTitle":"Merge pull request #69 from IsaacPangTH/student-class","messageBody":"Model: Add Student Class","fileTypesAndContributionMap":{}}]},{"date":"2024-10-17","commitResults":[{"hash":"7d69504ebdefeebc939cb0b0df8b6bdb9406f555","isMergeCommit":false,"messageTitle":"Test ArchivedPersonList class","messageBody":"","fileTypesAndContributionMap":{"functional-code":{"insertions":5,"deletions":0},"test-code":{"insertions":221,"deletions":0}}},{"hash":"249c755c3ce3e86460e937a36b94e2dc3870c557","isMergeCommit":false,"messageTitle":"Checkstyle","messageBody":"","fileTypesAndContributionMap":{"test-code":{"insertions":8,"deletions":9}}},{"hash":"bd802720c75c1fba8d6210d6d3641f9a7a07bbc5","isMergeCommit":true,"messageTitle":"Merge pull request #86 from ckclion/branch-grade-command","messageBody":"Add Grade command","fileTypesAndContributionMap":{}},{"hash":"33d2d298dbedf2bcfe0ae112a3d8c36eb166a8eb","isMergeCommit":true,"messageTitle":"Merge pull request #88 from ckclion/branch-update-ug","messageBody":"Update user guide for grade command","tags":["v1.3"],"fileTypesAndContributionMap":{}}]},{"date":"2024-10-21","commitResults":[{"hash":"6aa381ce2a9c9712b95b4bc79f13c192f7cd56f5","isMergeCommit":false,"messageTitle":"Add UI and Parsing for archiving feature.","messageBody":"","fileTypesAndContributionMap":{"functional-code":{"insertions":100,"deletions":0}}}]},{"date":"2024-10-22","commitResults":[{"hash":"b97bf754ceb9d4d288fe975b95a365cd043ca987","isMergeCommit":true,"messageTitle":"Merge pull request #93 from ckclion/branch-grade-bugfix","messageBody":"Fix bug with grade","fileTypesAndContributionMap":{}},{"hash":"de0f3bfc5ad0781672b1051b7e5be4dc09855e68","isMergeCommit":false,"messageTitle":"Configure Model to archive students","messageBody":"","fileTypesAndContributionMap":{"functional-code":{"insertions":115,"deletions":3}}},{"hash":"224bdb00734748d7d1d207503a1ef9f7840ae26c","isMergeCommit":false,"messageTitle":"Fix checkstyle","messageBody":"","fileTypesAndContributionMap":{"functional-code":{"insertions":2,"deletions":1}}},{"hash":"17b723d33e8f54e86f1f659778952759889308d6","isMergeCommit":false,"messageTitle":"Fix checkstyle","messageBody":"","fileTypesAndContributionMap":{"functional-code":{"insertions":1,"deletions":1}}}]},{"date":"2024-10-23","commitResults":[{"hash":"9ed3005d4e80fc971ab4d09db32a340d2fc3c1cf","isMergeCommit":true,"messageTitle":"Merge pull request #95 from IsaacPangTH/parent-class","messageBody":"Model: Add Parent class","fileTypesAndContributionMap":{}},{"hash":"25b1dadfe8acb628bd5aa63ea4dbf562d4950a3a","isMergeCommit":false,"messageTitle":"Fix Checkstyle","messageBody":"","fileTypesAndContributionMap":{"functional-code":{"insertions":10,"deletions":11}}},{"hash":"17dcd3fdac369bef6afba16245552adf7ad1654b","isMergeCommit":true,"messageTitle":"Resolve conflicts between archive and pin features.","messageBody":"","fileTypesAndContributionMap":{}},{"hash":"ab49a52ecc0cfe0fbe4e67df4622f35349130493","isMergeCommit":false,"messageTitle":"Update ModelStub","messageBody":"","fileTypesAndContributionMap":{"test-code":{"insertions":20,"deletions":0}}},{"hash":"b464a55c0463da79a0ff21a3cd78e4add4abce4e","isMergeCommit":false,"messageTitle":"Update Archive Tests","messageBody":"","fileTypesAndContributionMap":{"functional-code":{"insertions":1,"deletions":1},"test-code":{"insertions":1,"deletions":1}}},{"hash":"2929fc98fe928ecca534a05b33e4fad615bb386f","isMergeCommit":false,"messageTitle":"Fix checkstyle","messageBody":"","fileTypesAndContributionMap":{"test-code":{"insertions":3,"deletions":1}}}]},{"date":"2024-10-24","commitResults":[{"hash":"01e3417656263c3355bcaddcc624b88360f59435","isMergeCommit":true,"messageTitle":"Merge pull request #108 from ckclion/branch-update-index","messageBody":"Update grade index ordering","fileTypesAndContributionMap":{}},{"hash":"a84a1aa6f4041d56696a7388252ab998311bdc15","isMergeCommit":false,"messageTitle":"Update ModelClassDiagram with ArchivedPersonList","messageBody":"","fileTypesAndContributionMap":{"docs":{"insertions":3,"deletions":0}}},{"hash":"9d1d40ddd586e48099fe3ba061bf84f4d3f9fedf","isMergeCommit":true,"messageTitle":"Merge pull request #106 from elliot-tang/add-pin-command","messageBody":"Parser: Add assertions to Delete, Pin and Unpin Commands","fileTypesAndContributionMap":{}},{"hash":"56c4d0ad8a87c9fe50ef870208ec7946a607870e","isMergeCommit":true,"messageTitle":"Merge pull request #113 from elliot-tang/add-pin-image-attribution","messageBody":"README.md: Add pin image attribution","fileTypesAndContributionMap":{}},{"hash":"7769397144601defd181c7765e4fad7ec582bdf7","isMergeCommit":true,"messageTitle":"Merge pull request #116 from ckclion/branch-add-education","messageBody":"Add education level to student","fileTypesAndContributionMap":{}},{"hash":"fc2d1861b9de69352d7f758756914390b64c17bd","isMergeCommit":true,"messageTitle":"Merge branch \u0027master\u0027 into parent-class-uml","messageBody":"","fileTypesAndContributionMap":{}},{"hash":"97ce650f8982a8e8bbaa4e201a4acee96faccadf","isMergeCommit":true,"messageTitle":"Merge pull request #119 from IsaacPangTH/parent-class-uml","messageBody":"Update Model Class Diagram with Parent class","fileTypesAndContributionMap":{}},{"hash":"c5d1089b9ce9bf6e5951ea167fe4052aeea23bdd","isMergeCommit":true,"messageTitle":"Merge pull request #120 from ckclion/branch-1.4-release","messageBody":"Prepare for 1.4 release","fileTypesAndContributionMap":{}}]},{"date":"2024-10-28","commitResults":[{"hash":"e79521b7c53ace31df7de117d6df85aa7919e1b3","isMergeCommit":false,"messageTitle":"Fix success message","messageBody":"","fileTypesAndContributionMap":{"functional-code":{"insertions":1,"deletions":1}}},{"hash":"672b8b622f39e87f17d0d505a515f28746ff0133","isMergeCommit":false,"messageTitle":"Revert \"Update ModelClassDiagram with ArchivedPersonList\"","messageBody":"This reverts commit a84a1aa6f4041d56696a7388252ab998311bdc15.\n","fileTypesAndContributionMap":{"docs":{"insertions":0,"deletions":3}}},{"hash":"3e87e21142081d56be19a3774fb82bbb170666ab","isMergeCommit":false,"messageTitle":"Revert \"Merge pull request #99 from lutfir-cpu/full-archive\"","messageBody":"This reverts commit 32bfe1c649e6a061a5dd570eda329e88bea5b533, reversing\nchanges made to 9ed3005d4e80fc971ab4d09db32a340d2fc3c1cf.\n","fileTypesAndContributionMap":{"functional-code":{"insertions":1,"deletions":211},"test-code":{"insertions":1,"deletions":23}}},{"hash":"a6f1d5788650c1666968209ff0033672f927779d","isMergeCommit":false,"messageTitle":"Revert \"Merge pull request #77 from lutfir-cpu/lutfir/archive-feature\"","messageBody":"This reverts commit 1642076ffa4bbcc75ef579a7951b6fc5ea87679a, reversing\nchanges made to 0dfdfbf1d6060cf9ca0eba4c8c4cdfa364fc8f62.\n","fileTypesAndContributionMap":{"functional-code":{"insertions":0,"deletions":137},"test-code":{"insertions":0,"deletions":220}}},{"hash":"46f9f928ec0cb5eacddea31dd6ac2d5521fe42b3","isMergeCommit":false,"messageTitle":"Add import for Comparator","messageBody":"","fileTypesAndContributionMap":{"functional-code":{"insertions":1,"deletions":0}}},{"hash":"a1576cca5d0058a3ef1d11e8f454dd329da3a31b","isMergeCommit":false,"messageTitle":"Implement archive, unarchive and listarchive","messageBody":"","fileTypesAndContributionMap":{"functional-code":{"insertions":252,"deletions":0}}},{"hash":"b30cf58f5fb7e6eb1f294b3e3f82ff2d0197fbb1","isMergeCommit":false,"messageTitle":"Implement archive, unarchive and listarchive","messageBody":"","fileTypesAndContributionMap":{"functional-code":{"insertions":151,"deletions":81}}},{"hash":"7066f2888d39acebaf16fe5462623aa52706f5d9","isMergeCommit":false,"messageTitle":"Fix javadocs comments","messageBody":"","fileTypesAndContributionMap":{"functional-code":{"insertions":7,"deletions":11}}},{"hash":"af2d9757823fdc19d1e9b1f4cf9f9c3b4a6388c7","isMergeCommit":false,"messageTitle":"Fix archive UI bug","messageBody":"","fileTypesAndContributionMap":{"functional-code":{"insertions":48,"deletions":9}}},{"hash":"96db4d22b269155740dd4c6dd9a0d11d52be2164","isMergeCommit":false,"messageTitle":"Fix tests based on new Archive Format","messageBody":"","fileTypesAndContributionMap":{"functional-code":{"insertions":36,"deletions":23},"test-code":{"insertions":49,"deletions":29}}},{"hash":"a8266a2296bd396f69642221e45e4022ff80dd99","isMergeCommit":false,"messageTitle":"Fix PersonTest","messageBody":"","fileTypesAndContributionMap":{"test-code":{"insertions":1,"deletions":1}}}]},{"date":"2024-10-29","commitResults":[{"hash":"be7d5def8c267d550a003cc3e2361c325c81e7c3","isMergeCommit":false,"messageTitle":"Update User Guide","messageBody":"","fileTypesAndContributionMap":{"docs":{"insertions":36,"deletions":2}}},{"hash":"0486786b4619058775239d79ff32d4bd25dc714f","isMergeCommit":true,"messageTitle":"Merge branch \u0027master\u0027 into implement-archive-v2","messageBody":"","fileTypesAndContributionMap":{}},{"hash":"f1bb972e016f9c3817e0a13a4d65d01d16d9fefb","isMergeCommit":false,"messageTitle":"Add Goat","messageBody":"","fileTypesAndContributionMap":{"functional-code":{"insertions":2,"deletions":2},"test-code":{"insertions":1,"deletions":1}}},{"hash":"b547f42f04f4d01ef1a57750f1d451dc9545f5f7","isMergeCommit":true,"messageTitle":"Merge branch \u0027implement-archive-v2\u0027 of https://github.com/lutfir-cpu/tp into implement-archive-v2","messageBody":"","fileTypesAndContributionMap":{}},{"hash":"c432548ca4ed3c3a1c7dff33298093ac5f860c13","isMergeCommit":true,"messageTitle":"Merge pull request #154 from elliot-tang/update-help-window","messageBody":"HelpCommand: Update command window link","fileTypesAndContributionMap":{}}]},{"date":"2024-11-06","commitResults":[{"hash":"8ece81f2e567b3da3ce3ad21d477d055d194abaa","isMergeCommit":true,"messageTitle":"Merge pull request #189 from elliot-tang/fix-list-commands","messageBody":"Fix List Commands","fileTypesAndContributionMap":{}}]},{"date":"2024-11-07","commitResults":[{"hash":"7301e97e5ee8d69610a4f2541ddc188410960ce0","isMergeCommit":false,"messageTitle":"Update UG","messageBody":"","fileTypesAndContributionMap":{"docs":{"insertions":115,"deletions":92}}},{"hash":"f48f46c4ddf50d777a87054c9d96a66a517c882a","isMergeCommit":false,"messageTitle":"Implement getPredicate, fixed bug","messageBody":"","fileTypesAndContributionMap":{"functional-code":{"insertions":16,"deletions":2},"test-code":{"insertions":10,"deletions":0}}},{"hash":"7b4e0de963f7eab8d1089ebdec5d84ab8fd219f0","isMergeCommit":true,"messageTitle":"Merge branch \u0027master\u0027 of https://github.com/AY2425S1-CS2103T-T09-4/tp into implement-archive-v2","messageBody":"","fileTypesAndContributionMap":{}},{"hash":"6ae85f8d9c89500b802cc6291afedc58b24bea99","isMergeCommit":false,"messageTitle":"Fix UG typo","messageBody":"","fileTypesAndContributionMap":{"docs":{"insertions":3,"deletions":6}}},{"hash":"3bfbbbff4b9761eb30a977ae05b3557054d5c531","isMergeCommit":false,"messageTitle":"Fix UG markbind syntax","messageBody":"","fileTypesAndContributionMap":{"docs":{"insertions":3,"deletions":4}}},{"hash":"a89aa3d20efd9bd268caaa264b340ecd93b1bc27","isMergeCommit":false,"messageTitle":"Update DG Use Case: Archive, Pin","messageBody":"","fileTypesAndContributionMap":{"docs":{"insertions":106,"deletions":1}}},{"hash":"db894a2d8a33339cfd78d3272af408073697273f","isMergeCommit":true,"messageTitle":"Merge branch \u0027master\u0027 into master","messageBody":"","fileTypesAndContributionMap":{}},{"hash":"a97b76390eddd5ab2196c432c1fc380081f7dd48","isMergeCommit":true,"messageTitle":"Update index.md","messageBody":"","fileTypesAndContributionMap":{}},{"hash":"401c87e50f0474d930a5857996a92daa82a5d388","isMergeCommit":true,"messageTitle":"Resolve merge conflict","messageBody":"","fileTypesAndContributionMap":{}},{"hash":"fd4aed2b1275c7a71f11093354d42cf5074a5d6e","isMergeCommit":true,"messageTitle":"Merge pull request #211 from ckclion/branch-fix-grade-bug","messageBody":"Fix bug when grading a pinned student","fileTypesAndContributionMap":{}},{"hash":"53402049f6eb756fcff1b759632d44ce1fdfcfca","isMergeCommit":true,"messageTitle":"Merge pull request #213 from ckclion/branch-fix-ug-bug","messageBody":"Fix Ui.png bug","fileTypesAndContributionMap":{}},{"hash":"d97ae367ef68a8fee3e9bda3c6ebd7f9fc05b2c2","isMergeCommit":true,"messageTitle":"Merge pull request #214 from ckclion/branch-update-dg-v1.5","messageBody":"Add use case for grading a student","fileTypesAndContributionMap":{}},{"hash":"ce3d1301639fa89fe1457a4121744eed69ce47ce","isMergeCommit":true,"messageTitle":"Merge pull request #215 from oneBoz/branch-ui-v2","messageBody":"Fix Ui","fileTypesAndContributionMap":{}}]},{"date":"2024-11-08","commitResults":[{"hash":"6fe64dfcdc2885525f75bac6d19eddd0f0080e6f","isMergeCommit":false,"messageTitle":"Update DG: Manual Testing","messageBody":"","fileTypesAndContributionMap":{"docs":{"insertions":312,"deletions":180}}},{"hash":"0e423c90098ad99316a811d18605707bb0a0428c","isMergeCommit":true,"messageTitle":"Merge pull request #221 from ckclion/branch-update-app-ui","messageBody":"Update ui for first time user","fileTypesAndContributionMap":{}},{"hash":"7edd0dae52b2f681514901a45c18ed99a85b194a","isMergeCommit":true,"messageTitle":"Merge pull request #223 from ckclion/branch-prerelease-v1.5.1","messageBody":"Update README.md","fileTypesAndContributionMap":{}},{"hash":"32f8e3885f2c53c99d7fee2aa76bbfcd767f81cd","isMergeCommit":true,"messageTitle":"Merge pull request #224 from ckclion/branch-prerelease-v1.5.1","messageBody":"Fix wording error","tags":["v1.5.1"],"fileTypesAndContributionMap":{}}]},{"date":"2024-11-10","commitResults":[{"hash":"2c2955cfe05794541e0792ec7afbd356bc23d360","isMergeCommit":false,"messageTitle":"Fix getPersonList bug","messageBody":"","fileTypesAndContributionMap":{"functional-code":{"insertions":12,"deletions":2}}},{"hash":"96e31029cc843826028c59d4d0851b5a110cf319","isMergeCommit":true,"messageTitle":"Merge pull request #311 from oneBoz/branch-ui-fix-truncate","messageBody":"Fix Ui truncate bug","fileTypesAndContributionMap":{}},{"hash":"f47168cdf50c27ed5fc9b3687e4bda3ed864ffc1","isMergeCommit":false,"messageTitle":"Fix UG command errors","messageBody":"","fileTypesAndContributionMap":{"docs":{"insertions":70,"deletions":55}}}]}],"ckclion":[{"date":"2024-10-01","commitResults":[{"hash":"09ba3ebe80ed3be8c224cb2277a5055a827cb5f8","isMergeCommit":false,"messageTitle":"Update AboutUs page","messageBody":"","fileTypesAndContributionMap":{"docs":{"insertions":32,"deletions":52}}}]},{"date":"2024-10-02","commitResults":[{"hash":"01b1c0eb5a83c574834d5b57920598fd2e36ed88","isMergeCommit":false,"messageTitle":"Update build status badge","messageBody":"","fileTypesAndContributionMap":{"docs":{"insertions":2,"deletions":1}}},{"hash":"7863ba2e0630d4a4083754387013e6d1f076fa72","isMergeCommit":true,"messageTitle":"Merge pull request #32 from IsaacPangTH/rename-portfolio","messageBody":"Docs: Rename Isaac\u0027s portfolio to match format","fileTypesAndContributionMap":{}},{"hash":"0781e3db65c75433fff7771f54447c45c654b427","isMergeCommit":true,"messageTitle":"Merge pull request #34 from oneBoz/branch-rename-portfolio","messageBody":"Docs: Rename Yi He\u0027s portfolio to match format","fileTypesAndContributionMap":{}},{"hash":"19511315d1fdec030df6252aa3d93e04b34fa8bf","isMergeCommit":true,"messageTitle":"Merge pull request #36 from oneBoz/branch-add-mockup","messageBody":"Docs: Add UI mockup","fileTypesAndContributionMap":{}}]},{"date":"2024-10-03","commitResults":[{"hash":"ff3edf17e6589c7939fd92cbeff0c5157f5aff78","isMergeCommit":true,"messageTitle":"Merge pull request #30 from elliot-tang/update-acknowledgement","messageBody":"Add AB3 acknowledgement","fileTypesAndContributionMap":{}},{"hash":"2eb50f2a9c9448aea5cd06822aff626b77c3fe74","isMergeCommit":true,"messageTitle":"Merge pull request #40 from elliot-tang/rename-portfolio","messageBody":"Rename Elliot\u0027s portfolio to match format","fileTypesAndContributionMap":{}},{"hash":"5c15bf9c87ddf51dfb4ef481e689315cf7092a87","isMergeCommit":true,"messageTitle":"Merge pull request #45 from oneBoz/branch-updateDG","messageBody":"Docs: Update Developer Guide with NFRs and Glossary ","fileTypesAndContributionMap":{}},{"hash":"c535200f498cca13739ea00b919b3bcd2f180d25","isMergeCommit":false,"messageTitle":"Add more use cases","messageBody":"","fileTypesAndContributionMap":{"docs":{"insertions":42,"deletions":1}}},{"hash":"7006418e1ae67ee282420eac4c880c417cc22489","isMergeCommit":false,"messageTitle":"Revert unintended change","messageBody":"","fileTypesAndContributionMap":{"docs":{"insertions":1,"deletions":1}}},{"hash":"c0f8b6fa56f3b55b26ab9b3c0aba66e2fd352be5","isMergeCommit":true,"messageTitle":"Merge pull request #48 from IsaacPangTH/dg-users","messageBody":"Update user profile, value proposition and user stories in DG","fileTypesAndContributionMap":{}},{"hash":"14ac0cc408599a2c79384af7dfcd532a77906e96","isMergeCommit":true,"messageTitle":"Merge pull request #51 from lutfir-cpu/update-dg","messageBody":"Update Developer Guide with Use Cases for Help and Clear","fileTypesAndContributionMap":{}},{"hash":"ab334bcb4c6a777732eac05410162037bd38b739","isMergeCommit":true,"messageTitle":"Resolve merge conflicts","messageBody":"","fileTypesAndContributionMap":{}}]},{"date":"2024-10-10","commitResults":[{"hash":"004391dc92b73496115be605e7197411029e82e8","isMergeCommit":false,"messageTitle":"Update person constructor","messageBody":"","fileTypesAndContributionMap":{"functional-code":{"insertions":74,"deletions":20},"test-code":{"insertions":104,"deletions":26}}},{"hash":"3a512860b65e2b5438fe2d158fa5e98739e8e277","isMergeCommit":false,"messageTitle":"Update test cases","messageBody":"","fileTypesAndContributionMap":{"functional-code":{"insertions":3,"deletions":0},"test-code":{"insertions":3,"deletions":1}}},{"hash":"b10c9bbdf89f74777be4cd2fc3de3419a2acdaeb","isMergeCommit":false,"messageTitle":"Add test cases","messageBody":"","fileTypesAndContributionMap":{"test-code":{"insertions":52,"deletions":0}}},{"hash":"1e4a467357045bc9920ebef1544af91a92ee2256","isMergeCommit":true,"messageTitle":"Merge pull request #66 from IsaacPangTH/optional-parent","messageBody":"Parser, UI, Storage: Add handling for empty parent arguments ","fileTypesAndContributionMap":{}}]},{"date":"2024-10-17","commitResults":[{"hash":"f067367fc64c20eada0dd7171b7956bd1a7e84cf","isMergeCommit":false,"messageTitle":"Add Grade class","messageBody":"","fileTypesAndContributionMap":{"functional-code":{"insertions":104,"deletions":0}}},{"hash":"67e1688545eee0cfe81d0b2cdd342757978f99fd","isMergeCommit":true,"messageTitle":"Merge pull request #74 from oneBoz/branch-find-by-tag","messageBody":"Logic: Add find by tags","fileTypesAndContributionMap":{}},{"hash":"6335eb081bc7bacbe25756bca026af47b4dc6bef","isMergeCommit":true,"messageTitle":"Merge pull request #71 from elliot-tang/update-delete-command","messageBody":"Parser: Update DeleteCommand","fileTypesAndContributionMap":{}},{"hash":"59b0ba6ae0d7384b9c316b253c6c9cf8bc6adacb","isMergeCommit":false,"messageTitle":"Update conversion of index to name","messageBody":"","fileTypesAndContributionMap":{"functional-code":{"insertions":1,"deletions":1}}},{"hash":"1b6c8dbc689527e94a6425fc2204f43ce3ee9541","isMergeCommit":false,"messageTitle":"Add tests for Grade class","messageBody":"","fileTypesAndContributionMap":{"functional-code":{"insertions":2,"deletions":9},"test-code":{"insertions":25,"deletions":0}}},{"hash":"a30dfd0741b4a833b058911751e513d67455d773","isMergeCommit":false,"messageTitle":"Add more tests","messageBody":"","fileTypesAndContributionMap":{"test-code":{"insertions":36,"deletions":0}}},{"hash":"908e61c9a39958f65d31c3d42ce21623e18d9ccd","isMergeCommit":false,"messageTitle":"Fix some test cases","messageBody":"","fileTypesAndContributionMap":{"test-code":{"insertions":2,"deletions":4}}},{"hash":"0dae16dbf26e2b29cea94386ff804a01e1c8eb4a","isMergeCommit":false,"messageTitle":"Add test for out of range indexes","messageBody":"","fileTypesAndContributionMap":{"test-code":{"insertions":8,"deletions":2}}},{"hash":"0dfdfbf1d6060cf9ca0eba4c8c4cdfa364fc8f62","isMergeCommit":true,"messageTitle":"Merge pull request #81 from IsaacPangTH/student-class","messageBody":"UI: Add FXML for student card","fileTypesAndContributionMap":{}},{"hash":"64e5579adc91da08130872c8716a5d2593c39b82","isMergeCommit":false,"messageTitle":"Add grade command","messageBody":"","fileTypesAndContributionMap":{"functional-code":{"insertions":262,"deletions":26},"test-code":{"insertions":190,"deletions":27}}},{"hash":"3576bd34d67253940fae61723925be57fb230494","isMergeCommit":true,"messageTitle":"Merge pull request #85 from oneBoz/fix-find-tag","messageBody":"Remove unnecessary code in find tag","fileTypesAndContributionMap":{}},{"hash":"c468cf3b210a15ab8b8fcd0b6b8691224741c6d8","isMergeCommit":false,"messageTitle":"Update user guide for grade command","messageBody":"","fileTypesAndContributionMap":{"docs":{"insertions":19,"deletions":1}}}]},{"date":"2024-10-19","commitResults":[{"hash":"0b9574426dde9960a5513b2877409f82cf38157b","isMergeCommit":true,"messageTitle":"Merge pull request #91 from elliot-tang/add-assertion-build-gradle","messageBody":"Enable assertions in build.gradle file","fileTypesAndContributionMap":{}}]},{"date":"2024-10-22","commitResults":[{"hash":"e6d9d04c1f6d3851126c604c49e100c48c367689","isMergeCommit":false,"messageTitle":"Fix bug with grade","messageBody":"","fileTypesAndContributionMap":{"functional-code":{"insertions":1,"deletions":1}}},{"hash":"f86c22bb3a11aa2cababaecd38de44e98ad564f4","isMergeCommit":true,"messageTitle":"Merge pull request #97 from oneBoz/branch-ui-fix","messageBody":"UI: fix UI width and Ui.png height","fileTypesAndContributionMap":{}}]},{"date":"2024-10-23","commitResults":[{"hash":"32bfe1c649e6a061a5dd570eda329e88bea5b533","isMergeCommit":true,"messageTitle":"Merge pull request #99 from lutfir-cpu/full-archive","messageBody":"Archive: Configure UI and Model for archiving students","fileTypesAndContributionMap":{}},{"hash":"d3523eb0e33a4f44104c50dfe287d8f1d1810e24","isMergeCommit":true,"messageTitle":"Merge pull request #104 from oneBoz/branch-ui-add-column","messageBody":"UI: Change UI layout","fileTypesAndContributionMap":{}}]},{"date":"2024-10-24","commitResults":[{"hash":"171888e9857e69e8d7a03c16e0cb5ea235c18a1c","isMergeCommit":false,"messageTitle":"Update grade index ordering","messageBody":"","fileTypesAndContributionMap":{"functional-code":{"insertions":14,"deletions":21},"test-code":{"insertions":4,"deletions":4}}},{"hash":"44eeba6129b8f8b05f44142f73968d76e730d146","isMergeCommit":false,"messageTitle":"Update user guide to match","messageBody":"","fileTypesAndContributionMap":{"docs":{"insertions":9,"deletions":8}}},{"hash":"6cee899537914e79bbd6d41a278f9840e95aadf2","isMergeCommit":true,"messageTitle":"Merge pull request #107 from oneBoz/branch-ui-add-pin","messageBody":"UI: Add pin icon to pinned users ","fileTypesAndContributionMap":{}},{"hash":"9757d9f9db5e9d84fa4edec88d862367f581d63e","isMergeCommit":false,"messageTitle":"Add more test cases","messageBody":"","fileTypesAndContributionMap":{"test-code":{"insertions":15,"deletions":0}}},{"hash":"50f4443fdebb26663eecf548680c1f6846fa3fa6","isMergeCommit":false,"messageTitle":"Add logger for grade class","messageBody":"","fileTypesAndContributionMap":{"functional-code":{"insertions":5,"deletions":0}}},{"hash":"cf3e8a35d96ed584db4f916d38852f69572e8aae","isMergeCommit":false,"messageTitle":"Update .puml to include grade","messageBody":"","fileTypesAndContributionMap":{"docs":{"insertions":3,"deletions":0}}},{"hash":"336318ef7cca9c7c81a2c81a734595d75ce35f01","isMergeCommit":false,"messageTitle":"Add Education class","messageBody":"","fileTypesAndContributionMap":{"functional-code":{"insertions":221,"deletions":84},"test-code":{"insertions":183,"deletions":64}}},{"hash":"ab0602aca7bf1b1405b2e0d0c4b6a0b0984b5000","isMergeCommit":false,"messageTitle":"Add javafx for education","messageBody":"","fileTypesAndContributionMap":{"functional-code":{"insertions":17,"deletions":1}}},{"hash":"fd6ed802f61f2756aad40ff87215c35b280c2c41","isMergeCommit":false,"messageTitle":"Update docs to include education","messageBody":"","fileTypesAndContributionMap":{"docs":{"insertions":5,"deletions":3}}},{"hash":"a2ab0d271641ed3ff879754f192c0f1456a41143","isMergeCommit":false,"messageTitle":"Update add command","messageBody":"","fileTypesAndContributionMap":{"functional-code":{"insertions":2,"deletions":9},"test-code":{"insertions":24,"deletions":16}}},{"hash":"e58667fff072e6a759753b92912c0bc82a79d9f1","isMergeCommit":true,"messageTitle":"Merge pull request #114 from elliot-tang/edit-uml","messageBody":"Developer Guide: Edit Model and Storage UML","fileTypesAndContributionMap":{}},{"hash":"73d947203e322b5e21a996b7642e96e43667fa35","isMergeCommit":true,"messageTitle":"Merge pull request #115 from elliot-tang/add-student-check-in-edit","messageBody":"EditCommand: Added check to prevent adding parent fields to non-students","fileTypesAndContributionMap":{}},{"hash":"4cd51b68fb5d81c2b4cf2fd9b0a89f6114fa9db7","isMergeCommit":false,"messageTitle":"Add more test cases","messageBody":"","fileTypesAndContributionMap":{"test-code":{"insertions":87,"deletions":10}}},{"hash":"5fda070e9b0a9b4a60b5004ef2f42829658b1711","isMergeCommit":false,"messageTitle":"Update docs for 1.4 release","messageBody":"","fileTypesAndContributionMap":{"functional-code":{"insertions":4,"deletions":4},"other":{"insertions":1,"deletions":1},"docs":{"insertions":4,"deletions":4}}},{"hash":"dbe2a07667c7cd8594451403c89f7a616bc62794","isMergeCommit":false,"messageTitle":"Fix bug for editing education","messageBody":"","fileTypesAndContributionMap":{"functional-code":{"insertions":7,"deletions":3}}}]},{"date":"2024-10-28","commitResults":[{"hash":"b720b4398954350903b72ce25cf42a1bdfe1bd82","isMergeCommit":false,"messageTitle":"Add test cases for GradeCommand","messageBody":"","fileTypesAndContributionMap":{"test-code":{"insertions":59,"deletions":4}}}]},{"date":"2024-10-29","commitResults":[{"hash":"82e8837419a11044874054a56457fae8022a4161","isMergeCommit":true,"messageTitle":"Merge pull request #136 from elliot-tang/add-list-students","messageBody":"Parser: Add ListStudents Command","fileTypesAndContributionMap":{}}]},{"date":"2024-10-30","commitResults":[{"hash":"8c1e15e71e92ab83518175c9e04c79f39c3b376c","isMergeCommit":false,"messageTitle":"Add introduction to user guide","messageBody":"","fileTypesAndContributionMap":{"docs":{"insertions":7,"deletions":1}}},{"hash":"e7e5eaeab794ef3af7072e098fa7906c67068aa3","isMergeCommit":true,"messageTitle":"Merge pull request #157 from IsaacPangTH/update-ug-1.5","messageBody":"User Guide: Move command summary to top of UG","fileTypesAndContributionMap":{}}]},{"date":"2024-11-04","commitResults":[{"hash":"25094bf2985291989311535226495017038e1780","isMergeCommit":true,"messageTitle":"Merge pull request #178 from AY2425S1-CS2103T-T09-4/revert-170-branch-add-time","messageBody":"Revert \"Model: Add time\"","fileTypesAndContributionMap":{}},{"hash":"ca2ff23a56433534234057f6f1019a2e2de6b6a0","isMergeCommit":true,"messageTitle":"Merge pull request #176 from IsaacPangTH/implement-parent","messageBody":"Implement parent","fileTypesAndContributionMap":{}},{"hash":"79a9dfef171ec37861ae3579c93c01c65c45d078","isMergeCommit":false,"messageTitle":"Fix bugs for grade command","messageBody":"","fileTypesAndContributionMap":{"functional-code":{"insertions":23,"deletions":4}}},{"hash":"6281beb74b42d6ff3e2f86c92d212e2c0bf1e7fa","isMergeCommit":false,"messageTitle":"Add tests for bugfix","messageBody":"","fileTypesAndContributionMap":{"test-code":{"insertions":34,"deletions":3}}}]},{"date":"2024-11-05","commitResults":[{"hash":"b2f90555ecc68a872843fd00f5d4d8550dc062e9","isMergeCommit":false,"messageTitle":"Add tests for total coverage","messageBody":"","fileTypesAndContributionMap":{"test-code":{"insertions":4,"deletions":7}}},{"hash":"1932dfd5be6a605b22660d360d1d9acf70e16fb5","isMergeCommit":false,"messageTitle":"Remove unused import","messageBody":"","fileTypesAndContributionMap":{"test-code":{"insertions":0,"deletions":1}}}]},{"date":"2024-11-06","commitResults":[{"hash":"781165af4f0ea7aa30cdef8a05d5a3640d19c3ac","isMergeCommit":true,"messageTitle":"Merge pull request #182 from elliot-tang/list-parent-command","messageBody":"Add ListParentsCommand","fileTypesAndContributionMap":{}},{"hash":"1b7bf4a75bfc55f178edfc3dbbbe0f454e4420da","isMergeCommit":true,"messageTitle":"Merge pull request #188 from elliot-tang/remove-misleading-name-comment","messageBody":"Remove Misleading Comment for Name","fileTypesAndContributionMap":{}},{"hash":"3e069055478cb5910edb40d76f9fbfb502783f57","isMergeCommit":true,"messageTitle":"Merge pull request #180 from elliot-tang/pin-command-code-quality","messageBody":"Fix isPinned Method Name","fileTypesAndContributionMap":{}}]},{"date":"2024-11-07","commitResults":[{"hash":"42e99dbfdbc73456e97bf8f05d9529ca926dd65a","isMergeCommit":false,"messageTitle":"Add command to sort by name","messageBody":"","fileTypesAndContributionMap":{"functional-code":{"insertions":54,"deletions":1},"test-code":{"insertions":10,"deletions":0}}},{"hash":"cd6787df5e3061c001ebdaeb4725aa06c5ad1cba","isMergeCommit":true,"messageTitle":"Merge pull request #190 from IsaacPangTH/decouple-model-ui","messageBody":"Decouple model UI","fileTypesAndContributionMap":{}},{"hash":"3e8b755637f2719bc6ee8cde6f86d76e5fc94018","isMergeCommit":true,"messageTitle":"Merge pull request #195 from IsaacPangTH/multiple-child","messageBody":"Change parent to accept multiple children","fileTypesAndContributionMap":{}},{"hash":"759f4aea06336a6ed7d173fcceaf82c6432762b8","isMergeCommit":true,"messageTitle":"Merge pull request #193 from oneBoz/branch-add-time-v2","messageBody":"Model: Add time and Add FindDay","fileTypesAndContributionMap":{}},{"hash":"3f272dcc33a592d1586d7d9826e8a60f5ad1eab7","isMergeCommit":true,"messageTitle":"Merge pull request #197 from lutfir-cpu/master","messageBody":"Update UG: Include add parent, student, link and unlink, reorder commands","fileTypesAndContributionMap":{}},{"hash":"b0ddc74e413e18fe5e0041fe7f2e1b46d103f4ea","isMergeCommit":false,"messageTitle":"Add tests for sort command","messageBody":"","fileTypesAndContributionMap":{"test-code":{"insertions":34,"deletions":0}}},{"hash":"cfab7c01b8c94d51634ae987d45a584ab888f9e8","isMergeCommit":false,"messageTitle":"Remove unused imports","messageBody":"","fileTypesAndContributionMap":{"test-code":{"insertions":15,"deletions":2}}},{"hash":"22190a8a82f3f8b986c165dc617912ef0760411c","isMergeCommit":false,"messageTitle":"Fix test cases","messageBody":"","fileTypesAndContributionMap":{"test-code":{"insertions":4,"deletions":0}}},{"hash":"2b968607343a914e039ac040dc413234a6476f8c","isMergeCommit":false,"messageTitle":"Add more tests for full coverage","messageBody":"","fileTypesAndContributionMap":{"test-code":{"insertions":7,"deletions":0}}},{"hash":"0adb00113da8ea5cbe1ff1415f589b1c863368a1","isMergeCommit":true,"messageTitle":"Merge pull request #192 from elliot-tang/refactor-unlink-command","messageBody":"Refactor UnlinkCommand","fileTypesAndContributionMap":{}},{"hash":"c0a507a0a322977aa49cdb784fa71a70282b6f08","isMergeCommit":true,"messageTitle":"Resolve merge conflicts","messageBody":"","fileTypesAndContributionMap":{}},{"hash":"90b321f90681104f89fc398808859d9b1bde15ce","isMergeCommit":true,"messageTitle":"Merge pull request #199 from IsaacPangTH/delete-link-with-contact","messageBody":"Make delete command delete corresponding links","fileTypesAndContributionMap":{}},{"hash":"0467b295eade7e82589805ebe691a41221baa175","isMergeCommit":false,"messageTitle":"Update developer guide","messageBody":"","fileTypesAndContributionMap":{"docs":{"insertions":69,"deletions":66}}},{"hash":"f506849145240f817d830c6cbd80c59c7b0f1d20","isMergeCommit":true,"messageTitle":"Resolve merge conflicts","messageBody":"","fileTypesAndContributionMap":{}},{"hash":"f563b67f4eaeb6b3592f7c043c723457e243f7d9","isMergeCommit":false,"messageTitle":"Fix checkstyle errors","messageBody":"","fileTypesAndContributionMap":{"docs":{"insertions":20,"deletions":20}}},{"hash":"e9cf8c683a661f8d47a2867437c902397d524f6e","isMergeCommit":true,"messageTitle":"Merge pull request #200 from lutfir-cpu/implement-archive-v2","messageBody":"Archive: Fixed bug, caching predicate implemented","fileTypesAndContributionMap":{}},{"hash":"f18bc9c6bec92d5c0a5baaba80037c3c537596a0","isMergeCommit":false,"messageTitle":"Update restrictions for user inputs","messageBody":"","fileTypesAndContributionMap":{"functional-code":{"insertions":3,"deletions":3}}},{"hash":"d5a3161733114fd7f41d3f18d8fba5e6b90b15ce","isMergeCommit":true,"messageTitle":"Merge pull request #202 from oneBoz/branch-DG-v1","messageBody":"Update developer guide","fileTypesAndContributionMap":{}},{"hash":"56a7b022aab0eeec38ef4dd9045fb680ac6819fe","isMergeCommit":true,"messageTitle":"Merge branch \u0027master\u0027 into branch-update-dg-v1.5","messageBody":"","fileTypesAndContributionMap":{}},{"hash":"8303e808d5c7dfb1eb64153ab9ca9c0c92fbbcae","isMergeCommit":false,"messageTitle":"Merge master into branch","messageBody":"","fileTypesAndContributionMap":{"docs":{"insertions":34,"deletions":21}}},{"hash":"69edfa97bbe8e889efd8f32c2a37dcd6b093983b","isMergeCommit":false,"messageTitle":"Fix spacing issues","messageBody":"","fileTypesAndContributionMap":{"docs":{"insertions":4,"deletions":4}}},{"hash":"1b46b573b2cc85a475102d0cea08b76951af83a7","isMergeCommit":false,"messageTitle":"Add sort to user guide","messageBody":"","fileTypesAndContributionMap":{"docs":{"insertions":30,"deletions":22}}},{"hash":"ced666d6f8d759b6aced41b62e61575f26c28491","isMergeCommit":true,"messageTitle":"Merge pull request #207 from elliot-tang/ug-link-unlink","messageBody":"User Guide: Add Link and Unlink Commands","fileTypesAndContributionMap":{}},{"hash":"3f7909e24aaa94c9761482b77d1793e8403734a3","isMergeCommit":true,"messageTitle":"Merge pull request #204 from elliot-tang/fix-duplicate-prefixes-link","messageBody":"Fix bug with duplicate prefixes in LinkCommand","fileTypesAndContributionMap":{}},{"hash":"c85765ea4b7c247e27873f2c90ae83dcbeb977ac","isMergeCommit":true,"messageTitle":"Merge pull request #209 from elliot-tang/ug-findday","messageBody":"Add findDay Command in UG","fileTypesAndContributionMap":{}},{"hash":"3b9836f6a97d6f430953262014bd325d34025162","isMergeCommit":false,"messageTitle":"Fix bug when grading a pinned student","messageBody":"","fileTypesAndContributionMap":{"functional-code":{"insertions":2,"deletions":1}}},{"hash":"4395e6cc47ea300de7b692ebe0f98a3b2db9c7eb","isMergeCommit":true,"messageTitle":"Merge pull request #212 from oneBoz/branch-final-UI","messageBody":"Fix Ui","fileTypesAndContributionMap":{}},{"hash":"3bfa19500c655c6a0e2fc9b5aa8a1ada63b64541","isMergeCommit":true,"messageTitle":"Merge pull request #208 from lutfir-cpu/master","messageBody":"Update index.md, DG Use Case: Archive, Pin","fileTypesAndContributionMap":{}},{"hash":"e13d1d1cd90da531231e34d1d9528cc3aa922d81","isMergeCommit":false,"messageTitle":"Fix Ui.png bug","messageBody":"","fileTypesAndContributionMap":{"docs":{"insertions":25,"deletions":25}}},{"hash":"9f4f000d692a42c0ae3411ee6bd972966a42bc8b","isMergeCommit":true,"messageTitle":"Merge branch \u0027master\u0027 into branch-update-dg-v1.5","messageBody":"","fileTypesAndContributionMap":{}},{"hash":"ae01c4e2c1d1b62458aa07bbd05ac1a1ee0a1d9b","isMergeCommit":false,"messageTitle":"Add use case for grading a student","messageBody":"","fileTypesAndContributionMap":{"docs":{"insertions":30,"deletions":0}}},{"hash":"134d2ba5a6b0a43d428dc13e86990d2c2e25856b","isMergeCommit":true,"messageTitle":"Merge pull request #216 from elliot-tang/fix-delete-bug","messageBody":"Fix bug with DeleteCommand and Links","fileTypesAndContributionMap":{}},{"hash":"bad119f5a4061301e234f9fe7840585671f9925d","isMergeCommit":false,"messageTitle":"Update version number of app","messageBody":"","fileTypesAndContributionMap":{"functional-code":{"insertions":1,"deletions":1}}}]},{"date":"2024-11-08","commitResults":[{"hash":"f203a280ea69eaea032fa88b5b1f886b50d2f44b","isMergeCommit":false,"messageTitle":"Remove dead links","messageBody":"","fileTypesAndContributionMap":{"docs":{"insertions":5,"deletions":16}}},{"hash":"7934e18cf3733a64c68cd4c47a70f9a97f79435d","isMergeCommit":false,"messageTitle":"Update ui for first time user","messageBody":"","fileTypesAndContributionMap":{"functional-code":{"insertions":12,"deletions":4}}},{"hash":"34a1d680b5cc8b818f123cf7b1ff1960bb17aa0b","isMergeCommit":true,"messageTitle":"Merge pull request #220 from elliot-tang/change-adds-addp","messageBody":"Change adds and addp command words","fileTypesAndContributionMap":{}},{"hash":"002013fe1f19cc930ae6bf3b054b773df6889f07","isMergeCommit":true,"messageTitle":"Merge pull request #222 from lutfir-cpu/master","messageBody":"Update DG: Manual Testing","fileTypesAndContributionMap":{}},{"hash":"f795f4636f4775f027a3a83255663556ddce9d9a","isMergeCommit":false,"messageTitle":"Update README.md","messageBody":"","fileTypesAndContributionMap":{"docs":{"insertions":8,"deletions":6}}},{"hash":"ccfa46c1933f519e5c861e9d42dd315d413784f1","isMergeCommit":false,"messageTitle":"Fix wording error","messageBody":"","fileTypesAndContributionMap":{"docs":{"insertions":5,"deletions":3}}}]},{"date":"2024-11-10","commitResults":[{"hash":"d0f6de627c95514779a225233734834565f23c1f","isMergeCommit":false,"messageTitle":"Fix EditCommand removing pin and archive","messageBody":"","fileTypesAndContributionMap":{"functional-code":{"insertions":3,"deletions":1}}},{"hash":"144316defe2b37874c4df38f5b0d7e87a151e0be","isMergeCommit":false,"messageTitle":"Fix edit removing pin and archive for parent","messageBody":"","fileTypesAndContributionMap":{"functional-code":{"insertions":4,"deletions":1}}},{"hash":"9198d350fa5fd2a48ca3cdef052251da7d2c4cfc","isMergeCommit":false,"messageTitle":"Improve variable naming for clarity","messageBody":"","fileTypesAndContributionMap":{"functional-code":{"insertions":14,"deletions":14}}},{"hash":"ae558642641098079bda3c47ab0fba38e7099999","isMergeCommit":true,"messageTitle":"Merge pull request #315 from lutfir-cpu/bug-ug","messageBody":"UG: Fix UG command errors","fileTypesAndContributionMap":{}},{"hash":"470b095d65d17e03283a12fee82e13625293b88d","isMergeCommit":true,"messageTitle":"Merge pull request #310 from lutfir-cpu/bug-fixing","messageBody":"Archive: Fix getPersonList bug","fileTypesAndContributionMap":{}},{"hash":"02fc86fd810c95b9a4445ca3442df2f5738726f0","isMergeCommit":true,"messageTitle":"Merge pull request #306 from IsaacPangTH/storage-null-children","messageBody":"Fix bug from null children in storage","fileTypesAndContributionMap":{}},{"hash":"5c989631db20aef2f6e37c34d6eb50d126c474b4","isMergeCommit":true,"messageTitle":"Merge pull request #307 from IsaacPangTH/delete-repeat-index","messageBody":"Fix bug from repeated indices in delete command","fileTypesAndContributionMap":{}}]}],"IsaacPangTH":[{"date":"2024-10-01","commitResults":[{"hash":"45ed51b929b32e179b5d3288c838b732328dfbff","isMergeCommit":false,"messageTitle":"Update AboutUs and Isaac\u0027s portfolio","messageBody":"","fileTypesAndContributionMap":{"docs":{"insertions":36,"deletions":52}}},{"hash":"b7ee4ed322c6e6bc91a12c9ff0c48235f9cb2433","isMergeCommit":true,"messageTitle":"Merge branch \u0027master\u0027 into update-aboutus","messageBody":"","fileTypesAndContributionMap":{}}]},{"date":"2024-10-02","commitResults":[{"hash":"d0395f718e26ac4d2270299b85714fcae050a291","isMergeCommit":false,"messageTitle":"Rename Isaac\u0027s portfolio to match format","messageBody":"","fileTypesAndContributionMap":{"docs":{"insertions":0,"deletions":0}}},{"hash":"f58ed65cf2ee5bf9d9a45c0b1eedc3f4b2bb94fd","isMergeCommit":false,"messageTitle":"Update Isaac;s portfolio link in AboutUs page","messageBody":"","fileTypesAndContributionMap":{"docs":{"insertions":1,"deletions":1}}}]},{"date":"2024-10-03","commitResults":[{"hash":"d0e63e20955c6fe7fe37d0cf8c39443a77b977fd","isMergeCommit":false,"messageTitle":"Update user profile, value proposition and user stories in DG","messageBody":"","fileTypesAndContributionMap":{"docs":{"insertions":43,"deletions":15}}}]},{"date":"2024-10-08","commitResults":[{"hash":"3091ffb888edd3c8e86ef28d24cc9e045120babe","isMergeCommit":false,"messageTitle":"Add field for parent\u0027s name, phone number and email in Person class","messageBody":"","fileTypesAndContributionMap":{"functional-code":{"insertions":3,"deletions":0}}}]},{"date":"2024-10-10","commitResults":[{"hash":"dbac0f85e5ae7fac2bd52d8f3228a6ce603415dd","isMergeCommit":true,"messageTitle":"Merge pull request #62 from elliot-tang/parser-for-new-fields","messageBody":"Update Parser to parse new fields in Person object","fileTypesAndContributionMap":{}},{"hash":"2ab412ce97e3cae24c4c2575852bfd8f1660b53d","isMergeCommit":false,"messageTitle":"Make parents optional","messageBody":"","fileTypesAndContributionMap":{"functional-code":{"insertions":32,"deletions":30}}},{"hash":"a895682d78d69eb749b202cf53ba6b6d81bc4416","isMergeCommit":false,"messageTitle":"Remove obsolete tests","messageBody":"","fileTypesAndContributionMap":{"test-code":{"insertions":0,"deletions":24}}},{"hash":"e27f4287ec2b828fa24c566ba35c4fea71304edf","isMergeCommit":false,"messageTitle":"Remove unused imports","messageBody":"","fileTypesAndContributionMap":{"test-code":{"insertions":0,"deletions":1}}}]},{"date":"2024-10-15","commitResults":[{"hash":"cc3d202e15dff0e9507b4da2f585b9a2c7785621","isMergeCommit":false,"messageTitle":"Add Student class","messageBody":"","fileTypesAndContributionMap":{"functional-code":{"insertions":70,"deletions":0}}},{"hash":"4d254e8f7eaaa66328e2acc6c69acda29baaf125","isMergeCommit":false,"messageTitle":"Remove Student-specific code from Person","messageBody":"","fileTypesAndContributionMap":{"functional-code":{"insertions":3,"deletions":27}}},{"hash":"960c61c08adf1659ffa4724e14ccae8ae0bfe049","isMergeCommit":false,"messageTitle":"Integrate Student Class into other components","messageBody":"","fileTypesAndContributionMap":{"functional-code":{"insertions":250,"deletions":81}}}]},{"date":"2024-10-16","commitResults":[{"hash":"01cf6fcbbf8c68b0523bda29f98bc6e722332ead","isMergeCommit":false,"messageTitle":"Update testcases","messageBody":"","fileTypesAndContributionMap":{"functional-code":{"insertions":10,"deletions":3},"test-code":{"insertions":501,"deletions":117}}},{"hash":"5d18fb6e1893dbcc4cbcf6d33a7977b79b70b879","isMergeCommit":false,"messageTitle":"Format to match style","messageBody":"","fileTypesAndContributionMap":{"functional-code":{"insertions":41,"deletions":11}}},{"hash":"0152f7638618133c801a41ecc814898c4fb8a749","isMergeCommit":false,"messageTitle":"Fix loading of students","messageBody":"","fileTypesAndContributionMap":{"functional-code":{"insertions":12,"deletions":8}}},{"hash":"28d700b86e0555ab13d7ceb7c468504fa5189f3f","isMergeCommit":false,"messageTitle":"Update JUnit test for JsonAddressBookStorage","messageBody":"","fileTypesAndContributionMap":{"test-code":{"insertions":4,"deletions":4}}},{"hash":"66894d951279cfc31f9018f0ccc93e630dc49b05","isMergeCommit":false,"messageTitle":"Format to match style","messageBody":"","fileTypesAndContributionMap":{"functional-code":{"insertions":10,"deletions":11}}},{"hash":"1567ec78d83ecbca5a19a3fd4a0918ec3110f39e","isMergeCommit":false,"messageTitle":"Format test files to match style","messageBody":"","fileTypesAndContributionMap":{"test-code":{"insertions":9,"deletions":6}}},{"hash":"c33579429e7415294857199281fb18e66212f20d","isMergeCommit":false,"messageTitle":"Fix JsonSerializableAddressBook Testcase","messageBody":"","fileTypesAndContributionMap":{"test-code":{"insertions":2,"deletions":2}}}]},{"date":"2024-10-17","commitResults":[{"hash":"fde96beba7ecf95b3f9f20192c2822cf8e83e0cf","isMergeCommit":false,"messageTitle":"Add FXML for StudentListCard","messageBody":"","fileTypesAndContributionMap":{"functional-code":{"insertions":69,"deletions":10}}},{"hash":"1d131c11e42f2558514cb9e5b77c6410c15ac790","isMergeCommit":true,"messageTitle":"Merge branch \u0027master\u0027 into student-class","messageBody":"","fileTypesAndContributionMap":{}},{"hash":"b362634129f4c4474efb957907c78fd77fa74c1e","isMergeCommit":false,"messageTitle":"Add Javadoc for ContactType","messageBody":"","fileTypesAndContributionMap":{"functional-code":{"insertions":3,"deletions":0}}},{"hash":"be27252ddb4adfc537c3a41707098e9aeddab8bb","isMergeCommit":true,"messageTitle":"Merge pull request #79 from ckclion/branch-add-grades","messageBody":"Model: Add grades under tag","fileTypesAndContributionMap":{}}]},{"date":"2024-10-21","commitResults":[{"hash":"ebab109392a2c37a9c2200fee1fc9e21d3aeb085","isMergeCommit":false,"messageTitle":"Add Parent class","messageBody":"","fileTypesAndContributionMap":{"functional-code":{"insertions":73,"deletions":0}}}]},{"date":"2024-10-22","commitResults":[{"hash":"b6d6fd557fea9bdc354d1684ea00b12eb87622e8","isMergeCommit":false,"messageTitle":"Add testcases and test utils for Parent class","messageBody":"","fileTypesAndContributionMap":{"functional-code":{"insertions":10,"deletions":1},"test-code":{"insertions":278,"deletions":0}}},{"hash":"6c9226d2d060635fb227aafec135e93c6aafae84","isMergeCommit":false,"messageTitle":"Add Javadoc to Parent class","messageBody":"","fileTypesAndContributionMap":{"functional-code":{"insertions":6,"deletions":0}}},{"hash":"9f85bcf3956cd1fa583d7ce68887f77653c57b13","isMergeCommit":false,"messageTitle":"Add test for Parent::toMessageString method","messageBody":"","fileTypesAndContributionMap":{"test-code":{"insertions":9,"deletions":0}}},{"hash":"f93f3334b10ea7c89547eec63bb9b8b13939caf0","isMergeCommit":false,"messageTitle":"Fix Javadoc comments in TypicalParents","messageBody":"","fileTypesAndContributionMap":{"test-code":{"insertions":2,"deletions":2}}}]},{"date":"2024-10-23","commitResults":[{"hash":"80b8911424ded3d7965be46093c53c5a3a17bcbc","isMergeCommit":true,"messageTitle":"Merge pull request #92 from elliot-tang/add-pin-command","messageBody":"Add pin and unpin command","fileTypesAndContributionMap":{}}]},{"date":"2024-10-24","commitResults":[{"hash":"d6de59e7da32e1d8a3f42b605881830b46bb8f3a","isMergeCommit":false,"messageTitle":"Update Model Class Diagram with Parent class","messageBody":"","fileTypesAndContributionMap":{"docs":{"insertions":2,"deletions":0}}},{"hash":"070f2570dc870ff65b6eabe3d45becd86d558f69","isMergeCommit":false,"messageTitle":"Add association roles to Parent-Student association","messageBody":"","fileTypesAndContributionMap":{"docs":{"insertions":1,"deletions":1}}},{"hash":"f05eb006bbd959bcd78081386681f4b240970069","isMergeCommit":false,"messageTitle":"Add multiplicity to person details","messageBody":"","fileTypesAndContributionMap":{"docs":{"insertions":5,"deletions":5}}},{"hash":"861d26c59371b0e2779d1fe0b6468285e6cf9b96","isMergeCommit":true,"messageTitle":"Fix spacing","messageBody":"","fileTypesAndContributionMap":{}}]},{"date":"2024-10-29","commitResults":[{"hash":"8bc32d615962b9c9c32311abda5b3ad1246979d0","isMergeCommit":true,"messageTitle":"Merge pull request #152 from elliot-tang/update-command-summary","messageBody":"User Guide: Update command summary","fileTypesAndContributionMap":{}},{"hash":"13943cb848cc61f298f11a63db42330acbc54190","isMergeCommit":false,"messageTitle":"Update command summary and move command summary to top of UG","messageBody":"","fileTypesAndContributionMap":{"docs":{"insertions":21,"deletions":21}}}]},{"date":"2024-10-31","commitResults":[{"hash":"6094810e0e31e8d44c29fcfc74428c240654b813","isMergeCommit":false,"messageTitle":"Make Parent immutable","messageBody":"","fileTypesAndContributionMap":{"functional-code":{"insertions":35,"deletions":130},"test-code":{"insertions":11,"deletions":10}}},{"hash":"cbafa980cdf32de1b106179a9f8b33b6835dfecc","isMergeCommit":false,"messageTitle":"Add Add Student command and Add Parent command","messageBody":"","fileTypesAndContributionMap":{"functional-code":{"insertions":312,"deletions":5}}},{"hash":"af4cda75baf3b17b0313879af36814bb60abe3a7","isMergeCommit":false,"messageTitle":"Delete AddCommand and AddCommandParser","messageBody":"","fileTypesAndContributionMap":{"functional-code":{"insertions":0,"deletions":196}}}]},{"date":"2024-11-01","commitResults":[{"hash":"f2d39816dc35477736967c566ee4c03b07d5490b","isMergeCommit":false,"messageTitle":"Update storage and logic to accomodate parents","messageBody":"","fileTypesAndContributionMap":{"functional-code":{"insertions":188,"deletions":122}}},{"hash":"0e1420d9c5cc24830b649197b92ee6ae5c0b3ad4","isMergeCommit":false,"messageTitle":"Update testcases","messageBody":"","fileTypesAndContributionMap":{"functional-code":{"insertions":31,"deletions":10},"other":{"insertions":47,"deletions":52},"test-code":{"insertions":643,"deletions":593}}}]},{"date":"2024-11-02","commitResults":[{"hash":"12e158eaa981de67f194fe96f8bac92ff50ff26f","isMergeCommit":false,"messageTitle":"Implement parent info retrieval","messageBody":"","fileTypesAndContributionMap":{"functional-code":{"insertions":87,"deletions":32}}},{"hash":"b250b45433c82e9c73ae84ccd34f8bc6880b5313","isMergeCommit":false,"messageTitle":"Implement link and unlink commands","messageBody":"","fileTypesAndContributionMap":{"functional-code":{"insertions":328,"deletions":0}}},{"hash":"d59351040f4a851956261612bcbf4632a9087af4","isMergeCommit":false,"messageTitle":"Fix style","messageBody":"","fileTypesAndContributionMap":{"functional-code":{"insertions":81,"deletions":59},"test-code":{"insertions":31,"deletions":10}}}]},{"date":"2024-11-06","commitResults":[{"hash":"816ee64a7c3c4f842093a1c890cfc762bee2afbc","isMergeCommit":false,"messageTitle":"Remove direct access from Ui to Model","messageBody":"","fileTypesAndContributionMap":{"functional-code":{"insertions":30,"deletions":23}}},{"hash":"d1bd9323a994e43b3934508a84c5127a064635d3","isMergeCommit":false,"messageTitle":"Update tests","messageBody":"","fileTypesAndContributionMap":{"functional-code":{"insertions":0,"deletions":7},"test-code":{"insertions":11,"deletions":4}}}]},{"date":"2024-11-07","commitResults":[{"hash":"8793f3b6db080fd98e6d445ce3ca5a2cb2e2c03f","isMergeCommit":false,"messageTitle":"Change parent to accept multiple children","messageBody":"","fileTypesAndContributionMap":{"functional-code":{"insertions":43,"deletions":47}}},{"hash":"e2d39c320a440367596c486e77f48d96b4a63ec3","isMergeCommit":true,"messageTitle":"Merge from master branch","messageBody":"","fileTypesAndContributionMap":{}},{"hash":"a057c1163096a0324718361f4c93db6367a6c5ba","isMergeCommit":false,"messageTitle":"Update tests","messageBody":"","fileTypesAndContributionMap":{"functional-code":{"insertions":17,"deletions":11},"test-code":{"insertions":15,"deletions":10}}},{"hash":"7fb4024f9848b672851f28c7cf7a41d60ea2a3b9","isMergeCommit":false,"messageTitle":"Fix style","messageBody":"","fileTypesAndContributionMap":{"functional-code":{"insertions":0,"deletions":1}}},{"hash":"56160fd0de1251cc5de39a00e1d77f80adf34d48","isMergeCommit":false,"messageTitle":"Make delete command delete corresponding links","messageBody":"","fileTypesAndContributionMap":{"functional-code":{"insertions":91,"deletions":40}}},{"hash":"c88d388357e849347f5c88e8f1a0b2396ef9c236","isMergeCommit":true,"messageTitle":"Merge from master branch","messageBody":"","fileTypesAndContributionMap":{}},{"hash":"4aff7e3cfdae07656a95a5ab115a03a3f2f005ef","isMergeCommit":false,"messageTitle":"Update testcases","messageBody":"","fileTypesAndContributionMap":{"functional-code":{"insertions":10,"deletions":15},"test-code":{"insertions":4,"deletions":7}}},{"hash":"4330efa02bb6117ecf81a0ad2c428fed3616301a","isMergeCommit":true,"messageTitle":"Merge pull request #196 from ckclion/branch-sort-name","messageBody":"Add command to sort by name","fileTypesAndContributionMap":{}},{"hash":"558cc05cd93333c95dda3d0e47035054156a3f1d","isMergeCommit":false,"messageTitle":"Update delete command in UG","messageBody":"","fileTypesAndContributionMap":{"docs":{"insertions":3,"deletions":0}}}]},{"date":"2024-11-10","commitResults":[{"hash":"5f8787c6191caf58c0ab730a3e64315904cc7c02","isMergeCommit":false,"messageTitle":"Fix bug from null children in storage","messageBody":"","fileTypesAndContributionMap":{"functional-code":{"insertions":11,"deletions":4}}},{"hash":"299ad8d5c1b318310f50e56732943d494ff683f1","isMergeCommit":false,"messageTitle":"Fix bug from repeated indices in delete command","messageBody":"","fileTypesAndContributionMap":{"functional-code":{"insertions":12,"deletions":1}}},{"hash":"ce81f6f1f2fcb8120e932451281d09f6384f8757","isMergeCommit":true,"messageTitle":"Merge pull request #312 from ckclion/branch-fix-edit","messageBody":"Fix edit removing pin and archive for parents","fileTypesAndContributionMap":{}}]}],"elliot-tang":[{"date":"2024-10-01","commitResults":[{"hash":"7669dd5d5589282e36edc6fcc5a480528dd1449b","isMergeCommit":false,"messageTitle":"Update AboutUs Page","messageBody":"","fileTypesAndContributionMap":{"docs":{"insertions":32,"deletions":52}}},{"hash":"824baf756e8882d706efe98ff58d6d5f010d7730","isMergeCommit":false,"messageTitle":"Update roles and responsibilities for AboutUs page","messageBody":"","fileTypesAndContributionMap":{"docs":{"insertions":1,"deletions":1}}}]},{"date":"2024-10-02","commitResults":[{"hash":"009f054e8ca7e3bda8ca6d1a7121f83f204d111b","isMergeCommit":false,"messageTitle":"Add AB3 acknowledgement","messageBody":"","fileTypesAndContributionMap":{"docs":{"insertions":5,"deletions":4}}},{"hash":"03c82ea65ada123c9cd9e1857bed5589b04ea474","isMergeCommit":true,"messageTitle":"Merge branch \u0027master\u0027 into update-acknowledgement","messageBody":"","fileTypesAndContributionMap":{}},{"hash":"a02f9599085f0eba006a09bb9fcbfb780b403195","isMergeCommit":false,"messageTitle":"Update portfolio name","messageBody":"","fileTypesAndContributionMap":{"docs":{"insertions":1,"deletions":1}}},{"hash":"a70ae69caba589ce6a1624dff0e6e141430966ee","isMergeCommit":false,"messageTitle":"Update README.md for acknowledgements","messageBody":"","fileTypesAndContributionMap":{"docs":{"insertions":6,"deletions":10}}}]},{"date":"2024-10-03","commitResults":[{"hash":"5a5bd324c79354638826484b7bfeab738a9e662f","isMergeCommit":false,"messageTitle":"Update Developer Guide Use Cases","messageBody":"","fileTypesAndContributionMap":{"docs":{"insertions":62,"deletions":11}}}]},{"date":"2024-10-09","commitResults":[{"hash":"ea6c4e63d9f47e245b191802847091abc622561f","isMergeCommit":true,"messageTitle":"Merge pull request #58 from lutfir-cpu/update-save-functionality","messageBody":"Storage: Update save functionality to support new fields: parentName, parentPhone, and parentEmail","fileTypesAndContributionMap":{}}]},{"date":"2024-10-10","commitResults":[{"hash":"b1b516e293e1d376e926f5e98a3daf35995764e1","isMergeCommit":true,"messageTitle":"Merge pull request #60 from ckclion/branch-update-person","messageBody":"Update person constructor","fileTypesAndContributionMap":{}},{"hash":"5c89d73d45ad3614695753222b2e0837be664e53","isMergeCommit":false,"messageTitle":"Update Parser to parse new fields in Person object","messageBody":"","fileTypesAndContributionMap":{"functional-code":{"insertions":84,"deletions":13}}},{"hash":"f6e30f64a20d79b24f2da869b6157dd6f7e66cef","isMergeCommit":false,"messageTitle":"Fix test cases","messageBody":"","fileTypesAndContributionMap":{"functional-code":{"insertions":9,"deletions":0},"test-code":{"insertions":53,"deletions":7}}},{"hash":"e2bfa6e8732ff4b637ec1ecc091c6b30cf69eb6b","isMergeCommit":false,"messageTitle":"Add Javadocs","messageBody":"","fileTypesAndContributionMap":{"test-code":{"insertions":9,"deletions":0}}},{"hash":"0057a4e463b164a3b32882fe4c14e30ee640b5f1","isMergeCommit":false,"messageTitle":"Fix test cases","messageBody":"","fileTypesAndContributionMap":{"functional-code":{"insertions":1,"deletions":1},"test-code":{"insertions":18,"deletions":3}}},{"hash":"4b68237f3d1ba6321d03cd7ec89f540104f59b6e","isMergeCommit":false,"messageTitle":"Remove unused imports in LogicManager class","messageBody":"","fileTypesAndContributionMap":{"test-code":{"insertions":0,"deletions":3}}},{"hash":"65b4bc823b0748b4bdeaddb99c88ebfa8b702ab3","isMergeCommit":false,"messageTitle":"Update Add command to check for all parent fields","messageBody":"","fileTypesAndContributionMap":{"functional-code":{"insertions":22,"deletions":2}}}]},{"date":"2024-10-16","commitResults":[{"hash":"d8945dc8cac49aa7b0a2a7a60a837df3e3120ee4","isMergeCommit":false,"messageTitle":"Add parseIndexes method in ParserUtil","messageBody":"","fileTypesAndContributionMap":{"functional-code":{"insertions":28,"deletions":0}}},{"hash":"9aebc3d2094dec980367056d0b20ba573aefdd71","isMergeCommit":false,"messageTitle":"Update DeleteCommand to take in multiple indexes","messageBody":"","fileTypesAndContributionMap":{"functional-code":{"insertions":29,"deletions":14}}},{"hash":"4d8c0227beb16485ee5c25b7f493627823c08b09","isMergeCommit":false,"messageTitle":"Update test cases","messageBody":"","fileTypesAndContributionMap":{"functional-code":{"insertions":6,"deletions":2},"test-code":{"insertions":15,"deletions":11}}},{"hash":"43a0cf030e9afae9de0607fe8b12a0e07c49f07b","isMergeCommit":false,"messageTitle":"Update delete command in User Guide","messageBody":"","fileTypesAndContributionMap":{"docs":{"insertions":7,"deletions":6}}}]},{"date":"2024-10-17","commitResults":[{"hash":"5fe8708a9f857bc7be8f417e4a427b006a5cea66","isMergeCommit":true,"messageTitle":"Fix merge conflicts in UserGuide","messageBody":"","fileTypesAndContributionMap":{}},{"hash":"1642076ffa4bbcc75ef579a7951b6fc5ea87679a","isMergeCommit":true,"messageTitle":"Merge pull request #77 from lutfir-cpu/lutfir/archive-feature","messageBody":"Archive Feature: Create a new class for archived contacts, interact with UniquePersonList","fileTypesAndContributionMap":{}}]},{"date":"2024-10-19","commitResults":[{"hash":"dd990c2df64cc318bdf9df9b29094ffc78237bbf","isMergeCommit":false,"messageTitle":"Enable assertions in build.gradle file","messageBody":"","fileTypesAndContributionMap":{"other":{"insertions":4,"deletions":0}}}]},{"date":"2024-10-21","commitResults":[{"hash":"027264cf15faa898f9372a2a290efd2ab517fd32","isMergeCommit":false,"messageTitle":"Add isPinned field in Person","messageBody":"","fileTypesAndContributionMap":{"functional-code":{"insertions":47,"deletions":11},"test-code":{"insertions":31,"deletions":23}}},{"hash":"b63403671b772307b00155a7519a5a3f89de48a2","isMergeCommit":false,"messageTitle":"Add Pin and Unpin Commands","messageBody":"","fileTypesAndContributionMap":{"functional-code":{"insertions":201,"deletions":1}}},{"hash":"a7a1f3e4ba3c707e73c0dfa8eba3a2f9eac63601","isMergeCommit":false,"messageTitle":"Fix style","messageBody":"","fileTypesAndContributionMap":{"functional-code":{"insertions":35,"deletions":4},"test-code":{"insertions":11,"deletions":1}}},{"hash":"faf30e799f87e25550e431ff4799be817f4ca16d","isMergeCommit":false,"messageTitle":"Update UserGuide.md","messageBody":"","fileTypesAndContributionMap":{"docs":{"insertions":30,"deletions":0}}},{"hash":"a3cccbc1d9c7959b8d4f648fbb9fda0e1cbdc93a","isMergeCommit":false,"messageTitle":"Update UserGuide.md","messageBody":"","fileTypesAndContributionMap":{"docs":{"insertions":1,"deletions":1}}}]},{"date":"2024-10-23","commitResults":[{"hash":"6a105eb695909387fc3482e4c2d2ff0acfd80d37","isMergeCommit":false,"messageTitle":"Add tests for PinCommand, improve OOP","messageBody":"","fileTypesAndContributionMap":{"functional-code":{"insertions":34,"deletions":2},"test-code":{"insertions":191,"deletions":1}}},{"hash":"03c7ffb8bd92b2492ce0bdcef449fa977169ec91","isMergeCommit":false,"messageTitle":"Add tests for UnpinCommand, fix style","messageBody":"","fileTypesAndContributionMap":{"functional-code":{"insertions":0,"deletions":10},"test-code":{"insertions":44,"deletions":79}}},{"hash":"9df6ad8facae0bc9616c3c54faf6903d56cbbaff","isMergeCommit":false,"messageTitle":"Add tests for parsers for pin and unpin commands","messageBody":"","fileTypesAndContributionMap":{"functional-code":{"insertions":30,"deletions":0},"test-code":{"insertions":114,"deletions":0}}},{"hash":"a44f4267f8e4d0535a5875493614dec6909f963f","isMergeCommit":false,"messageTitle":"Add tests for AddressBookParser","messageBody":"","fileTypesAndContributionMap":{"test-code":{"insertions":16,"deletions":0}}},{"hash":"c6a03adf68540f1df361e07529019710296eb717","isMergeCommit":false,"messageTitle":"Add tests for parsing multiple inputs","messageBody":"","fileTypesAndContributionMap":{"test-code":{"insertions":26,"deletions":0}}},{"hash":"2efa85d1bc5a10e534626ae79339b280c7d9f6cf","isMergeCommit":false,"messageTitle":"Fix style","messageBody":"","fileTypesAndContributionMap":{"test-code":{"insertions":0,"deletions":2}}}]},{"date":"2024-10-24","commitResults":[{"hash":"4eb77e290ad13404d3d7d592b31162a162ea1bac","isMergeCommit":false,"messageTitle":"Add assertions","messageBody":"","fileTypesAndContributionMap":{"functional-code":{"insertions":12,"deletions":0}}},{"hash":"6529c608090f601bd4c6923c6215834fb91a478b","isMergeCommit":false,"messageTitle":"Add pin image attribution","messageBody":"","fileTypesAndContributionMap":{"docs":{"insertions":4,"deletions":0}}},{"hash":"0e360658188ae05e7b0a399d4ed883421a5a80f1","isMergeCommit":true,"messageTitle":"Merge pull request #112 from lutfir-cpu/full-archive","messageBody":"Archive: Update ModelClassDiagram with ArchivedPersonList","fileTypesAndContributionMap":{}},{"hash":"ae10ec238cc674e7dedbcdf085ce9327674f8808","isMergeCommit":false,"messageTitle":"Add whitespace","messageBody":"","fileTypesAndContributionMap":{"docs":{"insertions":1,"deletions":1}}},{"hash":"88391b791300613dffc5da9493550d8d3d7c1fe5","isMergeCommit":false,"messageTitle":"Edit Model and Storage UML","messageBody":"","fileTypesAndContributionMap":{"docs":{"insertions":3,"deletions":2}}},{"hash":"019c41eb5438054bd1073ecbe69b55e60fff5dae","isMergeCommit":false,"messageTitle":"Fix bug with adding parent fields to non-students","messageBody":"","fileTypesAndContributionMap":{"functional-code":{"insertions":14,"deletions":0}}},{"hash":"0d328114e4660cd2560698024c3fc3c5122aa63e","isMergeCommit":false,"messageTitle":"Add tests for student check in EditCommand","messageBody":"","fileTypesAndContributionMap":{"test-code":{"insertions":9,"deletions":0}}},{"hash":"5d47b2584411a3aabcf2c9736847dcfb7c4e316e","isMergeCommit":true,"messageTitle":"Merge pull request #122 from ckclion/branch-education-bugfix","messageBody":"Fix bug for editing education","tags":["v1.4"],"fileTypesAndContributionMap":{}}]},{"date":"2024-10-25","commitResults":[{"hash":"804177c2d5476155adf0d4809cf9419ac5d88002","isMergeCommit":false,"messageTitle":"Add student class to BetterModelClass uml","messageBody":"","fileTypesAndContributionMap":{"docs":{"insertions":4,"deletions":0}}},{"hash":"6d6809986c4d50c0d80c4f637ef063bb427c115d","isMergeCommit":true,"messageTitle":"Merge pull request #125 from oneBoz/branch-update-uml","messageBody":"Diagram: update UML ","fileTypesAndContributionMap":{}},{"hash":"893781df3a16957d8c7e4429958f3fe8a691d614","isMergeCommit":true,"messageTitle":"Fix merge conflict","messageBody":"","fileTypesAndContributionMap":{}},{"hash":"c80913e821a46d05d518cc3be666218431009f95","isMergeCommit":false,"messageTitle":"Update Delete sequence diagram","messageBody":"","fileTypesAndContributionMap":{"docs":{"insertions":11,"deletions":8}}},{"hash":"840052e399eb015bea0eacd29dcaaec298b44792","isMergeCommit":false,"messageTitle":"Add whitespace","messageBody":"","fileTypesAndContributionMap":{"docs":{"insertions":1,"deletions":1}}}]},{"date":"2024-10-28","commitResults":[{"hash":"a4a95645f7f643e0c700c5aba21cf6c7269d01e7","isMergeCommit":false,"messageTitle":"Add liststudents command","messageBody":"","fileTypesAndContributionMap":{"functional-code":{"insertions":30,"deletions":0}}},{"hash":"23e3264fd5545b1018ca1e2f6b71be484c4d3319","isMergeCommit":false,"messageTitle":"Add tests for liststudents command","messageBody":"","fileTypesAndContributionMap":{"test-code":{"insertions":50,"deletions":0}}},{"hash":"f8ff8212c586d1b494a4e28ca2148ded23895ade","isMergeCommit":true,"messageTitle":"Merge pull request #139 from ckclion/branch-test-grades","messageBody":"Add test cases for GradeCommand","fileTypesAndContributionMap":{}},{"hash":"727a279e96de9156911f8c55eaccadcab335b641","isMergeCommit":true,"messageTitle":"Merge branch \u0027master\u0027 of https://github.com/AY2425S1-CS2103T-T09-4/tp into add-list-students","messageBody":"","fileTypesAndContributionMap":{}},{"hash":"dc11e1611118611b7611f4f2196fe4104f585a7b","isMergeCommit":true,"messageTitle":"Merge pull request #135 from lutfir-cpu/implement-archive-v2","messageBody":"Archive: Implement archive v2","fileTypesAndContributionMap":{}},{"hash":"dbfdfb5a4abc0450bc5659e7d621dc39b97957e0","isMergeCommit":true,"messageTitle":"Fix merge conflicts","messageBody":"","fileTypesAndContributionMap":{}}]},{"date":"2024-10-29","commitResults":[{"hash":"1a355a2d57e0ca652cd9eb1a8260a9108ad30eb8","isMergeCommit":false,"messageTitle":"Update command summary","messageBody":"","fileTypesAndContributionMap":{"docs":{"insertions":23,"deletions":11}}},{"hash":"1698a4f86c931e2128d0426513ee5c37180bd1f7","isMergeCommit":true,"messageTitle":"Merge pull request #153 from lutfir-cpu/implement-archive-v2","messageBody":"User Guide: Update archive, unarchive, listarchive","fileTypesAndContributionMap":{}},{"hash":"8925b91804c815ad7261c1bf1e0588a4d0da2496","isMergeCommit":false,"messageTitle":"Update help window link","messageBody":"","fileTypesAndContributionMap":{"functional-code":{"insertions":1,"deletions":1}}},{"hash":"71343a2853404d2ef0040e026548490e7d7268f9","isMergeCommit":true,"messageTitle":"Merge pull request #155 from lutfir-cpu/implement-archive-v2","messageBody":"UI: Add Goat","fileTypesAndContributionMap":{}}]},{"date":"2024-11-03","commitResults":[{"hash":"158a5a1ac331f87f54da88c466f16ed9d9549b56","isMergeCommit":true,"messageTitle":"Merge pull request #161 from ckclion/branch-update-ug-v1.5","messageBody":"Add introduction to user guide","fileTypesAndContributionMap":{}},{"hash":"53bb3469369180dfad98cc5e8de89923995c17f0","isMergeCommit":true,"messageTitle":"Merge pull request #170 from oneBoz/branch-add-time","messageBody":"Model: Add time","fileTypesAndContributionMap":{}},{"hash":"f5f99e70481a1f6e835ca84fa99ae83487d0c98a","isMergeCommit":false,"messageTitle":"Revert \"Model: Add time\"","messageBody":"","fileTypesAndContributionMap":{"functional-code":{"insertions":50,"deletions":390},"test-code":{"insertions":62,"deletions":339}}}]},{"date":"2024-11-05","commitResults":[{"hash":"417c4402a60ddc29a4d6cc559717e69b15355adf","isMergeCommit":false,"messageTitle":"Fix isPinned method name","messageBody":"","fileTypesAndContributionMap":{"functional-code":{"insertions":12,"deletions":12},"test-code":{"insertions":1,"deletions":1}}},{"hash":"2cab57a3dfff95f44594f2f355a114a1e4271aa4","isMergeCommit":true,"messageTitle":"Merge pull request #179 from ckclion/branch-grade-bugfix-v1.5","messageBody":"Fix bugs for grade command","fileTypesAndContributionMap":{}},{"hash":"7357feebc2c4e77cba5b8e6139ce856d5673874a","isMergeCommit":false,"messageTitle":"Add listparents command","messageBody":"","fileTypesAndContributionMap":{"functional-code":{"insertions":34,"deletions":0},"test-code":{"insertions":36,"deletions":0}}}]},{"date":"2024-11-06","commitResults":[{"hash":"4966a74d55105e810545c887629bee19abf9f2c7","isMergeCommit":false,"messageTitle":"Add test for AddressBookParser","messageBody":"","fileTypesAndContributionMap":{"test-code":{"insertions":8,"deletions":0}}},{"hash":"8a747e2a78ed2b7d8754f7da2f19a9d7e5aa2d8e","isMergeCommit":false,"messageTitle":"Remove misleading comment","messageBody":"","fileTypesAndContributionMap":{"functional-code":{"insertions":1,"deletions":5}}},{"hash":"06269479f6c0bdd30a102c1b5c64c36a202fce3e","isMergeCommit":false,"messageTitle":"Remove whitespace","messageBody":"","fileTypesAndContributionMap":{"functional-code":{"insertions":0,"deletions":1}}},{"hash":"72631df00371e81faed0f51497399571ef718a9d","isMergeCommit":false,"messageTitle":"Fix List Commands","messageBody":"","fileTypesAndContributionMap":{"functional-code":{"insertions":9,"deletions":2}}},{"hash":"440ffc6e6b0ab263c8908ec2c6533e3568364be4","isMergeCommit":false,"messageTitle":"Fix style","messageBody":"","fileTypesAndContributionMap":{"functional-code":{"insertions":0,"deletions":3}}},{"hash":"836dfe6a50be7cdcec1735137a3ce2eb1f479731","isMergeCommit":false,"messageTitle":"Refactor UnlinkCommand","messageBody":"","fileTypesAndContributionMap":{"functional-code":{"insertions":53,"deletions":47}}},{"hash":"8bd22b6d52fe957c456d1e268f841abd5528506d","isMergeCommit":false,"messageTitle":"Add tests for Parsers","messageBody":"","fileTypesAndContributionMap":{"functional-code":{"insertions":18,"deletions":4},"test-code":{"insertions":74,"deletions":0}}},{"hash":"dbcfa6f8a6e7328d0ffafb8a492789df7ff7935c","isMergeCommit":false,"messageTitle":"Add Javadoc comment","messageBody":"","fileTypesAndContributionMap":{"test-code":{"insertions":4,"deletions":0}}},{"hash":"88312ea8765989f0e0dc878411494b9c9f72253f","isMergeCommit":false,"messageTitle":"Add test for Parser","messageBody":"","fileTypesAndContributionMap":{"test-code":{"insertions":8,"deletions":0}}},{"hash":"f1cb7a1ad7d9961210f720b3ef4850914121f8eb","isMergeCommit":false,"messageTitle":"Edit test case","messageBody":"","fileTypesAndContributionMap":{"test-code":{"insertions":3,"deletions":2}}}]},{"date":"2024-11-07","commitResults":[{"hash":"4cc3b12fbf02259e10e258e2a5b78568b5611270","isMergeCommit":true,"messageTitle":"Merge branch master","messageBody":"","fileTypesAndContributionMap":{}},{"hash":"ebe02a3572251029f87e5b9e9c7c712220e5633c","isMergeCommit":false,"messageTitle":"Add success test case for UnlinkCommand","messageBody":"","fileTypesAndContributionMap":{"functional-code":{"insertions":5,"deletions":3},"test-code":{"insertions":151,"deletions":1}}},{"hash":"49e02697e72fb7eb9e6dde3e92d5ab8d79ee2168","isMergeCommit":false,"messageTitle":"Remove unused imports","messageBody":"","fileTypesAndContributionMap":{"functional-code":{"insertions":0,"deletions":1},"test-code":{"insertions":0,"deletions":1}}},{"hash":"53043fa36ed7257b3b0a63af34c3d6fbabcf87c7","isMergeCommit":false,"messageTitle":"Edit success message","messageBody":"","fileTypesAndContributionMap":{"functional-code":{"insertions":1,"deletions":1}}},{"hash":"3c7df150fb0698bb68c1235bafb7caab86ee8ccc","isMergeCommit":false,"messageTitle":"Fix bug with duplicate prefixes in LinkCommand","messageBody":"","fileTypesAndContributionMap":{"functional-code":{"insertions":1,"deletions":0}}},{"hash":"1e83c028a8095d13ecb820e572261bcabd46e462","isMergeCommit":true,"messageTitle":"Merge pull request #203 from ckclion/branch-update-limits","messageBody":"Update restrictions for user inputs","fileTypesAndContributionMap":{}},{"hash":"5d4e390cb2eb8e475d14d85573d2acd0d40a9c09","isMergeCommit":true,"messageTitle":"Merge pull request #201 from ckclion/branch-update-dg-v1.5","messageBody":"Update developer guide","fileTypesAndContributionMap":{}},{"hash":"c4aba9631795c94df4c0be0bc357190233d0d642","isMergeCommit":false,"messageTitle":"Fix bug with invalid names in Link and Unlink","messageBody":"","fileTypesAndContributionMap":{"functional-code":{"insertions":44,"deletions":19}}},{"hash":"69968a40aabe346446ffb3c93878d08aa48f8b47","isMergeCommit":true,"messageTitle":"Merge pull request #206 from ckclion/branch-add-ug-v1.5","messageBody":"Add sort to user guide","fileTypesAndContributionMap":{}},{"hash":"1f67ee80cf1edbbe4b1cc034eee90fd244022da5","isMergeCommit":false,"messageTitle":"Update UG with Link and Unlink Commands","messageBody":"","fileTypesAndContributionMap":{"docs":{"insertions":51,"deletions":23}}},{"hash":"3058f4a2519f556c1710a9866a28de294e9f6ee7","isMergeCommit":true,"messageTitle":"Merge master into branch ug-link-unlink","messageBody":"","fileTypesAndContributionMap":{}},{"hash":"f9f1d62dcd7e443c6ee24d09a53217c82407b08e","isMergeCommit":true,"messageTitle":"Merge pull request #205 from lutfir-cpu/master","messageBody":"Update helpMessage.png Screenshot","fileTypesAndContributionMap":{}},{"hash":"09e102fa755d0b73048035ed1849415309081206","isMergeCommit":false,"messageTitle":"Add findDay Command in UG","messageBody":"","fileTypesAndContributionMap":{"docs":{"insertions":25,"deletions":7}}},{"hash":"a25d178b02e3d55dcca118d0f85dd2df8f74a4ad","isMergeCommit":false,"messageTitle":"Fix bug with DeleteCommand and Links","messageBody":"","fileTypesAndContributionMap":{"functional-code":{"insertions":44,"deletions":15}}},{"hash":"76b3406eebaefea8768b465453979a92adb00b61","isMergeCommit":true,"messageTitle":"Merge pull request #217 from ckclion/branch-prerelease-v1.5","messageBody":"Update version number of app","tags":["v1.5"],"fileTypesAndContributionMap":{}}]},{"date":"2024-11-08","commitResults":[{"hash":"b4a1be0af6ca2a4fbe98beffa3d2024dc0be4b81","isMergeCommit":false,"messageTitle":"Change adds and addp command words","messageBody":"","fileTypesAndContributionMap":{"functional-code":{"insertions":2,"deletions":2},"docs":{"insertions":10,"deletions":10}}},{"hash":"4fcc960e6b86927c996bddd5a92f9d3b15a7d216","isMergeCommit":true,"messageTitle":"Merge pull request #218 from ckclion/branch-update-site-v1.5.1","messageBody":"Remove dead links","fileTypesAndContributionMap":{}}]},{"date":"2024-11-09","commitResults":[{"hash":"66727a30db646d0dc59d64c494a9c067af57365d","isMergeCommit":false,"messageTitle":"Fix Parsing Error with LinkCommand","messageBody":"","fileTypesAndContributionMap":{"functional-code":{"insertions":4,"deletions":7}}}]},{"date":"2024-11-10","commitResults":[{"hash":"979189d4cb1b899685ff931d17279bcee3be7688","isMergeCommit":true,"messageTitle":"Merge pull request #305 from elliot-tang/fix-link-command-parser","messageBody":"Fix Parsing Error with LinkCommand","fileTypesAndContributionMap":{}}]}]},"authorFileTypeContributionMap":{"oneBoz":{"docs":118,"functional-code":730,"test-code":380},"lutfir-cpu":{"docs":496,"functional-code":406,"test-code":41},"ckclion":{"docs":215,"functional-code":559,"test-code":557,"other":1},"IsaacPangTH":{"docs":81,"functional-code":1190,"test-code":863},"elliot-tang":{"docs":173,"functional-code":617,"test-code":648,"other":4}},"authorContributionVariance":{"oneBoz":25935.316,"lutfir-cpu":38415.902,"ckclion":27600.072,"IsaacPangTH":79876.26,"elliot-tang":24455.05},"authorDisplayNameMap":{"oneBoz":"CS2103T-T09-4 DING..I HE","lutfir-cpu":"CS2103T-T09-4 LUTF..IZAL","ckclion":"CS2103T-T09-4 CHUA..CHIN","IsaacPangTH":"CS2103T-T09-4 ISAA..HONG","elliot-tang":"CS2103T-T09-4 TANG..LIOT"}}
