{"authorDailyContributionsMap":{"annabellekk":[{"date":"2024-10-01","commitResults":[{"hash":"e7305ea2955f8ba0353dffcea610b5b35f94fac9","isMergeCommit":false,"messageTitle":"Update Annabelle\u0027s info in AboutUs page","messageBody":"","fileTypesAndContributionMap":{"docs":{"insertions":3,"deletions":3}}}]},{"date":"2024-10-02","commitResults":[{"hash":"a3357351f3474fc008117b0a2353c4a3aa5f4c1b","isMergeCommit":true,"messageTitle":"Merge pull request #12 from JoanneHing/adding-photo","messageBody":"Add Joanne\u0027s Photo","fileTypesAndContributionMap":{}}]},{"date":"2024-10-03","commitResults":[{"hash":"da28eab7bb8d62a2098f1946d1465508f231a7cf","isMergeCommit":false,"messageTitle":"Add acknowledgement to AB3","messageBody":"","fileTypesAndContributionMap":{"docs":{"insertions":1,"deletions":1}}},{"hash":"311d5efea3bbafbf4ece2cb00428c56e6b04da0a","isMergeCommit":false,"messageTitle":"Add user stories and use cases","messageBody":"","fileTypesAndContributionMap":{"docs":{"insertions":33,"deletions":10}}},{"hash":"ccb6fc2d821d0dcfaf4c82e4eabb600211966ee8","isMergeCommit":false,"messageTitle":"Fix MSS steps","messageBody":"","fileTypesAndContributionMap":{"docs":{"insertions":2,"deletions":3}}}]},{"date":"2024-10-05","commitResults":[{"hash":"48ccb1afc85c31ec3ef853d021b3db0efd2258d2","isMergeCommit":true,"messageTitle":"Merge pull request #41 from JoanneHing/user-guide","messageBody":"Update User Guide for MVP","fileTypesAndContributionMap":{}},{"hash":"de857bf34f9ebd9c106665807fb11f06f7cc2c8e","isMergeCommit":true,"messageTitle":"Merge pull request #39 from JoanneHing/about-us","messageBody":"Update team details in the AboutUs page","fileTypesAndContributionMap":{}}]},{"date":"2024-10-06","commitResults":[{"hash":"fda92c4d857bac1fe7f064c04eb779cfe402c242","isMergeCommit":true,"messageTitle":"Merge pull request #47 from adriantan101/update-developer-usecase","messageBody":"Update Use Cases \u0026 Glossary","fileTypesAndContributionMap":{}},{"hash":"147602429d7403e731b6e0960faa1df1b65eb53d","isMergeCommit":true,"messageTitle":"Merge branch \u0027master\u0027 into updateDG","messageBody":"","fileTypesAndContributionMap":{}},{"hash":"03d9a1dbed8a47098912b072d404337dd15846dd","isMergeCommit":true,"messageTitle":"Merge pull request #44 from ethanwangkangen/updateDG","messageBody":"Update DeveloperGuide.md","fileTypesAndContributionMap":{}},{"hash":"1f8ddb51a095dc803d3315d8433296204914096e","isMergeCommit":false,"messageTitle":"Update clear command success message","messageBody":"","fileTypesAndContributionMap":{"functional-code":{"insertions":1,"deletions":1}}},{"hash":"5367db2a7c821fead0322371f511b168b9dfdd59","isMergeCommit":true,"messageTitle":"Merge pull request #48 from annabellekk/master","messageBody":"Update annabelle\u0027s photo","fileTypesAndContributionMap":{}},{"hash":"2a00e1e1c8d8e7d324c1ec01b5022f74652473ed","isMergeCommit":false,"messageTitle":"Revert \"Update annabelle\u0027s photo\"","messageBody":"","fileTypesAndContributionMap":{"functional-code":{"insertions":1,"deletions":1}}},{"hash":"e530651c2344101d42ac957170899c8ef0b96570","isMergeCommit":true,"messageTitle":"Merge pull request #50 from AY2425S1-CS2103T-W11-3/revert-48-master","messageBody":"Revert \"Update annabelle\u0027s photo\"","fileTypesAndContributionMap":{}},{"hash":"75e32ac43120c97c62f3fb64b7d34cac82d59bcc","isMergeCommit":true,"messageTitle":"Merge remote-tracking branch \u0027upstream/master\u0027","messageBody":"","fileTypesAndContributionMap":{}},{"hash":"f73e7f15515e618fcefe65d6d51189090e0c3e57","isMergeCommit":false,"messageTitle":"Update clear command","messageBody":"","fileTypesAndContributionMap":{"functional-code":{"insertions":1,"deletions":1}}},{"hash":"5601b06f08e1d0434af66683b2d60df13201d487","isMergeCommit":false,"messageTitle":"Add class field to a person","messageBody":"","fileTypesAndContributionMap":{"functional-code":{"insertions":58,"deletions":0}}},{"hash":"ddfd2e24bc7dab871dd6b9cab2e0341b512d00b2","isMergeCommit":false,"messageTitle":"Add class and ic fields to a person","messageBody":"extern const char *student_number;\nextern const char *student_name;\nextern const char *student_tut_grp;\n","fileTypesAndContributionMap":{"functional-code":{"insertions":52,"deletions":11}}},{"hash":"24a79fa0da53311fabfa49c201717acbe6d63e42","isMergeCommit":false,"messageTitle":"Fix styling issues","messageBody":"","fileTypesAndContributionMap":{"functional-code":{"insertions":3,"deletions":3}}}]},{"date":"2024-10-09","commitResults":[{"hash":"9b7127f068199a8b2f4ec0eca6694f30b9426b98","isMergeCommit":true,"messageTitle":"Merge pull request #58 from adriantan101/update-help-display","messageBody":"Make help window scrollable with details of functions","fileTypesAndContributionMap":{}},{"hash":"5a612ffa1f46b6ee58eac6f2facc73e343c175de","isMergeCommit":true,"messageTitle":"Merge remote-tracking branch \u0027upstream/master\u0027","messageBody":"","fileTypesAndContributionMap":{}}]},{"date":"2024-10-11","commitResults":[{"hash":"043e2699ebd787134571b1d88e84c5e46ac4a140","isMergeCommit":true,"messageTitle":"Merge remote-tracking branch \u0027upstream/master\u0027","messageBody":"","fileTypesAndContributionMap":{}},{"hash":"ad34b3e5784dd4222b22cd3d8ad3b4dee32d9bba","isMergeCommit":false,"messageTitle":"Add function for adding IC number to a person","messageBody":"","fileTypesAndContributionMap":{"functional-code":{"insertions":75,"deletions":24},"test-code":{"insertions":16,"deletions":10}}},{"hash":"ef4cb416d6d66cf2260666f2c734c6a938239552","isMergeCommit":false,"messageTitle":"Update person\u0027s field","messageBody":"","fileTypesAndContributionMap":{"functional-code":{"insertions":18,"deletions":7}}},{"hash":"1f79767c4a52eec27eddfcfa86000c326f0baac1","isMergeCommit":false,"messageTitle":"Adjust test cases","messageBody":"","fileTypesAndContributionMap":{"test-code":{"insertions":210,"deletions":187}}},{"hash":"67be3c04ef2e8adefdcdbb5d500c9f636d498026","isMergeCommit":false,"messageTitle":"Add subject field to a person","messageBody":"","fileTypesAndContributionMap":{"functional-code":{"insertions":86,"deletions":24},"other":{"insertions":12,"deletions":11},"test-code":{"insertions":38,"deletions":12}}},{"hash":"778735b33167c8883c46463944a86b396f9c5398","isMergeCommit":true,"messageTitle":"Merge branch \u0027master\u0027 into branch-update-add-command","messageBody":"","fileTypesAndContributionMap":{}}]},{"date":"2024-10-14","commitResults":[{"hash":"789b9793665eef8285193e44a88f37536b63abae","isMergeCommit":true,"messageTitle":"Merge remote-tracking branch \u0027upstream/master\u0027","messageBody":"","fileTypesAndContributionMap":{}},{"hash":"bfb7cc4114d1ea31d84b3c4c4a4e0fbcf94552f5","isMergeCommit":false,"messageTitle":"Update add feature to accept multiple subjects","messageBody":"","fileTypesAndContributionMap":{"functional-code":{"insertions":139,"deletions":44},"test-code":{"insertions":38,"deletions":19}}},{"hash":"c07dcf4e41c1faa3db6fc4a6ba59d725fc26bb14","isMergeCommit":false,"messageTitle":"Fix test cases with duplicate persons","messageBody":"","fileTypesAndContributionMap":{"test-code":{"insertions":42,"deletions":38}}},{"hash":"69fddf9e093dddf961352b85947212238d6adfc7","isMergeCommit":false,"messageTitle":"Fix some test cases and bugs","messageBody":"","fileTypesAndContributionMap":{"test-code":{"insertions":121,"deletions":111}}}]},{"date":"2024-10-15","commitResults":[{"hash":"d8df9b17707904f7b4f07527a610679698c3d6cd","isMergeCommit":false,"messageTitle":"Update ui of help message for add","messageBody":"","fileTypesAndContributionMap":{"functional-code":{"insertions":8,"deletions":7}}},{"hash":"3d35a6f0b3b0552a19245f68fbc9f21c07150d35","isMergeCommit":true,"messageTitle":"Merge pull request #81 from JoanneHing/gui","messageBody":"Update colour coding","fileTypesAndContributionMap":{}}]}],"ethanwangkangen":[{"date":"2024-09-29","commitResults":[{"hash":"e92ca8428218380002e61850ecdee42b627220fd","isMergeCommit":false,"messageTitle":"Add ethanwang.md to team folder","messageBody":"","fileTypesAndContributionMap":{"docs":{"insertions":0,"deletions":0}}}]},{"date":"2024-10-02","commitResults":[{"hash":"8a57f8fbfebdb2b50709381ffb3e83e35e7c362a","isMergeCommit":false,"messageTitle":"Update AboutUs.md","messageBody":"","fileTypesAndContributionMap":{"docs":{"insertions":5,"deletions":43}}}]},{"date":"2024-10-05","commitResults":[{"hash":"69c170f9f522f684fc9f884e210aedddb1f1b5f7","isMergeCommit":true,"messageTitle":"Merge pull request #37 from JoanneHing/readme","messageBody":"Update readme","fileTypesAndContributionMap":{}},{"hash":"a835a35751db496b62b5dd325660ced5ceacfeb3","isMergeCommit":true,"messageTitle":"Merge pull request #29 from JoanneHing/adding-photo","messageBody":"Remove Dummy Value","fileTypesAndContributionMap":{}},{"hash":"ec746c2717be4dcd44206c73fab457fdd02713b8","isMergeCommit":false,"messageTitle":"Fix some problems with AboutUs page","messageBody":"","fileTypesAndContributionMap":{"docs":{"insertions":2,"deletions":2}}},{"hash":"967ddc1d6b7401bcaec2961b4804398a244c303a","isMergeCommit":false,"messageTitle":"Update index.md and _config.yml, ie. site wide settings","messageBody":"","fileTypesAndContributionMap":{"other":{"insertions":2,"deletions":2},"docs":{"insertions":5,"deletions":5}}}]},{"date":"2024-10-06","commitResults":[{"hash":"21e8e163ad28fa542b9b801a7344768a0ef9dcb5","isMergeCommit":false,"messageTitle":"Update DeveloperGuide.md","messageBody":"","fileTypesAndContributionMap":{"docs":{"insertions":14,"deletions":10}}}]},{"date":"2024-10-09","commitResults":[{"hash":"3a4324cd72b83fc59db0f8058119b940acfd613d","isMergeCommit":false,"messageTitle":"Add first version of sort command","messageBody":"","fileTypesAndContributionMap":{"functional-code":{"insertions":48,"deletions":0}}},{"hash":"1cfa52efd9c820dae53177f81921898dd227d97c","isMergeCommit":false,"messageTitle":"Add server command","messageBody":"","fileTypesAndContributionMap":{"functional-code":{"insertions":115,"deletions":1}}},{"hash":"2c4efdcd7880cb8ae5accbfacfd1743b34c7a2fb","isMergeCommit":false,"messageTitle":"Add sort command fully","messageBody":"","fileTypesAndContributionMap":{"functional-code":{"insertions":115,"deletions":1}}},{"hash":"0ad147d5fc3fb5ca5001972293aff8ad42691e08","isMergeCommit":true,"messageTitle":"Merge remote-tracking branch \u0027upstream/master\u0027 into sortCommand","messageBody":"","fileTypesAndContributionMap":{}},{"hash":"a07dbbc4d904d52527572ba36cd79dfd42871306","isMergeCommit":true,"messageTitle":"Merge branch \u0027sortCommand\u0027 of https://github.com/ethanwangkangen/tp into sortCommand","messageBody":"","fileTypesAndContributionMap":{}},{"hash":"b408126a399637bec6bf8f2ba189878f4da255c4","isMergeCommit":false,"messageTitle":"Fix checkstyle issues","messageBody":"","fileTypesAndContributionMap":{"functional-code":{"insertions":14,"deletions":5}}},{"hash":"ae862c6dffe432ebc683792ed0342aa36e806272","isMergeCommit":false,"messageTitle":"Implement method in AddCommandTest","messageBody":"","fileTypesAndContributionMap":{"test-code":{"insertions":5,"deletions":0}}},{"hash":"d3640c1fd2a1a944bad00293c36a6b667d0d1f53","isMergeCommit":false,"messageTitle":"Fix issue with success message","messageBody":"","fileTypesAndContributionMap":{"functional-code":{"insertions":13,"deletions":1}}},{"hash":"91dc4e38dc6c297adaaf5043144550869fd0ec17","isMergeCommit":false,"messageTitle":"Remove unused import in SortCommand","messageBody":"","fileTypesAndContributionMap":{"functional-code":{"insertions":1,"deletions":1}}}]},{"date":"2024-10-14","commitResults":[{"hash":"99fb6785d2944855b993da89cad0ef7aa80bfed1","isMergeCommit":true,"messageTitle":"Merge pull request #55 from annabellekk/branch-update-add-command","messageBody":"Add class and ic fields to a person","fileTypesAndContributionMap":{}}]},{"date":"2024-10-16","commitResults":[{"hash":"114402fcc9efaefbd06fca91ec3a6765deaed6b7","isMergeCommit":false,"messageTitle":"Add AddClassCommand and finish SortCommand","messageBody":"","fileTypesAndContributionMap":{"functional-code":{"insertions":329,"deletions":9},"test-code":{"insertions":27,"deletions":1}}},{"hash":"b323aa5a953fe5ffbf01dac23e281745dc229c83","isMergeCommit":false,"messageTitle":"Fix some styling issues","messageBody":"","fileTypesAndContributionMap":{"functional-code":{"insertions":9,"deletions":21}}},{"hash":"2eca05300375c169a9316322184191cc533487e2","isMergeCommit":false,"messageTitle":"Fix some whitespace issues","messageBody":"","fileTypesAndContributionMap":{"functional-code":{"insertions":4,"deletions":5}}},{"hash":"26b8eeca47a00a60855310fb4d5fea9e9209a812","isMergeCommit":false,"messageTitle":"Fix test stub issues","messageBody":"","fileTypesAndContributionMap":{"test-code":{"insertions":5,"deletions":0}}},{"hash":"97c78a527b5bfadeace375b3cd307bb7bb211ce8","isMergeCommit":true,"messageTitle":"Merge pull request #89 from JoanneHing/gui","messageBody":"update styling","fileTypesAndContributionMap":{}}]}],"JoanneHing":[{"date":"2024-10-02","commitResults":[{"hash":"9bdc51de978f19be763de35c0e667ea0a457715e","isMergeCommit":false,"messageTitle":"edit about us details of joanne","messageBody":"","fileTypesAndContributionMap":{"docs":{"insertions":4,"deletions":5}}},{"hash":"55d78cd0776bd80b6d39b3c82a6369631c6455c5","isMergeCommit":true,"messageTitle":"Merge pull request #8 from annabellekk/branch-aboutus","messageBody":"Update Annabelle\u0027s info in AboutUs page","fileTypesAndContributionMap":{}},{"hash":"7dd477f5c6262acf08bb44f4d556e5a3171bd763","isMergeCommit":true,"messageTitle":"Merge pull request #18 from cweijin/task-AboutUs","messageBody":"Update Wei Jin\u0027s info in AboutUs page","fileTypesAndContributionMap":{}},{"hash":"17eeffd068e6486ce7f9ed052d7f2af5b1846f3a","isMergeCommit":true,"messageTitle":"Merge pull request #20 from JoanneHing/about-us","messageBody":"Update Joanne\u0027s Info in AboutUs Page","fileTypesAndContributionMap":{}},{"hash":"ce5e59044953b74675bc5e66a58176f2069da75d","isMergeCommit":true,"messageTitle":"Merge branch \u0027master\u0027 into updateInfo","messageBody":"","fileTypesAndContributionMap":{}},{"hash":"c250005987e55ac201dd9f4fb2164846dabb86be","isMergeCommit":true,"messageTitle":"Merge branch \u0027master\u0027 into update-adrian-about","messageBody":"","fileTypesAndContributionMap":{}},{"hash":"7a76bffdbb062b8adfb5d5cd02d9c33a728194ad","isMergeCommit":true,"messageTitle":"Merge pull request #23 from ethanwangkangen/updateInfo","messageBody":"Update Ethan\u0027s info in AboutUs page","fileTypesAndContributionMap":{}},{"hash":"da43583ef8ce070f7e2ab120bf03ec72b0acf262","isMergeCommit":true,"messageTitle":"Merge pull request #25 from adriantan101/update-adrian-about","messageBody":"Update Adrian\u0027s info in AboutUs page","fileTypesAndContributionMap":{}},{"hash":"1b3acb19cff1f098a4b0cb553391ffe0e6868adc","isMergeCommit":true,"messageTitle":"Merge pull request #26 from JoanneHing/adding-photo","messageBody":"Move the image location","fileTypesAndContributionMap":{}}]},{"date":"2024-10-05","commitResults":[{"hash":"f437947c2514cec7eca6f9e5da4f858455793dbd","isMergeCommit":false,"messageTitle":"remove dummy value","messageBody":"","fileTypesAndContributionMap":{"docs":{"insertions":1,"deletions":12}}},{"hash":"963d2a14f1d01dca3c48f9c469748e69eb0c9307","isMergeCommit":false,"messageTitle":"fix styling issue","messageBody":"","fileTypesAndContributionMap":{"docs":{"insertions":1,"deletions":1}}},{"hash":"75895d098373f51b29ac4277b8c5f390f77f446a","isMergeCommit":false,"messageTitle":"edit team email","messageBody":"","fileTypesAndContributionMap":{"docs":{"insertions":2,"deletions":2}}},{"hash":"2ee5456155d3e3c1607c4e7a67ea72d65ee1385f","isMergeCommit":false,"messageTitle":"update readme","messageBody":"","fileTypesAndContributionMap":{"docs":{"insertions":13,"deletions":11}}},{"hash":"d9ee4f4cd292198682c382599101c00add1aff9e","isMergeCommit":true,"messageTitle":"Merge pull request #28 from annabellekk/branch-developer-guide","messageBody":"Add user stories and use case for adding contact ","fileTypesAndContributionMap":{}},{"hash":"5f320e284df3aa5acb67a41099c3aba023f61150","isMergeCommit":false,"messageTitle":"update user guide","messageBody":"","fileTypesAndContributionMap":{"docs":{"insertions":91,"deletions":108}}},{"hash":"7dea64e9657af22925ac3b232bba580c7659bcd0","isMergeCommit":false,"messageTitle":"update user guide","messageBody":"","fileTypesAndContributionMap":{"docs":{"insertions":21,"deletions":10}}},{"hash":"8ad2f7f592be64813e8a68981660121c0b042e80","isMergeCommit":true,"messageTitle":"fix merge conflict of the ui image","messageBody":"","fileTypesAndContributionMap":{}},{"hash":"dd8699b8188d0512858ccdb2d20ebbe8b05d626d","isMergeCommit":true,"messageTitle":"Merge pull request #42 from ethanwangkangen/updateAboutUs","messageBody":"Fix some problems with AboutUs page","fileTypesAndContributionMap":{}},{"hash":"b80d5a8af4f8c197c221a4b0f5f90b0bbc60f96b","isMergeCommit":true,"messageTitle":"Merge pull request #43 from ethanwangkangen/updateSitewideSettings","messageBody":"Update index.md and _config.yml to show updated product page Closes #31","fileTypesAndContributionMap":{}}]},{"date":"2024-10-09","commitResults":[{"hash":"f47d07ff60abccc24420cf512f53f5ab62657ef1","isMergeCommit":true,"messageTitle":"Merge pull request #53 from annabellekk/branch-update-clear-command","messageBody":"Update clear command","fileTypesAndContributionMap":{}},{"hash":"0e7c1843a985fc443783306f839c8e8423f27432","isMergeCommit":false,"messageTitle":"Update list command","messageBody":"","fileTypesAndContributionMap":{"functional-code":{"insertions":1,"deletions":1}}},{"hash":"9b55d84e3c4b72aeb887559138f20e91e78eedb3","isMergeCommit":false,"messageTitle":"Update view command word and message","messageBody":"","fileTypesAndContributionMap":{"functional-code":{"insertions":2,"deletions":2}}},{"hash":"40a3e33ab7ee220c83025398a1f78b6fcf4caa74","isMergeCommit":true,"messageTitle":"Merge pull request #61 from adriantan101/update-help-links","messageBody":"Add links to Product Website, User Guide ","fileTypesAndContributionMap":{}}]},{"date":"2024-10-10","commitResults":[{"hash":"9f593aff5fa94f82ad4a18e3ac1043484f45d655","isMergeCommit":true,"messageTitle":"Merge pull request #60 from ethanwangkangen/sortCommand","messageBody":"Add first version of sort command Closes #59","fileTypesAndContributionMap":{}}]},{"date":"2024-10-12","commitResults":[{"hash":"5463a5ef605da76ed9db4ac25c49711b07cb88b4","isMergeCommit":true,"messageTitle":"Merge pull request #67 from cweijin/branch-update-find-command","messageBody":"Update find command","fileTypesAndContributionMap":{}}]},{"date":"2024-10-15","commitResults":[{"hash":"0846eb68f2361bf4ea76e54f6ae6ed754440d548","isMergeCommit":false,"messageTitle":"update color code of the gui","messageBody":"","fileTypesAndContributionMap":{"functional-code":{"insertions":28,"deletions":28}}},{"hash":"52925017e3fb5bb4705254b61084d8847a471ab1","isMergeCommit":false,"messageTitle":"update the fonts","messageBody":"","fileTypesAndContributionMap":{"functional-code":{"insertions":2,"deletions":2},"other":{"insertions":18,"deletions":18}}},{"hash":"c81ee4b638093663e096ebe7369001cedef92a2b","isMergeCommit":false,"messageTitle":"update gui for help window","messageBody":"","fileTypesAndContributionMap":{"functional-code":{"insertions":36,"deletions":27}}}]},{"date":"2024-10-16","commitResults":[{"hash":"84d3e73807f7fe8693e5acead6678533e9bb635e","isMergeCommit":false,"messageTitle":"update font","messageBody":"","fileTypesAndContributionMap":{"functional-code":{"insertions":13,"deletions":13}}},{"hash":"0352078e4c19e47c6b6dbb57cdddeb2e07c63c70","isMergeCommit":true,"messageTitle":"Merge pull request #85 from adriantan101/helpwindow-auto-open","messageBody":"Help window final ","fileTypesAndContributionMap":{}},{"hash":"aa9759d0b6ee3caf0e33f0f2aa4137c63456f22c","isMergeCommit":false,"messageTitle":"update styling","messageBody":"","fileTypesAndContributionMap":{"functional-code":{"insertions":12,"deletions":8}}},{"hash":"f5b32664e15a9d39cd26be938280caa434c011b8","isMergeCommit":true,"messageTitle":"Merge pull request #86 from ethanwangkangen/addClass","messageBody":"Add AddClassCommand and finish SortCommand","fileTypesAndContributionMap":{}}]}],"cweijin":[{"date":"2024-10-02","commitResults":[{"hash":"6aae6a3fe2362e23f5ef0ab3e14261eabc55fd27","isMergeCommit":false,"messageTitle":"Update Wei Jin\u0027s info in AboutUs page","messageBody":"","fileTypesAndContributionMap":{"docs":{"insertions":3,"deletions":3}}}]},{"date":"2024-10-06","commitResults":[{"hash":"2c4b5f32b8c55bd28e9c9d7964aae9e2663d1bfa","isMergeCommit":false,"messageTitle":"Fix: remove duplicated header line","messageBody":"","fileTypesAndContributionMap":{"docs":{"insertions":4,"deletions":1}}},{"hash":"3c7f7e267f5d101765f3af5acced90e6efd7441e","isMergeCommit":true,"messageTitle":"Merge pull request #46 from adriantan101/update-developerguide","messageBody":"Update NFRs Value Proposition \u0026 Target User Profile","fileTypesAndContributionMap":{}}]},{"date":"2024-10-11","commitResults":[{"hash":"ad3a4f3db9410b25c15389684dcd9a222c8ee12c","isMergeCommit":false,"messageTitle":"Update find command","messageBody":"Let\u0027s,\n* validate the parameter (student name)\n* update succeed message\n* update test cases\n","fileTypesAndContributionMap":{"functional-code":{"insertions":17,"deletions":6},"test-code":{"insertions":18,"deletions":3}}}]}],"adriantan101":[{"date":"2024-10-02","commitResults":[{"hash":"165634d69297c640b3129357c626555ed74e416d","isMergeCommit":false,"messageTitle":"Update about us page","messageBody":"","fileTypesAndContributionMap":{"docs":{"insertions":3,"deletions":3}}}]},{"date":"2024-10-05","commitResults":[{"hash":"7c989479c99da1d2268ac3f7989e5f0767890cac","isMergeCommit":true,"messageTitle":"Merge branch \u0027master\u0027 of https://github.com/AY2425S1-CS2103T-W11-3/tp","messageBody":"","fileTypesAndContributionMap":{}}]},{"date":"2024-10-06","commitResults":[{"hash":"d06f4ff8da93641268fbc4a22dc1ca7e9ad51c7d","isMergeCommit":false,"messageTitle":"Add more NFRs and separate them into different types","messageBody":"","fileTypesAndContributionMap":{"docs":{"insertions":36,"deletions":12}}},{"hash":"9ce8bcfd36aac74cd728b53c8a3efb6e27dc6520","isMergeCommit":false,"messageTitle":"Update glossary terms","messageBody":"","fileTypesAndContributionMap":{"docs":{"insertions":7,"deletions":2}}},{"hash":"ec153f65616a3fb001e21ce85c971ab4d26f9747","isMergeCommit":true,"messageTitle":"Merge pull request #45 from cweijin/user-guide","messageBody":"Fix: remove duplicated header line","fileTypesAndContributionMap":{}},{"hash":"90ab18643e5c6b5e30775ea2166a5256a1772139","isMergeCommit":true,"messageTitle":"Merge branch \u0027master\u0027 of https://github.com/AY2425S1-CS2103T-W11-3/tp","messageBody":"* \u0027master\u0027 of https://github.com/AY2425S1-CS2103T-W11-3/tp:\n  Update glossary terms\n  Fix: remove duplicated header line\n  Add more NFRs and separate them into different types\n","fileTypesAndContributionMap":{}},{"hash":"219faf66e25d080e8e3d714484881f9ee0b25279","isMergeCommit":false,"messageTitle":"Add use case 1-4 in developer guide","messageBody":"","fileTypesAndContributionMap":{"docs":{"insertions":130,"deletions":22}}},{"hash":"997e4a9ccc409c9e895ce4e139f35410bfb4177c","isMergeCommit":false,"messageTitle":"Add use cases 5-8 in developer guide","messageBody":"","fileTypesAndContributionMap":{"docs":{"insertions":64,"deletions":3}}},{"hash":"a5b43ffb83ceb8f3ada725accbc2a84fabd0f03f","isMergeCommit":false,"messageTitle":"Update glossary terms","messageBody":"","fileTypesAndContributionMap":{"docs":{"insertions":4,"deletions":0}}},{"hash":"0c7e94b26fc99896ae405375896600d90a4030a6","isMergeCommit":true,"messageTitle":"Merge branch \u0027master\u0027 of https://github.com/AY2425S1-CS2103T-W11-3/tp","messageBody":"* \u0027master\u0027 of https://github.com/AY2425S1-CS2103T-W11-3/tp:\n  Update annabelle\u0027s photo\n  Revert \"Update annabelle\u0027s photo\"\n  Update clear command success message\n  Update annabelle\u0027s photo\n  Update glossary terms\n  Add use cases 5-8 in developer guide\n  Add use case 1-4 in developer guide\n  Update DeveloperGuide.md\n","fileTypesAndContributionMap":{}}]},{"date":"2024-10-08","commitResults":[{"hash":"9fcd82ce6ae054b93860cb3ccf9bc584f3fe3018","isMergeCommit":false,"messageTitle":"Add more details of functions in help window and make it scrollable if text exceeds help window","messageBody":"","fileTypesAndContributionMap":{"functional-code":{"insertions":49,"deletions":28}}}]},{"date":"2024-10-09","commitResults":[{"hash":"a8c295f673b72f115e5f984ed7f486bec6873fb4","isMergeCommit":true,"messageTitle":"Merge branch \u0027master\u0027 of https://github.com/AY2425S1-CS2103T-W11-3/tp","messageBody":"* \u0027master\u0027 of https://github.com/AY2425S1-CS2103T-W11-3/tp:\n  Add more details of functions in help window and make it scrollable if text exceeds help window\n  Update clear command\n","fileTypesAndContributionMap":{}},{"hash":"ccd15f8375df937ff130334bef48b4865ef865d8","isMergeCommit":false,"messageTitle":"Add different buttons to bring users to product website or user guide depending on their need","messageBody":"","fileTypesAndContributionMap":{"functional-code":{"insertions":26,"deletions":6}}},{"hash":"f0dde834b2720b200124c2434513993a9ff8dfbd","isMergeCommit":true,"messageTitle":"Merge pull request #62 from JoanneHing/view","messageBody":"Update view command","fileTypesAndContributionMap":{}}]},{"date":"2024-10-15","commitResults":[{"hash":"a51d2b15e4a31b7b21eee75654afe9aecda57215","isMergeCommit":true,"messageTitle":"Merge branch \u0027master\u0027 of https://github.com/AY2425S1-CS2103T-W11-3/tp","messageBody":"* \u0027master\u0027 of https://github.com/AY2425S1-CS2103T-W11-3/tp:\n  Add subject field to a person\n  Adjust test cases\n  Update person\u0027s field\n  Add function for adding IC number to a person\n  Update find command\n  Remove unused import in SortCommand\n  Fix issue with success message\n  Implement method in AddCommandTest\n  Fix checkstyle issues\n  Add sort command fully\n  Add server command\n  Update view command word and message\n  Update list command\n  Add different buttons to bring users to product website or user guide depending on their need\n  Add first version of sort command\n  Fix styling issues\n  Add class and ic fields to a person\n  Add class field to a person\n","fileTypesAndContributionMap":{}},{"hash":"a44bd8dc2a734de69538fa51217ba8387b446cc2","isMergeCommit":true,"messageTitle":"Merge pull request #78 from annabellekk/branch-update-add-class","messageBody":"Update add class feature to accept multiple classes/subjects","fileTypesAndContributionMap":{}},{"hash":"cc35b93eb7c8d8d9c715b8270f844a026abfdeba","isMergeCommit":true,"messageTitle":"Merge branch \u0027master\u0027 of https://github.com/AY2425S1-CS2103T-W11-3/tp","messageBody":"* \u0027master\u0027 of https://github.com/AY2425S1-CS2103T-W11-3/tp:\n  Update ui of help message for add\n  Fix some test cases and bugs\n  Fix test cases with duplicate persons\n  Update add feature to accept multiple subjects\n","fileTypesAndContributionMap":{}},{"hash":"c7813541b58897ad18522ee66a0fe762097533e9","isMergeCommit":false,"messageTitle":"Fix command format for add, edit and sort","messageBody":"","fileTypesAndContributionMap":{"functional-code":{"insertions":3,"deletions":3}}},{"hash":"792bd03b19268a23086da5340d0938e1fa456873","isMergeCommit":false,"messageTitle":"Make buttons in help window redirect users to relevant websites using their default browser","messageBody":"","fileTypesAndContributionMap":{"functional-code":{"insertions":23,"deletions":18}}}]},{"date":"2024-10-16","commitResults":[{"hash":"8b53d0a1a6ec41ec819f4ae3ced5297f6da0f569","isMergeCommit":false,"messageTitle":"Track whether users are using app for the first time. If it is, opens help window automatically for them","messageBody":"","fileTypesAndContributionMap":{"functional-code":{"insertions":45,"deletions":8}}},{"hash":"6bb4bace6ae5084779e37515dd428644c1e1879e","isMergeCommit":true,"messageTitle":"Merge pull request #84 from JoanneHing/gui","messageBody":"update font","fileTypesAndContributionMap":{}}]}]},"authorFileTypeContributionMap":{"annabellekk":{"docs":17,"functional-code":345,"test-code":376},"ethanwangkangen":{"docs":19,"functional-code":488,"test-code":36,"other":2},"JoanneHing":{"docs":120,"functional-code":92,"test-code":0},"cweijin":{"docs":4,"functional-code":16,"test-code":18},"adriantan101":{"docs":221,"functional-code":120,"test-code":0}},"authorContributionVariance":{"annabellekk":28750.7,"ethanwangkangen":9214.826,"JoanneHing":3445.969,"cweijin":69.813446,"adriantan101":3012.2964},"authorDisplayNameMap":{"annabellekk":"CS2103T-W11-3 KHOO..YIEN","ethanwangkangen":"CS2103T-W11-3 WANG..THAN","JoanneHing":"CS2103T-W11-3 HING..XING","cweijin":"CS2103T-W11-3 CHON.. JIN","adriantan101":"CS2103T-W11-3 TAN ..RIAN"}}
