{"authorDailyContributionsMap":{"Arren11111":[{"date":"2024-10-01","commitResults":[{"hash":"667df82d8e8e01722749a6168317b870a4b562d1","isMergeCommit":false,"messageTitle":"Update AboutUs page with Cherng Yuen\u0027s info","messageBody":"","fileTypesAndContributionMap":{"docs":{"insertions":51,"deletions":4}}}]},{"date":"2024-10-05","commitResults":[{"hash":"5c1b4aa7d7da1f6e1f672f2dfd501bd850b56a13","isMergeCommit":false,"messageTitle":"Add NFRs to Developer Guide","messageBody":"","fileTypesAndContributionMap":{"docs":{"insertions":6,"deletions":2}}},{"hash":"56c76651861926b50953a3b7434800738a0f2fb7","isMergeCommit":false,"messageTitle":"Fix typos in NFRs","messageBody":"","fileTypesAndContributionMap":{"docs":{"insertions":1,"deletions":1}}},{"hash":"ac9cac72c7046a580740e882b47e1ec18303f37b","isMergeCommit":true,"messageTitle":"Merge pull request #27 from yugan01/branch-update-readme","messageBody":"Update ReadMe.md","fileTypesAndContributionMap":{}},{"hash":"2a141a880edaace1ec6920448174b9144564d34e","isMergeCommit":true,"messageTitle":"Merge pull request #29 from yuanchengg/Update-site-wide-settings","messageBody":"Update site wide settings","fileTypesAndContributionMap":{}},{"hash":"a9f0ecb012c5d0cd85eddf387081e88f94c282df","isMergeCommit":false,"messageTitle":"Add Glossary","messageBody":"","fileTypesAndContributionMap":{"docs":{"insertions":3,"deletions":0}}}]},{"date":"2024-10-10","commitResults":[{"hash":"0f4e46cee574ac5681e82944bdc680e98bd4adcf","isMergeCommit":false,"messageTitle":"Add deleteCommand class","messageBody":"","fileTypesAndContributionMap":{"functional-code":{"insertions":21,"deletions":15},"test-code":{"insertions":31,"deletions":59}}},{"hash":"9ac18f7d7d0bc098105e386f65db402740a975d4","isMergeCommit":true,"messageTitle":"Merge pull request #46 from jolynleow2301/branch-Add-ApptCommand","messageBody":"Add ApptCommand.java and add it into the application","fileTypesAndContributionMap":{}}]},{"date":"2024-10-16","commitResults":[{"hash":"7052e3e6d1845fa85b3628532a4d0866be4ea04a","isMergeCommit":false,"messageTitle":"Fix tests: Person class (unfinished)","messageBody":"","fileTypesAndContributionMap":{"functional-code":{"insertions":4,"deletions":0},"test-code":{"insertions":90,"deletions":44}}},{"hash":"43af6b63b88d12567ddac4284ee46280531837cb","isMergeCommit":false,"messageTitle":"Fix checkstyle issues","messageBody":"","fileTypesAndContributionMap":{"test-code":{"insertions":1,"deletions":1}}},{"hash":"d88eff2cb9af10c0f4be390f539ec39d512f37db","isMergeCommit":false,"messageTitle":"Fix checkstyle issues","messageBody":"","fileTypesAndContributionMap":{"functional-code":{"insertions":3,"deletions":3}}},{"hash":"da612377d8770493d8f1df51320652df63290251","isMergeCommit":true,"messageTitle":"Merge pull request #61 from yugan01/fix-healthservice","messageBody":"Fixes parsing for HealthService ","fileTypesAndContributionMap":{}}]}],"yuanchengg":[{"date":"2024-10-03","commitResults":[{"hash":"f2c3daed34401c2fe5858f5dcaec9e347b1b6580","isMergeCommit":false,"messageTitle":"Update Yuan Cheng\u0027s AboutUs","messageBody":"","fileTypesAndContributionMap":{"docs":{"insertions":51,"deletions":5}}}]},{"date":"2024-10-05","commitResults":[{"hash":"aecdc84d77f839adbf8a1a8a404272aae12f87e5","isMergeCommit":true,"messageTitle":"Merge pull request #26 from Arren11111/DG_NFRs","messageBody":"Close #23 : Add NFRs to Developer Guide","fileTypesAndContributionMap":{}},{"hash":"d5df7600fa18a483253a07533cd6aa755081d086","isMergeCommit":false,"messageTitle":"Update title for site","messageBody":"","fileTypesAndContributionMap":{"other":{"insertions":1,"deletions":1}}},{"hash":"7686f6290bfc373f1920b81e48e2ac4d88204470","isMergeCommit":false,"messageTitle":"Update repository link on site","messageBody":"","fileTypesAndContributionMap":{"other":{"insertions":1,"deletions":1}}},{"hash":"df8ac3c4680d928c0480cda387c59db686d07a27","isMergeCommit":true,"messageTitle":"Merge pull request #30 from jolynleow2301/branch-Add-DG","messageBody":"Update DG with target user profile, value propositions and user stories","fileTypesAndContributionMap":{}}]},{"date":"2024-10-10","commitResults":[{"hash":"3f382c8ee5ecf9a7a1c09948d9d760f6f0f39e0a","isMergeCommit":false,"messageTitle":"Update HelpCommand format","messageBody":"","fileTypesAndContributionMap":{"functional-code":{"insertions":1,"deletions":1}}}]},{"date":"2024-10-16","commitResults":[{"hash":"2a9b5d6cfd72d6473141ffacaced1515dad649e6","isMergeCommit":false,"messageTitle":"Update Help Command Window","messageBody":"","fileTypesAndContributionMap":{"functional-code":{"insertions":40,"deletions":37}}},{"hash":"e18959d43fd74c2749084e48b1fa661168fc976b","isMergeCommit":true,"messageTitle":"Merge branch \u0027master\u0027 of https://github.com/AY2425S1-CS2103T-F10-2/tp into update-help-command-window","messageBody":"* \u0027master\u0027 of https://github.com/AY2425S1-CS2103T-F10-2/tp:\n  Update person class\n  Update person and healthservice class\n  Update import statements\n  Updated Add command and Ui\n","fileTypesAndContributionMap":{}}]},{"date":"2024-10-17","commitResults":[{"hash":"dee6395038271ceffa738894a8057f0ee0656395","isMergeCommit":false,"messageTitle":"Add Help Command with Add Keyword","messageBody":"","fileTypesAndContributionMap":{"functional-code":{"insertions":329,"deletions":9}}},{"hash":"773e099f29fbae78d17992c475c286425f6cfb09","isMergeCommit":true,"messageTitle":"Merge pull request #63 from yugan01/update-tests","messageBody":"Update Test files","fileTypesAndContributionMap":{}}]}],"DINESH1201":[{"date":"2024-10-01","commitResults":[{"hash":"020a2c345cc2289212728509a40bafd69dc1cb69","isMergeCommit":false,"messageTitle":"Update AboutUs with Dinesh\u0027s info","messageBody":"","fileTypesAndContributionMap":{"docs":{"insertions":51,"deletions":5}}},{"hash":"951f8ffc4c54ab3a1908b6782443310e099fb1b7","isMergeCommit":true,"messageTitle":"Merge pull request #15 from yugan01/branch-update-AboutUs","messageBody":"Update AboutUs page about Yugan\u0027s info","fileTypesAndContributionMap":{}},{"hash":"d34c7197336af27f37b63406893535bacedf4e58","isMergeCommit":false,"messageTitle":"Update dinesh.md","messageBody":"","fileTypesAndContributionMap":{"docs":{"insertions":1,"deletions":1}}}]},{"date":"2024-10-03","commitResults":[{"hash":"f02d841f8099d33d9d48d031b84e608c4a0738e1","isMergeCommit":true,"messageTitle":"Merge pull request #20 from yuanchengg/Update-AboutUs","messageBody":"Update Yuan Cheng\u0027s AboutUs","fileTypesAndContributionMap":{}}]},{"date":"2024-10-05","commitResults":[{"hash":"b638a8a9872761dd979b13c002b140b8f7382d35","isMergeCommit":false,"messageTitle":"Add use cases to developer guide","messageBody":"","fileTypesAndContributionMap":{"docs":{"insertions":66,"deletions":12}}}]},{"date":"2024-10-10","commitResults":[{"hash":"9ca97b5251770bb0ae25fe1bbc0f0229273d45ea","isMergeCommit":false,"messageTitle":"Add optional patient fields","messageBody":"","fileTypesAndContributionMap":{"functional-code":{"insertions":343,"deletions":2}}},{"hash":"927c258c8eed447c7283ab9a6d336e1528af9344","isMergeCommit":false,"messageTitle":"Add test cases for allergy class","messageBody":"","fileTypesAndContributionMap":{"test-code":{"insertions":49,"deletions":0}}},{"hash":"16e3fc68affb07f072c2b32d6c11f19928aeffab","isMergeCommit":false,"messageTitle":"Update field name and javadoc","messageBody":"","fileTypesAndContributionMap":{"functional-code":{"insertions":15,"deletions":15},"other":{"insertions":23,"deletions":23}}},{"hash":"c6987384bb80af8c142dfffad3f26768bd728528","isMergeCommit":true,"messageTitle":"Merge pull request #49 from yugan01/add-new-fields-for-add-command","messageBody":"Add new files for AddCommand","fileTypesAndContributionMap":{}}]},{"date":"2024-10-15","commitResults":[{"hash":"5ef76acb672da7ffb596a733a468521dfcf16625","isMergeCommit":true,"messageTitle":"Merge pull request #53 from yugan01/add-new-fields","messageBody":"Updated Add command and Ui","fileTypesAndContributionMap":{}}]}],"yugan01":[{"date":"2024-10-01","commitResults":[{"hash":"0609debcf988191d5c0c505b3194e34f7a1f07e0","isMergeCommit":true,"messageTitle":"Merge pull request #12 from Arren11111/AboutUs_CherngYuen","messageBody":"Close #10 : Update AboutUs page with Cherng Yuen\u0027s info","fileTypesAndContributionMap":{}},{"hash":"41aa2d18e4c6c16bcfe4a1774576d467dbb4017d","isMergeCommit":false,"messageTitle":"Update AboutUs about Yugan\u0027s info","messageBody":"","fileTypesAndContributionMap":{"docs":{"insertions":51,"deletions":5}}},{"hash":"bbdfcd49da10967c743ae3f9db93792fc2d4a732","isMergeCommit":true,"messageTitle":"Merge pull request #14 from DINESH1201/branch-aboutus","messageBody":"Update AboutUs page with Dinesh\u0027s info","fileTypesAndContributionMap":{}},{"hash":"d5e129f2e74c5ff023fb99599cc15fd5c8ffc520","isMergeCommit":true,"messageTitle":"Merge pull request #16 from jolynleow2301/branch-Add-AboutUs","messageBody":"Update AboutUs page with Jolyn\u0027s info","fileTypesAndContributionMap":{}}]},{"date":"2024-10-05","commitResults":[{"hash":"ddf882ab3eb9128ed4c97e86322618a9ad7960ce","isMergeCommit":false,"messageTitle":"Update ReadMe.md","messageBody":"","fileTypesAndContributionMap":{"docs":{"insertions":10,"deletions":11}}},{"hash":"3cca51a3aad727a9d0a02c164ab27eda1050a512","isMergeCommit":false,"messageTitle":"Update README.md","messageBody":"","fileTypesAndContributionMap":{"docs":{"insertions":2,"deletions":3}}},{"hash":"4c6d039ea506c8d8fbaa05ad1f2b54b08a838a06","isMergeCommit":false,"messageTitle":"Update README.md","messageBody":"Added newline at EOF\n","fileTypesAndContributionMap":{"docs":{"insertions":1,"deletions":1}}},{"hash":"2231d4f29b48dd89307903009d345e903b741f9e","isMergeCommit":true,"messageTitle":"Merge pull request #28 from DINESH1201/branch-update_DG_Use_Cases","messageBody":"Add use cases to developer guide","fileTypesAndContributionMap":{}}]},{"date":"2024-10-10","commitResults":[{"hash":"18b4bf40b6c645aba3c4c4a8079fb96091e4af1a","isMergeCommit":false,"messageTitle":"Add new files for AddCommand","messageBody":"","fileTypesAndContributionMap":{"functional-code":{"insertions":204,"deletions":0}}},{"hash":"ba7dc62499263a3655a49206419ceff6ea7103bd","isMergeCommit":false,"messageTitle":"Update javadoc","messageBody":"","fileTypesAndContributionMap":{"functional-code":{"insertions":27,"deletions":2}}},{"hash":"d7e2d17ea0767ac50d7235e110ab823abd0ee7c8","isMergeCommit":false,"messageTitle":"Update Nric.java","messageBody":"","fileTypesAndContributionMap":{"functional-code":{"insertions":2,"deletions":2}}},{"hash":"6cbc79a31571c4d06890ba21d475879bc0cd6503","isMergeCommit":true,"messageTitle":"Merge pull request #43 from yuanchengg/add-help-command","messageBody":"Update HelpCommand format","fileTypesAndContributionMap":{}}]},{"date":"2024-10-11","commitResults":[{"hash":"88757d09a2dcf2d05021fe5050419616954ee57a","isMergeCommit":true,"messageTitle":"Merge pull request #41 from DINESH1201/branch-AddFCommand","messageBody":"Add optional patient fields","fileTypesAndContributionMap":{}}]},{"date":"2024-10-15","commitResults":[{"hash":"648270aa045bb9cf5c1d64b645dd929e623e6f77","isMergeCommit":false,"messageTitle":"Updated Add command and Ui","messageBody":"","fileTypesAndContributionMap":{"functional-code":{"insertions":476,"deletions":182}}},{"hash":"a93347e71b9241950eec943dd671498b6a8607cd","isMergeCommit":true,"messageTitle":"Merge branch \u0027master\u0027 into add-new-fields","messageBody":"","fileTypesAndContributionMap":{}},{"hash":"1748d656159df4615db53eacaffefe4a80a08082","isMergeCommit":false,"messageTitle":"Update import statements","messageBody":"","fileTypesAndContributionMap":{"functional-code":{"insertions":26,"deletions":5}}},{"hash":"22297e6666dd6024ffac0e6fb9dc37811b45daf7","isMergeCommit":true,"messageTitle":"Merge branch \u0027add-new-fields\u0027 of https://github.com/yugan01/tp into add-new-fields","messageBody":"","fileTypesAndContributionMap":{}},{"hash":"c557c8d7eae462aa1db19f112f8bb359b19e408f","isMergeCommit":false,"messageTitle":"Update person and healthservice class","messageBody":"","fileTypesAndContributionMap":{"functional-code":{"insertions":44,"deletions":81}}},{"hash":"bf6e3ee6a7fde51cd236a69391e46abfbc7e170f","isMergeCommit":false,"messageTitle":"Update person class","messageBody":"","fileTypesAndContributionMap":{"functional-code":{"insertions":6,"deletions":4}}}]},{"date":"2024-10-16","commitResults":[{"hash":"c15f03d317931824e8e3381aee4c7660852f8d58","isMergeCommit":true,"messageTitle":"Merge pull request #54 from yuanchengg/update-help-command-window","messageBody":"Update Help Command Window","fileTypesAndContributionMap":{}},{"hash":"3bd5b3286941540a3d1cd8b62bd46ed16c4a022b","isMergeCommit":false,"messageTitle":"Update ParserUtil.java","messageBody":"","fileTypesAndContributionMap":{"functional-code":{"insertions":1,"deletions":1}}},{"hash":"6b0753746ebf01b36ececce8286739a9cdb0ca43","isMergeCommit":true,"messageTitle":"Merge pull request #58 from Arren11111/fix-tests-person","messageBody":"Fix tests: Person class (unfinished)","fileTypesAndContributionMap":{}},{"hash":"9082bb8b2a7d18c9ba343c267b675feb524a3c5e","isMergeCommit":false,"messageTitle":"Fix checkstyle","messageBody":"","fileTypesAndContributionMap":{"functional-code":{"insertions":65,"deletions":30}}}]},{"date":"2024-10-17","commitResults":[{"hash":"e83876285c1a4018b78d2a76a50054736fb12d5c","isMergeCommit":false,"messageTitle":"Update Test files","messageBody":"","fileTypesAndContributionMap":{"test-code":{"insertions":125,"deletions":128}}},{"hash":"6f8451d01559cac60d0d64112e06092d0443a569","isMergeCommit":true,"messageTitle":"Merge branch \u0027master\u0027 into add-help-keyword-command","messageBody":"","fileTypesAndContributionMap":{}},{"hash":"9bb979628c9b8ad0fcb276d0361275ae1707489d","isMergeCommit":true,"messageTitle":"Merge pull request #64 from yuanchengg/add-help-keyword-command","messageBody":"Add Help Command with Add Keyword","fileTypesAndContributionMap":{}}]}],"jolynleow2301":[{"date":"2024-10-01","commitResults":[{"hash":"c7e01a905cbc1845e5c61457a62981a9019cef5b","isMergeCommit":false,"messageTitle":"Update AboutUs page with Jolyn\u0027s info","messageBody":"","fileTypesAndContributionMap":{"docs":{"insertions":3,"deletions":3}}}]},{"date":"2024-10-05","commitResults":[{"hash":"fbeff053d7e2a1177a1ff96a5157b5c395644865","isMergeCommit":false,"messageTitle":"Update DG with target user profile, value propositions and user stories","messageBody":"","fileTypesAndContributionMap":{"docs":{"insertions":27,"deletions":14}}},{"hash":"eb689103e961d3ce9819aeee9c58729ad2801b5b","isMergeCommit":true,"messageTitle":"Merge pull request #32 from Arren11111/Update_Glossary","messageBody":"Add Glossary","fileTypesAndContributionMap":{}}]},{"date":"2024-10-10","commitResults":[{"hash":"8e7a06ae971ff069917342dd22941329c3e92735","isMergeCommit":false,"messageTitle":"Add ApptCommand.java and add it into the application","messageBody":"","fileTypesAndContributionMap":{"functional-code":{"insertions":20,"deletions":0}}},{"hash":"39fe5b9fae8edd965a2e445bac30d1e7bf73fe71","isMergeCommit":false,"messageTitle":"Update DeveloperGuide.md","messageBody":"","fileTypesAndContributionMap":{"docs":{"insertions":4,"deletions":4}}},{"hash":"b8c5828b9b61734504eb783a1d28dadb92c74714","isMergeCommit":true,"messageTitle":"Merge pull request #48 from Arren11111/DeleteCommand-branch","messageBody":"Add deleteCommand class","fileTypesAndContributionMap":{}}]}]},"authorFileTypeContributionMap":{"Arren11111":{"docs":60,"functional-code":22,"test-code":106},"yuanchengg":{"docs":50,"functional-code":367,"test-code":0,"other":2},"DINESH1201":{"docs":61,"functional-code":339,"test-code":49},"yugan01":{"docs":60,"functional-code":597,"test-code":124},"jolynleow2301":{"docs":29,"functional-code":18,"test-code":0}},"authorContributionVariance":{"Arren11111":1294.9082,"yuanchengg":4114.392,"DINESH1201":7758.2993,"yugan01":26166.451,"jolynleow2301":82.14671},"authorDisplayNameMap":{"Arren11111":"CS2103T-F10-2 CHIN..YUEN","yuanchengg":"CS2103T-F10-2 CHUA..HENG","DINESH1201":"CS2103T-F10-2 CHAN..NESH","yugan01":"CS2103T-F10-2 PATC..UMAR","jolynleow2301":"CS2103T-F10-2 LEOW..OLYN"}}
