{"authorDailyContributionsMap":{"LinkesV":[{"date":"2024-10-01","commitResults":[{"hash":"0f0cf6f25bbd3553fcb16e2fda56fa242ba2a004","isMergeCommit":true,"messageTitle":"Merge pull request #13 from LinkesV/branch-workflow-practice","messageBody":"Add Linkes\u0027s photo ","fileTypesAndContributionMap":{}},{"hash":"8b73627ada00300a9ea6e785dcc8a624d4840e8a","isMergeCommit":false,"messageTitle":"Update AboutUs.md","messageBody":"","fileTypesAndContributionMap":{"docs":{"insertions":5,"deletions":5}}},{"hash":"5964568a0ce67d96ae0238424bce7be6f13af28f","isMergeCommit":true,"messageTitle":"Merge pull request #24 from ngjianyi/about-us","messageBody":"Add Jian Yi about us details","fileTypesAndContributionMap":{}},{"hash":"731c98b9c590b8132cc3fca8a79ac6ff488905aa","isMergeCommit":false,"messageTitle":"Update README.md","messageBody":"","fileTypesAndContributionMap":{"docs":{"insertions":18,"deletions":7}}},{"hash":"42a35bdcbb8c3f818e3e0ba52f213d191605382f","isMergeCommit":false,"messageTitle":"Fix CheckStyle","messageBody":"","fileTypesAndContributionMap":{"docs":{"insertions":1,"deletions":1}}},{"hash":"31e81d9cb84b8388f929536c6f41f157a72ee1fd","isMergeCommit":false,"messageTitle":"Fix whitespace","messageBody":"","fileTypesAndContributionMap":{"docs":{"insertions":2,"deletions":2}}}]},{"date":"2024-10-03","commitResults":[{"hash":"e53072d3b25f8d17d5018d36c21bb525c5576a37","isMergeCommit":true,"messageTitle":"Merge pull request #34 from prave1n/update-developer-guide","messageBody":"Update NFRs and Glossary in DeveloperGuide.md","fileTypesAndContributionMap":{}}]},{"date":"2024-10-10","commitResults":[{"hash":"f62b9c1f5c66a115419813f8d56a5e1df9a98d9d","isMergeCommit":false,"messageTitle":"Add delivery OOP","messageBody":"","fileTypesAndContributionMap":{"functional-code":{"insertions":149,"deletions":0}}},{"hash":"1e4fd88ad88342d5f5a156cdf37e909cc1b52f67","isMergeCommit":false,"messageTitle":"Rectify checkStyle","messageBody":"","fileTypesAndContributionMap":{"functional-code":{"insertions":17,"deletions":2}}},{"hash":"57004eaddb06f41383ed29e2c0bc9181947a0e33","isMergeCommit":true,"messageTitle":"Merge pull request #41 from ngjianyi/product-initial-support","messageBody":"Create Product class","fileTypesAndContributionMap":{}},{"hash":"5d1830706fad87bb10758537d6eab745617157a4","isMergeCommit":true,"messageTitle":"Merge pull request #44 from CJianzhi/branch-AddDeliveryCommand","messageBody":"Create AddDeliveryCommand","fileTypesAndContributionMap":{}},{"hash":"64e3e9841d5d779180d5cf41dd5ea6f6845c5eb6","isMergeCommit":true,"messageTitle":"Merge pull request #43 from vinc3leong/add-company-class-branch","messageBody":"create Company class","fileTypesAndContributionMap":{}}]},{"date":"2024-10-11","commitResults":[{"hash":"3c71aca840a44b13aa3d1d6d996def98aae20b4e","isMergeCommit":true,"messageTitle":"Merge pull request #46 from prave1n/delete-delivery-branch","messageBody":"Add DeleteDelivery Command","fileTypesAndContributionMap":{}}]},{"date":"2024-10-12","commitResults":[{"hash":"ffde4672395db5342150dfb762152c5a82aa0018","isMergeCommit":false,"messageTitle":"Add delivery model and storage","messageBody":"","fileTypesAndContributionMap":{"functional-code":{"insertions":685,"deletions":81},"other":{"insertions":1,"deletions":1},"test-code":{"insertions":112,"deletions":3}}},{"hash":"3bcac2c3943e2f57943524019fdfbc5242295228","isMergeCommit":false,"messageTitle":"Add Junit for deliverytmodel","messageBody":"","fileTypesAndContributionMap":{"functional-code":{"insertions":2,"deletions":2},"test-code":{"insertions":291,"deletions":0}}},{"hash":"f4dac171e423c2cbf5fdc608f4c30d0ca1bdf7f9","isMergeCommit":false,"messageTitle":"Fix checkStyleTest","messageBody":"","fileTypesAndContributionMap":{"test-code":{"insertions":7,"deletions":8}}},{"hash":"6a6b94d4ceb3b2951835e37f9ebd7c37475ffaac","isMergeCommit":false,"messageTitle":"Junit for storage","messageBody":"","fileTypesAndContributionMap":{"functional-code":{"insertions":84,"deletions":69},"test-code":{"insertions":273,"deletions":1}}},{"hash":"8b4aab53148a649aea59ff8dd8f5c8f090cddc4f","isMergeCommit":false,"messageTitle":"Fix typo","messageBody":"","fileTypesAndContributionMap":{"functional-code":{"insertions":1,"deletions":1}}}]},{"date":"2024-10-13","commitResults":[{"hash":"3e384715d12522684a281e9ea0f56d93a4d0d0ce","isMergeCommit":true,"messageTitle":"Merge pull request #54 from prave1n/delete-delivery-command","messageBody":"Delete delivery command","fileTypesAndContributionMap":{}}]},{"date":"2024-10-14","commitResults":[{"hash":"68139fdaaccab6b596d17d445d2c22228120b036","isMergeCommit":true,"messageTitle":"Merge pull request #58 from CJianzhi/branch-AddDeliveryCommandParser","messageBody":"Create AddDeliveryCommandParser","fileTypesAndContributionMap":{}}]},{"date":"2024-10-16","commitResults":[{"hash":"4d8bd7daa06ff94853f63035388471cb8ebd9417","isMergeCommit":true,"messageTitle":"Merge pull request #72 from prave1n/ui-add-deliveries","messageBody":"Split MainWindow to include deliveries","fileTypesAndContributionMap":{}}]}],"vinc3leong":[{"date":"2024-10-01","commitResults":[{"hash":"ac5803031e7ab9921f746081a0833400f037d26b","isMergeCommit":false,"messageTitle":"Update AboutUs.md","messageBody":"","fileTypesAndContributionMap":{"docs":{"insertions":10,"deletions":10}}}]},{"date":"2024-10-04","commitResults":[{"hash":"58319938855b6a948b31d0a21986bcea301f236e","isMergeCommit":false,"messageTitle":"update developer guide use cases","messageBody":"","fileTypesAndContributionMap":{"docs":{"insertions":186,"deletions":15}}}]},{"date":"2024-10-10","commitResults":[{"hash":"1cfbb1349511e01e387298fdde189c73340d8d85","isMergeCommit":false,"messageTitle":"create Company class","messageBody":"","fileTypesAndContributionMap":{"functional-code":{"insertions":70,"deletions":0}}}]},{"date":"2024-10-14","commitResults":[{"hash":"97894de6efbdc10ac1b12703d7a07981c86cf8cf","isMergeCommit":false,"messageTitle":"Create Supplier Object, added DeleteSupplierCommand, MarkSupplierCommand and their corresponding parsers.","messageBody":"","fileTypesAndContributionMap":{"functional-code":{"insertions":807,"deletions":0},"other":{"insertions":4,"deletions":2}}},{"hash":"6930655a0f51114d507594c4377a6744de6e3a1e","isMergeCommit":false,"messageTitle":"improve parsing logic","messageBody":"","fileTypesAndContributionMap":{"functional-code":{"insertions":29,"deletions":17}}},{"hash":"c0287e4a7f33e40a5ffe894e1cc10acda7e69a62","isMergeCommit":false,"messageTitle":"updated AddressBook, Model, ModelManager, ReadOnlyAddressBook and JsonAdaptedSupplier classes","messageBody":"","fileTypesAndContributionMap":{"functional-code":{"insertions":196,"deletions":10}}}]},{"date":"2024-10-15","commitResults":[{"hash":"da512bae14a062581e3538b60b17c529a7ed7393","isMergeCommit":false,"messageTitle":"add junit tests for DeleteSupplierCommand, MarkSupplierCommand and all the related classes","messageBody":"","fileTypesAndContributionMap":{"functional-code":{"insertions":5,"deletions":4},"test-code":{"insertions":437,"deletions":3}}},{"hash":"d9e0582c507a7480fe63f5844853d2c1a3b4fd6e","isMergeCommit":true,"messageTitle":"Merge branch \u0027delete-supplier-branch\u0027 of https://github.com/vinc3leong/tp into delete-supplier-branch","messageBody":"","fileTypesAndContributionMap":{}}]}],"prave1n":[{"date":"2024-09-22","commitResults":[{"hash":"4af0cf106af6f148955924973c6abe2bd5ef1fe5","isMergeCommit":true,"messageTitle":"Merge commit \u00274b79bf657be739b7ca67d1f268a60d65310f60ec\u0027","messageBody":"","fileTypesAndContributionMap":{}},{"hash":"eac419b07286f0736ff0371485523746a3e46205","isMergeCommit":false,"messageTitle":"Set up Markbind","messageBody":"","fileTypesAndContributionMap":{"docs":{"insertions":1,"deletions":1}}}]},{"date":"2024-10-01","commitResults":[{"hash":"0da2c11f2f0376ef1f006519682644e1e18e8705","isMergeCommit":true,"messageTitle":"Merge pull request #16 from vinc3leong/adding-photo","messageBody":"Add Vince\u0027s photo","fileTypesAndContributionMap":{}},{"hash":"c42f04d0f26da0289ece5e9a509f37657d624d9c","isMergeCommit":false,"messageTitle":"Update AboutUs.md","messageBody":"","fileTypesAndContributionMap":{"docs":{"insertions":6,"deletions":6}}},{"hash":"69c4d52ac247cbaf280e96c80a125fe9a2b3f071","isMergeCommit":true,"messageTitle":"Merge pull request #21 from prave1n/about-us-page","messageBody":"Update AboutUs.md with Pravein\u0027s info","fileTypesAndContributionMap":{}},{"hash":"aabf06d25f89a134a0bb97f03bfe7f8df2238a06","isMergeCommit":true,"messageTitle":"Merge pull request #26 from CJianzhi/branch-AboutUs","messageBody":"Update AboutUs.md","fileTypesAndContributionMap":{}},{"hash":"99d53963d9d01f4ca31017b66342ceea93e2953b","isMergeCommit":true,"messageTitle":"Merge branch \u0027master\u0027 into update-about-us","messageBody":"","fileTypesAndContributionMap":{}},{"hash":"9f5fc720887dc70642e0f1c4d76c173c0864f3eb","isMergeCommit":true,"messageTitle":"Merge pull request #25 from vinc3leong/update-about-us","messageBody":"Update AboutUs.md","fileTypesAndContributionMap":{}}]},{"date":"2024-10-03","commitResults":[{"hash":"e4929dd1da977518e96462376ac4b431aee41f81","isMergeCommit":false,"messageTitle":"Update NFRs and Glossary in DeveloperGuide.md","messageBody":"","fileTypesAndContributionMap":{"docs":{"insertions":39,"deletions":5}}},{"hash":"36ccfa38ef55b49a5279a5f998d0d73e8c95f151","isMergeCommit":false,"messageTitle":"Update glossary terms in DeveloperGuide.md","messageBody":"","fileTypesAndContributionMap":{"docs":{"insertions":5,"deletions":0}}}]},{"date":"2024-10-04","commitResults":[{"hash":"a3e122bc58160c33a7d3b8bda97747d7d5b01e56","isMergeCommit":true,"messageTitle":"Merge pull request #36 from vinc3leong/DG-use-case","messageBody":"update developer guide use cases","fileTypesAndContributionMap":{}}]},{"date":"2024-10-10","commitResults":[{"hash":"8db95e54e0ed1a4c859e6625d1a6414caf80bec6","isMergeCommit":false,"messageTitle":"Add DeleteDelivery Command","messageBody":"","fileTypesAndContributionMap":{"functional-code":{"insertions":4,"deletions":0}}}]},{"date":"2024-10-11","commitResults":[{"hash":"7b23c68c67d24964e4009eed9ce683a0f76f0678","isMergeCommit":false,"messageTitle":"Modify delete delivery command","messageBody":"","fileTypesAndContributionMap":{"functional-code":{"insertions":66,"deletions":1}}}]},{"date":"2024-10-13","commitResults":[{"hash":"4dcd4d51481febe9a666fcf494d269a2d2cc2dbf","isMergeCommit":false,"messageTitle":"Implement parser and logic for DeleteDelivery command","messageBody":"","fileTypesAndContributionMap":{"functional-code":{"insertions":94,"deletions":39}}},{"hash":"1c1df0e510581b20f80aeb3892f80d0a0419c76d","isMergeCommit":false,"messageTitle":"Add JUnit test cases for DeleteDelivery command","messageBody":"","fileTypesAndContributionMap":{"functional-code":{"insertions":1,"deletions":1},"test-code":{"insertions":119,"deletions":0}}},{"hash":"680e8a73477990d2656ef72dfcf357c2a3631da8","isMergeCommit":false,"messageTitle":"Include JUnit test cases for DeleteDeliveryCommandParser","messageBody":"","fileTypesAndContributionMap":{"test-code":{"insertions":47,"deletions":0}}},{"hash":"28f25c1b339ba7efcfe5437726387bf7043680b6","isMergeCommit":false,"messageTitle":"Implement parser and logic for MarkDelivery command","messageBody":"","fileTypesAndContributionMap":{"functional-code":{"insertions":157,"deletions":0},"test-code":{"insertions":5,"deletions":0}}},{"hash":"9ddd4607bc1ffef8ef8bfc0a13f232934245bf62","isMergeCommit":false,"messageTitle":"Add JUnit test cases for MarkDelivery command","messageBody":"","fileTypesAndContributionMap":{"functional-code":{"insertions":7,"deletions":7},"test-code":{"insertions":190,"deletions":0}}},{"hash":"fcbfcb729dd2c94b85053ffcaa41753a816f2f79","isMergeCommit":false,"messageTitle":"Fix delivery flag to -d instead of -s","messageBody":"","fileTypesAndContributionMap":{"functional-code":{"insertions":3,"deletions":3},"test-code":{"insertions":9,"deletions":9}}}]},{"date":"2024-10-16","commitResults":[{"hash":"9b557285f364eddca57ed4930ae85e395e9225fc","isMergeCommit":false,"messageTitle":"Display deliveries in UI","messageBody":"","fileTypesAndContributionMap":{"functional-code":{"insertions":205,"deletions":7},"other":{"insertions":5,"deletions":0},"test-code":{"insertions":52,"deletions":1}}},{"hash":"bbbc6a76b8b5d500dd47c2d6b54b4d5adf92f554","isMergeCommit":false,"messageTitle":"Remove test cases for DeliveryCard","messageBody":"","fileTypesAndContributionMap":{"other":{"insertions":0,"deletions":6},"test-code":{"insertions":0,"deletions":51}}},{"hash":"be608af79bc27402529b6992d18ac18ea5b7c33d","isMergeCommit":false,"messageTitle":"Update Delivery Card to display cost accurately","messageBody":"","fileTypesAndContributionMap":{"functional-code":{"insertions":2,"deletions":2},"other":{"insertions":1,"deletions":0},"test-code":{"insertions":1,"deletions":1}}},{"hash":"f45534da609c06039b247ce9c960a196b0ec4a89","isMergeCommit":true,"messageTitle":"Merge pull request #71 from ngjianyi/add-company-product-field","messageBody":"Add company product field","fileTypesAndContributionMap":{}}]}],"CJianzhi":[{"date":"2024-09-22","commitResults":[{"hash":"fa7fb0da2e337ae8a9147bbc894ac2107955b3a9","isMergeCommit":false,"messageTitle":"Enable Assertions in build.gradle","messageBody":"","fileTypesAndContributionMap":{"other":{"insertions":4,"deletions":0}}}]},{"date":"2024-10-01","commitResults":[{"hash":"7b3fec44af35d3865e5102c104dbc0cda0605822","isMergeCommit":false,"messageTitle":"Add personal details to AboutUs.md","messageBody":"","fileTypesAndContributionMap":{"docs":{"insertions":5,"deletions":5}}},{"hash":"75bd2735c0d7548ebbb72da2175c5b4ecf3b1f93","isMergeCommit":false,"messageTitle":"Update  personal details to AboutUs.md","messageBody":"","fileTypesAndContributionMap":{"docs":{"insertions":1,"deletions":1}}},{"hash":"e36bedb66a68d18756deacd2629d5a69971d4074","isMergeCommit":false,"messageTitle":"Add value proposition to developer guide","messageBody":"","fileTypesAndContributionMap":{"docs":{"insertions":4,"deletions":2}}},{"hash":"08ad4c7865c1f251b75269a90d32fbdce696c3ea","isMergeCommit":true,"messageTitle":"Merge pull request #31 from ngjianyi/user-stories","messageBody":"Add user stories to DG","fileTypesAndContributionMap":{}}]},{"date":"2024-10-10","commitResults":[{"hash":"563eb9f98a9355a6a4f64a400f941ffcc1f48c7b","isMergeCommit":false,"messageTitle":"Add skeleton structure for AddDeliveryCommand","messageBody":"","fileTypesAndContributionMap":{"functional-code":{"insertions":68,"deletions":0}}},{"hash":"e2c65baddc11d238550fb6a580f8811cdb1fea76","isMergeCommit":true,"messageTitle":"Merge branch \u0027master\u0027 into branch-AddDeliveryCommand","messageBody":"","fileTypesAndContributionMap":{}}]},{"date":"2024-10-12","commitResults":[{"hash":"2ae38f16b1e647a650ab8a27ce5a45145f30131f","isMergeCommit":true,"messageTitle":"Merge pull request #49 from LinkesV/branch-deliveryModelAndStorage","messageBody":"Model and Storage created for deliveries","fileTypesAndContributionMap":{}}]},{"date":"2024-10-13","commitResults":[{"hash":"09988df19caacde9f79402b8fec24cddface1d4a","isMergeCommit":false,"messageTitle":"Add new prefixes for AddDeliveryCommand","messageBody":"","fileTypesAndContributionMap":{"functional-code":{"insertions":6,"deletions":0}}},{"hash":"b9ceeee9f4d0b78baccd8dab70325760eca57fe4","isMergeCommit":false,"messageTitle":"Create AddDeliveryCommandParser","messageBody":"","fileTypesAndContributionMap":{"functional-code":{"insertions":236,"deletions":4}}},{"hash":"5363ade61fd4125f1096a59c2e543e41376b54d8","isMergeCommit":false,"messageTitle":"Implement execute method of AddDeliveryCommand","messageBody":"","fileTypesAndContributionMap":{"functional-code":{"insertions":90,"deletions":20}}},{"hash":"9bdb3017f79ae9283d1bfa88ba33b8206b41c767","isMergeCommit":false,"messageTitle":"Fix bugs related to parsing of arguments","messageBody":"","fileTypesAndContributionMap":{"functional-code":{"insertions":15,"deletions":5},"test-code":{"insertions":48,"deletions":0}}},{"hash":"3bc2c35a7fd10b88ff8561ea318c0be35fdea6a4","isMergeCommit":false,"messageTitle":"Add JUnit Tests","messageBody":"","fileTypesAndContributionMap":{"test-code":{"insertions":474,"deletions":0}}},{"hash":"c5d7342893a04c02ccc0f0d8d1da7faf1ad50644","isMergeCommit":true,"messageTitle":"Merge pull request #57 from prave1n/mark-delivery-command","messageBody":"Mark delivery command","fileTypesAndContributionMap":{}},{"hash":"6c437037892e9dc87a85408ec58d25474606c22a","isMergeCommit":false,"messageTitle":"Add more JUnit tests for ParserUtil","messageBody":"","fileTypesAndContributionMap":{"functional-code":{"insertions":4,"deletions":3},"test-code":{"insertions":136,"deletions":0}}},{"hash":"5af4477651251385c58d361815996b736853d03c","isMergeCommit":true,"messageTitle":"Merge branch \u0027master\u0027 into branch-AddDeliveryCommandParser","messageBody":"","fileTypesAndContributionMap":{}},{"hash":"06c3bb8583c7261c18940e11b912a6d17e2355d8","isMergeCommit":false,"messageTitle":"Add new methods due to updates from upstream","messageBody":"","fileTypesAndContributionMap":{"test-code":{"insertions":14,"deletions":0}}}]}],"ngjianyi":[{"date":"2024-10-01","commitResults":[{"hash":"d36f2a7dfd9cf1d3ffc71edc0068913abae995c6","isMergeCommit":true,"messageTitle":"Merge pull request #5 from CJianzhi/branch-AddPhoto","messageBody":"Add Jianzhi\u0027s photo ","fileTypesAndContributionMap":{}},{"hash":"c9f25b8ece0f71ef0e828020bc236e4a4c3aa302","isMergeCommit":false,"messageTitle":"Add Jian Yi about us details","messageBody":"","fileTypesAndContributionMap":{"docs":{"insertions":4,"deletions":4}}},{"hash":"7e44ca51b6448fe90af3aa67f8cc4a60a6527ba6","isMergeCommit":false,"messageTitle":"Update roles and responsibilities","messageBody":"","fileTypesAndContributionMap":{"docs":{"insertions":2,"deletions":2}}},{"hash":"4d07f6e9c921bff14613cae33af0d85d04c6b65d","isMergeCommit":true,"messageTitle":"Merge pull request #19 from LinkesV/branch-about-us-page","messageBody":"Update AboutUs.md","fileTypesAndContributionMap":{}},{"hash":"2ed952d9c06e5df796b4c6de23a080b2580ee2f9","isMergeCommit":false,"messageTitle":"Add user stories to DG","messageBody":"","fileTypesAndContributionMap":{"docs":{"insertions":18,"deletions":8}}},{"hash":"e08c36e38b256888ba2557071eea96ad7d155554","isMergeCommit":true,"messageTitle":"Merge pull request #30 from LinkesV/branch-readMe-taskA","messageBody":"Update README.md","fileTypesAndContributionMap":{}},{"hash":"db20af3733ecd97b029f4586104bb5cf4d4c3c5c","isMergeCommit":false,"messageTitle":"Edit user stories","messageBody":"","fileTypesAndContributionMap":{"docs":{"insertions":3,"deletions":3}}},{"hash":"d8594188092b32335ae21bbee72bc4c04c6e948a","isMergeCommit":true,"messageTitle":"Merge pull request #32 from CJianzhi/branch-ValueProposition","messageBody":"Update value proposition in Developer\u0027s guide","fileTypesAndContributionMap":{}}]},{"date":"2024-10-10","commitResults":[{"hash":"ec8792c001a3dbd57302ac66c52aa049456fe308","isMergeCommit":true,"messageTitle":"Merge pull request #38 from LinkesV/branch-delivery-feature","messageBody":"Delivery feature increament","fileTypesAndContributionMap":{}},{"hash":"de979c35e51b76dff88be631464ff1505727af1a","isMergeCommit":true,"messageTitle":"Merge branch \u0027master\u0027 into product-initial-support","messageBody":"","fileTypesAndContributionMap":{}},{"hash":"bcf25351010104d483f51f7baedaa580bf2043dd","isMergeCommit":false,"messageTitle":"Add Product class","messageBody":"","fileTypesAndContributionMap":{"functional-code":{"insertions":62,"deletions":0}}}]},{"date":"2024-10-14","commitResults":[{"hash":"a73ea7039200d08c2941a3af11d1ef4b2d07ddfb","isMergeCommit":true,"messageTitle":"Merge branch \u0027master\u0027 into delete-supplier-branch","messageBody":"","fileTypesAndContributionMap":{}}]},{"date":"2024-10-15","commitResults":[{"hash":"afd7bd176d36146ce70fa252544fe26473ae2f28","isMergeCommit":false,"messageTitle":"Update ParserUtil.java","messageBody":"","fileTypesAndContributionMap":{"functional-code":{"insertions":2,"deletions":0}}},{"hash":"3091d57aad33ed299bdaef10ef025fbd238feff3","isMergeCommit":false,"messageTitle":"Update ParserUtil.java","messageBody":"","fileTypesAndContributionMap":{"functional-code":{"insertions":1,"deletions":1}}},{"hash":"cbb603b5cd4dc26f3af968190acff02fec8800f3","isMergeCommit":true,"messageTitle":"Merge pull request #62 from vinc3leong/delete-supplier-branch","messageBody":"Add Supplier object, DeleteSupplierCommand, MarkSupplierCommand, and their corresponding Parsers","fileTypesAndContributionMap":{}},{"hash":"1119cf0a621b225a0007e3e2fa07b8f329269d08","isMergeCommit":false,"messageTitle":"Revert \"Add Supplier object, DeleteSupplierCommand, MarkSupplierCommand, and their corresponding Parsers\"","messageBody":"","fileTypesAndContributionMap":{"functional-code":{"insertions":3,"deletions":1009},"other":{"insertions":2,"deletions":4},"test-code":{"insertions":3,"deletions":437}}},{"hash":"a59b7d7f1ef5958f194b2099d04847275a9b9989","isMergeCommit":true,"messageTitle":"Merge pull request #64 from AY2425S1-CS2103T-W14-1/revert-62-delete-supplier-branch","messageBody":"Revert \"Add Supplier object, DeleteSupplierCommand, MarkSupplierCommand, and their corresponding Parsers\"","fileTypesAndContributionMap":{}},{"hash":"965e61e659450272585a5aa8a46ce70a42a89c5e","isMergeCommit":false,"messageTitle":"Add company and product fields to person","messageBody":"","fileTypesAndContributionMap":{"functional-code":{"insertions":237,"deletions":79}}},{"hash":"144d1cfbe287cd6310fd6ee88a163a1ba6952690","isMergeCommit":false,"messageTitle":"Edit test cases to fit company and product fields","messageBody":"","fileTypesAndContributionMap":{"functional-code":{"insertions":9,"deletions":2},"test-code":{"insertions":238,"deletions":136}}}]},{"date":"2024-10-16","commitResults":[{"hash":"d5072e6683216fdcf9497d2cc31d235aeb053e27","isMergeCommit":false,"messageTitle":"Update tests to include company and product fields","messageBody":"","fileTypesAndContributionMap":{"functional-code":{"insertions":19,"deletions":19},"test-code":{"insertions":32,"deletions":17}}},{"hash":"61d80d5a34d43c94a6b4163e2e22ca94b0f68517","isMergeCommit":false,"messageTitle":"Update ParserUtil","messageBody":"","fileTypesAndContributionMap":{"functional-code":{"insertions":1,"deletions":3}}}]}]},"authorFileTypeContributionMap":{"LinkesV":{"docs":23,"functional-code":772,"test-code":673},"vinc3leong":{"docs":174,"functional-code":72,"test-code":0},"prave1n":{"docs":56,"functional-code":487,"test-code":359},"CJianzhi":{"docs":9,"functional-code":374,"test-code":671,"other":4},"ngjianyi":{"docs":20,"functional-code":312,"test-code":264}},"authorContributionVariance":{"LinkesV":93948.88,"vinc3leong":46698.496,"prave1n":20234.81,"CJianzhi":39608.61,"ngjianyi":166161.06},"authorDisplayNameMap":{"LinkesV":"CS2103T-W14-1 KRIS..ARUN","vinc3leong":"CS2103T-W14-1 VINC..YONG","prave1n":"CS2103T-W14-1 KART..MAAR","CJianzhi":"CS2103T-W14-1 CHEN..NZHI","ngjianyi":"CS2103T-W14-1 NG J..N YI"}}
