{"authorDailyContributionsMap":{"Elinengu":[{"date":"2024-09-28","commitResults":[{"hash":"3f6ec3d3082c9393b82f2ec5297042c9650dd04d","isMergeCommit":false,"messageTitle":"Update Eline\u0027s update about us","messageBody":"","fileTypesAndContributionMap":{"docs":{"insertions":3,"deletions":44}}},{"hash":"cc56a3d831eb4610822a3497c700461a345368a5","isMergeCommit":false,"messageTitle":"Add portfolio section for Eline","messageBody":"","fileTypesAndContributionMap":{"docs":{"insertions":4,"deletions":0}}},{"hash":"4322d4583025c401faaa132e9070719a43c55e47","isMergeCommit":false,"messageTitle":"Update portfolio in aboutUS.md","messageBody":"","fileTypesAndContributionMap":{"docs":{"insertions":1,"deletions":0}}},{"hash":"f262d4dcaefb3299b4e19c8b9b7a461ea7c6645d","isMergeCommit":false,"messageTitle":"Update aboutUS.md","messageBody":"","fileTypesAndContributionMap":{"docs":{"insertions":1,"deletions":1}}}]},{"date":"2024-09-30","commitResults":[{"hash":"105ff25f4fe414643007612815cd7c7cbfca2d28","isMergeCommit":false,"messageTitle":"Update use cases section in DeveloperGuide.md","messageBody":"","fileTypesAndContributionMap":{"docs":{"insertions":238,"deletions":5}}},{"hash":"a7711b8de6794636e6ccbe4f80001aa2b95b908c","isMergeCommit":false,"messageTitle":"Add automatic saving and loading of contacts in the use cases for DG","messageBody":"","fileTypesAndContributionMap":{"docs":{"insertions":20,"deletions":0}}}]},{"date":"2024-10-02","commitResults":[{"hash":"c112c386e4f5748c2a43e9afab6b5e7b30ac5628","isMergeCommit":false,"messageTitle":"Update use cases in DG based on the suggestions","messageBody":"","fileTypesAndContributionMap":{"docs":{"insertions":100,"deletions":69}}}]},{"date":"2024-10-03","commitResults":[{"hash":"a1d0aec6fd08a470e100a5f03ad52b21ae3bf9c2","isMergeCommit":false,"messageTitle":"Fix the numbering and remove internal details","messageBody":"","fileTypesAndContributionMap":{"docs":{"insertions":117,"deletions":113}}},{"hash":"12c6c78a2ebcd62928436f4d31d658bc61487448","isMergeCommit":false,"messageTitle":"Fix the numbering and remove extra steps in use cases","messageBody":"","fileTypesAndContributionMap":{"docs":{"insertions":22,"deletions":24}}},{"hash":"2011c8ce69e9fbdeb04f1b916e2072d9df6047fc","isMergeCommit":false,"messageTitle":"Add the use case for list contacts","messageBody":"","fileTypesAndContributionMap":{"docs":{"insertions":73,"deletions":81}}},{"hash":"05f9df53535fc637a037828141af58c1e43ac8f0","isMergeCommit":false,"messageTitle":"Fix the typos","messageBody":"","fileTypesAndContributionMap":{"docs":{"insertions":9,"deletions":8}}}]},{"date":"2024-10-07","commitResults":[{"hash":"8bc5db96c4029cf602d756bbdf47b801ac4eea62","isMergeCommit":false,"messageTitle":"Make the address attribute optional and make it optional in add command","messageBody":"","fileTypesAndContributionMap":{"functional-code":{"insertions":52,"deletions":33},"test-code":{"insertions":7,"deletions":6}}},{"hash":"69b64ba6ef33ca7e03ef51ed6d11fb3ed1caf0e7","isMergeCommit":false,"messageTitle":"Adjust the test to fix the new constructor for person","messageBody":"","fileTypesAndContributionMap":{"test-code":{"insertions":14,"deletions":12}}},{"hash":"d31afea9abdbe9d8666d6ce2a74f4626eb9f0d08","isMergeCommit":false,"messageTitle":"Change Address to Optional\u003cAddress\u003e in Person Class","messageBody":"","fileTypesAndContributionMap":{"functional-code":{"insertions":5,"deletions":4}}},{"hash":"00c861413e29cdc0f6abcd1e9676df5233e69c42","isMergeCommit":false,"messageTitle":"Remove address from the require-non-null checklist","messageBody":"Add a test case for empty address constructor in Person.\n","fileTypesAndContributionMap":{"functional-code":{"insertions":19,"deletions":6},"test-code":{"insertions":29,"deletions":5}}}]},{"date":"2024-10-08","commitResults":[{"hash":"b28a5387b689a94a9dda6de1cbcf391e1f473cbe","isMergeCommit":true,"messageTitle":"Merge pull request #77 from MAOXIONGKAI/fix/moduleCode-Javadoc-typo","messageBody":"Fix typo in ModuleCode class Javadoc","fileTypesAndContributionMap":{}}]},{"date":"2024-10-09","commitResults":[{"hash":"b61671ff3d1b37ce1ae2477a2e444da28689956f","isMergeCommit":false,"messageTitle":"Fix style","messageBody":"","fileTypesAndContributionMap":{"test-code":{"insertions":6,"deletions":0}}},{"hash":"ccb4114a2ad34233794757e63edb8558a7e1d3b0","isMergeCommit":false,"messageTitle":"Fix the naming","messageBody":"","fileTypesAndContributionMap":{"functional-code":{"insertions":1,"deletions":1}}},{"hash":"ad86f9c18c519389233218f1e95da627a9e87273","isMergeCommit":true,"messageTitle":"Make the address in add command optional","messageBody":"","fileTypesAndContributionMap":{}},{"hash":"1074f96bb7eb7dd9b80ce38691b7a3227018e613","isMergeCommit":false,"messageTitle":"Fix the null pointer issue","messageBody":"","fileTypesAndContributionMap":{"functional-code":{"insertions":5,"deletions":3}}},{"hash":"dca5b7a64e33c30673a4143c972388dc80713815","isMergeCommit":false,"messageTitle":"Fix style","messageBody":"","fileTypesAndContributionMap":{"functional-code":{"insertions":0,"deletions":5}}}]},{"date":"2024-10-14","commitResults":[{"hash":"956732d9ff0278eb78e96e25525a2093a8b29f82","isMergeCommit":false,"messageTitle":"Change the return type of getAddress to Optional\u003cAddress\u003e","messageBody":"","fileTypesAndContributionMap":{"functional-code":{"insertions":15,"deletions":12},"test-code":{"insertions":7,"deletions":7}}},{"hash":"e670bafdccee992282ecf9893164117738d4385b","isMergeCommit":false,"messageTitle":"Add tests for new methods","messageBody":"","fileTypesAndContributionMap":{"test-code":{"insertions":34,"deletions":1}}},{"hash":"54730cad014f78907398d4d095ce46bce80bdcd2","isMergeCommit":false,"messageTitle":"Update user guide for add command","messageBody":"","fileTypesAndContributionMap":{"docs":{"insertions":3,"deletions":3}}},{"hash":"e8f7008151a4a53e2ecaff41cdd4ffb951d2f739","isMergeCommit":false,"messageTitle":"Fix style","messageBody":"","fileTypesAndContributionMap":{"test-code":{"insertions":7,"deletions":3}}},{"hash":"2c18a55cbb0f78d917349a2111d0e06fde96c251","isMergeCommit":false,"messageTitle":"Fix style","messageBody":"","fileTypesAndContributionMap":{"test-code":{"insertions":2,"deletions":2}}},{"hash":"1640c4ddf75c734251c6944dc3d35de9ead14dfb","isMergeCommit":false,"messageTitle":"Fix the location of address in ui","messageBody":"","fileTypesAndContributionMap":{"functional-code":{"insertions":9,"deletions":4}}},{"hash":"e19fbae9b61b53401af71f8aaebbf138eacbad37","isMergeCommit":false,"messageTitle":"Change Address to Optional\u003cAddress\u003e in overloading constructor","messageBody":"","fileTypesAndContributionMap":{"functional-code":{"insertions":12,"deletions":12},"test-code":{"insertions":24,"deletions":11}}},{"hash":"6d442833cbc79bbebb9033f63bb05df741dc8efd","isMergeCommit":false,"messageTitle":"Add test for edit command and storage for empty address","messageBody":"","fileTypesAndContributionMap":{"test-code":{"insertions":25,"deletions":1}}},{"hash":"3aa6c850aacd6a6d1033ceb84706d5a808babd0f","isMergeCommit":false,"messageTitle":"Fix style","messageBody":"","fileTypesAndContributionMap":{"functional-code":{"insertions":0,"deletions":2}}},{"hash":"73dfb26fe9c5ac684fbffcb4a270630571753aa3","isMergeCommit":false,"messageTitle":"Fix style","messageBody":"","fileTypesAndContributionMap":{"test-code":{"insertions":1,"deletions":1}}}]},{"date":"2024-10-15","commitResults":[{"hash":"663c8752b19bb29c5d4be0d93fb12e5996996db5","isMergeCommit":true,"messageTitle":"Merge pull request #84 from Elinengu/make-address-optional-add-command","messageBody":"Make address optional in add command","fileTypesAndContributionMap":{}}]},{"date":"2024-10-17","commitResults":[{"hash":"a0288f9ca823388e3c3fe2ce0da6313d7527f2f1","isMergeCommit":false,"messageTitle":"Add module role map attribute in person","messageBody":"","fileTypesAndContributionMap":{"functional-code":{"insertions":117,"deletions":16},"test-code":{"insertions":102,"deletions":14}}},{"hash":"df5e1655c60313fdbdfa9f741509e9f658571725","isMergeCommit":false,"messageTitle":"Fix style","messageBody":"","fileTypesAndContributionMap":{"functional-code":{"insertions":16,"deletions":12}}},{"hash":"f6f1709780c24b2e7579b0244d206a1a5ebf8d4c","isMergeCommit":false,"messageTitle":"Fix Style","messageBody":"","fileTypesAndContributionMap":{"test-code":{"insertions":12,"deletions":21}}},{"hash":"53d2cc90fa2c42e4f8bb0ca81cec55be7d5ce4d6","isMergeCommit":false,"messageTitle":"Add a check on the conversion from String to RoleType","messageBody":"","fileTypesAndContributionMap":{"functional-code":{"insertions":2,"deletions":1},"test-code":{"insertions":12,"deletions":0}}},{"hash":"7f81122cb8859a330a34f4881da0ee25e5ac2724","isMergeCommit":false,"messageTitle":"Fix style","messageBody":"","fileTypesAndContributionMap":{"functional-code":{"insertions":1,"deletions":1}}}]}],"MAOXIONGKAI":[{"date":"2024-09-28","commitResults":[{"hash":"b527763ba569849913c7f9af7ab4279ec65b68d8","isMergeCommit":false,"messageTitle":"Update About Us Section for Xiongkai","messageBody":"","fileTypesAndContributionMap":{"docs":{"insertions":51,"deletions":6}}},{"hash":"f00263d91c51e9b97730e6b3b1a839c9d9dfc7e4","isMergeCommit":false,"messageTitle":"Update portfolio file","messageBody":"","fileTypesAndContributionMap":{"docs":{"insertions":2,"deletions":2}}}]},{"date":"2024-09-29","commitResults":[{"hash":"2637f5649d7d125652cace4bd8d0bad567b4840b","isMergeCommit":false,"messageTitle":"Update value proposition section in DeveloperGuide.md","messageBody":"","fileTypesAndContributionMap":{"docs":{"insertions":4,"deletions":1}}},{"hash":"ea72bc4216fe8b443c144f8ff6c914cdba69570d","isMergeCommit":false,"messageTitle":"Update target user profile section in DeveloperGuide.md","messageBody":"","fileTypesAndContributionMap":{"docs":{"insertions":8,"deletions":0}}},{"hash":"966006d2b1661c45975e815d03e90c154af9541d","isMergeCommit":false,"messageTitle":"Add must-have user stories in DeveloperGuide.md","messageBody":"","fileTypesAndContributionMap":{"docs":{"insertions":14,"deletions":8}}},{"hash":"c5abb0f962ba5e04df7e8a2beece30dc6fdb2f2c","isMergeCommit":false,"messageTitle":"Add the rest of the user stories in DeveloperGuide.md","messageBody":"","fileTypesAndContributionMap":{"docs":{"insertions":26,"deletions":14}}},{"hash":"2fadbdb6e0a21331565e6455d67bb983a07ac302","isMergeCommit":false,"messageTitle":"Update top navigation bar of Project Website","messageBody":"","fileTypesAndContributionMap":{"docs":{"insertions":2,"deletions":2}}},{"hash":"08b0b99be8a9f8f0d19642d2d5ee51a4f1e7865e","isMergeCommit":false,"messageTitle":"Update product name in index.md for Project Website","messageBody":"","fileTypesAndContributionMap":{"docs":{"insertions":4,"deletions":4}}},{"hash":"5cc62c1ab02544ab3529c15b4052f419518bd506","isMergeCommit":false,"messageTitle":"Update product info in UserGuide.md for Project Website","messageBody":"","fileTypesAndContributionMap":{"docs":{"insertions":3,"deletions":3}}},{"hash":"75a4dbb443a8b906f373dd4422e0b6235610285d","isMergeCommit":false,"messageTitle":"Update product and API info in DeveloperGuide.md for Project Website","messageBody":"","fileTypesAndContributionMap":{"docs":{"insertions":7,"deletions":7}}},{"hash":"a86b3e78ad45f4e778c5fec329eef0a0054aa242","isMergeCommit":false,"messageTitle":"Update user guide link in the application help window","messageBody":"","fileTypesAndContributionMap":{"functional-code":{"insertions":1,"deletions":1}}},{"hash":"3bf89071bb0e90b2ab61dfdb736eee45b4eb2269","isMergeCommit":false,"messageTitle":"Update product info in SettingUp.md for Project Website","messageBody":"","fileTypesAndContributionMap":{"docs":{"insertions":1,"deletions":1}}},{"hash":"d97dbcd710d3ad58eb02bad89663325942b08efd","isMergeCommit":false,"messageTitle":"Change user story priority and fix some minor typo","messageBody":"","fileTypesAndContributionMap":{"docs":{"insertions":26,"deletions":26}}},{"hash":"68c645785e840afc240c172e5bb53b0e5f34c6a1","isMergeCommit":true,"messageTitle":"Merge pull request #42 from huangjiaxi1111/add-ui-mockup","messageBody":"Add UI mockup","fileTypesAndContributionMap":{}}]},{"date":"2024-09-30","commitResults":[{"hash":"32bc7302cc9288fb80a79a4e86cd02b126581696","isMergeCommit":false,"messageTitle":"Shift export contact user story to 1 star","messageBody":"","fileTypesAndContributionMap":{"docs":{"insertions":2,"deletions":2}}},{"hash":"9b5f81bbfd1117164b2112d6a06455e6a367004c","isMergeCommit":false,"messageTitle":"Add general search, shift search by issue to 2 stars","messageBody":"","fileTypesAndContributionMap":{"docs":{"insertions":2,"deletions":1}}},{"hash":"15e620707a4b28474405994c1156fff4b01e8202","isMergeCommit":false,"messageTitle":"Update product intro in UserGuide.md","messageBody":"","fileTypesAndContributionMap":{"docs":{"insertions":1,"deletions":1}}},{"hash":"b3d2d743724a033970832185628c39785864e851","isMergeCommit":true,"messageTitle":"Merge pull request #45 from MAOXIONGKAI/update-site-wide-settings","messageBody":"Update site-wide settings","fileTypesAndContributionMap":{}},{"hash":"160ce5872ac7854d0b0905576b0edbcfd8fba4df","isMergeCommit":true,"messageTitle":"Merge branch \u0027master\u0027 into update-readme","messageBody":"","fileTypesAndContributionMap":{}},{"hash":"3a30dc881c5b5be6d80c4c0ed948221e04673622","isMergeCommit":true,"messageTitle":"Merge pull request #43 from weiseng18/update-readme","messageBody":"Update README","fileTypesAndContributionMap":{}}]},{"date":"2024-10-02","commitResults":[{"hash":"952f9099daf86f51e61da098211570cd5cebd64d","isMergeCommit":true,"messageTitle":"Merge pull request #48 from lithops-zty/acknowledge-source-of-code","messageBody":"Add acknowledgement in README.md","fileTypesAndContributionMap":{}},{"hash":"2c4d0586e6a65a39eeb165d728034fb8fcc9add2","isMergeCommit":true,"messageTitle":"Merge pull request #47 from lithops-zty/add-build-status-badge","messageBody":"Add build status badge and Codecov badge","fileTypesAndContributionMap":{}}]},{"date":"2024-10-03","commitResults":[{"hash":"5409d3fd4db2279729ea186e0c64962ba1509a5a","isMergeCommit":true,"messageTitle":"Merge pull request #46 from Elinengu/update-DG-use-cases","messageBody":"Update DG: Use Cases","fileTypesAndContributionMap":{}},{"hash":"9c358b29d6574e24ec1807829ff426c3941bb2ef","isMergeCommit":true,"messageTitle":"Merge pull request #50 from lithops-zty/non-functional-requirement","messageBody":"Add non-functional requirements in DG","fileTypesAndContributionMap":{}}]},{"date":"2024-10-06","commitResults":[{"hash":"e6a1c96e71ad90d090d49989251a1750da957df6","isMergeCommit":false,"messageTitle":"Create RoleType enum with 3 possible values","messageBody":"","fileTypesAndContributionMap":{"functional-code":{"insertions":24,"deletions":0}}},{"hash":"99cf7ddd3f51ccec0a05614ff35a40990649cd9e","isMergeCommit":false,"messageTitle":"RoleType.java: Fix grammatical errors in Javadoc comments","messageBody":"","fileTypesAndContributionMap":{"functional-code":{"insertions":3,"deletions":3}}}]},{"date":"2024-10-07","commitResults":[{"hash":"47933107d91724f0f33de32e0ef82580277f0366","isMergeCommit":true,"messageTitle":"Merge pull request #70 from weiseng18/create-modulecode-class","messageBody":"Create `ModuleCode` class","fileTypesAndContributionMap":{}},{"hash":"1cbd040db66b9c8e612d150c38e04de739b3251d","isMergeCommit":false,"messageTitle":"Fix Javadoc typo for the constructor","messageBody":"","fileTypesAndContributionMap":{"functional-code":{"insertions":1,"deletions":1}}}]},{"date":"2024-10-11","commitResults":[{"hash":"9ff10bcec257c9064fe4888cccf0b089b300e86e","isMergeCommit":true,"messageTitle":"Merge pull request #83 from lithops-zty/bugfix-find-crash","messageBody":"Bugfix: find command crashes","fileTypesAndContributionMap":{}}]},{"date":"2024-10-13","commitResults":[{"hash":"1d507cb5546c1e395cfdd65ab3181ef1e9f69845","isMergeCommit":false,"messageTitle":"Add Role Class","messageBody":"","fileTypesAndContributionMap":{"functional-code":{"insertions":152,"deletions":0},"test-code":{"insertions":54,"deletions":0}}},{"hash":"40747202d51a9b40a6799b7fd24a32799170e02a","isMergeCommit":false,"messageTitle":"Finalize test cases for Role.java","messageBody":"","fileTypesAndContributionMap":{"test-code":{"insertions":174,"deletions":4}}},{"hash":"95b5299f3ddd6a2db056dd38d2b412adb116cb1f","isMergeCommit":false,"messageTitle":"Implement toString method for each Enum value","messageBody":"","fileTypesAndContributionMap":{"functional-code":{"insertions":18,"deletions":3}}},{"hash":"4b316d80aeba906bd9149b6143abf8f6cfdffcd4","isMergeCommit":false,"messageTitle":"Improve Role class test cases","messageBody":"","fileTypesAndContributionMap":{"test-code":{"insertions":8,"deletions":0}}},{"hash":"8b34a61f54a0201ae05a21934eee00dc9bea2910","isMergeCommit":true,"messageTitle":"Merge pull request #91 from MAOXIONGKAI/add-role-enum","messageBody":"Implement toString() method RoleType enum values","fileTypesAndContributionMap":{}},{"hash":"6bf303665b959bd289d5810f498d8cb3a35ef62c","isMergeCommit":true,"messageTitle":"Merge branch \u0027master\u0027 into add-new-role-class","messageBody":"","fileTypesAndContributionMap":{}}]},{"date":"2024-10-14","commitResults":[{"hash":"e1563396c4b4c60ceb930b90319116074554599c","isMergeCommit":false,"messageTitle":"Update getRoleDescription() Javadoc with example","messageBody":"","fileTypesAndContributionMap":{"functional-code":{"insertions":4,"deletions":0}}},{"hash":"2e478744485cc2f393352738390e9928c0949103","isMergeCommit":false,"messageTitle":"Abstract out inner implementation of getRoleDescription()","messageBody":"","fileTypesAndContributionMap":{"functional-code":{"insertions":37,"deletions":8}}},{"hash":"cd4563c2bdd4d6cfc2256798a1617a8542beea99","isMergeCommit":false,"messageTitle":"Add null checks to the abstracted out methods","messageBody":"","fileTypesAndContributionMap":{"functional-code":{"insertions":2,"deletions":0}}},{"hash":"c0ed1c88c2d1a546da52b4afdb8f7e6315ae1b18","isMergeCommit":false,"messageTitle":"Change getModuleCodeString() to static method","messageBody":"","fileTypesAndContributionMap":{"functional-code":{"insertions":1,"deletions":1}}},{"hash":"367c8f4731e3235aa5cc11fa9e23bc5a9fd92fed","isMergeCommit":false,"messageTitle":"Improve test cases for Role.java","messageBody":"","fileTypesAndContributionMap":{"test-code":{"insertions":69,"deletions":0}}},{"hash":"d6e51d9ed4377433fc623c232b212880dbdb64f2","isMergeCommit":false,"messageTitle":"Fix RoleTest.java to pass the CI workflow","messageBody":"","fileTypesAndContributionMap":{"test-code":{"insertions":0,"deletions":2}}},{"hash":"14d7c1be771ef6158e647dafcda9fb0b23a4ab6e","isMergeCommit":false,"messageTitle":"Add Validation methods for the default constructor","messageBody":"The original class name is a bit misleading, as it sounds like the class\nis representing a single role instead of a collection of roles.\n\nTherefore, it is renamed to ModuleRoleMap to indicate that it actually\nrepresents the mapping between ModuleCode and RoleType, hence allows\nbetter readability of the code\n","fileTypesAndContributionMap":{"other":{"insertions":142,"deletions":93}}},{"hash":"b5f87f7723c64071c22c3aa27a3c251ef4eb3bd8","isMergeCommit":false,"messageTitle":"Add new test cases for validation methods for the default constructor","messageBody":"","fileTypesAndContributionMap":{"test-code":{"insertions":81,"deletions":19}}},{"hash":"1e268edba95f89e37ea2728ec6cfe36fca5a3d38","isMergeCommit":false,"messageTitle":"Fix the issue of Message Constraints being swapped","messageBody":"","fileTypesAndContributionMap":{"functional-code":{"insertions":2,"deletions":2}}}]},{"date":"2024-10-15","commitResults":[{"hash":"0493d8dc70cc12ed2955bd199e265ce552fb0bdf","isMergeCommit":false,"messageTitle":"Add validation method to ModuleCode.java","messageBody":"","fileTypesAndContributionMap":{"functional-code":{"insertions":18,"deletions":2}}},{"hash":"b5c54d6ac308c588fbe0fae8d4254842b2f165ab","isMergeCommit":false,"messageTitle":"Add test cases for isValidModuleCode method","messageBody":"","fileTypesAndContributionMap":{"test-code":{"insertions":45,"deletions":0}}},{"hash":"b02cc2965112c647122e73212f71bbaa97154914","isMergeCommit":false,"messageTitle":"Enhance constraint message for input validation","messageBody":"","fileTypesAndContributionMap":{"functional-code":{"insertions":5,"deletions":1}}},{"hash":"d396a3b31c58c7a27a2be383bf7dcdd23496043a","isMergeCommit":false,"messageTitle":"Convert valid string input to upper case in the constructor","messageBody":"","fileTypesAndContributionMap":{"functional-code":{"insertions":1,"deletions":1}}},{"hash":"f1099dad0d07a653b9f816a234306a2bd89c07f8","isMergeCommit":false,"messageTitle":"Fix checkstyle errors and constraint message","messageBody":"","fileTypesAndContributionMap":{"functional-code":{"insertions":3,"deletions":3}}},{"hash":"e14806e08bcea375c857f19530744e93f5416329","isMergeCommit":false,"messageTitle":"Remove unused imports from ModuleCodeTest.java","messageBody":"","fileTypesAndContributionMap":{"test-code":{"insertions":1,"deletions":2}}},{"hash":"4bc8cf95dd41adf023cd60ccbf3a0c599c38924f","isMergeCommit":false,"messageTitle":"Fix typo in ModuleCodeTest.java","messageBody":"","fileTypesAndContributionMap":{"test-code":{"insertions":1,"deletions":1}}},{"hash":"0d043ceb5eb89c65c1fa293b91b24f59434ad61d","isMergeCommit":false,"messageTitle":"Fix validation regex to match edge case inputs","messageBody":"","fileTypesAndContributionMap":{"functional-code":{"insertions":1,"deletions":1}}},{"hash":"cee1adddf674dcfd9cc396e32f67b45c3976b5a8","isMergeCommit":false,"messageTitle":"Improve test cases for validation method","messageBody":"","fileTypesAndContributionMap":{"test-code":{"insertions":7,"deletions":0}}},{"hash":"fbaab6d59475393a20024fd54ac631f4bbdbb0a5","isMergeCommit":true,"messageTitle":"Merge pull request #95 from lithops-zty/find-allow-whitespace","messageBody":"Allow find command to accept keywords with spaces","fileTypesAndContributionMap":{}},{"hash":"7a824f67371ab0f3614841c5b0efbcf5d4369b08","isMergeCommit":true,"messageTitle":"Merge pull request #94 from MAOXIONGKAI/ModuleCode-add-validation","messageBody":"Module code add validation","fileTypesAndContributionMap":{}},{"hash":"c7eb460e3c37aad6482f24cb75e348c6904e2475","isMergeCommit":true,"messageTitle":"Merge branch \u0027master\u0027 into add-new-role-class Branch depends on changes from ModuleCode class","messageBody":"","fileTypesAndContributionMap":{}},{"hash":"76c7ad4348239ce0d3ad8df360a47367a138d705","isMergeCommit":false,"messageTitle":"Replace constraint message for ModuleCode with one from its own class","messageBody":"","fileTypesAndContributionMap":{"functional-code":{"insertions":3,"deletions":7}}}]},{"date":"2024-10-16","commitResults":[{"hash":"4a495bc253b89a3cfb2aadd54c2488238f341b08","isMergeCommit":false,"messageTitle":"Simplify implementation of getModuleCodeString method","messageBody":"","fileTypesAndContributionMap":{"functional-code":{"insertions":3,"deletions":3}}},{"hash":"a022d2c92b66b077b9158b7a2c0ed85c5d0bc477","isMergeCommit":false,"messageTitle":"Change requireNonNull to requireAllNonNull for constructors","messageBody":"","fileTypesAndContributionMap":{"functional-code":{"insertions":16,"deletions":39},"test-code":{"insertions":0,"deletions":54}}},{"hash":"2f6bd91eab6f528b22a5c0593fe2c0765f76f64b","isMergeCommit":false,"messageTitle":"Reorganize code structure and separate methods into their actual classes","messageBody":"","fileTypesAndContributionMap":{"functional-code":{"insertions":39,"deletions":40},"test-code":{"insertions":4,"deletions":0}}},{"hash":"a5c20ce14e574c5326ec2a2530a96e5ab3d1babe","isMergeCommit":false,"messageTitle":"Change Test cases to test the new class strcutures and features","messageBody":"","fileTypesAndContributionMap":{"test-code":{"insertions":120,"deletions":38}}},{"hash":"1e0c7e9f29a9f80c6e1fb2b24b7fc06c76da0d61","isMergeCommit":false,"messageTitle":"Extract out the logic of checking ModuleCode and RoleType array length","messageBody":"","fileTypesAndContributionMap":{"functional-code":{"insertions":25,"deletions":4}}},{"hash":"50c20f964dc27842d1fc1a14d9f5d71caff04691","isMergeCommit":false,"messageTitle":"Add test cases to CollectionUtilTest.java","messageBody":"","fileTypesAndContributionMap":{"test-code":{"insertions":65,"deletions":0}}}]},{"date":"2024-10-17","commitResults":[{"hash":"a3de8f8713ecb72e8db29ad02dd702ed49410f88","isMergeCommit":true,"messageTitle":"Merge pull request #102 from weiseng18/update-add-command-message","messageBody":"Remove `Tags: ` from add command message, if no tags were provided","fileTypesAndContributionMap":{}}]}],"lithops-zty":[{"date":"2024-09-28","commitResults":[{"hash":"d8f8386895f84da7470c5bdaba2f34d0a18cf1ba","isMergeCommit":false,"messageTitle":"Update Tianyi\u0027s section in AboutUs.md","messageBody":"","fileTypesAndContributionMap":{"docs":{"insertions":50,"deletions":4}}},{"hash":"a21bff0431e7590e02c1943f110c2294ae058314","isMergeCommit":false,"messageTitle":"Rename docs/team/tianyi.md to docs/team/lithops-zty.md","messageBody":"","fileTypesAndContributionMap":{"docs":{"insertions":1,"deletions":1}}},{"hash":"5d488e779139ddf46588468486aadb49f906ed07","isMergeCommit":false,"messageTitle":"lithops-zty.md: Change John Doe to Tianyi","messageBody":"","fileTypesAndContributionMap":{"docs":{"insertions":1,"deletions":1}}},{"hash":"f76890e2c3df40cfffece072ed309c9df1165586","isMergeCommit":false,"messageTitle":"Fix no EOF at end of file","messageBody":"","fileTypesAndContributionMap":{"docs":{"insertions":1,"deletions":1}}}]},{"date":"2024-10-02","commitResults":[{"hash":"3a1a35876ccd2ef31938321f3ed3c7fe8092162d","isMergeCommit":false,"messageTitle":"Add build status badge in README.md","messageBody":"","fileTypesAndContributionMap":{"docs":{"insertions":1,"deletions":2}}},{"hash":"bb4f7020ccac2f84050d86aa8798430f3f47caa6","isMergeCommit":false,"messageTitle":"Add acknowledgement in README.md","messageBody":"","fileTypesAndContributionMap":{"docs":{"insertions":2,"deletions":0}}},{"hash":"4f1089047eb25b3b1ade3ccba428b6fb652f330f","isMergeCommit":false,"messageTitle":"Fix EOF error","messageBody":"","fileTypesAndContributionMap":{"docs":{"insertions":1,"deletions":1}}},{"hash":"07f3bce5cbbe2c67384f087d2d2ef7f6af3d81a9","isMergeCommit":false,"messageTitle":"Add build status badge in website","messageBody":"","fileTypesAndContributionMap":{"docs":{"insertions":1,"deletions":2}}},{"hash":"5cb8207a7a90d332502e2d698bd43e48f6b4d9f3","isMergeCommit":false,"messageTitle":"Add Codecov badge in website","messageBody":"","fileTypesAndContributionMap":{"docs":{"insertions":1,"deletions":1}}}]},{"date":"2024-10-03","commitResults":[{"hash":"82c457373d5f4e6e8adea1d29d7b3de378a0da7d","isMergeCommit":false,"messageTitle":"Add non-functional requirements in DG","messageBody":"","fileTypesAndContributionMap":{"docs":{"insertions":10,"deletions":3}}}]},{"date":"2024-10-07","commitResults":[{"hash":"1dfe7b60fb226cbe4c71702461bb58f7701b7a3d","isMergeCommit":true,"messageTitle":"Merge pull request #66 from weiseng18/update-codecov-config","messageBody":"Set codecov CI requirement to be raw threshold","fileTypesAndContributionMap":{}}]},{"date":"2024-10-08","commitResults":[{"hash":"4ba4663a1b4550ade48231b1428a5a2a901bc1ed","isMergeCommit":false,"messageTitle":"Make the find command use n/ prefix","messageBody":"This is a step towards allowing searching based on more fields.\n","fileTypesAndContributionMap":{"functional-code":{"insertions":25,"deletions":10}}},{"hash":"13424ee4d58463baab06def22c817035b9549195","isMergeCommit":false,"messageTitle":"Move helper function arePrefixesPresent() up to ParserUtil.java","messageBody":"Since now the find command demands at least one\nname to be specified, arePrefixesPresent() will\nbe needed by both find and add. We need to avoid\ncode duplication and make sure it is only defined\nonce.\n\nLet\u0027s move it to ParserUtil.java so that parsers for both add and find can access it.\n","fileTypesAndContributionMap":{"functional-code":{"insertions":21,"deletions":31}}},{"hash":"9d1bbfec1881177a5cabc1978818da8b21797d5d","isMergeCommit":false,"messageTitle":"Fix tests for find command","messageBody":"","fileTypesAndContributionMap":{"test-code":{"insertions":21,"deletions":16}}},{"hash":"22c7926808b60ce57fc94a90575300fb7b3c95d2","isMergeCommit":true,"messageTitle":"Merge branch \u0027master\u0027 into make-find-use-prefix","messageBody":"# Conflicts:\n#\tsrc/test/java/seedu/address/logic/parser/AddressBookParserTest.java\n","fileTypesAndContributionMap":{}},{"hash":"e15136117b041e1604e3785b26c30d7cc8f68aaa","isMergeCommit":false,"messageTitle":"Fix style","messageBody":"","fileTypesAndContributionMap":{"functional-code":{"insertions":16,"deletions":17}}},{"hash":"3f5eee25e2c7ddc41e3c970945a4a463672b1606","isMergeCommit":false,"messageTitle":"Fix style","messageBody":"","fileTypesAndContributionMap":{"test-code":{"insertions":20,"deletions":16}}},{"hash":"ceabe0da2ef342d9cce71c6751c16715a550382c","isMergeCommit":false,"messageTitle":"Add name prefix to message of find command usage","messageBody":"","fileTypesAndContributionMap":{"functional-code":{"insertions":8,"deletions":2}}},{"hash":"cc316976abd961cea2f90bce0a3289b856f13d27","isMergeCommit":true,"messageTitle":"Merge branch \u0027master\u0027 into make-find-use-prefix","messageBody":"","fileTypesAndContributionMap":{}},{"hash":"b679e5ebe366750463095159c9292160ae442624","isMergeCommit":false,"messageTitle":"Rephrase MESSAGE_PERSONS_LISTED_OVERVIEW to include keywords entered","messageBody":"","fileTypesAndContributionMap":{"functional-code":{"insertions":13,"deletions":2}}},{"hash":"2126f75b3745e788d5414c8ffc27357ba7f95803","isMergeCommit":false,"messageTitle":"Fix tests","messageBody":"","fileTypesAndContributionMap":{"test-code":{"insertions":2,"deletions":2}}},{"hash":"5cb0db3390d4412b9406f5195016a49f6e3300a9","isMergeCommit":false,"messageTitle":"Fix styles","messageBody":"","fileTypesAndContributionMap":{"functional-code":{"insertions":0,"deletions":2}}},{"hash":"b0e558afab676d9dc85e0118c2071c4b8c181012","isMergeCommit":false,"messageTitle":"Fix find command crash when empty keyword is provided","messageBody":"","fileTypesAndContributionMap":{"functional-code":{"insertions":6,"deletions":0}}},{"hash":"cfa0b75791886e3b0ab1cf02c59d83c523e9e384","isMergeCommit":false,"messageTitle":"Fix find command crash when keyword contains whitespaces","messageBody":"","fileTypesAndContributionMap":{"functional-code":{"insertions":6,"deletions":0}}},{"hash":"bfa7e02b8f1f187369bef2346ac02ce01c6f3941","isMergeCommit":false,"messageTitle":"Fix styles","messageBody":"","fileTypesAndContributionMap":{"functional-code":{"insertions":2,"deletions":1}}}]},{"date":"2024-10-15","commitResults":[{"hash":"52bfa1d54819eac636b89626fa3d9767dfd4a8be","isMergeCommit":false,"messageTitle":"Allow find command to accept keywords with spaces","messageBody":"","fileTypesAndContributionMap":{"functional-code":{"insertions":23,"deletions":4},"test-code":{"insertions":104,"deletions":0}}},{"hash":"70c7a2cef3dc9238c55b5f3d8a7fd82412759da9","isMergeCommit":false,"messageTitle":"Enhance find message to delimit keywords more clearly","messageBody":"","fileTypesAndContributionMap":{"functional-code":{"insertions":6,"deletions":2}}},{"hash":"683c9266a43001ac1e7ea74264ae1772ab65273e","isMergeCommit":false,"messageTitle":"Fix style","messageBody":"","fileTypesAndContributionMap":{"test-code":{"insertions":3,"deletions":1}}},{"hash":"31d7c877ad220e98bbc819bc61f66dffcedbb158","isMergeCommit":false,"messageTitle":"Fix test","messageBody":"","fileTypesAndContributionMap":{"test-code":{"insertions":1,"deletions":1}}}]},{"date":"2024-10-16","commitResults":[{"hash":"df2d82e8d219cf75d1f61ced773d0ce2caa1de22","isMergeCommit":false,"messageTitle":"Update find command in UG to match multi-word keyword behavior","messageBody":"","fileTypesAndContributionMap":{"docs":{"insertions":7,"deletions":6}}},{"hash":"34cce2b61b033969823afca111102996fbfd749c","isMergeCommit":true,"messageTitle":"Merge pull request #97 from huangjiaxi1111/update-delete-in-ug","messageBody":"Update delete command in UserGuide.md","fileTypesAndContributionMap":{}}]},{"date":"2024-10-17","commitResults":[{"hash":"8425df757f6bca91f81c5ca9fb256838f6fbad47","isMergeCommit":false,"messageTitle":"Update UG repetition syntax","messageBody":"","fileTypesAndContributionMap":{"docs":{"insertions":13,"deletions":10}}},{"hash":"e095b967522a86b9e30b1c58b353e25cc373990d","isMergeCommit":false,"messageTitle":"Delete extra asterisk","messageBody":"","fileTypesAndContributionMap":{"docs":{"insertions":1,"deletions":1}}},{"hash":"c032a8723b481e9c6c66c683e6e5efaa13d2aa6f","isMergeCommit":true,"messageTitle":"Merge pull request #113 from weiseng18/update-ug-add-command","messageBody":"Update UG add command (new `r/` parameter)","fileTypesAndContributionMap":{}}]}],"huangjiaxi1111":[{"date":"2024-09-28","commitResults":[{"hash":"aede46f0c34003fb695c05137399248ca4182cbd","isMergeCommit":false,"messageTitle":"Update AboutUs page","messageBody":"","fileTypesAndContributionMap":{"docs":{"insertions":6,"deletions":45}}},{"hash":"8fce79e6d1a9f5c5fbbc11f6269690b73864c06c","isMergeCommit":false,"messageTitle":"Fix no newline at EOF error","messageBody":"","fileTypesAndContributionMap":{"docs":{"insertions":1,"deletions":1}}},{"hash":"46914a89f410344369d7929033cfa16d2677dd9f","isMergeCommit":true,"messageTitle":"Merge pull request #29 from huangjiaxi1111/update-aboutus","messageBody":"Update Jiaxi\u0027s Section in AboutUs.md","fileTypesAndContributionMap":{}}]},{"date":"2024-09-30","commitResults":[{"hash":"32893facaadd37bcab45649647477b76ff94391e","isMergeCommit":true,"messageTitle":"Merge pull request #41 from MAOXIONGKAI/update-DG-user-story","messageBody":"Update DG: User stories","fileTypesAndContributionMap":{}}]},{"date":"2024-10-02","commitResults":[{"hash":"ce4932f61ce930ebfc0080ca91678d06c16e92f5","isMergeCommit":false,"messageTitle":"Add glossary in Developer Guide","messageBody":"","fileTypesAndContributionMap":{"docs":{"insertions":12,"deletions":2}}},{"hash":"b517988678ca4e50bae7eee2b2fabbf7ad43a20a","isMergeCommit":true,"messageTitle":"Merge pull request #49 from huangjiaxi1111/add-glossary","messageBody":"Add glossary in Developer Guide","fileTypesAndContributionMap":{}}]},{"date":"2024-10-07","commitResults":[{"hash":"45657ffcc1269c022517b6e391b0f1ce067bcb65","isMergeCommit":false,"messageTitle":"Modify delete command to delete multiple people","messageBody":"Delete command only deletes one person as a time.\n\nChange delete command to accept multiple arguments, e.g. delete 1 2 3,\nto delete the first three contacts and display the deleted contacts\ntogether.\n","fileTypesAndContributionMap":{"functional-code":{"insertions":32,"deletions":12},"test-code":{"insertions":14,"deletions":11}}},{"hash":"711efb981d39a26d35110915906a0b5054c035a4","isMergeCommit":false,"messageTitle":"Add tests for mass deletion","messageBody":"","fileTypesAndContributionMap":{"test-code":{"insertions":64,"deletions":0}}}]},{"date":"2024-10-08","commitResults":[{"hash":"57870888d4e200ea4ae71df09bf90351035c2c91","isMergeCommit":false,"messageTitle":"Tweak output message and add more tests","messageBody":"Output message for delete command is only for single element deletion.\n\nMake output message fit mass deletion. Add test for parsing delete\ncommand for mass deletion.\n","fileTypesAndContributionMap":{"functional-code":{"insertions":10,"deletions":13},"test-code":{"insertions":22,"deletions":5}}},{"hash":"e9410e2376a5a4bb0322355df12af109c5a23415","isMergeCommit":false,"messageTitle":"Change duplicate handling","messageBody":"Duplicate handling only check name.\n\nChange it to check email instead considering the possibility of people\nwith exact same name. Email is unique and compulsory in the context of\nthe app.\n","fileTypesAndContributionMap":{"functional-code":{"insertions":1,"deletions":1},"test-code":{"insertions":9,"deletions":13}}},{"hash":"abf30e6d32ab53c48901c667c8cae0616a7c4899","isMergeCommit":false,"messageTitle":"Remove typo","messageBody":"","fileTypesAndContributionMap":{"functional-code":{"insertions":1,"deletions":1}}},{"hash":"d35036808d74a0ba2481e68748b53e5fa9a6fe19","isMergeCommit":false,"messageTitle":"Fix indentation problem","messageBody":"","fileTypesAndContributionMap":{"functional-code":{"insertions":1,"deletions":1}}},{"hash":"f9b6c2bd290d5b1e11ea3208c99a346a86211327","isMergeCommit":false,"messageTitle":"Make email case-insensitive and change error message for duplicate","messageBody":"","fileTypesAndContributionMap":{"functional-code":{"insertions":4,"deletions":4},"test-code":{"insertions":0,"deletions":4}}},{"hash":"08b3784a65e3a1934c1818a67ddc3c686ee15bb5","isMergeCommit":true,"messageTitle":"Merge pull request #79 from lithops-zty/make-find-use-prefix","messageBody":"Make the find command use n/ prefix","fileTypesAndContributionMap":{}},{"hash":"519b4e1591a87ef7e1d8c4e4eaf462b5dc35eab2","isMergeCommit":true,"messageTitle":"Merge pull request #82 from lithops-zty/rephrase-find-success-message","messageBody":"Rephrase find success message","fileTypesAndContributionMap":{}}]},{"date":"2024-10-16","commitResults":[{"hash":"aaa873cc8a1d4922f9cc9dd4f0348e8b786b17f6","isMergeCommit":false,"messageTitle":"Update delete command in UserGuide.md","messageBody":"Address book now allows mass deletion.\n","fileTypesAndContributionMap":{"docs":{"insertions":6,"deletions":6}}},{"hash":"3db41a87d28eb7f9be4d82b257f9450b71d57e17","isMergeCommit":false,"messageTitle":"Update duplicate handling instruction in UserGuide.md","messageBody":"Add command now stop user from adding contacts with duplicate email.\n","fileTypesAndContributionMap":{"docs":{"insertions":6,"deletions":0}}},{"hash":"9c88cf4b39085097d50ce6928f4956674f67bf58","isMergeCommit":false,"messageTitle":"Make syntax format consistent with find command","messageBody":"Change [INDEX] to [MORE_INDICES].\n","fileTypesAndContributionMap":{"docs":{"insertions":2,"deletions":2}}},{"hash":"fd8e81bd682b7525200536f25c814ab760dca168","isMergeCommit":true,"messageTitle":"Merge pull request #92 from MAOXIONGKAI/add-new-role-class","messageBody":"Create a class representing a map from ModuleCode to RoleType","fileTypesAndContributionMap":{}},{"hash":"6456581187faab47f59c2ef7d50349171265015c","isMergeCommit":false,"messageTitle":"Change title to ContactCS","messageBody":"","fileTypesAndContributionMap":{"functional-code":{"insertions":1,"deletions":1}}}]},{"date":"2024-10-17","commitResults":[{"hash":"f5ddf5507fd5b0dfbdc67090b055e83536663d58","isMergeCommit":true,"messageTitle":"Merge pull request #104 from huangjiaxi1111/change-title","messageBody":"Change title to ContactCS","fileTypesAndContributionMap":{}},{"hash":"34a016e1e13c5fd5c3f245bbd658d1a245de8640","isMergeCommit":false,"messageTitle":"Fix findcommand syntax in UG","messageBody":"","fileTypesAndContributionMap":{"docs":{"insertions":1,"deletions":1}}}]}],"weiseng18":[{"date":"2024-09-28","commitResults":[{"hash":"1e913444626439f20138e80d77f8b402c2125c47","isMergeCommit":false,"messageTitle":"Add Wei Seng\u0027s section in AboutUs.md","messageBody":"","fileTypesAndContributionMap":{"docs":{"insertions":6,"deletions":45}}},{"hash":"e16b834b9596fbe45b5723c8a5fe1516952f2e8f","isMergeCommit":false,"messageTitle":"Add portfolio section for Wei Seng","messageBody":"","fileTypesAndContributionMap":{"docs":{"insertions":13,"deletions":0}}},{"hash":"5823abfc096f764f266ac463fdc299c8f9a4f34e","isMergeCommit":true,"messageTitle":"Merge branch \u0027master\u0027 into update-about-us","messageBody":"","fileTypesAndContributionMap":{}},{"hash":"014290dae6607c29abf15c61adc5bfbab05ef4ee","isMergeCommit":true,"messageTitle":"Merge pull request #22 from lithops-zty/update-about-us","messageBody":"Update Tianyi\u0027s Section in AboutUs.md","fileTypesAndContributionMap":{}},{"hash":"1e9a7901c00985dfaa29a1f382b32072d5210327","isMergeCommit":true,"messageTitle":"Merge branch \u0027master\u0027 into update-about-us","messageBody":"","fileTypesAndContributionMap":{}},{"hash":"a921c0467c4ff99b8be09fedc5bcddcc7bb7efb1","isMergeCommit":true,"messageTitle":"Merge pull request #25 from weiseng18/update-about-us","messageBody":"Update Wei Seng\u0027s Section in AboutUs.md","fileTypesAndContributionMap":{}},{"hash":"363ebe9b0ddaaeec7efd68bfc58306c27912ccac","isMergeCommit":true,"messageTitle":"Merge branch \u0027master\u0027 into update-about-us","messageBody":"","fileTypesAndContributionMap":{}},{"hash":"7dd3b47138e360203c5c67b341fce1f30132b3a8","isMergeCommit":true,"messageTitle":"Merge pull request #30 from MAOXIONGKAI/update-about-us","messageBody":"Update Xiongkai\u0027s Section in AboutUs.md ","fileTypesAndContributionMap":{}},{"hash":"c1fa4b81408bbf50a31aee066d29fbd1047a3dc7","isMergeCommit":true,"messageTitle":"Merge branch \u0027master\u0027 into update-about-us","messageBody":"","fileTypesAndContributionMap":{}},{"hash":"1da5912b32ddfc71dcdc2cb6319d51a1a19a0be6","isMergeCommit":true,"messageTitle":"Merge pull request #31 from Elinengu/update-about-us","messageBody":"Update Eline\u0027s Section in AboutUs.md","fileTypesAndContributionMap":{}}]},{"date":"2024-09-29","commitResults":[{"hash":"3feb868539bda90402a5ddeca67433b44e3353c4","isMergeCommit":false,"messageTitle":"Update README","messageBody":"","fileTypesAndContributionMap":{"docs":{"insertions":8,"deletions":10}}},{"hash":"fa2f48df742e4b0ebf793218c724ed2d12771b1e","isMergeCommit":false,"messageTitle":"Add link to documentation","messageBody":"","fileTypesAndContributionMap":{"docs":{"insertions":2,"deletions":0}}},{"hash":"e112965a58a0e27183089411f75412cc81a45d7d","isMergeCommit":false,"messageTitle":"Update docs index page","messageBody":"","fileTypesAndContributionMap":{"docs":{"insertions":3,"deletions":3}}}]},{"date":"2024-09-30","commitResults":[{"hash":"00ae6f6c6af4866b1d85266efb5b1078470b4b7b","isMergeCommit":false,"messageTitle":"Rename ConnectCS to ContactCS","messageBody":"","fileTypesAndContributionMap":{"docs":{"insertions":1,"deletions":1}}}]},{"date":"2024-10-06","commitResults":[{"hash":"4eaefd858f0807f7b029b28dc31ced16c0875244","isMergeCommit":true,"messageTitle":"Merge pull request #65 from MAOXIONGKAI/add-role-enum","messageBody":"Create RoleType enum","fileTypesAndContributionMap":{}},{"hash":"4cdda0c9fffe1e37ca2d3176e71dd33365c33d8d","isMergeCommit":false,"messageTitle":"Set codecov CI requirement to be raw threshold","messageBody":"","fileTypesAndContributionMap":{"other":{"insertions":6,"deletions":0}}}]},{"date":"2024-10-07","commitResults":[{"hash":"43cf5e2c08cc76115c394bb9a66dd6369ef6f0cd","isMergeCommit":false,"messageTitle":"Remove Codecov patch requirement","messageBody":"","fileTypesAndContributionMap":{"other":{"insertions":1,"deletions":0}}},{"hash":"678897149398b11ba268b73d5eca40927cfe0f1d","isMergeCommit":false,"messageTitle":"Add ModuleCode class","messageBody":"","fileTypesAndContributionMap":{"functional-code":{"insertions":49,"deletions":0}}},{"hash":"c3f503b292d72221639282f3642b028163ccb2bc","isMergeCommit":false,"messageTitle":"Add test for ModuleCode","messageBody":"","fileTypesAndContributionMap":{"test-code":{"insertions":35,"deletions":0}}},{"hash":"bed8797acd14f2ddf1d918f35f272ccd8a92950e","isMergeCommit":false,"messageTitle":"Update comment","messageBody":"","fileTypesAndContributionMap":{"functional-code":{"insertions":1,"deletions":1}}}]},{"date":"2024-10-08","commitResults":[{"hash":"722c101eb1691c75c8243b4a901c73c3f36743ae","isMergeCommit":true,"messageTitle":"Merge pull request #75 from huangjiaxi1111/delete-multiple-indices","messageBody":"Modify delete command to delete multiple people","fileTypesAndContributionMap":{}},{"hash":"a80469c31df2e29e0491a2f8389e5fff13db63c7","isMergeCommit":true,"messageTitle":"Merge pull request #78 from huangjiaxi1111/change-duplicate-handling","messageBody":"Change duplicate handling","fileTypesAndContributionMap":{}}]},{"date":"2024-10-09","commitResults":[{"hash":"7abd16a4117145e3ac813688da7694218f59a495","isMergeCommit":true,"messageTitle":"Merge pull request #71 from Elinengu/make-address-optional","messageBody":"Change Address to Optional\u003cAddress\u003e in Person Class","fileTypesAndContributionMap":{}}]},{"date":"2024-10-16","commitResults":[{"hash":"f060727beaf9f1b55b99488db2aa5815ef8ef653","isMergeCommit":true,"messageTitle":"Merge pull request #98 from huangjiaxi1111/update-duplicate-handling-in-ug","messageBody":"Update duplicate handling instruction in UserGuide.md","fileTypesAndContributionMap":{}},{"hash":"0591cc5200378f63046dc4600712fb1f2df4de13","isMergeCommit":true,"messageTitle":"Merge pull request #96 from lithops-zty/update-find-ug","messageBody":"Update find command in UG about allowing spaces","fileTypesAndContributionMap":{}},{"hash":"eee2cb182b5050c9f67584ddb951bd903a2528c8","isMergeCommit":false,"messageTitle":"Change add command display message to only show Tags: if there are \u003e 0 tags","messageBody":"","fileTypesAndContributionMap":{"functional-code":{"insertions":9,"deletions":2}}},{"hash":"d6ed74a36460ccbf79f453af8e5a35ea4f2d00eb","isMergeCommit":false,"messageTitle":"Add comment","messageBody":"","fileTypesAndContributionMap":{"functional-code":{"insertions":2,"deletions":0}}}]},{"date":"2024-10-17","commitResults":[{"hash":"cee425e1bdeda677c04e1787fd7410dffd3323aa","isMergeCommit":true,"messageTitle":"Merge pull request #105 from Elinengu/add-modulerolemap-attribute-in-person","messageBody":"Add module role map attribute in person","fileTypesAndContributionMap":{}},{"hash":"75da4dad658594715e98b137f38c5740ed489c64","isMergeCommit":false,"messageTitle":"Add r/ prefix for module-role parameter","messageBody":"","fileTypesAndContributionMap":{"functional-code":{"insertions":1,"deletions":0}}},{"hash":"43ebc831c83d86ea0c286b15960effafc4a11293","isMergeCommit":false,"messageTitle":"Reorder statements","messageBody":"","fileTypesAndContributionMap":{"functional-code":{"insertions":2,"deletions":2}}},{"hash":"d9c6c2ba85b1603d70f79f1b071c7be58f0ece92","isMergeCommit":false,"messageTitle":"Add ModuleRolePair class","messageBody":"","fileTypesAndContributionMap":{"functional-code":{"insertions":54,"deletions":0}}},{"hash":"e614f5e51c86950478453ef38f24c5f6dd83ef00","isMergeCommit":false,"messageTitle":"Add parsing functions for module-role pairs","messageBody":"","fileTypesAndContributionMap":{"functional-code":{"insertions":44,"deletions":0}}},{"hash":"4be85a28c66404fdb572451d29c829d27ab68c10","isMergeCommit":false,"messageTitle":"Add module prefix requirement to AddCommand","messageBody":"","fileTypesAndContributionMap":{"functional-code":{"insertions":7,"deletions":3}}},{"hash":"d620dec78b123e64f6c8070a9fca4866162df02b","isMergeCommit":false,"messageTitle":"Update CommandResult of AddCommand to show modules","messageBody":"","fileTypesAndContributionMap":{"functional-code":{"insertions":15,"deletions":0}}},{"hash":"e643f52800b9667ff64c35a095a7b35ceff16d51","isMergeCommit":false,"messageTitle":"Display module role pairs in GUI","messageBody":"","fileTypesAndContributionMap":{"functional-code":{"insertions":21,"deletions":0}}},{"hash":"3fcb7d0f44c820612928818981c5841ccf009c6f","isMergeCommit":false,"messageTitle":"Add comment","messageBody":"","fileTypesAndContributionMap":{"functional-code":{"insertions":2,"deletions":0}}},{"hash":"a4f36b8776849a113978dbce00b1362bde1fccdf","isMergeCommit":false,"messageTitle":"Update message usage for AddCommand","messageBody":"","fileTypesAndContributionMap":{"functional-code":{"insertions":3,"deletions":0}}},{"hash":"8e8b5ecf9be8ed9532411169ea4f527d1c6d13f2","isMergeCommit":false,"messageTitle":"Sort module role pairs by module code in GUI","messageBody":"","fileTypesAndContributionMap":{"functional-code":{"insertions":1,"deletions":0}}},{"hash":"55f7ad8900e82a78931fb38a943bf91d72568bc7","isMergeCommit":false,"messageTitle":"Rename modules -\u003e roles","messageBody":"","fileTypesAndContributionMap":{"functional-code":{"insertions":6,"deletions":6}}},{"hash":"ae7d3bf3e9da0e37d53ae1ee8948065434c89d46","isMergeCommit":false,"messageTitle":"Modify parseModuleRolePair to allow r/CS1101S","messageBody":"","fileTypesAndContributionMap":{"functional-code":{"insertions":19,"deletions":6}}},{"hash":"216fa48aa58789a27a67374d7d5eef80a663a9a1","isMergeCommit":false,"messageTitle":"Throw exception for module code parse issues","messageBody":"","fileTypesAndContributionMap":{"functional-code":{"insertions":8,"deletions":0}}},{"hash":"b9d8105427a95c9154eeff86eb9496aa48e67740","isMergeCommit":false,"messageTitle":"test: Fix AddressBookParserTest","messageBody":"","fileTypesAndContributionMap":{"test-code":{"insertions":19,"deletions":1}}},{"hash":"ea265f429cc3796c6337025eb73a7604ab361d7c","isMergeCommit":false,"messageTitle":"test: Fix AddCommandParserTest","messageBody":"","fileTypesAndContributionMap":{"test-code":{"insertions":26,"deletions":18}}},{"hash":"bf04e75428eea0b5e5b18cade2fd8c4015d33210","isMergeCommit":false,"messageTitle":"Fix style","messageBody":"","fileTypesAndContributionMap":{"functional-code":{"insertions":5,"deletions":4},"test-code":{"insertions":4,"deletions":4}}},{"hash":"4b63767953035c05728f665b6cecdfe88d4da0ad","isMergeCommit":false,"messageTitle":"test: Fix LogicManagerTest","messageBody":"","fileTypesAndContributionMap":{"test-code":{"insertions":3,"deletions":2}}},{"hash":"c974809377db07e62bce7eb5cde2b18384164b43","isMergeCommit":false,"messageTitle":"Remove extra line","messageBody":"","fileTypesAndContributionMap":{"test-code":{"insertions":0,"deletions":1}}},{"hash":"5d7c63d8baa81ef96708196ad71a3320f4eecf6c","isMergeCommit":false,"messageTitle":"test: Update parse_compulsoryFieldMissing_failure","messageBody":"","fileTypesAndContributionMap":{"test-code":{"insertions":4,"deletions":4}}},{"hash":"6838dd97ba0c7d83d5f47d88c5da0ce9ad07a8c6","isMergeCommit":false,"messageTitle":"test: Add tests for new module-role parameter","messageBody":"","fileTypesAndContributionMap":{"test-code":{"insertions":22,"deletions":2}}},{"hash":"db05344bf42806329063923a82aea7ea57f15a68","isMergeCommit":false,"messageTitle":"test: Add newline","messageBody":"","fileTypesAndContributionMap":{"test-code":{"insertions":1,"deletions":0}}},{"hash":"a1e16eb2ee55a755e4670696f73fe21ea86724c1","isMergeCommit":false,"messageTitle":"test: Add tests for module role parsing","messageBody":"","fileTypesAndContributionMap":{"functional-code":{"insertions":1,"deletions":1},"test-code":{"insertions":44,"deletions":0}}},{"hash":"a618c0a9260efb540a101afeb71bea3dac5bea17","isMergeCommit":false,"messageTitle":"test: Add tests for ModuleRolePair","messageBody":"","fileTypesAndContributionMap":{"test-code":{"insertions":46,"deletions":0}}},{"hash":"9d02a49423b95d0fd84ebbfe495c7355330278c1","isMergeCommit":false,"messageTitle":"Copy previous module role map for edit","messageBody":"","fileTypesAndContributionMap":{"functional-code":{"insertions":4,"deletions":1}}},{"hash":"335a5216c342370076c97a12b95e92d05c572874","isMergeCommit":false,"messageTitle":"Modify default constructor in PersonBuilder to add CS1101S-student to Person","messageBody":"","fileTypesAndContributionMap":{"test-code":{"insertions":4,"deletions":1}}},{"hash":"642582280c89def91e28e1443dc121a790a2d724","isMergeCommit":false,"messageTitle":"test: Fix tests","messageBody":"","fileTypesAndContributionMap":{"test-code":{"insertions":2,"deletions":2}}},{"hash":"51df15a45e6df799cdc4c59471ce8e558eb3c35d","isMergeCommit":false,"messageTitle":"Remove withDefaultModuleMap since default PersonBuilder comes with default module map","messageBody":"","fileTypesAndContributionMap":{"test-code":{"insertions":6,"deletions":20}}},{"hash":"bbf8968ed071040e672b2d433f5fe61ff65d5317","isMergeCommit":false,"messageTitle":"refactor: Use default toString() of ModuleRolePair","messageBody":"","fileTypesAndContributionMap":{"test-code":{"insertions":1,"deletions":1}}},{"hash":"b98723d2ac608a0c6e74ee9a9976f29e69e930ed","isMergeCommit":true,"messageTitle":"Merge branch \u0027master\u0027 into update-add-command","messageBody":"","fileTypesAndContributionMap":{}},{"hash":"3b36d93ee3726d9cfdacb2008861def65f27795b","isMergeCommit":false,"messageTitle":"Fix style","messageBody":"","fileTypesAndContributionMap":{"functional-code":{"insertions":2,"deletions":1},"test-code":{"insertions":22,"deletions":18}}},{"hash":"c14a889601f35a049a68b5fa03ec3ef876baea44","isMergeCommit":true,"messageTitle":"Merge pull request #107 from weiseng18/update-add-command","messageBody":"Modify add command to accept multiple of `r/modulecode[-role]` parameter","fileTypesAndContributionMap":{}},{"hash":"df7ec77ffbdb23d9ecc5efb786203e0b2c0289b1","isMergeCommit":false,"messageTitle":"Disallow duplicate module code in AddCommand","messageBody":"","fileTypesAndContributionMap":{"functional-code":{"insertions":12,"deletions":0}}},{"hash":"bf07eede4e899202ee81c66103ac0bb8f326dfb1","isMergeCommit":false,"messageTitle":"Add tests for ParserUtil.parseModuleRolePairs","messageBody":"","fileTypesAndContributionMap":{"test-code":{"insertions":43,"deletions":0}}},{"hash":"ac846c1af4e16021c3c2f92eeee420b2c7ffd390","isMergeCommit":false,"messageTitle":"Fix style","messageBody":"","fileTypesAndContributionMap":{"functional-code":{"insertions":1,"deletions":1},"test-code":{"insertions":1,"deletions":1}}},{"hash":"3d3435498600fc9bb9315f092eab66b5837aa20e","isMergeCommit":true,"messageTitle":"Merge pull request #111 from lithops-zty/update-UG-multiple-syntax","messageBody":"Update UG repetition syntax","fileTypesAndContributionMap":{}},{"hash":"ef25f68764703ab6d6a9c3b1ac0bc182716602fd","isMergeCommit":true,"messageTitle":"Merge pull request #110 from weiseng18/handle-duplicate-module-codes","messageBody":"Handle duplicate module codes","fileTypesAndContributionMap":{}},{"hash":"6daf21743c28e1bf084ed7107a6e267e9bde64c0","isMergeCommit":false,"messageTitle":"Update AddCommand MESSAGE_USAGE","messageBody":"","fileTypesAndContributionMap":{"functional-code":{"insertions":3,"deletions":3}}},{"hash":"cead210da703bcdcf3ebcca3a563212b651f4fe7","isMergeCommit":false,"messageTitle":"Increase height of result display box to fit 4 lines","messageBody":"","fileTypesAndContributionMap":{"functional-code":{"insertions":1,"deletions":1}}},{"hash":"b578f00229bd74947618918386d0e7bb425b58b6","isMergeCommit":false,"messageTitle":"Update UG for AddCommand","messageBody":"","fileTypesAndContributionMap":{"docs":{"insertions":10,"deletions":5}}},{"hash":"f7b72f0a7ef8a1c9b63f7140f5b088124cf788e4","isMergeCommit":false,"messageTitle":"Update example add command at bottom","messageBody":"","fileTypesAndContributionMap":{"docs":{"insertions":1,"deletions":1}}},{"hash":"75fe04c5d58893df06bd92342a194a7c968b9dca","isMergeCommit":false,"messageTitle":"Remove \u003c200b\u003e zero width spaces","messageBody":"","fileTypesAndContributionMap":{"docs":{"insertions":4,"deletions":4}}},{"hash":"aa53872bd2184fa0ef265a8ae5c26a3b5aee2f8d","isMergeCommit":false,"messageTitle":"Add screenshot for AddCommand","messageBody":"","fileTypesAndContributionMap":{"docs":{"insertions":1,"deletions":0}}},{"hash":"5229d7b8a597b08c265db570884a88fbbb5acca8","isMergeCommit":true,"messageTitle":"Merge pull request #114 from huangjiaxi1111/fix-findcommand-ug","messageBody":"Fix findcommand syntax in UG","tags":["v1.3"],"fileTypesAndContributionMap":{}}]}]},"authorFileTypeContributionMap":{"Elinengu":{"docs":280,"functional-code":176,"test-code":217},"MAOXIONGKAI":{"docs":103,"functional-code":292,"test-code":510},"lithops-zty":{"docs":30,"functional-code":77,"test-code":122},"huangjiaxi1111":{"docs":26,"functional-code":33,"test-code":96},"weiseng18":{"docs":47,"functional-code":244,"test-code":236,"other":7}},"authorContributionVariance":{"Elinengu":13720.36,"MAOXIONGKAI":18815.535,"lithops-zty":2631.1665,"huangjiaxi1111":921.7041,"weiseng18":12088.336},"authorDisplayNameMap":{"Elinengu":"CS2103T-F12-1 ELIN..G EE","MAOXIONGKAI":"CS2103T-F12-1 MAO ..GKAI","lithops-zty":"CS2103T-F12-1 ZHU ..ANYI","huangjiaxi1111":"CS2103T-F12-1 HUAN..IAXI","weiseng18":"CS2103T-F12-1 TAN ..SENG"}}
