{"authorDailyContributionsMap":{"FlyingDonkeys":[{"date":"2024-09-24","commitResults":[{"hash":"15b2463aeee4ad0b51a542b36ed1df5615282e59","isMergeCommit":false,"messageTitle":"add info","messageBody":"","fileTypesAndContributionMap":{"docs":{"insertions":1,"deletions":0}}},{"hash":"7a0449a08695b951cd84d11e3875b4493668b3d5","isMergeCommit":true,"messageTitle":"Merge pull request #3 from FlyingDonkeys/add-boon_hsuan-info","messageBody":"Add boon hsuan info","fileTypesAndContributionMap":{}},{"hash":"1f1b23fbd77ffc1ab7bfe36bc0dd8a58cdb00cec","isMergeCommit":false,"messageTitle":"Update aboutus.md","messageBody":"","fileTypesAndContributionMap":{"docs":{"insertions":6,"deletions":5}}}]},{"date":"2024-09-25","commitResults":[{"hash":"9d0760150450b23c8bb253917adf9740addc2de4","isMergeCommit":false,"messageTitle":"Update boonhsuan.md","messageBody":"","fileTypesAndContributionMap":{"docs":{"insertions":1,"deletions":1}}}]},{"date":"2024-09-29","commitResults":[{"hash":"ed726e24fd2aecb47c41c5a2092cc68f0d8fa473","isMergeCommit":false,"messageTitle":"Force merge conflict","messageBody":"","fileTypesAndContributionMap":{"docs":{"insertions":1,"deletions":1}}},{"hash":"56688003cf62cd9be54837d1feac9e8bea8d602d","isMergeCommit":true,"messageTitle":"Merge pull request #15 from Zeepheru/about-us","messageBody":"Force merge conflict","fileTypesAndContributionMap":{}},{"hash":"6efeeb93fc0175a5b5448ca99d7f45b1595fb091","isMergeCommit":true,"messageTitle":"Fix merge conflict","messageBody":"","fileTypesAndContributionMap":{}}]},{"date":"2024-10-01","commitResults":[{"hash":"ab4f2e52ab55a32402b3606e43c7dd222e17a351","isMergeCommit":false,"messageTitle":"Add use cases 13-24 into dev guide","messageBody":"","fileTypesAndContributionMap":{"docs":{"insertions":239,"deletions":14}}},{"hash":"3154fd20caa2cd1c3744254e986409f9a9068523","isMergeCommit":true,"messageTitle":"Fix merge conflict in DeveloperGuide.mb","messageBody":"","fileTypesAndContributionMap":{}},{"hash":"843c43218053bbcee7932ffb1da045877667f20b","isMergeCommit":false,"messageTitle":"Fix merge conflict in DeveloperGuide.mb","messageBody":"","fileTypesAndContributionMap":{"docs":{"insertions":3,"deletions":3}}},{"hash":"483236707778d0eb6b82f7118000bb88baf5c920","isMergeCommit":true,"messageTitle":"Merge pull request #20 from Zeepheru/add-documentation","messageBody":"Add User Stories (and other info) to Developer Guide","fileTypesAndContributionMap":{}}]},{"date":"2024-10-04","commitResults":[{"hash":"49b0f99f36b46a152f8a9e91d4206e5a1351ab09","isMergeCommit":true,"messageTitle":"Merge pull request #32 from Zeepheru/rename-packages","messageBody":"Refactor main package from `seedu.address` to `tahub.contacts`","fileTypesAndContributionMap":{}}]},{"date":"2024-10-14","commitResults":[{"hash":"17720f65d83e72554f0591a99a39a2cc0bfcf08b","isMergeCommit":false,"messageTitle":"pull","messageBody":"","fileTypesAndContributionMap":{"docs":{"insertions":16,"deletions":16}}},{"hash":"6324b0f89fa803482800deb5c900774d255cdb4e","isMergeCommit":true,"messageTitle":"pull","messageBody":"","fileTypesAndContributionMap":{}},{"hash":"0f7379b31e7e146e51f27edea2bddc77ebd4712e","isMergeCommit":false,"messageTitle":"Add Comment class","messageBody":"","fileTypesAndContributionMap":{"functional-code":{"insertions":2,"deletions":0}}},{"hash":"6b360035b03d8f7f779e7750d2cdc69302dc861e","isMergeCommit":false,"messageTitle":"Add testcases for Comment class","messageBody":"","fileTypesAndContributionMap":{"test-code":{"insertions":63,"deletions":0}}},{"hash":"863976008d410543d42af43d6fb66b742780c564","isMergeCommit":false,"messageTitle":"Add newline at EOF for comment test","messageBody":"","fileTypesAndContributionMap":{"test-code":{"insertions":17,"deletions":24}}},{"hash":"b050258bce3c112f18275b8162b54df755a91255","isMergeCommit":false,"messageTitle":"Fix checkstyle issues","messageBody":"","fileTypesAndContributionMap":{"functional-code":{"insertions":87,"deletions":1},"test-code":{"insertions":39,"deletions":19}}}]},{"date":"2024-10-17","commitResults":[{"hash":"0351bdd3c69e0faa2b4bfc3598497425d00676e8","isMergeCommit":false,"messageTitle":"Add Recitation, Tutorial, StudentCourseAssociation and abstract CourseClass with unit tests","messageBody":"","fileTypesAndContributionMap":{"functional-code":{"insertions":262,"deletions":0},"test-code":{"insertions":315,"deletions":0}}},{"hash":"efc5310b451a2d136e41b2f4f6f8d50f77f2f695","isMergeCommit":false,"messageTitle":"Fix checks","messageBody":"","fileTypesAndContributionMap":{"test-code":{"insertions":1,"deletions":21}}},{"hash":"722a6071a5073cfdef5eeb8de1eacbbaa497c66a","isMergeCommit":false,"messageTitle":"Fix checks","messageBody":"","fileTypesAndContributionMap":{"test-code":{"insertions":12,"deletions":12}}},{"hash":"6df3516f5e4a97e31b47514dd7dab8b79e788640","isMergeCommit":false,"messageTitle":"Fix checks","messageBody":"","fileTypesAndContributionMap":{"test-code":{"insertions":0,"deletions":2}}},{"hash":"f440a8e660dd0683e8845097dfc8b387431f1492","isMergeCommit":true,"messageTitle":"Merge branch \u0027master\u0027 into addModels","messageBody":"","fileTypesAndContributionMap":{}},{"hash":"23229d0e903a995d5f24c80f0ead60f3a7d0f1ce","isMergeCommit":false,"messageTitle":"Merge chongyi stuff","messageBody":"","fileTypesAndContributionMap":{"test-code":{"insertions":1,"deletions":1}}},{"hash":"781138a8e71fd0863eb4ecd925a508c2de570bed","isMergeCommit":false,"messageTitle":"Fix checks issue","messageBody":"","fileTypesAndContributionMap":{"test-code":{"insertions":0,"deletions":2}}},{"hash":"6f9ff77388c4189d7666d9963b0df5b3d90ab648","isMergeCommit":false,"messageTitle":"Fix ALL","messageBody":"","fileTypesAndContributionMap":{"functional-code":{"insertions":40,"deletions":22},"test-code":{"insertions":145,"deletions":144}}}]},{"date":"2024-10-18","commitResults":[{"hash":"b41194145db2c6b0894399345ef7bfb5c9c6da89","isMergeCommit":false,"messageTitle":"Add Storage component for Tutorial and Recitation","messageBody":"","fileTypesAndContributionMap":{"functional-code":{"insertions":142,"deletions":3},"test-code":{"insertions":80,"deletions":5}}},{"hash":"e7ae796fbfcbc5417a52a903f420033fce7b57d1","isMergeCommit":false,"messageTitle":"Fix checkstyle","messageBody":"","fileTypesAndContributionMap":{"functional-code":{"insertions":3,"deletions":3},"test-code":{"insertions":17,"deletions":11}}}]},{"date":"2024-10-20","commitResults":[{"hash":"3cd6e09d27b97a96c1c2349c1d214e1d556571c1","isMergeCommit":false,"messageTitle":"Finish removing recitations","messageBody":"","fileTypesAndContributionMap":{"functional-code":{"insertions":5,"deletions":190},"other":{"insertions":4,"deletions":5},"test-code":{"insertions":14,"deletions":157}}},{"hash":"b272f2cac5b9a42166318ad37da240b37a56b55a","isMergeCommit":true,"messageTitle":"Merge branch \u0027master\u0027 into master","messageBody":"","fileTypesAndContributionMap":{}},{"hash":"7f203c1af2133744ad61fca0d2f4e8a1af5e7984","isMergeCommit":false,"messageTitle":"Fix checkstyle","messageBody":"","fileTypesAndContributionMap":{"functional-code":{"insertions":3,"deletions":3},"test-code":{"insertions":2,"deletions":3}}},{"hash":"f1e2d81b0d7d747b567392f5655aa89ef62202af","isMergeCommit":true,"messageTitle":"Merge pull request #68 from FlyingDonkeys/master","messageBody":"Fix checkstyle","fileTypesAndContributionMap":{}},{"hash":"e3557242a126f402a05704c721c1a5da8d1c0895","isMergeCommit":true,"messageTitle":"Fix merge conflict","messageBody":"","fileTypesAndContributionMap":{}}]},{"date":"2024-10-21","commitResults":[{"hash":"81fa3862fe4f04eb922bd58d167e05fb1c389189","isMergeCommit":false,"messageTitle":"Add JSONAdaptedSCA class and made improvements","messageBody":"","fileTypesAndContributionMap":{"functional-code":{"insertions":152,"deletions":9}}},{"hash":"740a25431dbaef7cec6bc55f0d025c395a0ec411","isMergeCommit":false,"messageTitle":"Add modify tests and bugfix","messageBody":"","fileTypesAndContributionMap":{"functional-code":{"insertions":8,"deletions":0},"test-code":{"insertions":11,"deletions":12}}},{"hash":"6df01e5bec3aadf4d9a88158d5dc99806ce9421f","isMergeCommit":false,"messageTitle":"Fix checkstyle","messageBody":"","fileTypesAndContributionMap":{"functional-code":{"insertions":3,"deletions":4}}},{"hash":"44538a2046eec9b521f776644797eb15a50849e9","isMergeCommit":false,"messageTitle":"Remove unnecessary checks","messageBody":"","fileTypesAndContributionMap":{"functional-code":{"insertions":9,"deletions":45},"test-code":{"insertions":19,"deletions":0}}},{"hash":"bf083f76b73455a9790a9b14fb67cadffde16943","isMergeCommit":false,"messageTitle":"Add JsonAdaptedSCA and its test class","messageBody":"","fileTypesAndContributionMap":{"functional-code":{"insertions":0,"deletions":2},"test-code":{"insertions":130,"deletions":0}}},{"hash":"94cbe9074fff16898cf50475f7e3180ec35af5cb","isMergeCommit":false,"messageTitle":"Add some tests","messageBody":"","fileTypesAndContributionMap":{"test-code":{"insertions":23,"deletions":0}}}]},{"date":"2024-10-22","commitResults":[{"hash":"7fd290d51977a54afd71031e6793e14a6bdf3440","isMergeCommit":true,"messageTitle":"Merge pull request #41 from Zeepheru/add-attendance-feature","messageBody":"Improvements to Attendance Model","fileTypesAndContributionMap":{}},{"hash":"0f959637792a2ac6db3a5d570e673a16742dddbf","isMergeCommit":false,"messageTitle":"First push","messageBody":"","fileTypesAndContributionMap":{"functional-code":{"insertions":2,"deletions":2}}},{"hash":"8deba3247bd1f120ff310ac906f90329d0b12b06","isMergeCommit":false,"messageTitle":"Add Attendance into SCA and SCA tests","messageBody":"","fileTypesAndContributionMap":{"functional-code":{"insertions":23,"deletions":3},"test-code":{"insertions":96,"deletions":17}}},{"hash":"a844865f8e1cf73aca22023bdc9856361b70eee6","isMergeCommit":false,"messageTitle":"Fix checkstyle","messageBody":"","fileTypesAndContributionMap":{"test-code":{"insertions":7,"deletions":7}}},{"hash":"ae98e677f08652772df76455beecbb012a255f92","isMergeCommit":true,"messageTitle":"Merge pull request #82 from FlyingDonkeys/add_sca_storage","messageBody":"Add sca storage","fileTypesAndContributionMap":{}},{"hash":"2b3322dd34010e7f1c426ca50d6be40c02bb559b","isMergeCommit":true,"messageTitle":"Merge branch \u0027add_attendance_to_sca\u0027","messageBody":"","fileTypesAndContributionMap":{}},{"hash":"ffa0923de2f227024309469b36dd84c91f380f46","isMergeCommit":false,"messageTitle":"Add adapted attendance to adapted sca class and update testcases","messageBody":"","fileTypesAndContributionMap":{"functional-code":{"insertions":31,"deletions":11},"test-code":{"insertions":40,"deletions":11}}}]},{"date":"2024-10-23","commitResults":[{"hash":"80a2b9da9cb8ce4e272a067534623ac3f13d4055","isMergeCommit":true,"messageTitle":"Merge branch \u0027master\u0027 into add_attendance_to_scastorage","messageBody":"","fileTypesAndContributionMap":{}},{"hash":"435bbfda8a8469a1d80d20f9a68ff86de359d0a9","isMergeCommit":false,"messageTitle":"Need fix testcases for SCA with grading system","messageBody":"","fileTypesAndContributionMap":{"functional-code":{"insertions":5,"deletions":9}}},{"hash":"ecb92ba5521a85fe755f873d2dd56acefc72d3b8","isMergeCommit":true,"messageTitle":"Merge branch \u0027master\u0027 of https://github.com/FlyingDonkeys/tp","messageBody":"","fileTypesAndContributionMap":{}}]},{"date":"2024-10-24","commitResults":[{"hash":"0086329e7e5d63bf5773e550bcbda02a5b5c0418","isMergeCommit":false,"messageTitle":"Remove usage of GradingSystem in JsonAdaptedSCA","messageBody":"","fileTypesAndContributionMap":{"functional-code":{"insertions":4,"deletions":12},"test-code":{"insertions":3,"deletions":1}}},{"hash":"7938d0a9f99a22f7727d07d396a84cb7ccb91c4f","isMergeCommit":true,"messageTitle":"Merge branch \u0027add_attendance_to_sca\u0027","messageBody":"","fileTypesAndContributionMap":{}},{"hash":"41fb13b87d02fb09c1e3aa8d2c5a56c44fe499a5","isMergeCommit":true,"messageTitle":"Merge branch \u0027master\u0027 of https://github.com/FlyingDonkeys/tp","messageBody":"","fileTypesAndContributionMap":{}},{"hash":"e41a1182d2db9758babe1d94562e2d425294b7f8","isMergeCommit":true,"messageTitle":"Merge branch \u0027master\u0027 into add_attendance_to_sca","messageBody":"","fileTypesAndContributionMap":{}},{"hash":"d21e31cb6f975717945e57de667b44fc5f8d297a","isMergeCommit":true,"messageTitle":"Merge pull request #99 from FlyingDonkeys/add_attendance_to_sca","messageBody":"Remove usage of GradingSystem in JsonAdaptedSCA","fileTypesAndContributionMap":{}},{"hash":"cc5f39f1476177ad53bccb2abaf0593a2c7e0271","isMergeCommit":true,"messageTitle":"Merge branch \u0027AY2425S1-CS2103T-F14B-2:master\u0027 into master","messageBody":"","fileTypesAndContributionMap":{}},{"hash":"c7377d0629333b328246ee7525aa487878478ee2","isMergeCommit":false,"messageTitle":"Constructor for json adapted sca fixes","messageBody":"","fileTypesAndContributionMap":{"test-code":{"insertions":10,"deletions":11}}}]}],"accountexeregister":[{"date":"2024-09-28","commitResults":[{"hash":"bd07b0a39c34bf50b7bb883978de26489a65a20b","isMergeCommit":false,"messageTitle":"Add Chong Yi About details in AboutUs","messageBody":"","fileTypesAndContributionMap":{"docs":{"insertions":5,"deletions":4}}},{"hash":"e7007ed490692cad5b8f3dbdf9242b418b45feaf","isMergeCommit":false,"messageTitle":"Add newline in chongyi.md","messageBody":"","fileTypesAndContributionMap":{"docs":{"insertions":1,"deletions":1}}}]},{"date":"2024-09-29","commitResults":[{"hash":"98ab496e53c1bde3038c30cfbf210a1933aae80d","isMergeCommit":true,"messageTitle":"Merge pull request #9 from Zeepheru/about-us","messageBody":"Add Zee info to AboutUs","fileTypesAndContributionMap":{}}]},{"date":"2024-09-30","commitResults":[{"hash":"dac503de717e338f6ea01634a871eaf23cd8185d","isMergeCommit":true,"messageTitle":"Merge pull request #17 from Zeepheru/about-us","messageBody":"Add documentation (README.md)","fileTypesAndContributionMap":{}},{"hash":"19d861fd607774f7d572638f30f30cf820d82cb0","isMergeCommit":false,"messageTitle":"Add use cases 1-12 in DG","messageBody":"","fileTypesAndContributionMap":{"docs":{"insertions":250,"deletions":11}}}]},{"date":"2024-10-01","commitResults":[{"hash":"bf87ed204eee2b106401db737400555688593641","isMergeCommit":true,"messageTitle":"Merge pull request #23 from miloaisdino/master","messageBody":"Add Maximus photo","fileTypesAndContributionMap":{}}]},{"date":"2024-10-10","commitResults":[{"hash":"c6395121384e31ba7ff8d7bacd82f1976c8a02cf","isMergeCommit":false,"messageTitle":"Add Communication Method enum","messageBody":"","fileTypesAndContributionMap":{"functional-code":{"insertions":6,"deletions":0}}},{"hash":"8cae92b440207dd0f23388b36091e409275d23e0","isMergeCommit":false,"messageTitle":"Add missing docs for CommunicationMethod enum","messageBody":"","fileTypesAndContributionMap":{"functional-code":{"insertions":3,"deletions":0}}},{"hash":"e0e93befa159a5323dca33e7bc36313da05550fd","isMergeCommit":false,"messageTitle":"Add CommunicationMethod unit tests, fix EMAIL value","messageBody":"","fileTypesAndContributionMap":{"functional-code":{"insertions":1,"deletions":1},"test-code":{"insertions":22,"deletions":0}}},{"hash":"2b751cc77fbfcfe73d176863bcb741546448a782","isMergeCommit":false,"messageTitle":"Fix import order in CommunicationMethodTest","messageBody":"","fileTypesAndContributionMap":{"test-code":{"insertions":2,"deletions":1}}},{"hash":"c280a19f7c6ac4dc0c1ceab6d40626499731b5df","isMergeCommit":true,"messageTitle":"Merge pull request #37 from miloaisdino/add-course-support","messageBody":"Add more unit tests for Course class","fileTypesAndContributionMap":{}},{"hash":"fc492458764d025953619209790621ea1e8a621a","isMergeCommit":true,"messageTitle":"Merge pull request #40 from Zeepheru/add-attendance-feature","messageBody":"feat: add Attendance model","fileTypesAndContributionMap":{}}]},{"date":"2024-10-17","commitResults":[{"hash":"a7fcb572d86391ddfc96a2373547877d10870561","isMergeCommit":false,"messageTitle":"Add MatriculationNumber model, integrate to Person","messageBody":"","fileTypesAndContributionMap":{"functional-code":{"insertions":68,"deletions":5}}},{"hash":"c9531e38aea644ed0dd82e63e403f0370bdfbcf3","isMergeCommit":false,"messageTitle":"Modify Course to have course code, modify Course tests to include Course changes","messageBody":"","fileTypesAndContributionMap":{"functional-code":{"insertions":22,"deletions":8},"test-code":{"insertions":48,"deletions":9}}},{"hash":"66583cdd8a83ab118962ec5a239e9fa0b7f6f446","isMergeCommit":false,"messageTitle":"Override Course equals to include course code comparison","messageBody":"","fileTypesAndContributionMap":{"functional-code":{"insertions":2,"deletions":4},"test-code":{"insertions":1,"deletions":2}}},{"hash":"c8cf63992ba9c98ef019bf26344484d46312297e","isMergeCommit":false,"messageTitle":"Fix CI/CD build fail","messageBody":"","fileTypesAndContributionMap":{"functional-code":{"insertions":2,"deletions":2},"test-code":{"insertions":4,"deletions":4}}},{"hash":"3d4291359ec78d8b1ba90c997edc8c455515b5c3","isMergeCommit":false,"messageTitle":"refactor codebase to include student and course model changes","messageBody":"","fileTypesAndContributionMap":{"functional-code":{"insertions":66,"deletions":29},"test-code":{"insertions":155,"deletions":72}}},{"hash":"8e2b7dcc21cbc3779ff5f83bd114197015066ebf","isMergeCommit":false,"messageTitle":"Remove trailing white space","messageBody":"","fileTypesAndContributionMap":{"functional-code":{"insertions":6,"deletions":13},"test-code":{"insertions":6,"deletions":8}}},{"hash":"ea9a1d6dd62a6401a50349ba4cb30d45192e730b","isMergeCommit":false,"messageTitle":"add documentation for MatriculationNumber, fix checkstyle issues","messageBody":"","fileTypesAndContributionMap":{"functional-code":{"insertions":49,"deletions":31}}},{"hash":"afa989812541b87c9be097301ff0349b832139dd","isMergeCommit":false,"messageTitle":"Fix parsing, update parser tests","messageBody":"","fileTypesAndContributionMap":{"test-code":{"insertions":62,"deletions":28}}},{"hash":"7275fd07161bbeacbca64c52ed06b88d02284dd5","isMergeCommit":true,"messageTitle":"Merge pull request #50 from accountexeregister/refactor/models","messageBody":"Refactor models (Student, Course)","fileTypesAndContributionMap":{}},{"hash":"a1f89b179ca070a409ba48190a01ddcff660b1ec","isMergeCommit":true,"messageTitle":"Merge pull request #51 from FlyingDonkeys/addModels","messageBody":"Add new classes and testcases","fileTypesAndContributionMap":{}}]},{"date":"2024-10-18","commitResults":[{"hash":"1859fc6f8d6fedbf9a572ed3b87b00872a49acbf","isMergeCommit":false,"messageTitle":"Update isSamePerson method and rewrite tests to accomodate changes","messageBody":"","fileTypesAndContributionMap":{"functional-code":{"insertions":2,"deletions":2},"test-code":{"insertions":11,"deletions":31}}},{"hash":"ce34c53242648dd3d4421cce2033b7aa29c43446","isMergeCommit":false,"messageTitle":"Remove duplicate person handling in EditCommand","messageBody":"Currently, the EditCommand handles editing a person to a duplicate one.\nIt operates on the assumption that the name is the primary identifier of\na person, and two people with the same name are duplicates.\nHowever, we have changed the person\u0027s primary identifier to be\nmatriculation number, as it is possible to have different people with\nthe same name, but matriculation number is unique.\nFurthermore, the current implementation of EditCommand never modifies\nthe matriculation number. Therefore, we can guarantee that EditCommand\nwill never turn an existing person into a duplicate person, as\nthe person\u0027s matriculation number will remain the same as when\nthe person was added.\nHence, We can safely remove handling of duplicate person in EditCommand.\n","fileTypesAndContributionMap":{"functional-code":{"insertions":4,"deletions":8},"test-code":{"insertions":2,"deletions":1}}}]},{"date":"2024-10-22","commitResults":[{"hash":"c33bb699c4b7b7c26366a4f3f8df692915330bdb","isMergeCommit":true,"messageTitle":"Merge pull request #63 from accountexeregister/feat/change-isSamePerson","messageBody":"Update isSamePerson method","fileTypesAndContributionMap":{}}]},{"date":"2024-10-23","commitResults":[{"hash":"b28952387ade84355299833cd3e2376593a52c16","isMergeCommit":false,"messageTitle":"Add ExitCourseCommand","messageBody":"","fileTypesAndContributionMap":{"functional-code":{"insertions":196,"deletions":0}}},{"hash":"546ccc2c3fd9dc1cca15b407cac2e3475c3db75d","isMergeCommit":false,"messageTitle":"Add CourseCode and CourseName models","messageBody":"","fileTypesAndContributionMap":{"functional-code":{"insertions":126,"deletions":0}}},{"hash":"8285c844d78147e570b4da8d308961be8cb296bf","isMergeCommit":false,"messageTitle":"Add EditCourseCommandParser","messageBody":"","fileTypesAndContributionMap":{"functional-code":{"insertions":53,"deletions":0}}},{"hash":"62cba240302c4f78e7ce56f18cc32dc54a46dbdd","isMergeCommit":false,"messageTitle":"Modify EditCourseCommandParser parse","messageBody":"","fileTypesAndContributionMap":{"functional-code":{"insertions":56,"deletions":22}}},{"hash":"28f08334c4c0c947f0e58adf33ec04c60d168416","isMergeCommit":false,"messageTitle":"Abstract Course code and Course Name to classes.","messageBody":"Currently, course code and course name in Course are stored as strings,\nwith their formats and validation fields and methods stored in Course. We\nshould create classes for course code and course name, similar to\nName and Email, used to store information for Person. This makes it\neasier to parse commands for Course, as we do not have to manually\nperform validation during parsing Course commands.\n","fileTypesAndContributionMap":{"functional-code":{"insertions":49,"deletions":96},"test-code":{"insertions":115,"deletions":97}}},{"hash":"9d71dc5c459f62a9ae8ede9937bf3643db6154e7","isMergeCommit":false,"messageTitle":"Integrate Model set course in EditCourseCommand to update existing course with edit","messageBody":"","fileTypesAndContributionMap":{"functional-code":{"insertions":9,"deletions":1}}},{"hash":"4de620063706059482d71ff0e9bd3240e6977a82","isMergeCommit":false,"messageTitle":"Change edit course prefix to edit-course, integrate in AddressBookParser","messageBody":"","fileTypesAndContributionMap":{"functional-code":{"insertions":6,"deletions":2}}},{"hash":"7eadbe4bc37f1ff6ec9dbc34e87b7fe11ee0a946","isMergeCommit":false,"messageTitle":"Add DeleteCourseCommand class","messageBody":"","fileTypesAndContributionMap":{"functional-code":{"insertions":72,"deletions":2}}},{"hash":"f3dacc89f849c1e607ec8353ddb8dcd51cfd8241","isMergeCommit":false,"messageTitle":"Add DeleteCourseCommandParser, integrate in AddressBookCommandParser","messageBody":"","fileTypesAndContributionMap":{"functional-code":{"insertions":56,"deletions":4}}},{"hash":"9c4cddd14f7cd4f04c0fa761416f6d17a231ab69","isMergeCommit":false,"messageTitle":"Add CourseCodeTest","messageBody":"","fileTypesAndContributionMap":{"test-code":{"insertions":74,"deletions":0}}},{"hash":"b5b8e2487ebd64365a02017da488c8c239adb669","isMergeCommit":false,"messageTitle":"Add CourseNameTest","messageBody":"","fileTypesAndContributionMap":{"test-code":{"insertions":60,"deletions":0}}},{"hash":"6a963254061101a3487b5dc8ee13d7694455b402","isMergeCommit":false,"messageTitle":"Remove deprecated course code, course name tests","messageBody":"CourseTest currently tests course code and course name validation\nin CourseTest. This is because previously, validation for these fields\nwere in the Course class. However, the validation for the course codes\nand course name has been moved to different classes. Therefore, we can\nnow move the validation tests to their own course code and course name\ntest classes.\n","fileTypesAndContributionMap":{"test-code":{"insertions":1,"deletions":63}}}]},{"date":"2024-10-24","commitResults":[{"hash":"cdecf0ecae676d2abd516d0e950ac6743242c8f5","isMergeCommit":false,"messageTitle":"Add ModelManagerTest setCourse method tests","messageBody":"","fileTypesAndContributionMap":{"test-code":{"insertions":60,"deletions":0}}},{"hash":"eee0093c3103b33f0f37d5f7550a1b52016e16e1","isMergeCommit":false,"messageTitle":"Add EditCourseCommandTest","messageBody":"","fileTypesAndContributionMap":{"test-code":{"insertions":106,"deletions":0}}},{"hash":"e2294ab8ac22190bda3f8e1c34be770b901217a6","isMergeCommit":false,"messageTitle":"Fix DeleteCourseCommand equals, add DeleteCourseCommandTest","messageBody":"","fileTypesAndContributionMap":{"functional-code":{"insertions":1,"deletions":1},"test-code":{"insertions":82,"deletions":0}}},{"hash":"95da0542e8d83a71cb4fb8cc9cba9578e6061202","isMergeCommit":false,"messageTitle":"Add no specified fields test in EditCourseCommandTest","messageBody":"","fileTypesAndContributionMap":{"test-code":{"insertions":17,"deletions":0}}},{"hash":"c6f629770e7a19d7438094733fb4418588cb72f7","isMergeCommit":false,"messageTitle":"Modify Course Command Parsers to throw ParseErrors for parameters, add EditCourseCommandParserTest","messageBody":"","fileTypesAndContributionMap":{"functional-code":{"insertions":20,"deletions":9},"test-code":{"insertions":49,"deletions":0}}},{"hash":"52395faa92f23b567906a6771f3adefd123cf28f","isMergeCommit":false,"messageTitle":"Add DeleteCourseCommandParserTest","messageBody":"","fileTypesAndContributionMap":{"functional-code":{"insertions":14,"deletions":2},"test-code":{"insertions":40,"deletions":0}}},{"hash":"10f56b01d8fc3e6e25d21dc7631927d7f6cae364","isMergeCommit":false,"messageTitle":"Add parse edit, delete course tests in AddressBookParserTest","messageBody":"","fileTypesAndContributionMap":{"test-code":{"insertions":22,"deletions":0}}},{"hash":"21dc6d29390303ca69a81a852c854cf418876b6b","isMergeCommit":false,"messageTitle":"Add documentation","messageBody":"","fileTypesAndContributionMap":{"functional-code":{"insertions":46,"deletions":16}}},{"hash":"65ea5a972cfbf4b217579a7f93c58c948168fc65","isMergeCommit":false,"messageTitle":"Add missing documentation, checkstyle","messageBody":"","fileTypesAndContributionMap":{"functional-code":{"insertions":47,"deletions":58},"test-code":{"insertions":73,"deletions":54}}},{"hash":"0c1a5dd647c2050fa5b1918bea00bb9999cdf6de","isMergeCommit":true,"messageTitle":"Merge branch \u0027master\u0027 into feat/add-course-commands","messageBody":"","fileTypesAndContributionMap":{}},{"hash":"e7042024fea94d5931fad4249e6f74577f84975c","isMergeCommit":true,"messageTitle":"Merge branch \u0027master\u0027 into feat/add-course-commands","messageBody":"","fileTypesAndContributionMap":{}},{"hash":"ed2381a107b9932790562c268feddf8d2291a982","isMergeCommit":false,"messageTitle":"Add Model, SCAList methods to get scas, courses, tuts filtered by student","messageBody":"","fileTypesAndContributionMap":{"functional-code":{"insertions":93,"deletions":0}}},{"hash":"f3dbf80ffe9e805df34c686fbb61d6ac58e53c65","isMergeCommit":false,"messageTitle":"Add logic methods to get scas, course, tuts of student, integrate in Person","messageBody":"","fileTypesAndContributionMap":{"functional-code":{"insertions":81,"deletions":0}}},{"hash":"ecd6c74c3ff6b0aa1d8a2aa5767778c52167627a","isMergeCommit":false,"messageTitle":"Fix checkstyle in main","messageBody":"","fileTypesAndContributionMap":{"functional-code":{"insertions":1,"deletions":1}}},{"hash":"fc05337e948b8779e3848702ed812f976803f513","isMergeCommit":true,"messageTitle":"Merge pull request #103 from FlyingDonkeys/master","messageBody":"Fix stuff","fileTypesAndContributionMap":{}},{"hash":"b9df23a215ed9a0438c8bd33bf38701082901ac9","isMergeCommit":true,"messageTitle":"Merge branch \u0027master\u0027 into feat/person-sca-integration","messageBody":"","fileTypesAndContributionMap":{}},{"hash":"32b581e659c1bf007147df9e8bddfef2d98dd27d","isMergeCommit":false,"messageTitle":"Add missing methods in ModelStub in tests","messageBody":"","fileTypesAndContributionMap":{"test-code":{"insertions":34,"deletions":0}}},{"hash":"33477378f5b54082305e5ea281617b3833030658","isMergeCommit":true,"messageTitle":"Merge branch \u0027master\u0027 into feat/add-course-commands","messageBody":"","fileTypesAndContributionMap":{}},{"hash":"4e4e15230b134df20eb2d9978cc1c6854d00757d","isMergeCommit":false,"messageTitle":"Update model usage in tests","messageBody":"","fileTypesAndContributionMap":{"test-code":{"insertions":9,"deletions":9}}},{"hash":"6c5785608019d66a435f06f5a5858ac8799a6ddf","isMergeCommit":false,"messageTitle":"Add StudentCourseAssociationListTest methods for filtering out courses, tutorials, scas of given student","messageBody":"","fileTypesAndContributionMap":{"test-code":{"insertions":84,"deletions":0}}},{"hash":"b5f42aaf21bf3c222703a97f5010a545fca18b90","isMergeCommit":false,"messageTitle":"Add ModelManager tests for filtering out courses, tutorials, scas of given student","messageBody":"","fileTypesAndContributionMap":{"test-code":{"insertions":61,"deletions":0}}},{"hash":"73ee582f53f9bab62c7d149a4515e10bbf7af79a","isMergeCommit":false,"messageTitle":"Add LogicManager tests for filtering out courses, tutorials, scas of given student","messageBody":"","fileTypesAndContributionMap":{"test-code":{"insertions":52,"deletions":0}}},{"hash":"d8ef8ee2dab4e285f4420c3b1e082784d071bb84","isMergeCommit":false,"messageTitle":"Add Person tests for getting scas, courses, tuts","messageBody":"","fileTypesAndContributionMap":{"test-code":{"insertions":76,"deletions":0}}},{"hash":"28c7e631691c5678609f66a7f9ffbe4d2b554031","isMergeCommit":true,"messageTitle":"Merge pull request #105 from AY2425S1-CS2103T-F14B-2/feat/person-sca-integration","messageBody":"feat: person sca integration","fileTypesAndContributionMap":{}},{"hash":"1800c3dc4748f5785e333705eeae33658f5dec4f","isMergeCommit":true,"messageTitle":"Merge branch \u0027master\u0027 into feat/add-course-commands","messageBody":"","fileTypesAndContributionMap":{}},{"hash":"22e4ee93c7f01dfa9c7999b395c722a6a1008742","isMergeCommit":false,"messageTitle":"Fix edit-course, delete-course parsing, fix merge conflicts","messageBody":"","fileTypesAndContributionMap":{"functional-code":{"insertions":6,"deletions":34},"test-code":{"insertions":23,"deletions":20}}},{"hash":"5552c7a4ae67b7bccaf45a42a7077cfedac9d337","isMergeCommit":true,"messageTitle":"Merge pull request #101 from AY2425S1-CS2103T-F14B-2/feat/add-course-commands","messageBody":"feat: add course commands","fileTypesAndContributionMap":{}}]}],"devivy":[{"date":"2024-10-02","commitResults":[{"hash":"a27c5ffd56cf323dfb82f628504a3616fc1c600c","isMergeCommit":false,"messageTitle":"Add Divya Lath photo","messageBody":"","fileTypesAndContributionMap":{"docs":{"insertions":5,"deletions":5}}},{"hash":"986a6fc1b17752c8bb70139946cbc9833afe667a","isMergeCommit":false,"messageTitle":"Update Divya Lath in team","messageBody":"","fileTypesAndContributionMap":{"docs":{"insertions":16,"deletions":0}}},{"hash":"db838fdebc9ea3d3c9e4b6947b6dee6aeff643db","isMergeCommit":false,"messageTitle":"Fix build issue in Divya.md","messageBody":"","fileTypesAndContributionMap":{"docs":{"insertions":1,"deletions":1}}}]},{"date":"2024-10-10","commitResults":[{"hash":"3ff3fa3e26d0510c38664b2d886ab8de8a67e431","isMergeCommit":false,"messageTitle":"Resolve Merge Conflicts","messageBody":"","fileTypesAndContributionMap":{"functional-code":{"insertions":49,"deletions":0}}},{"hash":"ceb923290482051133bb2e7708aaf9cf7b2768b3","isMergeCommit":false,"messageTitle":"Add JavaDocs","messageBody":"","fileTypesAndContributionMap":{"functional-code":{"insertions":33,"deletions":1}}},{"hash":"5604d3725d8806f07b790d2187044f2e41204e86","isMergeCommit":false,"messageTitle":"Add new line at end","messageBody":"","fileTypesAndContributionMap":{"functional-code":{"insertions":1,"deletions":1}}}]},{"date":"2024-10-18","commitResults":[{"hash":"6a79ec8039889618c95fdca5850a3c28af805dfc","isMergeCommit":false,"messageTitle":"Test","messageBody":"","fileTypesAndContributionMap":{"functional-code":{"insertions":5,"deletions":5}}},{"hash":"3a33509a9886b4fe0992bed85cdf5f34875c2bdd","isMergeCommit":false,"messageTitle":"Add TA Hub Icon","messageBody":"","fileTypesAndContributionMap":{"functional-code":{"insertions":5,"deletions":5}}},{"hash":"8356e6bfe5dc19a7bcb14867a224cd098168cb62","isMergeCommit":false,"messageTitle":"Imporve Grading System","messageBody":"","fileTypesAndContributionMap":{"functional-code":{"insertions":123,"deletions":1},"test-code":{"insertions":1,"deletions":1}}},{"hash":"81adf7cc73ce3baa94fe45c18e7f628f1623012e","isMergeCommit":false,"messageTitle":"Imporve build","messageBody":"","fileTypesAndContributionMap":{"functional-code":{"insertions":1,"deletions":1}}},{"hash":"547cf60f6f0e60db3bcdfa85c0bdb7b00cc7cf18","isMergeCommit":false,"messageTitle":"Imporve build pt2","messageBody":"","fileTypesAndContributionMap":{"functional-code":{"insertions":2,"deletions":2}}},{"hash":"09aaff34bd27295764da0225b07ab820787830ca","isMergeCommit":false,"messageTitle":"Imporve build pt3","messageBody":"","fileTypesAndContributionMap":{"test-code":{"insertions":1,"deletions":1}}},{"hash":"9f5b9a1aaf8b535084da188b9c0fda67bdae5e16","isMergeCommit":false,"messageTitle":"Imporve build pt4","messageBody":"","fileTypesAndContributionMap":{"test-code":{"insertions":1,"deletions":1}}},{"hash":"b1bb413c508d0b4491ccf3367c2b042f2ed76ce1","isMergeCommit":false,"messageTitle":"Imporve build pt4: Add Test Cases","messageBody":"","fileTypesAndContributionMap":{"functional-code":{"insertions":2,"deletions":1},"test-code":{"insertions":135,"deletions":1}}},{"hash":"60a1126d3d3cd67585bd7f6b08157ee9a3c30dda","isMergeCommit":false,"messageTitle":"Imporve build pt5: Add New Line at E0F","messageBody":"","fileTypesAndContributionMap":{"test-code":{"insertions":1,"deletions":1}}},{"hash":"2616e2cab507b24bbc109fc2ca909b758b6f2d83","isMergeCommit":false,"messageTitle":"Imporve build pt5: Add Changes in ordering","messageBody":"","fileTypesAndContributionMap":{"test-code":{"insertions":4,"deletions":2}}},{"hash":"fffc34535e54f84657e2e7220b697150cc7a6a43","isMergeCommit":false,"messageTitle":"Imporve build pt5: Add Changes in ordering","messageBody":"","fileTypesAndContributionMap":{"test-code":{"insertions":4,"deletions":3}}},{"hash":"f99a38bcf3417b04b3da29689eaf5ed507410862","isMergeCommit":false,"messageTitle":"Imporve build pt7","messageBody":"","fileTypesAndContributionMap":{"test-code":{"insertions":7,"deletions":7}}},{"hash":"ff4e4ef7cc46f34f921e9cbe73b5a80b81a2a234","isMergeCommit":true,"messageTitle":"Merge pull request #60 from devivy/upgrade-grade","messageBody":"Upgrade Grading System","fileTypesAndContributionMap":{}},{"hash":"06a66bc0a3db0d37301bb3d282ffb0924d2f08f9","isMergeCommit":false,"messageTitle":"Update Ui for v1.3","messageBody":"","fileTypesAndContributionMap":{"functional-code":{"insertions":65,"deletions":79}}},{"hash":"40a62c580ecb213ac35f8cba36cc374abd0bedb0","isMergeCommit":false,"messageTitle":"Update Ui for v1.3 pt 2","messageBody":"","fileTypesAndContributionMap":{"functional-code":{"insertions":1,"deletions":1}}},{"hash":"0ef9ba68e6d32a518c55a2f706144883b77fb452","isMergeCommit":true,"messageTitle":"Merge pull request #66 from devivy/update-ui","messageBody":"Update Ui for v1.3","tags":["v1.3"],"fileTypesAndContributionMap":{}}]},{"date":"2024-10-20","commitResults":[{"hash":"3945d7ea2b5a01049e0ab7e8b6eab4da6dab5bb5","isMergeCommit":false,"messageTitle":"Update teh grading system to deal with % grading","messageBody":"","fileTypesAndContributionMap":{"functional-code":{"insertions":55,"deletions":125},"test-code":{"insertions":78,"deletions":63}}},{"hash":"63f179900602a0339b9f8d0457bcbf73d39e2892","isMergeCommit":false,"messageTitle":"Update the grading system to deal with % grading : correct errors","messageBody":"","fileTypesAndContributionMap":{"test-code":{"insertions":8,"deletions":2}}},{"hash":"9f1ff636009e751dd6589f81093b7436b8f4809a","isMergeCommit":false,"messageTitle":"Update the grading system to deal with % grading : correct errors pt 2","messageBody":"","fileTypesAndContributionMap":{"functional-code":{"insertions":15,"deletions":3}}}]},{"date":"2024-10-22","commitResults":[{"hash":"a3d4df10460ff29a85498d474ae751dc1b49b0cd","isMergeCommit":false,"messageTitle":"Add Storage to Grading System","messageBody":"","fileTypesAndContributionMap":{"functional-code":{"insertions":257,"deletions":32},"test-code":{"insertions":286,"deletions":4}}},{"hash":"fb0127790164598215b68c6396f68fd141603f0d","isMergeCommit":false,"messageTitle":"Correct Checkstyles","messageBody":"","fileTypesAndContributionMap":{"functional-code":{"insertions":10,"deletions":8}}},{"hash":"852434dfcbe215f659306cee7cb40dbaa88bc6c6","isMergeCommit":false,"messageTitle":"Correct Checkstyles","messageBody":"","fileTypesAndContributionMap":{"test-code":{"insertions":8,"deletions":5}}},{"hash":"71207286dd47e3f93998b76f508b05efc144e8da","isMergeCommit":false,"messageTitle":"Add Exception for if assessmentName not found","messageBody":"","fileTypesAndContributionMap":{"functional-code":{"insertions":47,"deletions":10},"test-code":{"insertions":39,"deletions":34}}},{"hash":"bd7a5085afaa1ede6c778da90ba57607edfb684a","isMergeCommit":true,"messageTitle":"Merge pull request #92 from devivy/grade-system-storage","messageBody":"Add Storage to Grading System (second time)","fileTypesAndContributionMap":{}}]},{"date":"2024-10-23","commitResults":[{"hash":"97986a952f0935b5b175fea533f388b1a9d36dc7","isMergeCommit":true,"messageTitle":"Merge pull request #89 from FlyingDonkeys/add_attendance_to_scastorage","messageBody":"Add attendance to scastorage","fileTypesAndContributionMap":{}}]}],"miloaisdino":[{"date":"2024-09-30","commitResults":[{"hash":"14d7a0a9e933a06db1536bb1edc37d3d56d87cf2","isMergeCommit":false,"messageTitle":"docs: Add Maximus user info","messageBody":"","fileTypesAndContributionMap":{"docs":{"insertions":6,"deletions":5}}},{"hash":"4fe9edf243b785d1b944df24da56c15ca05f927c","isMergeCommit":false,"messageTitle":"fix: eslint error","messageBody":"","fileTypesAndContributionMap":{"docs":{"insertions":1,"deletions":1}}}]},{"date":"2024-10-02","commitResults":[{"hash":"ce5a1676c99ce955bf32d9df113d5f645489cf81","isMergeCommit":false,"messageTitle":"docs: Update Maximus responsibilities","messageBody":"","fileTypesAndContributionMap":{"docs":{"insertions":1,"deletions":1}}}]},{"date":"2024-10-10","commitResults":[{"hash":"97349b2774810527dcb855105168b021859a8eac","isMergeCommit":false,"messageTitle":"model: add Course class to model","messageBody":"","fileTypesAndContributionMap":{"functional-code":{"insertions":61,"deletions":0}}},{"hash":"91055412e83e7e7bedb1c2e30da9bdd1e33b0c1d","isMergeCommit":true,"messageTitle":"refactor: update new package name","messageBody":"","fileTypesAndContributionMap":{}},{"hash":"54a3fb1191c549167e396a09d79d738c46201297","isMergeCommit":false,"messageTitle":"test: Add unit tests for Course class","messageBody":"","fileTypesAndContributionMap":{"test-code":{"insertions":26,"deletions":0}}},{"hash":"5cf6c19fffb6ded58a2835f218305edb49240cd9","isMergeCommit":true,"messageTitle":"Merge pull request #33 from miloaisdino/add-course-support","messageBody":"Add Course class to model","fileTypesAndContributionMap":{}},{"hash":"1067d312f49386ebd849ca5e7481443753daf174","isMergeCommit":false,"messageTitle":"test: Add more unit tests for Course class","messageBody":"","fileTypesAndContributionMap":{"test-code":{"insertions":55,"deletions":5}}},{"hash":"97c5861354d3387fba5ec7b523f049e7150e2a8c","isMergeCommit":true,"messageTitle":"Merge pull request #35 from accountexeregister/feat/preferred-contact","messageBody":"Add Communication Method enum","fileTypesAndContributionMap":{}}]},{"date":"2024-10-17","commitResults":[{"hash":"bb9390db351c27044d6cbc7b3163286cfed0c7ee","isMergeCommit":false,"messageTitle":"add JsonAdaptedCourse.java","messageBody":"","fileTypesAndContributionMap":{"functional-code":{"insertions":48,"deletions":0}}},{"hash":"7cb9b3ed5712a3320e1256835cd552e4fcb082c1","isMergeCommit":false,"messageTitle":"fix javadoc","messageBody":"","fileTypesAndContributionMap":{"functional-code":{"insertions":1,"deletions":1}}},{"hash":"c9c620069e60af6d39a701959a054aebda0edf6b","isMergeCommit":false,"messageTitle":"add: UniqueCourseList","messageBody":"","fileTypesAndContributionMap":{"functional-code":{"insertions":179,"deletions":0}}},{"hash":"2d964ad630fdbb8465566cff3db35112eb9d3d64","isMergeCommit":false,"messageTitle":"fix: checkstyle","messageBody":"","fileTypesAndContributionMap":{"functional-code":{"insertions":1,"deletions":3}}}]},{"date":"2024-10-18","commitResults":[{"hash":"de447098b0309d1068e83c86b30444390154cce4","isMergeCommit":false,"messageTitle":"write more tests","messageBody":"","fileTypesAndContributionMap":{"test-code":{"insertions":262,"deletions":0}}},{"hash":"6628e132e0a807ffea8c75908e2a58f7f1644b7e","isMergeCommit":false,"messageTitle":"write more tests","messageBody":"","fileTypesAndContributionMap":{"test-code":{"insertions":17,"deletions":41}}},{"hash":"b0c342ab11389c15da88a9e15f64654eca3941bf","isMergeCommit":false,"messageTitle":"write more tests","messageBody":"","fileTypesAndContributionMap":{"test-code":{"insertions":19,"deletions":3}}},{"hash":"364550e575f2d7f64054cdf26f3dc142299fcda7","isMergeCommit":true,"messageTitle":"Merge pull request #56 from miloaisdino/course-integration","messageBody":"Write Json adapter for course class, and UniqueCourseList","fileTypesAndContributionMap":{}},{"hash":"06f8c1c2729c38d5c8224bd28bd6d9ccc516c04b","isMergeCommit":false,"messageTitle":"implement courselist storage","messageBody":"","fileTypesAndContributionMap":{"functional-code":{"insertions":390,"deletions":12},"test-code":{"insertions":138,"deletions":1}}},{"hash":"0b45dcb47881b9e866ff7a5b97d257421ca2dc45","isMergeCommit":false,"messageTitle":"implement courselist command","messageBody":"","fileTypesAndContributionMap":{"functional-code":{"insertions":151,"deletions":0}}}]},{"date":"2024-10-20","commitResults":[{"hash":"1831c633a023465f23f10cace42063008ad694ab","isMergeCommit":true,"messageTitle":"Merge branch \u0027master\u0027 into course-integration","messageBody":"","fileTypesAndContributionMap":{}},{"hash":"d6d70597b4fa23216909150da21a5ae077cdeb11","isMergeCommit":true,"messageTitle":"fix: javadoc","messageBody":"","fileTypesAndContributionMap":{}},{"hash":"58176e2047195166fe827f56705dff0149893ef5","isMergeCommit":false,"messageTitle":"fix: resolve checkstyle","messageBody":"","fileTypesAndContributionMap":{"functional-code":{"insertions":10,"deletions":6}}},{"hash":"d23154bf69fc6b63d0719e6a1ebce3705df55562","isMergeCommit":false,"messageTitle":"fix: write tests","messageBody":"","fileTypesAndContributionMap":{"test-code":{"insertions":81,"deletions":26}}},{"hash":"3ac024bbb3475463259d14c24546eeca1ecb0c63","isMergeCommit":false,"messageTitle":"fix: align with main","messageBody":"","fileTypesAndContributionMap":{"functional-code":{"insertions":67,"deletions":44},"test-code":{"insertions":79,"deletions":58}}},{"hash":"3ed9a190f200b941fd1faa0a6bc81f3cf275dfd5","isMergeCommit":false,"messageTitle":"fix: delete old directory","messageBody":"","fileTypesAndContributionMap":{"functional-code":{"insertions":0,"deletions":81}}},{"hash":"af15866e97f7c1330f11810174a609dac8debf03","isMergeCommit":false,"messageTitle":"test: add parser tests","messageBody":"","fileTypesAndContributionMap":{"functional-code":{"insertions":12,"deletions":6},"test-code":{"insertions":297,"deletions":0}}},{"hash":"30492825a729c4cc0eef7facbf53173e7ba0a816","isMergeCommit":false,"messageTitle":"fix: checkstyle order","messageBody":"","fileTypesAndContributionMap":{"functional-code":{"insertions":4,"deletions":4}}},{"hash":"e1515988b16b395859663ffc31d45d114404322a","isMergeCommit":false,"messageTitle":"fix: checkstyle","messageBody":"","fileTypesAndContributionMap":{"functional-code":{"insertions":70,"deletions":46}}},{"hash":"f32f614bd5ec1dd77384f9c2aa42699887c1abd4","isMergeCommit":true,"messageTitle":"Merge branch \u0027master\u0027 into course-integration","messageBody":"# Conflicts:\n#\tsrc/main/java/tahub/contacts/model/studentcourseassociation/StudentCourseAssociation.java\n#\tsrc/main/java/tahub/contacts/model/tutorial/Tutorial.java\n","fileTypesAndContributionMap":{}},{"hash":"f39ea6fe0ee2e86861ea02c99dd53c587c28f892","isMergeCommit":false,"messageTitle":"fix merge conflicts","messageBody":"","fileTypesAndContributionMap":{"functional-code":{"insertions":1,"deletions":7}}},{"hash":"6b5e5641d702679cdce9d74f8df5e60f16a338ad","isMergeCommit":false,"messageTitle":"fix order","messageBody":"","fileTypesAndContributionMap":{"functional-code":{"insertions":1,"deletions":2}}}]},{"date":"2024-10-21","commitResults":[{"hash":"fe3427ff369fd67e2a00d824f0e6c69366747def","isMergeCommit":false,"messageTitle":"dont track sca test","messageBody":"","fileTypesAndContributionMap":{"test-code":{"insertions":0,"deletions":225}}},{"hash":"42e6defa55c8670689e941732c99fbae970709bf","isMergeCommit":false,"messageTitle":"exclude test","messageBody":"","fileTypesAndContributionMap":{"test-code":{"insertions":0,"deletions":50}}},{"hash":"fae68af97fbfd39718852461cb1ed7ba6aceb25d","isMergeCommit":false,"messageTitle":"fix test case","messageBody":"","fileTypesAndContributionMap":{"test-code":{"insertions":2,"deletions":6}}},{"hash":"d7514fc2bcd4f4ce093d998569e3372d4e79a7b0","isMergeCommit":false,"messageTitle":"fix checkstyle","messageBody":"","fileTypesAndContributionMap":{"test-code":{"insertions":7,"deletions":1}}},{"hash":"11ea388118418fa2bbe5d92ff4360323df969c62","isMergeCommit":false,"messageTitle":"more tests","messageBody":"","fileTypesAndContributionMap":{"test-code":{"insertions":66,"deletions":0}}},{"hash":"f9a6aa7ed12dc14c2c189da2b9dbf5ad9a7cf788","isMergeCommit":false,"messageTitle":"remove unused imports","messageBody":"","fileTypesAndContributionMap":{"test-code":{"insertions":0,"deletions":6}}},{"hash":"42c1e08e643d39f0a84dcafc8179ce182b66a54b","isMergeCommit":true,"messageTitle":"Merge branch \u0027master\u0027 into course-integration","messageBody":"# Conflicts:\n#\tsrc/main/java/tahub/contacts/model/studentcourseassociation/StudentCourseAssociation.java\n#\tsrc/test/java/tahub/contacts/model/studentcourseassociation/StudentCourseAssociationTest.java\n#\tsrc/test/java/tahub/contacts/model/tutorial/TutorialTest.java\n","fileTypesAndContributionMap":{}},{"hash":"51cc6ffd7a0787fcc588360343f75b7c4f042008","isMergeCommit":false,"messageTitle":"improve codecov","messageBody":"","fileTypesAndContributionMap":{"test-code":{"insertions":150,"deletions":12}}},{"hash":"0f7d2deeca6560bda13fcbb651acebbfa723ad7b","isMergeCommit":false,"messageTitle":"fix checkstyle","messageBody":"","fileTypesAndContributionMap":{"test-code":{"insertions":4,"deletions":1}}},{"hash":"f26ce47547d651de9f59589c74f13b638d05d7b2","isMergeCommit":false,"messageTitle":"bugfix: non persistence","messageBody":"","fileTypesAndContributionMap":{"functional-code":{"insertions":30,"deletions":5}}},{"hash":"b861ec72fb5d4cd36f65b985ef0433f69e7fecfb","isMergeCommit":false,"messageTitle":"resolve comments","messageBody":"","fileTypesAndContributionMap":{"functional-code":{"insertions":5,"deletions":1}}},{"hash":"6b656c6f81ab7d669384cbca498815d84df33c6b","isMergeCommit":false,"messageTitle":"improve codecov","messageBody":"","fileTypesAndContributionMap":{"test-code":{"insertions":2,"deletions":48}}},{"hash":"234453ca23aa88c27db52291508e8dc190d3d39d","isMergeCommit":false,"messageTitle":"improve codecov","messageBody":"","fileTypesAndContributionMap":{"test-code":{"insertions":65,"deletions":0}}},{"hash":"c20caec0428849870a9eb17d0adfcf6874b2db97","isMergeCommit":false,"messageTitle":"refactor tests","messageBody":"","fileTypesAndContributionMap":{"test-code":{"insertions":49,"deletions":68}}},{"hash":"2258d8b764da9c2b4d6a5812869b52cc4e703b5c","isMergeCommit":false,"messageTitle":"refactor tests","messageBody":"","fileTypesAndContributionMap":{"test-code":{"insertions":4,"deletions":1}}},{"hash":"a54db64bbcaebaf60a1e1ba43d6be397f39946df","isMergeCommit":false,"messageTitle":"refactor tests","messageBody":"","fileTypesAndContributionMap":{"test-code":{"insertions":19,"deletions":0}}},{"hash":"3f91a2a533f5fa6025655bc3ee8f3bd0aa0ab2e5","isMergeCommit":false,"messageTitle":"refactor tests","messageBody":"","fileTypesAndContributionMap":{"other":{"insertions":1,"deletions":1}}},{"hash":"71711fd219a7b4ebefc9d6445175521e55a01ca1","isMergeCommit":false,"messageTitle":"refactor tests","messageBody":"","fileTypesAndContributionMap":{"other":{"insertions":1,"deletions":1},"test-code":{"insertions":37,"deletions":0}}},{"hash":"9a2d7f6cf08454b2412117bed6297cd0a18c47ae","isMergeCommit":true,"messageTitle":"Merge pull request #69 from miloaisdino/course-integration","messageBody":"Implement course model","fileTypesAndContributionMap":{}}]},{"date":"2024-10-24","commitResults":[{"hash":"a162a31e30d04e3ff072d2abe6e9dbf795673838","isMergeCommit":false,"messageTitle":"feat: Implement SCA List without working storage (#100)","messageBody":"* feat: base files for SCA list\r\n\r\n* feat: add overloaded for SCA list\r\n\r\n* bugfix: checkstyle\r\n\r\n* feat: implement sca list storage\r\n\r\n* feat: update sca list interfaces\r\n\r\n* feat: add sca list to model manager\r\n\r\n* feat: implement sca storage\r\n\r\n* comment out sca test code\r\n\r\n* fix checkstyle\r\n\r\n* make tests pass (temporarily)","fileTypesAndContributionMap":{"functional-code":{"insertions":562,"deletions":19},"test-code":{"insertions":143,"deletions":36}}},{"hash":"d9138f1208601f9ed96d94bcfe6d9bba70641bb4","isMergeCommit":false,"messageTitle":"feat: SCA stores only PK for Person and Course (#107)","messageBody":"* feat: base files for SCA list\r\n\r\n* feat: add overloaded for SCA list\r\n\r\n* bugfix: checkstyle\r\n\r\n* feat: implement sca list storage\r\n\r\n* feat: update sca list interfaces\r\n\r\n* feat: add sca list to model manager\r\n\r\n* feat: implement sca storage\r\n\r\n* comment out sca test code\r\n\r\n* fix checkstyle\r\n\r\n* make tests pass (temporarily)\r\n\r\n* feat: SCA stores only PK for Person and Course\r\n\r\n* fix checkstyle\r\n\r\n* tests: fix tests\r\n\r\n* fix: update tests\r\n\r\n* fix: integrate BC changes to AdaptedSCA\r\n\r\n* fix: tests","fileTypesAndContributionMap":{"functional-code":{"insertions":97,"deletions":50},"test-code":{"insertions":105,"deletions":64}}}]}],"Zeepheru":[{"date":"2024-09-23","commitResults":[{"hash":"d7e08d8ef16a73db6b61affea1f6b9c6cd8cf359","isMergeCommit":true,"messageTitle":"Merge remote-tracking branch \u0027origin/switch-docs-to-markbind\u0027","messageBody":"","fileTypesAndContributionMap":{}},{"hash":"ec24f54d7da0aa920f9bc46361841823ae95fc17","isMergeCommit":false,"messageTitle":"Update Markbind configs","messageBody":"","fileTypesAndContributionMap":{"docs":{"insertions":1,"deletions":1}}},{"hash":"0973ef4bfeea300765363219624659d69b2a9af9","isMergeCommit":false,"messageTitle":"README.md: update","messageBody":"","fileTypesAndContributionMap":{"docs":{"insertions":8,"deletions":0}}},{"hash":"48ab31bcac6d8ffa9eac40011e90d4b711104a2f","isMergeCommit":false,"messageTitle":"README.md: fix Codecov badge","messageBody":"","fileTypesAndContributionMap":{"docs":{"insertions":1,"deletions":1}}},{"hash":"3479230bd988d1f07070367453beff1c82d42247","isMergeCommit":false,"messageTitle":"build.gradle: change output name","messageBody":"","tags":["v0.0.1"],"fileTypesAndContributionMap":{"other":{"insertions":1,"deletions":1}}},{"hash":"ae81894bce77b82631e353f5372298acb7a11190","isMergeCommit":false,"messageTitle":"Update README.md","messageBody":"","fileTypesAndContributionMap":{"docs":{"insertions":0,"deletions":2}}},{"hash":"fd734861893ffc2ad7d09b8f3cbb25a6f612c2ac","isMergeCommit":false,"messageTitle":"README.MD: Update GH Actions Build Status Badge","messageBody":"","fileTypesAndContributionMap":{"docs":{"insertions":1,"deletions":1}}},{"hash":"989278196087a83e164dcd9594279d2ecd4b716f","isMergeCommit":true,"messageTitle":"Merge branch \u0027master\u0027 of https://github.com/AY2425S1-CS2103T-F14B-2/tp","messageBody":"","fileTypesAndContributionMap":{}}]},{"date":"2024-09-25","commitResults":[{"hash":"6b3b9495c75c1621e90a8da48af671534fbc8f62","isMergeCommit":false,"messageTitle":"boonhsuan.md: fix eof newline","messageBody":"","fileTypesAndContributionMap":{"docs":{"insertions":1,"deletions":1}}},{"hash":"816c6a1424ac179ff1b174f20b6a9acee7adc6d7","isMergeCommit":false,"messageTitle":"Add Zee info to AboutUs","messageBody":"","fileTypesAndContributionMap":{"docs":{"insertions":39,"deletions":7}}},{"hash":"5704f99c8acc003c528800a8d3d38a8da48a347c","isMergeCommit":true,"messageTitle":"Merge pull request #5 from FlyingDonkeys/add-boon_hsuan-info","messageBody":"Update AboutUs (cbh)","fileTypesAndContributionMap":{}}]},{"date":"2024-09-29","commitResults":[{"hash":"a84768c31b8720255f9af94f97d19cdaa10e5dc1","isMergeCommit":true,"messageTitle":"Merge branch \u0027master\u0027 into add-photo","messageBody":"","fileTypesAndContributionMap":{}},{"hash":"65c26f41a1832a3eeccf70b68f43e1dc4f1c4d94","isMergeCommit":true,"messageTitle":"Merge branch \u0027master\u0027 into about-us","messageBody":"","fileTypesAndContributionMap":{}},{"hash":"e399a4cdda1b7ba021195d8ef330c7c504ab3640","isMergeCommit":true,"messageTitle":"Merge pull request #12 from accountexeregister/docs/cy-about-us","messageBody":"Add Chong Yi details in About Us","fileTypesAndContributionMap":{}},{"hash":"15f4436a7226f4ef03d3686b5785be7e9e91a606","isMergeCommit":false,"messageTitle":"Force merge conflict","messageBody":"","fileTypesAndContributionMap":{"docs":{"insertions":1,"deletions":1}}},{"hash":"0c8f42ac38a1d5c2c797c6fa91e1c18994dbc80b","isMergeCommit":true,"messageTitle":"Merge pull request #16 from FlyingDonkeys/add-boon_hsuan-info","messageBody":"Force merge conflicts","fileTypesAndContributionMap":{}},{"hash":"0ae0cdca5ace2a24e9925a5ffe08c4c086e5016a","isMergeCommit":false,"messageTitle":"Update README.md with project-specific information","messageBody":"","fileTypesAndContributionMap":{"docs":{"insertions":15,"deletions":11}}},{"hash":"46844c1d9db3930b323ffe460e1990457b6406ee","isMergeCommit":false,"messageTitle":"README.md: Add AB3 acknowledgement","messageBody":"","fileTypesAndContributionMap":{"docs":{"insertions":4,"deletions":0}}},{"hash":"311254ea958cd356c92f58aeb62494fccf66701e","isMergeCommit":false,"messageTitle":"DeveloperGuide.md: Change user profile","messageBody":"","fileTypesAndContributionMap":{"docs":{"insertions":24,"deletions":24}}}]},{"date":"2024-09-30","commitResults":[{"hash":"42fe948847c5996834cda29de1fe35f3ea5c83ba","isMergeCommit":false,"messageTitle":"Add icon to README","messageBody":"","fileTypesAndContributionMap":{"docs":{"insertions":7,"deletions":4}}},{"hash":"3994cd2545a3280304317170ea4ee4df6317ff19","isMergeCommit":false,"messageTitle":"Update project contributions","messageBody":"","fileTypesAndContributionMap":{"docs":{"insertions":4,"deletions":0}}},{"hash":"8f24cafa22887feafb4f7c57d62a9e7f82a3c05b","isMergeCommit":true,"messageTitle":"Merge branch \u0027master\u0027 into about-us","messageBody":"","fileTypesAndContributionMap":{}},{"hash":"05332a908b519262c5fb9ae0d234438a61fc7e70","isMergeCommit":true,"messageTitle":"Merge branch \u0027master\u0027 into add-documentation","messageBody":"","fileTypesAndContributionMap":{}},{"hash":"97c3b0bc3bf3932a40733a8469f75df7482bfebf","isMergeCommit":false,"messageTitle":"DeveloperGuide.md: add user stories","messageBody":"","fileTypesAndContributionMap":{"docs":{"insertions":29,"deletions":13}}},{"hash":"b9be82e069afe8df2ea7d9ca95f10685c756c58e","isMergeCommit":false,"messageTitle":"DeveloperGuide.md: add acknowledgement to AB3","messageBody":"","fileTypesAndContributionMap":{"docs":{"insertions":2,"deletions":0}}},{"hash":"83243b17ab844597681c44d9f16759b12f3cecbe","isMergeCommit":false,"messageTitle":"Configure Markbind themeing","messageBody":"Change navbar size to look nicer\n\nhttps://markbind.org/userGuide/themes.html#specifying-a-theme\n","fileTypesAndContributionMap":{"other":{"insertions":19,"deletions":8},"docs":{"insertions":2,"deletions":2}}},{"hash":"f05b8943919d8dc3af674ae2a3135f86582a2c84","isMergeCommit":false,"messageTitle":"DeveloperGuide.md: user story formatting","messageBody":"","fileTypesAndContributionMap":{"docs":{"insertions":31,"deletions":28}}},{"hash":"e60d1ece9187ae29418bab8ceb29b085bfcfe72a","isMergeCommit":true,"messageTitle":"Merge branch \u0027master\u0027 into add-documentation","messageBody":"","fileTypesAndContributionMap":{}},{"hash":"2d8ac4496b9cd16249e243b2103b4f5ba21f9328","isMergeCommit":false,"messageTitle":"Add brand logo to main site","messageBody":"","fileTypesAndContributionMap":{"docs":{"insertions":20,"deletions":9}}},{"hash":"aba947b47aedfba06b7f1d22ba44b91bfc67f380","isMergeCommit":false,"messageTitle":"Reorganise image sources for logo and icon","messageBody":"","fileTypesAndContributionMap":{"docs":{"insertions":3,"deletions":3}}},{"hash":"7f043ddf6c5e1e7723f16aeb131df03164eeff31","isMergeCommit":false,"messageTitle":"Update main site image links","messageBody":"","fileTypesAndContributionMap":{"docs":{"insertions":1,"deletions":1}}},{"hash":"561b0c6b4d4e832565158b76f94333f887295daf","isMergeCommit":false,"messageTitle":"Remove redundant HTML line","messageBody":"","fileTypesAndContributionMap":{"docs":{"insertions":0,"deletions":1}}},{"hash":"ecbf94080e21ab24886675466de1b3e5ee666978","isMergeCommit":false,"messageTitle":"main.css: remove header color override","messageBody":"","fileTypesAndContributionMap":{"other":{"insertions":2,"deletions":2}}},{"hash":"367dfcd09496a76089389b84dd43ecdc1c16a729","isMergeCommit":false,"messageTitle":"Fix alert box text color","messageBody":"","fileTypesAndContributionMap":{"other":{"insertions":6,"deletions":0},"docs":{"insertions":1,"deletions":1}}},{"hash":"fc3ed977910430152a248b9c05dc4184492209ef","isMergeCommit":false,"messageTitle":"UserGuide.md: rename header","messageBody":"","fileTypesAndContributionMap":{"docs":{"insertions":8,"deletions":5}}},{"hash":"12ecde4b0a49eda0d1fea13efc5e827d9b73c2fe","isMergeCommit":false,"messageTitle":"Do MarkBind formatting","messageBody":"","fileTypesAndContributionMap":{"other":{"insertions":2,"deletions":2},"docs":{"insertions":9,"deletions":6}}}]},{"date":"2024-10-01","commitResults":[{"hash":"b3b1d4c1ce4fa74c481867fc4b469d15899a5ce4","isMergeCommit":true,"messageTitle":"Merge pull request #22 from accountexeregister/docs/dg-use-cases-1-12","messageBody":"Add use cases 1-12 in DG","fileTypesAndContributionMap":{}},{"hash":"958639ab36773566459524a255351ac0b3c9d0ff","isMergeCommit":true,"messageTitle":"Merge pull request #26 from FlyingDonkeys/change_use_cases_cbh","messageBody":"Add use cases 13-24 into dev-guide","fileTypesAndContributionMap":{}},{"hash":"2ed4a69aa23172406db5c453c367b8babf7034a9","isMergeCommit":true,"messageTitle":"Merge branch \u0027master\u0027 into add-documentation","messageBody":"","fileTypesAndContributionMap":{}},{"hash":"67a671ca73cedecd58e09160f4beb83d0a6f766c","isMergeCommit":false,"messageTitle":"DeveloperGuide.md: organise requirements headers","messageBody":"","fileTypesAndContributionMap":{"docs":{"insertions":97,"deletions":99}}},{"hash":"f5c3ae3a02accd2bd38b24e894acff003e7c00f2","isMergeCommit":false,"messageTitle":"DeveloperGuide.md: improve use case format consistency","messageBody":"","fileTypesAndContributionMap":{"docs":{"insertions":22,"deletions":22}}},{"hash":"c4e30030a93c9dea083eb5b5e835f3c87eb2bbae","isMergeCommit":false,"messageTitle":"DeveloperGuide.md: change all use cases to panels","messageBody":"","fileTypesAndContributionMap":{"docs":{"insertions":53,"deletions":49}}},{"hash":"c39800952f48f916e1c18daa1e69e7501783cea4","isMergeCommit":false,"messageTitle":"Fix logo image source","messageBody":"","fileTypesAndContributionMap":{"docs":{"insertions":1,"deletions":1}}},{"hash":"c327b427956b9842e4df20d4620c5a9860d726ad","isMergeCommit":true,"messageTitle":"Merge branch \u0027master\u0027 into add-documentation","messageBody":"","fileTypesAndContributionMap":{}},{"hash":"bc84adf0ae7ef607a66cd9bd4dd6bc6716392aa9","isMergeCommit":false,"messageTitle":"Fix logo image source","messageBody":"Add {{baseUrl}} to the src\n","fileTypesAndContributionMap":{"docs":{"insertions":1,"deletions":1}}},{"hash":"99a59bf686365c35378197d6abfbc2a9ce52a9bb","isMergeCommit":true,"messageTitle":"Merge pull request #27 from Zeepheru/add-documentation","messageBody":"Fix image source in project website","fileTypesAndContributionMap":{}}]},{"date":"2024-10-02","commitResults":[{"hash":"5e2fa56a2ca4ea78ee0a18301ff0a9b7c9845a16","isMergeCommit":false,"messageTitle":"Fix seamless box CSS","messageBody":"","fileTypesAndContributionMap":{"other":{"insertions":583,"deletions":3}}},{"hash":"24d0aa95aa8c1d41414f02a742f5cf986ccd35b2","isMergeCommit":true,"messageTitle":"Merge branch \u0027master\u0027 into add-documentation","messageBody":"","fileTypesAndContributionMap":{}},{"hash":"1e3851661c8ae07e3d3c5a872ac2194e02ffe3ae","isMergeCommit":false,"messageTitle":"Remove accidentally added bin folder","messageBody":"","fileTypesAndContributionMap":{"other":{"insertions":0,"deletions":580}}},{"hash":"05f932896cb83814b6be61f68417cfea455df105","isMergeCommit":false,"messageTitle":"main.css: fix trailing whitespace","messageBody":"","fileTypesAndContributionMap":{"other":{"insertions":1,"deletions":1}}},{"hash":"de678b83934e5b1335ae9f63a04f69e6eaf6b08a","isMergeCommit":true,"messageTitle":"Merge pull request #29 from miloaisdino/update-maximus-info","messageBody":"docs: Update Maximus responsibilities","fileTypesAndContributionMap":{}},{"hash":"9c56736261ceda86b17ef183a339d7b3ce45380b","isMergeCommit":true,"messageTitle":"Merge pull request #30 from devivy/master","messageBody":"Update About Us For Divya","fileTypesAndContributionMap":{}}]},{"date":"2024-10-03","commitResults":[{"hash":"acf640e25b9301ec34447c8fa54e761abf829e38","isMergeCommit":true,"messageTitle":"Merge pull request #28 from Zeepheru/add-documentation","messageBody":"Fix project site CSS","tags":["v1.1"],"fileTypesAndContributionMap":{}}]},{"date":"2024-10-04","commitResults":[{"hash":"326b273b4a29829e0e3717b3b11582d1831e807a","isMergeCommit":false,"messageTitle":"Rename main package from seedu.address to \tahub.contacts","messageBody":"","fileTypesAndContributionMap":{"other":{"insertions":770,"deletions":770},"docs":{"insertions":5,"deletions":5},"test-code":{"insertions":2,"deletions":2}}}]},{"date":"2024-10-10","commitResults":[{"hash":"b48b432282ac6fcee5501b30b57e29ce2f0207aa","isMergeCommit":false,"messageTitle":"feat: add Attendance model","messageBody":"Add tests as well.\n","fileTypesAndContributionMap":{"functional-code":{"insertions":85,"deletions":0},"test-code":{"insertions":164,"deletions":0}}},{"hash":"7cefe62cbc886c69450c05e018945728a962848d","isMergeCommit":false,"messageTitle":"fix trailing whitespace","messageBody":"","fileTypesAndContributionMap":{"test-code":{"insertions":1,"deletions":1}}},{"hash":"1f6e91f2420022aa0960696b766c5030fb164b59","isMergeCommit":false,"messageTitle":"fix checkstyle errors","messageBody":"","fileTypesAndContributionMap":{"test-code":{"insertions":9,"deletions":10}}},{"hash":"7e88f5061a1c384d0cf18d32701c701ebc510b5d","isMergeCommit":false,"messageTitle":"Attendance.java: rename method names","messageBody":"For more clarity\n","fileTypesAndContributionMap":{"functional-code":{"insertions":2,"deletions":2},"test-code":{"insertions":16,"deletions":17}}},{"hash":"ddadf431d67a439cd29d116e0ce6bc58f24af814","isMergeCommit":false,"messageTitle":"Fix naming","messageBody":"Accidental capitalisation\n","fileTypesAndContributionMap":{"functional-code":{"insertions":1,"deletions":1},"test-code":{"insertions":7,"deletions":7}}},{"hash":"7b9d25a339a9daa5875325ed122f25cda1a36a1c","isMergeCommit":false,"messageTitle":"Add additional unit tests for Attendance","messageBody":"","fileTypesAndContributionMap":{"test-code":{"insertions":18,"deletions":1}}},{"hash":"891c7d84d1563eaa7eb78100dd524da03f496d15","isMergeCommit":true,"messageTitle":"Merge pull request #45 from devivy/implement-grading-systems","messageBody":"Add a Grading System ","fileTypesAndContributionMap":{}}]},{"date":"2024-10-16","commitResults":[{"hash":"5ca616a9e9be7ccd8183d20551d4377cc8c5f0af","isMergeCommit":true,"messageTitle":"Merge pull request #49 from FlyingDonkeys/add-comment-model","messageBody":"Add comment model","fileTypesAndContributionMap":{}}]},{"date":"2024-10-17","commitResults":[{"hash":"49b1ece52e30ed94046c780241b2a7091644fb02","isMergeCommit":false,"messageTitle":"Add remove() and clear() to Attendance","messageBody":"And test cases\n","fileTypesAndContributionMap":{"functional-code":{"insertions":44,"deletions":1},"test-code":{"insertions":50,"deletions":2}}},{"hash":"f7afac9000d512b5ec24777a85b822496d1f5d41","isMergeCommit":false,"messageTitle":"Fix checkstyle violations","messageBody":"To run checkstyle locally first with\n\run ./gradlew check coverage\n","fileTypesAndContributionMap":{"functional-code":{"insertions":2,"deletions":2},"test-code":{"insertions":6,"deletions":4}}},{"hash":"02c38a174dc92c475ae71c9b224a94efbee41064","isMergeCommit":true,"messageTitle":"Merge branch \u0027master\u0027 into add-attendance-feature","messageBody":"","fileTypesAndContributionMap":{}}]},{"date":"2024-10-18","commitResults":[{"hash":"36954c38e9d25411a8f2603bba85981d52576b0b","isMergeCommit":true,"messageTitle":"Merge pull request #58 from devivy/master","messageBody":"Add TA Hub Icon","fileTypesAndContributionMap":{}},{"hash":"8ca6e72b99a8f2338da40d3f7d621c35589d6464","isMergeCommit":false,"messageTitle":"Change Attendance to use StudentCourseAssociation","messageBody":"Closes #62\n","fileTypesAndContributionMap":{"functional-code":{"insertions":43,"deletions":5},"test-code":{"insertions":65,"deletions":25}}},{"hash":"28d57ef71661320a9329cd1d31ebc78bb7f20eff","isMergeCommit":false,"messageTitle":"Fix checkstyle errors","messageBody":"","fileTypesAndContributionMap":{"test-code":{"insertions":6,"deletions":3}}}]},{"date":"2024-10-20","commitResults":[{"hash":"19f4d13eac5c119c6dc763f49f701873b738df08","isMergeCommit":true,"messageTitle":"Merge pull request #73 from devivy/upgrade-grade-to-number","messageBody":"Update the grading system to deal with % grading","fileTypesAndContributionMap":{}},{"hash":"086c1c8d6bb575db9a48a218a0b29511c1e50c59","isMergeCommit":true,"messageTitle":"Merge branch \u0027master\u0027 into add-attendance-feature","messageBody":"","fileTypesAndContributionMap":{}},{"hash":"1338be91178cb4b0d7d1d8838e2fbc9bb5b14acd","isMergeCommit":false,"messageTitle":"Attendance.java: add tests for isSameAttendance","messageBody":"","fileTypesAndContributionMap":{"test-code":{"insertions":81,"deletions":0}}},{"hash":"06f49794c94dc06736dc993e7b4dd10bd90adbc3","isMergeCommit":false,"messageTitle":"Attendance.java: add getter for Attendance list","messageBody":"and add the corresponding tests\n","fileTypesAndContributionMap":{"functional-code":{"insertions":9,"deletions":2},"test-code":{"insertions":15,"deletions":0}}},{"hash":"ae36cfa3595dae23d99ccf70d5fee5a6203828f3","isMergeCommit":false,"messageTitle":"Abstract session attendance data to AttendanceSession model","messageBody":"To allow for easier future extension to include\nadditional data, e.g. date information.\n","fileTypesAndContributionMap":{"functional-code":{"insertions":86,"deletions":7},"test-code":{"insertions":93,"deletions":10}}},{"hash":"64581c2ffbf689b6e00a0151425b0a5f092e56cb","isMergeCommit":false,"messageTitle":"Remove SCA and Class attrs from Attendance","messageBody":"No longer necessary as SCA-Attendance is now\na 1:1 relationship, Attendance can just exist as\nan attribute of SCA.\n","fileTypesAndContributionMap":{"functional-code":{"insertions":4,"deletions":44},"test-code":{"insertions":25,"deletions":96}}},{"hash":"ae7860ef16bdc2d1144890d1f937de4431e223ac","isMergeCommit":false,"messageTitle":"Add JsonAdapted variations to Attendance and AttendanceSession","messageBody":"For use in storage application\n","fileTypesAndContributionMap":{"functional-code":{"insertions":76,"deletions":0},"test-code":{"insertions":63,"deletions":0}}}]},{"date":"2024-10-21","commitResults":[{"hash":"603c3f5bedfadf3a950f7322350ea8d95ddfd3a8","isMergeCommit":false,"messageTitle":"Extractor example attendance lists and objects for testing","messageBody":"Into a separate file, since it\u0027ll be used by a fair few files for testing purposes\n","fileTypesAndContributionMap":{"test-code":{"insertions":35,"deletions":17}}},{"hash":"dd10f8c010571ede5ce683eb6af69a04282c8029","isMergeCommit":false,"messageTitle":"Add Attendance to SCA","messageBody":"","fileTypesAndContributionMap":{"functional-code":{"insertions":25,"deletions":4},"test-code":{"insertions":20,"deletions":16}}},{"hash":"150d0a08214d1fdf343827ef779e45cce4ec6eec","isMergeCommit":true,"messageTitle":"Merge pull request #78 from FlyingDonkeys/master","messageBody":"Fix merge conflict","fileTypesAndContributionMap":{}},{"hash":"42051d44ef240389bcd4eb94080f18855d87d9ce","isMergeCommit":true,"messageTitle":"Fix merge conflicts","messageBody":"","fileTypesAndContributionMap":{}},{"hash":"8b8af682ca014d9d0b49a70eea97d0c99862a54d","isMergeCommit":false,"messageTitle":"Fix issues that emerged from removing Recitations","messageBody":"","fileTypesAndContributionMap":{"test-code":{"insertions":3,"deletions":4}}}]}]},"authorFileTypeContributionMap":{"FlyingDonkeys":{"docs":190,"functional-code":449,"test-code":506},"accountexeregister":{"docs":197,"functional-code":885,"test-code":1146},"devivy":{"docs":21,"functional-code":479,"test-code":459},"miloaisdino":{"docs":6,"functional-code":1308,"test-code":1159},"Zeepheru":{"docs":261,"functional-code":642,"test-code":894,"other":22}},"authorContributionVariance":{"FlyingDonkeys":37997.39,"accountexeregister":92933.12,"devivy":23383.89,"miloaisdino":95653.445,"Zeepheru":109943.56},"authorDisplayNameMap":{"FlyingDonkeys":"CS2103T-F14b-2 CHUA..SUAN","accountexeregister":"CS2103T-F14b-2 YEOH..G YI","devivy":"CS2103T-F14b-2 LATH..IVYA","miloaisdino":"CS2103T-F14b-2 MAXI.. JUN","Zeepheru":"CS2103T-F14b-2 CHAN..HANG"}}
