[{"path":"docs/AboutUs.md","fileType":"docs","lines":[{"lineNumber":1,"author":{"gitId":"-"},"content":"---","lastModifiedDate":"2020-05-23","isFullCredit":false},{"lineNumber":2,"author":{"gitId":"-"},"content":"  layout: default.md","lastModifiedDate":"2023-09-12","isFullCredit":false},{"lineNumber":3,"author":{"gitId":"-"},"content":"  title: \"About Us\"","lastModifiedDate":"2023-09-12","isFullCredit":false},{"lineNumber":4,"author":{"gitId":"-"},"content":"---","lastModifiedDate":"2020-05-23","isFullCredit":false},{"lineNumber":5,"author":{"gitId":"-"},"content":"","lastModifiedDate":"2020-05-23","isFullCredit":false},{"lineNumber":6,"author":{"gitId":"-"},"content":"# About Us","lastModifiedDate":"2023-09-12","isFullCredit":false},{"lineNumber":7,"author":{"gitId":"-"},"content":"","lastModifiedDate":"2023-09-12","isFullCredit":false},{"lineNumber":8,"author":{"gitId":"-"},"content":"We are a team based in the [School of Computing, National University of Singapore](http://www.comp.nus.edu.sg).","lastModifiedDate":"2023-09-12","isFullCredit":false},{"lineNumber":9,"author":{"gitId":"-"},"content":"","lastModifiedDate":"2020-05-23","isFullCredit":false},{"lineNumber":10,"author":{"gitId":"-"},"content":"You can reach us at the email `seer[at]comp.nus.edu.sg`","lastModifiedDate":"2020-06-17","isFullCredit":false},{"lineNumber":11,"author":{"gitId":"-"},"content":"","lastModifiedDate":"2020-06-17","isFullCredit":false},{"lineNumber":12,"author":{"gitId":"t-leongchuan"},"content":"## MindMap [W13-3]","lastModifiedDate":"2024-10-01","isFullCredit":false},{"lineNumber":13,"author":{"gitId":"-"},"content":"","lastModifiedDate":"2020-05-23","isFullCredit":false},{"lineNumber":14,"author":{"gitId":"t-leongchuan"},"content":"### Toh Leong Chuan","lastModifiedDate":"2024-10-01","isFullCredit":false},{"lineNumber":15,"author":{"gitId":"-"},"content":"","lastModifiedDate":"2020-05-23","isFullCredit":false},{"lineNumber":16,"author":{"gitId":"t-leongchuan"},"content":"\u003cimg src\u003d\"images/johndoe.png\" width\u003d\"200px\"\u003es","lastModifiedDate":"2024-10-01","isFullCredit":false},{"lineNumber":17,"author":{"gitId":"-"},"content":"","lastModifiedDate":"2020-05-23","isFullCredit":false},{"lineNumber":18,"author":{"gitId":"-"},"content":"[[homepage](http://www.comp.nus.edu.sg/~damithch)]","lastModifiedDate":"2020-05-23","isFullCredit":false},{"lineNumber":19,"author":{"gitId":"-"},"content":"[[github](https://github.com/johndoe)]","lastModifiedDate":"2020-06-17","isFullCredit":false},{"lineNumber":20,"author":{"gitId":"-"},"content":"[[portfolio](team/johndoe.md)]","lastModifiedDate":"2020-05-23","isFullCredit":false},{"lineNumber":21,"author":{"gitId":"-"},"content":"","lastModifiedDate":"2020-05-23","isFullCredit":false},{"lineNumber":22,"author":{"gitId":"-"},"content":"* Role: Project Advisor","lastModifiedDate":"2020-05-23","isFullCredit":false},{"lineNumber":23,"author":{"gitId":"-"},"content":"","lastModifiedDate":"2020-05-23","isFullCredit":false},{"lineNumber":24,"author":{"gitId":"slidings"},"content":"### Ze Rui","lastModifiedDate":"2024-10-01","isFullCredit":false},{"lineNumber":25,"author":{"gitId":"-"},"content":"","lastModifiedDate":"2020-05-23","isFullCredit":false},{"lineNumber":26,"author":{"gitId":"slidings"},"content":"\u003cimg src\u003d\"images/slidings.png\" width\u003d\"200px\"\u003e","lastModifiedDate":"2024-10-01","isFullCredit":false},{"lineNumber":27,"author":{"gitId":"-"},"content":"","lastModifiedDate":"2020-05-23","isFullCredit":false},{"lineNumber":28,"author":{"gitId":"slidings"},"content":"[[github](https://github.com/slidings)]","lastModifiedDate":"2024-10-01","isFullCredit":false},{"lineNumber":29,"author":{"gitId":"-"},"content":"[[portfolio](team/johndoe.md)]","lastModifiedDate":"2020-05-23","isFullCredit":false},{"lineNumber":30,"author":{"gitId":"-"},"content":"","lastModifiedDate":"2020-05-23","isFullCredit":false},{"lineNumber":31,"author":{"gitId":"-"},"content":"* Role: Project Advisor","lastModifiedDate":"2020-05-23","isFullCredit":false},{"lineNumber":32,"author":{"gitId":"-"},"content":"","lastModifiedDate":"2020-05-23","isFullCredit":false},{"lineNumber":33,"author":{"gitId":"zhiyi12345"},"content":"### Lee Zhi Yi","lastModifiedDate":"2024-10-01","isFullCredit":false},{"lineNumber":34,"author":{"gitId":"-"},"content":"","lastModifiedDate":"2020-05-23","isFullCredit":false},{"lineNumber":35,"author":{"gitId":"-"},"content":"\u003cimg src\u003d\"images/johndoe.png\" width\u003d\"200px\"\u003e","lastModifiedDate":"2020-06-17","isFullCredit":false},{"lineNumber":36,"author":{"gitId":"-"},"content":"","lastModifiedDate":"2020-05-23","isFullCredit":false},{"lineNumber":37,"author":{"gitId":"-"},"content":"[[github](http://github.com/johndoe)] [[portfolio](team/johndoe.md)]","lastModifiedDate":"2020-06-17","isFullCredit":false},{"lineNumber":38,"author":{"gitId":"-"},"content":"","lastModifiedDate":"2020-05-23","isFullCredit":false},{"lineNumber":39,"author":{"gitId":"-"},"content":"* Role: Developer","lastModifiedDate":"2020-05-23","isFullCredit":false},{"lineNumber":40,"author":{"gitId":"-"},"content":"* Responsibilities: Data","lastModifiedDate":"2020-05-23","isFullCredit":false},{"lineNumber":41,"author":{"gitId":"-"},"content":"","lastModifiedDate":"2020-05-23","isFullCredit":false},{"lineNumber":42,"author":{"gitId":"jeanyang04"},"content":"### Tan Jean Yang","lastModifiedDate":"2024-10-01","isFullCredit":false},{"lineNumber":43,"author":{"gitId":"-"},"content":"","lastModifiedDate":"2020-05-23","isFullCredit":false},{"lineNumber":44,"author":{"gitId":"jeanyang04"},"content":"\u003cimg src\u003d\"images/jeanyang04.png\" width\u003d\"200px\"\u003e","lastModifiedDate":"2024-10-01","isFullCredit":false},{"lineNumber":45,"author":{"gitId":"-"},"content":"","lastModifiedDate":"2020-05-23","isFullCredit":false},{"lineNumber":46,"author":{"gitId":"jeanyang04"},"content":"[[github](http://github.com/jeanyang04)]","lastModifiedDate":"2024-10-01","isFullCredit":false},{"lineNumber":47,"author":{"gitId":"-"},"content":"[[portfolio](team/johndoe.md)]","lastModifiedDate":"2020-05-23","isFullCredit":false},{"lineNumber":48,"author":{"gitId":"-"},"content":"","lastModifiedDate":"2020-05-23","isFullCredit":false},{"lineNumber":49,"author":{"gitId":"-"},"content":"* Role: Developer","lastModifiedDate":"2020-05-23","isFullCredit":false},{"lineNumber":50,"author":{"gitId":"-"},"content":"* Responsibilities: Dev Ops + Threading","lastModifiedDate":"2020-05-23","isFullCredit":false},{"lineNumber":51,"author":{"gitId":"-"},"content":"","lastModifiedDate":"2020-05-23","isFullCredit":false},{"lineNumber":52,"author":{"gitId":"jeanyang04"},"content":"### Ler Jun Yi","lastModifiedDate":"2024-10-01","isFullCredit":false},{"lineNumber":53,"author":{"gitId":"-"},"content":"","lastModifiedDate":"2020-05-23","isFullCredit":false},{"lineNumber":54,"author":{"gitId":"-"},"content":"\u003cimg src\u003d\"images/johndoe.png\" width\u003d\"200px\"\u003e","lastModifiedDate":"2020-06-17","isFullCredit":false},{"lineNumber":55,"author":{"gitId":"-"},"content":"","lastModifiedDate":"2020-05-23","isFullCredit":false},{"lineNumber":56,"author":{"gitId":"-"},"content":"[[github](http://github.com/johndoe)]","lastModifiedDate":"2020-06-17","isFullCredit":false},{"lineNumber":57,"author":{"gitId":"-"},"content":"[[portfolio](team/johndoe.md)]","lastModifiedDate":"2020-05-23","isFullCredit":false},{"lineNumber":58,"author":{"gitId":"-"},"content":"","lastModifiedDate":"2020-05-23","isFullCredit":false},{"lineNumber":59,"author":{"gitId":"-"},"content":"* Role: Developer","lastModifiedDate":"2020-05-23","isFullCredit":false},{"lineNumber":60,"author":{"gitId":"-"},"content":"* Responsibilities: UI","lastModifiedDate":"2020-05-23","isFullCredit":false}],"authorContributionMap":{"jeanyang04":4,"t-leongchuan":3,"slidings":3,"zhiyi12345":1,"-":49}},{"path":"docs/_markbind/layouts/default.md","fileType":"docs","lines":[{"lineNumber":1,"author":{"gitId":"-"},"content":"\u003chead-bottom\u003e","lastModifiedDate":"2023-09-12","isFullCredit":false},{"lineNumber":2,"author":{"gitId":"-"},"content":"  \u003clink rel\u003d\"stylesheet\" href\u003d\"{{baseUrl}}/stylesheets/main.css\"\u003e","lastModifiedDate":"2023-09-12","isFullCredit":false},{"lineNumber":3,"author":{"gitId":"-"},"content":"\u003c/head-bottom\u003e","lastModifiedDate":"2023-09-12","isFullCredit":false},{"lineNumber":4,"author":{"gitId":"-"},"content":"","lastModifiedDate":"2023-09-12","isFullCredit":false},{"lineNumber":5,"author":{"gitId":"-"},"content":"\u003cheader sticky\u003e","lastModifiedDate":"2023-09-12","isFullCredit":false},{"lineNumber":6,"author":{"gitId":"-"},"content":"  \u003cnavbar type\u003d\"dark\"\u003e","lastModifiedDate":"2023-09-12","isFullCredit":false},{"lineNumber":7,"author":{"gitId":"t-leongchuan"},"content":"    \u003ca slot\u003d\"brand\" href\u003d\"{{baseUrl}}/index.html\" title\u003d\"Home\" class\u003d\"navbar-brand\"\u003eMyProduct\u003c/a\u003e","lastModifiedDate":"2024-09-20","isFullCredit":false},{"lineNumber":8,"author":{"gitId":"-"},"content":"    \u003cli\u003e\u003ca href\u003d\"{{baseUrl}}/index.html\" class\u003d\"nav-link\"\u003eHome\u003c/a\u003e\u003c/li\u003e","lastModifiedDate":"2024-02-09","isFullCredit":false},{"lineNumber":9,"author":{"gitId":"-"},"content":"    \u003cli\u003e\u003ca href\u003d\"{{baseUrl}}/UserGuide.html\" class\u003d\"nav-link\"\u003eUser Guide\u003c/a\u003e\u003c/li\u003e","lastModifiedDate":"2023-09-12","isFullCredit":false},{"lineNumber":10,"author":{"gitId":"-"},"content":"    \u003cli\u003e\u003ca href\u003d\"{{baseUrl}}/DeveloperGuide.html\" class\u003d\"nav-link\"\u003eDeveloper Guide\u003c/a\u003e\u003c/li\u003e","lastModifiedDate":"2023-09-12","isFullCredit":false},{"lineNumber":11,"author":{"gitId":"-"},"content":"    \u003cli\u003e\u003ca href\u003d\"{{baseUrl}}/AboutUs.html\" class\u003d\"nav-link\"\u003eAbout Us\u003c/a\u003e\u003c/li\u003e","lastModifiedDate":"2023-09-12","isFullCredit":false},{"lineNumber":12,"author":{"gitId":"-"},"content":"    \u003cli\u003e\u003ca href\u003d\"https://github.com/se-edu/addressbook-level3\" target\u003d\"_blank\" class\u003d\"nav-link\"\u003e\u003cmd\u003e:fab-github:\u003c/md\u003e\u003c/a\u003e","lastModifiedDate":"2023-09-12","isFullCredit":false},{"lineNumber":13,"author":{"gitId":"-"},"content":"    \u003c/li\u003e","lastModifiedDate":"2023-09-12","isFullCredit":false},{"lineNumber":14,"author":{"gitId":"-"},"content":"    \u003cli slot\u003d\"right\"\u003e","lastModifiedDate":"2023-09-12","isFullCredit":false},{"lineNumber":15,"author":{"gitId":"-"},"content":"      \u003cform class\u003d\"navbar-form\"\u003e","lastModifiedDate":"2023-09-12","isFullCredit":false},{"lineNumber":16,"author":{"gitId":"-"},"content":"        \u003csearchbar :data\u003d\"searchData\" placeholder\u003d\"Search\" :on-hit\u003d\"searchCallback\" menu-align-right\u003e\u003c/searchbar\u003e","lastModifiedDate":"2023-09-12","isFullCredit":false},{"lineNumber":17,"author":{"gitId":"-"},"content":"      \u003c/form\u003e","lastModifiedDate":"2023-09-12","isFullCredit":false},{"lineNumber":18,"author":{"gitId":"-"},"content":"    \u003c/li\u003e","lastModifiedDate":"2023-09-12","isFullCredit":false},{"lineNumber":19,"author":{"gitId":"-"},"content":"  \u003c/navbar\u003e","lastModifiedDate":"2023-09-12","isFullCredit":false},{"lineNumber":20,"author":{"gitId":"-"},"content":"\u003c/header\u003e","lastModifiedDate":"2023-09-12","isFullCredit":false},{"lineNumber":21,"author":{"gitId":"-"},"content":"","lastModifiedDate":"2023-09-12","isFullCredit":false},{"lineNumber":22,"author":{"gitId":"-"},"content":"\u003cdiv id\u003d\"flex-body\"\u003e","lastModifiedDate":"2023-09-12","isFullCredit":false},{"lineNumber":23,"author":{"gitId":"-"},"content":"  \u003cnav id\u003d\"site-nav\"\u003e","lastModifiedDate":"2023-09-12","isFullCredit":false},{"lineNumber":24,"author":{"gitId":"-"},"content":"    \u003cdiv class\u003d\"site-nav-top\"\u003e","lastModifiedDate":"2023-09-12","isFullCredit":false},{"lineNumber":25,"author":{"gitId":"-"},"content":"      \u003cdiv class\u003d\"fw-bold mb-2\" style\u003d\"font-size: 1.25rem;\"\u003eSite Map\u003c/div\u003e","lastModifiedDate":"2023-09-12","isFullCredit":false},{"lineNumber":26,"author":{"gitId":"-"},"content":"    \u003c/div\u003e","lastModifiedDate":"2023-09-12","isFullCredit":false},{"lineNumber":27,"author":{"gitId":"-"},"content":"    \u003cdiv class\u003d\"nav-component slim-scroll\"\u003e","lastModifiedDate":"2023-09-12","isFullCredit":false},{"lineNumber":28,"author":{"gitId":"-"},"content":"      \u003csite-nav\u003e","lastModifiedDate":"2023-09-12","isFullCredit":false},{"lineNumber":29,"author":{"gitId":"-"},"content":"* [Home]({{ baseUrl }}/index.html)","lastModifiedDate":"2023-09-12","isFullCredit":false},{"lineNumber":30,"author":{"gitId":"-"},"content":"* [User Guide]({{ baseUrl }}/UserGuide.html) :expanded:","lastModifiedDate":"2023-09-12","isFullCredit":false},{"lineNumber":31,"author":{"gitId":"-"},"content":"  * [Quick Start]({{ baseUrl }}/UserGuide.html#quick-start)","lastModifiedDate":"2023-09-12","isFullCredit":false},{"lineNumber":32,"author":{"gitId":"-"},"content":"  * [Features]({{ baseUrl }}/UserGuide.html#features)","lastModifiedDate":"2023-09-12","isFullCredit":false},{"lineNumber":33,"author":{"gitId":"-"},"content":"  * [FAQ]({{ baseUrl }}/UserGuide.html#faq)","lastModifiedDate":"2023-09-12","isFullCredit":false},{"lineNumber":34,"author":{"gitId":"-"},"content":"  * [Command Summary]({{ baseUrl }}/UserGuide.html#faq)","lastModifiedDate":"2023-09-12","isFullCredit":false},{"lineNumber":35,"author":{"gitId":"-"},"content":"* [Developer Guide]({{ baseUrl }}/DeveloperGuide.html) :expanded:","lastModifiedDate":"2023-09-12","isFullCredit":false},{"lineNumber":36,"author":{"gitId":"-"},"content":"  * [Acknowledgements]({{ baseUrl }}/DeveloperGuide.html#acknowledgements)","lastModifiedDate":"2023-09-12","isFullCredit":false},{"lineNumber":37,"author":{"gitId":"-"},"content":"  * [Setting Up]({{ baseUrl }}/DeveloperGuide.html#setting-up-getting-started)","lastModifiedDate":"2023-09-12","isFullCredit":false},{"lineNumber":38,"author":{"gitId":"-"},"content":"  * [Design]({{ baseUrl }}/DeveloperGuide.html#design)","lastModifiedDate":"2023-09-12","isFullCredit":false},{"lineNumber":39,"author":{"gitId":"-"},"content":"  * [Implementation]({{ baseUrl }}/DeveloperGuide.html#implementation)","lastModifiedDate":"2023-09-12","isFullCredit":false},{"lineNumber":40,"author":{"gitId":"-"},"content":"  * [Documentation, logging, testing, configuration, dev-ops]({{ baseUrl }}/DeveloperGuide.html#documentation-logging-testing-configuration-dev-ops)","lastModifiedDate":"2023-09-12","isFullCredit":false},{"lineNumber":41,"author":{"gitId":"-"},"content":"  * [Appendix: Requirements]({{ baseUrl }}/DeveloperGuide.html#appendix-requirements)","lastModifiedDate":"2023-09-12","isFullCredit":false},{"lineNumber":42,"author":{"gitId":"-"},"content":"  * [Appendix: Instructions for manual testing]({{ baseUrl }}/DeveloperGuide.html#appendix-instructions-for-manual-testing)","lastModifiedDate":"2023-09-12","isFullCredit":false},{"lineNumber":43,"author":{"gitId":"-"},"content":"* Tutorials","lastModifiedDate":"2023-09-12","isFullCredit":false},{"lineNumber":44,"author":{"gitId":"-"},"content":"  * [Tracing code]({{ baseUrl }}/tutorials/TracingCode.html)","lastModifiedDate":"2023-09-12","isFullCredit":false},{"lineNumber":45,"author":{"gitId":"-"},"content":"  * [Adding a command]({{ baseUrl }}/tutorials/AddRemark.html)","lastModifiedDate":"2023-09-12","isFullCredit":false},{"lineNumber":46,"author":{"gitId":"-"},"content":"  * [Removing Fields]({{ baseUrl }}/tutorials/RemovingFields.html)","lastModifiedDate":"2023-09-12","isFullCredit":false},{"lineNumber":47,"author":{"gitId":"-"},"content":"* [About Us]({{ baseUrl }}/AboutUs.html)","lastModifiedDate":"2023-09-12","isFullCredit":false},{"lineNumber":48,"author":{"gitId":"-"},"content":"      \u003c/site-nav\u003e","lastModifiedDate":"2023-09-12","isFullCredit":false},{"lineNumber":49,"author":{"gitId":"-"},"content":"    \u003c/div\u003e","lastModifiedDate":"2023-09-12","isFullCredit":false},{"lineNumber":50,"author":{"gitId":"-"},"content":"  \u003c/nav\u003e","lastModifiedDate":"2023-09-12","isFullCredit":false},{"lineNumber":51,"author":{"gitId":"-"},"content":"  \u003cdiv id\u003d\"content-wrapper\"\u003e","lastModifiedDate":"2023-09-12","isFullCredit":false},{"lineNumber":52,"author":{"gitId":"-"},"content":"    {{ content }}","lastModifiedDate":"2023-09-12","isFullCredit":false},{"lineNumber":53,"author":{"gitId":"-"},"content":"  \u003c/div\u003e","lastModifiedDate":"2023-09-12","isFullCredit":false},{"lineNumber":54,"author":{"gitId":"-"},"content":"  \u003cnav id\u003d\"page-nav\"\u003e","lastModifiedDate":"2023-09-12","isFullCredit":false},{"lineNumber":55,"author":{"gitId":"-"},"content":"    \u003cdiv class\u003d\"nav-component slim-scroll\"\u003e","lastModifiedDate":"2023-09-12","isFullCredit":false},{"lineNumber":56,"author":{"gitId":"-"},"content":"      \u003cpage-nav /\u003e","lastModifiedDate":"2023-09-12","isFullCredit":false},{"lineNumber":57,"author":{"gitId":"-"},"content":"    \u003c/div\u003e","lastModifiedDate":"2023-09-12","isFullCredit":false},{"lineNumber":58,"author":{"gitId":"-"},"content":"  \u003c/nav\u003e","lastModifiedDate":"2023-09-12","isFullCredit":false},{"lineNumber":59,"author":{"gitId":"-"},"content":"  \u003cscroll-top-button\u003e\u003c/scroll-top-button\u003e","lastModifiedDate":"2023-09-12","isFullCredit":false},{"lineNumber":60,"author":{"gitId":"-"},"content":"\u003c/div\u003e","lastModifiedDate":"2023-09-12","isFullCredit":false},{"lineNumber":61,"author":{"gitId":"-"},"content":"","lastModifiedDate":"2023-09-12","isFullCredit":false},{"lineNumber":62,"author":{"gitId":"-"},"content":"\u003cfooter\u003e","lastModifiedDate":"2023-09-12","isFullCredit":false},{"lineNumber":63,"author":{"gitId":"-"},"content":"  \u003c!-- Support MarkBind by including a link to us on your landing page! --\u003e","lastModifiedDate":"2023-09-12","isFullCredit":false},{"lineNumber":64,"author":{"gitId":"-"},"content":"  \u003cdiv class\u003d\"text-center\"\u003e","lastModifiedDate":"2023-09-12","isFullCredit":false},{"lineNumber":65,"author":{"gitId":"-"},"content":"    \u003csmall\u003e[\u003cmd\u003e**Powered by**\u003c/md\u003e \u003cimg src\u003d\"https://markbind.org/favicon.ico\" width\u003d\"30\"\u003e {{MarkBind}}, generated on {{timestamp}}]\u003c/small\u003e","lastModifiedDate":"2023-09-12","isFullCredit":false},{"lineNumber":66,"author":{"gitId":"-"},"content":"  \u003c/div\u003e","lastModifiedDate":"2023-09-12","isFullCredit":false},{"lineNumber":67,"author":{"gitId":"-"},"content":"\u003c/footer\u003e","lastModifiedDate":"2023-09-12","isFullCredit":false}],"authorContributionMap":{"t-leongchuan":1,"-":66}},{"path":"src/.idea/misc.xml","fileType":"other","lines":[{"lineNumber":1,"author":{"gitId":"junyi73"},"content":"\u003c?xml version\u003d\"1.0\" encoding\u003d\"UTF-8\"?\u003e","lastModifiedDate":"2024-10-01","isFullCredit":false},{"lineNumber":2,"author":{"gitId":"junyi73"},"content":"\u003cproject version\u003d\"4\"\u003e","lastModifiedDate":"2024-10-01","isFullCredit":false},{"lineNumber":3,"author":{"gitId":"junyi73"},"content":"  \u003ccomponent name\u003d\"ProjectRootManager\" version\u003d\"2\" languageLevel\u003d\"JDK_20\" default\u003d\"true\" project-jdk-name\u003d\"corretto-20\" project-jdk-type\u003d\"JavaSDK\"\u003e","lastModifiedDate":"2024-10-01","isFullCredit":false},{"lineNumber":4,"author":{"gitId":"junyi73"},"content":"    \u003coutput url\u003d\"file://$PROJECT_DIR$/out\" /\u003e","lastModifiedDate":"2024-10-01","isFullCredit":false},{"lineNumber":5,"author":{"gitId":"junyi73"},"content":"  \u003c/component\u003e","lastModifiedDate":"2024-10-01","isFullCredit":false},{"lineNumber":6,"author":{"gitId":"junyi73"},"content":"\u003c/project\u003e","lastModifiedDate":"2024-10-01","isFullCredit":false}],"authorContributionMap":{"junyi73":6}},{"path":"src/.idea/modules.xml","fileType":"other","lines":[{"lineNumber":1,"author":{"gitId":"junyi73"},"content":"\u003c?xml version\u003d\"1.0\" encoding\u003d\"UTF-8\"?\u003e","lastModifiedDate":"2024-10-01","isFullCredit":false},{"lineNumber":2,"author":{"gitId":"junyi73"},"content":"\u003cproject version\u003d\"4\"\u003e","lastModifiedDate":"2024-10-01","isFullCredit":false},{"lineNumber":3,"author":{"gitId":"junyi73"},"content":"  \u003ccomponent name\u003d\"ProjectModuleManager\"\u003e","lastModifiedDate":"2024-10-01","isFullCredit":false},{"lineNumber":4,"author":{"gitId":"junyi73"},"content":"    \u003cmodules\u003e","lastModifiedDate":"2024-10-01","isFullCredit":false},{"lineNumber":5,"author":{"gitId":"junyi73"},"content":"      \u003cmodule fileurl\u003d\"file://$PROJECT_DIR$/main/main.iml\" filepath\u003d\"$PROJECT_DIR$/main/main.iml\" /\u003e","lastModifiedDate":"2024-10-01","isFullCredit":false},{"lineNumber":6,"author":{"gitId":"junyi73"},"content":"      \u003cmodule fileurl\u003d\"file://$PROJECT_DIR$/.idea/src.iml\" filepath\u003d\"$PROJECT_DIR$/.idea/src.iml\" /\u003e","lastModifiedDate":"2024-10-01","isFullCredit":false},{"lineNumber":7,"author":{"gitId":"junyi73"},"content":"      \u003cmodule fileurl\u003d\"file://$PROJECT_DIR$/test/test.iml\" filepath\u003d\"$PROJECT_DIR$/test/test.iml\" /\u003e","lastModifiedDate":"2024-10-01","isFullCredit":false},{"lineNumber":8,"author":{"gitId":"junyi73"},"content":"    \u003c/modules\u003e","lastModifiedDate":"2024-10-01","isFullCredit":false},{"lineNumber":9,"author":{"gitId":"junyi73"},"content":"  \u003c/component\u003e","lastModifiedDate":"2024-10-01","isFullCredit":false},{"lineNumber":10,"author":{"gitId":"junyi73"},"content":"\u003c/project\u003e","lastModifiedDate":"2024-10-01","isFullCredit":false}],"authorContributionMap":{"junyi73":10}},{"path":"src/.idea/workspace.xml","fileType":"other","lines":[{"lineNumber":1,"author":{"gitId":"junyi73"},"content":"\u003c?xml version\u003d\"1.0\" encoding\u003d\"UTF-8\"?\u003e","lastModifiedDate":"2024-10-01","isFullCredit":false},{"lineNumber":2,"author":{"gitId":"junyi73"},"content":"\u003cproject version\u003d\"4\"\u003e","lastModifiedDate":"2024-10-01","isFullCredit":false},{"lineNumber":3,"author":{"gitId":"junyi73"},"content":"  \u003ccomponent name\u003d\"PropertiesComponent\"\u003e{","lastModifiedDate":"2024-10-01","isFullCredit":false},{"lineNumber":4,"author":{"gitId":"junyi73"},"content":"  \u0026quot;keyToString\u0026quot;: {","lastModifiedDate":"2024-10-01","isFullCredit":false},{"lineNumber":5,"author":{"gitId":"junyi73"},"content":"    \u0026quot;project.structure.last.edited\u0026quot;: \u0026quot;Project\u0026quot;,","lastModifiedDate":"2024-10-01","isFullCredit":false},{"lineNumber":6,"author":{"gitId":"junyi73"},"content":"    \u0026quot;project.structure.proportion\u0026quot;: \u0026quot;0.0\u0026quot;,","lastModifiedDate":"2024-10-01","isFullCredit":false},{"lineNumber":7,"author":{"gitId":"junyi73"},"content":"    \u0026quot;project.structure.side.proportion\u0026quot;: \u0026quot;0.0\u0026quot;,","lastModifiedDate":"2024-10-01","isFullCredit":false},{"lineNumber":8,"author":{"gitId":"junyi73"},"content":"    \u0026quot;settings.editor.selected.configurable\u0026quot;: \u0026quot;configurable.group.language\u0026quot;","lastModifiedDate":"2024-10-01","isFullCredit":false},{"lineNumber":9,"author":{"gitId":"junyi73"},"content":"  }","lastModifiedDate":"2024-10-01","isFullCredit":false},{"lineNumber":10,"author":{"gitId":"junyi73"},"content":"}\u003c/component\u003e","lastModifiedDate":"2024-10-01","isFullCredit":false},{"lineNumber":11,"author":{"gitId":"junyi73"},"content":"  \u003ccomponent name\u003d\"TaskManager\"\u003e","lastModifiedDate":"2024-10-01","isFullCredit":false},{"lineNumber":12,"author":{"gitId":"junyi73"},"content":"    \u003ctask active\u003d\"true\" id\u003d\"Default\" summary\u003d\"Default task\"\u003e","lastModifiedDate":"2024-10-01","isFullCredit":false},{"lineNumber":13,"author":{"gitId":"junyi73"},"content":"      \u003ccreated\u003e1707152731999\u003c/created\u003e","lastModifiedDate":"2024-10-01","isFullCredit":false},{"lineNumber":14,"author":{"gitId":"junyi73"},"content":"      \u003coption name\u003d\"number\" value\u003d\"Default\" /\u003e","lastModifiedDate":"2024-10-01","isFullCredit":false},{"lineNumber":15,"author":{"gitId":"junyi73"},"content":"      \u003coption name\u003d\"presentableId\" value\u003d\"Default\" /\u003e","lastModifiedDate":"2024-10-01","isFullCredit":false},{"lineNumber":16,"author":{"gitId":"junyi73"},"content":"      \u003cupdated\u003e1707152731999\u003c/updated\u003e","lastModifiedDate":"2024-10-01","isFullCredit":false},{"lineNumber":17,"author":{"gitId":"junyi73"},"content":"    \u003c/task\u003e","lastModifiedDate":"2024-10-01","isFullCredit":false},{"lineNumber":18,"author":{"gitId":"junyi73"},"content":"    \u003cservers /\u003e","lastModifiedDate":"2024-10-01","isFullCredit":false},{"lineNumber":19,"author":{"gitId":"junyi73"},"content":"  \u003c/component\u003e","lastModifiedDate":"2024-10-01","isFullCredit":false},{"lineNumber":20,"author":{"gitId":"junyi73"},"content":"\u003c/project\u003e","lastModifiedDate":"2024-10-01","isFullCredit":false}],"authorContributionMap":{"junyi73":20}}]
