{"authorDailyContributionsMap":{"yooplo":[{"date":"2024-10-03","commitResults":[{"hash":"878e0402512e9c3dd5118b11d2b594fa9b19e1d8","isMergeCommit":true,"messageTitle":"Merge pull request #11 from yooplo/branch-Add-Photo","messageBody":"Add photo for Justin","fileTypesAndContributionMap":{}},{"hash":"4cd5c6585c884ece7eca64d2a5db48f79a3498c2","isMergeCommit":false,"messageTitle":"Update About Us docs","messageBody":"- Add Justin\u0027s details\n","fileTypesAndContributionMap":{"docs":{"insertions":5,"deletions":4}}},{"hash":"26e7a7469f665bf88a544a5c03c29edc4a5c9023","isMergeCommit":false,"messageTitle":"Add Justin Portfolio md file","messageBody":"","fileTypesAndContributionMap":{"docs":{"insertions":6,"deletions":0}}},{"hash":"17f8dbd4e4945a9aaac7d7707e37789827be6731","isMergeCommit":false,"messageTitle":"Update portfolio path in About us","messageBody":"","fileTypesAndContributionMap":{"docs":{"insertions":1,"deletions":1}}},{"hash":"cad4afe6eb31f278c10b8b26dd05ab9e5dee0c43","isMergeCommit":true,"messageTitle":"Merge pull request #17 from KrashKart/branch-ZhengJie-AboutUs","messageBody":"Add Zheng Jie\u0027s AboutUs details","fileTypesAndContributionMap":{}}]},{"date":"2024-10-04","commitResults":[{"hash":"1a50bed6b513dcfd9dd6af4d5c826dabb4c439c1","isMergeCommit":true,"messageTitle":"Merge pull request #33 from KrashKart/branch-editDG-UseCases","messageBody":"Update DG Use Cases","fileTypesAndContributionMap":{}},{"hash":"6158bfbff0043887c130b37cffbca65ab674ed7d","isMergeCommit":false,"messageTitle":"Add user stories to Developer Guide","messageBody":"","fileTypesAndContributionMap":{"docs":{"insertions":23,"deletions":8}}},{"hash":"2f645c682d5965089ef4eca2aa37f90c8c2309b8","isMergeCommit":true,"messageTitle":"Merge pull request #38 from CYX22222003/update-product-scope","messageBody":"Update product scope","fileTypesAndContributionMap":{}},{"hash":"7d323392fab24e511141633a4db1219932ee2cfa","isMergeCommit":true,"messageTitle":"Merge pull request #37 from yooplo/branch-Developer-Guide","messageBody":"Add user stories to Developer Guide","fileTypesAndContributionMap":{}}]},{"date":"2024-10-05","commitResults":[{"hash":"28594f9279125a203f95d2601093611cf47d8fe0","isMergeCommit":true,"messageTitle":"Merge pull request #41 from KrashKart/branch-Change-NguyenImageFile","messageBody":"Rename Nguyen\u0027s png file","fileTypesAndContributionMap":{}}]},{"date":"2024-10-10","commitResults":[{"hash":"c9a4c6cb4cfc8f1d733b9d75d5bd324a75d0f34e","isMergeCommit":true,"messageTitle":"Merge pull request #51 from KrashKart/branch-Restructure-Find","messageBody":"Reformat find by name command","fileTypesAndContributionMap":{}},{"hash":"954dd1556632e1177969a4b2167d76357691a838","isMergeCommit":true,"messageTitle":"Merge pull request #54 from KrashKart/branch-Find-Name","messageBody":"Re-implement find by name command","fileTypesAndContributionMap":{}},{"hash":"eb54268c7d3df691458d5069ad6de777a94396c6","isMergeCommit":false,"messageTitle":"Implement FindingByEmailCommand Class","messageBody":"","fileTypesAndContributionMap":{"functional-code":{"insertions":36,"deletions":0}}},{"hash":"3a8fb0327420ce905b80ea11a14db43fb92ed7c2","isMergeCommit":false,"messageTitle":"Add test cases for FindByEmailCommand","messageBody":"","fileTypesAndContributionMap":{"functional-code":{"insertions":5,"deletions":0},"test-code":{"insertions":93,"deletions":2}}},{"hash":"db4fd07f6db2331090db6cb3fb71fc663b6df553","isMergeCommit":false,"messageTitle":"Update error message for wrong input format","messageBody":"","fileTypesAndContributionMap":{"functional-code":{"insertions":7,"deletions":1}}}]},{"date":"2024-10-15","commitResults":[{"hash":"dbe629da4d3419c87b4a98a88773fc2694491561","isMergeCommit":false,"messageTitle":"Update Find command tag format","messageBody":"original was /\u003ctag\u003e\nnow is \u003ctag\u003e/\n\nTo make it in uniform with the other commands\n","fileTypesAndContributionMap":{"functional-code":{"insertions":13,"deletions":13},"test-code":{"insertions":6,"deletions":6}}},{"hash":"00948941fb838d751fc83513f02c986dcabe6b8e","isMergeCommit":false,"messageTitle":"Improve find to include partial matches","messageBody":"Include additional test cases\n","fileTypesAndContributionMap":{"functional-code":{"insertions":3,"deletions":6},"test-code":{"insertions":40,"deletions":2}}},{"hash":"9ca011bde007bd5a1a3c0df7d85479a943e9aea5","isMergeCommit":true,"messageTitle":"Merge pull request #71 from KrashKart/branch-find-tag","messageBody":"Find contacts by tag","fileTypesAndContributionMap":{}},{"hash":"fb90b09f5e78a9ed90a58aefbaedc35c54398d39","isMergeCommit":true,"messageTitle":"Merge pull request #70 from KrashKart/branch-edit-GUI","messageBody":"Branch Edit GUI","fileTypesAndContributionMap":{}},{"hash":"e0653bc4fced5ecf1bdf4e9d18ce341d16446872","isMergeCommit":false,"messageTitle":"Replace all instances of \u0027AddressBook\u0027 with \u0027CampusConnect\u0027","messageBody":"","fileTypesAndContributionMap":{"functional-code":{"insertions":232,"deletions":231},"other":{"insertions":73,"deletions":74},"docs":{"insertions":117,"deletions":163},"test-code":{"insertions":253,"deletions":252}}},{"hash":"8f6fc86441fed8daf7ff9ec6fed6b5a5dd831437","isMergeCommit":true,"messageTitle":"Merge pull request #73 from KrashKart/branch-delete-FindCommand","messageBody":"Delete FindCommand and remove dependencies","fileTypesAndContributionMap":{}},{"hash":"67fb76a9c63a79d21b666cfb3515e6fdc2fdc260","isMergeCommit":true,"messageTitle":"Merge branch \u0027master\u0027 into branch-rename-packages","messageBody":"# Conflicts:\n#\tsrc/test/java/seedu/address/logic/commands/FindCommandTest.java\n","fileTypesAndContributionMap":{}},{"hash":"44f45923c2ecf9ac89c10d2a83d073d63a82cb1c","isMergeCommit":false,"messageTitle":"Delete unnecessary files","messageBody":"","fileTypesAndContributionMap":{"test-code":{"insertions":0,"deletions":0}}},{"hash":"4905482fb55a11a379e389010aab00a3d7a6af52","isMergeCommit":true,"messageTitle":"Merge pull request #74 from yooplo/branch-rename-packages","messageBody":"Replace all instances of \u0027AddressBook\u0027 with \u0027CampusConnect\u0027","fileTypesAndContributionMap":{}}]},{"date":"2024-10-16","commitResults":[{"hash":"8695774f5b40deecb3aec3db460da52a7833c296","isMergeCommit":false,"messageTitle":"Update the color theme of the GUI to match NUS colors","messageBody":"","fileTypesAndContributionMap":{"functional-code":{"insertions":179,"deletions":6}}},{"hash":"f7d95a2c337b598c28b1b4a90c7ef1174d89013f","isMergeCommit":true,"messageTitle":"Merge pull request #81 from KrashKart/branch-change-Readme","messageBody":"Change README","fileTypesAndContributionMap":{}}]},{"date":"2024-10-20","commitResults":[{"hash":"516688c4616912672ebc3a8eb0a38b2e4f1f7a8c","isMergeCommit":false,"messageTitle":"Improve visibility of menu options","messageBody":"","fileTypesAndContributionMap":{"functional-code":{"insertions":2,"deletions":3}}},{"hash":"204df0793e3dfe8dcc1ce05b776854edf807aad8","isMergeCommit":true,"messageTitle":"Merge pull request #103 from KrashKart/branch-tag-space","messageBody":"Add spacing between tags in UI display","fileTypesAndContributionMap":{}},{"hash":"43bc6d8e83141b1a8bcc3463e5a1677a36be9a3b","isMergeCommit":false,"messageTitle":"Implement list of current tags in the GUI","messageBody":"- current bug: list does not refresh with new Person added\n","fileTypesAndContributionMap":{"functional-code":{"insertions":104,"deletions":7}}}]},{"date":"2024-10-21","commitResults":[{"hash":"429981d94ffe211d04c39f70c2e6b9230d4c54ec","isMergeCommit":false,"messageTitle":"Update GUI - Improve display for list of tags - Delete unnecessary css themes - Add mouse hover animation on the personsList and tagsList - Bug where the tagsList does not update in real time is still unfixed","messageBody":"","fileTypesAndContributionMap":{"functional-code":{"insertions":202,"deletions":448},"test-code":{"insertions":13,"deletions":1}}},{"hash":"835b01acf84e91e766b3b8fadff6f74e2642dcf4","isMergeCommit":true,"messageTitle":"Merge branch \u0027master\u0027 into branch-ui-update","messageBody":"","fileTypesAndContributionMap":{}},{"hash":"85cbcafb383284c157cee3443be7aa90a99a8ec9","isMergeCommit":true,"messageTitle":"Merge pull request #106 from KrashKart/branch-edit-uml","messageBody":"Update UML diagrams in DG","fileTypesAndContributionMap":{}},{"hash":"8d1e6d0da55cbd9fee1c8eeff7923efff9a7879c","isMergeCommit":true,"messageTitle":"Merge branch \u0027master\u0027 into branch-ui-update","messageBody":"","fileTypesAndContributionMap":{}},{"hash":"98f50e13697a565c0cbb778aaba2098417fbb47b","isMergeCommit":false,"messageTitle":"Move the sorting of the tagList into the LogicManager","messageBody":"","fileTypesAndContributionMap":{"functional-code":{"insertions":3,"deletions":3}}},{"hash":"aa14d98325d508957cd10835f8ba5dc7de730637","isMergeCommit":false,"messageTitle":"Remove redundant sorting","messageBody":"","fileTypesAndContributionMap":{"functional-code":{"insertions":1,"deletions":2}}},{"hash":"7229eabdef1f7b66a9af1afd998a86e022c1090d","isMergeCommit":false,"messageTitle":"Fix checkstyle issue - remove unused import","messageBody":"","fileTypesAndContributionMap":{"functional-code":{"insertions":0,"deletions":1}}},{"hash":"cc91ccf1ea12ced78ec0dbc701ca95df44effab6","isMergeCommit":true,"messageTitle":"Merge pull request #107 from yooplo/branch-ui-update","messageBody":"Branch UI update","fileTypesAndContributionMap":{}},{"hash":"d94478ebb71f19cf1eaa7a62c98fffb7548ea8c4","isMergeCommit":true,"messageTitle":"Merge pull request #104 from KrashKart/branch-empty-starting-list","messageBody":"Initialise CampusConnect with empty contact list","fileTypesAndContributionMap":{}},{"hash":"a29ccb51a82c504f1377a730758bf8062ceb08f4","isMergeCommit":false,"messageTitle":"Update UiClassDiagram to include TagListPanel and TagCard","messageBody":"","fileTypesAndContributionMap":{"docs":{"insertions":9,"deletions":0}}},{"hash":"a5dea1bef5c4030155710e5069930d993bad8b46","isMergeCommit":true,"messageTitle":"Merge branch \u0027master\u0027 into branch-UML-update","messageBody":"","fileTypesAndContributionMap":{}}]},{"date":"2024-10-22","commitResults":[{"hash":"ab6a3ed0688d7aa557267c426f0eb58de616fdfc","isMergeCommit":false,"messageTitle":"Fix bug where the tag list in the GUI does not update instantly","messageBody":"","fileTypesAndContributionMap":{"functional-code":{"insertions":38,"deletions":21}}},{"hash":"c0aebffa30abeb944dae7a67385d615c83c937d8","isMergeCommit":false,"messageTitle":"Remove redundant log","messageBody":"","fileTypesAndContributionMap":{"functional-code":{"insertions":0,"deletions":2}}}]},{"date":"2024-10-23","commitResults":[{"hash":"e6ea6de345d0ea498bea39cbd5ef3fc537792d7c","isMergeCommit":false,"messageTitle":"Implement the find command with multiple fields","messageBody":"","fileTypesAndContributionMap":{"functional-code":{"insertions":78,"deletions":26},"test-code":{"insertions":18,"deletions":3}}},{"hash":"59a9a89a8067a0881fad3d78269219c6479a8a5e","isMergeCommit":false,"messageTitle":"Add test cases - for EmailContainsKeywordsPredicate - for CombinedContainsKeywordsPredicate","messageBody":"","fileTypesAndContributionMap":{"functional-code":{"insertions":15,"deletions":14},"other":{"insertions":17,"deletions":2},"test-code":{"insertions":245,"deletions":52}}}]},{"date":"2024-10-24","commitResults":[{"hash":"fe61e0caf400b9360a887d4cc2f6d6aba8e6d811","isMergeCommit":false,"messageTitle":"Fix checkstyle issues","messageBody":"","fileTypesAndContributionMap":{"functional-code":{"insertions":2,"deletions":2},"test-code":{"insertions":1,"deletions":1}}},{"hash":"9e25063a8938f20116d2bfc68b50a589e58e331f","isMergeCommit":false,"messageTitle":"Adjust the test case phone values to start with 6,8 or 9","messageBody":"","fileTypesAndContributionMap":{"functional-code":{"insertions":1,"deletions":1},"test-code":{"insertions":12,"deletions":12}}},{"hash":"4df1ed13cd349ecdd5175903eb3b49f20090c252","isMergeCommit":true,"messageTitle":"Merge branch \u0027master\u0027 into branch-superfind","messageBody":"# Conflicts:\n#\tsrc/test/java/seedu/address/model/person\n                  /NameContainsKeywordsPredicateTest.java\n#\tsrc/test/java/seedu/address/model/person\n                  /TagContainsKeywordsPredicateTest.java\n","fileTypesAndContributionMap":{}},{"hash":"f1da27a9ec2c9b2315549927ea3219a201af1e84","isMergeCommit":false,"messageTitle":"Add SuperFind to Command UML diagram","messageBody":"","fileTypesAndContributionMap":{"docs":{"insertions":1,"deletions":1}}},{"hash":"33de34ba284afa9531248cd799f742be40e0208d","isMergeCommit":true,"messageTitle":"Merge branch \u0027master\u0027 into branch-superfind","messageBody":"# Conflicts:\n#\tsrc/main/java/seedu/address/logic/LogicManager.java\n#\tsrc/main/java/seedu/address/logic/parser/CampusConnectParser.java\n#\tsrc/test/java/seedu/address/logic/parser/CampusConnectParserTest.java\n","fileTypesAndContributionMap":{}},{"hash":"6a7a8b18012e0c1844effffa60724e7fa9779be8","isMergeCommit":false,"messageTitle":"Import RedoCommand","messageBody":"","fileTypesAndContributionMap":{"functional-code":{"insertions":1,"deletions":0}}},{"hash":"d1c9853f633c8efbd7a5d1bc51eb4cab9844ead4","isMergeCommit":false,"messageTitle":"Abstract out methods to improve the level of abstraction.","messageBody":"","fileTypesAndContributionMap":{"functional-code":{"insertions":35,"deletions":29}}},{"hash":"90d7d64fac7bd27ad2623ab51fc9d532c4a2dd70","isMergeCommit":true,"messageTitle":"Merge pull request #144","messageBody":"Implement SuperFind","fileTypesAndContributionMap":{}},{"hash":"946b7099eb34e2e5f5c67b701febf5528915abac","isMergeCommit":false,"messageTitle":"Implement a uniform color scheme throughout the UI","messageBody":"Also updated the UI.png image with the new look\n","fileTypesAndContributionMap":{"functional-code":{"insertions":19,"deletions":13}}},{"hash":"6cb71cb4844919a7e8a880fb4679800f8bf11830","isMergeCommit":true,"messageTitle":"Merge pull request #154","messageBody":"Update version number","fileTypesAndContributionMap":{}}]},{"date":"2024-10-26","commitResults":[{"hash":"e62b77bfc348f3a722ebbf07cc02350fc5774302","isMergeCommit":false,"messageTitle":"Update code quality in shouldSaveCampusConnet method","messageBody":"","fileTypesAndContributionMap":{"functional-code":{"insertions":5,"deletions":5}}},{"hash":"06ef22f50cf7e367b92ef0226d2faa0170f6c516","isMergeCommit":false,"messageTitle":"Update code","messageBody":"","fileTypesAndContributionMap":{"functional-code":{"insertions":2,"deletions":1}}}]},{"date":"2024-10-31","commitResults":[{"hash":"af48fb1aa1cc4d5658e85bf393412e6c2a2c1465","isMergeCommit":false,"messageTitle":"Add addtag to the UG","messageBody":"","fileTypesAndContributionMap":{"docs":{"insertions":17,"deletions":1}}}]},{"date":"2024-11-02","commitResults":[{"hash":"b724f7006afd54318cda86f8e4363ea9095d05ce","isMergeCommit":false,"messageTitle":"Fix small bug with display message.","messageBody":"","fileTypesAndContributionMap":{"functional-code":{"insertions":2,"deletions":2}}},{"hash":"d2152a9a3b2d40156a053be275df74c913428d67","isMergeCommit":true,"messageTitle":"Merge pull request #185","messageBody":"Addtag command success incorrect display message","fileTypesAndContributionMap":{}},{"hash":"4a0a2ff1f5aa0411e9e9231d17ecc3473773c076","isMergeCommit":false,"messageTitle":"Replace the invalid category example of \"modules\" with \"acads\"","messageBody":"","fileTypesAndContributionMap":{"functional-code":{"insertions":1,"deletions":1}}},{"hash":"b470ad521eaa8e76e1dcd546c196f4a49ab48ce2","isMergeCommit":false,"messageTitle":"Neaten the css code by abstracting out the styling related to the tag-card into a new css file","messageBody":"","fileTypesAndContributionMap":{"functional-code":{"insertions":20,"deletions":20}}},{"hash":"444c877e5b4139361bcce979c4e42a17aae06d2d","isMergeCommit":false,"messageTitle":"Move back the unrelated attribute label from tag card css file","messageBody":"","fileTypesAndContributionMap":{"functional-code":{"insertions":4,"deletions":4}}},{"hash":"c77083ef012f78d2fa5d7d51e56e5079e30dccf3","isMergeCommit":true,"messageTitle":"Merge branch \u0027master\u0027 into branch-abstract-css","messageBody":"","fileTypesAndContributionMap":{}},{"hash":"b62fb76cae85812eb2c93842f7823031b4bb9493","isMergeCommit":true,"messageTitle":"Merge branch \u0027master\u0027 into branch-invalid-example-fix","messageBody":"# Conflicts:\n#\tsrc/main/java/seedu/address/logic/commands/CategorizeTagCommand.java\n","fileTypesAndContributionMap":{}},{"hash":"99dde99b46c1872c6bb192245a9b457ff03e3629","isMergeCommit":true,"messageTitle":"Merge pull request #182 from chrisjohntan/add-tag-manager","messageBody":"Implement tag manager","fileTypesAndContributionMap":{}}]}],"KrashKart":[{"date":"2024-10-03","commitResults":[{"hash":"847c9ebcc3dbd83b52d6bf0b6741d62b801f7366","isMergeCommit":false,"messageTitle":"Add Zheng Jie\u0027s details for AboutUs page","messageBody":"","fileTypesAndContributionMap":{"docs":{"insertions":3,"deletions":3}}},{"hash":"06720d066c849baf2d7d1b3592ef32e836dc6efd","isMergeCommit":true,"messageTitle":"Merge branch \u0027master\u0027 into branch-ZhengJie-AboutUs","messageBody":"","fileTypesAndContributionMap":{}},{"hash":"c6ca3fa656a548a06d98a70c8ec702c8a1bc37e3","isMergeCommit":false,"messageTitle":"Rename personal portfolio","messageBody":"","fileTypesAndContributionMap":{"docs":{"insertions":1,"deletions":1}}},{"hash":"c4ee775d93b561adb8cc5534c19428501babffff","isMergeCommit":false,"messageTitle":"Add original file","messageBody":"This is to prevent merge conflicts.\n","fileTypesAndContributionMap":{"docs":{"insertions":46,"deletions":0}}},{"hash":"e312f0b3035cecb823c315a1c91a5046aa473dd5","isMergeCommit":true,"messageTitle":"Merge pull request #20 from yooplo/branch-About-Us","messageBody":"Update Justin\u0027s About Us docs","fileTypesAndContributionMap":{}},{"hash":"401c81a5ca1f5b23aa4170333bfd30667407a3c9","isMergeCommit":true,"messageTitle":"Merge pull request #22 from CYX22222003/update-AboutUs","messageBody":"Update about us for Yixun","fileTypesAndContributionMap":{}}]},{"date":"2024-10-04","commitResults":[{"hash":"9820b970cc302bfd44ff2a9a0825dc273aee75d8","isMergeCommit":true,"messageTitle":"Merge branch \u0027master\u0027 of https://github.com/KrashKart/tp","messageBody":"","fileTypesAndContributionMap":{}},{"hash":"1c7e91eee340fca96545b8c338304aabf60d1c5a","isMergeCommit":false,"messageTitle":"Edit Developer Guide - Use Cases","messageBody":"Add 6 use cases for the developer guide.\n\nIf more use cases are required feel free to make another PR.\n","fileTypesAndContributionMap":{"docs":{"insertions":146,"deletions":12}}},{"hash":"f1bb879430613bae7c69a50ccb558272994f4854","isMergeCommit":false,"messageTitle":"Remove placeholder","messageBody":"Make Nguyen Team Lead and remove Project Advisor placeholder. This\nis done to pass the dashboard checks.\n","fileTypesAndContributionMap":{"docs":{"insertions":6,"deletions":16}}},{"hash":"f48913626323da447cae62fba303376fff20e48b","isMergeCommit":true,"messageTitle":"Merge pull request #27 from chrisjohntan/update-readme","messageBody":"Update project Readme and site wide settings","fileTypesAndContributionMap":{}},{"hash":"7b3be99ee685b46eb1325b23f4d82df259f0fd68","isMergeCommit":true,"messageTitle":"Merge branch \u0027AY2425S1-CS2103T-F14a-4:master\u0027 into master","messageBody":"","fileTypesAndContributionMap":{}},{"hash":"4806f61ba0046e7cc4afe25cf660d3c5d5d9f227","isMergeCommit":true,"messageTitle":"Merge branch \u0027AY2425S1-CS2103T-F14a-4:master\u0027 into master","messageBody":"","fileTypesAndContributionMap":{}}]},{"date":"2024-10-05","commitResults":[{"hash":"1ebc35441add7e8d7b3031628e9d3411b97d532a","isMergeCommit":true,"messageTitle":"Merge branch \u0027AY2425S1-CS2103T-F14a-4:master\u0027 into master","messageBody":"","fileTypesAndContributionMap":{}},{"hash":"18941c4d6bac40a720759d9b01416757ac3dd0e9","isMergeCommit":false,"messageTitle":"Edit README.md for dashboard check","messageBody":"Let\u0027s:\n* Remove template provided by AB3\n* Add our own description for CampusConnect\n* Add acknowledgements to the original AB3 site\n","fileTypesAndContributionMap":{"docs":{"insertions":9,"deletions":8}}},{"hash":"3c826c9542099f5f02859a0b827dfc74aba3cf82","isMergeCommit":false,"messageTitle":"Fix grammar","messageBody":"","fileTypesAndContributionMap":{"docs":{"insertions":1,"deletions":1}}},{"hash":"c9d77f59c59ae884923641c36f41ceeee67aec78","isMergeCommit":true,"messageTitle":"Merge pull request #40 from KrashKart/branch-edit-Readme","messageBody":"Edit README.md","fileTypesAndContributionMap":{}},{"hash":"e0199c7c32134b5620cbbfe4b7a618baba653055","isMergeCommit":false,"messageTitle":"Rename Nguyen\u0027s png file","messageBody":"","fileTypesAndContributionMap":{"docs":{"insertions":1,"deletions":1}}}]},{"date":"2024-10-09","commitResults":[{"hash":"adca7b53baeea439332f33a93bd1ebcc5f71f68a","isMergeCommit":false,"messageTitle":"Add hierachy to ContainsKeywordsPredicate","messageBody":"Let\u0027s\n* create an abstract ContainsKeywordsPredicate class\n* let Name-, Contact- and EmailContainsKeywordsPredicate inherit\nfrom the abstract class\n\nThis is done to create a hierachy of Predicates used for the\nvarious find commands: find by name, contact and email\n","fileTypesAndContributionMap":{"functional-code":{"insertions":133,"deletions":6}}},{"hash":"c483bc18d519cb82fa647883a482b20388a329d0","isMergeCommit":false,"messageTitle":"Make FindCommand abstract","messageBody":"This is so that we can use this as a template for the sub-commands\nfor Find\n","fileTypesAndContributionMap":{"functional-code":{"insertions":34,"deletions":34}}}]},{"date":"2024-10-10","commitResults":[{"hash":"a44950e9662e4b5f233c25e44deedf93dfef179b","isMergeCommit":false,"messageTitle":"Change message usage and other methods","messageBody":"Temporarily correct until we implement the sub-categories of find\n","fileTypesAndContributionMap":{"functional-code":{"insertions":37,"deletions":37}}},{"hash":"5ffbc0e7b1ce0ad578ad2f9bb98132c50d5a0ed1","isMergeCommit":false,"messageTitle":"Add AbstractFindCommand","messageBody":"Temporary so the code does not break\n","fileTypesAndContributionMap":{"functional-code":{"insertions":60,"deletions":2}}},{"hash":"95a09a23133c6aa15b313422bf1a47262e7f3663","isMergeCommit":false,"messageTitle":"Modify code for checkStyle","messageBody":"","fileTypesAndContributionMap":{"functional-code":{"insertions":3,"deletions":7}}},{"hash":"d5b0b4cef5a07812c337c1d56f63673485ae2a8b","isMergeCommit":false,"messageTitle":"Swap both classes","messageBody":"I super sot\n","fileTypesAndContributionMap":{"functional-code":{"insertions":4,"deletions":4}}},{"hash":"286cf1e04798a3d40f1c56f702bef742e8d6c058","isMergeCommit":true,"messageTitle":"Merge pull request #42 from blackpanther9229/branch-AboutUs","messageBody":"Branch about us of Nguyen","fileTypesAndContributionMap":{}},{"hash":"dea071e8a57a93cc9fb7db64d3950a774c6a238c","isMergeCommit":false,"messageTitle":"Add FindByNameCommand file","messageBody":"To be used for finding by name commands\n","fileTypesAndContributionMap":{"functional-code":{"insertions":9,"deletions":0}}},{"hash":"6b6b9a0f02db6b3a54bc8d7ab4c6f04ca1f25beb","isMergeCommit":false,"messageTitle":"Add logic to check find type","messageBody":"Use Regex to check which tag is input to find\n","fileTypesAndContributionMap":{"functional-code":{"insertions":20,"deletions":7}}},{"hash":"c789ccb4b7e6975ab57ad4f628706d6023566af4","isMergeCommit":false,"messageTitle":"Integrate FindByNameCommand into CampusConnect","messageBody":"Let\u0027s\n* add javadocs and comments for new methods\n* change FindCommandParser to return approppriate class depending on\ntag\n","fileTypesAndContributionMap":{"functional-code":{"insertions":14,"deletions":4}}},{"hash":"58ea80c0f07d653c1779c53e8e3c47a95bce9c3a","isMergeCommit":false,"messageTitle":"Update test cases and class file","messageBody":"Let\u0027s\n* modify the regex to account for whitespace characters\n* implement unit tests for AddressBookParser and FindByNameCommand\n* modify unit test for FindCommandParserTest\n* implement equals method (overwriting) for FindByNameCommand\n","fileTypesAndContributionMap":{"functional-code":{"insertions":23,"deletions":18},"test-code":{"insertions":112,"deletions":9}}},{"hash":"a06c7805955c59ed2d539339d9322278fe2ff9ee","isMergeCommit":false,"messageTitle":"Modify code for checkstyle","messageBody":"","fileTypesAndContributionMap":{"functional-code":{"insertions":0,"deletions":1},"test-code":{"insertions":7,"deletions":8}}},{"hash":"d478e3d4befa4b06dd51189dbfa7c29671df4277","isMergeCommit":false,"messageTitle":"Add class file for FindByContactCommand","messageBody":"","fileTypesAndContributionMap":{"functional-code":{"insertions":4,"deletions":0}}},{"hash":"b8afc3959a9e4e04e6284126739729515d9e890b","isMergeCommit":true,"messageTitle":"Merge branch \u0027master\u0027 into branch-Find-Contact","messageBody":"","fileTypesAndContributionMap":{}},{"hash":"86973cd15e30670b68e75aa89b49433c3fb1e075","isMergeCommit":false,"messageTitle":"Add FindByContactCommand","messageBody":"Let\u0027s\n* implement FindByContact\n* change AddressBookParserTest, FindCommandParser unit tests\n* add unit test for FindByContact\n* tidy code for checkstyle\n","fileTypesAndContributionMap":{"functional-code":{"insertions":30,"deletions":2},"test-code":{"insertions":117,"deletions":1}}},{"hash":"2e31ac51e8864391ab1540eda2134aec3e44593c","isMergeCommit":false,"messageTitle":"Add command word and message usage","messageBody":"For FindByContactCommand and FindByNameCommand\n","fileTypesAndContributionMap":{"functional-code":{"insertions":12,"deletions":0}}},{"hash":"e3f5738e4a30203fc7afd6c5fe3383ce97724394","isMergeCommit":false,"messageTitle":"Fix unit test","messageBody":"","fileTypesAndContributionMap":{"test-code":{"insertions":2,"deletions":2}}},{"hash":"2c0ea7746e54443fdb5bd0b1046d14fa8b4f92eb","isMergeCommit":false,"messageTitle":"Update error message for FindByContactCommand","messageBody":"Make the error message more appropriate for contact numbers\n","fileTypesAndContributionMap":{"functional-code":{"insertions":1,"deletions":1}}},{"hash":"d5ff88114f8f0b39b87894aa77f5837e8edd31b5","isMergeCommit":false,"messageTitle":"Change unit test for FindCommandParserTest","messageBody":"Test for the correct MESSAGE_USAGE\n","fileTypesAndContributionMap":{"test-code":{"insertions":3,"deletions":1}}},{"hash":"f321113a6cc70f36aece30dab6f05bcd33becd3d","isMergeCommit":false,"messageTitle":"Remove unused import","messageBody":"This is infuriatingly dumb\n","fileTypesAndContributionMap":{"test-code":{"insertions":0,"deletions":1}}},{"hash":"723a527cb3d7f77d9ef36bbdc55aa4b9469ccf1a","isMergeCommit":false,"messageTitle":"Remove unused imports","messageBody":"","fileTypesAndContributionMap":{"functional-code":{"insertions":1,"deletions":2}}},{"hash":"8da6efe61ffe8d941b04ef2c47d4dafc75d65800","isMergeCommit":true,"messageTitle":"Merge pull request #53 from CYX22222003/branch-duplicate-email","messageBody":"Implement duplicate email checking feature","fileTypesAndContributionMap":{}},{"hash":"779c744cf4bd7349d3b6a65232b13577332f5c01","isMergeCommit":true,"messageTitle":"Merge pull request #60 from chrisjohntan/add-check-duplicate-phone","messageBody":"Check for duplicate phone number","fileTypesAndContributionMap":{}}]},{"date":"2024-10-15","commitResults":[{"hash":"c600cef491bb47a1e4aaf1749a790ec7a546cda3","isMergeCommit":true,"messageTitle":"Merge pull request #69 from yooplo/branch-update-find-command-format","messageBody":"Branch update find command format","fileTypesAndContributionMap":{}},{"hash":"2cc64e47859960d97547b8e0bcc79ea495536bbd","isMergeCommit":false,"messageTitle":"Adapt GUI to CampusConnect basic design","messageBody":"Let\u0027s\n* add an NUS logo png file for our icon images\n* change the window and taskbar logo to the NUS logo\n* change the window header to CampusConnect\n* remove the $address field from the PersonCard\n* shrink PersonListCard height via the fxml file to accomodate\nthe removal of $address\n","fileTypesAndContributionMap":{"functional-code":{"insertions":11,"deletions":11}}},{"hash":"905e00c9a3bd8788e559f2df376ffdea5bb0dadc","isMergeCommit":true,"messageTitle":"Merge branch \u0027master\u0027 into branch-edit-GUI","messageBody":"","fileTypesAndContributionMap":{}},{"hash":"2d8bebe385850520feb5950adac748eef64ee1c0","isMergeCommit":false,"messageTitle":"Implement FindByTagCommand","messageBody":"Let\u0027s\n* add the FindByTagCommand class to find by tag\n* TagContainsKeywordsPredicate with naive finding\n","fileTypesAndContributionMap":{"functional-code":{"insertions":96,"deletions":10}}},{"hash":"fef1f316cbdd95a33686235744bcb9bba5c5f076","isMergeCommit":false,"messageTitle":"Add unit tests for new FindByTagCommand class","messageBody":"","fileTypesAndContributionMap":{"functional-code":{"insertions":1,"deletions":1},"test-code":{"insertions":192,"deletions":0}}},{"hash":"88aa70de8a976935f517408445db48ed35dc3411","isMergeCommit":false,"messageTitle":"Delete FindCommand and remove dependencies","messageBody":"","fileTypesAndContributionMap":{"functional-code":{"insertions":0,"deletions":58},"test-code":{"insertions":0,"deletions":91}}}]},{"date":"2024-10-16","commitResults":[{"hash":"2773f7c114fdcfb657e92900698a51a6bf4b1a4a","isMergeCommit":true,"messageTitle":"Merge pull request #75 from CYX22222003/branch-update-testcases","messageBody":"Update unit test for duplicate information detection","fileTypesAndContributionMap":{}},{"hash":"c516fbc4bce03ae347baf3d6180a450aa847415f","isMergeCommit":false,"messageTitle":"Change README","messageBody":"Let\u0027s\n* change Ui.png\n* change README description\n","fileTypesAndContributionMap":{"docs":{"insertions":4,"deletions":1}}},{"hash":"120f4011157ca8aa058b25d1d692341932965f75","isMergeCommit":false,"messageTitle":"Completely remove all traces of Address","messageBody":"","fileTypesAndContributionMap":{"functional-code":{"insertions":13,"deletions":158},"test-code":{"insertions":56,"deletions":244}}},{"hash":"cfc8d74c9d8b967d3044a94c00ef0405d2e49e57","isMergeCommit":true,"messageTitle":"Merge pull request #89 from KrashKart/branch-remove-Address","messageBody":"Remove all traces of Address","fileTypesAndContributionMap":{}}]},{"date":"2024-10-17","commitResults":[{"hash":"1e55a1320e0464988d36ac8c40ba58588226469b","isMergeCommit":false,"messageTitle":"Change all occurences of contact to phone","messageBody":"Renamed FindByContactCommand, ContactContainsKeywordPredicate and all\noccurences to FindbyPhoneCommand, PhoneContainsKeywordPredicate, etc\n","fileTypesAndContributionMap":{"functional-code":{"insertions":10,"deletions":11},"other":{"insertions":28,"deletions":27},"test-code":{"insertions":11,"deletions":19}}},{"hash":"7ce1e967ca8f0c36a25f0c57e3e4b2d3ac068da9","isMergeCommit":false,"messageTitle":"Resolve conflicts and checkstyle","messageBody":"","fileTypesAndContributionMap":{"test-code":{"insertions":15,"deletions":13}}},{"hash":"9d1c3dbf47ef11dfc07bd3ed92ae21b52a9a3867","isMergeCommit":true,"messageTitle":"Merge pull request #95 from KrashKart/branch-change-phone","messageBody":"Standardise phone","fileTypesAndContributionMap":{}},{"hash":"9cdc5e8863ffe36bad6ba242e94964fa762c32a2","isMergeCommit":true,"messageTitle":"Merge pull request #96 from blackpanther9229/branch-Edit-contact-details","messageBody":"Update new Junit Test for new adjustment in EditCommand","fileTypesAndContributionMap":{}}]},{"date":"2024-10-20","commitResults":[{"hash":"5360baf71120422bf122fedc90dcbd01597c0a1e","isMergeCommit":false,"messageTitle":"Add gaps between tags","messageBody":"Set FlowPane horizontal and vertical gap to 5\n","fileTypesAndContributionMap":{"functional-code":{"insertions":4,"deletions":3}}},{"hash":"d0614e88dfea7f5ca70c3d3853eb8162164f5824","isMergeCommit":false,"messageTitle":"Change initialisation behaviour","messageBody":"New users start with an empty list\n","fileTypesAndContributionMap":{"functional-code":{"insertions":20,"deletions":5}}},{"hash":"cb2266e253773cc13e75eac5d980232a02e76223","isMergeCommit":false,"messageTitle":"Beautify GUI and add contact list empty messages","messageBody":"","fileTypesAndContributionMap":{"functional-code":{"insertions":16,"deletions":3}}},{"hash":"ae1729701fb889bee8f8ba90c00b6d721d8b2841","isMergeCommit":false,"messageTitle":"Tidy code and add test cases","messageBody":"Let\u0027s,\n* modify the test cases for the new contact list empty messages\n* tidy code\n","fileTypesAndContributionMap":{"functional-code":{"insertions":7,"deletions":3},"test-code":{"insertions":5,"deletions":5}}},{"hash":"f1973a58d54010d9c01edfab3e8a1c647fd08644","isMergeCommit":false,"messageTitle":"Add unit test for EmptyDataUtil","messageBody":"","fileTypesAndContributionMap":{"functional-code":{"insertions":5,"deletions":3},"test-code":{"insertions":12,"deletions":2}}},{"hash":"26c133fe3b549dc119e905ad649fed1c16a1c0fa","isMergeCommit":false,"messageTitle":"Tidy code","messageBody":"Let\u0027s,\n* remove unnecessary comments\n* store printed String in a static variable\n* remove unnecessary methods and method calls\n","fileTypesAndContributionMap":{"functional-code":{"insertions":4,"deletions":6}}}]},{"date":"2024-10-21","commitResults":[{"hash":"fcc61e91cbe13cefd65270ecda09a7813b8abf5e","isMergeCommit":false,"messageTitle":"Remove Address from all UML diagrams","messageBody":"Let\u0027s,\n* remove Address as a field from all UML diagrams\n* add multiplicities to UML diagrams as approppriate\n","fileTypesAndContributionMap":{"docs":{"insertions":7,"deletions":11}}},{"hash":"3261f04260a52029db126baf46e529c772fab9f5","isMergeCommit":false,"messageTitle":"Add Command Classes UML diagram","messageBody":"Let\u0027s,\n* Replace XYZCommand class to a Command Class package in all UML\ndiagrams\n* Add the Command Class UML file\n","fileTypesAndContributionMap":{"docs":{"insertions":69,"deletions":7}}},{"hash":"bb8a472bef0d9574fa287682d3e458fe01f0022f","isMergeCommit":false,"messageTitle":"Edit DG","messageBody":"Let\u0027s,\n* add the new Command Class UML to the Developer Guide\n* add some description to the Developer Guide about the new UML\n","fileTypesAndContributionMap":{"docs":{"insertions":9,"deletions":0}}},{"hash":"b4b70c3bd941c1996aa1cf77b3d0cd9a0a6ab209","isMergeCommit":false,"messageTitle":"Add newline at the end of CommandClasses.puml","messageBody":"","fileTypesAndContributionMap":{"docs":{"insertions":1,"deletions":1}}},{"hash":"4206d7d76a0975d040deda86efece97ea200e77c","isMergeCommit":true,"messageTitle":"Merge pull request #110 from yooplo/branch-UML-update","messageBody":"Branch UML update","fileTypesAndContributionMap":{}},{"hash":"134b28e87571158403d689e28dfa58e833ada94c","isMergeCommit":false,"messageTitle":"Enable assertions in gradlew run","messageBody":"We do this via the build.gradle file as part of the iteration\nrequirements\n","fileTypesAndContributionMap":{"other":{"insertions":4,"deletions":0}}}]},{"date":"2024-10-22","commitResults":[{"hash":"27a28b5c3bf582f2aa072ad4cea77ff63010f015","isMergeCommit":true,"messageTitle":"Merge pull request #116 from CYX22222003/update-uml","messageBody":"Update UML for deleteTag","fileTypesAndContributionMap":{}},{"hash":"cea1d5fad7cc22ff141d8037e756f0e0df7dee9d","isMergeCommit":true,"messageTitle":"Merge branch \u0027master\u0027 into branch-add-tokenizer","messageBody":"","fileTypesAndContributionMap":{}},{"hash":"b4a9b4ab916835cef59f3b346929a725163c5417","isMergeCommit":false,"messageTitle":"Implement ArgumentTokenizer for command parsing","messageBody":"","fileTypesAndContributionMap":{"functional-code":{"insertions":26,"deletions":30},"test-code":{"insertions":15,"deletions":14}}},{"hash":"85bd3c43de948bd74caae34791ea15c59a638cd7","isMergeCommit":false,"messageTitle":"Update UG","messageBody":"Let\u0027s,\n* update find command section\n* update CampusConnect screenshots\n","fileTypesAndContributionMap":{"docs":{"insertions":2,"deletions":2}}},{"hash":"ccac4d28f1a516eb9d11ce7ef317b67486ed11f5","isMergeCommit":false,"messageTitle":"Edit UG and DG","messageBody":"Let\u0027s,\n* change more photos\n* add UG and documentation for find and deletetag\n","fileTypesAndContributionMap":{"docs":{"insertions":18,"deletions":6}}},{"hash":"9dbaa6f9080b3a532cba7ab0415579156590a2d0","isMergeCommit":true,"messageTitle":"Merge pull request #125 from chrisjohntan/update-tag-regex","messageBody":"Update tag regex to accept hyphens as separators","fileTypesAndContributionMap":{}},{"hash":"e5de6d7e49c254cfe6b272cefc41d1c3d294629f","isMergeCommit":true,"messageTitle":"Merge pull request #123 from KrashKart/branch-add-tokenizer","messageBody":"Implement ArgumentTokenizer for the Find commands","fileTypesAndContributionMap":{}}]},{"date":"2024-10-23","commitResults":[{"hash":"480077e8b9e49a62154a38cea2f5b17f574c3fdd","isMergeCommit":true,"messageTitle":"Merge branch \u0027master\u0027 into delete-tag","messageBody":"","fileTypesAndContributionMap":{}},{"hash":"ca486c867b6b6a3d0d4ad9a70ba069e550e152db","isMergeCommit":true,"messageTitle":"Merge pull request #105 from CYX22222003/delete-tag","messageBody":"Implement command to delete tag","fileTypesAndContributionMap":{}},{"hash":"95ff3c9e89bcf11444d6e1407f0cb3c5307e1969","isMergeCommit":false,"messageTitle":"Update UG with undo command description","messageBody":"","fileTypesAndContributionMap":{"functional-code":{"insertions":3,"deletions":3},"docs":{"insertions":8,"deletions":0}}},{"hash":"8c49d4a890dff5978bd3ddb39f1430ae1d0d52a3","isMergeCommit":false,"messageTitle":"Update UML for undo command class","messageBody":"","fileTypesAndContributionMap":{"docs":{"insertions":9,"deletions":2}}},{"hash":"11c0049341df8be5b17c75832c78a6cd26201875","isMergeCommit":true,"messageTitle":"Merge pull request #132 from CYX22222003/update-test","messageBody":"Update testcases for new edit logic","fileTypesAndContributionMap":{}},{"hash":"0aa69577fedb03b0d76ae55d26778165cece094a","isMergeCommit":false,"messageTitle":"Add phone constraints","messageBody":"Restrict phone to start with 6, 8 or 9, must be all numbers and\nhave 8 digits\n","fileTypesAndContributionMap":{"functional-code":{"insertions":2,"deletions":2},"test-code":{"insertions":20,"deletions":19}}},{"hash":"aa2b617627fbead466b6aa8df72e8c1f533638fb","isMergeCommit":false,"messageTitle":"Updated UG","messageBody":"","fileTypesAndContributionMap":{"docs":{"insertions":3,"deletions":1}}},{"hash":"c95fc19224cca2cebfbd67cf901c9c52ffa78b37","isMergeCommit":true,"messageTitle":"Merge pull request #139","messageBody":"Implement constraints to Phone information","fileTypesAndContributionMap":{}}]},{"date":"2024-10-27","commitResults":[{"hash":"57ee4a5ff68eafaf9ce2efedfdaf9fc44f469a21","isMergeCommit":true,"messageTitle":"Merge pull request #161 from CYX22222003/version-campusConnect","messageBody":"Version campus connect refactor","fileTypesAndContributionMap":{}},{"hash":"448af7798cdd0843703e67f956d03a73fb5456b9","isMergeCommit":true,"messageTitle":"Merge pull request #164","messageBody":"Edit command refactor","fileTypesAndContributionMap":{}}]},{"date":"2024-10-28","commitResults":[{"hash":"0337d80b4b64ed4e4db8bb58409e94b4aa1ce249","isMergeCommit":false,"messageTitle":"Add unit tests for AddTagCommand and AddTagCommandParser","messageBody":"","fileTypesAndContributionMap":{"test-code":{"insertions":147,"deletions":0}}},{"hash":"937e2e3d19a3a3fe56e46ce9ef1aaa4b07c19ac6","isMergeCommit":false,"messageTitle":"Add equality check for AddTagCommand","messageBody":"","fileTypesAndContributionMap":{"test-code":{"insertions":36,"deletions":0}}}]},{"date":"2024-10-31","commitResults":[{"hash":"1c0ffd8ee074fe82d112547786ecb5f02157d638","isMergeCommit":true,"messageTitle":"Merge pull request #173","messageBody":"Add addtag to the UG","fileTypesAndContributionMap":{}}]},{"date":"2024-11-01","commitResults":[{"hash":"9e1efd3925a376c5688b87f7ec231d1ce0a9cb56","isMergeCommit":true,"messageTitle":"Merge pull request #175","messageBody":"Implement categorize tag command","fileTypesAndContributionMap":{}}]},{"date":"2024-11-02","commitResults":[{"hash":"fdf256b59016e2e3e4e5e01729d0ec7235463049","isMergeCommit":false,"messageTitle":"Implement display of update tags after addtag","messageBody":"This is so that the message display correctly shows the new list of\ntags after a successful addtag\n","fileTypesAndContributionMap":{"functional-code":{"insertions":3,"deletions":0}}},{"hash":"5e8f10019317f98f06c2f7a5365e5f72bbecb498","isMergeCommit":false,"messageTitle":"Fix unit test cases","messageBody":"","fileTypesAndContributionMap":{"test-code":{"insertions":7,"deletions":4}}},{"hash":"c1a310b559eb42eb566c5aabbf6208fa5e8a6767","isMergeCommit":true,"messageTitle":"Merge pull request #187","messageBody":"Fix small bug with display message.","fileTypesAndContributionMap":{}},{"hash":"cffb0179aae105435c74ec042322e9de01508ae3","isMergeCommit":true,"messageTitle":"Merge branch \u0027master\u0027 into branch-addtag-message","messageBody":"","fileTypesAndContributionMap":{}},{"hash":"a03bb67235af92b223336bd3f949f96a36db9004","isMergeCommit":false,"messageTitle":"Delete assertion in DeleteTagParser","messageBody":"This is so the error message can thrown properly\n","fileTypesAndContributionMap":{"functional-code":{"insertions":4,"deletions":2}}},{"hash":"cd4fbe069b041333ca70402a1b7cab166c9eee0e","isMergeCommit":false,"messageTitle":"Tidy MESSAGE_USAGEs","messageBody":"","fileTypesAndContributionMap":{"functional-code":{"insertions":17,"deletions":19}}},{"hash":"e9546ef6347f084c30e58a0b97337d06feefa997","isMergeCommit":true,"messageTitle":"Merge branch \u0027master\u0027 into branch-messages","messageBody":"","fileTypesAndContributionMap":{}},{"hash":"68d3e14b920633e6c54decefa0ae6e3d0800b4fc","isMergeCommit":false,"messageTitle":"Delete Find subclasses","messageBody":"","fileTypesAndContributionMap":{"functional-code":{"insertions":0,"deletions":140}}},{"hash":"64342dad0421389a99c26c2138dbb325b5b70aee","isMergeCommit":false,"messageTitle":"Remove unit tests for find subclasses","messageBody":"","fileTypesAndContributionMap":{"test-code":{"insertions":4,"deletions":387}}},{"hash":"6d350d51135f5c1c42ffe74409386fa2af5cd0a9","isMergeCommit":true,"messageTitle":"Merge pull request #199","messageBody":"Update add tag parser","fileTypesAndContributionMap":{}},{"hash":"cc65e18d92fd9a6c474900f0408e2c7354deba70","isMergeCommit":true,"messageTitle":"Merge pull request #188","messageBody":"Replace the invalid category example of \"modules\" with \"acads\"","fileTypesAndContributionMap":{}},{"hash":"4670c1cf00034a4fd2d94f4890e36968d7993e5d","isMergeCommit":true,"messageTitle":"Merge pull request #190","messageBody":"Branch abstract css","fileTypesAndContributionMap":{}}]}],"CYX22222003":[{"date":"2024-10-03","commitResults":[{"hash":"a3460d908a46621ab90cf222858e99728abd022b","isMergeCommit":true,"messageTitle":"Merge pull request #19 from chrisjohntan/add-christopher-AboutUs","messageBody":"Add Christopher\u0027s AboutUs details","fileTypesAndContributionMap":{}},{"hash":"5ae85fef9df422e2fa5ade38215be24ae71c1b2a","isMergeCommit":true,"messageTitle":"Merge pull request #12 from chrisjohntan/branch-Add-Photo","messageBody":"Add Christopher\u0027s photo","fileTypesAndContributionMap":{}},{"hash":"fa62aa9ce5f0dd214ac930e9d3660ec21adb11eb","isMergeCommit":false,"messageTitle":"Update AboutUs.md for Yixun","messageBody":"","fileTypesAndContributionMap":{"docs":{"insertions":3,"deletions":3}}},{"hash":"cfd3117eea24508e18bd780cbf63777638b5f074","isMergeCommit":true,"messageTitle":"Merge from remote repo","messageBody":"","fileTypesAndContributionMap":{}},{"hash":"e37e0b9fae38ebfc8c6d18e1823f0186b640b344","isMergeCommit":true,"messageTitle":"Merge branch \u0027master\u0027 of https://github.com/CYX22222003/tp into update-AboutUs","messageBody":"","fileTypesAndContributionMap":{}},{"hash":"ae7ab88e5871aaa83986ac95871a98a32b6745f6","isMergeCommit":false,"messageTitle":"Update AboutUs for Yixun","messageBody":"","fileTypesAndContributionMap":{"docs":{"insertions":4,"deletions":4}}},{"hash":"0d7ffa76188aa5fd2e47de6b22ef248a1868a8cd","isMergeCommit":true,"messageTitle":"Merge pull request #25 from blackpanther9229/branch-AboutUs","messageBody":"Add About Us photo and details of Nguyen","fileTypesAndContributionMap":{}}]},{"date":"2024-10-04","commitResults":[{"hash":"c52198c4f524d79ebfcc29945b4653d6897ccbbb","isMergeCommit":false,"messageTitle":"Update non-functional requirements","messageBody":"","fileTypesAndContributionMap":{"docs":{"insertions":4,"deletions":2}}},{"hash":"dfe972f3840f140718d0534e8062e527eda83f19","isMergeCommit":true,"messageTitle":"Merge pull request #35 from KrashKart/branch-AboutUs","messageBody":"Update AboutUs","fileTypesAndContributionMap":{}},{"hash":"ce75923e555938d1f9ad39ec5bd29253a18c4576","isMergeCommit":true,"messageTitle":"Merge branch \u0027master\u0027 of https://github.com/CYX22222003/tp into update-NFR","messageBody":"","fileTypesAndContributionMap":{}},{"hash":"4d646568caa3a67e94f98e91cfbec6e2143ba32e","isMergeCommit":false,"messageTitle":"Update product scope","messageBody":"","fileTypesAndContributionMap":{"docs":{"insertions":12,"deletions":9}}},{"hash":"7a35bb23cfccf5ccf9bf67daeb00ae144678c18b","isMergeCommit":true,"messageTitle":"Merge pull request #36 from CYX22222003/update-NFR","messageBody":"Update non-functional requirements","fileTypesAndContributionMap":{}}]},{"date":"2024-10-10","commitResults":[{"hash":"988ea35d0da6407e774da2537e71891eab4339bb","isMergeCommit":false,"messageTitle":"Implement email checking function","messageBody":"","fileTypesAndContributionMap":{"functional-code":{"insertions":13,"deletions":0}}},{"hash":"726f11d28d902556e35785181db480acd671fab1","isMergeCommit":false,"messageTitle":"Add functions to check for repeated information","messageBody":"","fileTypesAndContributionMap":{"functional-code":{"insertions":11,"deletions":3}}},{"hash":"07c292b1de326aef59aa053326cf9fa91734fcf5","isMergeCommit":false,"messageTitle":"Modify duplicate check to pass unit test","messageBody":"","fileTypesAndContributionMap":{"functional-code":{"insertions":1,"deletions":1}}},{"hash":"95eefc79bb421a5da104bc0058625cc1c1acdc23","isMergeCommit":false,"messageTitle":"Update test cases for email checking","messageBody":"","fileTypesAndContributionMap":{"functional-code":{"insertions":1,"deletions":1},"test-code":{"insertions":7,"deletions":4}}},{"hash":"7e0c9a0ea1859f9ad1f8ac673bae6953e31bff26","isMergeCommit":false,"messageTitle":"Modify email checking functions","messageBody":"","fileTypesAndContributionMap":{"functional-code":{"insertions":1,"deletions":6}}},{"hash":"3dac9183dde6e1a540f5cb81e427e88f95242b97","isMergeCommit":false,"messageTitle":"Correct formatting errors","messageBody":"","fileTypesAndContributionMap":{"test-code":{"insertions":2,"deletions":2}}},{"hash":"5ed3acce7379d635fe3e33e41d580c0b8177c989","isMergeCommit":false,"messageTitle":"Update unit test for email checking","messageBody":"","fileTypesAndContributionMap":{"test-code":{"insertions":13,"deletions":0}}},{"hash":"7e8899cc57bfe31412891b1c9321174320cca15e","isMergeCommit":false,"messageTitle":"Update unit test to increase code coverage","messageBody":"","fileTypesAndContributionMap":{"test-code":{"insertions":13,"deletions":0}}},{"hash":"a48b49b9c5e6b622ffd08e19efed730b7c4ab993","isMergeCommit":true,"messageTitle":"Merge pull request #56 from KrashKart/branch-Find-Contact","messageBody":"Implement filtering of contacts by number","fileTypesAndContributionMap":{}},{"hash":"04e2b8c93b4db6af0e1ff424cbb1e4013311350e","isMergeCommit":true,"messageTitle":"Merge pull request #57 from yooplo/branch-finding-by-email-command","messageBody":"Implement FindByEmailCommand Class","fileTypesAndContributionMap":{}},{"hash":"ad8652e2400448b994d1dd230c0f0f9e2a1cf650","isMergeCommit":true,"messageTitle":"Merge pull request #59 from blackpanther9229/branch-Edit-contact-details","messageBody":"Add new method to support changing details of a Person","fileTypesAndContributionMap":{}}]},{"date":"2024-10-15","commitResults":[{"hash":"75fbf11a813ca4f44a5811b6988403e9980b4e72","isMergeCommit":false,"messageTitle":"Update unit test for duplicate information detection","messageBody":"","fileTypesAndContributionMap":{"test-code":{"insertions":20,"deletions":0}}}]},{"date":"2024-10-16","commitResults":[{"hash":"d83f3d185977422af480659a0285d76ac9e72fd4","isMergeCommit":false,"messageTitle":"Update more unittest cases for duplicate information detection","messageBody":"","fileTypesAndContributionMap":{"test-code":{"insertions":16,"deletions":0}}},{"hash":"9c0e5455b8fc629032d3f73097471b7cdfa511fa","isMergeCommit":false,"messageTitle":"Attempt to update new edit command","messageBody":"","fileTypesAndContributionMap":{"functional-code":{"insertions":7,"deletions":2},"test-code":{"insertions":24,"deletions":4}}},{"hash":"dc54137f95b50be9dd71eb5f5575a32ac69e8243","isMergeCommit":true,"messageTitle":"Merge with master branch","messageBody":"","fileTypesAndContributionMap":{}},{"hash":"107b63be3ccd0ed52380a0993692278ce4bcabc5","isMergeCommit":true,"messageTitle":"Merge pull request #78 from yooplo/branch-update-GUI","messageBody":"Update the color theme","fileTypesAndContributionMap":{}},{"hash":"b68ae739b80b4f552ef567927babb35366fd1a92","isMergeCommit":false,"messageTitle":"Implement features to insert persons","messageBody":"","fileTypesAndContributionMap":{"functional-code":{"insertions":34,"deletions":2},"test-code":{"insertions":8,"deletions":3}}}]},{"date":"2024-10-17","commitResults":[{"hash":"f41204e422e497b15edc76787f913fb3925d8a5a","isMergeCommit":true,"messageTitle":"Merge pull request #90 from chrisjohntan/update-userguide","messageBody":"Update user guide","fileTypesAndContributionMap":{}}]},{"date":"2024-10-20","commitResults":[{"hash":"e3af4066065523758ad5c6add4fad62fe4a42905","isMergeCommit":false,"messageTitle":"Implement command to delete tag","messageBody":"","fileTypesAndContributionMap":{"functional-code":{"insertions":85,"deletions":4}}},{"hash":"ab8ccc0c749c5c6516e034dc7b3b5d68834eb314","isMergeCommit":false,"messageTitle":"Modify the original flow of tag deleting","messageBody":"","fileTypesAndContributionMap":{"functional-code":{"insertions":81,"deletions":4}}},{"hash":"2511fdf9524a50c15b1bee54c01a8a7a4befe9b7","isMergeCommit":false,"messageTitle":"Correct styling issues","messageBody":"","fileTypesAndContributionMap":{"functional-code":{"insertions":14,"deletions":5}}}]},{"date":"2024-10-21","commitResults":[{"hash":"9bd0a0aae322c47348eb833904cca700687ccf49","isMergeCommit":true,"messageTitle":"Merge branch \u0027master\u0027 into delete-tag","messageBody":"","fileTypesAndContributionMap":{}},{"hash":"fc2cd66a2df9fee70ca40a216a8fef409bb7a923","isMergeCommit":false,"messageTitle":"Update unittest stubs","messageBody":"","fileTypesAndContributionMap":{"test-code":{"insertions":5,"deletions":0}}},{"hash":"adcfeac604323686fd2ce4b39fb987ecb6296f4c","isMergeCommit":false,"messageTitle":"Update test cases of model manager and person list","messageBody":"","fileTypesAndContributionMap":{"test-code":{"insertions":35,"deletions":0}}},{"hash":"2371b034ab201adfe6f45caa63348dd056b791ae","isMergeCommit":false,"messageTitle":"Correct formatting errors","messageBody":"","fileTypesAndContributionMap":{"test-code":{"insertions":0,"deletions":1}}}]},{"date":"2024-10-22","commitResults":[{"hash":"ae4df2c9298d97c934d2214213d433cd1e86b1e2","isMergeCommit":false,"messageTitle":"Add basic test cases for Delete Tag command","messageBody":"","fileTypesAndContributionMap":{"test-code":{"insertions":46,"deletions":1}}},{"hash":"b4028e8a5d9a66731f9c5131fa0f0273241079b2","isMergeCommit":false,"messageTitle":"Add more test cases for delete tag command","messageBody":"","fileTypesAndContributionMap":{"test-code":{"insertions":17,"deletions":1}}},{"hash":"59d535f8542dc506d67e70c4ce7a0a8a173fa8d9","isMergeCommit":false,"messageTitle":"Update test cases for delete tag command","messageBody":"","fileTypesAndContributionMap":{"test-code":{"insertions":12,"deletions":2}}},{"hash":"b5a770a5ae49bb7016f869db1e4aa18882e769ef","isMergeCommit":false,"messageTitle":"Update test cases for delete tag command","messageBody":"","fileTypesAndContributionMap":{"test-code":{"insertions":7,"deletions":0}}},{"hash":"0c374400c01f2635e0b7ac589de1daed4cf3a935","isMergeCommit":false,"messageTitle":"Add test cases for delete tag parser","messageBody":"","fileTypesAndContributionMap":{"test-code":{"insertions":30,"deletions":1}}},{"hash":"8a1dc0b6b468f5c93b4cefd506fca93e0e9913e0","isMergeCommit":true,"messageTitle":"Merge pull request #114 from KrashKart/branch-add-assertions","messageBody":"Add Assertions to build.gradle","fileTypesAndContributionMap":{}},{"hash":"894a5af62447c1e6388d4cd8a49a61d21fca7213","isMergeCommit":true,"messageTitle":"Merge pull request #115 from yooplo/branch-instant-update-taglist","messageBody":"Fix bug where the tag list does not update instantly","fileTypesAndContributionMap":{}},{"hash":"79bd80ef561aac92d88564822496ae2147f1b5b4","isMergeCommit":false,"messageTitle":"Add assertions for defensive programming","messageBody":"","fileTypesAndContributionMap":{"functional-code":{"insertions":4,"deletions":0}}},{"hash":"f2b81114e793e468cdd628c8ccd78def816d6fe5","isMergeCommit":false,"messageTitle":"Update UML for deleteTag","messageBody":"","fileTypesAndContributionMap":{"docs":{"insertions":51,"deletions":0}}},{"hash":"0a7685e92e3d4e184ed8273ac8d5222497215b35","isMergeCommit":false,"messageTitle":"Complete UML for delete tag flow","messageBody":"","fileTypesAndContributionMap":{"docs":{"insertions":31,"deletions":0}}},{"hash":"94af784d6e78a68fd392151928b3f0a26b4da4cc","isMergeCommit":false,"messageTitle":"Correct formatting errors","messageBody":"","fileTypesAndContributionMap":{"docs":{"insertions":1,"deletions":1}}},{"hash":"7e4b119cee070ee44f3f0931cbfaf193eb147386","isMergeCommit":true,"messageTitle":"Merge pull request #118 from chrisjohntan/update-help-window","messageBody":"Update user guide url in help window","fileTypesAndContributionMap":{}},{"hash":"db48dcf5cf292006276492eb4a224f0504a4b309","isMergeCommit":false,"messageTitle":"Add stack to store history data","messageBody":"","fileTypesAndContributionMap":{"functional-code":{"insertions":98,"deletions":4}}},{"hash":"d86af81e0b000aab0c4118fb753220a1975dd6f6","isMergeCommit":false,"messageTitle":"Update the case of undoing oldest version","messageBody":"","fileTypesAndContributionMap":{"functional-code":{"insertions":4,"deletions":2}}},{"hash":"753fc7629103077c4804a99c3efb2f60c0c396c6","isMergeCommit":false,"messageTitle":"Correct style errors","messageBody":"","fileTypesAndContributionMap":{"functional-code":{"insertions":3,"deletions":3},"test-code":{"insertions":10,"deletions":0}}},{"hash":"a03e15a335b8b408b0c2b77965d912fd947e8143","isMergeCommit":false,"messageTitle":"Group error message in Message class","messageBody":"","fileTypesAndContributionMap":{"functional-code":{"insertions":2,"deletions":2}}},{"hash":"294f11a2cc7fe576b21dc7f9198bc64cfe298245","isMergeCommit":false,"messageTitle":"Update testcases for undo command","messageBody":"","fileTypesAndContributionMap":{"test-code":{"insertions":55,"deletions":0}}}]},{"date":"2024-10-23","commitResults":[{"hash":"3ed5edd84e4aed21ac10d53744ea66eaf2cf177f","isMergeCommit":false,"messageTitle":"Update testcases for new edit logic","messageBody":"","fileTypesAndContributionMap":{"test-code":{"insertions":12,"deletions":0}}},{"hash":"653659426bfba6f9333ce69376a655c2a2678fb9","isMergeCommit":false,"messageTitle":"Fix bugs while deleting tag","messageBody":"","fileTypesAndContributionMap":{"functional-code":{"insertions":1,"deletions":0}}},{"hash":"4df64fee8ab7303dbe29a28c6d9c897d2e3eaa61","isMergeCommit":false,"messageTitle":"Disable data saving for list and find","messageBody":"","fileTypesAndContributionMap":{"functional-code":{"insertions":7,"deletions":1}}},{"hash":"645ee572bc3ab09aa448cd76a5c1e2f8a9958276","isMergeCommit":false,"messageTitle":"Remove traces of AB3","messageBody":"","fileTypesAndContributionMap":{"docs":{"insertions":8,"deletions":8}}},{"hash":"fcd79dea416e27751beeea949fe56b90d95a01a2","isMergeCommit":false,"messageTitle":"Remove unnecessary spaces","messageBody":"","fileTypesAndContributionMap":{"docs":{"insertions":2,"deletions":2}}},{"hash":"1c0a980d98c92c6125ccce1f7d0356606f5b3ca5","isMergeCommit":false,"messageTitle":"Remove unnecessary code","messageBody":"","fileTypesAndContributionMap":{"functional-code":{"insertions":2,"deletions":2}}},{"hash":"4febcde5079ffa63decd1681d6d3759a25a2bb1c","isMergeCommit":true,"messageTitle":"Merge pull request #137","messageBody":"Disable data saving for list and find","fileTypesAndContributionMap":{}}]},{"date":"2024-10-24","commitResults":[{"hash":"5b6208b5a21a327abe266abcca10e858827409dc","isMergeCommit":true,"messageTitle":"Merge pull request #150","messageBody":"Add redo command to UG, fix grammatical errors","fileTypesAndContributionMap":{}},{"hash":"5c2405b25f12054d37f820fef438988f8885a155","isMergeCommit":true,"messageTitle":"Merge pull request #151","messageBody":"Improve UI look","fileTypesAndContributionMap":{}},{"hash":"41ead77f0ee5bdad44bd04de7d9ac08a2c090cf1","isMergeCommit":true,"messageTitle":"Merge pull request #155","messageBody":"Update AddTag command sequence diagram","tags":["v1.4"],"fileTypesAndContributionMap":{}}]},{"date":"2024-10-25","commitResults":[{"hash":"230b444ab3909e834d5c4dae2d975e5a5bdac440","isMergeCommit":false,"messageTitle":"Implement versioned CampusConnect","messageBody":"","fileTypesAndContributionMap":{"functional-code":{"insertions":109,"deletions":27}}},{"hash":"91d340eb09bab8a3e065f0307f22cce5e9869435","isMergeCommit":false,"messageTitle":"Correct formatting issues","messageBody":"","fileTypesAndContributionMap":{"functional-code":{"insertions":3,"deletions":2}}},{"hash":"6d4b81703e2a908c79aae3d7c6bf475ff2ad7d46","isMergeCommit":false,"messageTitle":"Correct formatting errors","messageBody":"","fileTypesAndContributionMap":{"functional-code":{"insertions":36,"deletions":12},"test-code":{"insertions":4,"deletions":4}}},{"hash":"4d581f13accc4f9fac8ec15cb4e0e8ce7e0675b6","isMergeCommit":false,"messageTitle":"Add basic test for versioned campus connect","messageBody":"","fileTypesAndContributionMap":{"test-code":{"insertions":45,"deletions":0}}},{"hash":"64b093f76530cbffd4a6306faddc1b8e7ffed263","isMergeCommit":false,"messageTitle":"Update test case","messageBody":"","fileTypesAndContributionMap":{"test-code":{"insertions":4,"deletions":3}}}]},{"date":"2024-10-27","commitResults":[{"hash":"cded06315f50494da274d770d146127797316f12","isMergeCommit":false,"messageTitle":"Refactor add tag command","messageBody":"","fileTypesAndContributionMap":{"functional-code":{"insertions":62,"deletions":132}}},{"hash":"375df678fdaeebb7e06a992549f3435490a1174d","isMergeCommit":false,"messageTitle":"Implement checks for duplicated tags","messageBody":"","fileTypesAndContributionMap":{"functional-code":{"insertions":24,"deletions":3}}},{"hash":"3e789f8f5d43404c181a67037261166e68f1c5bd","isMergeCommit":false,"messageTitle":"Remove unnecessary assertions","messageBody":"","fileTypesAndContributionMap":{"functional-code":{"insertions":0,"deletions":1}}},{"hash":"9dcb71ac39f221aaefdcf75ad9312c0a86124f05","isMergeCommit":false,"messageTitle":"Correct formatting errors","messageBody":"","fileTypesAndContributionMap":{"functional-code":{"insertions":2,"deletions":10}}},{"hash":"99379c79b7c8505b2e1cc4f1ae073c5aea32a55a","isMergeCommit":false,"messageTitle":"Update unit test","messageBody":"","fileTypesAndContributionMap":{"test-code":{"insertions":5,"deletions":0}}}]},{"date":"2024-10-29","commitResults":[{"hash":"7eda4ef282168d4a3a86d3fbe6f731abd4ecb5ba","isMergeCommit":true,"messageTitle":"Merge pull request #165","messageBody":"Add test cases for AddTagCommand and its parser","fileTypesAndContributionMap":{}}]},{"date":"2024-10-31","commitResults":[{"hash":"b892e8bf24b9d077284a68a619f289547cdce2c1","isMergeCommit":true,"messageTitle":"Merge pull request #171","messageBody":"Refactor add tag and delete tag command word","fileTypesAndContributionMap":{}}]},{"date":"2024-11-02","commitResults":[{"hash":"94b6c2297a5ac12d447e18cdf31b36ae59d4d7dc","isMergeCommit":true,"messageTitle":"Merge pull request #193","messageBody":"Fix unit test cases","fileTypesAndContributionMap":{}},{"hash":"1b736bcc849a665320b8be55911cc350d2bd2181","isMergeCommit":true,"messageTitle":"Merge pull request #195","messageBody":"Delete Tag has no error message","fileTypesAndContributionMap":{}},{"hash":"401d5a31bec31e92c4cdf66e1674f274655bbf50","isMergeCommit":false,"messageTitle":"Update add tag parser","messageBody":"","fileTypesAndContributionMap":{"functional-code":{"insertions":8,"deletions":3}}},{"hash":"9155ef70d77a5d5aa8fa640ac7e54ed93d5924ed","isMergeCommit":false,"messageTitle":"Modify style errors","messageBody":"","fileTypesAndContributionMap":{"functional-code":{"insertions":0,"deletions":1}}},{"hash":"fdd060ae9c8611437434c7a21f34c6e5f39fee8c","isMergeCommit":false,"messageTitle":"Update test cases for new change in error message","messageBody":"","fileTypesAndContributionMap":{"test-code":{"insertions":4,"deletions":3}}},{"hash":"787a2d2b8e4d7c6d9cf75108af564c2bb5909086","isMergeCommit":false,"messageTitle":"Correct style errors","messageBody":"","fileTypesAndContributionMap":{"test-code":{"insertions":0,"deletions":1}}}]},{"date":"2024-11-03","commitResults":[{"hash":"d5d653b61a46c36af12535f0010977a54983be53","isMergeCommit":true,"messageTitle":"Merge pull request #200","messageBody":"Standardize error messages across commands","fileTypesAndContributionMap":{}}]}],"chrisjohntan":[{"date":"2024-09-20","commitResults":[{"hash":"6dac255026cbf5dd67400ecc9f09082e9518be29","isMergeCommit":false,"messageTitle":"Add codecov badge","messageBody":"","fileTypesAndContributionMap":{"docs":{"insertions":1,"deletions":1}}},{"hash":"17e78b4e50e31898b30ec3ba03f6197f2ffcd8ff","isMergeCommit":true,"messageTitle":"Merge branch \u0027switch-docs-to-markbind\u0027","messageBody":"","fileTypesAndContributionMap":{}},{"hash":"ba4070afb6fa244ffda39d23ae0b2f2f94c81f2c","isMergeCommit":false,"messageTitle":"Configure markbind","messageBody":"","fileTypesAndContributionMap":{"docs":{"insertions":1,"deletions":1}}}]},{"date":"2024-10-03","commitResults":[{"hash":"b946a5650f55bfd7a28a44c78d0fe22d8b3117b3","isMergeCommit":false,"messageTitle":"Add Christopher\u0027s AboutUs","messageBody":"","fileTypesAndContributionMap":{"docs":{"insertions":11,"deletions":0}}}]},{"date":"2024-10-04","commitResults":[{"hash":"b1ea7dd2b4533bb6549ad2589f3849580fdf7c5d","isMergeCommit":false,"messageTitle":"Update readme to remove AB-3 references","messageBody":"","fileTypesAndContributionMap":{"docs":{"insertions":3,"deletions":4}}},{"hash":"ac297e1f58b525b851c3922761895a1eaca6e1f1","isMergeCommit":false,"messageTitle":"Update link to github repo","messageBody":"","fileTypesAndContributionMap":{"docs":{"insertions":1,"deletions":1}}},{"hash":"829d2954669ee775940ba52df65aabcda90f253e","isMergeCommit":false,"messageTitle":"Remove reference to AB3 repo","messageBody":"","fileTypesAndContributionMap":{"docs":{"insertions":0,"deletions":1}}}]},{"date":"2024-10-10","commitResults":[{"hash":"b96b92a3a5cf571a5b7bb79ea4c8239179e63143","isMergeCommit":false,"messageTitle":"Add check for duplicate phone number","messageBody":"","fileTypesAndContributionMap":{"functional-code":{"insertions":12,"deletions":1}}},{"hash":"8784aecc3bac1e507483d6f5eade827ea40a7507","isMergeCommit":false,"messageTitle":"Edit method header comments","messageBody":"","fileTypesAndContributionMap":{"functional-code":{"insertions":10,"deletions":6}}},{"hash":"e5c45ec38ee3daa0ee15baee357dd4171f30665e","isMergeCommit":false,"messageTitle":"Update tests for phone number","messageBody":"","fileTypesAndContributionMap":{"test-code":{"insertions":10,"deletions":3}}}]},{"date":"2024-10-17","commitResults":[{"hash":"79a0bc835b0434c77f2bfad55dcbb3cd500efe6e","isMergeCommit":false,"messageTitle":"Remove mention of contact address and address prefixes","messageBody":"","fileTypesAndContributionMap":{"docs":{"insertions":7,"deletions":7}}},{"hash":"fa8090ac3104530bb6d2010617252dd345682a1f","isMergeCommit":false,"messageTitle":"Update find command to match the updated format","messageBody":"","fileTypesAndContributionMap":{"docs":{"insertions":25,"deletions":9}}},{"hash":"162eeae5af3840d7d2a3a3cbe2899ee28b0dd90d","isMergeCommit":false,"messageTitle":"Update find command to match the updated format","messageBody":"","fileTypesAndContributionMap":{"docs":{"insertions":1,"deletions":1}}}]},{"date":"2024-10-22","commitResults":[{"hash":"d9ffe233077643886d614439a4dafc6009b90456","isMergeCommit":false,"messageTitle":"Update user guide url","messageBody":"","fileTypesAndContributionMap":{"functional-code":{"insertions":2,"deletions":2}}},{"hash":"0a2830c8af997516a617cfce8d7a5741f384733e","isMergeCommit":false,"messageTitle":"Update tag validation regex to accept hyphen","messageBody":"","fileTypesAndContributionMap":{"functional-code":{"insertions":1,"deletions":1}}},{"hash":"d95927e9c32177973d5d3e8b0862c6f2050c5f11","isMergeCommit":false,"messageTitle":"Update tag constraint message","messageBody":"","fileTypesAndContributionMap":{"functional-code":{"insertions":2,"deletions":1}}},{"hash":"3f9e12497159fe6270dba7e6bfa70ecd23a4a4f4","isMergeCommit":false,"messageTitle":"Rename tests for empty tag and null tag","messageBody":"","fileTypesAndContributionMap":{"test-code":{"insertions":2,"deletions":2}}},{"hash":"07ed6deedfc06b7c1f6d9327e9b1a2b2f909e5e6","isMergeCommit":false,"messageTitle":"Add more tests for valid and invalid Tags","messageBody":"","fileTypesAndContributionMap":{"test-code":{"insertions":25,"deletions":0}}},{"hash":"66c22545e2813f409490135f99913e98a7f65d09","isMergeCommit":false,"messageTitle":"Fix checkstyle error","messageBody":"","fileTypesAndContributionMap":{"functional-code":{"insertions":2,"deletions":2}}},{"hash":"e827dcb8e4464e01e514d06674a5f110cc950686","isMergeCommit":true,"messageTitle":"Merge pull request #124 from KrashKart/branch-edit-UG","messageBody":"Update UG","fileTypesAndContributionMap":{}},{"hash":"d41e651d3d17a9c0e25c391e57ada0e774a9934b","isMergeCommit":true,"messageTitle":"Merge pull request #119 from CYX22222003/undo-command","messageBody":"Implement undo command feature","fileTypesAndContributionMap":{}}]},{"date":"2024-10-23","commitResults":[{"hash":"cef33697027c6aae1c46b4a642ba7360666d4c3b","isMergeCommit":true,"messageTitle":"Merge pull request #131 from KrashKart/branch-edit-UG-again","messageBody":"Add undo command to UG and DG UML","fileTypesAndContributionMap":{}},{"hash":"ad07be76d4b2f1139b404d42b099400553092a2f","isMergeCommit":false,"messageTitle":"Add new Redo command with basic tests","messageBody":"","fileTypesAndContributionMap":{"functional-code":{"insertions":19,"deletions":0},"test-code":{"insertions":23,"deletions":0}}},{"hash":"206a181271857e40e9ca20fa1de071abba5e5381","isMergeCommit":false,"messageTitle":"Update Parser to recognise redo command","messageBody":"","fileTypesAndContributionMap":{"functional-code":{"insertions":4,"deletions":0},"test-code":{"insertions":7,"deletions":0}}},{"hash":"1e76fba3001bff8835cb671116cf7f6f1419039c","isMergeCommit":true,"messageTitle":"Merge branch \u0027master\u0027 into add-redo-command","messageBody":"","fileTypesAndContributionMap":{}},{"hash":"69f10b5aedd74fe1c1fd804c32e4b0215c18f4d4","isMergeCommit":false,"messageTitle":"Implement redo command","messageBody":"","fileTypesAndContributionMap":{"functional-code":{"insertions":50,"deletions":2}}},{"hash":"700a0d3943f2084affa05db7711166c9124f2c82","isMergeCommit":false,"messageTitle":"Fix missing method in stub","messageBody":"","fileTypesAndContributionMap":{"test-code":{"insertions":5,"deletions":0}}},{"hash":"85e07a531e27335c985bead290079ce42cdefaef","isMergeCommit":false,"messageTitle":"Remove print statement","messageBody":"","fileTypesAndContributionMap":{"functional-code":{"insertions":0,"deletions":1}}}]},{"date":"2024-10-24","commitResults":[{"hash":"f1c16526b6a80c3b3a79659473a622219cbbc567","isMergeCommit":false,"messageTitle":"Fix checkstyle error","messageBody":"","fileTypesAndContributionMap":{"test-code":{"insertions":0,"deletions":3}}},{"hash":"081ab8577c027d441cffb788fc0afee7001f0f21","isMergeCommit":false,"messageTitle":"Change stacks to static","messageBody":"","fileTypesAndContributionMap":{"functional-code":{"insertions":2,"deletions":2}}},{"hash":"61522bb6dd5d3d826e6f9a3f5e312ffce2547e7f","isMergeCommit":false,"messageTitle":"Remove static modifier from stacks","messageBody":"","fileTypesAndContributionMap":{"functional-code":{"insertions":2,"deletions":2}}},{"hash":"c34977443a5f04e3288138fde17b0d6a8c8affa1","isMergeCommit":false,"messageTitle":"Add RedoCommand to command class diagram","messageBody":"","fileTypesAndContributionMap":{"docs":{"insertions":5,"deletions":0}}},{"hash":"a0b8261aaf5cf6800777a9751bc81010f0064e83","isMergeCommit":true,"messageTitle":"Merge pull request #140","messageBody":"Implement redo command","fileTypesAndContributionMap":{}},{"hash":"392dad780bb1ffd4c316363bdd5e50c0856c638c","isMergeCommit":true,"messageTitle":"Merge pull request #143","messageBody":"Create AddTagCommand and AddTagCommandParser","fileTypesAndContributionMap":{}},{"hash":"1e067b649ea46b006e3f012e9fd5bd2b1f054584","isMergeCommit":false,"messageTitle":"Add redo command to UG, fix grammatical errors","messageBody":"","fileTypesAndContributionMap":{"docs":{"insertions":28,"deletions":16}}},{"hash":"92cba96403827dc06292d6c583835ed8c79c4698","isMergeCommit":false,"messageTitle":"Add newline to EOF","messageBody":"","fileTypesAndContributionMap":{"docs":{"insertions":1,"deletions":1}}},{"hash":"89d11696c365e330806024f9597169d655aad170","isMergeCommit":true,"messageTitle":"Merge pull request #145","messageBody":"Add RedoCommand to command class diagram","fileTypesAndContributionMap":{}},{"hash":"bcf408ddb1b655bd66b893030360c8a1b262de5b","isMergeCommit":false,"messageTitle":"Update version number","messageBody":"","fileTypesAndContributionMap":{"functional-code":{"insertions":1,"deletions":1}}}]},{"date":"2024-10-29","commitResults":[{"hash":"bab4732f3d2f279d4b4dc9d66a94d024d0139465","isMergeCommit":false,"messageTitle":"Create tag category enum class","messageBody":"","fileTypesAndContributionMap":{"functional-code":{"insertions":26,"deletions":0}}},{"hash":"779b6fffc1024765352d363d8965ed8424030025","isMergeCommit":false,"messageTitle":"Add tag category field to Tag model","messageBody":"","fileTypesAndContributionMap":{"functional-code":{"insertions":29,"deletions":0}}}]},{"date":"2024-10-30","commitResults":[{"hash":"553c7a0c76056f32ac4fb546aee08fcc8a6f9d5e","isMergeCommit":true,"messageTitle":"Merge pull request #167","messageBody":"Add tag categories","fileTypesAndContributionMap":{}},{"hash":"594c4bb70750f9fe8aca069b17720742723e5dcc","isMergeCommit":false,"messageTitle":"Refactor add tag and delete tag command word","messageBody":"","fileTypesAndContributionMap":{"functional-code":{"insertions":3,"deletions":3},"docs":{"insertions":9,"deletions":9}}}]},{"date":"2024-11-01","commitResults":[{"hash":"174304e577ce5e7ac2ddf76134c761b945e7f10b","isMergeCommit":false,"messageTitle":"Add functionality to change tag category","messageBody":"","fileTypesAndContributionMap":{"functional-code":{"insertions":51,"deletions":0}}},{"hash":"bfc3ad38db8a2bea7d53b143316049cf11981031","isMergeCommit":false,"messageTitle":"Add categorize tag command","messageBody":"","fileTypesAndContributionMap":{"functional-code":{"insertions":120,"deletions":0}}},{"hash":"cdd4358c5f51d84b9ae73884573cdf2cabb9ca07","isMergeCommit":false,"messageTitle":"Create tests for categorize tag methods","messageBody":"","fileTypesAndContributionMap":{"test-code":{"insertions":29,"deletions":0}}},{"hash":"c759132f43a95d87ca20ea999a898e65fbc7d70e","isMergeCommit":false,"messageTitle":"Add header comment","messageBody":"","fileTypesAndContributionMap":{"functional-code":{"insertions":4,"deletions":1}}}]},{"date":"2024-11-02","commitResults":[{"hash":"f88a85afd073061a53cfffefa2d125a5b9c70dad","isMergeCommit":false,"messageTitle":"Add Tag Manager to track tags","messageBody":"","fileTypesAndContributionMap":{"functional-code":{"insertions":195,"deletions":25}}},{"hash":"d4dbafd2ab5b5b2799c1eb85302bc81522b055ed","isMergeCommit":false,"messageTitle":"Modify tag related methods","messageBody":"","fileTypesAndContributionMap":{"functional-code":{"insertions":9,"deletions":2},"test-code":{"insertions":1,"deletions":1}}},{"hash":"7cb08cfcf469849f04a908605f6af3e506751921","isMergeCommit":false,"messageTitle":"Add tag category to display as text in the UI","messageBody":"Let\u0027s:\n- Implement the colour coding in the UI\n- Remove the textual display of tag category after implementing colours\n- Ensure that all the person displays are updated after every cattag command\n","fileTypesAndContributionMap":{"functional-code":{"insertions":6,"deletions":2}}}]}],"blackpanther9229":[{"date":"2024-10-03","commitResults":[{"hash":"30c53f196aa4d437faab0a7cb5792a0142c0d209","isMergeCommit":false,"messageTitle":"Add About Us photo and details","messageBody":"","fileTypesAndContributionMap":{"docs":{"insertions":10,"deletions":4}}}]},{"date":"2024-10-04","commitResults":[{"hash":"9d6e327fcbc25784ef8395191c8b6195887f496b","isMergeCommit":false,"messageTitle":"Update Nguyen\u0027s photo name to match github name","messageBody":"","fileTypesAndContributionMap":{"docs":{"insertions":1,"deletions":1}}}]},{"date":"2024-10-05","commitResults":[{"hash":"f2940e40d145182a17891c379b4eece08ffd8d15","isMergeCommit":false,"messageTitle":"Update Nguyens\u0027 photo name and portfolio to match requirement.","messageBody":"","fileTypesAndContributionMap":{"docs":{"insertions":2,"deletions":2}}},{"hash":"74e5f49395ed4aa7884573072a9dfb5913fb38a6","isMergeCommit":true,"messageTitle":"Merge branch \u0027master\u0027 into branch-AboutUs","messageBody":"","fileTypesAndContributionMap":{}}]},{"date":"2024-10-10","commitResults":[{"hash":"6ee0d490e87f16fff05c3905c3e59dc89e34c278","isMergeCommit":false,"messageTitle":"Add new method to support changing details of a Person  (not yet implementing)","messageBody":"","fileTypesAndContributionMap":{"functional-code":{"insertions":44,"deletions":4}}},{"hash":"0699c433eb2a3b25e945cfafd2892cc7d849394e","isMergeCommit":false,"messageTitle":"Check some style error","messageBody":"","fileTypesAndContributionMap":{"functional-code":{"insertions":25,"deletions":33}}}]},{"date":"2024-10-17","commitResults":[{"hash":"bfafa63260d313adc6dd8464cc648277ae5c90d2","isMergeCommit":true,"messageTitle":"Merge pull request #77 from CYX22222003/branch-update-edit","messageBody":"Attempt to update new edit command","tags":["v1.3"],"fileTypesAndContributionMap":{}},{"hash":"5894bb2b0e4c442143cd6ef8aadcf656fb267cca","isMergeCommit":false,"messageTitle":"Update new Junit Test for new adjustment in EditCommand","messageBody":"","fileTypesAndContributionMap":{"functional-code":{"insertions":0,"deletions":32},"test-code":{"insertions":37,"deletions":2}}},{"hash":"84c9715632e69ea4393df32ed677e519901e0693","isMergeCommit":true,"messageTitle":"Merge branch \u0027master\u0027 into branch-Edit-contact-details","messageBody":"","fileTypesAndContributionMap":{}},{"hash":"7a495ad89634be5074aa60d562fca4cf1dd11b70","isMergeCommit":true,"messageTitle":"Merge branch \u0027branch-Edit-contact-details\u0027","messageBody":"# Conflicts:\n#\tsrc/main/java/seedu/address/model/person/Person.java\n#\tsrc/test/java/seedu/address/logic/commands/EditCommandTest.java\n","fileTypesAndContributionMap":{}},{"hash":"57c08a9d3843e690381a071aca41b852e7ffc345","isMergeCommit":false,"messageTitle":"Some style error check","messageBody":"","fileTypesAndContributionMap":{"test-code":{"insertions":2,"deletions":2}}},{"hash":"be850dbea454c2d86c384a6a2af42704e67a0fd9","isMergeCommit":false,"messageTitle":"More style error fixed","messageBody":"","fileTypesAndContributionMap":{"test-code":{"insertions":0,"deletions":3}}}]},{"date":"2024-10-23","commitResults":[{"hash":"daff941f92deddd3b9d9155047906c62414aef9f","isMergeCommit":true,"messageTitle":"Merge branch \u0027branch-Edit-contact-details\u0027","messageBody":"# Conflicts:\n#\tsrc/main/java/seedu/address/model/person/Person.java\n#\tsrc/test/java/seedu/address/logic/commands/EditCommandTest.java\n","fileTypesAndContributionMap":{}},{"hash":"7e3389074db5260616587dfe3b8f742973574dfd","isMergeCommit":true,"messageTitle":"Merge remote-tracking branch \u0027origin/master\u0027","messageBody":"","fileTypesAndContributionMap":{}},{"hash":"53e9fbb0a1b26568f739b2bade90f9bef4386fca","isMergeCommit":true,"messageTitle":"Merge pull request #136 from CYX22222003/bug-fix-deletetag","messageBody":"Fix bugs while deleting tag","fileTypesAndContributionMap":{}},{"hash":"2956fb9c81fb3375cc8ad79fe894e1004c86f2f4","isMergeCommit":true,"messageTitle":"Merge pull request #138 from CYX22222003/update-UG","messageBody":"Remove traces of AB3","fileTypesAndContributionMap":{}},{"hash":"fa9f7fd281d57139088fdd108a925a17e01540d0","isMergeCommit":false,"messageTitle":"Create AddTagCommand and AddTagCommandParser class","messageBody":"","fileTypesAndContributionMap":{"functional-code":{"insertions":223,"deletions":0}}},{"hash":"43cd25ee7e635acde74f23001a73d4412787e815","isMergeCommit":false,"messageTitle":"Some style error","messageBody":"","fileTypesAndContributionMap":{"functional-code":{"insertions":43,"deletions":0}}},{"hash":"2fb4ffb80b01b3454c7da9e00d32d3166026b58b","isMergeCommit":false,"messageTitle":"More style error fixed","messageBody":"","fileTypesAndContributionMap":{"functional-code":{"insertions":17,"deletions":4}}}]},{"date":"2024-10-24","commitResults":[{"hash":"26578e3c1842123dc0796cd5bf64f8d0893420d3","isMergeCommit":false,"messageTitle":"Modify CampusConnectParser to support the addTag command","messageBody":"","fileTypesAndContributionMap":{"functional-code":{"insertions":18,"deletions":14}}},{"hash":"732dd24261c2eccf40667fa109daac766bddd3bf","isMergeCommit":false,"messageTitle":"More check style error fixed","messageBody":"","fileTypesAndContributionMap":{"functional-code":{"insertions":0,"deletions":1}}},{"hash":"20e98cff467cb94d1d8e72add90ed1edbeeca267","isMergeCommit":false,"messageTitle":"Some style error fixed","messageBody":"","fileTypesAndContributionMap":{"functional-code":{"insertions":3,"deletions":3}}},{"hash":"ab792c48acffc178b1633940399b841f2415c4e5","isMergeCommit":false,"messageTitle":"update UML diagram for addTag command","messageBody":"","fileTypesAndContributionMap":{"functional-code":{"insertions":56,"deletions":66},"docs":{"insertions":93,"deletions":0}}},{"hash":"e79eb844a73bf941cc1a2f3858a382e7ed577cea","isMergeCommit":false,"messageTitle":"Style error fixed","messageBody":"","fileTypesAndContributionMap":{"functional-code":{"insertions":51,"deletions":54}}}]},{"date":"2024-10-26","commitResults":[{"hash":"1a4a19ea470c9a250588aa8aa6f4ab2746bbc605","isMergeCommit":true,"messageTitle":"Merge pull request #163 from yooplo/branch-improve-code","messageBody":"Branch improve code","fileTypesAndContributionMap":{}}]}]},"authorFileTypeContributionMap":{"yooplo":{"docs":164,"functional-code":794,"test-code":545,"other":1},"KrashKart":{"docs":269,"functional-code":312,"test-code":381,"other":2},"CYX22222003":{"docs":92,"functional-code":516,"test-code":377},"chrisjohntan":{"docs":73,"functional-code":503,"test-code":94},"blackpanther9229":{"docs":97,"functional-code":123,"test-code":38}},"authorContributionVariance":{"yooplo":60570.133,"KrashKart":23229.844,"CYX22222003":6313.179,"chrisjohntan":2444.2588,"blackpanther9229":4727.3447},"authorDisplayNameMap":{"yooplo":"CS2103T-F14a-4 JUST.. REN","KrashKart":"CS2103T-F14a-4 WONG.. JIE","CYX22222003":"CS2103T-F14a-4 CHEN..IXUN","chrisjohntan":"CS2103T-F14a-4 TAN ..JOHN","blackpanther9229":"CS2103T-F14a-4 NGUY..OANG"}}
