{"authorDailyContributionsMap":{"yooplo":[{"date":"2024-10-03","commitResults":[{"hash":"878e0402512e9c3dd5118b11d2b594fa9b19e1d8","isMergeCommit":true,"messageTitle":"Merge pull request #11 from yooplo/branch-Add-Photo","messageBody":"Add photo for Justin","fileTypesAndContributionMap":{}},{"hash":"4cd5c6585c884ece7eca64d2a5db48f79a3498c2","isMergeCommit":false,"messageTitle":"Update About Us docs","messageBody":"- Add Justin\u0027s details\n","fileTypesAndContributionMap":{"docs":{"insertions":5,"deletions":4}}},{"hash":"26e7a7469f665bf88a544a5c03c29edc4a5c9023","isMergeCommit":false,"messageTitle":"Add Justin Portfolio md file","messageBody":"","fileTypesAndContributionMap":{"docs":{"insertions":6,"deletions":0}}},{"hash":"17f8dbd4e4945a9aaac7d7707e37789827be6731","isMergeCommit":false,"messageTitle":"Update portfolio path in About us","messageBody":"","fileTypesAndContributionMap":{"docs":{"insertions":1,"deletions":1}}},{"hash":"cad4afe6eb31f278c10b8b26dd05ab9e5dee0c43","isMergeCommit":true,"messageTitle":"Merge pull request #17 from KrashKart/branch-ZhengJie-AboutUs","messageBody":"Add Zheng Jie\u0027s AboutUs details","fileTypesAndContributionMap":{}}]},{"date":"2024-10-04","commitResults":[{"hash":"1a50bed6b513dcfd9dd6af4d5c826dabb4c439c1","isMergeCommit":true,"messageTitle":"Merge pull request #33 from KrashKart/branch-editDG-UseCases","messageBody":"Update DG Use Cases","fileTypesAndContributionMap":{}},{"hash":"6158bfbff0043887c130b37cffbca65ab674ed7d","isMergeCommit":false,"messageTitle":"Add user stories to Developer Guide","messageBody":"","fileTypesAndContributionMap":{"docs":{"insertions":23,"deletions":8}}},{"hash":"2f645c682d5965089ef4eca2aa37f90c8c2309b8","isMergeCommit":true,"messageTitle":"Merge pull request #38 from CYX22222003/update-product-scope","messageBody":"Update product scope","fileTypesAndContributionMap":{}},{"hash":"7d323392fab24e511141633a4db1219932ee2cfa","isMergeCommit":true,"messageTitle":"Merge pull request #37 from yooplo/branch-Developer-Guide","messageBody":"Add user stories to Developer Guide","fileTypesAndContributionMap":{}}]},{"date":"2024-10-05","commitResults":[{"hash":"28594f9279125a203f95d2601093611cf47d8fe0","isMergeCommit":true,"messageTitle":"Merge pull request #41 from KrashKart/branch-Change-NguyenImageFile","messageBody":"Rename Nguyen\u0027s png file","fileTypesAndContributionMap":{}}]},{"date":"2024-10-10","commitResults":[{"hash":"c9a4c6cb4cfc8f1d733b9d75d5bd324a75d0f34e","isMergeCommit":true,"messageTitle":"Merge pull request #51 from KrashKart/branch-Restructure-Find","messageBody":"Reformat find by name command","fileTypesAndContributionMap":{}},{"hash":"954dd1556632e1177969a4b2167d76357691a838","isMergeCommit":true,"messageTitle":"Merge pull request #54 from KrashKart/branch-Find-Name","messageBody":"Re-implement find by name command","fileTypesAndContributionMap":{}},{"hash":"eb54268c7d3df691458d5069ad6de777a94396c6","isMergeCommit":false,"messageTitle":"Implement FindingByEmailCommand Class","messageBody":"","fileTypesAndContributionMap":{"functional-code":{"insertions":36,"deletions":0}}},{"hash":"3a8fb0327420ce905b80ea11a14db43fb92ed7c2","isMergeCommit":false,"messageTitle":"Add test cases for FindByEmailCommand","messageBody":"","fileTypesAndContributionMap":{"functional-code":{"insertions":5,"deletions":0},"test-code":{"insertions":93,"deletions":2}}},{"hash":"db4fd07f6db2331090db6cb3fb71fc663b6df553","isMergeCommit":false,"messageTitle":"Update error message for wrong input format","messageBody":"","fileTypesAndContributionMap":{"functional-code":{"insertions":7,"deletions":1}}}]},{"date":"2024-10-15","commitResults":[{"hash":"dbe629da4d3419c87b4a98a88773fc2694491561","isMergeCommit":false,"messageTitle":"Update Find command tag format","messageBody":"original was /\u003ctag\u003e\nnow is \u003ctag\u003e/\n\nTo make it in uniform with the other commands\n","fileTypesAndContributionMap":{"functional-code":{"insertions":13,"deletions":13},"test-code":{"insertions":6,"deletions":6}}},{"hash":"00948941fb838d751fc83513f02c986dcabe6b8e","isMergeCommit":false,"messageTitle":"Improve find to include partial matches","messageBody":"Include additional test cases\n","fileTypesAndContributionMap":{"functional-code":{"insertions":3,"deletions":6},"test-code":{"insertions":40,"deletions":2}}},{"hash":"9ca011bde007bd5a1a3c0df7d85479a943e9aea5","isMergeCommit":true,"messageTitle":"Merge pull request #71 from KrashKart/branch-find-tag","messageBody":"Find contacts by tag","fileTypesAndContributionMap":{}},{"hash":"fb90b09f5e78a9ed90a58aefbaedc35c54398d39","isMergeCommit":true,"messageTitle":"Merge pull request #70 from KrashKart/branch-edit-GUI","messageBody":"Branch Edit GUI","fileTypesAndContributionMap":{}},{"hash":"e0653bc4fced5ecf1bdf4e9d18ce341d16446872","isMergeCommit":false,"messageTitle":"Replace all instances of \u0027AddressBook\u0027 with \u0027CampusConnect\u0027","messageBody":"","fileTypesAndContributionMap":{"functional-code":{"insertions":232,"deletions":231},"other":{"insertions":73,"deletions":74},"docs":{"insertions":117,"deletions":163},"test-code":{"insertions":253,"deletions":252}}},{"hash":"8f6fc86441fed8daf7ff9ec6fed6b5a5dd831437","isMergeCommit":true,"messageTitle":"Merge pull request #73 from KrashKart/branch-delete-FindCommand","messageBody":"Delete FindCommand and remove dependencies","fileTypesAndContributionMap":{}},{"hash":"67fb76a9c63a79d21b666cfb3515e6fdc2fdc260","isMergeCommit":true,"messageTitle":"Merge branch \u0027master\u0027 into branch-rename-packages","messageBody":"# Conflicts:\n#\tsrc/test/java/seedu/address/logic/commands/FindCommandTest.java\n","fileTypesAndContributionMap":{}},{"hash":"44f45923c2ecf9ac89c10d2a83d073d63a82cb1c","isMergeCommit":false,"messageTitle":"Delete unnecessary files","messageBody":"","fileTypesAndContributionMap":{"test-code":{"insertions":0,"deletions":0}}},{"hash":"4905482fb55a11a379e389010aab00a3d7a6af52","isMergeCommit":true,"messageTitle":"Merge pull request #74 from yooplo/branch-rename-packages","messageBody":"Replace all instances of \u0027AddressBook\u0027 with \u0027CampusConnect\u0027","fileTypesAndContributionMap":{}}]},{"date":"2024-10-16","commitResults":[{"hash":"8695774f5b40deecb3aec3db460da52a7833c296","isMergeCommit":false,"messageTitle":"Update the color theme of the GUI to match NUS colors","messageBody":"","fileTypesAndContributionMap":{"functional-code":{"insertions":179,"deletions":6}}},{"hash":"f7d95a2c337b598c28b1b4a90c7ef1174d89013f","isMergeCommit":true,"messageTitle":"Merge pull request #81 from KrashKart/branch-change-Readme","messageBody":"Change README","fileTypesAndContributionMap":{}}]}],"KrashKart":[{"date":"2024-10-03","commitResults":[{"hash":"847c9ebcc3dbd83b52d6bf0b6741d62b801f7366","isMergeCommit":false,"messageTitle":"Add Zheng Jie\u0027s details for AboutUs page","messageBody":"","fileTypesAndContributionMap":{"docs":{"insertions":3,"deletions":3}}},{"hash":"06720d066c849baf2d7d1b3592ef32e836dc6efd","isMergeCommit":true,"messageTitle":"Merge branch \u0027master\u0027 into branch-ZhengJie-AboutUs","messageBody":"","fileTypesAndContributionMap":{}},{"hash":"c6ca3fa656a548a06d98a70c8ec702c8a1bc37e3","isMergeCommit":false,"messageTitle":"Rename personal portfolio","messageBody":"","fileTypesAndContributionMap":{"docs":{"insertions":1,"deletions":1}}},{"hash":"c4ee775d93b561adb8cc5534c19428501babffff","isMergeCommit":false,"messageTitle":"Add original file","messageBody":"This is to prevent merge conflicts.\n","fileTypesAndContributionMap":{"docs":{"insertions":46,"deletions":0}}},{"hash":"e312f0b3035cecb823c315a1c91a5046aa473dd5","isMergeCommit":true,"messageTitle":"Merge pull request #20 from yooplo/branch-About-Us","messageBody":"Update Justin\u0027s About Us docs","fileTypesAndContributionMap":{}},{"hash":"401c81a5ca1f5b23aa4170333bfd30667407a3c9","isMergeCommit":true,"messageTitle":"Merge pull request #22 from CYX22222003/update-AboutUs","messageBody":"Update about us for Yixun","fileTypesAndContributionMap":{}}]},{"date":"2024-10-04","commitResults":[{"hash":"9820b970cc302bfd44ff2a9a0825dc273aee75d8","isMergeCommit":true,"messageTitle":"Merge branch \u0027master\u0027 of https://github.com/KrashKart/tp","messageBody":"","fileTypesAndContributionMap":{}},{"hash":"1c7e91eee340fca96545b8c338304aabf60d1c5a","isMergeCommit":false,"messageTitle":"Edit Developer Guide - Use Cases","messageBody":"Add 6 use cases for the developer guide.\n\nIf more use cases are required feel free to make another PR.\n","fileTypesAndContributionMap":{"docs":{"insertions":146,"deletions":12}}},{"hash":"f1bb879430613bae7c69a50ccb558272994f4854","isMergeCommit":false,"messageTitle":"Remove placeholder","messageBody":"Make Nguyen Team Lead and remove Project Advisor placeholder. This\nis done to pass the dashboard checks.\n","fileTypesAndContributionMap":{"docs":{"insertions":6,"deletions":16}}},{"hash":"f48913626323da447cae62fba303376fff20e48b","isMergeCommit":true,"messageTitle":"Merge pull request #27 from chrisjohntan/update-readme","messageBody":"Update project Readme and site wide settings","fileTypesAndContributionMap":{}},{"hash":"7b3be99ee685b46eb1325b23f4d82df259f0fd68","isMergeCommit":true,"messageTitle":"Merge branch \u0027AY2425S1-CS2103T-F14a-4:master\u0027 into master","messageBody":"","fileTypesAndContributionMap":{}},{"hash":"4806f61ba0046e7cc4afe25cf660d3c5d5d9f227","isMergeCommit":true,"messageTitle":"Merge branch \u0027AY2425S1-CS2103T-F14a-4:master\u0027 into master","messageBody":"","fileTypesAndContributionMap":{}}]},{"date":"2024-10-05","commitResults":[{"hash":"1ebc35441add7e8d7b3031628e9d3411b97d532a","isMergeCommit":true,"messageTitle":"Merge branch \u0027AY2425S1-CS2103T-F14a-4:master\u0027 into master","messageBody":"","fileTypesAndContributionMap":{}},{"hash":"18941c4d6bac40a720759d9b01416757ac3dd0e9","isMergeCommit":false,"messageTitle":"Edit README.md for dashboard check","messageBody":"Let\u0027s:\n* Remove template provided by AB3\n* Add our own description for CampusConnect\n* Add acknowledgements to the original AB3 site\n","fileTypesAndContributionMap":{"docs":{"insertions":9,"deletions":8}}},{"hash":"3c826c9542099f5f02859a0b827dfc74aba3cf82","isMergeCommit":false,"messageTitle":"Fix grammar","messageBody":"","fileTypesAndContributionMap":{"docs":{"insertions":1,"deletions":1}}},{"hash":"c9d77f59c59ae884923641c36f41ceeee67aec78","isMergeCommit":true,"messageTitle":"Merge pull request #40 from KrashKart/branch-edit-Readme","messageBody":"Edit README.md","fileTypesAndContributionMap":{}},{"hash":"e0199c7c32134b5620cbbfe4b7a618baba653055","isMergeCommit":false,"messageTitle":"Rename Nguyen\u0027s png file","messageBody":"","fileTypesAndContributionMap":{"docs":{"insertions":1,"deletions":1}}}]},{"date":"2024-10-09","commitResults":[{"hash":"adca7b53baeea439332f33a93bd1ebcc5f71f68a","isMergeCommit":false,"messageTitle":"Add hierachy to ContainsKeywordsPredicate","messageBody":"Let\u0027s\n* create an abstract ContainsKeywordsPredicate class\n* let Name-, Contact- and EmailContainsKeywordsPredicate inherit\nfrom the abstract class\n\nThis is done to create a hierachy of Predicates used for the\nvarious find commands: find by name, contact and email\n","fileTypesAndContributionMap":{"functional-code":{"insertions":133,"deletions":6}}},{"hash":"c483bc18d519cb82fa647883a482b20388a329d0","isMergeCommit":false,"messageTitle":"Make FindCommand abstract","messageBody":"This is so that we can use this as a template for the sub-commands\nfor Find\n","fileTypesAndContributionMap":{"functional-code":{"insertions":34,"deletions":34}}}]},{"date":"2024-10-10","commitResults":[{"hash":"a44950e9662e4b5f233c25e44deedf93dfef179b","isMergeCommit":false,"messageTitle":"Change message usage and other methods","messageBody":"Temporarily correct until we implement the sub-categories of find\n","fileTypesAndContributionMap":{"functional-code":{"insertions":37,"deletions":37}}},{"hash":"5ffbc0e7b1ce0ad578ad2f9bb98132c50d5a0ed1","isMergeCommit":false,"messageTitle":"Add AbstractFindCommand","messageBody":"Temporary so the code does not break\n","fileTypesAndContributionMap":{"functional-code":{"insertions":60,"deletions":2}}},{"hash":"95a09a23133c6aa15b313422bf1a47262e7f3663","isMergeCommit":false,"messageTitle":"Modify code for checkStyle","messageBody":"","fileTypesAndContributionMap":{"functional-code":{"insertions":3,"deletions":7}}},{"hash":"d5b0b4cef5a07812c337c1d56f63673485ae2a8b","isMergeCommit":false,"messageTitle":"Swap both classes","messageBody":"I super sot\n","fileTypesAndContributionMap":{"functional-code":{"insertions":4,"deletions":4}}},{"hash":"286cf1e04798a3d40f1c56f702bef742e8d6c058","isMergeCommit":true,"messageTitle":"Merge pull request #42 from blackpanther9229/branch-AboutUs","messageBody":"Branch about us of Nguyen","fileTypesAndContributionMap":{}},{"hash":"dea071e8a57a93cc9fb7db64d3950a774c6a238c","isMergeCommit":false,"messageTitle":"Add FindByNameCommand file","messageBody":"To be used for finding by name commands\n","fileTypesAndContributionMap":{"functional-code":{"insertions":9,"deletions":0}}},{"hash":"6b6b9a0f02db6b3a54bc8d7ab4c6f04ca1f25beb","isMergeCommit":false,"messageTitle":"Add logic to check find type","messageBody":"Use Regex to check which tag is input to find\n","fileTypesAndContributionMap":{"functional-code":{"insertions":20,"deletions":7}}},{"hash":"c789ccb4b7e6975ab57ad4f628706d6023566af4","isMergeCommit":false,"messageTitle":"Integrate FindByNameCommand into CampusConnect","messageBody":"Let\u0027s\n* add javadocs and comments for new methods\n* change FindCommandParser to return approppriate class depending on\ntag\n","fileTypesAndContributionMap":{"functional-code":{"insertions":14,"deletions":4}}},{"hash":"58ea80c0f07d653c1779c53e8e3c47a95bce9c3a","isMergeCommit":false,"messageTitle":"Update test cases and class file","messageBody":"Let\u0027s\n* modify the regex to account for whitespace characters\n* implement unit tests for AddressBookParser and FindByNameCommand\n* modify unit test for FindCommandParserTest\n* implement equals method (overwriting) for FindByNameCommand\n","fileTypesAndContributionMap":{"functional-code":{"insertions":23,"deletions":18},"test-code":{"insertions":112,"deletions":9}}},{"hash":"a06c7805955c59ed2d539339d9322278fe2ff9ee","isMergeCommit":false,"messageTitle":"Modify code for checkstyle","messageBody":"","fileTypesAndContributionMap":{"functional-code":{"insertions":0,"deletions":1},"test-code":{"insertions":7,"deletions":8}}},{"hash":"d478e3d4befa4b06dd51189dbfa7c29671df4277","isMergeCommit":false,"messageTitle":"Add class file for FindByContactCommand","messageBody":"","fileTypesAndContributionMap":{"functional-code":{"insertions":4,"deletions":0}}},{"hash":"b8afc3959a9e4e04e6284126739729515d9e890b","isMergeCommit":true,"messageTitle":"Merge branch \u0027master\u0027 into branch-Find-Contact","messageBody":"","fileTypesAndContributionMap":{}},{"hash":"86973cd15e30670b68e75aa89b49433c3fb1e075","isMergeCommit":false,"messageTitle":"Add FindByContactCommand","messageBody":"Let\u0027s\n* implement FindByContact\n* change AddressBookParserTest, FindCommandParser unit tests\n* add unit test for FindByContact\n* tidy code for checkstyle\n","fileTypesAndContributionMap":{"functional-code":{"insertions":30,"deletions":2},"test-code":{"insertions":117,"deletions":1}}},{"hash":"2e31ac51e8864391ab1540eda2134aec3e44593c","isMergeCommit":false,"messageTitle":"Add command word and message usage","messageBody":"For FindByContactCommand and FindByNameCommand\n","fileTypesAndContributionMap":{"functional-code":{"insertions":12,"deletions":0}}},{"hash":"e3f5738e4a30203fc7afd6c5fe3383ce97724394","isMergeCommit":false,"messageTitle":"Fix unit test","messageBody":"","fileTypesAndContributionMap":{"test-code":{"insertions":2,"deletions":2}}},{"hash":"2c0ea7746e54443fdb5bd0b1046d14fa8b4f92eb","isMergeCommit":false,"messageTitle":"Update error message for FindByContactCommand","messageBody":"Make the error message more appropriate for contact numbers\n","fileTypesAndContributionMap":{"functional-code":{"insertions":1,"deletions":1}}},{"hash":"d5ff88114f8f0b39b87894aa77f5837e8edd31b5","isMergeCommit":false,"messageTitle":"Change unit test for FindCommandParserTest","messageBody":"Test for the correct MESSAGE_USAGE\n","fileTypesAndContributionMap":{"test-code":{"insertions":3,"deletions":1}}},{"hash":"f321113a6cc70f36aece30dab6f05bcd33becd3d","isMergeCommit":false,"messageTitle":"Remove unused import","messageBody":"This is infuriatingly dumb\n","fileTypesAndContributionMap":{"test-code":{"insertions":0,"deletions":1}}},{"hash":"723a527cb3d7f77d9ef36bbdc55aa4b9469ccf1a","isMergeCommit":false,"messageTitle":"Remove unused imports","messageBody":"","fileTypesAndContributionMap":{"functional-code":{"insertions":1,"deletions":2}}},{"hash":"8da6efe61ffe8d941b04ef2c47d4dafc75d65800","isMergeCommit":true,"messageTitle":"Merge pull request #53 from CYX22222003/branch-duplicate-email","messageBody":"Implement duplicate email checking feature","fileTypesAndContributionMap":{}},{"hash":"779c744cf4bd7349d3b6a65232b13577332f5c01","isMergeCommit":true,"messageTitle":"Merge pull request #60 from chrisjohntan/add-check-duplicate-phone","messageBody":"Check for duplicate phone number","fileTypesAndContributionMap":{}}]},{"date":"2024-10-15","commitResults":[{"hash":"c600cef491bb47a1e4aaf1749a790ec7a546cda3","isMergeCommit":true,"messageTitle":"Merge pull request #69 from yooplo/branch-update-find-command-format","messageBody":"Branch update find command format","fileTypesAndContributionMap":{}},{"hash":"2cc64e47859960d97547b8e0bcc79ea495536bbd","isMergeCommit":false,"messageTitle":"Adapt GUI to CampusConnect basic design","messageBody":"Let\u0027s\n* add an NUS logo png file for our icon images\n* change the window and taskbar logo to the NUS logo\n* change the window header to CampusConnect\n* remove the $address field from the PersonCard\n* shrink PersonListCard height via the fxml file to accomodate\nthe removal of $address\n","fileTypesAndContributionMap":{"functional-code":{"insertions":11,"deletions":11}}},{"hash":"905e00c9a3bd8788e559f2df376ffdea5bb0dadc","isMergeCommit":true,"messageTitle":"Merge branch \u0027master\u0027 into branch-edit-GUI","messageBody":"","fileTypesAndContributionMap":{}},{"hash":"2d8bebe385850520feb5950adac748eef64ee1c0","isMergeCommit":false,"messageTitle":"Implement FindByTagCommand","messageBody":"Let\u0027s\n* add the FindByTagCommand class to find by tag\n* TagContainsKeywordsPredicate with naive finding\n","fileTypesAndContributionMap":{"functional-code":{"insertions":96,"deletions":10}}},{"hash":"fef1f316cbdd95a33686235744bcb9bba5c5f076","isMergeCommit":false,"messageTitle":"Add unit tests for new FindByTagCommand class","messageBody":"","fileTypesAndContributionMap":{"functional-code":{"insertions":1,"deletions":1},"test-code":{"insertions":192,"deletions":0}}},{"hash":"88aa70de8a976935f517408445db48ed35dc3411","isMergeCommit":false,"messageTitle":"Delete FindCommand and remove dependencies","messageBody":"","fileTypesAndContributionMap":{"functional-code":{"insertions":0,"deletions":58},"test-code":{"insertions":0,"deletions":91}}}]},{"date":"2024-10-16","commitResults":[{"hash":"2773f7c114fdcfb657e92900698a51a6bf4b1a4a","isMergeCommit":true,"messageTitle":"Merge pull request #75 from CYX22222003/branch-update-testcases","messageBody":"Update unit test for duplicate information detection","fileTypesAndContributionMap":{}},{"hash":"c516fbc4bce03ae347baf3d6180a450aa847415f","isMergeCommit":false,"messageTitle":"Change README","messageBody":"Let\u0027s\n* change Ui.png\n* change README description\n","fileTypesAndContributionMap":{"docs":{"insertions":4,"deletions":1}}},{"hash":"120f4011157ca8aa058b25d1d692341932965f75","isMergeCommit":false,"messageTitle":"Completely remove all traces of Address","messageBody":"","fileTypesAndContributionMap":{"functional-code":{"insertions":13,"deletions":158},"test-code":{"insertions":56,"deletions":244}}},{"hash":"cfc8d74c9d8b967d3044a94c00ef0405d2e49e57","isMergeCommit":true,"messageTitle":"Merge pull request #89 from KrashKart/branch-remove-Address","messageBody":"Remove all traces of Address","fileTypesAndContributionMap":{}}]},{"date":"2024-10-17","commitResults":[{"hash":"1e55a1320e0464988d36ac8c40ba58588226469b","isMergeCommit":false,"messageTitle":"Change all occurences of contact to phone","messageBody":"Renamed FindByContactCommand, ContactContainsKeywordPredicate and all\noccurences to FindbyPhoneCommand, PhoneContainsKeywordPredicate, etc\n","fileTypesAndContributionMap":{"functional-code":{"insertions":10,"deletions":11},"other":{"insertions":28,"deletions":27},"test-code":{"insertions":11,"deletions":19}}},{"hash":"7ce1e967ca8f0c36a25f0c57e3e4b2d3ac068da9","isMergeCommit":false,"messageTitle":"Resolve conflicts and checkstyle","messageBody":"","fileTypesAndContributionMap":{"test-code":{"insertions":15,"deletions":13}}},{"hash":"9d1c3dbf47ef11dfc07bd3ed92ae21b52a9a3867","isMergeCommit":true,"messageTitle":"Merge pull request #95 from KrashKart/branch-change-phone","messageBody":"Standardise phone","fileTypesAndContributionMap":{}},{"hash":"9cdc5e8863ffe36bad6ba242e94964fa762c32a2","isMergeCommit":true,"messageTitle":"Merge pull request #96 from blackpanther9229/branch-Edit-contact-details","messageBody":"Update new Junit Test for new adjustment in EditCommand","fileTypesAndContributionMap":{}}]}],"CYX22222003":[{"date":"2024-10-03","commitResults":[{"hash":"a3460d908a46621ab90cf222858e99728abd022b","isMergeCommit":true,"messageTitle":"Merge pull request #19 from chrisjohntan/add-christopher-AboutUs","messageBody":"Add Christopher\u0027s AboutUs details","fileTypesAndContributionMap":{}},{"hash":"5ae85fef9df422e2fa5ade38215be24ae71c1b2a","isMergeCommit":true,"messageTitle":"Merge pull request #12 from chrisjohntan/branch-Add-Photo","messageBody":"Add Christopher\u0027s photo","fileTypesAndContributionMap":{}},{"hash":"fa62aa9ce5f0dd214ac930e9d3660ec21adb11eb","isMergeCommit":false,"messageTitle":"Update AboutUs.md for Yixun","messageBody":"","fileTypesAndContributionMap":{"docs":{"insertions":3,"deletions":3}}},{"hash":"cfd3117eea24508e18bd780cbf63777638b5f074","isMergeCommit":true,"messageTitle":"Merge from remote repo","messageBody":"","fileTypesAndContributionMap":{}},{"hash":"e37e0b9fae38ebfc8c6d18e1823f0186b640b344","isMergeCommit":true,"messageTitle":"Merge branch \u0027master\u0027 of https://github.com/CYX22222003/tp into update-AboutUs","messageBody":"","fileTypesAndContributionMap":{}},{"hash":"ae7ab88e5871aaa83986ac95871a98a32b6745f6","isMergeCommit":false,"messageTitle":"Update AboutUs for Yixun","messageBody":"","fileTypesAndContributionMap":{"docs":{"insertions":4,"deletions":4}}},{"hash":"0d7ffa76188aa5fd2e47de6b22ef248a1868a8cd","isMergeCommit":true,"messageTitle":"Merge pull request #25 from blackpanther9229/branch-AboutUs","messageBody":"Add About Us photo and details of Nguyen","fileTypesAndContributionMap":{}}]},{"date":"2024-10-04","commitResults":[{"hash":"c52198c4f524d79ebfcc29945b4653d6897ccbbb","isMergeCommit":false,"messageTitle":"Update non-functional requirements","messageBody":"","fileTypesAndContributionMap":{"docs":{"insertions":4,"deletions":2}}},{"hash":"dfe972f3840f140718d0534e8062e527eda83f19","isMergeCommit":true,"messageTitle":"Merge pull request #35 from KrashKart/branch-AboutUs","messageBody":"Update AboutUs","fileTypesAndContributionMap":{}},{"hash":"ce75923e555938d1f9ad39ec5bd29253a18c4576","isMergeCommit":true,"messageTitle":"Merge branch \u0027master\u0027 of https://github.com/CYX22222003/tp into update-NFR","messageBody":"","fileTypesAndContributionMap":{}},{"hash":"4d646568caa3a67e94f98e91cfbec6e2143ba32e","isMergeCommit":false,"messageTitle":"Update product scope","messageBody":"","fileTypesAndContributionMap":{"docs":{"insertions":12,"deletions":9}}},{"hash":"7a35bb23cfccf5ccf9bf67daeb00ae144678c18b","isMergeCommit":true,"messageTitle":"Merge pull request #36 from CYX22222003/update-NFR","messageBody":"Update non-functional requirements","fileTypesAndContributionMap":{}}]},{"date":"2024-10-10","commitResults":[{"hash":"988ea35d0da6407e774da2537e71891eab4339bb","isMergeCommit":false,"messageTitle":"Implement email checking function","messageBody":"","fileTypesAndContributionMap":{"functional-code":{"insertions":13,"deletions":0}}},{"hash":"726f11d28d902556e35785181db480acd671fab1","isMergeCommit":false,"messageTitle":"Add functions to check for repeated information","messageBody":"","fileTypesAndContributionMap":{"functional-code":{"insertions":11,"deletions":3}}},{"hash":"07c292b1de326aef59aa053326cf9fa91734fcf5","isMergeCommit":false,"messageTitle":"Modify duplicate check to pass unit test","messageBody":"","fileTypesAndContributionMap":{"functional-code":{"insertions":1,"deletions":1}}},{"hash":"95eefc79bb421a5da104bc0058625cc1c1acdc23","isMergeCommit":false,"messageTitle":"Update test cases for email checking","messageBody":"","fileTypesAndContributionMap":{"functional-code":{"insertions":1,"deletions":1},"test-code":{"insertions":7,"deletions":4}}},{"hash":"7e0c9a0ea1859f9ad1f8ac673bae6953e31bff26","isMergeCommit":false,"messageTitle":"Modify email checking functions","messageBody":"","fileTypesAndContributionMap":{"functional-code":{"insertions":1,"deletions":6}}},{"hash":"3dac9183dde6e1a540f5cb81e427e88f95242b97","isMergeCommit":false,"messageTitle":"Correct formatting errors","messageBody":"","fileTypesAndContributionMap":{"test-code":{"insertions":2,"deletions":2}}},{"hash":"5ed3acce7379d635fe3e33e41d580c0b8177c989","isMergeCommit":false,"messageTitle":"Update unit test for email checking","messageBody":"","fileTypesAndContributionMap":{"test-code":{"insertions":13,"deletions":0}}},{"hash":"7e8899cc57bfe31412891b1c9321174320cca15e","isMergeCommit":false,"messageTitle":"Update unit test to increase code coverage","messageBody":"","fileTypesAndContributionMap":{"test-code":{"insertions":13,"deletions":0}}},{"hash":"a48b49b9c5e6b622ffd08e19efed730b7c4ab993","isMergeCommit":true,"messageTitle":"Merge pull request #56 from KrashKart/branch-Find-Contact","messageBody":"Implement filtering of contacts by number","fileTypesAndContributionMap":{}},{"hash":"04e2b8c93b4db6af0e1ff424cbb1e4013311350e","isMergeCommit":true,"messageTitle":"Merge pull request #57 from yooplo/branch-finding-by-email-command","messageBody":"Implement FindByEmailCommand Class","fileTypesAndContributionMap":{}},{"hash":"ad8652e2400448b994d1dd230c0f0f9e2a1cf650","isMergeCommit":true,"messageTitle":"Merge pull request #59 from blackpanther9229/branch-Edit-contact-details","messageBody":"Add new method to support changing details of a Person","fileTypesAndContributionMap":{}}]},{"date":"2024-10-15","commitResults":[{"hash":"75fbf11a813ca4f44a5811b6988403e9980b4e72","isMergeCommit":false,"messageTitle":"Update unit test for duplicate information detection","messageBody":"","fileTypesAndContributionMap":{"test-code":{"insertions":20,"deletions":0}}}]},{"date":"2024-10-16","commitResults":[{"hash":"d83f3d185977422af480659a0285d76ac9e72fd4","isMergeCommit":false,"messageTitle":"Update more unittest cases for duplicate information detection","messageBody":"","fileTypesAndContributionMap":{"test-code":{"insertions":16,"deletions":0}}},{"hash":"9c0e5455b8fc629032d3f73097471b7cdfa511fa","isMergeCommit":false,"messageTitle":"Attempt to update new edit command","messageBody":"","fileTypesAndContributionMap":{"functional-code":{"insertions":7,"deletions":2},"test-code":{"insertions":24,"deletions":4}}},{"hash":"dc54137f95b50be9dd71eb5f5575a32ac69e8243","isMergeCommit":true,"messageTitle":"Merge with master branch","messageBody":"","fileTypesAndContributionMap":{}},{"hash":"107b63be3ccd0ed52380a0993692278ce4bcabc5","isMergeCommit":true,"messageTitle":"Merge pull request #78 from yooplo/branch-update-GUI","messageBody":"Update the color theme","fileTypesAndContributionMap":{}},{"hash":"b68ae739b80b4f552ef567927babb35366fd1a92","isMergeCommit":false,"messageTitle":"Implement features to insert persons","messageBody":"","fileTypesAndContributionMap":{"functional-code":{"insertions":34,"deletions":2},"test-code":{"insertions":8,"deletions":3}}}]},{"date":"2024-10-17","commitResults":[{"hash":"f41204e422e497b15edc76787f913fb3925d8a5a","isMergeCommit":true,"messageTitle":"Merge pull request #90 from chrisjohntan/update-userguide","messageBody":"Update user guide","fileTypesAndContributionMap":{}}]}],"chrisjohntan":[{"date":"2024-09-20","commitResults":[{"hash":"6dac255026cbf5dd67400ecc9f09082e9518be29","isMergeCommit":false,"messageTitle":"Add codecov badge","messageBody":"","fileTypesAndContributionMap":{"docs":{"insertions":1,"deletions":1}}},{"hash":"17e78b4e50e31898b30ec3ba03f6197f2ffcd8ff","isMergeCommit":true,"messageTitle":"Merge branch \u0027switch-docs-to-markbind\u0027","messageBody":"","fileTypesAndContributionMap":{}},{"hash":"ba4070afb6fa244ffda39d23ae0b2f2f94c81f2c","isMergeCommit":false,"messageTitle":"Configure markbind","messageBody":"","fileTypesAndContributionMap":{"docs":{"insertions":1,"deletions":1}}}]},{"date":"2024-10-03","commitResults":[{"hash":"b946a5650f55bfd7a28a44c78d0fe22d8b3117b3","isMergeCommit":false,"messageTitle":"Add Christopher\u0027s AboutUs","messageBody":"","fileTypesAndContributionMap":{"docs":{"insertions":11,"deletions":0}}}]},{"date":"2024-10-04","commitResults":[{"hash":"b1ea7dd2b4533bb6549ad2589f3849580fdf7c5d","isMergeCommit":false,"messageTitle":"Update readme to remove AB-3 references","messageBody":"","fileTypesAndContributionMap":{"docs":{"insertions":3,"deletions":4}}},{"hash":"ac297e1f58b525b851c3922761895a1eaca6e1f1","isMergeCommit":false,"messageTitle":"Update link to github repo","messageBody":"","fileTypesAndContributionMap":{"docs":{"insertions":1,"deletions":1}}},{"hash":"829d2954669ee775940ba52df65aabcda90f253e","isMergeCommit":false,"messageTitle":"Remove reference to AB3 repo","messageBody":"","fileTypesAndContributionMap":{"docs":{"insertions":0,"deletions":1}}}]},{"date":"2024-10-10","commitResults":[{"hash":"b96b92a3a5cf571a5b7bb79ea4c8239179e63143","isMergeCommit":false,"messageTitle":"Add check for duplicate phone number","messageBody":"","fileTypesAndContributionMap":{"functional-code":{"insertions":12,"deletions":1}}},{"hash":"8784aecc3bac1e507483d6f5eade827ea40a7507","isMergeCommit":false,"messageTitle":"Edit method header comments","messageBody":"","fileTypesAndContributionMap":{"functional-code":{"insertions":10,"deletions":6}}},{"hash":"e5c45ec38ee3daa0ee15baee357dd4171f30665e","isMergeCommit":false,"messageTitle":"Update tests for phone number","messageBody":"","fileTypesAndContributionMap":{"test-code":{"insertions":10,"deletions":3}}}]},{"date":"2024-10-17","commitResults":[{"hash":"79a0bc835b0434c77f2bfad55dcbb3cd500efe6e","isMergeCommit":false,"messageTitle":"Remove mention of contact address and address prefixes","messageBody":"","fileTypesAndContributionMap":{"docs":{"insertions":7,"deletions":7}}},{"hash":"fa8090ac3104530bb6d2010617252dd345682a1f","isMergeCommit":false,"messageTitle":"Update find command to match the updated format","messageBody":"","fileTypesAndContributionMap":{"docs":{"insertions":25,"deletions":9}}},{"hash":"162eeae5af3840d7d2a3a3cbe2899ee28b0dd90d","isMergeCommit":false,"messageTitle":"Update find command to match the updated format","messageBody":"","fileTypesAndContributionMap":{"docs":{"insertions":1,"deletions":1}}}]}],"blackpanther9229":[{"date":"2024-10-03","commitResults":[{"hash":"30c53f196aa4d437faab0a7cb5792a0142c0d209","isMergeCommit":false,"messageTitle":"Add About Us photo and details","messageBody":"","fileTypesAndContributionMap":{"docs":{"insertions":10,"deletions":4}}}]},{"date":"2024-10-04","commitResults":[{"hash":"9d6e327fcbc25784ef8395191c8b6195887f496b","isMergeCommit":false,"messageTitle":"Update Nguyen\u0027s photo name to match github name","messageBody":"","fileTypesAndContributionMap":{"docs":{"insertions":1,"deletions":1}}}]},{"date":"2024-10-05","commitResults":[{"hash":"f2940e40d145182a17891c379b4eece08ffd8d15","isMergeCommit":false,"messageTitle":"Update Nguyens\u0027 photo name and portfolio to match requirement.","messageBody":"","fileTypesAndContributionMap":{"docs":{"insertions":2,"deletions":2}}},{"hash":"74e5f49395ed4aa7884573072a9dfb5913fb38a6","isMergeCommit":true,"messageTitle":"Merge branch \u0027master\u0027 into branch-AboutUs","messageBody":"","fileTypesAndContributionMap":{}}]},{"date":"2024-10-10","commitResults":[{"hash":"6ee0d490e87f16fff05c3905c3e59dc89e34c278","isMergeCommit":false,"messageTitle":"Add new method to support changing details of a Person  (not yet implementing)","messageBody":"","fileTypesAndContributionMap":{"functional-code":{"insertions":44,"deletions":4}}},{"hash":"0699c433eb2a3b25e945cfafd2892cc7d849394e","isMergeCommit":false,"messageTitle":"Check some style error","messageBody":"","fileTypesAndContributionMap":{"functional-code":{"insertions":25,"deletions":33}}}]},{"date":"2024-10-17","commitResults":[{"hash":"bfafa63260d313adc6dd8464cc648277ae5c90d2","isMergeCommit":true,"messageTitle":"Merge pull request #77 from CYX22222003/branch-update-edit","messageBody":"Attempt to update new edit command","tags":["v1.3"],"fileTypesAndContributionMap":{}},{"hash":"5894bb2b0e4c442143cd6ef8aadcf656fb267cca","isMergeCommit":false,"messageTitle":"Update new Junit Test for new adjustment in EditCommand","messageBody":"","fileTypesAndContributionMap":{"functional-code":{"insertions":0,"deletions":32},"test-code":{"insertions":37,"deletions":2}}},{"hash":"84c9715632e69ea4393df32ed677e519901e0693","isMergeCommit":true,"messageTitle":"Merge branch \u0027master\u0027 into branch-Edit-contact-details","messageBody":"","fileTypesAndContributionMap":{}},{"hash":"57c08a9d3843e690381a071aca41b852e7ffc345","isMergeCommit":false,"messageTitle":"Some style error check","messageBody":"","fileTypesAndContributionMap":{"test-code":{"insertions":2,"deletions":2}}},{"hash":"be850dbea454c2d86c384a6a2af42704e67a0fd9","isMergeCommit":false,"messageTitle":"More style error fixed","messageBody":"","fileTypesAndContributionMap":{"test-code":{"insertions":0,"deletions":3}}}]}]},"authorFileTypeContributionMap":{"yooplo":{"docs":147,"functional-code":486,"test-code":420,"other":1},"KrashKart":{"docs":151,"functional-code":384,"test-code":378},"CYX22222003":{"docs":13,"functional-code":49,"test-code":97},"chrisjohntan":{"docs":37,"functional-code":19,"test-code":10},"blackpanther9229":{"docs":6,"functional-code":0,"test-code":36}},"authorContributionVariance":{"yooplo":76242.05,"KrashKart":25231.504,"CYX22222003":553.88776,"chrisjohntan":143.28955,"blackpanther9229":573.20416},"authorDisplayNameMap":{"yooplo":"CS2103T-F14a-4 JUST.. REN","KrashKart":"CS2103T-F14a-4 WONG.. JIE","CYX22222003":"CS2103T-F14a-4 CHEN..IXUN","chrisjohntan":"CS2103T-F14a-4 TAN ..JOHN","blackpanther9229":"CS2103T-F14a-4 NGUY..OANG"}}
