{"authorDailyContributionsMap":{"ishan-agarwal-05":[{"date":"2024-10-02","commitResults":[{"hash":"09f3fb447aa35aed39aca58447d62f2b1d015c70","isMergeCommit":false,"messageTitle":"Add about us for ishan","messageBody":"","fileTypesAndContributionMap":{"docs":{"insertions":51,"deletions":5}}},{"hash":"761ce53861bd4e1d5f476dc07dd21666733936ff","isMergeCommit":true,"messageTitle":"Merge pull request #27 from ishan-agarwal-05/Add-about-me-for-ishan","messageBody":"Add about me for ishan","fileTypesAndContributionMap":{}},{"hash":"4f89ecf767343cacef2f2453a895995bddfced3c","isMergeCommit":false,"messageTitle":"Test commit","messageBody":"","fileTypesAndContributionMap":{"docs":{"insertions":1,"deletions":1}}},{"hash":"5d4869da7cd2c01d93a60a66a9e84384eef92e84","isMergeCommit":true,"messageTitle":"Merge pull request #35 from ishan-agarwal-05/test","messageBody":"Test commit","fileTypesAndContributionMap":{}}]},{"date":"2024-10-10","commitResults":[{"hash":"64fed227846f286748aaed3c71e80d5c6956773c","isMergeCommit":false,"messageTitle":"Implement find feature with name and student ID search","messageBody":"","fileTypesAndContributionMap":{"functional-code":{"insertions":204,"deletions":39}}},{"hash":"60962107c0b4c9beda6c95e47b2e052e39a29557","isMergeCommit":false,"messageTitle":"Checks failed improvement","messageBody":"","fileTypesAndContributionMap":{"functional-code":{"insertions":1,"deletions":1},"docs":{"insertions":25,"deletions":25}}},{"hash":"1004165479f255c4fab825e5a16eb30e263b8019","isMergeCommit":false,"messageTitle":"Checkstyle improvement","messageBody":"","fileTypesAndContributionMap":{"functional-code":{"insertions":36,"deletions":31}}},{"hash":"740923b54a9ddca11c787684f53b7478ffba1e08","isMergeCommit":true,"messageTitle":"Merge pull request #61 from ishan-agarwal-05/find-feature","messageBody":"Implement find feature with name and student ID search","fileTypesAndContributionMap":{}}]},{"date":"2024-10-11","commitResults":[{"hash":"0604d8cc9481044ef49c04301ae9b8dabf2fdeb5","isMergeCommit":false,"messageTitle":"Fix Find command tests by disabling. Clean up code","messageBody":"","fileTypesAndContributionMap":{"functional-code":{"insertions":89,"deletions":59},"test-code":{"insertions":30,"deletions":9}}}]},{"date":"2024-10-17","commitResults":[{"hash":"3d394b0a087e6cff8ffedabe3aac0d0d7925a569","isMergeCommit":true,"messageTitle":"Merge pull request #73 from Wnayar/branch-DeleteSnubTestCases","messageBody":"Adds delete test case and stub model","fileTypesAndContributionMap":{}},{"hash":"0d032b3c331ced0393e4d646663fd864e9dd5db1","isMergeCommit":false,"messageTitle":"change prefix from of find from /n to n/ and other small bug fixes","messageBody":"","fileTypesAndContributionMap":{"functional-code":{"insertions":81,"deletions":72}}},{"hash":"d07aff103c81808cb27a1a84c4c2f0f064f3c573","isMergeCommit":false,"messageTitle":"Add tests for FindCommand","messageBody":"","fileTypesAndContributionMap":{"test-code":{"insertions":123,"deletions":16}}},{"hash":"0209e98b72c9fb16ee73e92914f1eedacd9a7c6d","isMergeCommit":false,"messageTitle":"Add tests for FindCommandPaser","messageBody":"","fileTypesAndContributionMap":{"functional-code":{"insertions":0,"deletions":1},"test-code":{"insertions":63,"deletions":9}}},{"hash":"e78796847f3f71821c74dee5c4fb0ca99662e720","isMergeCommit":false,"messageTitle":"Add UserGuide for find command","messageBody":"","fileTypesAndContributionMap":{"docs":{"insertions":15,"deletions":12}}},{"hash":"853382136d98c928aeaead244e21315f10113755","isMergeCommit":false,"messageTitle":"Change find command in user docs command summary","messageBody":"","fileTypesAndContributionMap":{"docs":{"insertions":1,"deletions":1}}}]},{"date":"2024-10-20","commitResults":[{"hash":"bd5072ff688fe11b2df0df88dc8d696a56aaf42f","isMergeCommit":false,"messageTitle":"Add attendance tracking features","messageBody":"","fileTypesAndContributionMap":{"functional-code":{"insertions":781,"deletions":1}}},{"hash":"32023690b68f51fcc5967aa3c8cc20214fe2af54","isMergeCommit":true,"messageTitle":"resolved merge conflict","messageBody":"","fileTypesAndContributionMap":{}},{"hash":"34e50f35b105c343da43605fa08bffee5061339b","isMergeCommit":false,"messageTitle":"Add prefixes in attendance commands. Fix stubs","messageBody":"","fileTypesAndContributionMap":{"functional-code":{"insertions":177,"deletions":69},"test-code":{"insertions":110,"deletions":1}}}]},{"date":"2024-10-22","commitResults":[{"hash":"881000e9a516e75a1db621c1c8074ba17394a0eb","isMergeCommit":false,"messageTitle":"Add listattendence,deleteevent, unmark commands bug fixes in mark, unmark command","messageBody":"","fileTypesAndContributionMap":{"functional-code":{"insertions":449,"deletions":216},"test-code":{"insertions":12,"deletions":2}}}]},{"date":"2024-10-23","commitResults":[{"hash":"3229bccc40b0c82d0d698d5b8018107f3a08f13b","isMergeCommit":true,"messageTitle":"Merge pull request #123 from NicholasT1/randomFeature-Initial","messageBody":"Add random command and the associated parser","fileTypesAndContributionMap":{}}]},{"date":"2024-10-24","commitResults":[{"hash":"d0d0277e744a00e3048f728cab4b5e4154a8c1fc","isMergeCommit":true,"messageTitle":"Merge pull request #131 from Wnayar/branch-CommentFeedback","messageBody":"Branch comment feedback","tags":["v1.4"],"fileTypesAndContributionMap":{}},{"hash":"533f1cd3a810fdab5948b8350c7be2177c50ffd9","isMergeCommit":false,"messageTitle":"Add uml for mark attendance command","messageBody":"","fileTypesAndContributionMap":{"docs":{"insertions":67,"deletions":0}}}]},{"date":"2024-10-25","commitResults":[{"hash":"c1077fdae96c62287372b2d448259ce93ffd478d","isMergeCommit":true,"messageTitle":"Merge pull request #133 from gabriellegtw/branch-UML-1","messageBody":"Enable assertions","fileTypesAndContributionMap":{}},{"hash":"126c436680b15a05362a8424f79e9d6617dec757","isMergeCommit":true,"messageTitle":"Merge pull request #135 from gabriellegtw/branch-UML-2","messageBody":"Improve Person Model in UML","fileTypesAndContributionMap":{}}]},{"date":"2024-11-07","commitResults":[{"hash":"9599e343e3b03172c8bbf763805320ba45f153a7","isMergeCommit":false,"messageTitle":"fix alpha bugs and add tests for attendance","messageBody":"","fileTypesAndContributionMap":{"functional-code":{"insertions":0,"deletions":47},"test-code":{"insertions":32,"deletions":0}}},{"hash":"1f8daabd3fff5a8535b602ad1c109c40626ad32b","isMergeCommit":false,"messageTitle":"add tests","messageBody":"","fileTypesAndContributionMap":{"functional-code":{"insertions":121,"deletions":12},"test-code":{"insertions":563,"deletions":0}}},{"hash":"e2c9082330d0f17bc9e791b9b190d845345ebee3","isMergeCommit":false,"messageTitle":"diabled not working tests","messageBody":"","fileTypesAndContributionMap":{"test-code":{"insertions":4,"deletions":2}}},{"hash":"5bf6f345a4bdc4964ffb4f8bcd4a1dc38845acce","isMergeCommit":true,"messageTitle":"Merge pull request #209 from gabriellegtw/branch-GroupSpecificity","messageBody":"Update phrasing of messages and DG","tags":["v1.5"],"fileTypesAndContributionMap":{}}]},{"date":"2024-11-08","commitResults":[{"hash":"d57cbd9f8e3f0091be4d57dde5e2ae27e3213a0e","isMergeCommit":false,"messageTitle":"Update Developer Guide","messageBody":"","fileTypesAndContributionMap":{"functional-code":{"insertions":19,"deletions":13},"docs":{"insertions":575,"deletions":9}}},{"hash":"07d71e50c088fe6914a621a304893439b43d8e07","isMergeCommit":false,"messageTitle":"update user guide and developer\u0027s guide","messageBody":"","fileTypesAndContributionMap":{"docs":{"insertions":0,"deletions":84}}},{"hash":"4d7728440fb00a1a632e75f27147201ef3bec635","isMergeCommit":true,"messageTitle":"Merge branch \u0027master\u0027 into update-ug-dg","messageBody":"","fileTypesAndContributionMap":{}},{"hash":"583a4ac43e9d7fe3adff2bec56e19a92817dc303","isMergeCommit":false,"messageTitle":"Update DeveloperGuide.md","messageBody":"","fileTypesAndContributionMap":{"docs":{"insertions":1,"deletions":1}}},{"hash":"a491f3b3eecfddcaaafc1ae3d71d377d4ab8d02d","isMergeCommit":false,"messageTitle":"Update DeveloperGuide.md","messageBody":"","fileTypesAndContributionMap":{"docs":{"insertions":82,"deletions":0}}},{"hash":"b1d09f80a80453e162a8b9e630b9547ffffa1193","isMergeCommit":true,"messageTitle":"Merge branch \u0027master\u0027 into update-ug-dg","messageBody":"","fileTypesAndContributionMap":{}},{"hash":"c769f570d183823e034e9307b2734d5632221d7a","isMergeCommit":true,"messageTitle":"Merge pull request #213 from ishan-agarwal-05/update-ug-dg","messageBody":"Update Developer Guide","tags":["v1.5.1"],"fileTypesAndContributionMap":{}}]},{"date":"2024-11-09","commitResults":[{"hash":"57be49b14248c862f23961d58ac6a2177d4cdf88","isMergeCommit":true,"messageTitle":"Merge pull request #256 from gabriellegtw/branch-ImproveTests","messageBody":"Add tests and assertions","fileTypesAndContributionMap":{}}]},{"date":"2024-11-11","commitResults":[{"hash":"0b8334653edd78ccf19fc0b766b0ef079b998b96","isMergeCommit":true,"messageTitle":"Merge pull request #269 from gabriellegtw/branch-Documentation","messageBody":"Add AI use","fileTypesAndContributionMap":{}},{"hash":"5fae23e80afe0d3af6fcd51a3548cd853da3e0c2","isMergeCommit":false,"messageTitle":"Fixing Documentation Bugs","messageBody":"","fileTypesAndContributionMap":{"docs":{"insertions":76,"deletions":131}}},{"hash":"443c28cb501ba48bbe4083337078edce7d0424f4","isMergeCommit":true,"messageTitle":"Merge pull request #272 from gabriellegtw/branch-Documentation","messageBody":"Fix comments","fileTypesAndContributionMap":{}},{"hash":"2ebf04027426fa9ff778c990f4bdeed5602146ec","isMergeCommit":false,"messageTitle":"Update planned enhancements","messageBody":"","fileTypesAndContributionMap":{"docs":{"insertions":3,"deletions":0}}},{"hash":"d40028fcf1337124d1a16ee05e4a227ba3960f2c","isMergeCommit":true,"messageTitle":"Merge branch \u0027master\u0027 into documentation-v1.6","messageBody":"","fileTypesAndContributionMap":{}},{"hash":"97647dfbc0db4fe48dbc8ca734885c9613ff970c","isMergeCommit":true,"messageTitle":"Merge pull request #273 from gabriellegtw/branch-Documentation","messageBody":"Update documentation","fileTypesAndContributionMap":{}},{"hash":"24b01c7e8969c72d175df0d89bbc3faa57fde3bc","isMergeCommit":false,"messageTitle":"Update DeveloperGuide.md","messageBody":"","fileTypesAndContributionMap":{"docs":{"insertions":3,"deletions":3}}},{"hash":"6bbe6026ddaba7f941d161ba3a0c52479edccb5c","isMergeCommit":false,"messageTitle":"Update DeveloperGuide.md","messageBody":"","fileTypesAndContributionMap":{"docs":{"insertions":1,"deletions":1}}},{"hash":"0cd6891d35e5a9d9c927a0bee3ec6a54afed0822","isMergeCommit":false,"messageTitle":"Update DeveloperGuide.md","messageBody":"","fileTypesAndContributionMap":{"docs":{"insertions":3,"deletions":3}}},{"hash":"df943f78713da74aee7597ebd72195407223383a","isMergeCommit":false,"messageTitle":"Update UserGuide.md","messageBody":"","fileTypesAndContributionMap":{"docs":{"insertions":2,"deletions":2}}}]}],"NicholasT1":[{"date":"2024-09-30","commitResults":[{"hash":"98b2afee7a167537b9d9a451a24f082361c2350b","isMergeCommit":false,"messageTitle":"Change Phone field to StudentId field in Person class","messageBody":"Two Person objects are the same if their StudentId fields are equal.\n","fileTypesAndContributionMap":{"functional-code":{"insertions":75,"deletions":73},"other":{"insertions":12,"deletions":12}}},{"hash":"d426481e95cc1d0048a728f1a19d321470f8c4d5","isMergeCommit":false,"messageTitle":"Update Tests to prevent errors due to removal of Phone field","messageBody":"","fileTypesAndContributionMap":{"test-code":{"insertions":65,"deletions":63}}},{"hash":"4a0cacc50775edb72bc313a0174c32d0e6dad337","isMergeCommit":false,"messageTitle":"Disable failing tests due to StudentId field","messageBody":"","fileTypesAndContributionMap":{"test-code":{"insertions":74,"deletions":29}}},{"hash":"8ca0233883048fb15d2f01ebb2bc98fe898ac04a","isMergeCommit":false,"messageTitle":"Update some javadocs for StudentId","messageBody":"","fileTypesAndContributionMap":{"functional-code":{"insertions":7,"deletions":7}}}]},{"date":"2024-10-01","commitResults":[{"hash":"7d3399bd1de42a55fd823b350146abc263ce66bd","isMergeCommit":false,"messageTitle":"Update email field to use NUS net Id instead","messageBody":"","fileTypesAndContributionMap":{"functional-code":{"insertions":62,"deletions":72},"other":{"insertions":16,"deletions":16},"test-code":{"insertions":49,"deletions":43}}},{"hash":"5162d3172bd58deaaabed15eae4ef003ebff4b3e","isMergeCommit":false,"messageTitle":"Change address field to major in Person class","messageBody":"","fileTypesAndContributionMap":{"functional-code":{"insertions":56,"deletions":56},"test-code":{"insertions":26,"deletions":26}}},{"hash":"dc4f8fd9f700d1dc61a39df2cf4f5af66d36398c","isMergeCommit":false,"messageTitle":"Add Year field to Person class","messageBody":"","fileTypesAndContributionMap":{"functional-code":{"insertions":143,"deletions":41},"test-code":{"insertions":91,"deletions":68}}},{"hash":"9cdacca5316135b5e6c5fd85136c42d8b4bd24c5","isMergeCommit":true,"messageTitle":"Merge pull request #3 from NicholasT1/addFeature-StudentId","messageBody":"Add NUS id field to person","fileTypesAndContributionMap":{}},{"hash":"d16ee2033a5431a4d4e2de794793949e66d00461","isMergeCommit":false,"messageTitle":"Update README.md","messageBody":"Add codecov badge","fileTypesAndContributionMap":{"docs":{"insertions":1,"deletions":0}}}]},{"date":"2024-10-02","commitResults":[{"hash":"74bffc3d2544b9136d96ba88acf5807e95d744ac","isMergeCommit":false,"messageTitle":"Update AboutUs.md","messageBody":"","fileTypesAndContributionMap":{"docs":{"insertions":51,"deletions":6}}},{"hash":"66aad05ba07a48d63afd3c1b83e2537596249786","isMergeCommit":false,"messageTitle":"Add config for CodeCov","messageBody":"","fileTypesAndContributionMap":{"other":{"insertions":1,"deletions":0},"docs":{"insertions":1,"deletions":1}}},{"hash":"5e6a384ed7026b3d3ee75bf9868a4daffe7c96c5","isMergeCommit":false,"messageTitle":"Add space for checkstyle","messageBody":"","fileTypesAndContributionMap":{"other":{"insertions":1,"deletions":0}}},{"hash":"56d975b4ae8909a8a3bb0c7b4dbcb155c00f80e3","isMergeCommit":false,"messageTitle":"Add space at eof","messageBody":"","fileTypesAndContributionMap":{"other":{"insertions":1,"deletions":2}}},{"hash":"efd8c496f0fccb2bf8b62320f04329695920cf19","isMergeCommit":true,"messageTitle":"Merge branch \u0027master\u0027 into aboutusNic","messageBody":"","fileTypesAndContributionMap":{}},{"hash":"670931d3f25fc86778a4965f19698ca1c39707fd","isMergeCommit":true,"messageTitle":"Merge pull request #20 from NicholasT1/aboutusNic","messageBody":"AboutUs page (Nic)","fileTypesAndContributionMap":{}},{"hash":"21fd5109246e29a229c8a16be45efc6c497fc4c9","isMergeCommit":false,"messageTitle":"Update website header","messageBody":"","fileTypesAndContributionMap":{"other":{"insertions":1,"deletions":1}}},{"hash":"c42a73a472ad5ec07ebddf5ac5f7107cd8823199","isMergeCommit":true,"messageTitle":"Merge pull request #30 from NicholasT1/websiteHeader","messageBody":"Update website header","fileTypesAndContributionMap":{}},{"hash":"40f0f50196379235b3d4653fb9a8b58a80a48a4c","isMergeCommit":false,"messageTitle":"Update index.md file for website","messageBody":"","fileTypesAndContributionMap":{"docs":{"insertions":6,"deletions":7}}},{"hash":"ec7ff4c2c3e7521bc8b00744f64937e66e509897","isMergeCommit":true,"messageTitle":"Merge pull request #33 from NicholasT1/websiteUpdate","messageBody":"Update website","fileTypesAndContributionMap":{}},{"hash":"cb6ac51256f26ca4f596cc68781a2b4068c83416","isMergeCommit":false,"messageTitle":"Change heading on navbar","messageBody":"","fileTypesAndContributionMap":{"other":{"insertions":1,"deletions":1}}},{"hash":"267cb1684ef495a74d83e4d997b673e7e5a2d494","isMergeCommit":true,"messageTitle":"Merge pull request #34 from NicholasT1/navbarUpdate","messageBody":"Change heading on navbar","fileTypesAndContributionMap":{}},{"hash":"d60d2a9d877770f973ee161e64b851d66f273af3","isMergeCommit":true,"messageTitle":"Merge pull request #10 from NicholasT1/addFeature-OtherFields","messageBody":"Add NetId, Year and Major fields to Person","fileTypesAndContributionMap":{}}]},{"date":"2024-10-03","commitResults":[{"hash":"ff7aa8fa3e2c306995e62b6681481bcf0082d9dc","isMergeCommit":false,"messageTitle":"Update DG to use list formatting","messageBody":"","fileTypesAndContributionMap":{"docs":{"insertions":82,"deletions":76}}}]},{"date":"2024-10-04","commitResults":[{"hash":"8f88ebcd59ad561f54b57fd6a34c68d48e9ceb19","isMergeCommit":false,"messageTitle":"Standardise phrasing in use cases","messageBody":"","fileTypesAndContributionMap":{"docs":{"insertions":1,"deletions":23}}},{"hash":"86824d69b3ba212786c0695ee7ecd25a0a9aec46","isMergeCommit":true,"messageTitle":"Merge pull request #54 from NicholasT1/formatDG","messageBody":"Format Website (DG)","fileTypesAndContributionMap":{}}]},{"date":"2024-10-10","commitResults":[{"hash":"7dc6f8f9a5e0e13678a15781ca85984b96f74bbd","isMergeCommit":false,"messageTitle":"Add formatting for StudentId and NetId of Person class","messageBody":"","fileTypesAndContributionMap":{"functional-code":{"insertions":4,"deletions":4}}}]},{"date":"2024-10-11","commitResults":[{"hash":"5e70b8b8cce23936b97ff84a36045b4d6e1cfcb3","isMergeCommit":true,"messageTitle":"Merge pull request #65 from ishan-agarwal-05/fix-find-command","messageBody":"Fix Find command tests by disabling. Clean up code","fileTypesAndContributionMap":{}}]},{"date":"2024-10-15","commitResults":[{"hash":"8468885f679676f6d31af3c9495969208369bed7","isMergeCommit":false,"messageTitle":"Make email, major and year fields optional in Person class","messageBody":"","fileTypesAndContributionMap":{"functional-code":{"insertions":99,"deletions":16},"test-code":{"insertions":9,"deletions":7}}},{"hash":"6aeb7eabd7824db235b333fd4ac9d2a4e79f0d25","isMergeCommit":false,"messageTitle":"Change Name field in Person class to allow special characters","messageBody":"Some students may have special characters in their names such as\n\"s/o\".\n","fileTypesAndContributionMap":{"functional-code":{"insertions":2,"deletions":2}}},{"hash":"d27d64ec575bf9e76c6c78872d585c57e4662007","isMergeCommit":false,"messageTitle":"Update Tests","messageBody":"Add test coverage report to .gitignore\n","fileTypesAndContributionMap":{"test-code":{"insertions":262,"deletions":318}}},{"hash":"40e10a3d5dc26d3d62d9279935cb638570435543","isMergeCommit":false,"messageTitle":"Fix compile error","messageBody":"","fileTypesAndContributionMap":{"test-code":{"insertions":9,"deletions":10}}}]},{"date":"2024-10-16","commitResults":[{"hash":"ad9ee6320782707fd8c2f815654be21025ae1e25","isMergeCommit":true,"messageTitle":"Merge pull request #71 from Wnayar/branch-DeleteTestCases","messageBody":"Modifies delete test cases","fileTypesAndContributionMap":{}}]},{"date":"2024-10-17","commitResults":[{"hash":"445fd4a5031facb7104ae388baa330b6cf1f4880","isMergeCommit":false,"messageTitle":"Change output message to account for optional fields","messageBody":"","fileTypesAndContributionMap":{"functional-code":{"insertions":30,"deletions":6}}},{"hash":"62c019e8075a28a6337880f98864c0197c717a91","isMergeCommit":true,"messageTitle":"Merge pull request #75 from ishan-agarwal-05/improve-find-command","messageBody":"Improve find command","fileTypesAndContributionMap":{}},{"hash":"8d6422b341af8dbdd716ce12989245d7c6a21c16","isMergeCommit":true,"messageTitle":"Merge pull request #78 from gabriellegtw/branch-MVP2","messageBody":"Fix edit command","fileTypesAndContributionMap":{}},{"hash":"97f2976d93e6a0327aa6492b3ed8fbae3c7025e3","isMergeCommit":false,"messageTitle":"Disable tag prefix for add and edit commands","messageBody":"- Remove PREFIX_TAG from EditCommandParser and AddCommandParser\n- Disable failing test cases due to removal of tags\n- Remove mention of tags from error output message for edit command\n","fileTypesAndContributionMap":{"functional-code":{"insertions":4,"deletions":4},"docs":{"insertions":1,"deletions":1},"test-code":{"insertions":5,"deletions":0}}},{"hash":"50d1850df6eeab867759365dd7e243a3e7a9a0e3","isMergeCommit":false,"messageTitle":"Change version number in MainApp","messageBody":"","fileTypesAndContributionMap":{"functional-code":{"insertions":1,"deletions":1}}},{"hash":"5f9ddd0dfd325482ca12c7a618c6bb9d2a5ef57e","isMergeCommit":false,"messageTitle":"Change displayed name of app to Teacher\u0027s Pet","messageBody":"","fileTypesAndContributionMap":{"functional-code":{"insertions":1,"deletions":1}}},{"hash":"2681fd4d25ed4c6b2237f6af9a4fd290e7202c49","isMergeCommit":false,"messageTitle":"Update sampledata to remove tags and change name of generated jar file","messageBody":"","fileTypesAndContributionMap":{"functional-code":{"insertions":6,"deletions":6},"other":{"insertions":1,"deletions":1}}},{"hash":"9fbbcdd3c7a5457440334f18f8e0905111e1999b","isMergeCommit":true,"messageTitle":"Merge pull request #79 from NicholasT1/MVP-DisableTags","messageBody":"Disable tag prefix for add and edit commands","tags":["v1.3"],"fileTypesAndContributionMap":{}}]},{"date":"2024-10-19","commitResults":[{"hash":"13c1b2ecd2f0aed3804f8d31a77f614e40baedce","isMergeCommit":true,"messageTitle":"Merge pull request #90 from Wnayar/branch-ImproveDeleteFeature","messageBody":"Improves delete feature tailored feedback and tests","fileTypesAndContributionMap":{}}]},{"date":"2024-10-20","commitResults":[{"hash":"f45ce9af234bbad60c0f441b060d824e36791c0e","isMergeCommit":false,"messageTitle":"Update userguide features and faq","messageBody":"","fileTypesAndContributionMap":{"docs":{"insertions":39,"deletions":29}}},{"hash":"25a0268f91da56636926a25d9e0441e115fdc97c","isMergeCommit":true,"messageTitle":"Merge pull request #110 from NicholasT1/userguideUpdate","messageBody":"Update userguide features and faq","fileTypesAndContributionMap":{}},{"hash":"1cefa84b81835c41f0678d43f3722127b50343dc","isMergeCommit":true,"messageTitle":"Merge pull request #109 from Wnayar/branch_ExitClearHelpParsers","messageBody":"Add parser for clear, exit and help commands","fileTypesAndContributionMap":{}},{"hash":"b2fc61a239090ce36e3ff94c451eead95058ccaf","isMergeCommit":true,"messageTitle":"Merge pull request #107 from ishan-agarwal-05/add-attendance-feature","messageBody":"Add attendance tracking features","fileTypesAndContributionMap":{}}]},{"date":"2024-10-22","commitResults":[{"hash":"e0ebebdc0d8f2e27d5bd66c5b048dd1662f6b33c","isMergeCommit":false,"messageTitle":"Add random command and the associated parser","messageBody":"","fileTypesAndContributionMap":{"functional-code":{"insertions":133,"deletions":0}}}]},{"date":"2024-10-24","commitResults":[{"hash":"093fb797e76ee5fb121f0d701db6940956ae9c4b","isMergeCommit":true,"messageTitle":"Merge pull request #125 from Wnayar/branch-CommentBugFix","messageBody":"Branch comment bug fix","fileTypesAndContributionMap":{}}]},{"date":"2024-10-25","commitResults":[{"hash":"d35b203ca3711a30ad877138a1833a09181ce73c","isMergeCommit":false,"messageTitle":"Update UML diagrams for DG","messageBody":"","fileTypesAndContributionMap":{"docs":{"insertions":25,"deletions":17}}},{"hash":"ea5a1734e829b17b2d97b98ee45b2ded3b162599","isMergeCommit":true,"messageTitle":"Merge pull request #137 from NicholasT1/updateUML","messageBody":"Update UML diagrams for DG","fileTypesAndContributionMap":{}}]},{"date":"2024-10-28","commitResults":[{"hash":"c001a1b610b724e938aaa8435548775b7ea60b8c","isMergeCommit":true,"messageTitle":"Merge pull request #144 from gabriellegtw/branch-UpdateGroupField","messageBody":"Update test and code quality","fileTypesAndContributionMap":{}}]},{"date":"2024-10-30","commitResults":[{"hash":"44585fc7136b618ae32998d17147c2ae362aeaca","isMergeCommit":false,"messageTitle":"Add static empty instance for optional fields of Person","messageBody":"Different constructors are used for empty and non-empty instances of\nMajor, Year and Email classes.\n\nLet\u0027s:\n- Create factory methods to handle both cases and increase\nabstraction\n- Avoid creation of multiple empty instances by using a single static\nempty instance instead\n","fileTypesAndContributionMap":{"functional-code":{"insertions":85,"deletions":50}}},{"hash":"ba320c8105ec06b80c1de1bf37b42ef9da341d8d","isMergeCommit":false,"messageTitle":"Add handling for optional fields for EditCommand","messageBody":"Empty inputs are not allowed for Year, Major and Email fields despite\nthese fields being optional\n\nTherefore, there is no way for users to remove optional fields\n\nLet\u0027s allow users to remove these fields by supplying the tags with\nan empty input (ie, \"y/\").\n","fileTypesAndContributionMap":{"functional-code":{"insertions":69,"deletions":16}}},{"hash":"a2133a4a45441e346c4100f872e33c280986cdcc","isMergeCommit":false,"messageTitle":"Update test cases","messageBody":"","fileTypesAndContributionMap":{"test-code":{"insertions":28,"deletions":39}}},{"hash":"5efdd29e77f4765c8d11a7597fc0039a64a40ece","isMergeCommit":false,"messageTitle":"Add styling for output error messages","messageBody":"Make error messages more distinct\n","fileTypesAndContributionMap":{"functional-code":{"insertions":22,"deletions":3}}},{"hash":"09479d2102537afcad7a607e9c260beefbf40ebd","isMergeCommit":true,"messageTitle":"Merge branch \u0027master\u0027 into UIChanges-Initial","messageBody":"","fileTypesAndContributionMap":{}}]},{"date":"2024-10-31","commitResults":[{"hash":"fe1436ec1aeb1e128bfd68cb10768d4761bc3f5a","isMergeCommit":false,"messageTitle":"Add PersonCount component to UI","messageBody":"Indicates currently displayed and total number of students\n","fileTypesAndContributionMap":{"functional-code":{"insertions":79,"deletions":1}}},{"hash":"92f7d5d68278ab1adcfce732b8d035ecde75245d","isMergeCommit":false,"messageTitle":"Change color of UI to blue and orange","messageBody":"Align with NUS colors\n","fileTypesAndContributionMap":{"functional-code":{"insertions":41,"deletions":25}}},{"hash":"8a637ea3cb5decaacc921a3f7fb4f41fcef67c6b","isMergeCommit":false,"messageTitle":"Improve layout of fields on the UI","messageBody":"- Add Separator and a prefix to make comments more obvious to user\n- Add top padding for each field so that it appears less cluttered\n- Move group label beside name to reduce clutter\n","fileTypesAndContributionMap":{"functional-code":{"insertions":29,"deletions":8}}},{"hash":"0427a1aefb4e13902d7b4b6cbe0b42440f8c5c44","isMergeCommit":true,"messageTitle":"Merge branch \u0027master\u0027 into UIChanges-Initial","messageBody":"","fileTypesAndContributionMap":{}},{"hash":"0ef6876bd9eba3cfcced2fba12c7e66c0417db9e","isMergeCommit":false,"messageTitle":"Fix code style violations","messageBody":"","fileTypesAndContributionMap":{"functional-code":{"insertions":7,"deletions":8}}},{"hash":"8367f3f8779b9ac0fac5483dbefa19a66f8a6b71","isMergeCommit":false,"messageTitle":"Fix crash due to naming error in PersonCount","messageBody":"","fileTypesAndContributionMap":{"functional-code":{"insertions":1,"deletions":1}}}]},{"date":"2024-11-02","commitResults":[{"hash":"2c5523c73995d66b2d44a2211b5ccc590ec1f4fa","isMergeCommit":true,"messageTitle":"Merge pull request #173 from gabriellegtw/branch-Bugs-1","messageBody":"Fix alpha bugs for show and offlinehelp","fileTypesAndContributionMap":{}},{"hash":"301c2b73fc324c3bc6378b11015b7fbc36e0de49","isMergeCommit":false,"messageTitle":"Update UserGuide","messageBody":"- Add docs for Random Command\n- Replace persons with students for consistency\n- Reorder commands by grouping them based on their general purpose\n","fileTypesAndContributionMap":{"docs":{"insertions":68,"deletions":53}}},{"hash":"61877b8ee6e1ed53e95ce365fb503bc33afc162d","isMergeCommit":true,"messageTitle":"Merge pull request #174 from NicholasT1/UGUpdate","messageBody":"Update UserGuide","fileTypesAndContributionMap":{}}]},{"date":"2024-11-03","commitResults":[{"hash":"0bc0cce2f51235be827ac1c087e36433faa3f557","isMergeCommit":true,"messageTitle":"Merge pull request #178 from gabriellegtw/branch-GroupFeatureFlaw-2","messageBody":"Delete Offlinehelp Command","fileTypesAndContributionMap":{}}]},{"date":"2024-11-06","commitResults":[{"hash":"fc707958fc7579ebc81d5b22009ca30ffba3ea3a","isMergeCommit":false,"messageTitle":"Add wraptext for Name in UI","messageBody":"Wraptext prevents long names from getting cut off in the UI\n","fileTypesAndContributionMap":{"functional-code":{"insertions":1,"deletions":1}}},{"hash":"edcceca0e82e60e581df34e9a07ff95e02bac9f7","isMergeCommit":false,"messageTitle":"Allow empty command input to be parsed","messageBody":"This allows the error message to be displayed to the user which is more\nhelpful than simply doing nothing\n","fileTypesAndContributionMap":{"functional-code":{"insertions":0,"deletions":3}}},{"hash":"c55b9b975d86691a5bdcf22639b5447db4e75555","isMergeCommit":false,"messageTitle":"Update error message for AddCommand","messageBody":"","fileTypesAndContributionMap":{"functional-code":{"insertions":4,"deletions":2}}},{"hash":"e8e6a849168f6354ee037179597905edbd9eb8e6","isMergeCommit":false,"messageTitle":"Fix validation for Email and StudentId","messageBody":"Ensures starting letter of StudentId and netId are \u0027a\u0027 and \u0027e\u0027\nrespectively in alignment with NUS convention\n","fileTypesAndContributionMap":{"functional-code":{"insertions":7,"deletions":5}}},{"hash":"eccb1c3c4fbd48fbe5652cf2b6a6e178cbaa377d","isMergeCommit":false,"messageTitle":"Fix error message for Add and Edit commands","messageBody":"Improve specificity of error messages by appending an additional message\nwhen \"/\" is found in the input when it isn\u0027t allowed\n","fileTypesAndContributionMap":{"functional-code":{"insertions":41,"deletions":3}}},{"hash":"aab1be65974a653097eb598e48569a73dc461bd2","isMergeCommit":false,"messageTitle":"Fix bugs related to Year","messageBody":"- Leading zeroes are removed from input\n- Error message gives more information\n","fileTypesAndContributionMap":{"functional-code":{"insertions":18,"deletions":20}}},{"hash":"e26543866fdc367bd5a189214bf4f3be8b375ac2","isMergeCommit":false,"messageTitle":"Improve implementation for error message for invalid prefix","messageBody":"This makes the error message more general for potential usage by\nother commands\n","fileTypesAndContributionMap":{"functional-code":{"insertions":15,"deletions":7}}},{"hash":"c78feee1825d815263eefd59ade935c42b07f2c1","isMergeCommit":true,"messageTitle":"Merge pull request #189 from gabriellegtw/branch-GroupSpecificity","messageBody":"Add more error messages for edit feature","fileTypesAndContributionMap":{}},{"hash":"3ed860e84a4be0dd3ce6e48202742539e0de3aa3","isMergeCommit":false,"messageTitle":"Fix checkstyle and test cases","messageBody":"","fileTypesAndContributionMap":{"functional-code":{"insertions":4,"deletions":4},"test-code":{"insertions":0,"deletions":1}}},{"hash":"9db8016356a566f1feed0a0d68d7156fdd3d1e12","isMergeCommit":true,"messageTitle":"Merge branch \u0027master\u0027 into generalBugFixes","messageBody":"","fileTypesAndContributionMap":{}},{"hash":"ee5cbdd10c6d63cfdfbed6cbe21e64946502ae56","isMergeCommit":false,"messageTitle":"Fix typo in error message","messageBody":"","fileTypesAndContributionMap":{"functional-code":{"insertions":1,"deletions":1}}},{"hash":"33888602c2f3089d3cefa3fb7e822a03ad89bafa","isMergeCommit":false,"messageTitle":"Update url in helpwindow to direct to our website","messageBody":"","fileTypesAndContributionMap":{"functional-code":{"insertions":1,"deletions":1}}},{"hash":"b65588325d0fbfecbf9f3e1d21d30999a1eca0cd","isMergeCommit":false,"messageTitle":"Update DG - Add relevant appendices - Fix general formatting in Appendix: Requirements - Add some manual test cases - Add some details in effort","messageBody":"","fileTypesAndContributionMap":{"docs":{"insertions":112,"deletions":45}}}]},{"date":"2024-11-07","commitResults":[{"hash":"3df1b1f70b762a2976d7257c3eba1b058f2635b7","isMergeCommit":false,"messageTitle":"Update error message for Add command","messageBody":"","fileTypesAndContributionMap":{"functional-code":{"insertions":3,"deletions":2}}},{"hash":"349bb2d53d058801fcafdcd6abccf0ed4d286ad6","isMergeCommit":false,"messageTitle":"Fix some typos and change save file name","messageBody":"","fileTypesAndContributionMap":{"functional-code":{"insertions":3,"deletions":3}}},{"hash":"a44a753f2dba4003e5e54b7c57c348c9c9cdc9e4","isMergeCommit":true,"messageTitle":"Merge pull request #195 from Wnayar/branch-FixMultipleArgBug","messageBody":"Fix multiple argument error message","fileTypesAndContributionMap":{}},{"hash":"b1941f4cda0ccea7c3fd27aee8a55bc9184067d1","isMergeCommit":false,"messageTitle":"Adjust error message for add command","messageBody":"","fileTypesAndContributionMap":{"functional-code":{"insertions":1,"deletions":1}}},{"hash":"d57fd177c699597551867414c2f23ed857980a13","isMergeCommit":false,"messageTitle":"Change UG","messageBody":"","fileTypesAndContributionMap":{"docs":{"insertions":5,"deletions":9}}},{"hash":"143553e0b704eb26ff099198741975004bc618ca","isMergeCommit":true,"messageTitle":"Merge pull request #196 from NicholasT1/UGUpdate","messageBody":"Change UG","fileTypesAndContributionMap":{}},{"hash":"5c3435ea63df471637e37134d5c9af2b9bd66da3","isMergeCommit":true,"messageTitle":"Merge pull request #197 from NicholasT1/generalFixes","messageBody":"General fixes","fileTypesAndContributionMap":{}},{"hash":"02bda843ab8b2b46563e0b993b1cc00ea85669ba","isMergeCommit":false,"messageTitle":"Update UG","messageBody":"- Change Introduction section\n- Update save file name to reflect actual changes\n- Update content of Add and random commands to fit new style\n- Update Command summary\n","fileTypesAndContributionMap":{"docs":{"insertions":65,"deletions":33}}},{"hash":"0a436f71d8d09d4ed9d65da6bf74eba3a55ea533","isMergeCommit":false,"messageTitle":"Update landing page","messageBody":"Remove CI status and codecov badges which are not relevant for an actual\nproduct page\n","fileTypesAndContributionMap":{"docs":{"insertions":24,"deletions":7}}},{"hash":"e05d47f92dec8d6fc1374219957fc0cf761f6266","isMergeCommit":true,"messageTitle":"Merge pull request #203 from NicholasT1/UGChanges","messageBody":"UG Changes","fileTypesAndContributionMap":{}},{"hash":"3bd2fd574600a3eca9b80e05fa860289654c9014","isMergeCommit":false,"messageTitle":"Fix some typos and formatting errors","messageBody":"","fileTypesAndContributionMap":{"docs":{"insertions":9,"deletions":8}}},{"hash":"508d5e5eb9add14475ac7d6ca304a3c51a5440b5","isMergeCommit":false,"messageTitle":"Remove example section for random command","messageBody":"Syntax for random is fairly simple and an example does not add value\n","fileTypesAndContributionMap":{"docs":{"insertions":1,"deletions":4}}},{"hash":"d1ca6db889584d18febc15b67f0b556a02b58fd0","isMergeCommit":true,"messageTitle":"Merge pull request #204 from NicholasT1/UGChanges","messageBody":"UG changes pt 2 ","fileTypesAndContributionMap":{}},{"hash":"b18dd5463f16bdb6c9fad09fff09603a4bf9c2e1","isMergeCommit":false,"messageTitle":"Fix some formatting errors and typos","messageBody":"","fileTypesAndContributionMap":{"docs":{"insertions":5,"deletions":7}}},{"hash":"dfeab81b1377f24b4974e2b6ff1a0f3498e6ca2d","isMergeCommit":false,"messageTitle":"Add content to landing page","messageBody":"","fileTypesAndContributionMap":{"docs":{"insertions":2,"deletions":1}}},{"hash":"6405d2cba833daa4230ffe2ed671d2646d057c4a","isMergeCommit":true,"messageTitle":"Merge pull request #205 from NicholasT1/UGChanges","messageBody":"UG changes pt 3","fileTypesAndContributionMap":{}},{"hash":"a9abcce4d93f4d2f81eb3e9376ff4bbb95620e00","isMergeCommit":true,"messageTitle":"Merge pull request #192 from gabriellegtw/branch-GroupSpecificity","messageBody":"Improve input validation for group","fileTypesAndContributionMap":{}},{"hash":"c283bd305efff9f67d5099604d6bd839ccd5ec82","isMergeCommit":true,"messageTitle":"Merge pull request #207 from gabriellegtw/branch-GroupSpecificity","messageBody":"Fix bug for show","fileTypesAndContributionMap":{}}]},{"date":"2024-11-09","commitResults":[{"hash":"b74d7688752972886fc48d07e1c876924f3a8dc8","isMergeCommit":false,"messageTitle":"Update images to fix different save names in status bar","messageBody":"","fileTypesAndContributionMap":{"docs":{"insertions":8,"deletions":8}}},{"hash":"cac0acb7b3459a027eafd71135342f969e88689d","isMergeCommit":false,"messageTitle":"Add another line before NFR","messageBody":"","fileTypesAndContributionMap":{"docs":{"insertions":1,"deletions":0}}},{"hash":"a28fbe9046c9d4d25e498a12eada6f58f46aab1f","isMergeCommit":true,"messageTitle":"Merge pull request #260 from NicholasT1/BugFixes-UG","messageBody":"Fix some bugs in Documentation","fileTypesAndContributionMap":{}}]},{"date":"2024-11-10","commitResults":[{"hash":"068a5b13ebbd0b9be2b9c7e02d9640bcb1db4b76","isMergeCommit":false,"messageTitle":"Fix some bugs in UG","messageBody":"","fileTypesAndContributionMap":{"docs":{"insertions":27,"deletions":28}}},{"hash":"3c7b5ec215630797c45d0923c957e6c5e20eef5a","isMergeCommit":false,"messageTitle":"Update command word for listattn and createattn","messageBody":"","fileTypesAndContributionMap":{"docs":{"insertions":5,"deletions":5}}},{"hash":"472037cdb39f14d7948fe9c34cdfe661d8c41785","isMergeCommit":true,"messageTitle":"Merge pull request #261 from gabriellegtw/branch-CodeQuality","messageBody":"Improve documentation","fileTypesAndContributionMap":{}}]},{"date":"2024-11-11","commitResults":[{"hash":"afc3e1251330e4b3b58ce2d54ba0aad650e46a42","isMergeCommit":true,"messageTitle":"Merge pull request #267 from gabriellegtw/branch-fixBug","messageBody":"Make error message more general","fileTypesAndContributionMap":{}},{"hash":"253d70037d34f5ab7818bb2f178830c8f7755cc2","isMergeCommit":false,"messageTitle":"Update notes for Add command in UG","messageBody":"","fileTypesAndContributionMap":{"docs":{"insertions":2,"deletions":2}}},{"hash":"74fa0c21b3e47d0d554cd6c529d43c60e7412041","isMergeCommit":false,"messageTitle":"Change error message for edit command","messageBody":"","fileTypesAndContributionMap":{"functional-code":{"insertions":1,"deletions":1},"test-code":{"insertions":2,"deletions":2}}},{"hash":"ebefcdcac269b2a7eb136b2d48977ef4df548af3","isMergeCommit":false,"messageTitle":"Add some planned enhancements to DG","messageBody":"","fileTypesAndContributionMap":{"docs":{"insertions":20,"deletions":21}}},{"hash":"f71c74545f390fd02021929dfce1b69876aa52e1","isMergeCommit":false,"messageTitle":"Removed some whitespace","messageBody":"","fileTypesAndContributionMap":{"docs":{"insertions":2,"deletions":2}}},{"hash":"a46accd9e4882bc9f1710aeae35432561199f147","isMergeCommit":false,"messageTitle":"add new line at Eof for DG","messageBody":"","fileTypesAndContributionMap":{"docs":{"insertions":2,"deletions":1}}},{"hash":"ae7186c5b314de31dbefb3df51b10979f85eed5e","isMergeCommit":true,"messageTitle":"Merge pull request #268 from NicholasT1/bugFixes","messageBody":"Bug fixes","fileTypesAndContributionMap":{}},{"hash":"db2c6ad3a2a86f3928bd1ecd735e2c5f7cd04246","isMergeCommit":false,"messageTitle":"Add test cases for Year and Year Parser","messageBody":"","fileTypesAndContributionMap":{"test-code":{"insertions":116,"deletions":10}}},{"hash":"73a10c0fe12db30e79ec36fd2c3d72a29fb56aa8","isMergeCommit":false,"messageTitle":"Add test case for empty input in Email and Major","messageBody":"","fileTypesAndContributionMap":{"test-code":{"insertions":31,"deletions":15}}},{"hash":"7c26bc6999a9c7fb660fd0a0fc60b14d04278a0a","isMergeCommit":false,"messageTitle":"Make minor changes to test cases for Name and StudentID","messageBody":"","fileTypesAndContributionMap":{"test-code":{"insertions":3,"deletions":3}}},{"hash":"a10d2fb6f89ca6560e04455eca1b151ab486aca3","isMergeCommit":false,"messageTitle":"Add tests for RandomCommand and RandomCommandParser","messageBody":"","fileTypesAndContributionMap":{"test-code":{"insertions":113,"deletions":0}}},{"hash":"17db29fac97f2a796297c0c9cf68b54deade1310","isMergeCommit":false,"messageTitle":"Fix some checkstyle issues","messageBody":"","fileTypesAndContributionMap":{"test-code":{"insertions":13,"deletions":14}}},{"hash":"2390a33dd0c8304070ff435c6c95160aa05b5fba","isMergeCommit":true,"messageTitle":"Merge pull request #271 from NicholasT1/addMoreTests","messageBody":"Add more tests","fileTypesAndContributionMap":{}},{"hash":"9a369812dd9f16b24203b031b0b3e24dbf8bc0c4","isMergeCommit":false,"messageTitle":"Update UserGuide.md","messageBody":"- Edit minor details in Add Command\r\n- Change How to navigate this user guide section","fileTypesAndContributionMap":{"docs":{"insertions":5,"deletions":5}}}]}],"Wnayar":[{"date":"2024-10-02","commitResults":[{"hash":"bdeacf406fdafe79d8b4861134fea8dbc3ddf7db","isMergeCommit":true,"messageTitle":"Merge pull request #14 from NicholasT1/addPhotoNic","messageBody":"Add Photo of Nicholas","fileTypesAndContributionMap":{}},{"hash":"eeddf7e882cb54ab7b87e089eba99384cb2b239c","isMergeCommit":false,"messageTitle":"Updates William section in about us","messageBody":"","fileTypesAndContributionMap":{"docs":{"insertions":7,"deletions":6}}},{"hash":"92244281e7c37b65b72c85a98bbcb35cc3ad0a6e","isMergeCommit":false,"messageTitle":"Updates William\u0027s portfolio","messageBody":"","fileTypesAndContributionMap":{"docs":{"insertions":46,"deletions":1}}},{"hash":"688a10fa45d0ce50b126c910091b970d9a0c45e7","isMergeCommit":true,"messageTitle":"Merge branch \u0027master\u0027 into branch-AboutUs","messageBody":"","fileTypesAndContributionMap":{}},{"hash":"c4125dd41ee13a464ca3ed1987c9bcdb9dd8505e","isMergeCommit":true,"messageTitle":"Merge pull request #26 from Wnayar/branch-AboutUs","messageBody":"About Us (Will)","fileTypesAndContributionMap":{}},{"hash":"2d397e4387f3296e9b936297e3995f07f10e7e68","isMergeCommit":false,"messageTitle":"Updates the Readme for teacher\u0027s pet","messageBody":"","fileTypesAndContributionMap":{"docs":{"insertions":12,"deletions":9}}},{"hash":"113aa64ba08e651f07113b6c7500285b3f3cabed","isMergeCommit":false,"messageTitle":"Fixes formatting for readme","messageBody":"","fileTypesAndContributionMap":{"docs":{"insertions":5,"deletions":5}}},{"hash":"0f20226b832796e448ca8d9b34782d185ef95be4","isMergeCommit":true,"messageTitle":"Merge pull request #31 from Wnayar/branch-Readme","messageBody":"Updates the Readme for teacher\u0027s pet","fileTypesAndContributionMap":{}}]},{"date":"2024-10-03","commitResults":[{"hash":"14ac54e31a4cccc2cd76eecb9caa84bc71a71576","isMergeCommit":false,"messageTitle":"Improves the quality of the readme","messageBody":"","fileTypesAndContributionMap":{"docs":{"insertions":43,"deletions":10}}},{"hash":"085981152881b97125f0cfd008ced961f4f5f6bb","isMergeCommit":true,"messageTitle":"Merge pull request #37 from Wnayar/branch-ImproveReadMe","messageBody":"Improves the quality of the readme","fileTypesAndContributionMap":{}},{"hash":"0e513d0cc4623306331397b7a2112bd85864da5c","isMergeCommit":false,"messageTitle":"Removes extra acknowledgment from Readme","messageBody":"","fileTypesAndContributionMap":{"docs":{"insertions":2,"deletions":3}}},{"hash":"7e4374858881ab1c4a3f400bd5343457d8924734","isMergeCommit":true,"messageTitle":"Merge pull request #39 from Wnayar/branch-ModifyReadMe","messageBody":"Removes extra acknowledgment from Readme","fileTypesAndContributionMap":{}},{"hash":"63d194a852cc37527ce2923f51cffa09ebab485e","isMergeCommit":false,"messageTitle":"Removes duplicate information in ReadMe","messageBody":"","fileTypesAndContributionMap":{"docs":{"insertions":1,"deletions":3}}},{"hash":"465e7da914f0e340959006ce93e4105c51cd264f","isMergeCommit":true,"messageTitle":"Merge pull request #41 from Wnayar/branch-ConciseReadMe","messageBody":"Removes duplicate information in ReadMe","fileTypesAndContributionMap":{}}]},{"date":"2024-10-10","commitResults":[{"hash":"e5820a75fed8b0535782013a13d98b78a40bd8d2","isMergeCommit":false,"messageTitle":"Adds specific feedback to user for wrong delete inputs","messageBody":"","fileTypesAndContributionMap":{"functional-code":{"insertions":16,"deletions":4}}},{"hash":"03eac55cca750b9251990bea38d25332d1993e50","isMergeCommit":true,"messageTitle":"Merge pull request #59 from Wnayar/branch-DeleteMvpFeature","messageBody":"Adds specific feedback to user for wrong delete inputs","fileTypesAndContributionMap":{}}]},{"date":"2024-10-15","commitResults":[{"hash":"19bccd816784fd5eb644c2ef1359821f6601e9d6","isMergeCommit":true,"messageTitle":"Merge pull request #66 from NicholasT1/optionalPersonFields","messageBody":"Make Year, Major and NUS Net ID optional Fields","fileTypesAndContributionMap":{}},{"hash":"1aa615d3e3a4e521d6bc51532fa2fdecb6ee2db4","isMergeCommit":true,"messageTitle":"Merge pull request #68 from NicholasT1/addTests","messageBody":"Add new Test cases for the new fields in Person Class ","fileTypesAndContributionMap":{}}]},{"date":"2024-10-16","commitResults":[{"hash":"98a05218809c472f25eaec23231dbaec012d2852","isMergeCommit":false,"messageTitle":"Modifies delete test cases","messageBody":"","fileTypesAndContributionMap":{"functional-code":{"insertions":13,"deletions":9},"test-code":{"insertions":4,"deletions":4}}}]},{"date":"2024-10-17","commitResults":[{"hash":"32923114725a09bcf1ebc11134c485897952fe2a","isMergeCommit":false,"messageTitle":"Adds delete test case and stub model","messageBody":"","fileTypesAndContributionMap":{"docs":{"insertions":10,"deletions":5},"test-code":{"insertions":147,"deletions":0}}},{"hash":"57a2829c8415bedb0ded58186d35df2b51c736ba","isMergeCommit":true,"messageTitle":"Merge pull request #74 from NicholasT1/addFeature-OutputMessage","messageBody":"Fix output message for add command","fileTypesAndContributionMap":{}},{"hash":"f3007caae93683e52208e3779102120e14b89c1c","isMergeCommit":true,"messageTitle":"Merge pull request #81 from gabriellegtw/MVP-Documentation","messageBody":"Update UserGuide.md","fileTypesAndContributionMap":{}}]},{"date":"2024-10-18","commitResults":[{"hash":"dbc5c4d2512459751facc4e326b23609d6f62d74","isMergeCommit":true,"messageTitle":"Merge pull request #88 from gabriellegtw/branch-Edit-Test","messageBody":"Fix Edit test cases","fileTypesAndContributionMap":{}}]},{"date":"2024-10-19","commitResults":[{"hash":"214bdfbca0d568d4f79932d847f43c3af3bba1a6","isMergeCommit":false,"messageTitle":"Improves delete feature tailored feedback and tests","messageBody":"","fileTypesAndContributionMap":{"functional-code":{"insertions":37,"deletions":6},"test-code":{"insertions":23,"deletions":2}}},{"hash":"61e176cedcca5db09cb6a4380cea6b025a22f8b5","isMergeCommit":false,"messageTitle":"Fixes overflow of integer error message for parsing index","messageBody":"","fileTypesAndContributionMap":{"functional-code":{"insertions":14,"deletions":3}}},{"hash":"546df2a9f49f94837b0062885b7e1766690ec759","isMergeCommit":false,"messageTitle":"Fixes prefix handling of signs","messageBody":"","fileTypesAndContributionMap":{"functional-code":{"insertions":10,"deletions":15}}},{"hash":"b33446dce129a267f78c33b0e3c0b51350d3c97d","isMergeCommit":false,"messageTitle":"Adds tests for prefix signs related to delete parsing","messageBody":"","fileTypesAndContributionMap":{"test-code":{"insertions":16,"deletions":0}}},{"hash":"7426bdc44144ad148944de152f6e756e95ed2466","isMergeCommit":true,"messageTitle":"Merge pull request #94 from Wnayar/branch_DeletePrefixHandling","messageBody":"Fixes prefix handling of signs","fileTypesAndContributionMap":{}},{"hash":"9ed0142e1de7dd331b3747b1e958fb7ce37bc471","isMergeCommit":true,"messageTitle":"Merge pull request #95 from gabriellegtw/branch-group-rename","messageBody":"Refactor tag into group","fileTypesAndContributionMap":{}},{"hash":"2f93151d0cd04b8210c675e9d925c27fcc8d1df2","isMergeCommit":false,"messageTitle":"Adds comment feature","messageBody":"","fileTypesAndContributionMap":{"functional-code":{"insertions":212,"deletions":12},"test-code":{"insertions":31,"deletions":12}}},{"hash":"904508c33f484fd7588ff14d4e7e2839e6ec7e37","isMergeCommit":false,"messageTitle":"Improves code style for add comment feature","messageBody":"","fileTypesAndContributionMap":{"functional-code":{"insertions":17,"deletions":8},"test-code":{"insertions":2,"deletions":2}}},{"hash":"15e990f12191282986aea3a2d7a154c2c46e1d38","isMergeCommit":false,"messageTitle":"Modify descriptor of delete function in user guide","messageBody":"","fileTypesAndContributionMap":{"docs":{"insertions":4,"deletions":5}}},{"hash":"445a7e97bf0512e5cb2992bdf893e17efcd12f6b","isMergeCommit":false,"messageTitle":"Modify examples in the user guide for delete command.","messageBody":"","fileTypesAndContributionMap":{"docs":{"insertions":5,"deletions":2}}},{"hash":"200570f38f49edf0e4c91eb58dff22b2d8d3b8a6","isMergeCommit":false,"messageTitle":"Revert \"Modify examples in the user guide for delete command.\"","messageBody":"This reverts commit 445a7e97bf0512e5cb2992bdf893e17efcd12f6b.\n","fileTypesAndContributionMap":{"docs":{"insertions":2,"deletions":5}}},{"hash":"c87d16655c4c19900f340f1af098d6dbb1a86373","isMergeCommit":false,"messageTitle":"Modify examples for delete feature in user guide","messageBody":"","fileTypesAndContributionMap":{"docs":{"insertions":5,"deletions":2}}},{"hash":"e9ef1c8abb07077b98225a3d17db74e6168cd6ac","isMergeCommit":false,"messageTitle":"Add success image of delete for user guide","messageBody":"","fileTypesAndContributionMap":{"docs":{"insertions":4,"deletions":1}}},{"hash":"0bf4da902406f381df8c7d4adc4fbc25150c8cc8","isMergeCommit":false,"messageTitle":"Add common errors section to delete in user guide","messageBody":"","fileTypesAndContributionMap":{"docs":{"insertions":4,"deletions":1}}},{"hash":"00de9d21de22164dfb6de908099a238cb4881448","isMergeCommit":false,"messageTitle":"Add new images for delete feature in user guide","messageBody":"","fileTypesAndContributionMap":{"docs":{"insertions":1,"deletions":1}}},{"hash":"8002cd93488a8f1b277894d923f972f3de0dbcf3","isMergeCommit":false,"messageTitle":"Add colour and format delete user guide","messageBody":"","fileTypesAndContributionMap":{"docs":{"insertions":19,"deletions":7}}},{"hash":"4870b2491fbd819294bacb8426a437914cb53cd3","isMergeCommit":false,"messageTitle":"Add arrow to descriptor of delete in user guide","messageBody":"","fileTypesAndContributionMap":{"docs":{"insertions":2,"deletions":2}}},{"hash":"9b83274efa017ee7b3a5f3aef9fcc9ff72f7f7f1","isMergeCommit":true,"messageTitle":"Merge pull request #101 from Wnayar/branch-UserGuideWeek10","messageBody":"Update delete user guide","fileTypesAndContributionMap":{}},{"hash":"6a0d7f1a903c3fc4d8bf41071f950653762767e4","isMergeCommit":true,"messageTitle":"Merge pull request #99 from gabriellegtw/branch-new-show","messageBody":"Fix bug in group feature","fileTypesAndContributionMap":{}},{"hash":"4b31cda5f85a043adc81e1d1a39b8628e0790862","isMergeCommit":false,"messageTitle":"Fix format bug for delete in user guide","messageBody":"","fileTypesAndContributionMap":{"docs":{"insertions":6,"deletions":14}}},{"hash":"25cfffd1025a16a963e0864e18557aa0266bfdac","isMergeCommit":false,"messageTitle":"Add clear images for delete feature in user guide","messageBody":"","fileTypesAndContributionMap":{"docs":{"insertions":2,"deletions":2}}},{"hash":"d14de661702e59314d7a2866614a67c1ac964e9b","isMergeCommit":true,"messageTitle":"Merge pull request #103 from Wnayar/branch_FixDeleteUserGuide","messageBody":"Branch fix delete user guide","fileTypesAndContributionMap":{}},{"hash":"68c10024f98bd248b1b57f65479e80906a6ec136","isMergeCommit":false,"messageTitle":"Decrease spacing of delete feature user guide","messageBody":"","fileTypesAndContributionMap":{"docs":{"insertions":5,"deletions":5}}},{"hash":"adbb192d6a8ebff5d6459567ec3d029edea58c39","isMergeCommit":true,"messageTitle":"Merge pull request #105 from Wnayar/branch_ConciseDeleteUserGuide","messageBody":"Branch concise delete user guide","fileTypesAndContributionMap":{}}]},{"date":"2024-10-20","commitResults":[{"hash":"cd0b240ca17c210f08affe4ff8f07a91c3be1931","isMergeCommit":true,"messageTitle":"Merge pull request #106 from gabriellegtw/branch-new-show","messageBody":"Add show command to display members in a group","fileTypesAndContributionMap":{}},{"hash":"40209e85ca9e3256302ffb45016e43b0a472c286","isMergeCommit":false,"messageTitle":"Add parser for clear, exit and help commands","messageBody":"","fileTypesAndContributionMap":{"functional-code":{"insertions":124,"deletions":4},"test-code":{"insertions":3,"deletions":3}}},{"hash":"d27bab9f8433a4409f991b4ad2b01732c54bf014","isMergeCommit":false,"messageTitle":"Change tone of user guide","messageBody":"","fileTypesAndContributionMap":{"functional-code":{"insertions":2,"deletions":2},"docs":{"insertions":23,"deletions":15}}},{"hash":"0cb581a31b7cafd8fa9d09001e33b84ca23f1dab","isMergeCommit":true,"messageTitle":"Merge pull request #112 from Wnayar/branch-UgChangeTone","messageBody":"Change tone of user guide","fileTypesAndContributionMap":{}}]},{"date":"2024-10-21","commitResults":[{"hash":"6ae783108dac86a9e6b2aecf133eae2a1dde6b28","isMergeCommit":false,"messageTitle":"Improve quality of user guide and partition","messageBody":"","fileTypesAndContributionMap":{"docs":{"insertions":49,"deletions":12}}},{"hash":"f1b2fa61788d9b251f3b1c6b0e9ec5be945a4c2d","isMergeCommit":true,"messageTitle":"Merge pull request #116 from Wnayar/branch-CommentUserGuide","messageBody":"Improve quality of user guide and partition","fileTypesAndContributionMap":{}},{"hash":"7f916101a79a0cffb2171222ef0787ae11f06610","isMergeCommit":false,"messageTitle":"Fix naming bug in user guide","messageBody":"","fileTypesAndContributionMap":{"docs":{"insertions":18,"deletions":18}}},{"hash":"c31825049027db59e622ae01202412295eea13c9","isMergeCommit":true,"messageTitle":"Merge pull request #118 from Wnayar/branch-FixBugUserGuide","messageBody":"Fix naming bug in user guide","fileTypesAndContributionMap":{}}]},{"date":"2024-10-24","commitResults":[{"hash":"3d524db9854773b356ec94d1ca7f5f5dc27e776f","isMergeCommit":false,"messageTitle":"Improve delete feature feedback messages","messageBody":"","fileTypesAndContributionMap":{"functional-code":{"insertions":9,"deletions":0}}},{"hash":"b4755867a038beae1d73794b73ec7017f655eb39","isMergeCommit":false,"messageTitle":"Ensure no duplicate prefix for comment feature","messageBody":"","fileTypesAndContributionMap":{"functional-code":{"insertions":7,"deletions":0}}},{"hash":"555f149fc82b8b02266de64db6ca89acddb3c101","isMergeCommit":false,"messageTitle":"Update UML to include comment under person","messageBody":"","fileTypesAndContributionMap":{"docs":{"insertions":4,"deletions":1}}},{"hash":"cb74daae530b48a7b10b1feb73f89edcd7a6adae","isMergeCommit":false,"messageTitle":"Improve code standard","messageBody":"","fileTypesAndContributionMap":{"functional-code":{"insertions":9,"deletions":7}}},{"hash":"76520928a62804f4f9edfc492c55f65421d2ead1","isMergeCommit":true,"messageTitle":"Merge pull request #129 from gabriellegtw/branch-quickhelp","messageBody":"Add OfflineHelp feature","fileTypesAndContributionMap":{}},{"hash":"f773ff935dcb6c06c005b54821143b8882e4071d","isMergeCommit":true,"messageTitle":"Merge pull request #127 from gabriellegtw/branch-new-count","messageBody":"Add count in list command","fileTypesAndContributionMap":{}},{"hash":"2d52152af34419331d786e5b290895aa77e4c983","isMergeCommit":false,"messageTitle":"Improve feedback of comment feature for user","messageBody":"","fileTypesAndContributionMap":{"functional-code":{"insertions":27,"deletions":13},"test-code":{"insertions":123,"deletions":0}}},{"hash":"43baa3e341e7cefd63536d3aea2e1579d8b0281f","isMergeCommit":false,"messageTitle":"Improve code quality","messageBody":"","fileTypesAndContributionMap":{"functional-code":{"insertions":4,"deletions":5},"test-code":{"insertions":3,"deletions":3}}}]},{"date":"2024-10-26","commitResults":[{"hash":"d46288c103d844147ff6a09104644fe81bf317c4","isMergeCommit":false,"messageTitle":"Update person Uml diagram","messageBody":"","fileTypesAndContributionMap":{"docs":{"insertions":4,"deletions":4}}},{"hash":"03fd992aaa3d157b884d4ade1cfc92363debac3e","isMergeCommit":true,"messageTitle":"Merge pull request #141 from Wnayar/branch-UpdatePersonUml","messageBody":"Update person Uml diagram","fileTypesAndContributionMap":{}}]},{"date":"2024-11-01","commitResults":[{"hash":"ad0bad5de72d07371f3959edfa85e85e4760b1bf","isMergeCommit":true,"messageTitle":"Merge pull request #148 from NicholasT1/UIChanges-Initial","messageBody":"General UI Improvements","fileTypesAndContributionMap":{}},{"hash":"edc022e24322798bfbee301a8949909183fe1318","isMergeCommit":false,"messageTitle":"Improve code quality with add comment test cases","messageBody":"","fileTypesAndContributionMap":{"functional-code":{"insertions":39,"deletions":22},"docs":{"insertions":6,"deletions":7},"test-code":{"insertions":92,"deletions":18}}},{"hash":"9ca04b922a4c6c98ab516db07686324ebf63c396","isMergeCommit":false,"messageTitle":"Fix bug for index in comment","messageBody":"","fileTypesAndContributionMap":{"functional-code":{"insertions":0,"deletions":4}}},{"hash":"0990950edaf241aaa0dd7fae5ab60c58b1987e94","isMergeCommit":true,"messageTitle":"Merge pull request #163 from Wnayar/branch_FixBugIndex","messageBody":"Fix bug for index in comment","fileTypesAndContributionMap":{}}]},{"date":"2024-11-03","commitResults":[{"hash":"69b16e93f8634bb63f08bf86ad39641abae6f7d9","isMergeCommit":true,"messageTitle":"Merge pull request #176 from gabriellegtw/branch-GroupFeatureFlaw","messageBody":"Fix feature flaw for group","fileTypesAndContributionMap":{}}]},{"date":"2024-11-05","commitResults":[{"hash":"8108a1adcd97b2b400aa2bce7b7f51168cc768ba","isMergeCommit":true,"messageTitle":"Merge pull request #183 from gabriellegtw/branch-GroupSpecificity","messageBody":"Fix Edit Command","fileTypesAndContributionMap":{}},{"hash":"16e3141d5b8f4b057d1efd63f384ad0db113c9ef","isMergeCommit":false,"messageTitle":"Fix user feedback messages","messageBody":"","fileTypesAndContributionMap":{"functional-code":{"insertions":55,"deletions":17},"test-code":{"insertions":21,"deletions":9}}},{"hash":"1641cb0c49d2f8a14a95708d2504e339d39b3736","isMergeCommit":false,"messageTitle":"Fix style check issues","messageBody":"","fileTypesAndContributionMap":{"functional-code":{"insertions":0,"deletions":1},"test-code":{"insertions":0,"deletions":4}}},{"hash":"edcdc1d74799344b0a750ae390b051341810f73c","isMergeCommit":true,"messageTitle":"Merge pull request #187 from gabriellegtw/branch-GroupSpecificity","messageBody":"Fix edit and add feature","fileTypesAndContributionMap":{}}]},{"date":"2024-11-07","commitResults":[{"hash":"990c005ab0be7ae2a8027843bea0994c3b2cc597","isMergeCommit":false,"messageTitle":"Fix multiple argument error message","messageBody":"","fileTypesAndContributionMap":{"functional-code":{"insertions":9,"deletions":2}}},{"hash":"9610cc00b256d8d2714e7e00f0f6d53ffbcc0960","isMergeCommit":false,"messageTitle":"Make feedback more concise","messageBody":"","fileTypesAndContributionMap":{"functional-code":{"insertions":2,"deletions":2}}}]},{"date":"2024-11-08","commitResults":[{"hash":"fe6590a5807baaf1fd4925fa0c2082d520f6b6b2","isMergeCommit":true,"messageTitle":"Merge pull request #212 from gabriellegtw/master","messageBody":"Update Sample Data","fileTypesAndContributionMap":{}},{"hash":"9d33ed3f8ce59aa10202488734634b3ab6974810","isMergeCommit":false,"messageTitle":"Add more verbose documentation","messageBody":"","fileTypesAndContributionMap":{"docs":{"insertions":78,"deletions":19}}},{"hash":"7a7dc8f45f6e9e9df5db58a4c6ecb43ba1095a7c","isMergeCommit":true,"messageTitle":"Merge pull request #215 from Wnayar/branch-documentation","messageBody":"Add more verbose documentation","fileTypesAndContributionMap":{}}]},{"date":"2024-11-11","commitResults":[{"hash":"2ebd2a6e1ebf428e415d7b6d3e58eac22f9136cd","isMergeCommit":false,"messageTitle":"Add future enhancements to developer guide","messageBody":"","fileTypesAndContributionMap":{"docs":{"insertions":8,"deletions":0}}},{"hash":"424a101226c8865d8553eec97c7bf074ad179542","isMergeCommit":false,"messageTitle":"Improve code quality","messageBody":"","fileTypesAndContributionMap":{"docs":{"insertions":1,"deletions":1}}},{"hash":"0839efa2f05be40c354cd534b07e1fadbc12b608","isMergeCommit":false,"messageTitle":"Fix formatting of developer guide","messageBody":"","fileTypesAndContributionMap":{"docs":{"insertions":1,"deletions":1}}},{"hash":"e62f22cb4793a404ef04c4265b0cad7fe9fe125e","isMergeCommit":true,"messageTitle":"Merge pull request #265 from Wnayar/branch-developerGuide","messageBody":"Add future enhancements to developer guide","fileTypesAndContributionMap":{}}]}],"gabriellegtw":[{"date":"2024-10-02","commitResults":[{"hash":"a2988be1799b6f9bfe49f4a3ae7f3cd320763d7f","isMergeCommit":false,"messageTitle":"Update gabriellegtw.md","messageBody":"","fileTypesAndContributionMap":{"docs":{"insertions":8,"deletions":12}}},{"hash":"a790623d81b8deb0b16679fe534c399249cb5c54","isMergeCommit":false,"messageTitle":"Update gabriellegtw.md","messageBody":"","fileTypesAndContributionMap":{"docs":{"insertions":44,"deletions":3}}},{"hash":"74d9580403f94d61fdea8b0ae9cf427c665bb8eb","isMergeCommit":true,"messageTitle":"Merge pull request #25 from gabriellegtw/master","messageBody":"Update gabriellegtw.md","fileTypesAndContributionMap":{}}]},{"date":"2024-10-03","commitResults":[{"hash":"714a31daa6fc2f6df7e7634130ac2976ce517d71","isMergeCommit":false,"messageTitle":"Change command input to be lowercase","messageBody":"The original address book does not understand the command when the user types \"List\" or \"DELETE\" or \"LiSt\", etc\n\nThe new change converts the input of the command (ie. ONLY the command word eg. \"add\", \"list\" and not the rest of the input) to lowercase so that TP can undestand the input even if user types in uppercase\n","fileTypesAndContributionMap":{"functional-code":{"insertions":1,"deletions":1}}},{"hash":"6aef27755c0fc5a3660a64d8bbfd7f11e33e743a","isMergeCommit":true,"messageTitle":"Merge pull request #45 from gabriellegtw/branch-1","messageBody":"Change command input to be lowercase","fileTypesAndContributionMap":{}},{"hash":"e8ad029924eb7b4fc819f0887f95d9b4fc00ddc1","isMergeCommit":false,"messageTitle":"Add ListCommandParser class","messageBody":"In AddressBookParser class, the list command does not check if there are any additonal arguments after the command \"list\". As such, the students\u0027 details would be successfully listed if user input was something like \"list all\"\n\nLet\u0027s add a ListCommmandParser class to check if the user input is valid for the list command (ie. just the word \"list\"). Else, TP will send a message to user telling the user of the correct format\n","fileTypesAndContributionMap":{"functional-code":{"insertions":30,"deletions":1}}},{"hash":"d2c0edc4e6b696f8965a88b25112ad709cc12d64","isMergeCommit":false,"messageTitle":"Add javadocs for ListCommandParser class","messageBody":"","fileTypesAndContributionMap":{"functional-code":{"insertions":6,"deletions":4}}},{"hash":"cc136d17d480af2d149e13849137870e50e5c428","isMergeCommit":true,"messageTitle":"Merge pull request #2 from gabriellegtw/branch-1","messageBody":"Fix bug in list command","fileTypesAndContributionMap":{}},{"hash":"96afc165df7afce83e5556cf9498cdafebebb44a","isMergeCommit":false,"messageTitle":"Fix code format","messageBody":"","fileTypesAndContributionMap":{"functional-code":{"insertions":0,"deletions":1},"docs":{"insertions":9,"deletions":9}}},{"hash":"8450cef83fcba7123b0fadd4d338325801507dc7","isMergeCommit":true,"messageTitle":"Merge pull request #3 from gabriellegtw/branch-1","messageBody":"Fix code format","fileTypesAndContributionMap":{}},{"hash":"ca58e624363fefc5eca1da90e0ee98f549aac42d","isMergeCommit":false,"messageTitle":"Fix code format for ListCommandParser class","messageBody":"","fileTypesAndContributionMap":{"functional-code":{"insertions":17,"deletions":7}}},{"hash":"9dd71edbcae781fb709b1d07d0201d8d1301ed54","isMergeCommit":true,"messageTitle":"Merge pull request #4 from gabriellegtw/branch-1","messageBody":"Fix code format for ListCommandParser class","fileTypesAndContributionMap":{}},{"hash":"edbd889c87fbd5f6c974130696ae5412f3e46aa4","isMergeCommit":false,"messageTitle":"Add tests for list command","messageBody":"","fileTypesAndContributionMap":{"test-code":{"insertions":30,"deletions":0}}},{"hash":"130a7af732e9943fdb0ac58be2c1b5836d76bffe","isMergeCommit":true,"messageTitle":"Merge pull request #5 from gabriellegtw/branch-1","messageBody":"Add tests for list command","fileTypesAndContributionMap":{}},{"hash":"e6037d86f846b0998f550f9e38c3bb9eb57addb0","isMergeCommit":false,"messageTitle":"Fix code quality","messageBody":"","fileTypesAndContributionMap":{"test-code":{"insertions":1,"deletions":1}}},{"hash":"42831bb40525f136140b84645da786de54395d5d","isMergeCommit":true,"messageTitle":"Merge pull request #6 from gabriellegtw/branch-1","messageBody":"Fix code quality","fileTypesAndContributionMap":{}},{"hash":"bd5eaec161969bcf812783298cd03dcaa86a59b9","isMergeCommit":false,"messageTitle":"Fix code quality for import statements","messageBody":"","fileTypesAndContributionMap":{"test-code":{"insertions":8,"deletions":5}}},{"hash":"2d56d95fa65d5efb1be3445ef7a4802121cda581","isMergeCommit":true,"messageTitle":"Merge pull request #7 from gabriellegtw/branch-1","messageBody":"Fix code quality for import statements","fileTypesAndContributionMap":{}},{"hash":"79d241fc0089942cdb4bf8736fe318edba850a8d","isMergeCommit":true,"messageTitle":"Merge pull request #46 from gabriellegtw/master","messageBody":"Fix bug in list command","fileTypesAndContributionMap":{}},{"hash":"0546db323781ee7edcd1f2093f675a53bbde91b9","isMergeCommit":false,"messageTitle":"Edit developer guide","messageBody":"","fileTypesAndContributionMap":{"docs":{"insertions":140,"deletions":56}}},{"hash":"8f090516a1183ebbb45e3462d93cf3e8fa762df6","isMergeCommit":true,"messageTitle":"Merge pull request #8 from gabriellegtw/branch-developerguide","messageBody":"Edit developer guide","fileTypesAndContributionMap":{}},{"hash":"bb5575e321620709149759cce902e13fa5264e6e","isMergeCommit":true,"messageTitle":"Merge pull request #49 from gabriellegtw/master","messageBody":"Edit developer guide","fileTypesAndContributionMap":{}},{"hash":"07dbeb7697be33cc82928c6173a5838f7b0e437f","isMergeCommit":false,"messageTitle":"Edit gabriellegtw.md","messageBody":"Reopen milestone because gabriellegtw\u0027s progress not captured on cs2103t website/dashboard\n","fileTypesAndContributionMap":{"docs":{"insertions":1,"deletions":1}}},{"hash":"aeb89abbed7b6003fcedea8e41958a8134ed2aca","isMergeCommit":true,"messageTitle":"Merge pull request #52 from gabriellegtw/branch-aboutus","messageBody":"Edit gabriellegtw.md","fileTypesAndContributionMap":{}}]},{"date":"2024-10-09","commitResults":[{"hash":"7bc23d6e41b022672057dc11982b2b9ed1d3e024","isMergeCommit":false,"messageTitle":"Add message when list is empty","messageBody":"When we use the list command AND there is no one in the list, it will return the message \"Listed all persons\"\n\nLet\u0027s change it such that it returns \"There is.. no one?\" so that the user knows that there is really no one in the list and is not facing a bug\n","fileTypesAndContributionMap":{"functional-code":{"insertions":4,"deletions":0}}},{"hash":"7654924092047bcab820f82dc7770d68135f8695","isMergeCommit":true,"messageTitle":"Merge pull request #56 from gabriellegtw/branch-MVP","messageBody":"Add message when list is empty","fileTypesAndContributionMap":{}},{"hash":"c0ea1341f363ff877dfea019d5c839cba25a0747","isMergeCommit":true,"messageTitle":"Merge pull request #9 from gabriellegtw/branch-MVP","messageBody":"Add message when list is empty","fileTypesAndContributionMap":{}}]},{"date":"2024-10-10","commitResults":[{"hash":"978178687e4541e77e9de0cb0c049c36efa3db66","isMergeCommit":true,"messageTitle":"Merge pull request #57 from NicholasT1/autoFormatting","messageBody":"Add auto formatting for StudentId and NetId ","fileTypesAndContributionMap":{}}]},{"date":"2024-10-17","commitResults":[{"hash":"c2a78394b90762b73f2f5e8c21b8036a74e2a4cb","isMergeCommit":true,"messageTitle":"Merge branch \u0027AY2425S1-CS2103T-W10-1:master\u0027 into master","messageBody":"","fileTypesAndContributionMap":{}},{"hash":"c1d87c6ddd876d2508d1cd0214a5cc1819392e2b","isMergeCommit":false,"messageTitle":"Fix Edit command and disable tests","messageBody":"Edit command is broken. Added new functions to enable editing.\n\nLet\u0027s disable the edit command tests first\n","fileTypesAndContributionMap":{"functional-code":{"insertions":25,"deletions":16},"test-code":{"insertions":6,"deletions":4}}},{"hash":"5f80513d48ef7c3633bfc5aa2913059a3f54d165","isMergeCommit":false,"messageTitle":"Fix bug for edit year","messageBody":"When user tries to edit the year, invalid command is sent\n\nLet\u0027s change it such that we are able to edit the year of the student\n","fileTypesAndContributionMap":{"functional-code":{"insertions":17,"deletions":9},"test-code":{"insertions":1,"deletions":0}}},{"hash":"fe93c80cf20a6bca4b602578b9e84c1da270565d","isMergeCommit":true,"messageTitle":"Merge branch \u0027AY2425S1-CS2103T-W10-1:master\u0027 into master","messageBody":"","fileTypesAndContributionMap":{}},{"hash":"01b33c3b0f7d7dbf92e5ed7108397ec9248ff26d","isMergeCommit":true,"messageTitle":"Merge remote-tracking branch \u0027origin/master\u0027 into branch-MVP2","messageBody":"","fileTypesAndContributionMap":{}},{"hash":"2798976aa788a94a24dedefe9ee49db7774dee6c","isMergeCommit":false,"messageTitle":"Update UserGuide.md","messageBody":"","fileTypesAndContributionMap":{"docs":{"insertions":1,"deletions":4}}}]},{"date":"2024-10-18","commitResults":[{"hash":"921a610022f19685cd2a33ea2b14047290474fd0","isMergeCommit":false,"messageTitle":"Fix Edit test cases","messageBody":"Excluding those test cases with tags involved\n","fileTypesAndContributionMap":{"functional-code":{"insertions":1,"deletions":1},"test-code":{"insertions":20,"deletions":12}}},{"hash":"cf1f28a0be4d4046b76bdca9b73eb0d775ef755e","isMergeCommit":false,"messageTitle":"Fix code quality","messageBody":"","fileTypesAndContributionMap":{"test-code":{"insertions":6,"deletions":3}}}]},{"date":"2024-10-19","commitResults":[{"hash":"5a07d6869e640cbcac4168606bf63e34e909402e","isMergeCommit":false,"messageTitle":"Fix tags to allow groupings","messageBody":"","fileTypesAndContributionMap":{"functional-code":{"insertions":12,"deletions":10}}},{"hash":"aff0978aa58ed435737a6d61c7e0b3aa33391c9d","isMergeCommit":true,"messageTitle":"Merge pull request #92 from Wnayar/branch_DeleteFeatureBugFix","messageBody":"Fixes overflow of integer error message for parsing index","fileTypesAndContributionMap":{}},{"hash":"67fbc7b9c39a0dc06599eeaddcd8d0261ca053df","isMergeCommit":false,"messageTitle":"Refactor Tag to Group and enable grouping","messageBody":"This commit aims to enable groupings.\n","fileTypesAndContributionMap":{"functional-code":{"insertions":63,"deletions":63},"other":{"insertions":31,"deletions":31},"docs":{"insertions":2,"deletions":2},"test-code":{"insertions":85,"deletions":85}}},{"hash":"fba053df0b9e885d4ffcb327a6099ef31996f9a7","isMergeCommit":false,"messageTitle":"Fix UI for groups tag","messageBody":"Blue rectangle around tag is restored\n","fileTypesAndContributionMap":{"functional-code":{"insertions":2,"deletions":2}}},{"hash":"d9835ed1e76df50a54a4f54852cb8c69cd01f2fb","isMergeCommit":true,"messageTitle":"Merge pull request #97 from Wnayar/branch_CommentFeature","messageBody":"Branch comment feature","fileTypesAndContributionMap":{}},{"hash":"4369b070ebc8440177f0cde0a022dbbfcce501c8","isMergeCommit":false,"messageTitle":"Fix bug in group feature","messageBody":"Group feature allows for a student to be tagged to multiple groups.\n\nLet\u0027s change it such that a student can only be tagged to one group\n","fileTypesAndContributionMap":{"functional-code":{"insertions":2,"deletions":2},"test-code":{"insertions":6,"deletions":3}}}]},{"date":"2024-10-20","commitResults":[{"hash":"518596d8e47fad2a6626ffa484d43fd86bc1b2e5","isMergeCommit":false,"messageTitle":"Add show command to find groups","messageBody":"There is no feature to easily find members of the same group\n\nLet\u0027s add a command to show members of the same group\n","fileTypesAndContributionMap":{"functional-code":{"insertions":183,"deletions":1}}},{"hash":"a29b26f85419911519e42830ebb6e214d31390db","isMergeCommit":false,"messageTitle":"Update UserGuide.md","messageBody":"","fileTypesAndContributionMap":{"docs":{"insertions":20,"deletions":7}}},{"hash":"e6271b92b8ce07819c74d9a173d29d07a3950787","isMergeCommit":false,"messageTitle":"Add image for show feature","messageBody":"","fileTypesAndContributionMap":{"docs":{"insertions":1,"deletions":1}}}]},{"date":"2024-10-22","commitResults":[{"hash":"04035557185f1f3afb2a1adc772a808a4711df89","isMergeCommit":true,"messageTitle":"Merge pull request #119 from ishan-agarwal-05/improve-attendance-feature","messageBody":"Add listattendence,deleteevent, unmark commands bug fixes in mark","fileTypesAndContributionMap":{}}]},{"date":"2024-10-24","commitResults":[{"hash":"a09afdf3bf30651c1da024cf42d0652cf8879acf","isMergeCommit":false,"messageTitle":"Add count for list command","messageBody":"When we use the list command, there is no way to easily see the number of persons listed\n\nLet\u0027s add return another line that says \"Total number of students: [number]\"\n","fileTypesAndContributionMap":{"functional-code":{"insertions":4,"deletions":2}}},{"hash":"de17132fad1863af2d139265f998edb0d738be77","isMergeCommit":false,"messageTitle":"Disable test cases for list command","messageBody":"","fileTypesAndContributionMap":{"test-code":{"insertions":3,"deletions":0}}},{"hash":"785830f350051358d7649ba3a5e94bfee99bba87","isMergeCommit":false,"messageTitle":"Add OfflineHelp feature","messageBody":"Using the normal help command, users would be unable to access it if there do not have wifi connection\n\nLet\u0027s add this feature which is like the help command but instead it lists the commands for the users within the jar file itself\n","fileTypesAndContributionMap":{"functional-code":{"insertions":70,"deletions":0}}}]},{"date":"2024-10-25","commitResults":[{"hash":"fe8b8ead65c180af76af056d7128ee4838d4609e","isMergeCommit":false,"messageTitle":"Enable assertions","messageBody":"","fileTypesAndContributionMap":{"other":{"insertions":4,"deletions":0}}},{"hash":"fa27f03211bc7652902f197da52205c7dbbc7726","isMergeCommit":true,"messageTitle":"Merge pull request #132 from ishan-agarwal-05/add-uml-1","messageBody":"Add uml for mark attendance command","fileTypesAndContributionMap":{}},{"hash":"495910c41d5dd5cca9fceb0ef359ef66559deb43","isMergeCommit":false,"messageTitle":"Improve Person Model in UML","messageBody":"","fileTypesAndContributionMap":{"docs":{"insertions":5,"deletions":3}}},{"hash":"08078cee6eb7fddd6b8c8cb13d22b022fdfb41e2","isMergeCommit":false,"messageTitle":"Chaneg Tag to Group in UML files","messageBody":"","fileTypesAndContributionMap":{"docs":{"insertions":6,"deletions":7}}}]},{"date":"2024-10-27","commitResults":[{"hash":"f65846d88d627b2e0a766cfb04d4ed8bb9c67e9a","isMergeCommit":false,"messageTitle":"Update tests","messageBody":"The tests for the below commands/files are updated:\n* List command\n* GroupContainsKeywordsPredicateTest\n* Edit command\n","fileTypesAndContributionMap":{"test-code":{"insertions":104,"deletions":20}}},{"hash":"be40b66764119e26d88da41f512a2f9c756233fc","isMergeCommit":false,"messageTitle":"Improve code quality","messageBody":"* Add loggers in group\n* Add try/catch\n* Imporve test cases for list command parser\n","fileTypesAndContributionMap":{"functional-code":{"insertions":35,"deletions":17},"test-code":{"insertions":24,"deletions":1}}}]},{"date":"2024-10-31","commitResults":[{"hash":"46cd3000622e2bf8f7da940084a274a602e8c983","isMergeCommit":true,"messageTitle":"Merge pull request #146 from NicholasT1/addFeature-ImproveOptionalFields","messageBody":"Add removal of optional fields","fileTypesAndContributionMap":{}}]},{"date":"2024-11-01","commitResults":[{"hash":"292b3d2625291b04cde666842834c183df31569e","isMergeCommit":false,"messageTitle":"Update UserGuide.md","messageBody":"","fileTypesAndContributionMap":{"docs":{"insertions":14,"deletions":4}}},{"hash":"1306a0599e17355978692337083cd49744a2cca1","isMergeCommit":false,"messageTitle":"Update UserGuide.md","messageBody":"","fileTypesAndContributionMap":{"docs":{"insertions":3,"deletions":1}}},{"hash":"92cbe5ccba9d014a0ee5bb20ae7b831af09563d7","isMergeCommit":false,"messageTitle":"Update UserGuide.md","messageBody":"","fileTypesAndContributionMap":{"docs":{"insertions":6,"deletions":6}}},{"hash":"fe05a5a42dc7a2f75972fcdbba2a8779fe34b7c5","isMergeCommit":true,"messageTitle":"Merge pull request #161 from Wnayar/branch-ImproveCodeQuality","messageBody":"Improve code quality with add comment test cases","fileTypesAndContributionMap":{}},{"hash":"cf55b88f57b84e1defe5b4633278cce15a65475f","isMergeCommit":false,"messageTitle":"Fix alpha bugs for show and offlinehelp","messageBody":"","fileTypesAndContributionMap":{"functional-code":{"insertions":18,"deletions":10}}},{"hash":"225cc7d72c1c3a8c6605c43555268056ff5a3aa2","isMergeCommit":false,"messageTitle":"Add ShowCommandParserTest","messageBody":"","fileTypesAndContributionMap":{"test-code":{"insertions":50,"deletions":0}}}]},{"date":"2024-11-02","commitResults":[{"hash":"c32f0870c2d84ac89919dab4fc1a20addbd8acb7","isMergeCommit":false,"messageTitle":"Add ShowCommandTest","messageBody":"","fileTypesAndContributionMap":{"test-code":{"insertions":105,"deletions":7}}}]},{"date":"2024-11-03","commitResults":[{"hash":"de9b6a27bbd2efbe0015e671f75eeebf5978f060","isMergeCommit":false,"messageTitle":"Fix feature flaw for group","messageBody":"To avoid flagged for overzealous inputs, let\u0027s:\n\n* allow up to 4 groups to be tagged to a student\n\nIt is possible that one student is in different groups for different examinable components like CA1, CA2)\n\n* do away with restrictions regarding group names\n\nIt is possible for students to want to have their own group names that are not e.g. \"group 1\"\n","fileTypesAndContributionMap":{"functional-code":{"insertions":51,"deletions":23},"test-code":{"insertions":22,"deletions":22}}},{"hash":"cc6daaa6661e1ab24c5465e29eef47fbd1aad24a","isMergeCommit":false,"messageTitle":"Create GroupList class","messageBody":"Currently Groups are stored in a hashset within a person\n\nLet\u0027s create a separate class to store the groups called GroupList\n","fileTypesAndContributionMap":{"functional-code":{"insertions":165,"deletions":63},"test-code":{"insertions":52,"deletions":49}}},{"hash":"f417952f3a0b01d8204fd8dd17519b017bfe5a72","isMergeCommit":false,"messageTitle":"Delete Offlinehelp Command","messageBody":"This is a redundant command.\n\nLet\u0027s instead put it together with the default message for invalid commands\n","fileTypesAndContributionMap":{"functional-code":{"insertions":20,"deletions":79},"test-code":{"insertions":8,"deletions":5}}},{"hash":"8c7ff1d6e855cfd580f1b92b2702aa4aad5aba20","isMergeCommit":false,"messageTitle":"Fix Show Command","messageBody":"The Show Command is unable to work when a student has multiple groups\n\nLet\u0027s edit the command such that it is able to work\n","fileTypesAndContributionMap":{"functional-code":{"insertions":16,"deletions":11}}}]},{"date":"2024-11-04","commitResults":[{"hash":"a3304190999f8858d1158fd150f0ee903f77175c","isMergeCommit":false,"messageTitle":"Update UserGuide.md","messageBody":"","fileTypesAndContributionMap":{"docs":{"insertions":6,"deletions":15}}},{"hash":"690168df976f2327172dc043aca5662f380b8a23","isMergeCommit":false,"messageTitle":"Add test case for group list","messageBody":"","fileTypesAndContributionMap":{"functional-code":{"insertions":11,"deletions":14},"other":{"insertions":8,"deletions":12},"test-code":{"insertions":160,"deletions":7}}},{"hash":"fba3abc013a61f0762de4d949ccb43e8688cb9cc","isMergeCommit":true,"messageTitle":"Merge branch \u0027master\u0027 into branch-GroupFeatureFlaw-1","messageBody":"","fileTypesAndContributionMap":{}},{"hash":"0d2a4202e7ae2821890a46993d5f43b81a1883f1","isMergeCommit":false,"messageTitle":"Fix ShowCommandParserTest","messageBody":"","fileTypesAndContributionMap":{"test-code":{"insertions":24,"deletions":8}}},{"hash":"d13bcae9060b46a1daa057e3a5bf07b358920801","isMergeCommit":true,"messageTitle":"Merge branch \u0027branch-GroupFeatureFlaw-1\u0027 of https://github.com/gabriellegtw/tp into branch-GroupFeatureFlaw-1","messageBody":"","fileTypesAndContributionMap":{}},{"hash":"0ee451ab93cd010e679ef929c66187eb5809b288","isMergeCommit":false,"messageTitle":"Encapsulate sample data","messageBody":"","fileTypesAndContributionMap":{"functional-code":{"insertions":9,"deletions":10},"test-code":{"insertions":1,"deletions":1}}},{"hash":"ad4ad033c39e3130b6cbeb0d317ee3bf6e48d4d9","isMergeCommit":false,"messageTitle":"Fix Edit Command","messageBody":"* Edit Command success message shows updated groups\n\n* Update GroupList getGroups() function to return unmodifiable list\n","fileTypesAndContributionMap":{"functional-code":{"insertions":38,"deletions":33},"test-code":{"insertions":24,"deletions":24}}}]},{"date":"2024-11-05","commitResults":[{"hash":"dda3e42315cc121a6b9ebaec8f03ef5261f80c90","isMergeCommit":false,"messageTitle":"Fix edit and add feature","messageBody":"Let\u0027s throw an error when duplicate groups are added\n","fileTypesAndContributionMap":{"functional-code":{"insertions":50,"deletions":3},"test-code":{"insertions":11,"deletions":3}}},{"hash":"6a9b9afcd1bbc5c7d7f76396e2b63a19f10e6d63","isMergeCommit":true,"messageTitle":"Merge pull request #186 from Wnayar/branch-FixAlphaBugs","messageBody":"Branch fix alpha bugs","fileTypesAndContributionMap":{}}]},{"date":"2024-11-06","commitResults":[{"hash":"428e2ddc668ab9650b46e0921eadcdce44621c4e","isMergeCommit":false,"messageTitle":"Add more error messages for edit feature","messageBody":"","fileTypesAndContributionMap":{"functional-code":{"insertions":21,"deletions":10},"test-code":{"insertions":23,"deletions":6}}},{"hash":"e1c2cf716bf59eddfad7a264d6b93c9e233a45b1","isMergeCommit":true,"messageTitle":"Merge remote-tracking branch \u0027origin/master\u0027 into branch-GroupSpecificity","messageBody":"","fileTypesAndContributionMap":{}},{"hash":"cd012356ce2612f52c8722f76d4b9db233b307fc","isMergeCommit":false,"messageTitle":"Edit the error messages for edit commands","messageBody":"Let\u0027s make the error messages more specific\n\n* When index for edit is invalid (eg. different for \"-1\" and when number is too large \"34567\")\n\n* Tweak test cases to accommodate these changes\n","fileTypesAndContributionMap":{"functional-code":{"insertions":8,"deletions":4},"test-code":{"insertions":19,"deletions":10}}},{"hash":"f8591f63bcbb666754e8472e198ee68569e4e98d","isMergeCommit":true,"messageTitle":"Merge pull request #193 from NicholasT1/DGUpdate","messageBody":"DG update","fileTypesAndContributionMap":{}}]},{"date":"2024-11-07","commitResults":[{"hash":"d8c8a91f6df0a3ce8fef0949ccc177a680b792b2","isMergeCommit":true,"messageTitle":"Merge remote-tracking branch \u0027origin/master\u0027 into branch-GroupSpecificity","messageBody":"","fileTypesAndContributionMap":{}},{"hash":"c527d1c5edf02ab83a9962af7e858669d5600576","isMergeCommit":true,"messageTitle":"Merge pull request #191 from NicholasT1/generalBugFixes","messageBody":"General bug fixes","fileTypesAndContributionMap":{}},{"hash":"8936d1cea50d6d1174d56287663424589eee4d55","isMergeCommit":true,"messageTitle":"Merge remote-tracking branch \u0027origin/master\u0027 into branch-GroupSpecificity","messageBody":"","fileTypesAndContributionMap":{}},{"hash":"564c515420551dcacf3d722fc4de72b9d1f79ff4","isMergeCommit":false,"messageTitle":"Fix flexibility of group","messageBody":"Let\u0027s make the group name more flexible by:\n* Allowing a student to have up to 10 groups\n+ Allowing a group name to be up to 20 characters\n","fileTypesAndContributionMap":{"functional-code":{"insertions":21,"deletions":15},"test-code":{"insertions":9,"deletions":5}}},{"hash":"a82df71be9f38603f00b56e17bbb374c1ffa2921","isMergeCommit":true,"messageTitle":"Merge branch \u0027master\u0027 into branch-GroupSpecificity","messageBody":"","fileTypesAndContributionMap":{}},{"hash":"ca63cb8b104e398d1437f3c4633f190bd6f3e9ce","isMergeCommit":false,"messageTitle":"Fix checkstyle","messageBody":"","fileTypesAndContributionMap":{"functional-code":{"insertions":4,"deletions":2}}},{"hash":"37208ef323710a2818ab876aa13ef196ee15af80","isMergeCommit":false,"messageTitle":"Fix spelling error","messageBody":"","fileTypesAndContributionMap":{"functional-code":{"insertions":3,"deletions":3}}},{"hash":"cb49679bdd6f484ae70e4aecc4105fc69eef2fe5","isMergeCommit":false,"messageTitle":"Fix input validation for group","messageBody":"Allow up to 50 characters\n","fileTypesAndContributionMap":{"functional-code":{"insertions":2,"deletions":2},"test-code":{"insertions":2,"deletions":1}}},{"hash":"5e75d19af8d4230a46ffea0e0db6da99874c60d8","isMergeCommit":false,"messageTitle":"Delete limit for number of groups","messageBody":"","fileTypesAndContributionMap":{"functional-code":{"insertions":3,"deletions":15}}},{"hash":"9a581bbaed5cf9032b26c17679fcb96580c9faf7","isMergeCommit":false,"messageTitle":"Tweak character limit of group","messageBody":"Change from maximum of 50 characters to 100 characters\n","fileTypesAndContributionMap":{"functional-code":{"insertions":2,"deletions":2},"test-code":{"insertions":4,"deletions":2}}},{"hash":"aa8242e2ae0d0c5b8999c91679f4a6dba403f5a6","isMergeCommit":false,"messageTitle":"Fix bug for show","messageBody":"Show command is currently case sensitive.\n\nLet\u0027s tweak it so that the keywords are found regardless of case\n","fileTypesAndContributionMap":{"functional-code":{"insertions":1,"deletions":1}}},{"hash":"7f70fdab191b45022d8a3e0006aeb485b09ac7aa","isMergeCommit":false,"messageTitle":"Update phrasing of messages and DG","messageBody":"* Update the phrasing of 1 message\n* Update the Developer Guide\n","fileTypesAndContributionMap":{"functional-code":{"insertions":2,"deletions":2},"docs":{"insertions":3,"deletions":1}}},{"hash":"1f73c4f26579dc41f44aae35122a42dbe802cf95","isMergeCommit":true,"messageTitle":"Merge pull request #210 from ishan-agarwal-05/add-attendance-tests","messageBody":"Add attendance tests","fileTypesAndContributionMap":{}},{"hash":"7daf6790b471f5086d7d70ea5e6069fe0cc1f4e6","isMergeCommit":false,"messageTitle":"Update error message","messageBody":"","fileTypesAndContributionMap":{"functional-code":{"insertions":2,"deletions":2}}},{"hash":"cc5db4c233eea8fcadfcd931910e549ca86e14fa","isMergeCommit":false,"messageTitle":"Update UserGuide.md","messageBody":"","fileTypesAndContributionMap":{"docs":{"insertions":17,"deletions":8}}}]},{"date":"2024-11-08","commitResults":[{"hash":"be8d2099807b43ce5cf64205584b99cc9e91c964","isMergeCommit":false,"messageTitle":"Update Sample Data","messageBody":"","fileTypesAndContributionMap":{"functional-code":{"insertions":6,"deletions":6}}},{"hash":"ae217dc9f013b15f389162333bf1e80bf4ec2e82","isMergeCommit":false,"messageTitle":"Update UserGuide.md","messageBody":"","fileTypesAndContributionMap":{"docs":{"insertions":14,"deletions":6}}},{"hash":"1259d5807b1a8562a8ce69661f71dc263c6efcb7","isMergeCommit":false,"messageTitle":"Update DeveloperGuide.md","messageBody":"","fileTypesAndContributionMap":{"docs":{"insertions":33,"deletions":0}}}]},{"date":"2024-11-09","commitResults":[{"hash":"d11e578e88d558951ff0c1b7544167bcaa5a090f","isMergeCommit":false,"messageTitle":"Add tests and assertions","messageBody":"* Add test cases in Group and GroupList test\n* Add assertions in edit and group-related commands\n","fileTypesAndContributionMap":{"functional-code":{"insertions":15,"deletions":0},"test-code":{"insertions":121,"deletions":8}}},{"hash":"12020c697421c52ff881aab07e3bbc36f9832ee0","isMergeCommit":false,"messageTitle":"Refactor all tags to groups","messageBody":"More thorough changing of terms throughout codebase from \"tag\" to \"group\"\n","fileTypesAndContributionMap":{"functional-code":{"insertions":19,"deletions":19},"test-code":{"insertions":89,"deletions":83}}},{"hash":"a4272db8cd3ba43f08f2438323e86a562b1ccaa9","isMergeCommit":false,"messageTitle":"Add tests to ShowCommand","messageBody":"","fileTypesAndContributionMap":{"functional-code":{"insertions":4,"deletions":0},"test-code":{"insertions":58,"deletions":9}}},{"hash":"8155bcb80116c8d8fcb0bbd0d79ba90dce3a59a9","isMergeCommit":false,"messageTitle":"Add tests to edit-related commands","messageBody":"Add test cases to:\n* EditCommandTest\n* EditCommandParserTest\n","fileTypesAndContributionMap":{"test-code":{"insertions":92,"deletions":4}}},{"hash":"581e0fca605d50f9c69a197f0255d8c8d0c6701d","isMergeCommit":false,"messageTitle":"Improve Code Quality","messageBody":"* Shorten long methods\n* Add more test cases\n","fileTypesAndContributionMap":{"functional-code":{"insertions":42,"deletions":13},"test-code":{"insertions":63,"deletions":0}}}]},{"date":"2024-11-10","commitResults":[{"hash":"23770e4e6f2c2648e2e60eb1ae52de2e76286352","isMergeCommit":false,"messageTitle":"Improve documentation","messageBody":"* User Guide\n* Developer Guide\n* JavaDocs\n","fileTypesAndContributionMap":{"functional-code":{"insertions":30,"deletions":25},"docs":{"insertions":148,"deletions":32},"test-code":{"insertions":83,"deletions":83}}},{"hash":"732cd5711479196c0c93dadb1c2001806f204c2a","isMergeCommit":false,"messageTitle":"Fix formatting","messageBody":"","fileTypesAndContributionMap":{"docs":{"insertions":2,"deletions":2}}},{"hash":"bc3d184028c463a9f9d82fba5efcc4644ef79770","isMergeCommit":true,"messageTitle":"Merge pull request #263 from NicholasT1/BugFixes-UG-2","messageBody":"Fix some bugs in UG","fileTypesAndContributionMap":{}},{"hash":"9eff53363fa9963ab030eaf394de06b460bbf266","isMergeCommit":false,"messageTitle":"Fix typo in UG","messageBody":"","fileTypesAndContributionMap":{"docs":{"insertions":1,"deletions":1}}},{"hash":"43ee2f9a61aecf7e3086f923d3eaac26ec678b3b","isMergeCommit":true,"messageTitle":"Merge branch \u0027master\u0027 into branch-CodeQuality","messageBody":"","fileTypesAndContributionMap":{}},{"hash":"824d09f4754316e9ee78bf5bfea783d73053972b","isMergeCommit":false,"messageTitle":"Fix phrasing in UG","messageBody":"","fileTypesAndContributionMap":{"docs":{"insertions":1,"deletions":3}}},{"hash":"56818594dec2212d842dc607dd9158f52fffd6ae","isMergeCommit":false,"messageTitle":"Update UserGuide.md","messageBody":"","fileTypesAndContributionMap":{"docs":{"insertions":2,"deletions":11}}},{"hash":"934ceacc192c18b35c647b82035d2882925e6522","isMergeCommit":false,"messageTitle":"Update UserGuide.md","messageBody":"","fileTypesAndContributionMap":{"docs":{"insertions":3,"deletions":1}}},{"hash":"1aec35aba562f3a5021587e3d89a70ca6772f78c","isMergeCommit":false,"messageTitle":"Update UserGuide.md","messageBody":"","fileTypesAndContributionMap":{"docs":{"insertions":0,"deletions":4}}}]},{"date":"2024-11-11","commitResults":[{"hash":"31eb872cc1eb31b31e8fca4a1c5700d8ff68f20d","isMergeCommit":false,"messageTitle":"Make error message more general","messageBody":"","fileTypesAndContributionMap":{"functional-code":{"insertions":1,"deletions":1},"test-code":{"insertions":2,"deletions":2}}},{"hash":"59c26db14c246a8cb2c7fa194ac5bceb1a9ac42b","isMergeCommit":false,"messageTitle":"Fix Typo","messageBody":"","fileTypesAndContributionMap":{"functional-code":{"insertions":1,"deletions":1},"test-code":{"insertions":2,"deletions":2}}},{"hash":"970811818136a74590263d21b310880801788a46","isMergeCommit":false,"messageTitle":"Add AI use","messageBody":"","fileTypesAndContributionMap":{"functional-code":{"insertions":4,"deletions":2},"test-code":{"insertions":3,"deletions":0}}},{"hash":"85eb3417b3cc2f196a48d0421714596b86620ca7","isMergeCommit":false,"messageTitle":"Add more AI use","messageBody":"","fileTypesAndContributionMap":{"functional-code":{"insertions":1,"deletions":1},"test-code":{"insertions":1,"deletions":0}}},{"hash":"cdd8636fd8502c339b797c6f36e7d33922d01c4e","isMergeCommit":false,"messageTitle":"Add comments","messageBody":"","fileTypesAndContributionMap":{"functional-code":{"insertions":2,"deletions":1}}},{"hash":"4972032a1a0506fe10646a8265394be465bcf6f7","isMergeCommit":false,"messageTitle":"Fix comments","messageBody":"","fileTypesAndContributionMap":{"functional-code":{"insertions":1,"deletions":1},"test-code":{"insertions":1,"deletions":1}}},{"hash":"fb4a0743fd006a1073702080da183fbddd20a389","isMergeCommit":false,"messageTitle":"Update documentation","messageBody":"","fileTypesAndContributionMap":{"docs":{"insertions":18,"deletions":10}}},{"hash":"97ed9b9660d3e3cf785c9c00484ffb38b2f44940","isMergeCommit":true,"messageTitle":"Merge branch \u0027master\u0027 into branch-Documentation","messageBody":"","fileTypesAndContributionMap":{}},{"hash":"b8eccbc53e4be675f99f8f2e8db85dcf080fc2a1","isMergeCommit":false,"messageTitle":"Update ModelClassDiagram.puml","messageBody":"","fileTypesAndContributionMap":{"docs":{"insertions":1,"deletions":1}}},{"hash":"fcba3482817b2cdd12c49965465025720c8d8b43","isMergeCommit":true,"messageTitle":"Merge pull request #275 from ishan-agarwal-05/documentation-v1.6","messageBody":"Documentation v1.6","fileTypesAndContributionMap":{}}]}]},"authorFileTypeContributionMap":{"ishan-agarwal-05":{"docs":617,"functional-code":1414,"test-code":914},"NicholasT1":{"docs":382,"functional-code":818,"test-code":621,"other":5},"Wnayar":{"docs":213,"functional-code":483,"test-code":414},"gabriellegtw":{"docs":261,"functional-code":699,"test-code":1043,"other":5}},"authorContributionVariance":{"ishan-agarwal-05":55679.03,"NicholasT1":27841.1,"Wnayar":7547.5747,"gabriellegtw":22959.043},"authorDisplayNameMap":{"ishan-agarwal-05":"CS2103T-W10-1 AGAR..SHAN","NicholasT1":"CS2103T-W10-1 NICH..KEAT","Wnayar":"CS2103T-W10-1 WILL..AYAR","gabriellegtw":"CS2103T-W10-1 GABR..INGS"}}
