{"authorDailyContributionsMap":{"josh1248":[{"date":"2024-09-30","commitResults":[{"hash":"ebb23fdff8677bce74cdde71750e174bc4d7cae8","isMergeCommit":true,"messageTitle":"Merge branch \u0027master\u0027 into add-nathan-picture","messageBody":"","fileTypesAndContributionMap":{}},{"hash":"13dd151632284afe67caf1df4864f915f7b24375","isMergeCommit":false,"messageTitle":"Update AboutUs.md","messageBody":"","fileTypesAndContributionMap":{"docs":{"insertions":3,"deletions":3}}},{"hash":"d40c4747fcc529b172101d3be15dfc2384f85628","isMergeCommit":true,"messageTitle":"Merge branch \u0027AY2425S1-CS2103T-W09-2:master\u0027 into add-aboutus-image","messageBody":"","fileTypesAndContributionMap":{}}]},{"date":"2024-10-02","commitResults":[{"hash":"f4db25e236dafca17e587a7bfa0ec749cd0e23af","isMergeCommit":true,"messageTitle":"Merge branch \u0027master\u0027 into add-AboutUs-nathan","messageBody":"","fileTypesAndContributionMap":{}},{"hash":"01235d4166efadbf8511d3c502f90cc0c6d25228","isMergeCommit":true,"messageTitle":"Merge pull request #17 from AY2425S1-CS2103T-W09-2/add-AboutUs-nathan","messageBody":"Update AboutUs.md","fileTypesAndContributionMap":{}},{"hash":"c8bec726f4871190a22200fcb344dbf89cfb970f","isMergeCommit":true,"messageTitle":"Merge pull request #45 from nathanshew/Update-AboutUs.md","messageBody":"Update about us.md","fileTypesAndContributionMap":{}},{"hash":"b446dc67bed08f25aedd8a1d6329a259cf2e95bf","isMergeCommit":true,"messageTitle":"Merge pull request #46 from nathanshew/Add-Nathan-Photo","messageBody":"Update AboutUs.md","fileTypesAndContributionMap":{}}]}],"Timenikhil":[{"date":"2024-09-24","commitResults":[{"hash":"4e50fd7f4c244ac8ce6115ac3c23c922f8365ac6","isMergeCommit":false,"messageTitle":"Update README.md","messageBody":"","fileTypesAndContributionMap":{"docs":{"insertions":0,"deletions":2}}}]},{"date":"2024-09-26","commitResults":[{"hash":"fee343ea771846df65227903ab9bf7b5c91806ec","isMergeCommit":false,"messageTitle":"Follow tutorial steps to add remark to AB3","messageBody":"","fileTypesAndContributionMap":{"functional-code":{"insertions":109,"deletions":9},"test-code":{"insertions":106,"deletions":8}}},{"hash":"d4491ca153731056d424069b922832b8bb2e5b37","isMergeCommit":false,"messageTitle":"Add Remark Command to Person","messageBody":"","fileTypesAndContributionMap":{"functional-code":{"insertions":68,"deletions":33},"test-code":{"insertions":14,"deletions":6}}},{"hash":"dd3c3a08b57e1153a16004306f881d81e6702fc5","isMergeCommit":false,"messageTitle":"Fix Remark storage","messageBody":"","fileTypesAndContributionMap":{"functional-code":{"insertions":10,"deletions":2},"test-code":{"insertions":17,"deletions":12}}},{"hash":"8e3954de803a13967e1392fca33194c84ced8240","isMergeCommit":false,"messageTitle":"Add Tests for Remark","messageBody":"","fileTypesAndContributionMap":{"functional-code":{"insertions":33,"deletions":5},"test-code":{"insertions":67,"deletions":16}}},{"hash":"ad4e12c5f3bbf15fde71d67c33bee40aeb061625","isMergeCommit":false,"messageTitle":"Fix tests for Remark","messageBody":"The tutorial was wrong.\n","fileTypesAndContributionMap":{"test-code":{"insertions":7,"deletions":7}}}]},{"date":"2024-09-30","commitResults":[{"hash":"0950dee13a93ccb5f3548a7763b40d1a4b49d5d5","isMergeCommit":true,"messageTitle":"Merge pull request #1 from Timenikhil/master","messageBody":"Merge tutorial work to correct branch","fileTypesAndContributionMap":{}},{"hash":"aa60ef290e5b603dfef412aa3a832628345aa34b","isMergeCommit":false,"messageTitle":"Revert \"Merge tutorial work to correct branch\"","messageBody":"","fileTypesAndContributionMap":{"functional-code":{"insertions":40,"deletions":211},"test-code":{"insertions":25,"deletions":187}}},{"hash":"74e0ebb25841cf5753872c356431fd560a08edbb","isMergeCommit":true,"messageTitle":"Merge pull request #2 from Timenikhil/revert-1-master","messageBody":"Revert \"Merge tutorial work to correct branch\"","fileTypesAndContributionMap":{}},{"hash":"f5700405ccf71fcbee1138456330e4f09b4a6be8","isMergeCommit":false,"messageTitle":"Switch docs to cayman","messageBody":"","fileTypesAndContributionMap":{"other":{"insertions":3,"deletions":0}}},{"hash":"7e90f376054447e5883c1f0189ad0ffc12a0532d","isMergeCommit":true,"messageTitle":"Merge pull request #3 from Timenikhil/tutorial-adding-command","messageBody":"Revert Tutorial adding command","fileTypesAndContributionMap":{}},{"hash":"4a2fe3a31c05d53af16f02680d43babadf0f2522","isMergeCommit":true,"messageTitle":"Merge branch \u0027master\u0027 into tutorial-adding-command","messageBody":"","fileTypesAndContributionMap":{}},{"hash":"78dbce2888e3bcf89baa8eac7cf787a80c63df61","isMergeCommit":false,"messageTitle":"update about us","messageBody":"","fileTypesAndContributionMap":{"docs":{"insertions":6,"deletions":6}}},{"hash":"8fd3b990e82f7dbf9b832a38336b188605fec774","isMergeCommit":false,"messageTitle":"follow naming conventions","messageBody":"","fileTypesAndContributionMap":{"docs":{"insertions":2,"deletions":2}}},{"hash":"73255fce070bc806f7dfbfbb9352b6dcb8864131","isMergeCommit":false,"messageTitle":"Switch theme from minima to Cayman","messageBody":"","fileTypesAndContributionMap":{"other":{"insertions":0,"deletions":1}}}]},{"date":"2024-10-02","commitResults":[{"hash":"55cd0e05557e19ae8e0ed184ce5dd4ca229cd855","isMergeCommit":true,"messageTitle":"Merge branch \u0027master\u0027 into switch-to-cayman","messageBody":"","fileTypesAndContributionMap":{}},{"hash":"8182dc7f9050c8a9d875c2af407953549e24e4ad","isMergeCommit":true,"messageTitle":"Merge branch \u0027master\u0027 into update-about-us","messageBody":"","fileTypesAndContributionMap":{}},{"hash":"3060ad1763f57e3e6c1093db3912661afabc4ace","isMergeCommit":true,"messageTitle":"Merge pull request #23 from kimxw/update-about-us","messageBody":"Update kimxw.md and AboutUs.md","fileTypesAndContributionMap":{}},{"hash":"a87a6fe81fb4deb9b5134036270b6da6f4010a9d","isMergeCommit":false,"messageTitle":"Update AboutUs.md to fix portfolio link naming","messageBody":"","fileTypesAndContributionMap":{"docs":{"insertions":2,"deletions":2}}},{"hash":"51c9c4af0a1e78fcfe259c988286efecc9788ad0","isMergeCommit":false,"messageTitle":"Create timenikhil.md","messageBody":"","fileTypesAndContributionMap":{"docs":{"insertions":46,"deletions":0}}},{"hash":"c0677f0c39e2816a58b2498db939845e5728e2c3","isMergeCommit":true,"messageTitle":"Merge branch \u0027AY2425S1-CS2103T-W09-2:master\u0027 into update-aboutus","messageBody":"","fileTypesAndContributionMap":{}},{"hash":"9db1ea8e9ed01e141b70650c30e06d9ee6b2fcf6","isMergeCommit":false,"messageTitle":"Update _config.yml to change name to EduLog","messageBody":"","fileTypesAndContributionMap":{"other":{"insertions":2,"deletions":9}}},{"hash":"5e34e83aae46332d81ee8d3bd7ea87cc19ce6223","isMergeCommit":false,"messageTitle":"Add github icon","messageBody":"","fileTypesAndContributionMap":{"other":{"insertions":6,"deletions":0}}},{"hash":"6c5aade9db20aba42845e4ddb68e9606d9bbcaa7","isMergeCommit":false,"messageTitle":"Remove whitespace","messageBody":"","fileTypesAndContributionMap":{"other":{"insertions":1,"deletions":1}}}]}],"obrona":[{"date":"2024-09-30","commitResults":[{"hash":"1f3504dc5b7f393a387d023cc276a3b34f0711cd","isMergeCommit":true,"messageTitle":"Merge branch \u0027master\u0027 into add-your-photo","messageBody":"","fileTypesAndContributionMap":{}},{"hash":"0e67e03b0e2b6c18aa73570bc48994b562a40e6b","isMergeCommit":false,"messageTitle":"Update AboutUs.md","messageBody":"","fileTypesAndContributionMap":{"docs":{"insertions":2,"deletions":2}}},{"hash":"2bfe02281e4894f45de80fbff2b5714e52ec8fae","isMergeCommit":true,"messageTitle":"Merge pull request #26 from obrona/update-aboutUs","messageBody":"Update AboutUs.md","fileTypesAndContributionMap":{}},{"hash":"b8a0b92ee24e8c8ea36b313602b3541b5c914442","isMergeCommit":true,"messageTitle":"Merge branch \u0027master\u0027 into add-your-photo","messageBody":"","fileTypesAndContributionMap":{}}]},{"date":"2024-10-02","commitResults":[{"hash":"f0a8b41a8c5b257fb326cd4fc60398028883a8aa","isMergeCommit":false,"messageTitle":"Update AboutUs.md","messageBody":"","fileTypesAndContributionMap":{"docs":{"insertions":3,"deletions":2}}},{"hash":"662d67e15ac269d4f2993c9d405ef962df3962ee","isMergeCommit":true,"messageTitle":"Merge branch \u0027master\u0027 into update-AboutUs","messageBody":"","fileTypesAndContributionMap":{}},{"hash":"57ff8a63a53bd293b40471e57df9e161cbb4b21c","isMergeCommit":true,"messageTitle":"Merge pull request #30 from obrona/update-AboutUs","messageBody":"Update AboutUs.md","fileTypesAndContributionMap":{}}]}],"kimxw":[{"date":"2024-09-30","commitResults":[{"hash":"13ad0c7cbea22dab8199e7e0a29b45d48deeb5b9","isMergeCommit":true,"messageTitle":"Merge branch \u0027master\u0027 into tutorial-adding-command","messageBody":"","fileTypesAndContributionMap":{}},{"hash":"4a920a2775aa7a3e396132eb9e0ab27145c5346c","isMergeCommit":false,"messageTitle":"Update AboutUs.md and docs/team/kimxw.md","messageBody":"","fileTypesAndContributionMap":{"docs":{"insertions":10,"deletions":10}}},{"hash":"5d64c77b01109896d54f5f0a355af1dc0fcedcda","isMergeCommit":true,"messageTitle":"Merge branch \u0027add-image\u0027 of https://github.com/kimxw/tp into add-image","messageBody":"","fileTypesAndContributionMap":{}},{"hash":"220a81c90ae5becec22e888ac9c063f157498a15","isMergeCommit":false,"messageTitle":"Update AboutUs.md and docs/team/kimxw.md","messageBody":"","fileTypesAndContributionMap":{"docs":{"insertions":2,"deletions":2}}}]},{"date":"2024-10-02","commitResults":[{"hash":"ca8164963d38c869fa8c34a9f817143348c14f0e","isMergeCommit":true,"messageTitle":"Merge branch \u0027master\u0027 into add-aboutus-image","messageBody":"","fileTypesAndContributionMap":{}},{"hash":"522162f02ccc7d703e752bff256bbf8b7cbca413","isMergeCommit":true,"messageTitle":"Merge branch \u0027master\u0027 into update-aboutus","messageBody":"","fileTypesAndContributionMap":{}},{"hash":"6fd8aeaac948489dea432c0c3a7ed3b01ab36ecd","isMergeCommit":true,"messageTitle":"Merge pull request #22 from Timenikhil/update-aboutus","messageBody":"Update aboutus","fileTypesAndContributionMap":{}},{"hash":"3551aecadaf643957eb5c741339f6e0327cb3cca","isMergeCommit":true,"messageTitle":"Merge branch \u0027master\u0027 into switch-to-cayman","messageBody":"","fileTypesAndContributionMap":{}},{"hash":"d2ff9546621a9e8e552d0c7ce30ed7bcf4a1d7f6","isMergeCommit":true,"messageTitle":"Merge pull request #25 from Timenikhil/switch-to-cayman","messageBody":"Switch theme from minima to Cayman","fileTypesAndContributionMap":{}},{"hash":"d9695a27dcf59bf96ec51ae3a5e47197c31e4481","isMergeCommit":true,"messageTitle":"Merge pull request #33 from Timenikhil/update-aboutus","messageBody":"Update aboutus","fileTypesAndContributionMap":{}},{"hash":"2ada9baddd10d7d1d505f1c289326a339a7a8a4e","isMergeCommit":true,"messageTitle":"Merge branch \u0027master\u0027 into update-config.yml","messageBody":"","fileTypesAndContributionMap":{}},{"hash":"531e7cf8c4740f6f1858eca11f05cf1a4dc48544","isMergeCommit":true,"messageTitle":"Merge pull request #34 from Timenikhil/update-config.yml","messageBody":"Update _config.yml to change name to EduLog","fileTypesAndContributionMap":{}}]}],"nathanshew":[{"date":"2024-09-30","commitResults":[{"hash":"d59a1a130a5182437a0b233af73a61f064652fd0","isMergeCommit":false,"messageTitle":"Update AboutUs.md","messageBody":"","fileTypesAndContributionMap":{"docs":{"insertions":5,"deletions":5}}},{"hash":"3c85bfdc17e899d1f7bf9d7cf4b1129b508c48b6","isMergeCommit":true,"messageTitle":"Merge pull request #2 from Timenikhil/tutorial-adding-command","messageBody":"Adding tutorial command","fileTypesAndContributionMap":{}},{"hash":"8047768bc03706ef84681f4974d31a8b0a5ba3bf","isMergeCommit":true,"messageTitle":"Merge branch \u0027master\u0027 into add-AboutUs-nathan","messageBody":"","fileTypesAndContributionMap":{}}]},{"date":"2024-10-02","commitResults":[{"hash":"d02f7e1ddb22e61a761463bb3037ae8745356a43","isMergeCommit":true,"messageTitle":"Merge pull request #19 from josh1248/add-aboutus-image","messageBody":"Add Josh\u0027s image and description to aboutus","fileTypesAndContributionMap":{}},{"hash":"5f35579c61b38e99837db7cff8ba80312472f79e","isMergeCommit":true,"messageTitle":"Merge branch \u0027master\u0027 into Update-AboutUs.md","messageBody":"","fileTypesAndContributionMap":{}},{"hash":"031f56b4a9c917b1d70d8db1aae40f562f1a11ee","isMergeCommit":false,"messageTitle":"Update AboutUs.md","messageBody":"","fileTypesAndContributionMap":{"docs":{"insertions":1,"deletions":1}}},{"hash":"ae9b8146731e9328395aa80bf55a8c1c91af5fbd","isMergeCommit":false,"messageTitle":"Update AboutUs.md","messageBody":"","fileTypesAndContributionMap":{"docs":{"insertions":1,"deletions":1}}}]}]},"authorFileTypeContributionMap":{"josh1248":{"docs":3,"functional-code":0,"test-code":0},"Timenikhil":{"docs":52,"functional-code":0,"test-code":0,"other":2},"obrona":{"docs":5,"functional-code":0,"test-code":0},"kimxw":{"docs":7,"functional-code":0,"test-code":0},"nathanshew":{"docs":5,"functional-code":0,"test-code":0}},"authorContributionVariance":{"josh1248":2.556213,"Timenikhil":32897.906,"obrona":2.6745563,"kimxw":40.899406,"nathanshew":7.763314},"authorDisplayNameMap":{"josh1248":"CS2103T-W09-2 JOSH.. SEN","Timenikhil":"CS2103T-W09-2 SULT..KHIL","obrona":"CS2103T-W09-2 THEO.. LIM","kimxw":"CS2103T-W09-2 KIMA..JARI","nathanshew":"CS2103T-W09-2 NATH..SHEW"}}
