{"authorDailyContributionsMap":{"josh1248":[{"date":"2024-09-30","commitResults":[{"hash":"ebb23fdff8677bce74cdde71750e174bc4d7cae8","isMergeCommit":true,"messageTitle":"Merge branch \u0027master\u0027 into add-nathan-picture","messageBody":"","fileTypesAndContributionMap":{}},{"hash":"13dd151632284afe67caf1df4864f915f7b24375","isMergeCommit":false,"messageTitle":"Update AboutUs.md","messageBody":"","fileTypesAndContributionMap":{"docs":{"insertions":3,"deletions":3}}},{"hash":"d40c4747fcc529b172101d3be15dfc2384f85628","isMergeCommit":true,"messageTitle":"Merge branch \u0027AY2425S1-CS2103T-W09-2:master\u0027 into add-aboutus-image","messageBody":"","fileTypesAndContributionMap":{}}]},{"date":"2024-10-02","commitResults":[{"hash":"f4db25e236dafca17e587a7bfa0ec749cd0e23af","isMergeCommit":true,"messageTitle":"Merge branch \u0027master\u0027 into add-AboutUs-nathan","messageBody":"","fileTypesAndContributionMap":{}},{"hash":"01235d4166efadbf8511d3c502f90cc0c6d25228","isMergeCommit":true,"messageTitle":"Merge pull request #17 from AY2425S1-CS2103T-W09-2/add-AboutUs-nathan","messageBody":"Update AboutUs.md","fileTypesAndContributionMap":{}},{"hash":"c8bec726f4871190a22200fcb344dbf89cfb970f","isMergeCommit":true,"messageTitle":"Merge pull request #45 from nathanshew/Update-AboutUs.md","messageBody":"Update about us.md","fileTypesAndContributionMap":{}},{"hash":"b446dc67bed08f25aedd8a1d6329a259cf2e95bf","isMergeCommit":true,"messageTitle":"Merge pull request #46 from nathanshew/Add-Nathan-Photo","messageBody":"Update AboutUs.md","fileTypesAndContributionMap":{}}]},{"date":"2024-10-03","commitResults":[{"hash":"8db776cb642d580167f1136e5b6afad885d71f2f","isMergeCommit":true,"messageTitle":"Merge branch \u0027master\u0027 into change-josh-image-name","messageBody":"","fileTypesAndContributionMap":{}}]},{"date":"2024-10-05","commitResults":[{"hash":"00d8e6334ade22fda0fe5fdffa0f2119f92729c1","isMergeCommit":true,"messageTitle":"Merge pull request #62 from Timenikhil/add-use-cases-student","messageBody":"Document Use Cases for Student Management in EduLog","fileTypesAndContributionMap":{}},{"hash":"a0dd33193075b89c2e3032f8206a34bd710896ed","isMergeCommit":true,"messageTitle":"Merge branch \u0027master\u0027 into update-DG","messageBody":"","fileTypesAndContributionMap":{}},{"hash":"0144801beda5e2ed20bcc9911f505c1aa14f2c8a","isMergeCommit":false,"messageTitle":"Update obrona.md","messageBody":"","fileTypesAndContributionMap":{"docs":{"insertions":1,"deletions":1}}},{"hash":"eacd96b346e66a2a015affda4fcfa40ebed88352","isMergeCommit":true,"messageTitle":"Merge pull request #59 from obrona/update-DG","messageBody":"Add NFR and Glossary to DG","fileTypesAndContributionMap":{}},{"hash":"99c2b755927efa1d913314568341aa93a4d9842b","isMergeCommit":true,"messageTitle":"Merge branch \u0027master\u0027 into use-cases","messageBody":"","fileTypesAndContributionMap":{}},{"hash":"ec93314de73302586355cd44b8a29ea5eea36e1f","isMergeCommit":true,"messageTitle":"Merge pull request #61 from kimxw/use-cases","messageBody":"Add use cases ","fileTypesAndContributionMap":{}},{"hash":"9647a1621d66497260c5ac7f67e3170bb6066bef","isMergeCommit":true,"messageTitle":"Merge branch \u0027master\u0027 into Update-DeveloperGuide","messageBody":"","fileTypesAndContributionMap":{}},{"hash":"177cbdb3b3591b31f9753e07605c5f0b4ab1ae01","isMergeCommit":false,"messageTitle":"Fix UC enumeration","messageBody":"","fileTypesAndContributionMap":{"docs":{"insertions":2,"deletions":2}}},{"hash":"6d8ef48d35581f77205ced315272e160b06f8ac3","isMergeCommit":false,"messageTitle":"QC and standardize use cases format","messageBody":"","fileTypesAndContributionMap":{"docs":{"insertions":25,"deletions":21}}},{"hash":"96ab8927f95df84d96ddc8c917eeb93cd6ac41d0","isMergeCommit":false,"messageTitle":"QC for use cases, sweep 2","messageBody":"","fileTypesAndContributionMap":{"docs":{"insertions":25,"deletions":10}}},{"hash":"5c0b1589fdf9be979d8cb6cb5dad8e9c09c69c74","isMergeCommit":false,"messageTitle":"QC on use cases, sweep 3","messageBody":"","fileTypesAndContributionMap":{"docs":{"insertions":14,"deletions":36}}},{"hash":"9fe5ee1e2463acaa7f3d14025f60781171b6bee9","isMergeCommit":true,"messageTitle":"Merge pull request #56 from nathanshew/Update-DeveloperGuide","messageBody":"Update DeveloperGuide.md","fileTypesAndContributionMap":{}},{"hash":"4e8be30f371bf23fd3ba54e73ede16493e10f551","isMergeCommit":false,"messageTitle":"Include user stories","messageBody":"","fileTypesAndContributionMap":{"docs":{"insertions":39,"deletions":11}}}]},{"date":"2024-10-06","commitResults":[{"hash":"435379c67dad597fd86801683b6e9aa25019cd8a","isMergeCommit":false,"messageTitle":"Create joshthoo.md","messageBody":"","fileTypesAndContributionMap":{"docs":{"insertions":46,"deletions":0}}},{"hash":"509fdd874203b75db72e761a4467387ade3b0976","isMergeCommit":false,"messageTitle":"Create nathanshew.md","messageBody":"","fileTypesAndContributionMap":{"docs":{"insertions":46,"deletions":0}}},{"hash":"dd2f3e14bdb5d7bf51d2d5ce2880a87443810fd8","isMergeCommit":false,"messageTitle":"Update src links in AboutUs","messageBody":"","fileTypesAndContributionMap":{"docs":{"insertions":4,"deletions":3}}},{"hash":"baa9d88f4ef4abf3b47531a1aeecc540aed5031e","isMergeCommit":false,"messageTitle":"Fix: team aboutus md","messageBody":"","fileTypesAndContributionMap":{"docs":{"insertions":0,"deletions":0}}},{"hash":"120ceca6eeeabee50a95b199b51590ea925f380f","isMergeCommit":false,"messageTitle":"Appease the formatting gods","messageBody":"","fileTypesAndContributionMap":{"docs":{"insertions":2,"deletions":6}}}]},{"date":"2024-10-09","commitResults":[{"hash":"2dd27e398e2539b467a4e30ec9e4066e567ad1f2","isMergeCommit":false,"messageTitle":"Define attributes of Lesson, including enums","messageBody":"","fileTypesAndContributionMap":{"functional-code":{"insertions":20,"deletions":0}}},{"hash":"da7928521ea44292a697ed87c0fe8621fffa0e82","isMergeCommit":false,"messageTitle":"Initialize add lesson command","messageBody":"","fileTypesAndContributionMap":{"functional-code":{"insertions":7,"deletions":0}}},{"hash":"9b5ce85e8852ed19a89cbd2b29ecc3bdb5dc7016","isMergeCommit":false,"messageTitle":"Define constructor for Lesson","messageBody":"","fileTypesAndContributionMap":{"functional-code":{"insertions":112,"deletions":3}}},{"hash":"138ee63369e68e98b5bd95b97ce4c4876b882ed7","isMergeCommit":false,"messageTitle":"Scaffold for add lesson command","messageBody":"","fileTypesAndContributionMap":{"functional-code":{"insertions":237,"deletions":27}}},{"hash":"178b02c62510964ebb6db66acccbb0c1c2fb0b13","isMergeCommit":false,"messageTitle":"Create non-persistent init edulog calendar","messageBody":"","fileTypesAndContributionMap":{"functional-code":{"insertions":74,"deletions":12}}},{"hash":"09db85d8270505c7f66903aa3fc5ecafb8816d1f","isMergeCommit":false,"messageTitle":"Update existing tests and fix checkstyle errors","messageBody":"","fileTypesAndContributionMap":{"functional-code":{"insertions":68,"deletions":54},"test-code":{"insertions":46,"deletions":22}}}]},{"date":"2024-10-10","commitResults":[{"hash":"ca6c42206f7efe1fc598cb53119fcfc1f614cf95","isMergeCommit":true,"messageTitle":"Merge pull request #83 from Timenikhil/change-person-to-student","messageBody":"Adapt Person to Student","fileTypesAndContributionMap":{}},{"hash":"f902951ec8740e1644b4f56e718aa5bd910c10b2","isMergeCommit":true,"messageTitle":"Merge pull request #85 from kimxw/ui/lesson-card","messageBody":"Add LessonCard and LessonListPael UI components","fileTypesAndContributionMap":{}}]},{"date":"2024-10-16","commitResults":[{"hash":"396856c466f435fae8c5b11aaa3a7ae81cda4076","isMergeCommit":true,"messageTitle":"Merge pull request #92 from nathanshew/test-lesson-creation","messageBody":"Create AddLessonCommandTest.java","fileTypesAndContributionMap":{}}]},{"date":"2024-10-17","commitResults":[{"hash":"e336a2227720ef4dbe8f01eb7edbe140a8381e1c","isMergeCommit":true,"messageTitle":"Merge pull request #93 from nathanshew/test-lesson-creation","messageBody":"Add checks for identical timings","fileTypesAndContributionMap":{}},{"hash":"7f800215a7cea1cf9f4496436f8b4b7099b7eb56","isMergeCommit":true,"messageTitle":"Merge pull request #103 from AY2425S1-CS2103T-W09-2/revert-97-update-AB3-to-edulog","messageBody":"Revert \"Update ab3 to edulog\"","tags":["MVP"],"fileTypesAndContributionMap":{}},{"hash":"211cbff399efafa112596c6aac67ba46eeff6cd4","isMergeCommit":true,"messageTitle":"Merge branch \u0027master\u0027 into ui/calendar-display","messageBody":"","fileTypesAndContributionMap":{}}]},{"date":"2024-10-18","commitResults":[{"hash":"1035eb185ea34a73c6cc9cf9305f687488be4677","isMergeCommit":true,"messageTitle":"Merge pull request #104 from Timenikhil/update-AB3-to-edulog","messageBody":"Update ab3 to edulog","fileTypesAndContributionMap":{}},{"hash":"6d6ca6665e6eacdb4dab4a8b52900377d893f3c6","isMergeCommit":false,"messageTitle":"Extract business logic from command parsing","messageBody":"Business logic when parsing has been moved into the Lesson class itself,\nso that the parser can tell, not ask the Lesson class to initialize it.\nThis change is also crucial for allowing lessons to be initialized from\nclasses, independent from the command itself.\n","fileTypesAndContributionMap":{"functional-code":{"insertions":124,"deletions":37}}},{"hash":"cd2b3ff42a07b357eb1c16d25a2f86786047ae7d","isMergeCommit":false,"messageTitle":"Include calendar into edulog storage","messageBody":"As part of Edulog, calendar data (list of lessons) should be stored\nalong with a list of students. This commit adds the calendar as a new\nfield to read and store values from.\n","fileTypesAndContributionMap":{"functional-code":{"insertions":109,"deletions":0}}},{"hash":"eaaab32f0da9b00136d87a7f86ae110094c99e20","isMergeCommit":false,"messageTitle":"Define JSON formatting for lessons in persistent storage","messageBody":"This commit creates a new class to convert lessons to JSON, and JSON to\nlessons - ensuring that any changes to the lessons in the calendar are\nnow persistent.\n","fileTypesAndContributionMap":{"functional-code":{"insertions":192,"deletions":120}}},{"hash":"d55f582dc7ad5f91a9119b43070b92feed187712","isMergeCommit":false,"messageTitle":"Fix checkstyle in main","messageBody":"","fileTypesAndContributionMap":{"functional-code":{"insertions":3,"deletions":4}}},{"hash":"fdc54b679a972e8814b9fce030063ed921589781","isMergeCommit":false,"messageTitle":"Fix existing non-storage tests","messageBody":"","fileTypesAndContributionMap":{"test-code":{"insertions":80,"deletions":58}}},{"hash":"099c53c191a5de226b7364b77199bbead69577c6","isMergeCommit":false,"messageTitle":"Update duplicate lesson test logic","messageBody":"","fileTypesAndContributionMap":{"functional-code":{"insertions":11,"deletions":0},"test-code":{"insertions":90,"deletions":16}}},{"hash":"51b23ff9ad82a7b63338fb48d3f5f2fc3b1bf4ef","isMergeCommit":false,"messageTitle":"Adapt json tests (part 1)","messageBody":"","fileTypesAndContributionMap":{"test-code":{"insertions":105,"deletions":0}}},{"hash":"965581aac417e5c68b3598f0ae7118ba4eb7d838","isMergeCommit":false,"messageTitle":"Pass test cases","messageBody":"","fileTypesAndContributionMap":{"functional-code":{"insertions":23,"deletions":0},"test-code":{"insertions":84,"deletions":50}}},{"hash":"619a207a2b68d9bbbbd0048704d173c37bc36cd1","isMergeCommit":false,"messageTitle":"Fix checkstyle","messageBody":"","fileTypesAndContributionMap":{"functional-code":{"insertions":1,"deletions":2}}},{"hash":"11dcb945d462839fff347beaa4c96944fd7757a0","isMergeCommit":true,"messageTitle":"Merge pull request #106 from Timenikhil/fix-build-gradle","messageBody":"Fix Configuration","tags":["Edulog_MVP"],"fileTypesAndContributionMap":{}}]},{"date":"2024-10-22","commitResults":[{"hash":"689f95f903bfcdf0e251b4ebc9b8d7034e3ba027","isMergeCommit":false,"messageTitle":"Improve encapsulation for description of lessons","messageBody":"","fileTypesAndContributionMap":{"functional-code":{"insertions":50,"deletions":11}}},{"hash":"b32dbc477f99a7d064267da29a27c65906415219","isMergeCommit":false,"messageTitle":"Update user guide description for existing unmark cmd","messageBody":"","fileTypesAndContributionMap":{"functional-code":{"insertions":28,"deletions":0},"docs":{"insertions":11,"deletions":0}}},{"hash":"eab1fc6a8be2afd653751aed0defec18c37c1b90","isMergeCommit":false,"messageTitle":"Update user guide for existing unmarkall cmd","messageBody":"","fileTypesAndContributionMap":{"docs":{"insertions":10,"deletions":0}}},{"hash":"31ad17a4d46b3461f4b512a540b5b5399912f982","isMergeCommit":false,"messageTitle":"Extract helpful isNumeric regex to commons","messageBody":"","fileTypesAndContributionMap":{"functional-code":{"insertions":29,"deletions":23},"docs":{"insertions":1,"deletions":1},"test-code":{"insertions":3,"deletions":2}}},{"hash":"ac5aee4ca786bdc2ae2a45f82ad6c294ae51bc82","isMergeCommit":false,"messageTitle":"Invalidate purely numeric names in Name.java","messageBody":"","fileTypesAndContributionMap":{"functional-code":{"insertions":2,"deletions":1}}},{"hash":"32293fc88b4b52b2685fca88151ec6d9a2f2e5c8","isMergeCommit":false,"messageTitle":"Add tests for preventing numeric student names","messageBody":"","fileTypesAndContributionMap":{"test-code":{"insertions":14,"deletions":6}}},{"hash":"6e43001e611eded9472428c7787204149e443956","isMergeCommit":false,"messageTitle":"Fix checkstyle issues","messageBody":"","fileTypesAndContributionMap":{"functional-code":{"insertions":4,"deletions":18},"test-code":{"insertions":15,"deletions":8}}},{"hash":"348369c84c006751c5eb64f33edc7a65afbdd71c","isMergeCommit":false,"messageTitle":"Move \u002712345\u0027 from valid to invalid name","messageBody":"","fileTypesAndContributionMap":{"test-code":{"insertions":1,"deletions":1}}},{"hash":"e3472413b29bdb53c927c962d15a50691fb6b0c4","isMergeCommit":false,"messageTitle":"Flip validity of \u002712345\u0027 name testcase","messageBody":"","fileTypesAndContributionMap":{"test-code":{"insertions":1,"deletions":1}}},{"hash":"e5aa2acdc2bc3a3ade1005eeca6992184e003584","isMergeCommit":false,"messageTitle":"Update user guide for mark cmd","messageBody":"","fileTypesAndContributionMap":{"docs":{"insertions":11,"deletions":0}}},{"hash":"c895ebeb36b89315add72e3a1a6c0c5c88b3e797","isMergeCommit":false,"messageTitle":"Remove irrelevant references to mark student","messageBody":"","fileTypesAndContributionMap":{"functional-code":{"insertions":0,"deletions":17}}},{"hash":"4645f2ea60457a67e9c8facd3c3a184738dba08f","isMergeCommit":true,"messageTitle":"Merge branch \u0027branch-no-numeric-students\u0027 into branch-mark-attendance","messageBody":"","fileTypesAndContributionMap":{}},{"hash":"3b7a2febe5ddf0dca1f7f2471fb41d51c7f3c042","isMergeCommit":false,"messageTitle":"Add tests for new numeric parser","messageBody":"","fileTypesAndContributionMap":{"test-code":{"insertions":57,"deletions":0}}},{"hash":"d1aca92afcfdea2da637d9439064642ec6e0b138","isMergeCommit":false,"messageTitle":"Remove old parser util tests for numeric","messageBody":"","fileTypesAndContributionMap":{"test-code":{"insertions":0,"deletions":15}}},{"hash":"585dca787cf826d739f81d906089c98cc09758ca","isMergeCommit":true,"messageTitle":"Merge branch \u0027branch-no-numeric-students\u0027 into branch-mark-attendance","messageBody":"","fileTypesAndContributionMap":{}},{"hash":"a9e4256c446b428e70674af1b0fed6bf385d8192","isMergeCommit":true,"messageTitle":"Merge branch \u0027AY2425S1-CS2103T-W09-2:master\u0027 into branch-mark-attendance","messageBody":"","fileTypesAndContributionMap":{}},{"hash":"c465fbbdbd65e81fb99540c21fd83b0f02d1bd7e","isMergeCommit":false,"messageTitle":"Add commands for mark index or name","messageBody":"","fileTypesAndContributionMap":{"functional-code":{"insertions":179,"deletions":1}}},{"hash":"9049f392afb406155e5935de84fadf505bd12544","isMergeCommit":false,"messageTitle":"Fix docs and implementation for mark and unmark cmds","messageBody":"","fileTypesAndContributionMap":{"functional-code":{"insertions":8,"deletions":8}}},{"hash":"08af46a0e1eedf9340be586b638a172bfe697238","isMergeCommit":false,"messageTitle":"Declare parser for mark command","messageBody":"","fileTypesAndContributionMap":{"functional-code":{"insertions":46,"deletions":5}}},{"hash":"1efb6194d25ceecc7cb7a7aa502c14a183a4a163","isMergeCommit":false,"messageTitle":"Update model stub","messageBody":"","fileTypesAndContributionMap":{"functional-code":{"insertions":19,"deletions":1},"test-code":{"insertions":5,"deletions":6}}}]},{"date":"2024-10-23","commitResults":[{"hash":"fb646e7e055aa6d92dbf0445d2797de9880d175f","isMergeCommit":false,"messageTitle":"Add test cases for mark index or mark name","messageBody":"","fileTypesAndContributionMap":{"test-code":{"insertions":224,"deletions":0}}},{"hash":"3dcc88ef17fe9486b865921405b20e34600a7ee6","isMergeCommit":false,"messageTitle":"Fix test checkstyle","messageBody":"","fileTypesAndContributionMap":{"test-code":{"insertions":2,"deletions":0}}},{"hash":"653a4a1fffa3e7460a581ce8213fcd7fe60a5c2e","isMergeCommit":false,"messageTitle":"Add test for mark command parser","messageBody":"","fileTypesAndContributionMap":{"test-code":{"insertions":41,"deletions":0}}},{"hash":"959c06fcd1faa20b4915d334e366af879c4a2df6","isMergeCommit":false,"messageTitle":"Remove misleading test class headers","messageBody":"","fileTypesAndContributionMap":{"test-code":{"insertions":0,"deletions":14}}}]},{"date":"2024-10-25","commitResults":[{"hash":"8ba8fa251be1be893143d639b7dcf1e09e16e910","isMergeCommit":false,"messageTitle":"Update UML for storage","messageBody":"","fileTypesAndContributionMap":{"docs":{"insertions":6,"deletions":0}}},{"hash":"74ec551ab78fe4dafcfbb91d1ba52425e5e64579","isMergeCommit":true,"messageTitle":"Merge branch \u0027master\u0027 into branch-update-uml","messageBody":"","fileTypesAndContributionMap":{}},{"hash":"6909650b404775caa53dfc7fa9f65a80dbdf8974","isMergeCommit":true,"messageTitle":"Merge pull request #150 from josh1248/branch-update-uml","messageBody":"Update UML for storage classes","fileTypesAndContributionMap":{}}]},{"date":"2024-10-26","commitResults":[{"hash":"a62b66946ab7408566fc4d43b1558eea238a0ca9","isMergeCommit":true,"messageTitle":"Merge branch \u0027AY2425S1-CS2103T-W09-2:master\u0027 into branch-OOPize-lesson","messageBody":"","fileTypesAndContributionMap":{}},{"hash":"5c2d1253cb40d197f62bc89f6cc0aa28faf4a014","isMergeCommit":false,"messageTitle":"Encapsulate all description-related functionality","messageBody":"","fileTypesAndContributionMap":{"functional-code":{"insertions":33,"deletions":41}}},{"hash":"8c189c717cb235562cfe51a137bce963e48c0a20","isMergeCommit":false,"messageTitle":"Override equals, toString for Description","messageBody":"","fileTypesAndContributionMap":{"functional-code":{"insertions":33,"deletions":4},"other":{"insertions":2,"deletions":2},"test-code":{"insertions":2,"deletions":1}}},{"hash":"ab06a1cdc053e469d6b52e208f4912db2ce36f0c","isMergeCommit":false,"messageTitle":"Encapsulate and abstract lesson times","messageBody":"","fileTypesAndContributionMap":{"functional-code":{"insertions":149,"deletions":74}}}]},{"date":"2024-11-01","commitResults":[{"hash":"75a678bbf18647f36736cfba9a83db8616de7445","isMergeCommit":true,"messageTitle":"Merge branch \u0027AY2425S1-CS2103T-W09-2:master\u0027 into branch-OOPize-lesson","messageBody":"","fileTypesAndContributionMap":{}},{"hash":"e79188f78a007e06443d157dd478f3f2229d0888","isMergeCommit":false,"messageTitle":"Encapsulate functionality for start day of Lesson","messageBody":"","fileTypesAndContributionMap":{"functional-code":{"insertions":141,"deletions":58}}},{"hash":"3cb74c3a3a696aa1aa7adf2b2629f58d9eff052e","isMergeCommit":false,"messageTitle":"Update command for addition of OOP-ized lessons","messageBody":"","fileTypesAndContributionMap":{"functional-code":{"insertions":41,"deletions":28}}},{"hash":"4e82e5685fd84d1428457855ac0570b99433df13","isMergeCommit":false,"messageTitle":"Update UG","messageBody":"","fileTypesAndContributionMap":{"docs":{"insertions":8,"deletions":1}}},{"hash":"b3faaa8bdaa292120cb9ada8b37ead05308fa463","isMergeCommit":false,"messageTitle":"Encapsulate individual times to reflect UI presentation","messageBody":"","fileTypesAndContributionMap":{"functional-code":{"insertions":75,"deletions":75}}},{"hash":"7edf8a8d16416ff6a6a838229dcbe5dae9b3630b","isMergeCommit":false,"messageTitle":"Update parsers for OOP-ized lessons","messageBody":"","fileTypesAndContributionMap":{"functional-code":{"insertions":5,"deletions":3}}},{"hash":"d735acce38013a89335452859ca7d57c15f8d88b","isMergeCommit":false,"messageTitle":"Update json adapted lesson","messageBody":"","fileTypesAndContributionMap":{"functional-code":{"insertions":25,"deletions":19}}},{"hash":"a3782b0675bf35224714e3d6792ffed1738c514b","isMergeCommit":false,"messageTitle":"Encapsulate json adapted lesson time logic","messageBody":"","fileTypesAndContributionMap":{"functional-code":{"insertions":44,"deletions":25}}},{"hash":"ca857cb66c0d3b239dd6ae088e45a29418ab19bd","isMergeCommit":false,"messageTitle":"Update sample lessons","messageBody":"","fileTypesAndContributionMap":{"functional-code":{"insertions":9,"deletions":6}}},{"hash":"6052217ed86fba2ccfa9ab38e2f6d397cbcec209","isMergeCommit":false,"messageTitle":"Check JSON validation","messageBody":"","fileTypesAndContributionMap":{"functional-code":{"insertions":0,"deletions":1}}},{"hash":"f50c8d2a5ce50664c5ad9123881f0b4f00423b90","isMergeCommit":false,"messageTitle":"Bugfix Description argument checking","messageBody":"","fileTypesAndContributionMap":{"functional-code":{"insertions":3,"deletions":3}}},{"hash":"f261488410d9825224e17a4863c19a89b2c3d7d9","isMergeCommit":false,"messageTitle":"Fix checkstyle for functional code","messageBody":"","fileTypesAndContributionMap":{"functional-code":{"insertions":17,"deletions":20}}},{"hash":"dfbbfe5aa4e8384c3e02d4fe115fbabd24d32629","isMergeCommit":false,"messageTitle":"Update lesson builder in testing code","messageBody":"","fileTypesAndContributionMap":{"functional-code":{"insertions":6,"deletions":6},"test-code":{"insertions":24,"deletions":21}}},{"hash":"2d1717248e7bf90b545ca602f42dbaca83d3bee3","isMergeCommit":false,"messageTitle":"Fix lesson overlap detection method","messageBody":"Currently, the overlap detection code fails at the \"boundaries\" where\nlessons span over 2 days, example Sunday 2300 - Monday 0100. This code\nadds new utility functions and encpsulates the new methods to detect\noverlaps under the Lesson class for use.\n","fileTypesAndContributionMap":{"functional-code":{"insertions":65,"deletions":10}}},{"hash":"1046682d3af0e17bbfa0a571b16081de5b31e590","isMergeCommit":false,"messageTitle":"Add timing overlap checks in lesson initialization","messageBody":"","fileTypesAndContributionMap":{"functional-code":{"insertions":21,"deletions":3}}},{"hash":"ef1b661959b2bf5ad39c4a0caff9817498848f97","isMergeCommit":false,"messageTitle":"Update typical lessons test util","messageBody":"","fileTypesAndContributionMap":{"functional-code":{"insertions":0,"deletions":1},"test-code":{"insertions":14,"deletions":14}}},{"hash":"e76ccb0f586529d2ddd589a0ff16ed46ee25fcff","isMergeCommit":false,"messageTitle":"Update storage tests for lessons","messageBody":"","fileTypesAndContributionMap":{"test-code":{"insertions":57,"deletions":45}}},{"hash":"5d6ebb1597bb16063db71e401ee1b3e4ca4f0981","isMergeCommit":false,"messageTitle":"Fix failing tests","messageBody":"","fileTypesAndContributionMap":{"functional-code":{"insertions":8,"deletions":8},"test-code":{"insertions":2,"deletions":15}}},{"hash":"6e613dfd170c6ae3e86943787cb403d877d56a40","isMergeCommit":false,"messageTitle":"Add unit tests for Lesson as a whole","messageBody":"","fileTypesAndContributionMap":{"functional-code":{"insertions":1,"deletions":1},"test-code":{"insertions":102,"deletions":0}}},{"hash":"1ca2ccfed7211fba28e79ea7100d27c934e0a375","isMergeCommit":false,"messageTitle":"Write tests for Description of Lesson","messageBody":"","fileTypesAndContributionMap":{"test-code":{"insertions":92,"deletions":4}}}]},{"date":"2024-11-02","commitResults":[{"hash":"33d9e6afc9527fc23d0a5f21facac8f81911c683","isMergeCommit":false,"messageTitle":"Add lesson command parser tests","messageBody":"","fileTypesAndContributionMap":{"test-code":{"insertions":217,"deletions":0}}},{"hash":"4cf60d66f941ed785ea1899bf487fe613f073877","isMergeCommit":false,"messageTitle":"Add tests for day","messageBody":"","fileTypesAndContributionMap":{"functional-code":{"insertions":0,"deletions":7},"test-code":{"insertions":100,"deletions":1}}},{"hash":"072b46119091a9eec69b782c81be534baada54d5","isMergeCommit":false,"messageTitle":"Add tests for LessonTime","messageBody":"","fileTypesAndContributionMap":{"functional-code":{"insertions":6,"deletions":0},"test-code":{"insertions":166,"deletions":3}}},{"hash":"9bc6fdf9da85db9c4017da4c022a24dfbded2c02","isMergeCommit":true,"messageTitle":"Merge branch \u0027master\u0027 into branch-OOPize-lesson","messageBody":"","fileTypesAndContributionMap":{}},{"hash":"5a88a7b324067e99d39c60a888d9e5bb05284ebc","isMergeCommit":true,"messageTitle":"Merge pull request #113 from josh1248/branch-OOPize-lesson","messageBody":"OOP-ize lesson","fileTypesAndContributionMap":{}}]}],"Timenikhil":[{"date":"2024-09-24","commitResults":[{"hash":"4e50fd7f4c244ac8ce6115ac3c23c922f8365ac6","isMergeCommit":false,"messageTitle":"Update README.md","messageBody":"","fileTypesAndContributionMap":{"docs":{"insertions":0,"deletions":2}}}]},{"date":"2024-09-26","commitResults":[{"hash":"fee343ea771846df65227903ab9bf7b5c91806ec","isMergeCommit":false,"messageTitle":"Follow tutorial steps to add remark to AB3","messageBody":"","fileTypesAndContributionMap":{"functional-code":{"insertions":109,"deletions":9},"test-code":{"insertions":106,"deletions":8}}},{"hash":"d4491ca153731056d424069b922832b8bb2e5b37","isMergeCommit":false,"messageTitle":"Add Remark Command to Person","messageBody":"","fileTypesAndContributionMap":{"functional-code":{"insertions":68,"deletions":33},"test-code":{"insertions":14,"deletions":6}}},{"hash":"dd3c3a08b57e1153a16004306f881d81e6702fc5","isMergeCommit":false,"messageTitle":"Fix Remark storage","messageBody":"","fileTypesAndContributionMap":{"functional-code":{"insertions":10,"deletions":2},"test-code":{"insertions":17,"deletions":12}}},{"hash":"8e3954de803a13967e1392fca33194c84ced8240","isMergeCommit":false,"messageTitle":"Add Tests for Remark","messageBody":"","fileTypesAndContributionMap":{"functional-code":{"insertions":33,"deletions":5},"test-code":{"insertions":67,"deletions":16}}},{"hash":"ad4e12c5f3bbf15fde71d67c33bee40aeb061625","isMergeCommit":false,"messageTitle":"Fix tests for Remark","messageBody":"The tutorial was wrong.\n","fileTypesAndContributionMap":{"test-code":{"insertions":7,"deletions":7}}}]},{"date":"2024-09-30","commitResults":[{"hash":"0950dee13a93ccb5f3548a7763b40d1a4b49d5d5","isMergeCommit":true,"messageTitle":"Merge pull request #1 from Timenikhil/master","messageBody":"Merge tutorial work to correct branch","fileTypesAndContributionMap":{}},{"hash":"aa60ef290e5b603dfef412aa3a832628345aa34b","isMergeCommit":false,"messageTitle":"Revert \"Merge tutorial work to correct branch\"","messageBody":"","fileTypesAndContributionMap":{"functional-code":{"insertions":40,"deletions":211},"test-code":{"insertions":25,"deletions":187}}},{"hash":"74e0ebb25841cf5753872c356431fd560a08edbb","isMergeCommit":true,"messageTitle":"Merge pull request #2 from Timenikhil/revert-1-master","messageBody":"Revert \"Merge tutorial work to correct branch\"","fileTypesAndContributionMap":{}},{"hash":"f5700405ccf71fcbee1138456330e4f09b4a6be8","isMergeCommit":false,"messageTitle":"Switch docs to cayman","messageBody":"","fileTypesAndContributionMap":{"other":{"insertions":3,"deletions":0}}},{"hash":"7e90f376054447e5883c1f0189ad0ffc12a0532d","isMergeCommit":true,"messageTitle":"Merge pull request #3 from Timenikhil/tutorial-adding-command","messageBody":"Revert Tutorial adding command","fileTypesAndContributionMap":{}},{"hash":"4a2fe3a31c05d53af16f02680d43babadf0f2522","isMergeCommit":true,"messageTitle":"Merge branch \u0027master\u0027 into tutorial-adding-command","messageBody":"","fileTypesAndContributionMap":{}},{"hash":"78dbce2888e3bcf89baa8eac7cf787a80c63df61","isMergeCommit":false,"messageTitle":"update about us","messageBody":"","fileTypesAndContributionMap":{"docs":{"insertions":6,"deletions":6}}},{"hash":"8fd3b990e82f7dbf9b832a38336b188605fec774","isMergeCommit":false,"messageTitle":"follow naming conventions","messageBody":"","fileTypesAndContributionMap":{"docs":{"insertions":2,"deletions":2}}},{"hash":"73255fce070bc806f7dfbfbb9352b6dcb8864131","isMergeCommit":false,"messageTitle":"Switch theme from minima to Cayman","messageBody":"","fileTypesAndContributionMap":{"other":{"insertions":0,"deletions":1}}}]},{"date":"2024-10-02","commitResults":[{"hash":"55cd0e05557e19ae8e0ed184ce5dd4ca229cd855","isMergeCommit":true,"messageTitle":"Merge branch \u0027master\u0027 into switch-to-cayman","messageBody":"","fileTypesAndContributionMap":{}},{"hash":"8182dc7f9050c8a9d875c2af407953549e24e4ad","isMergeCommit":true,"messageTitle":"Merge branch \u0027master\u0027 into update-about-us","messageBody":"","fileTypesAndContributionMap":{}},{"hash":"3060ad1763f57e3e6c1093db3912661afabc4ace","isMergeCommit":true,"messageTitle":"Merge pull request #23 from kimxw/update-about-us","messageBody":"Update kimxw.md and AboutUs.md","fileTypesAndContributionMap":{}},{"hash":"a87a6fe81fb4deb9b5134036270b6da6f4010a9d","isMergeCommit":false,"messageTitle":"Update AboutUs.md to fix portfolio link naming","messageBody":"","fileTypesAndContributionMap":{"docs":{"insertions":2,"deletions":2}}},{"hash":"51c9c4af0a1e78fcfe259c988286efecc9788ad0","isMergeCommit":false,"messageTitle":"Create timenikhil.md","messageBody":"","fileTypesAndContributionMap":{"docs":{"insertions":46,"deletions":0}}},{"hash":"c0677f0c39e2816a58b2498db939845e5728e2c3","isMergeCommit":true,"messageTitle":"Merge branch \u0027AY2425S1-CS2103T-W09-2:master\u0027 into update-aboutus","messageBody":"","fileTypesAndContributionMap":{}},{"hash":"9db1ea8e9ed01e141b70650c30e06d9ee6b2fcf6","isMergeCommit":false,"messageTitle":"Update _config.yml to change name to EduLog","messageBody":"","fileTypesAndContributionMap":{"other":{"insertions":2,"deletions":9}}},{"hash":"5e34e83aae46332d81ee8d3bd7ea87cc19ce6223","isMergeCommit":false,"messageTitle":"Add github icon","messageBody":"","fileTypesAndContributionMap":{"other":{"insertions":6,"deletions":0}}},{"hash":"6c5aade9db20aba42845e4ddb68e9606d9bbcaa7","isMergeCommit":false,"messageTitle":"Remove whitespace","messageBody":"","fileTypesAndContributionMap":{"other":{"insertions":1,"deletions":1}}}]},{"date":"2024-10-03","commitResults":[{"hash":"0460919205402ad001542142dafb691c5a13d26d","isMergeCommit":false,"messageTitle":"Update README.md to fix CI badge","messageBody":"","fileTypesAndContributionMap":{"docs":{"insertions":1,"deletions":1}}},{"hash":"16890bd6452df9d277a81ef7de16f529632fce84","isMergeCommit":false,"messageTitle":"Update README.md to acknowledge AB3","messageBody":"","fileTypesAndContributionMap":{"docs":{"insertions":3,"deletions":0}}},{"hash":"dbd51b4f86608580d851741eef52c7bbfa01130a","isMergeCommit":true,"messageTitle":"Merge branch \u0027master\u0027 into change-josh-image-name","messageBody":"","fileTypesAndContributionMap":{}},{"hash":"c9c906cec5952ca76650c2db6b79f01fe235e32c","isMergeCommit":true,"messageTitle":"Merge branch \u0027master\u0027 into master","messageBody":"","fileTypesAndContributionMap":{}},{"hash":"e56c0cdfbe6431f994cb3fb3968658636df47089","isMergeCommit":true,"messageTitle":"Merge pull request #55 from kimxw/master","messageBody":"Update role for kimxw","fileTypesAndContributionMap":{}},{"hash":"51d98be48d5680cf4f9486dc7c403832fd38f538","isMergeCommit":true,"messageTitle":"Merge branch \u0027master\u0027 into change-josh-image-name","messageBody":"","fileTypesAndContributionMap":{}},{"hash":"4db44865189f95339208cfed6e5f885e55eb65c4","isMergeCommit":true,"messageTitle":"Merge branch \u0027master\u0027 into acknowledge-se-ab3","messageBody":"","fileTypesAndContributionMap":{}},{"hash":"d85e61ae0f913457e87fe29cc598cca25c5de90d","isMergeCommit":true,"messageTitle":"Merge branch \u0027master\u0027 into a3-update-ci-build-badge","messageBody":"","fileTypesAndContributionMap":{}}]},{"date":"2024-10-05","commitResults":[{"hash":"5ef653527bfbadd3e01d3fa2c2a8d1028e91431d","isMergeCommit":false,"messageTitle":"Update DeveloperGuide.md with student use cases","messageBody":"","fileTypesAndContributionMap":{"docs":{"insertions":39,"deletions":16}}}]},{"date":"2024-10-06","commitResults":[{"hash":"8be2aaea85d6fd040408ea0076c5632db7ce9e35","isMergeCommit":true,"messageTitle":"Merge pull request #66 from josh1248/edit-product-scope","messageBody":"Change DG Product Scope format","fileTypesAndContributionMap":{}},{"hash":"4b12c84fd94dd3c4b21560f21aa72f547ae36297","isMergeCommit":true,"messageTitle":"Merge branch \u0027master\u0027 into fix-aboutme","messageBody":"","fileTypesAndContributionMap":{}}]},{"date":"2024-10-10","commitResults":[{"hash":"dff8ca483f4c615bcadfb6cbb09640bef1c21803","isMergeCommit":false,"messageTitle":"Change all references of Person to Student","messageBody":"","fileTypesAndContributionMap":{"functional-code":{"insertions":447,"deletions":447},"other":{"insertions":197,"deletions":197},"docs":{"insertions":70,"deletions":70},"test-code":{"insertions":728,"deletions":724}}}]},{"date":"2024-10-17","commitResults":[{"hash":"e2c920a04ec4a22b3b1122647804dfc3dc3847f4","isMergeCommit":false,"messageTitle":"Rename address book to edulog","messageBody":"","fileTypesAndContributionMap":{"functional-code":{"insertions":236,"deletions":235},"other":{"insertions":1036,"deletions":1036},"docs":{"insertions":94,"deletions":94},"test-code":{"insertions":335,"deletions":335}}},{"hash":"832362465b9cb3f7dd3a6cea40fd821374eea60c","isMergeCommit":false,"messageTitle":"Update User guide and Developer guide","messageBody":"","fileTypesAndContributionMap":{"docs":{"insertions":28,"deletions":28}}},{"hash":"a4c1b2f02fcbec44d495dda182874e4b3ef4e9f8","isMergeCommit":false,"messageTitle":"Update User guide to have ab3 new jar link.","messageBody":"","fileTypesAndContributionMap":{"docs":{"insertions":1,"deletions":1}}},{"hash":"4943a82c9f500d0dafbc7c65ad8729c80852f2d9","isMergeCommit":false,"messageTitle":"Update DevelopGuide to remove ab3 traces","messageBody":"","fileTypesAndContributionMap":{"docs":{"insertions":16,"deletions":16}}},{"hash":"a443119f764aa0984e13de3ef75822ba52737609","isMergeCommit":false,"messageTitle":"Update UserGuide to remove ab3 traces","messageBody":"","fileTypesAndContributionMap":{"docs":{"insertions":1,"deletions":1}}},{"hash":"85cbf5d54451facc12159435e58d358b1a42bc0d","isMergeCommit":false,"messageTitle":"Bring back student data.","messageBody":"","fileTypesAndContributionMap":{"functional-code":{"insertions":1,"deletions":1}}},{"hash":"387d58b4803ef6d5f9a47f451f7f436c0e4c0bee","isMergeCommit":false,"messageTitle":"Bring back student data","messageBody":"","fileTypesAndContributionMap":{"functional-code":{"insertions":1,"deletions":1}}},{"hash":"1126dba933b77a44372b1004bff6d81e30b14a4d","isMergeCommit":false,"messageTitle":"Revert \"Update ab3 to edulog\"","messageBody":"","fileTypesAndContributionMap":{"functional-code":{"insertions":236,"deletions":237},"other":{"insertions":1036,"deletions":1036},"docs":{"insertions":125,"deletions":125},"test-code":{"insertions":335,"deletions":335}}}]},{"date":"2024-10-18","commitResults":[{"hash":"a7c2dff763d975cedffaeec0edc7c50fc7993f89","isMergeCommit":true,"messageTitle":"Merge pull request #102 from kimxw/ui/calendar-display","messageBody":"UI/calendar display","fileTypesAndContributionMap":{}},{"hash":"b50f53a2a2c92705078b5d2e2fd112fe7ceb2da1","isMergeCommit":true,"messageTitle":"Merge pull request #4 from Timenikhil/master","messageBody":"Revert PR to handle merge conflicts","fileTypesAndContributionMap":{}},{"hash":"975fa954d6c372db361b8b8f638c4041cc77a122","isMergeCommit":false,"messageTitle":"Revert \"Revert PR to handle merge conflicts\"","messageBody":"","fileTypesAndContributionMap":{"functional-code":{"insertions":249,"deletions":306},"other":{"insertions":1038,"deletions":1101},"docs":{"insertions":125,"deletions":125},"test-code":{"insertions":377,"deletions":534}}},{"hash":"370022fc3108b2f821b8457638c95e8a3f8b0672","isMergeCommit":true,"messageTitle":"Merge pull request #5 from Timenikhil/revert-4-master","messageBody":"Revert \"Revert PR to handle merge conflicts\"","fileTypesAndContributionMap":{}},{"hash":"4b5b93e0107eba46c10b2ce1cf48469fdb6ae72e","isMergeCommit":false,"messageTitle":"Revert \"Revert \"Revert PR to handle merge conflicts\"\"","messageBody":"","fileTypesAndContributionMap":{"functional-code":{"insertions":306,"deletions":249},"other":{"insertions":1101,"deletions":1038},"docs":{"insertions":125,"deletions":125},"test-code":{"insertions":534,"deletions":377}}},{"hash":"ee07a9959a0eeb9d478d84db10b848076700619c","isMergeCommit":true,"messageTitle":"Merge pull request #6 from Timenikhil/revert-5-revert-4-master","messageBody":"Revert \"Revert \"Revert PR to handle merge conflicts\"\"","fileTypesAndContributionMap":{}},{"hash":"cebd2ba3b3464b3153138fbafbf5b7b1209626f1","isMergeCommit":false,"messageTitle":"Replace Docs","messageBody":"","fileTypesAndContributionMap":{"other":{"insertions":1,"deletions":1},"docs":{"insertions":125,"deletions":125}}},{"hash":"0c8590e2ffdfb7bc43c1b590329fd1fe06c95c59","isMergeCommit":false,"messageTitle":"Replace src","messageBody":"","fileTypesAndContributionMap":{"functional-code":{"insertions":386,"deletions":335},"other":{"insertions":1080,"deletions":1111},"test-code":{"insertions":549,"deletions":566}}},{"hash":"cde312bdd5dded6f0d3b16073ca9189e11731b5a","isMergeCommit":false,"messageTitle":"Fix half of new commits","messageBody":"","fileTypesAndContributionMap":{"functional-code":{"insertions":66,"deletions":24}}},{"hash":"2735979b909c40c5d808d96ccf0cf4e3d6bece0f","isMergeCommit":false,"messageTitle":"Copy over image assets","messageBody":"","fileTypesAndContributionMap":{"functional-code":{"insertions":49,"deletions":15},"test-code":{"insertions":0,"deletions":42}}},{"hash":"5cefbd3aa6efa692c0f3dd9bebb4b7d9c9e0a44b","isMergeCommit":false,"messageTitle":"Copy over tests to finish merge","messageBody":"","fileTypesAndContributionMap":{"test-code":{"insertions":215,"deletions":3}}},{"hash":"b5632b5d92605a9b822141fad74350226c16abe0","isMergeCommit":false,"messageTitle":"Fix merge conflicts","messageBody":"","fileTypesAndContributionMap":{"functional-code":{"insertions":39,"deletions":7},"test-code":{"insertions":5,"deletions":5}}},{"hash":"63e263c3941d5dcb95492ddbad79d6e5e3c054b2","isMergeCommit":false,"messageTitle":"Fix markdown whitespace","messageBody":"","fileTypesAndContributionMap":{"functional-code":{"insertions":2,"deletions":2},"docs":{"insertions":36,"deletions":36}}},{"hash":"0cd1caefdcd7025d36d4a480334784badb07104e","isMergeCommit":false,"messageTitle":"Fix app name","messageBody":"","fileTypesAndContributionMap":{"functional-code":{"insertions":1,"deletions":1}}},{"hash":"c361b6f9e940683c321f145223f52f5781c9b766","isMergeCommit":false,"messageTitle":"fix build.gradle","messageBody":"","fileTypesAndContributionMap":{"other":{"insertions":1,"deletions":1}}},{"hash":"3da44acd606d90a941498a6db4ad44e1404dedbe","isMergeCommit":true,"messageTitle":"Merge pull request #105 from josh1248/persistent-calendar-storage-2","messageBody":"Make calendar storage persistent","fileTypesAndContributionMap":{}},{"hash":"2bb3a27d0af14dff67910514725d14578799028a","isMergeCommit":false,"messageTitle":"fix mainClassName in build.gradle","messageBody":"","fileTypesAndContributionMap":{"other":{"insertions":1,"deletions":1}}},{"hash":"35bfae29016ab7712525dfdf20bba2b64e535e3b","isMergeCommit":false,"messageTitle":"fix JSON errors","messageBody":"","fileTypesAndContributionMap":{"functional-code":{"insertions":1,"deletions":1}}}]},{"date":"2024-10-21","commitResults":[{"hash":"1b47761e09fa56b922d5bc916c29bbc73685cbbe","isMergeCommit":false,"messageTitle":"create unmark command","messageBody":"","fileTypesAndContributionMap":{"functional-code":{"insertions":63,"deletions":0}}},{"hash":"40b62aa6474c6fa723dc1a6cf17579aa40b13ac8","isMergeCommit":true,"messageTitle":"Merge branch \u0027master\u0027 into unmark-command","messageBody":"","fileTypesAndContributionMap":{}},{"hash":"5960e287e9f9d08b1d530f1864f2aeaa1fb33bd0","isMergeCommit":false,"messageTitle":"fix command order","messageBody":"","fileTypesAndContributionMap":{"functional-code":{"insertions":5,"deletions":7}}},{"hash":"e16ba235e175eec76911963a2051a98e648ee38d","isMergeCommit":false,"messageTitle":"fix command order for calendar commands","messageBody":"","fileTypesAndContributionMap":{"functional-code":{"insertions":6,"deletions":6}}},{"hash":"161e1b03bfd3f7a016ac6b747e27bba95e8af5a1","isMergeCommit":false,"messageTitle":"remove redundant declarations in delete sub commands","messageBody":"","fileTypesAndContributionMap":{"functional-code":{"insertions":186,"deletions":50}}},{"hash":"cb2636bd03256ccdf8558cc94a7bf96f960822ed","isMergeCommit":false,"messageTitle":"update model to unmark student","messageBody":"","fileTypesAndContributionMap":{"functional-code":{"insertions":20,"deletions":15}}},{"hash":"303e4a7261524e618b66f45523df3de65a0ea889","isMergeCommit":false,"messageTitle":"update person to have attendance flag","messageBody":"","fileTypesAndContributionMap":{"functional-code":{"insertions":40,"deletions":2}}},{"hash":"8227327d37cbcc70ae35705259973d6514ffc341","isMergeCommit":false,"messageTitle":"fix checkstyle errors made by IDE","messageBody":"","fileTypesAndContributionMap":{"functional-code":{"insertions":2,"deletions":0}}},{"hash":"9fda7863078bf953b3bb441caea55d82930f91ae","isMergeCommit":false,"messageTitle":"fix test errors","messageBody":"","fileTypesAndContributionMap":{"test-code":{"insertions":11,"deletions":0}}},{"hash":"33f240ee0c6e3224038f4706499055fc576e9b04","isMergeCommit":false,"messageTitle":"add tests for unmark command","messageBody":"","fileTypesAndContributionMap":{"other":{"insertions":1,"deletions":1},"test-code":{"insertions":159,"deletions":0}}},{"hash":"4c4e41f7a953a958834d1f851b5acb9daa5b87c3","isMergeCommit":false,"messageTitle":"Add tests for unmark command","messageBody":"","fileTypesAndContributionMap":{"test-code":{"insertions":6,"deletions":3}}},{"hash":"314cf8c65376108d7c7a4b2992b500ce1f3c2eb0","isMergeCommit":false,"messageTitle":"Update tests for unmark command and student","messageBody":"","fileTypesAndContributionMap":{"functional-code":{"insertions":10,"deletions":0},"test-code":{"insertions":47,"deletions":31}}},{"hash":"48d7fa6ba7df0acd835171d4a25a4ea61912fdea","isMergeCommit":false,"messageTitle":"Update tests for unmarkName command","messageBody":"","fileTypesAndContributionMap":{"functional-code":{"insertions":3,"deletions":2},"test-code":{"insertions":1,"deletions":0}}},{"hash":"bca88084539a1687faf3b55143daba7f13b185fc","isMergeCommit":false,"messageTitle":"Update tests for unmarkIndex","messageBody":"","fileTypesAndContributionMap":{"test-code":{"insertions":28,"deletions":28}}},{"hash":"ac260640b5aafa19c1f4ad6654b70d8bed36d6a3","isMergeCommit":false,"messageTitle":"Remove unused methods","messageBody":"","fileTypesAndContributionMap":{"test-code":{"insertions":0,"deletions":18}}},{"hash":"4f3f1f00cbe69e9d300c236e8f61ff51045af653","isMergeCommit":true,"messageTitle":"Merge pull request #111 from obrona/add-unmarkall","messageBody":"Add unmarkall command","fileTypesAndContributionMap":{}}]},{"date":"2024-10-22","commitResults":[{"hash":"ba4dc5c311d6d86578ec864baa55bbd0a12c052d","isMergeCommit":true,"messageTitle":"Merge branch \u0027master\u0027 into branch-OOPize-lesson","messageBody":"","fileTypesAndContributionMap":{}}]},{"date":"2024-10-23","commitResults":[{"hash":"961cf8bab810201461a01e5d19085741b4dd6e2d","isMergeCommit":false,"messageTitle":"Migrate docs to markbind","messageBody":"","fileTypesAndContributionMap":{"other":{"insertions":25,"deletions":0}}},{"hash":"a0936a758187b70ad3519a9fa75ac332b9b85b07","isMergeCommit":false,"messageTitle":"add css to markbind","messageBody":"","fileTypesAndContributionMap":{"other":{"insertions":170,"deletions":0}}},{"hash":"a5c522a327a0de74e93aae74cdddeb9f9a7771c8","isMergeCommit":false,"messageTitle":"update team pages for markbind","messageBody":"","fileTypesAndContributionMap":{"docs":{"insertions":5,"deletions":5}}},{"hash":"543bfd23ea882be87f3a0e08cf71deff6e7a93b8","isMergeCommit":true,"messageTitle":"Merge branch \u0027master\u0027 into switch-docs-markbind","messageBody":"","fileTypesAndContributionMap":{}},{"hash":"afc73989dfd511f80dc3f11cf7421ab107e17eff","isMergeCommit":true,"messageTitle":"Merge remote-tracking branch \u0027origin/switch-docs-markbind\u0027 into switch-docs-markbind","messageBody":"","fileTypesAndContributionMap":{}},{"hash":"114e33e3c4a203d253ae69ca6dc9be6bddff6f70","isMergeCommit":false,"messageTitle":"remove jekyll assets and update indentation","messageBody":"","fileTypesAndContributionMap":{"other":{"insertions":0,"deletions":23},"docs":{"insertions":4,"deletions":2}}},{"hash":"bf17deff1db719866693a6ef3c05bac1f9ed46d4","isMergeCommit":false,"messageTitle":"modify files to adapt for markdown","messageBody":"","fileTypesAndContributionMap":{"other":{"insertions":1,"deletions":1},"docs":{"insertions":123,"deletions":41}}},{"hash":"fcc105f3f8ef89df72a0f7f5075f84c1e0d07580","isMergeCommit":false,"messageTitle":"add npm packages","messageBody":"","fileTypesAndContributionMap":{"docs":{"insertions":4,"deletions":2}}},{"hash":"6fd1bceb0b78b79085c2d87b48cf1c02346296b1","isMergeCommit":false,"messageTitle":"Update User Guide","messageBody":"","fileTypesAndContributionMap":{"docs":{"insertions":28,"deletions":23}}},{"hash":"19b45372d37e706300b2b442d1011564c86334a1","isMergeCommit":true,"messageTitle":"Merge branch \u0027master\u0027 into switch-docs-markbind","messageBody":"","fileTypesAndContributionMap":{}},{"hash":"41eafd12fa79be04f3cf096e836463d12662f132","isMergeCommit":false,"messageTitle":"Add newline at EOF in docs/ for checkstyle reasons","messageBody":"","fileTypesAndContributionMap":{"docs":{"insertions":3,"deletions":0}}},{"hash":"57c6110738529eb25d0f42424a3c8ae3c6180188","isMergeCommit":true,"messageTitle":"Merge remote-tracking branch \u0027origin/switch-docs-markbind\u0027 into switch-docs-markbind","messageBody":"","fileTypesAndContributionMap":{}},{"hash":"03a80c0e0008632ec790717f4c8cf66cf8dc2913","isMergeCommit":false,"messageTitle":"Update gitignore files for no newline at EOF","messageBody":"","fileTypesAndContributionMap":{"other":{"insertions":1,"deletions":1}}},{"hash":"3f2cdf0280443fe6bbd2922868e96f212546e69c","isMergeCommit":false,"messageTitle":"Update Developer Guide","messageBody":"","fileTypesAndContributionMap":{"docs":{"insertions":51,"deletions":41}}},{"hash":"9f70b4f2723f56c9962f5e05cda178bb103b8fce","isMergeCommit":false,"messageTitle":"Add newline to EOF in main.css","messageBody":"","fileTypesAndContributionMap":{"other":{"insertions":1,"deletions":1}}},{"hash":"1281950acd5a34d83b468708721fab23116992ad","isMergeCommit":true,"messageTitle":"Merge pull request #7 from Timenikhil/switch-docs-markbind","messageBody":"Switch docs markbind","fileTypesAndContributionMap":{}},{"hash":"45d949fd468fc20f1ca07e32037e1416d5efd0e9","isMergeCommit":false,"messageTitle":"Delete configuration for jekyll","messageBody":"","fileTypesAndContributionMap":{"other":{"insertions":0,"deletions":16},"docs":{"insertions":1,"deletions":1}}},{"hash":"3652e9ce91f76fec481bb22dda1b256ed5a0aab9","isMergeCommit":false,"messageTitle":"Update Search bar","messageBody":"","fileTypesAndContributionMap":{"docs":{"insertions":1,"deletions":1}}},{"hash":"82ca1dbad6ddb8296eaf357123104e5156cbebd5","isMergeCommit":false,"messageTitle":"Fix Indentation error","messageBody":"","fileTypesAndContributionMap":{"docs":{"insertions":2,"deletions":2}}},{"hash":"5b9a68dcc6a73ebb02140898415a8c31bfd87863","isMergeCommit":false,"messageTitle":"update User guide","messageBody":"","fileTypesAndContributionMap":{"docs":{"insertions":109,"deletions":75}}},{"hash":"c79ccdd781039ac4745b02c0d1dc7f08d57a6217","isMergeCommit":true,"messageTitle":"Merge branch \u0027master\u0027 into user-guide-update","messageBody":"","fileTypesAndContributionMap":{}},{"hash":"046221f3a05a977044f339770b2d04b28895e217","isMergeCommit":false,"messageTitle":"update User guide","messageBody":"","fileTypesAndContributionMap":{"docs":{"insertions":62,"deletions":25}}},{"hash":"e5da348e19d1bcad944aa328da4dd51548caa4a6","isMergeCommit":true,"messageTitle":"Merge remote-tracking branch \u0027origin/user-guide-update\u0027 into user-guide-update","messageBody":"# Conflicts:\n#\tdocs/UserGuide.md\n","fileTypesAndContributionMap":{}},{"hash":"fb07be12c6deb9cb75205e428b7c340be36a82df","isMergeCommit":false,"messageTitle":"Fix errors made by Google","messageBody":"","fileTypesAndContributionMap":{"docs":{"insertions":24,"deletions":27}}},{"hash":"b7abbaf7f929560ca85deaf714fc9412c8b7a193","isMergeCommit":false,"messageTitle":"Close unclosed box","messageBody":"","fileTypesAndContributionMap":{"docs":{"insertions":1,"deletions":0}}},{"hash":"a56bf1abae0884e65b75386bd7c61edce72f8d83","isMergeCommit":false,"messageTitle":"Fix Heading errors","messageBody":"","fileTypesAndContributionMap":{"docs":{"insertions":3,"deletions":3}}},{"hash":"e9e2e2013b8ad9db25e277ecfab1707cd5fb021c","isMergeCommit":true,"messageTitle":"Merge branch \u0027master\u0027 into update-uml","messageBody":"","fileTypesAndContributionMap":{}},{"hash":"169a4e6d218800e01622fb1d09aa5db8627f23d4","isMergeCommit":true,"messageTitle":"Merge pull request #131 from obrona/update-uml","messageBody":"Update BetterModelClassDiagram.puml","fileTypesAndContributionMap":{}},{"hash":"b7f5c02f822637852f67a073262533f78ce9762e","isMergeCommit":true,"messageTitle":"Merge branch \u0027master\u0027 into branch-OOPize-lesson","messageBody":"","fileTypesAndContributionMap":{}}]},{"date":"2024-10-24","commitResults":[{"hash":"a1e953ffd202e4e2426f80dadfc63ab9f50218a3","isMergeCommit":true,"messageTitle":"Merge branch \u0027master\u0027 into branch-OOPize-lesson","messageBody":"","fileTypesAndContributionMap":{}},{"hash":"afc02ea7cda8f4847db91858ec1bee99c50018f0","isMergeCommit":true,"messageTitle":"Merge pull request #141 from obrona/add-Fee","messageBody":"Add fee","fileTypesAndContributionMap":{}},{"hash":"c8a73573a793c18d27a15974318573ebff3de483","isMergeCommit":true,"messageTitle":"Merge branch \u0027master\u0027 into payment-ui","messageBody":"","fileTypesAndContributionMap":{}},{"hash":"9a474cc1186ed76c0e05fca7cdf101083fbd64c3","isMergeCommit":false,"messageTitle":"Update StudentCard.java to follow checkstyle requirements","messageBody":"Remove trailing space","fileTypesAndContributionMap":{"functional-code":{"insertions":1,"deletions":2}}},{"hash":"180e64479c3ce1d5adff4fe3d18a36a321e9e95a","isMergeCommit":true,"messageTitle":"Merge pull request #140 from kimxw/payment-ui","messageBody":"Create Payment UI","fileTypesAndContributionMap":{}},{"hash":"1691050b395ef5f74b3f2c132e6ec29859bdda7b","isMergeCommit":false,"messageTitle":"Fix Mark Command","messageBody":"","fileTypesAndContributionMap":{"functional-code":{"insertions":10,"deletions":2}}},{"hash":"dad8894521526b6576fd8bd7a4f3741374609fae","isMergeCommit":false,"messageTitle":"Deprecate old student constructor for removal","messageBody":"","fileTypesAndContributionMap":{"functional-code":{"insertions":3,"deletions":2}}},{"hash":"d4486076d7d6068162bed16428311e646835ea31","isMergeCommit":true,"messageTitle":"Merge branch \u0027master\u0027 into fix-mark","messageBody":"","fileTypesAndContributionMap":{}},{"hash":"085e03d5285ee7a37f8a6e3f6220722dcb8b9e6a","isMergeCommit":false,"messageTitle":"Remove all instances of deprecated constructor","messageBody":"","fileTypesAndContributionMap":{"functional-code":{"insertions":8,"deletions":7}}},{"hash":"a54630fd70052074c4d4ba33be0843eb605cd317","isMergeCommit":true,"messageTitle":"Merge remote-tracking branch \u0027origin/fix-mark\u0027 into fix-mark","messageBody":"","fileTypesAndContributionMap":{}},{"hash":"8e4e519e9148b19492c3b9de558ef4d9a657e0c3","isMergeCommit":false,"messageTitle":"Remove deprecated constructor","messageBody":"","fileTypesAndContributionMap":{"functional-code":{"insertions":0,"deletions":17}}},{"hash":"272d83c55c723cebf399aaa14b229a8682f91110","isMergeCommit":true,"messageTitle":"Merge branch \u0027master\u0027 into branch-OOPize-lesson","messageBody":"","fileTypesAndContributionMap":{}},{"hash":"43ea40ea6a7a20e15fa351fbecff2195db01847b","isMergeCommit":false,"messageTitle":"Update Student.java","messageBody":"","fileTypesAndContributionMap":{"functional-code":{"insertions":1,"deletions":1}}},{"hash":"7b6b901691250ade72b2421c7c39a4abe91f019d","isMergeCommit":false,"messageTitle":"enable assertions in build.gradle","messageBody":"","fileTypesAndContributionMap":{"other":{"insertions":4,"deletions":0}}},{"hash":"5192c4ba550158eacacfa06a5cc1cc27a14dd21f","isMergeCommit":true,"messageTitle":"Merge branch \u0027master\u0027 into enable-assertions","messageBody":"","fileTypesAndContributionMap":{}}]},{"date":"2024-11-04","commitResults":[{"hash":"25ead868a64ac1715fb391bf341526b39b52d3d9","isMergeCommit":true,"messageTitle":"Merge pull request #169 from obrona/fix-fee-alpha-bugs","messageBody":"Disable leading zeros in fee","fileTypesAndContributionMap":{}}]}],"obrona":[{"date":"2024-09-30","commitResults":[{"hash":"1f3504dc5b7f393a387d023cc276a3b34f0711cd","isMergeCommit":true,"messageTitle":"Merge branch \u0027master\u0027 into add-your-photo","messageBody":"","fileTypesAndContributionMap":{}},{"hash":"0e67e03b0e2b6c18aa73570bc48994b562a40e6b","isMergeCommit":false,"messageTitle":"Update AboutUs.md","messageBody":"","fileTypesAndContributionMap":{"docs":{"insertions":2,"deletions":2}}},{"hash":"2bfe02281e4894f45de80fbff2b5714e52ec8fae","isMergeCommit":true,"messageTitle":"Merge pull request #26 from obrona/update-aboutUs","messageBody":"Update AboutUs.md","fileTypesAndContributionMap":{}},{"hash":"b8a0b92ee24e8c8ea36b313602b3541b5c914442","isMergeCommit":true,"messageTitle":"Merge branch \u0027master\u0027 into add-your-photo","messageBody":"","fileTypesAndContributionMap":{}}]},{"date":"2024-10-02","commitResults":[{"hash":"f0a8b41a8c5b257fb326cd4fc60398028883a8aa","isMergeCommit":false,"messageTitle":"Update AboutUs.md","messageBody":"","fileTypesAndContributionMap":{"docs":{"insertions":3,"deletions":2}}},{"hash":"662d67e15ac269d4f2993c9d405ef962df3962ee","isMergeCommit":true,"messageTitle":"Merge branch \u0027master\u0027 into update-AboutUs","messageBody":"","fileTypesAndContributionMap":{}},{"hash":"57ff8a63a53bd293b40471e57df9e161cbb4b21c","isMergeCommit":true,"messageTitle":"Merge pull request #30 from obrona/update-AboutUs","messageBody":"Update AboutUs.md","fileTypesAndContributionMap":{}}]},{"date":"2024-10-03","commitResults":[{"hash":"8de1ea3fcf34ab874f583d4dbc7281f977893a29","isMergeCommit":false,"messageTitle":"Update ReadMe.md A4","messageBody":"","fileTypesAndContributionMap":{"docs":{"insertions":16,"deletions":11}}},{"hash":"f1f20334e407e155cb64f19a5a8cb1333e4ec1c1","isMergeCommit":true,"messageTitle":"Merge branch \u0027update-ReadMe.md\u0027 of https://github.com/obrona/tp into update-ReadMe.md","messageBody":"","fileTypesAndContributionMap":{}}]},{"date":"2024-10-04","commitResults":[{"hash":"ce2070efc4f323f979b6d509344b31a119f9addc","isMergeCommit":false,"messageTitle":"Add NFR and Glossary to DG","messageBody":"","fileTypesAndContributionMap":{"docs":{"insertions":72,"deletions":7}}}]},{"date":"2024-10-05","commitResults":[{"hash":"b64e1ef872cdfd42d7278bc0fe4430dacb6e7ce0","isMergeCommit":true,"messageTitle":"Merge pull request #63 from josh1248/add-user-stories","messageBody":"Include user stories","fileTypesAndContributionMap":{}},{"hash":"e2b2b3e56d2af87839a3d1ee189f6f5ef5ad46a3","isMergeCommit":true,"messageTitle":"Merge branch \u0027master\u0027 into update-project-website","messageBody":"","fileTypesAndContributionMap":{}}]},{"date":"2024-10-07","commitResults":[{"hash":"fa1afc18e7f76674048621f28039f85f148a0383","isMergeCommit":false,"messageTitle":"Add Calendar.java and Lesson.java","messageBody":"","fileTypesAndContributionMap":{"functional-code":{"insertions":30,"deletions":0}}},{"hash":"d8c7f5a11c8cafff2993870b04f3ddc99f23221c","isMergeCommit":false,"messageTitle":"Edit code for checkstyle","messageBody":"","fileTypesAndContributionMap":{"functional-code":{"insertions":8,"deletions":5},"other":{"insertions":4,"deletions":1}}},{"hash":"98277dbad89414e007aeb9d236add6db1a6eae42","isMergeCommit":false,"messageTitle":"Implement PR review","messageBody":"","fileTypesAndContributionMap":{"other":{"insertions":4,"deletions":3}}}]},{"date":"2024-10-11","commitResults":[{"hash":"b6ddb271e1fecdb8c8b1b221c799812e3ad822a0","isMergeCommit":true,"messageTitle":"Merge pull request #86 from nathanshew/delete-lessons","messageBody":"Add Delete Lesson","fileTypesAndContributionMap":{}}]},{"date":"2024-10-16","commitResults":[{"hash":"5293daa63299d420003930ee6f38701c494a88e1","isMergeCommit":false,"messageTitle":"Edit EduLog icon","messageBody":"","fileTypesAndContributionMap":{"functional-code":{"insertions":2,"deletions":2},"test-code":{"insertions":1,"deletions":1}}},{"hash":"73ccbceedece9c666d82a8006d0adbdb8e57d388","isMergeCommit":false,"messageTitle":"Make some progess","messageBody":"","fileTypesAndContributionMap":{"test-code":{"insertions":29,"deletions":0}}},{"hash":"ddbc75f85d8de7b794f6bb7fa902484304034020","isMergeCommit":false,"messageTitle":"Change name","messageBody":"","fileTypesAndContributionMap":{"functional-code":{"insertions":2,"deletions":2},"test-code":{"insertions":1,"deletions":1}}},{"hash":"e78d52f4a62bb1a441256f652f5e1c0dec476f42","isMergeCommit":false,"messageTitle":"Add tests for deleteLessonCommand","messageBody":"","fileTypesAndContributionMap":{"test-code":{"insertions":38,"deletions":2}}},{"hash":"1f922f93e3f639b5c6a9e04f934926d9854d0668","isMergeCommit":false,"messageTitle":"Edit coding style","messageBody":"","fileTypesAndContributionMap":{"test-code":{"insertions":5,"deletions":15}}},{"hash":"a368a46d2fc2e3b06ab3db8b463404aee5c4580f","isMergeCommit":true,"messageTitle":"Merge branch \u0027master\u0027 into add-deleteLesson-testcases","messageBody":"","fileTypesAndContributionMap":{}}]},{"date":"2024-10-17","commitResults":[{"hash":"5a10df8bb6b4293799911fa214744b06cab97d98","isMergeCommit":false,"messageTitle":"Change test case name","messageBody":"","fileTypesAndContributionMap":{"test-code":{"insertions":1,"deletions":1}}},{"hash":"f1b317b5a7dbefe9363e3c9757d83aeefaea73dd","isMergeCommit":true,"messageTitle":"Merge branch \u0027add-deleteLesson-testcases\u0027","messageBody":"","fileTypesAndContributionMap":{}},{"hash":"12717b5dfd56b314d8860baa39bf34c06c7de482","isMergeCommit":true,"messageTitle":"Merge pull request #88 from obrona/edit-EduLog-icon","messageBody":"Edit edu log icon","fileTypesAndContributionMap":{}},{"hash":"cc40bffca9ae8c02aa14e239b1ebd9ae66273f42","isMergeCommit":true,"messageTitle":"Merge branch \u0027master\u0027 into add-deleteLesson-testcases","messageBody":"","fileTypesAndContributionMap":{}},{"hash":"4b89e0a7dc77201543c1ac84c1d2317891a2c0be","isMergeCommit":true,"messageTitle":"Merge pull request #89 from obrona/add-deleteLesson-testcases","messageBody":"Add delete lesson testcases","fileTypesAndContributionMap":{}}]},{"date":"2024-10-21","commitResults":[{"hash":"a7b3113091c508a3cc402871630c1c25d62e1e1b","isMergeCommit":false,"messageTitle":"Add unmarkall command","messageBody":"","fileTypesAndContributionMap":{"functional-code":{"insertions":50,"deletions":0},"test-code":{"insertions":56,"deletions":3}}}]},{"date":"2024-10-23","commitResults":[{"hash":"459a95816b6479d8afd88fbd8c1426aa82fc4014","isMergeCommit":false,"messageTitle":"Update BetterModelClassDiagram.puml","messageBody":"","fileTypesAndContributionMap":{"docs":{"insertions":2,"deletions":0}}},{"hash":"3896fa746d50bb4ed9b2f92e99dc9fffcc3a2cb5","isMergeCommit":true,"messageTitle":"Merge pull request #133 from nathanshew/mark-all-attendance","messageBody":"Add MarkAllCommand","fileTypesAndContributionMap":{}},{"hash":"8d5dd06ca32da3da478253235027c8040727b7b4","isMergeCommit":true,"messageTitle":"Merge branch \u0027master\u0027 into change-to-paid","messageBody":"","fileTypesAndContributionMap":{}},{"hash":"fa0cfa18265e5a5597f0ed00f83c80abfc8fee1b","isMergeCommit":false,"messageTitle":"In progress","messageBody":"","fileTypesAndContributionMap":{"functional-code":{"insertions":154,"deletions":14},"test-code":{"insertions":5,"deletions":1}}},{"hash":"192285d45f9499026eb5d579c07d0eaf639f6e5a","isMergeCommit":true,"messageTitle":"Merge conflict","messageBody":"","fileTypesAndContributionMap":{}}]},{"date":"2024-10-24","commitResults":[{"hash":"2b1e5a2da0b7779a8b75dfa9f4514ac2628ee4bf","isMergeCommit":true,"messageTitle":"Merge branch \u0027master\u0027 into payment-ui","messageBody":"","fileTypesAndContributionMap":{}},{"hash":"50b823828fbb9e6dfa8acabe73fa5e307ed78efe","isMergeCommit":true,"messageTitle":"Merge branch \u0027master\u0027 of https://github.com/obrona/tp into origin-master","messageBody":"","fileTypesAndContributionMap":{}},{"hash":"853515d86e58f65673c9efb7002c1e1908fcb354","isMergeCommit":false,"messageTitle":"Make more changes to add Fee","messageBody":"","fileTypesAndContributionMap":{"functional-code":{"insertions":32,"deletions":19},"test-code":{"insertions":48,"deletions":22}}},{"hash":"a611af741383c6a651332bfa10ec53b54b9bc0ef","isMergeCommit":false,"messageTitle":"Fix the test cases","messageBody":"","fileTypesAndContributionMap":{"test-code":{"insertions":11,"deletions":11}}},{"hash":"b252d6750b97755e8e7cf132d9d78f01904a360c","isMergeCommit":false,"messageTitle":"Fix test cases","messageBody":"","fileTypesAndContributionMap":{"functional-code":{"insertions":2,"deletions":0},"test-code":{"insertions":3,"deletions":2}}},{"hash":"0cc0256c5b0fc2ada826dc68253d696fb9d66e61","isMergeCommit":false,"messageTitle":"Update uml","messageBody":"","fileTypesAndContributionMap":{"docs":{"insertions":5,"deletions":4}}},{"hash":"763f7c34d429c39650c5f544fbf38780cdc0a5b3","isMergeCommit":true,"messageTitle":"Merge pull request #142 from obrona/update-uml2","messageBody":"Update uml","fileTypesAndContributionMap":{}}]},{"date":"2024-10-27","commitResults":[{"hash":"2db78f0756b8aa297a02cc1fefb750d36d05dbd8","isMergeCommit":false,"messageTitle":"Add test for Fee","messageBody":"","fileTypesAndContributionMap":{"functional-code":{"insertions":21,"deletions":3},"test-code":{"insertions":56,"deletions":0}}}]},{"date":"2024-10-28","commitResults":[{"hash":"4c2af703b11216e18cef8bf5f272e991c9ee427f","isMergeCommit":true,"messageTitle":"Merge branch \u0027master\u0027 into add-FeeTests","messageBody":"","fileTypesAndContributionMap":{}},{"hash":"0e6b29cd9f17374dae32be2741fa7a6547f6bf8e","isMergeCommit":true,"messageTitle":"Merge pull request #152 from obrona/add-FeeTests","messageBody":"Add test for Fee","fileTypesAndContributionMap":{}}]},{"date":"2024-10-30","commitResults":[{"hash":"abc7b430b560993ee68bb66d2076166f708b2e8c","isMergeCommit":false,"messageTitle":"Add revenue command in progress","messageBody":"","fileTypesAndContributionMap":{"functional-code":{"insertions":4,"deletions":0}}},{"hash":"ee67db3b1664c585018cbd4c5ebca73168de4876","isMergeCommit":true,"messageTitle":"Merge branch \u0027master\u0027 of https://github.com/obrona/tp into add-revenue","messageBody":"","fileTypesAndContributionMap":{}},{"hash":"f05e5573b941dd68ef6ff9c8b72f6301dc9a353e","isMergeCommit":false,"messageTitle":"Add revenue command","messageBody":"","fileTypesAndContributionMap":{"functional-code":{"insertions":51,"deletions":1},"test-code":{"insertions":42,"deletions":0}}},{"hash":"c82ce79866a41ec7d6cdeb9f7552bb87bcc70ce5","isMergeCommit":false,"messageTitle":"Update UG","messageBody":"","fileTypesAndContributionMap":{"docs":{"insertions":18,"deletions":3}}},{"hash":"ba6e2ba44ea753bca8137457a33e402b34fec645","isMergeCommit":false,"messageTitle":"Fix test code","messageBody":"","fileTypesAndContributionMap":{"test-code":{"insertions":11,"deletions":1}}},{"hash":"9becd1c64d8f5f98019c376b3a0dc1071ad24d9f","isMergeCommit":false,"messageTitle":"Change test code","messageBody":"","fileTypesAndContributionMap":{"test-code":{"insertions":19,"deletions":2}}},{"hash":"b53863a8bec5d32eed4fe980ce703b6f59a5b2b4","isMergeCommit":false,"messageTitle":"Fix style violation","messageBody":"","fileTypesAndContributionMap":{"test-code":{"insertions":0,"deletions":1}}},{"hash":"ddebf166d3d027f184b3cbb83fa4070198459384","isMergeCommit":true,"messageTitle":"Merge pull request #158 from obrona/update-UG","messageBody":"Update UG","fileTypesAndContributionMap":{}},{"hash":"641b99670a7c25b484ff4e2316a15a7dd8c522ff","isMergeCommit":true,"messageTitle":"Merge branch \u0027master\u0027 into add-revenue","messageBody":"","fileTypesAndContributionMap":{}},{"hash":"3b67298491e567778fbee3ae7b8c2010d39de128","isMergeCommit":true,"messageTitle":"Merge pull request #159 from obrona/add-revenue","messageBody":"Add revenue","fileTypesAndContributionMap":{}}]},{"date":"2024-11-01","commitResults":[{"hash":"26aa7573b4d0e40d4c0961d54876c7b189bf9373","isMergeCommit":false,"messageTitle":"Add option for paid/unpaid for revenue","messageBody":"","fileTypesAndContributionMap":{"functional-code":{"insertions":72,"deletions":11},"docs":{"insertions":7,"deletions":6},"test-code":{"insertions":59,"deletions":8}}}]},{"date":"2024-11-02","commitResults":[{"hash":"44c85ff1d06952e6cef966fb3ff9f785ed24d17f","isMergeCommit":true,"messageTitle":"Merge pull request #160 from obrona/add-revenue-paid-unpaid","messageBody":"Add option for paid/unpaid for revenue","fileTypesAndContributionMap":{}}]},{"date":"2024-11-04","commitResults":[{"hash":"4105fbea0e937b3c36bc0022e2a1000a95e310cf","isMergeCommit":false,"messageTitle":"Fix fee alpha bugs","messageBody":"","fileTypesAndContributionMap":{"functional-code":{"insertions":3,"deletions":2},"test-code":{"insertions":3,"deletions":0}}},{"hash":"838801a1ba2702ae3e1202abae91bfaa30656aa2","isMergeCommit":false,"messageTitle":"Add test comments","messageBody":"","fileTypesAndContributionMap":{"test-code":{"insertions":18,"deletions":6}}},{"hash":"d4566907a26a8b27986750db0b487b75bb7d9b1a","isMergeCommit":true,"messageTitle":"Merge pull request #171 from obrona/add-test-ep-comments","messageBody":"Add test comments","fileTypesAndContributionMap":{}}]},{"date":"2024-11-05","commitResults":[{"hash":"95df8625cc3eb73dc1d08c46aed7d481c51b59b8","isMergeCommit":true,"messageTitle":"Merge pull request #178 from kimxw/feature/revenue","messageBody":"Refactor and Test Fixes for RevenueCommand","fileTypesAndContributionMap":{}}]},{"date":"2024-11-06","commitResults":[{"hash":"a30d675cb97e0127bf3ade1934f8512203748bca","isMergeCommit":true,"messageTitle":"Merge pull request #184 from kimxw/docs/ug-v1.5","messageBody":"Update UG for revenue command","fileTypesAndContributionMap":{}},{"hash":"71bcf43b8cddc39616678c5df4d0ee3b065587df","isMergeCommit":true,"messageTitle":"Merge branch \u0027master\u0027 into resolve-alpha-bugs","messageBody":"","fileTypesAndContributionMap":{}},{"hash":"2641ce991864c1bf9dc66c7274583478b71bfa5c","isMergeCommit":true,"messageTitle":"Merge pull request #176 from nathanshew/resolve-alpha-bugs","messageBody":"Resolve alpha bugs","fileTypesAndContributionMap":{}}]}],"kimxw":[{"date":"2024-09-30","commitResults":[{"hash":"13ad0c7cbea22dab8199e7e0a29b45d48deeb5b9","isMergeCommit":true,"messageTitle":"Merge branch \u0027master\u0027 into tutorial-adding-command","messageBody":"","fileTypesAndContributionMap":{}},{"hash":"4a920a2775aa7a3e396132eb9e0ab27145c5346c","isMergeCommit":false,"messageTitle":"Update AboutUs.md and docs/team/kimxw.md","messageBody":"","fileTypesAndContributionMap":{"docs":{"insertions":10,"deletions":10}}},{"hash":"5d64c77b01109896d54f5f0a355af1dc0fcedcda","isMergeCommit":true,"messageTitle":"Merge branch \u0027add-image\u0027 of https://github.com/kimxw/tp into add-image","messageBody":"","fileTypesAndContributionMap":{}},{"hash":"220a81c90ae5becec22e888ac9c063f157498a15","isMergeCommit":false,"messageTitle":"Update AboutUs.md and docs/team/kimxw.md","messageBody":"","fileTypesAndContributionMap":{"docs":{"insertions":2,"deletions":2}}}]},{"date":"2024-10-02","commitResults":[{"hash":"ca8164963d38c869fa8c34a9f817143348c14f0e","isMergeCommit":true,"messageTitle":"Merge branch \u0027master\u0027 into add-aboutus-image","messageBody":"","fileTypesAndContributionMap":{}},{"hash":"522162f02ccc7d703e752bff256bbf8b7cbca413","isMergeCommit":true,"messageTitle":"Merge branch \u0027master\u0027 into update-aboutus","messageBody":"","fileTypesAndContributionMap":{}},{"hash":"6fd8aeaac948489dea432c0c3a7ed3b01ab36ecd","isMergeCommit":true,"messageTitle":"Merge pull request #22 from Timenikhil/update-aboutus","messageBody":"Update aboutus","fileTypesAndContributionMap":{}},{"hash":"3551aecadaf643957eb5c741339f6e0327cb3cca","isMergeCommit":true,"messageTitle":"Merge branch \u0027master\u0027 into switch-to-cayman","messageBody":"","fileTypesAndContributionMap":{}},{"hash":"d2ff9546621a9e8e552d0c7ce30ed7bcf4a1d7f6","isMergeCommit":true,"messageTitle":"Merge pull request #25 from Timenikhil/switch-to-cayman","messageBody":"Switch theme from minima to Cayman","fileTypesAndContributionMap":{}},{"hash":"96d12e79a40b3858da39e7603a934c72d1b3a9ea","isMergeCommit":true,"messageTitle":"Merge branch \u0027update-about-us\u0027","messageBody":"","fileTypesAndContributionMap":{}},{"hash":"d9695a27dcf59bf96ec51ae3a5e47197c31e4481","isMergeCommit":true,"messageTitle":"Merge pull request #33 from Timenikhil/update-aboutus","messageBody":"Update aboutus","fileTypesAndContributionMap":{}},{"hash":"2ada9baddd10d7d1d505f1c289326a339a7a8a4e","isMergeCommit":true,"messageTitle":"Merge branch \u0027master\u0027 into update-config.yml","messageBody":"","fileTypesAndContributionMap":{}},{"hash":"531e7cf8c4740f6f1858eca11f05cf1a4dc48544","isMergeCommit":true,"messageTitle":"Merge pull request #34 from Timenikhil/update-config.yml","messageBody":"Update _config.yml to change name to EduLog","fileTypesAndContributionMap":{}}]},{"date":"2024-10-03","commitResults":[{"hash":"81d21dfedb1bc29c0509f6433684909e288a6587","isMergeCommit":false,"messageTitle":"Change role","messageBody":"","fileTypesAndContributionMap":{"docs":{"insertions":1,"deletions":1}}},{"hash":"d0fd90d49099de25e67be89d9ee46c46e1ee330e","isMergeCommit":false,"messageTitle":"Revert \"Change role\"","messageBody":"This reverts commit 81d21dfedb1bc29c0509f6433684909e288a6587.\n","fileTypesAndContributionMap":{"docs":{"insertions":1,"deletions":1}}},{"hash":"caf1681246d9fd9aa9201d7dd03b21e3e1da4c3e","isMergeCommit":true,"messageTitle":"Merge https://github.com/kimxw/tp","messageBody":"","fileTypesAndContributionMap":{}},{"hash":"1c6734f87719d920af5cc3e3f62e8bf34d16acd1","isMergeCommit":false,"messageTitle":"Update role","messageBody":"","fileTypesAndContributionMap":{"docs":{"insertions":1,"deletions":1}}},{"hash":"af8b453427a35f7d9fb3bf446740348d388933a2","isMergeCommit":true,"messageTitle":"Merge pull request #54 from obrona/update-ReadMe.md","messageBody":"Update read me.md to reflect our project. Week 7 A4","fileTypesAndContributionMap":{}},{"hash":"4987c6f5cbce812b729a6176e6f5c29554662f6a","isMergeCommit":true,"messageTitle":"Merge branch \u0027master\u0027 of https://github.com/kimxw/tp","messageBody":"","fileTypesAndContributionMap":{}},{"hash":"0a7edab0f2aca157805db7c8f76bf7a3388c2043","isMergeCommit":true,"messageTitle":"Merge pull request #51 from Timenikhil/a3-update-ci-build-badge","messageBody":"Update README.md to fix CI badge","fileTypesAndContributionMap":{}},{"hash":"33383e6afacf1147ca6047adacbf27331df6d39c","isMergeCommit":true,"messageTitle":"Merge branch \u0027master\u0027 into acknowledge-se-ab3","messageBody":"","fileTypesAndContributionMap":{}},{"hash":"2108f679352fbe16a032505814e4f1f56a66de1f","isMergeCommit":true,"messageTitle":"Merge pull request #52 from Timenikhil/acknowledge-se-ab3","messageBody":"Update README.md to acknowledge AB3","fileTypesAndContributionMap":{}}]},{"date":"2024-10-04","commitResults":[{"hash":"6ee142a3f7a9d30b8e58fef9736d6f3f20d1f1a1","isMergeCommit":true,"messageTitle":"Merge branch \u0027master\u0027 of https://github.com/kimxw/tp","messageBody":"","fileTypesAndContributionMap":{}},{"hash":"af096fcccf99c2e418634bc56542724d531f1232","isMergeCommit":false,"messageTitle":"Add use case #3: Add Student","messageBody":"","fileTypesAndContributionMap":{"docs":{"insertions":33,"deletions":1}}},{"hash":"65fca3fc445cd75e9e07a28fbd4eaa2dcea6b452","isMergeCommit":false,"messageTitle":"Add use case Edit Tag","messageBody":"","fileTypesAndContributionMap":{"docs":{"insertions":56,"deletions":0}}}]},{"date":"2024-10-05","commitResults":[{"hash":"6a888056b181a6c30a0bea5b594e0e7ee19710d8","isMergeCommit":false,"messageTitle":"Add use case Add Tag","messageBody":"","fileTypesAndContributionMap":{"docs":{"insertions":25,"deletions":1}}},{"hash":"462ef15401ab81463e07753f5a35b1326caf3938","isMergeCommit":false,"messageTitle":"Add use case: Delete Tag","messageBody":"","fileTypesAndContributionMap":{"docs":{"insertions":18,"deletions":0}}}]},{"date":"2024-10-06","commitResults":[{"hash":"e7459966c6ae5ac241aafeb7d13a6f18ddf1cf5f","isMergeCommit":true,"messageTitle":"Merge branch \u0027master\u0027 into fix-aboutme","messageBody":"","fileTypesAndContributionMap":{}},{"hash":"3cfcf2f615e53739ea00d73657a0abce06407e84","isMergeCommit":true,"messageTitle":"Merge pull request #65 from josh1248/fix-aboutme","messageBody":"Fix: Portfolio markdown and src images in AboutUs","fileTypesAndContributionMap":{}}]},{"date":"2024-10-07","commitResults":[{"hash":"8c0e402ef7b02f7beb230a817763f44411dd6f4a","isMergeCommit":true,"messageTitle":"Merge pull request #75 from obrona/add-Calendar-Lesson","messageBody":"Add calendar lesson","fileTypesAndContributionMap":{}}]},{"date":"2024-10-10","commitResults":[{"hash":"42f529a8afe2b17b252565605c8d882e92587a1b","isMergeCommit":false,"messageTitle":"Add test classes for Lesson class","messageBody":"","fileTypesAndContributionMap":{"test-code":{"insertions":42,"deletions":0}}},{"hash":"4da5ee928215541994e96825f7ad62790fa838c5","isMergeCommit":false,"messageTitle":"Add LessonCard UI component","messageBody":"","fileTypesAndContributionMap":{"functional-code":{"insertions":50,"deletions":0}}},{"hash":"f9c48ec61a09f47d4cf45f5c3d30a8fb69ad3896","isMergeCommit":false,"messageTitle":"Add LessonCard UI component","messageBody":"","fileTypesAndContributionMap":{"functional-code":{"insertions":40,"deletions":0}}},{"hash":"04d0bd23b491a3cb3e109a44f19d9720ef973cb5","isMergeCommit":false,"messageTitle":"Add LessonList UI component","messageBody":"","fileTypesAndContributionMap":{"functional-code":{"insertions":57,"deletions":0}}},{"hash":"627b0fdb777bd3dd1ebc9b909d8bbd744e5650e8","isMergeCommit":false,"messageTitle":"Fix Lesson UI checkstyle","messageBody":"","fileTypesAndContributionMap":{"functional-code":{"insertions":1,"deletions":5}}},{"hash":"550bc15091f6df338fac3ff506dbd719b4dedd36","isMergeCommit":false,"messageTitle":"Fix import order","messageBody":"","fileTypesAndContributionMap":{"functional-code":{"insertions":1,"deletions":0}}}]},{"date":"2024-10-17","commitResults":[{"hash":"deb90754311eb63e0ce6fbe5d3f0635de951b59e","isMergeCommit":true,"messageTitle":"Merge branch \u0027master\u0027 into edit-EduLog-icon","messageBody":"","fileTypesAndContributionMap":{}},{"hash":"6ea18219f447587c3968e47336cc55e9e8c3f0b8","isMergeCommit":false,"messageTitle":"Create a calendar command and add to parse cases","messageBody":"","fileTypesAndContributionMap":{"functional-code":{"insertions":28,"deletions":0}}},{"hash":"9a65345f5bb8a175e2abb10eeee5f16e12fb2364","isMergeCommit":false,"messageTitle":"Change List\u003cLesson\u003e to ObservableList\u003cLesson\u003e (allow linking to ui)","messageBody":"","fileTypesAndContributionMap":{"functional-code":{"insertions":9,"deletions":2}}},{"hash":"184b76708202aeec790b7fdc5a839f8657cc549f","isMergeCommit":false,"messageTitle":"Allow ModelManager to handle list of lessons","messageBody":"","fileTypesAndContributionMap":{"functional-code":{"insertions":16,"deletions":0}}},{"hash":"0573c2347a91df445ef26f32b136e4660339b11e","isMergeCommit":false,"messageTitle":"Logic to return lessonList","messageBody":"","fileTypesAndContributionMap":{"functional-code":{"insertions":10,"deletions":0}}},{"hash":"5ebc75fda5b9a1f5aa73875332c303f2bc18a2bb","isMergeCommit":false,"messageTitle":"Add calendarPanelPlaceholder to MainWindow next to studentPanelPlaceholder","messageBody":"","fileTypesAndContributionMap":{"functional-code":{"insertions":51,"deletions":10}}},{"hash":"7f445c68d4f9b46d07f6453045354e96e6ab126a","isMergeCommit":false,"messageTitle":"Wrap text for resultDisplay","messageBody":"","fileTypesAndContributionMap":{"functional-code":{"insertions":2,"deletions":3}}},{"hash":"cc57f5978889fac542ed727c85c3d56b85614f0f","isMergeCommit":false,"messageTitle":"Attempted to implement tests","messageBody":"","fileTypesAndContributionMap":{"functional-code":{"insertions":11,"deletions":1},"test-code":{"insertions":220,"deletions":1}}}]},{"date":"2024-10-18","commitResults":[{"hash":"cc27888cc731d4d453f3efc041b5ca128225aa1a","isMergeCommit":false,"messageTitle":"Style changes","messageBody":"","fileTypesAndContributionMap":{"functional-code":{"insertions":5,"deletions":7}}},{"hash":"554b96ca21b834ebf62c50c92691f8f82769a51d","isMergeCommit":true,"messageTitle":"Merge branch \u0027ui/calendar-display\u0027 of https://github.com/kimxw/tp into ui/calendar-display","messageBody":"","fileTypesAndContributionMap":{}},{"hash":"f7bfedee372fe5099f6bc69b76c9c3c447169848","isMergeCommit":false,"messageTitle":"Fix style","messageBody":"","fileTypesAndContributionMap":{"functional-code":{"insertions":3,"deletions":4}}},{"hash":"ccea0c49908476cc9632ae3652f82c1fed968dc5","isMergeCommit":false,"messageTitle":"Fix checkstyle 2","messageBody":"","fileTypesAndContributionMap":{"test-code":{"insertions":14,"deletions":63}}}]},{"date":"2024-10-21","commitResults":[{"hash":"8e2da3a006d02dd65a6dc66b238265adf4bef103","isMergeCommit":true,"messageTitle":"Merge pull request #109 from Timenikhil/unmark-command","messageBody":"create unmark and delete commands","fileTypesAndContributionMap":{}}]},{"date":"2024-10-23","commitResults":[{"hash":"5142c72ec8f9e523d2f85d077654fe592ae361e9","isMergeCommit":true,"messageTitle":"Merge pull request #135 from Timenikhil/switch-docs-markbind","messageBody":"Switch docs markbind","fileTypesAndContributionMap":{}},{"hash":"d76f46315715d538578cae5d0dca90aaa0028496","isMergeCommit":true,"messageTitle":"Merge branch \u0027master\u0027 into update-uml","messageBody":"","fileTypesAndContributionMap":{}},{"hash":"14b3275612436171ba02f572aa8d7514038f29b1","isMergeCommit":true,"messageTitle":"Merge pull request #137 from nathanshew/change-to-paid","messageBody":"Change to paid","fileTypesAndContributionMap":{}},{"hash":"8d100c11fe53d81253bef69ee647e028767fcd86","isMergeCommit":false,"messageTitle":"Add image to student card and initialise with images","messageBody":"","fileTypesAndContributionMap":{"functional-code":{"insertions":23,"deletions":4}}},{"hash":"3423cd8c451a8f19f01173a8a2249cad38143827","isMergeCommit":true,"messageTitle":"Merge branch \u0027master\u0027 into user-guide-update","messageBody":"","fileTypesAndContributionMap":{}},{"hash":"b4c909a3538288a355d453a355ffa378410b9be8","isMergeCommit":true,"messageTitle":"Merge pull request #138 from Timenikhil/user-guide-update","messageBody":"User guide update","fileTypesAndContributionMap":{}}]},{"date":"2024-10-24","commitResults":[{"hash":"6f46f28d181c914732a9e450935d5bfd1894715c","isMergeCommit":false,"messageTitle":"Fix layout","messageBody":"","fileTypesAndContributionMap":{"functional-code":{"insertions":40,"deletions":31}}},{"hash":"671e06e08acf8c9a763fbcd835c2eb17acf6c31a","isMergeCommit":false,"messageTitle":"Fix style","messageBody":"","fileTypesAndContributionMap":{"functional-code":{"insertions":3,"deletions":3}}},{"hash":"49da3afe2cb4ab591418364b7c9004b5983b875a","isMergeCommit":false,"messageTitle":"Add UI tests for StudentCard","messageBody":"","fileTypesAndContributionMap":{"functional-code":{"insertions":119,"deletions":6},"other":{"insertions":3,"deletions":0},"test-code":{"insertions":65,"deletions":0}}},{"hash":"4379c78ec631e75000f49485510c2e3b5169caca","isMergeCommit":true,"messageTitle":"Merge branch \u0027payment-ui\u0027 of https://github.com/kimxw/tp into payment-ui","messageBody":"","fileTypesAndContributionMap":{}},{"hash":"cc6cb1339e55d1312be9b78fb465571ab16ef4db","isMergeCommit":false,"messageTitle":"Fix style","messageBody":"","fileTypesAndContributionMap":{"functional-code":{"insertions":6,"deletions":5}}},{"hash":"af9fccbe44a368ab3538eedc0284390292adf4dc","isMergeCommit":false,"messageTitle":"Fix headless test execution for JavaFX components","messageBody":"","fileTypesAndContributionMap":{"other":{"insertions":2,"deletions":0}}},{"hash":"aa146510695d44fa2d76762890e7dca071b6a39d","isMergeCommit":false,"messageTitle":"Add final try","messageBody":"","fileTypesAndContributionMap":{"other":{"insertions":1,"deletions":0}}},{"hash":"de970370950047202d15bc32aa2b3c27b27f5f55","isMergeCommit":false,"messageTitle":"Change test framework to TestFX to make it work with ubuntu","messageBody":"","fileTypesAndContributionMap":{"other":{"insertions":2,"deletions":5},"test-code":{"insertions":16,"deletions":24}}},{"hash":"78e577fb5fe02dcad671fcb9428895940d76f772","isMergeCommit":false,"messageTitle":"Update build.gradle","messageBody":"","fileTypesAndContributionMap":{"other":{"insertions":1,"deletions":4}}},{"hash":"d5b62c950786fb3dec4b32bc61c163040d3105b8","isMergeCommit":false,"messageTitle":"Undo TestFX changes and StudentCardTest","messageBody":"","fileTypesAndContributionMap":{"other":{"insertions":1,"deletions":1},"test-code":{"insertions":0,"deletions":57}}}]},{"date":"2024-10-25","commitResults":[{"hash":"be9ec8292a428d7e3195096cc1b702e721b14a93","isMergeCommit":false,"messageTitle":"Update UML diagram for UI","messageBody":"","fileTypesAndContributionMap":{"docs":{"insertions":6,"deletions":0}}},{"hash":"0b3dbdb45db8974479df32e435652e015ec35365","isMergeCommit":false,"messageTitle":"Add logging to UI LessonListPanel","messageBody":"","fileTypesAndContributionMap":{"functional-code":{"insertions":2,"deletions":0}}},{"hash":"2ae7ec151d6f621a45b5f7fe1d39d4a9a9bb7930","isMergeCommit":false,"messageTitle":"Add assertion to check that payment status is not null to prevent issues with choosing display icon","messageBody":"","fileTypesAndContributionMap":{"functional-code":{"insertions":1,"deletions":0}}},{"hash":"616bf1f3f5edbeec4513b717a614a6e459a8cca5","isMergeCommit":false,"messageTitle":"Improve assertion to check image is not null as initialisation may fail","messageBody":"","fileTypesAndContributionMap":{"functional-code":{"insertions":2,"deletions":1}}},{"hash":"ea391faf85c8e9de567bfda6a560074619f64d03","isMergeCommit":true,"messageTitle":"Merge pull request #149 from kimxw/tasks-v1.4","messageBody":"UML changes for UI and Assertions in LessonListPanel","fileTypesAndContributionMap":{}}]},{"date":"2024-11-05","commitResults":[{"hash":"d55599752039c326417d8b63200a67c82cc557b2","isMergeCommit":false,"messageTitle":"Add RevenueCommand as abstract class to reduce coupling","messageBody":"","fileTypesAndContributionMap":{"functional-code":{"insertions":132,"deletions":26}}},{"hash":"5e6206f2a092cdab664ffad586db50f934116bcc","isMergeCommit":false,"messageTitle":"Add PaidRevenueCommand and UnpaidRevenueCommand","messageBody":"","fileTypesAndContributionMap":{"functional-code":{"insertions":42,"deletions":76}}},{"hash":"cc933f26081aa3ed22e6eb25f32e8e946df80343","isMergeCommit":false,"messageTitle":"Fix tests post-OOPizing RevenueCommand","messageBody":"","fileTypesAndContributionMap":{"test-code":{"insertions":12,"deletions":10}}},{"hash":"dd18ed89a5f70f9a46e4b492d02fe7562676adb8","isMergeCommit":false,"messageTitle":"Fix style","messageBody":"","fileTypesAndContributionMap":{"functional-code":{"insertions":12,"deletions":21}}},{"hash":"03f8e172fb0ac844dbf20956551f88835c593976","isMergeCommit":false,"messageTitle":"Fix RevenueCommandParserTest#parse_invalidArgs","messageBody":"","fileTypesAndContributionMap":{"test-code":{"insertions":4,"deletions":3}}},{"hash":"f6114c51ee50d2e51742a523af2c80c6b5e67045","isMergeCommit":false,"messageTitle":"Fix test style","messageBody":"","fileTypesAndContributionMap":{"test-code":{"insertions":6,"deletions":3}}}]},{"date":"2024-11-06","commitResults":[{"hash":"756c2a11f8066fa1c38ad214a619797fce7d0481","isMergeCommit":false,"messageTitle":"Update UG for revenue command","messageBody":"","fileTypesAndContributionMap":{"docs":{"insertions":5,"deletions":2}}}]}],"nathanshew":[{"date":"2024-09-30","commitResults":[{"hash":"d59a1a130a5182437a0b233af73a61f064652fd0","isMergeCommit":false,"messageTitle":"Update AboutUs.md","messageBody":"","fileTypesAndContributionMap":{"docs":{"insertions":5,"deletions":5}}},{"hash":"3c85bfdc17e899d1f7bf9d7cf4b1129b508c48b6","isMergeCommit":true,"messageTitle":"Merge pull request #2 from Timenikhil/tutorial-adding-command","messageBody":"Adding tutorial command","fileTypesAndContributionMap":{}},{"hash":"8047768bc03706ef84681f4974d31a8b0a5ba3bf","isMergeCommit":true,"messageTitle":"Merge branch \u0027master\u0027 into add-AboutUs-nathan","messageBody":"","fileTypesAndContributionMap":{}}]},{"date":"2024-10-02","commitResults":[{"hash":"d02f7e1ddb22e61a761463bb3037ae8745356a43","isMergeCommit":true,"messageTitle":"Merge pull request #19 from josh1248/add-aboutus-image","messageBody":"Add Josh\u0027s image and description to aboutus","fileTypesAndContributionMap":{}},{"hash":"5f35579c61b38e99837db7cff8ba80312472f79e","isMergeCommit":true,"messageTitle":"Merge branch \u0027master\u0027 into Update-AboutUs.md","messageBody":"","fileTypesAndContributionMap":{}},{"hash":"031f56b4a9c917b1d70d8db1aae40f562f1a11ee","isMergeCommit":false,"messageTitle":"Update AboutUs.md","messageBody":"","fileTypesAndContributionMap":{"docs":{"insertions":1,"deletions":1}}},{"hash":"ae9b8146731e9328395aa80bf55a8c1c91af5fbd","isMergeCommit":false,"messageTitle":"Update AboutUs.md","messageBody":"","fileTypesAndContributionMap":{"docs":{"insertions":1,"deletions":1}}}]},{"date":"2024-10-04","commitResults":[{"hash":"d2ca4f669c095aba5ec683bf19f3154d437a8c26","isMergeCommit":false,"messageTitle":"Update DeveloperGuide.md","messageBody":"","fileTypesAndContributionMap":{"docs":{"insertions":55,"deletions":11}}},{"hash":"31b44f78c0489f40e12d763ff540bec419b5a170","isMergeCommit":false,"messageTitle":"Update DeveloperGuide.md","messageBody":"Add numbers to Use Cases\n","fileTypesAndContributionMap":{"docs":{"insertions":2,"deletions":2}}}]},{"date":"2024-10-10","commitResults":[{"hash":"303b1266fcf556a950ff1923e93ecd1615e0c176","isMergeCommit":true,"messageTitle":"Merge pull request #78 from josh1248/create-lessons","messageBody":"Create lessons","fileTypesAndContributionMap":{}}]},{"date":"2024-10-11","commitResults":[{"hash":"f6f098d7d4c8e76364ff02f2f7b3b09237619970","isMergeCommit":false,"messageTitle":"Add Delete Lesson","messageBody":"Compiles and should work.\n\nTests on the way\n","fileTypesAndContributionMap":{"functional-code":{"insertions":142,"deletions":6},"test-code":{"insertions":10,"deletions":0}}},{"hash":"aabf32ad34ceeda79535aeb66c2976649441be31","isMergeCommit":false,"messageTitle":"Update Formatting","messageBody":"","fileTypesAndContributionMap":{"functional-code":{"insertions":7,"deletions":4}}},{"hash":"4892b4fb38b93797372e93926690afedb594414c","isMergeCommit":true,"messageTitle":"Merge branch \u0027master\u0027 into delete-lessons","messageBody":"","fileTypesAndContributionMap":{}}]},{"date":"2024-10-16","commitResults":[{"hash":"07249f0e5e330d09770f8849e3b8dcc8633adc19","isMergeCommit":false,"messageTitle":"Create AddLessonCommandTest.java","messageBody":"","fileTypesAndContributionMap":{"test-code":{"insertions":29,"deletions":0}}},{"hash":"650e272ab7c59f51f6c3d7759b0ed24dc4e42ded","isMergeCommit":false,"messageTitle":"Update AddLessonCommandTest.java","messageBody":"","fileTypesAndContributionMap":{"test-code":{"insertions":1,"deletions":1}}},{"hash":"1ee1611f38e0251c3cd979500980e91599ec47db","isMergeCommit":false,"messageTitle":"Update AddLessonCommandTest.java","messageBody":"","fileTypesAndContributionMap":{"test-code":{"insertions":3,"deletions":2}}},{"hash":"1eaed8369a80f4492af5d84e09b9b02d10c5dd29","isMergeCommit":false,"messageTitle":"Update AddLessonCommandTest.java","messageBody":"","fileTypesAndContributionMap":{"test-code":{"insertions":0,"deletions":1}}},{"hash":"2946643ac7e7589e1b5aade42792113b793637ad","isMergeCommit":false,"messageTitle":"Update AddLessonCommandTest.java","messageBody":"","fileTypesAndContributionMap":{"test-code":{"insertions":12,"deletions":0}}},{"hash":"3c0b1acb2ccdef2257e7775742c69a92c30c3618","isMergeCommit":false,"messageTitle":"Update AddLessonCommandTest.java","messageBody":"","fileTypesAndContributionMap":{"test-code":{"insertions":17,"deletions":10}}},{"hash":"6ad27b2e33bbb48db026e08881a4da21088aa8bd","isMergeCommit":false,"messageTitle":"Update AddLessonCommandTest.java","messageBody":"","fileTypesAndContributionMap":{"test-code":{"insertions":2,"deletions":2}}},{"hash":"4ee704859cee07be76478033fd30a01b6b4f102c","isMergeCommit":false,"messageTitle":"Update AddLessonCommandTest.java","messageBody":"","fileTypesAndContributionMap":{"test-code":{"insertions":2,"deletions":2}}}]},{"date":"2024-10-17","commitResults":[{"hash":"13e65b5bfcb9a488396866acc24b43e037b6dab5","isMergeCommit":false,"messageTitle":"Add checks for identical timings","messageBody":"Add checks for identical timings\nAdd tests for these checks\n","fileTypesAndContributionMap":{"functional-code":{"insertions":30,"deletions":0},"test-code":{"insertions":25,"deletions":0}}},{"hash":"218a59543bd866a3ef45e2a040eda8839b62f0bb","isMergeCommit":true,"messageTitle":"Merge branch \u0027master\u0027 into test-lesson-creation","messageBody":"","fileTypesAndContributionMap":{}},{"hash":"1148862cb4170048b4c6b6d20533b3e156dca2fc","isMergeCommit":false,"messageTitle":"Update checkTimeslot","messageBody":"","fileTypesAndContributionMap":{"functional-code":{"insertions":4,"deletions":4},"test-code":{"insertions":5,"deletions":2}}},{"hash":"50c342f10bddbffb008eb884d3b837bfaf53363f","isMergeCommit":true,"messageTitle":"Merge pull request #97 from Timenikhil/update-AB3-to-edulog","messageBody":"Update ab3 to edulog","fileTypesAndContributionMap":{}}]},{"date":"2024-10-22","commitResults":[{"hash":"4a831c1b3c29af9d8df0f0bfb37daa940994b0ef","isMergeCommit":true,"messageTitle":"Merge pull request #115 from josh1248/branch-no-numeric-students","messageBody":"Constrain student names","fileTypesAndContributionMap":{}}]},{"date":"2024-10-23","commitResults":[{"hash":"6b3553095dad869250afd75e3184d2967255e3d3","isMergeCommit":true,"messageTitle":"Merge pull request #117 from josh1248/branch-mark-attendance","messageBody":"Mark attendance","fileTypesAndContributionMap":{}},{"hash":"ace7735d425cb953f9d12e34e60e945b5e62bf8a","isMergeCommit":false,"messageTitle":"Add MarkAllCommand","messageBody":"","fileTypesAndContributionMap":{"functional-code":{"insertions":62,"deletions":0},"test-code":{"insertions":57,"deletions":0}}},{"hash":"d4367c9ce755687dd8f611f3b48c19ddb7f972e0","isMergeCommit":false,"messageTitle":"Update paid","messageBody":"Changed present to paid\n","fileTypesAndContributionMap":{"functional-code":{"insertions":30,"deletions":30},"docs":{"insertions":13,"deletions":3},"test-code":{"insertions":7,"deletions":7}}},{"hash":"f1eef7d5790d99338f311c8c95d4f610ee70f3d1","isMergeCommit":false,"messageTitle":"Update StudentTest.java","messageBody":"","fileTypesAndContributionMap":{"test-code":{"insertions":1,"deletions":1}}},{"hash":"8e8f9e72dbfd5a85cc9f70cffbf43d7493c22deb","isMergeCommit":false,"messageTitle":"Update getHasPaid","messageBody":"","fileTypesAndContributionMap":{"functional-code":{"insertions":1,"deletions":1},"test-code":{"insertions":2,"deletions":2}}}]},{"date":"2024-10-24","commitResults":[{"hash":"fddd47e68ac9ba7be747483237daafb4b63c9fc8","isMergeCommit":true,"messageTitle":"Merge pull request #144 from Timenikhil/fix-mark","messageBody":"Fix Mark Command","fileTypesAndContributionMap":{}},{"hash":"84768a101c224676ad6c1150fc12d2d9a18c33c5","isMergeCommit":true,"messageTitle":"Merge pull request #147 from Timenikhil/enable-assertions","messageBody":"enable assertions in build.gradle","tags":["Edulog_Alpha"],"fileTypesAndContributionMap":{}}]},{"date":"2024-10-26","commitResults":[{"hash":"45001e13734c57ab0f5cda75b95bd8ea38d514bd","isMergeCommit":false,"messageTitle":"Add GiftCommand","messageBody":"Work in progress\n\nreturns dummy string\n","fileTypesAndContributionMap":{"functional-code":{"insertions":35,"deletions":0}}},{"hash":"df22c5b085c5561ad38525ca5ed9dcdd21f3ff92","isMergeCommit":false,"messageTitle":"Update Gift","messageBody":"Tests needed\n","fileTypesAndContributionMap":{"functional-code":{"insertions":392,"deletions":1}}},{"hash":"f912ef08e28579174ea6a3c995a5fe29c12584f2","isMergeCommit":false,"messageTitle":"Update Gift","messageBody":"Fixed the style\n","fileTypesAndContributionMap":{"functional-code":{"insertions":8,"deletions":7}}}]},{"date":"2024-10-27","commitResults":[{"hash":"778ed05ae9e6a29f70117f588c6ec5459b273bc5","isMergeCommit":false,"messageTitle":"Update Gift","messageBody":"","fileTypesAndContributionMap":{"functional-code":{"insertions":23,"deletions":47}}},{"hash":"d2ba78052cd5770361f32e8e694f5e36013781d4","isMergeCommit":false,"messageTitle":"Update GiftUtil.java","messageBody":"","fileTypesAndContributionMap":{"functional-code":{"insertions":3,"deletions":0}}},{"hash":"1c1465c31e505cfc2269fb92c6c3828df6ffbcf1","isMergeCommit":true,"messageTitle":"Merge branch \u0027master\u0027 into add-gift","messageBody":"","fileTypesAndContributionMap":{}},{"hash":"0b9b5965f7f437fc428d009fb9a21b703ff439c6","isMergeCommit":true,"messageTitle":"Merge pull request #151 from nathanshew/add-gift","messageBody":"Add gift","fileTypesAndContributionMap":{}},{"hash":"b3f9a849f943742add4e8726577743de787c6a07","isMergeCommit":true,"messageTitle":"Merge branch \u0027master\u0027 into add-FeeTests","messageBody":"","fileTypesAndContributionMap":{}},{"hash":"f666f32d0b8e8af1bb11e7db717150c1be4a4799","isMergeCommit":false,"messageTitle":"Update ModelClassDiagram.puml","messageBody":"Added Multiplicities\n","fileTypesAndContributionMap":{"docs":{"insertions":4,"deletions":4}}},{"hash":"e28135e8109008f8b579a707738cb6628ebc99ea","isMergeCommit":true,"messageTitle":"Merge branch \u0027master\u0027 into Update-UML","messageBody":"","fileTypesAndContributionMap":{}},{"hash":"d2f6d86da9c2accb1086a3d2487dced9e0a06044","isMergeCommit":true,"messageTitle":"Merge pull request #153 from nathanshew/Update-UML","messageBody":"Update ModelClassDiagram.puml","fileTypesAndContributionMap":{}},{"hash":"a98a8249d8124e7f9532e084ea5679dabd1e3426","isMergeCommit":false,"messageTitle":"Update DG and UG","messageBody":"","fileTypesAndContributionMap":{"docs":{"insertions":40,"deletions":26}}}]},{"date":"2024-10-30","commitResults":[{"hash":"7c4ec13122d019248271c744fa0f160a3dadae6b","isMergeCommit":false,"messageTitle":"Update DeveloperGuide.md","messageBody":"","fileTypesAndContributionMap":{"docs":{"insertions":12,"deletions":0}}},{"hash":"113c10d484caa734bc2fe9b0d17ac02818ca3e2b","isMergeCommit":true,"messageTitle":"Merge branch \u0027master\u0027 into add-gift-guides","messageBody":"","fileTypesAndContributionMap":{}},{"hash":"40033cbddcb31b731e4724d83cf7c50c940a54f7","isMergeCommit":true,"messageTitle":"Merge pull request #154 from nathanshew/add-gift-guides","messageBody":"Update DG and UG","fileTypesAndContributionMap":{}}]},{"date":"2024-11-05","commitResults":[{"hash":"c99af17605dd0ca97587c378fcfdd624b8648284","isMergeCommit":false,"messageTitle":"Update DeleteLessonCommand.java","messageBody":"Resolves #175\n","fileTypesAndContributionMap":{"functional-code":{"insertions":1,"deletions":1}}},{"hash":"a8ce937853d1b0face078899661130e8b078a179","isMergeCommit":false,"messageTitle":"Update AddLessonCommand.java","messageBody":"Resolves #173\n","fileTypesAndContributionMap":{"functional-code":{"insertions":1,"deletions":1}}}]}]},"authorFileTypeContributionMap":{"josh1248":{"docs":179,"functional-code":1329,"test-code":1413},"Timenikhil":{"docs":525,"functional-code":1636,"test-code":1921,"other":201},"obrona":{"docs":109,"functional-code":342,"test-code":336},"kimxw":{"docs":126,"functional-code":395,"test-code":19},"nathanshew":{"docs":94,"functional-code":628,"test-code":125}},"authorContributionVariance":{"josh1248":69301.26,"Timenikhil":4223480.5,"obrona":2468.0833,"kimxw":8630.5,"nathanshew":5815.0234},"authorDisplayNameMap":{"josh1248":"CS2103T-W09-2 JOSH.. SEN","Timenikhil":"CS2103T-W09-2 SULT..KHIL","obrona":"CS2103T-W09-2 THEO.. LIM","kimxw":"CS2103T-W09-2 KIMA..JARI","nathanshew":"CS2103T-W09-2 NATH..SHEW"}}
