{"authorDailyContributionsMap":{"vinceg4":[{"date":"2024-10-02","commitResults":[{"hash":"0302a721e9135aa715161e6b134c5697d283fb1b","isMergeCommit":false,"messageTitle":"Update AboutUs page","messageBody":"","fileTypesAndContributionMap":{"docs":{"insertions":7,"deletions":6}}},{"hash":"f909147d90b8ef6d63454dac179b48f583237ea1","isMergeCommit":true,"messageTitle":"Merge pull request #17 from vinceg4/branch-UpdateAboutUs","messageBody":"Update AboutUs page","fileTypesAndContributionMap":{}},{"hash":"43323661e3e9edecf9209e7daa10e1746a46feee","isMergeCommit":true,"messageTitle":"Merge pull request #26 from tckeong/branch-Update-AboutUs","messageBody":"Update About Us","fileTypesAndContributionMap":{}}]},{"date":"2024-10-04","commitResults":[{"hash":"ed74de6d66a10fc1b1097967257c18225476879f","isMergeCommit":false,"messageTitle":"Update Developer Guide","messageBody":"Update TA, Value proposition and user stories.\n","fileTypesAndContributionMap":{"docs":{"insertions":15,"deletions":12}}},{"hash":"0649f0a565d8cc2af421fb930245f28e4faa741f","isMergeCommit":false,"messageTitle":"Update Developer Guide","messageBody":"Update the glossary of TechConnect.\n","fileTypesAndContributionMap":{"docs":{"insertions":3,"deletions":1}}},{"hash":"64d1d5aea8237fa20d2beac31c792b2aab99a470","isMergeCommit":false,"messageTitle":"Change the name of application","messageBody":"","fileTypesAndContributionMap":{"docs":{"insertions":1,"deletions":1}}},{"hash":"da02d273690b8508f4999c120b00ad0eee39108e","isMergeCommit":false,"messageTitle":"Update index.md","messageBody":"","fileTypesAndContributionMap":{"docs":{"insertions":1,"deletions":1}}},{"hash":"9b487a603030dc3a7443e80e3e24866b2cd38dd8","isMergeCommit":true,"messageTitle":"Merge pull request #38 from mattisongjj/update-site-settings","messageBody":"Update site settings","fileTypesAndContributionMap":{}}]},{"date":"2024-10-10","commitResults":[{"hash":"aff5beef7ddb9e33b84815a80684c9fefe3a0106","isMergeCommit":false,"messageTitle":"Add isBookmark field to a company","messageBody":"Add a boolean field to indicate if a company is bookmarked.\n","fileTypesAndContributionMap":{"functional-code":{"insertions":2,"deletions":0}}}]},{"date":"2024-10-14","commitResults":[{"hash":"a17c6a25895ef18954fb913ab7918894f2c9c4a8","isMergeCommit":true,"messageTitle":"Merge branch \u0027master\u0027 into branch-Bookmark","messageBody":"","fileTypesAndContributionMap":{}},{"hash":"7ce76ab9f32cf2592f1998490dc19b476bc8f8c3","isMergeCommit":false,"messageTitle":"Add support for parsing Bookmark command","messageBody":"","fileTypesAndContributionMap":{"functional-code":{"insertions":73,"deletions":0}}}]},{"date":"2024-10-16","commitResults":[{"hash":"f34756b8f9dc2bb02cbc627c8a1032007a11f1ac","isMergeCommit":true,"messageTitle":"Merge pull request #53 from tckeong/branch-Update-Company-Model","messageBody":"Fix name","fileTypesAndContributionMap":{}},{"hash":"e8f4f39f5d8f2a687b8d87d9be6cb7354c42890d","isMergeCommit":false,"messageTitle":"Fix checkstyle violations","messageBody":"","fileTypesAndContributionMap":{"functional-code":{"insertions":55,"deletions":37}}},{"hash":"203c0e9fad197d9daa0cbd43256a794198325c0a","isMergeCommit":false,"messageTitle":"Fix checkstyle violations in tests","messageBody":"","fileTypesAndContributionMap":{"test-code":{"insertions":292,"deletions":252}}}]},{"date":"2024-10-17","commitResults":[{"hash":"c03f33a5fa9b42c71ec778bfba22e0ace460ed97","isMergeCommit":true,"messageTitle":"Merge branch \u0027master\u0027 into branch-Bookmark","messageBody":"","fileTypesAndContributionMap":{}},{"hash":"372f8d83a04905489ed8e874eed54159743ff7af","isMergeCommit":false,"messageTitle":"Add functionality for bookmarking companies","messageBody":"A new boolean field isBookmark has been added to Company.\nCalling Bookmark on a company with the valid index will toggle\nthe isBookmark value for the company.\n","fileTypesAndContributionMap":{"functional-code":{"insertions":53,"deletions":9}}}]},{"date":"2024-10-19","commitResults":[{"hash":"b38a1d5cdf7a86228cda40ff975f4e7ad3c7177e","isMergeCommit":true,"messageTitle":"Merge branch \u0027master\u0027 into branch-Bookmark","messageBody":"","fileTypesAndContributionMap":{}},{"hash":"129766138fadb2d665077079d72fd3023026d091","isMergeCommit":false,"messageTitle":"Add test cases for BookmarkCommand","messageBody":"Add new test cases to ensure that BookmarkCommand works correctly\nas intended.\n","fileTypesAndContributionMap":{"test-code":{"insertions":74,"deletions":0}}}]},{"date":"2024-10-20","commitResults":[{"hash":"e2343e2080d9140f4f02ff0df389c7a7f5bf6285","isMergeCommit":false,"messageTitle":"Add support for removing bookmarks","messageBody":"A new RemoveBookmarkCommand has been added to\nremove bookmarked companies.\n","fileTypesAndContributionMap":{"functional-code":{"insertions":103,"deletions":4}}},{"hash":"d4daad954cddec533377a12e0e8f3b0eac8de001","isMergeCommit":false,"messageTitle":"Modify implementation of bookmark feature","messageBody":"A new field Bookmark has been added to Company instead of\nthe previous boolean field. This is done to keep in line with\nhow the other fields of Company works.\n","fileTypesAndContributionMap":{"functional-code":{"insertions":125,"deletions":34},"test-code":{"insertions":94,"deletions":15}}}]},{"date":"2024-10-21","commitResults":[{"hash":"ac41ed252fbe3893be82915a40b8d5766b01f6b4","isMergeCommit":false,"messageTitle":"Update test cases for BookmarkCommand","messageBody":"A new class TypicalBookmarkedCompanies which simulates a list\nof bookmarked companies has been added to facilitate testing of\nBookmarkCommand. Test cases for BookmarkCommand has also been\nupdated.\n","fileTypesAndContributionMap":{"functional-code":{"insertions":7,"deletions":19},"test-code":{"insertions":92,"deletions":7}}},{"hash":"904bb5be7457da3aa77219783302d05d281fd5ea","isMergeCommit":false,"messageTitle":"Add tests for RemoveBookmarkCommand","messageBody":"","fileTypesAndContributionMap":{"test-code":{"insertions":80,"deletions":14}}},{"hash":"f51e57496a5fb9e097e832d037f3d7c76d35e1e2","isMergeCommit":false,"messageTitle":"Fix bug in RemoveBookmarkCommandParser","messageBody":"There was a bug where RemoveBookmarkCommandParser was giving\nthe wrong MESSAGE_USAGE. This was fixed with the correct one and\ntest cases have been implemented for RemoveBookmarkCommandParser.\n","fileTypesAndContributionMap":{"functional-code":{"insertions":2,"deletions":1},"test-code":{"insertions":25,"deletions":0}}},{"hash":"8bc3b6b12f5adf160b026fdd0f0702dffa847f10","isMergeCommit":false,"messageTitle":"Add functionality for showing bookmarked company","messageBody":"A BookmarkListCommand class has been added to support the\nfeature of showing all bookmarked companies.\n","fileTypesAndContributionMap":{"functional-code":{"insertions":40,"deletions":0},"test-code":{"insertions":54,"deletions":11}}},{"hash":"785e150aad08fc300706d4e5d98011c6f3361bcf","isMergeCommit":false,"messageTitle":"Update test cases","messageBody":"","fileTypesAndContributionMap":{"functional-code":{"insertions":2,"deletions":2},"test-code":{"insertions":6,"deletions":6}}},{"hash":"87533fe27c8dfdc288cb51c2e6e0060cf9d43945","isMergeCommit":false,"messageTitle":"Fix checkstyle violations","messageBody":"","fileTypesAndContributionMap":{"functional-code":{"insertions":8,"deletions":6},"test-code":{"insertions":5,"deletions":6}}},{"hash":"6efc40e345eaab7420f419aa3a5060c2ed5ccf2d","isMergeCommit":false,"messageTitle":"Fix test cases","messageBody":"","fileTypesAndContributionMap":{"functional-code":{"insertions":9,"deletions":3},"test-code":{"insertions":9,"deletions":3}}},{"hash":"697c062e24bded8fdadf3aa797cc5042fd112011","isMergeCommit":false,"messageTitle":"Modify implementation","messageBody":"","fileTypesAndContributionMap":{"functional-code":{"insertions":1,"deletions":1}}},{"hash":"669cea5249c83c61ea37b9923bef90a4ff23fdaf","isMergeCommit":false,"messageTitle":"Add comments to tests","messageBody":"","fileTypesAndContributionMap":{"test-code":{"insertions":18,"deletions":0}}}]},{"date":"2024-10-22","commitResults":[{"hash":"35494b56f0c620b114624ca833541e9fd4e8bc55","isMergeCommit":false,"messageTitle":"Update UserGuide for bookmark feature","messageBody":"","fileTypesAndContributionMap":{"docs":{"insertions":54,"deletions":22}}}]},{"date":"2024-10-24","commitResults":[{"hash":"db0090a2ddeab8e513ed270515dcacc9254790ad","isMergeCommit":true,"messageTitle":"Merge pull request #79 from tckeong/branch-Fix-Test-Cases","messageBody":"Branch fix test cases","fileTypesAndContributionMap":{}},{"hash":"02e7c2453841fe60267f9fd9e0f53143c22fc190","isMergeCommit":true,"messageTitle":"Merge branch \u0027master\u0027 into branch-UpdateDoc","messageBody":"","fileTypesAndContributionMap":{}},{"hash":"3284b7f4532b67896d5c988489a5d8a1b1c59674","isMergeCommit":false,"messageTitle":"Enable assertions","messageBody":"","fileTypesAndContributionMap":{"other":{"insertions":4,"deletions":0}}},{"hash":"aadd90cd85bce5da0ce9dcb3f54a53e59333bee6","isMergeCommit":false,"messageTitle":"Update UML diagrams","messageBody":"","fileTypesAndContributionMap":{"docs":{"insertions":20,"deletions":14}}},{"hash":"e7f86462e7735b336fc795d8d410580ff52694e0","isMergeCommit":false,"messageTitle":"Fix typo in user guide","messageBody":"","fileTypesAndContributionMap":{"docs":{"insertions":1,"deletions":1}}},{"hash":"621cafe675276c65ebf084d8de4c1415300237a6","isMergeCommit":true,"messageTitle":"Merge pull request #93 from rynlwhh/remark-command","messageBody":"Remark command","fileTypesAndContributionMap":{}}]},{"date":"2024-10-25","commitResults":[{"hash":"8c4a83cd4733bd344097014216d213652207a63b","isMergeCommit":true,"messageTitle":"Merge pull request #97 from rynlwhh/remark-command","messageBody":"Fix remark command","tags":["v1.4"],"fileTypesAndContributionMap":{}}]},{"date":"2024-11-06","commitResults":[{"hash":"a44e86ae82d37eeb145a16b9d25037bd81d76581","isMergeCommit":false,"messageTitle":"Show bookmark value in command message","messageBody":"","fileTypesAndContributionMap":{"functional-code":{"insertions":2,"deletions":0}}},{"hash":"9a53275364355c0b8c42cee1973cff25a8bd1ea4","isMergeCommit":false,"messageTitle":"Modify icon and title","messageBody":"","fileTypesAndContributionMap":{"functional-code":{"insertions":2,"deletions":2}}},{"hash":"eca0de2fda46a2ec98341c3dcec4b5886b9518d2","isMergeCommit":true,"messageTitle":"Fix merging conflicts","messageBody":"","fileTypesAndContributionMap":{}},{"hash":"9b2ab2655f4329d0deebf4a3f06e6d74eb6e749b","isMergeCommit":false,"messageTitle":"Add bookmark indicator to UI","messageBody":"","fileTypesAndContributionMap":{"functional-code":{"insertions":8,"deletions":0}}},{"hash":"efadfd9497d7b224df7ae529ad3b3aa02049c1e7","isMergeCommit":false,"messageTitle":"Add JavaDocs comment to method","messageBody":"","fileTypesAndContributionMap":{"functional-code":{"insertions":5,"deletions":1}}},{"hash":"ae310e0aaa1d438a3ab12433a3dfbf3e444aabad","isMergeCommit":false,"messageTitle":"Add tests for Bookmark","messageBody":"","fileTypesAndContributionMap":{"functional-code":{"insertions":2,"deletions":4},"test-code":{"insertions":28,"deletions":0}}},{"hash":"68a34f030243c08088fbba326daec2ea8ba97fd5","isMergeCommit":false,"messageTitle":"Add tests for prettyString method","messageBody":"","fileTypesAndContributionMap":{"test-code":{"insertions":16,"deletions":0}}},{"hash":"c4e54b9cba9d4b1106914e71376451e863b678b9","isMergeCommit":false,"messageTitle":"Fix checkstyle violations","messageBody":"","fileTypesAndContributionMap":{"functional-code":{"insertions":0,"deletions":2},"test-code":{"insertions":4,"deletions":5}}},{"hash":"bb21dcedc8a40e4a37c342423b257907fd088aa6","isMergeCommit":false,"messageTitle":"Fix bugs","messageBody":"","fileTypesAndContributionMap":{"functional-code":{"insertions":4,"deletions":0}}},{"hash":"0338fb0c13d72b6d942abbd403659d657a6b2aca","isMergeCommit":true,"messageTitle":"Merge branch \u0027master\u0027 into branch-UpdateDoc","messageBody":"","fileTypesAndContributionMap":{}},{"hash":"acd05599d19cb7fef6afe5ba98bd21d378550ad4","isMergeCommit":false,"messageTitle":"Update UG","messageBody":"","fileTypesAndContributionMap":{"functional-code":{"insertions":1,"deletions":1},"docs":{"insertions":44,"deletions":41}}},{"hash":"324f7a0345a4d3af9663e88a69afe9511663990e","isMergeCommit":true,"messageTitle":"Merge pull request #130 from tckeong/branch-Update-UI","messageBody":"Branch update UI","fileTypesAndContributionMap":{}},{"hash":"cf7d923ab9be1d74bf36730088c898867565bb48","isMergeCommit":false,"messageTitle":"Fix checkstyle violations","messageBody":"","fileTypesAndContributionMap":{"docs":{"insertions":1,"deletions":1}}}]}],"LingZiyann":[{"date":"2024-09-27","commitResults":[{"hash":"8a9e2b431573bc67c0e4f07dd86a98fa3bce4a89","isMergeCommit":false,"messageTitle":"Add new Command Remark","messageBody":"","fileTypesAndContributionMap":{"functional-code":{"insertions":253,"deletions":106}}}]},{"date":"2024-10-02","commitResults":[{"hash":"17e6cf074f78d36909afaa79b2ef3113d2580a5e","isMergeCommit":false,"messageTitle":"Revert \"Add new Command Remark\"","messageBody":"This reverts commit 8a9e2b431573bc67c0e4f07dd86a98fa3bce4a89.\n","fileTypesAndContributionMap":{"functional-code":{"insertions":106,"deletions":253}}},{"hash":"c8093c33617031f00e2b40ca585ba0215e8443fa","isMergeCommit":false,"messageTitle":"Update AboutUs to include my information","messageBody":"","fileTypesAndContributionMap":{"docs":{"insertions":6,"deletions":4}}},{"hash":"554823130986752715efc1b6bd8f4ce14245c1fe","isMergeCommit":true,"messageTitle":"Merge pull request #15 from LingZiyann/Update_AboutUs","messageBody":"Update AboutUs to include my information","fileTypesAndContributionMap":{}},{"hash":"5a99de29c36739118a96d7244f8163bb50d10bdd","isMergeCommit":true,"messageTitle":"Merge pull request #24 from mattisongjj/master","messageBody":"Add Mattis to about us","fileTypesAndContributionMap":{}}]},{"date":"2024-10-04","commitResults":[{"hash":"f1c364fa90e276b06ae290d995bcb13635890699","isMergeCommit":false,"messageTitle":"Update DeveloperGuide Non-Functional requirements","messageBody":"","fileTypesAndContributionMap":{"docs":{"insertions":7,"deletions":2}}},{"hash":"3c370ce98612361892b36bf7eace374e0e201ce9","isMergeCommit":true,"messageTitle":"Merge pull request #32 from tckeong/branch-Update-DG","messageBody":"Update Developer Guide Use Case","fileTypesAndContributionMap":{}},{"hash":"cbf448a403e390dee042f46959cf367e6afd6adc","isMergeCommit":true,"messageTitle":"Merge pull request #36 from vinceg4/branch-UpdateDG","messageBody":"Update Developer Guide: TA, Value proposition, User stories and Glossary","fileTypesAndContributionMap":{}}]},{"date":"2024-10-09","commitResults":[{"hash":"aa2e03db4a784d4dc6928ac0a5ce0ee7ac82f580","isMergeCommit":false,"messageTitle":"Add new DifficultyTag class","messageBody":"","fileTypesAndContributionMap":{"functional-code":{"insertions":41,"deletions":0}}},{"hash":"d064f2746da568ac7411923e5a2864be85489df3","isMergeCommit":false,"messageTitle":"Add new DifficultyTag class","messageBody":"","fileTypesAndContributionMap":{"functional-code":{"insertions":57,"deletions":0}}},{"hash":"a07e666c29337b132583ed591dad64f2f0788872","isMergeCommit":true,"messageTitle":"Merge branch \u0027master\u0027 of https://github.com/LingZiyann/tp","messageBody":"# Conflicts:\n#\tsrc/main/java/seedu/address/model/tag/DifficultyTag.java\n#\tsrc/main/java/seedu/address/model/tag/SalaryTag.java\n","fileTypesAndContributionMap":{}}]},{"date":"2024-10-10","commitResults":[{"hash":"9c98181a059d9a9948fb53383a679c631815b019","isMergeCommit":true,"messageTitle":"Merge pull request #47 from mattisongjj/add-contact","messageBody":"Add contact model","fileTypesAndContributionMap":{}},{"hash":"b42063cd13349b1e766e5c5632f1705a091bd0f2","isMergeCommit":true,"messageTitle":"Merge pull request #44 from tckeong/branch-Update-EditCommand","messageBody":"Update Edit Parser","fileTypesAndContributionMap":{}}]},{"date":"2024-10-11","commitResults":[{"hash":"c6c79764eb0c3cf1056899c560e5866cd568b617","isMergeCommit":false,"messageTitle":"Minor Update to fix v1.2 submission","messageBody":"","fileTypesAndContributionMap":{"functional-code":{"insertions":4,"deletions":1}}},{"hash":"7e09c69620a9f80488151a1d2d120a2f3a6a8bf5","isMergeCommit":true,"messageTitle":"Merge pull request #50 from LingZiyann/tag-feature","messageBody":"Minor Update to fix v1.2 submission","fileTypesAndContributionMap":{}}]},{"date":"2024-10-16","commitResults":[{"hash":"9b66af267d444b9310643a23705231c9c4470802","isMergeCommit":true,"messageTitle":"Merge pull request #52 from tckeong/branch-Update-Company-Model","messageBody":"Branch update company model","fileTypesAndContributionMap":{}},{"hash":"1c4ec4a474746679a14dfabf402d4e77848ebe38","isMergeCommit":false,"messageTitle":"Add Tagging functionality","messageBody":"Two Tags, Salary and Difficulty is now Supported\nTag class acts as a default Tag for when user tries to input a non-supported Tag\n\nPreviously Tags were constructed through the Tag class, but now it\u0027s done through TagBuilder Class\nMinor Refactoring/Renaming was done to the codebase to make this possible\n","fileTypesAndContributionMap":{"functional-code":{"insertions":136,"deletions":68},"test-code":{"insertions":25,"deletions":52}}},{"hash":"4a9ff399c81bc8ea2fb67d894129a81b1bb89951","isMergeCommit":false,"messageTitle":"Add Tagging functionality","messageBody":"Two Tags, Salary and Difficulty is now Supported\nTag class acts as a default Tag for when user tries to input a non-supported Tag\n\nPreviously Tags were constructed through the Tag class, but now it\u0027s done through TagBuilder Class\nMinor Refactoring/Renaming was done to the codebase to make this possible\n","fileTypesAndContributionMap":{"functional-code":{"insertions":139,"deletions":66},"test-code":{"insertions":25,"deletions":52}}},{"hash":"c4d5d8d08b97157d98d4d2bb2219c100fb821da9","isMergeCommit":true,"messageTitle":"Merge branch \u0027tag-feature\u0027 of https://github.com/LingZiyann/tp into tag-feature","messageBody":"# Conflicts:\n#\tsrc/main/java/seedu/address/model/tag/DifficultyTag.java\n#\tsrc/main/java/seedu/address/model/tag/SalaryTag.java\n#\tsrc/main/java/seedu/address/model/tag/Tag.java\n#\tsrc/main/java/seedu/address/model/tag/TagBuilder.java\n","fileTypesAndContributionMap":{}},{"hash":"2e41d5fdb421d6cef98ab63a923b42404d404b11","isMergeCommit":true,"messageTitle":"Merge branch \u0027master\u0027 of https://github.com/AY2425S1-CS2103T-F10-4/tp into tag-feature","messageBody":"# Conflicts:\n#\tsrc/main/java/seedu/address/logic/commands/EditCommand.java\n#\tsrc/main/java/seedu/address/logic/parser/AddCommandParser.java\n#\tsrc/main/java/seedu/address/model/tag/SalaryTag.java\n#\tsrc/test/java/seedu/address/logic/parser/AddCommandParserTest.java\n","fileTypesAndContributionMap":{}},{"hash":"cea7dfd0d86273989c4abfe489b86fe8a98c2d52","isMergeCommit":false,"messageTitle":"Fix minor checkstyle","messageBody":"","fileTypesAndContributionMap":{"functional-code":{"insertions":16,"deletions":13}}},{"hash":"a88f400ca65415668baa4a306bba960b1a77d510","isMergeCommit":false,"messageTitle":"Fix checkstyle issues","messageBody":"","fileTypesAndContributionMap":{"functional-code":{"insertions":6,"deletions":4},"test-code":{"insertions":14,"deletions":10}}}]},{"date":"2024-10-21","commitResults":[{"hash":"9a3c4467a85f89fd6a14177b3743e3ab2a5b5c2f","isMergeCommit":true,"messageTitle":"Merge pull request #72 from vinceg4/branch-Bookmark","messageBody":"Add bookmark feature","fileTypesAndContributionMap":{}}]},{"date":"2024-10-23","commitResults":[{"hash":"fb1e31b4c2a760df5345719767313e3067bcee34","isMergeCommit":false,"messageTitle":"Add PeriodTag and WorkLifeBalanceTag Add Tests for TagBuilder class which is in charge of building all the different tags","messageBody":"","fileTypesAndContributionMap":{"functional-code":{"insertions":182,"deletions":27},"test-code":{"insertions":93,"deletions":0}}},{"hash":"debfec6c83f37a1b883dc82f78bd2529b355286a","isMergeCommit":false,"messageTitle":"Refactor existing tests to make it compatible for companies with Tags JsonAdaptedTag class mainly refactored to properly parse Tags in the JSON data to be suitable for TagBuilder Find command adjusted to work for tags too but no new test were written","messageBody":"","fileTypesAndContributionMap":{"functional-code":{"insertions":57,"deletions":28},"test-code":{"insertions":24,"deletions":20}}},{"hash":"59054cc31fa7e60cf8bebe67f915b2d2a4fcd255","isMergeCommit":false,"messageTitle":"Refactor existing tests to make it compatible for companies with Tags JsonAdaptedTag class mainly refactored to properly parse Tags in the JSON data to be suitable for TagBuilder Find command adjusted to work for tags too but no new test were written","messageBody":"","fileTypesAndContributionMap":{"functional-code":{"insertions":57,"deletions":28},"test-code":{"insertions":28,"deletions":22}}},{"hash":"44547bf089e5ae9213c9e512c48b85db49d98dd4","isMergeCommit":true,"messageTitle":"Merge branch \u0027tag-feature\u0027 of https://github.com/LingZiyann/tp into tag-feature","messageBody":"# Conflicts:\n#\tsrc/main/java/seedu/address/model/util/SampleDataUtil.java\n#\tsrc/test/java/seedu/address/testutil/TypicalCompanies.java\n","fileTypesAndContributionMap":{}},{"hash":"150d80e14072eac479702d77b9b003e68a115467","isMergeCommit":false,"messageTitle":"Update User Documentation","messageBody":"","fileTypesAndContributionMap":{"docs":{"insertions":50,"deletions":2}}},{"hash":"5f8667105d92ee74cf4ad1d79cf7d0aced097cdb","isMergeCommit":false,"messageTitle":"Fix checkstyle issues","messageBody":"","fileTypesAndContributionMap":{"functional-code":{"insertions":1,"deletions":1}}},{"hash":"0f7b9d4dbede8b8583a905170f4932e6d910455e","isMergeCommit":false,"messageTitle":"Update UserGuide.md","messageBody":"","fileTypesAndContributionMap":{"docs":{"insertions":1,"deletions":1}}}]},{"date":"2024-10-24","commitResults":[{"hash":"339d1108c81558e168f9dfc50ac6deebda5d154b","isMergeCommit":false,"messageTitle":"Add assertions and update ModelClassDiagram UML","messageBody":"","fileTypesAndContributionMap":{"functional-code":{"insertions":6,"deletions":0},"docs":{"insertions":24,"deletions":12}}},{"hash":"31bc89812867cd1fdfca9c730081ac34a19ea1f9","isMergeCommit":true,"messageTitle":"Merge pull request #82 from vinceg4/branch-UpdateDoc","messageBody":"Update documentation","fileTypesAndContributionMap":{}},{"hash":"550eec15480467a12cffb6613f4a1871bf6cb8b3","isMergeCommit":true,"messageTitle":"Merge pull request #84 from tckeong/branch-Update-UML-Diagram","messageBody":"Update UML Diagram","fileTypesAndContributionMap":{}},{"hash":"1f3ef317890087e9244f0d426bef9afff6d11fa5","isMergeCommit":true,"messageTitle":"Merge branch \u0027master\u0027 of https://github.com/AY2425S1-CS2103T-F10-4/tp into tag-feature","messageBody":"# Conflicts:\n#\tdocs/diagrams/ModelClassDiagram.puml\n","fileTypesAndContributionMap":{}},{"hash":"723860ec7cd4a26e37940af5c02c9a9c5361507c","isMergeCommit":false,"messageTitle":"Update UML diagram","messageBody":"","fileTypesAndContributionMap":{"docs":{"insertions":0,"deletions":4}}}]},{"date":"2024-11-06","commitResults":[{"hash":"9c8fba22d4817b78f1da85ab4022135fb0908d5d","isMergeCommit":false,"messageTitle":"Update comments and changed certain public tag classes to private-package","messageBody":"","fileTypesAndContributionMap":{"functional-code":{"insertions":17,"deletions":17}}},{"hash":"18fb1193301fde5469c962938beb4e463c5d6869","isMergeCommit":true,"messageTitle":"Merge pull request #125 from mattisongjj/add-command-feedback","messageBody":"Add url to feedback message","fileTypesAndContributionMap":{}},{"hash":"8c48027c4b228602007159e698307b2d80d3fe3d","isMergeCommit":true,"messageTitle":"Merge pull request #127 from vinceg4/branch-UpdateUI","messageBody":"Update icon and title in UI","fileTypesAndContributionMap":{}},{"hash":"c72cf311e6f667bfa7f327e975a24c6145637de2","isMergeCommit":true,"messageTitle":"Merge pull request #128 from mattisongjj/add-ui-application-status","messageBody":"Update UI on application status command execute","fileTypesAndContributionMap":{}},{"hash":"3c5ed8144210036322d69ee5597c290545240b34","isMergeCommit":false,"messageTitle":"Update UserGuide and throw different error message when empty tag field is provided","messageBody":"","fileTypesAndContributionMap":{"functional-code":{"insertions":4,"deletions":0},"docs":{"insertions":25,"deletions":5},"test-code":{"insertions":8,"deletions":3}}},{"hash":"6cba99814c671501c454eed5bc5ad9c99d1026dc","isMergeCommit":true,"messageTitle":"Merge pull request #129 from vinceg4/branch-UpdateDoc","messageBody":"Update UserGuide","fileTypesAndContributionMap":{}},{"hash":"8eeb294d49b9edc310d6aaaeefa720c6a737da77","isMergeCommit":true,"messageTitle":"Merge branch \u0027master\u0027 of https://github.com/AY2425S1-CS2103T-F10-4/tp into tag-feature","messageBody":"# Conflicts:\n#\tdocs/UserGuide.md\n","fileTypesAndContributionMap":{}},{"hash":"845d1bfc124ddb0a3e2902adca251d4f01686450","isMergeCommit":false,"messageTitle":"Fix checkstyle issues","messageBody":"","fileTypesAndContributionMap":{"test-code":{"insertions":6,"deletions":3}}}]}],"mattisongjj":[{"date":"2024-09-20","commitResults":[{"hash":"0dc9518f10df0bfc0077cb976c4566f6114516df","isMergeCommit":true,"messageTitle":"Merge remote-tracking branch \u0027upstream/switch-docs-to-markbind\u0027","messageBody":"","fileTypesAndContributionMap":{}},{"hash":"260b054a3d5b555e22953a1f584e71aa43244005","isMergeCommit":false,"messageTitle":"Setup Markbind","messageBody":"","fileTypesAndContributionMap":{"docs":{"insertions":1,"deletions":1}}},{"hash":"4f5af12dc04209d9201a8ba385a129d2ca31519d","isMergeCommit":false,"messageTitle":"Update README.md","messageBody":"","fileTypesAndContributionMap":{"docs":{"insertions":1,"deletions":0}}}]},{"date":"2024-10-02","commitResults":[{"hash":"d2bf609d2035c4c97e807515fc21400c4eb4b7f0","isMergeCommit":false,"messageTitle":"Edit AboutUs","messageBody":"","fileTypesAndContributionMap":{"docs":{"insertions":3,"deletions":44}}},{"hash":"5410a105354e0c5453a6a4f3cccae4352bb71f88","isMergeCommit":true,"messageTitle":"Merge remote-tracking branch \u0027upstream/master\u0027","messageBody":"","fileTypesAndContributionMap":{}},{"hash":"4b92e29bfee7764ee75e73c8659309b561b6a105","isMergeCommit":true,"messageTitle":"Merge remote-tracking branch \u0027upstream/master\u0027","messageBody":"","fileTypesAndContributionMap":{}}]},{"date":"2024-10-04","commitResults":[{"hash":"78dfd31b06fc22bd6a3903da6f565f6eeb419aa5","isMergeCommit":false,"messageTitle":"Update README","messageBody":"","fileTypesAndContributionMap":{"docs":{"insertions":3,"deletions":10}}},{"hash":"091b1a7bd1df63bf75b83f735e225e90074b8f56","isMergeCommit":false,"messageTitle":"Update site-wide settings","messageBody":"","fileTypesAndContributionMap":{"docs":{"insertions":1,"deletions":1}}},{"hash":"57142198e069c002aa44c0a6d7dbe37e80905ce8","isMergeCommit":true,"messageTitle":"Merge branch \u0027AY2425S1-CS2103T-F10-4:master\u0027 into master","messageBody":"","fileTypesAndContributionMap":{}},{"hash":"b6310509b905a23bd88d70f29ac4822f9914945c","isMergeCommit":false,"messageTitle":"Update site settings","messageBody":"","fileTypesAndContributionMap":{"docs":{"insertions":6,"deletions":6}}}]},{"date":"2024-10-10","commitResults":[{"hash":"ee3ec0c67ac56568a65a5d76afa0ec83253f8ee5","isMergeCommit":false,"messageTitle":"Add contact model","messageBody":"","fileTypesAndContributionMap":{"functional-code":{"insertions":260,"deletions":105},"other":{"insertions":32,"deletions":27},"test-code":{"insertions":345,"deletions":297}}},{"hash":"62cbd9d138e20d6691176a09572fe10db1dfa4ed","isMergeCommit":true,"messageTitle":"Merge pull request #40 from LingZiyann/master","messageBody":"Add new DifficultyTag class","fileTypesAndContributionMap":{}}]},{"date":"2024-10-17","commitResults":[{"hash":"c21fbbc5051ff1a99052bfee26e97a72e7583997","isMergeCommit":false,"messageTitle":"Add career page url property","messageBody":"","fileTypesAndContributionMap":{"functional-code":{"insertions":76,"deletions":2}}},{"hash":"2067f91fb8566c43a4780f02dc8ee99cd6be38b2","isMergeCommit":false,"messageTitle":"Integrate career page url for add command parser","messageBody":"","fileTypesAndContributionMap":{"functional-code":{"insertions":22,"deletions":12}}},{"hash":"2a80a0aa5a5fe004db0cd2653d7275ac68375d20","isMergeCommit":false,"messageTitle":"Add career page url to edit and sample data","messageBody":"","fileTypesAndContributionMap":{"functional-code":{"insertions":42,"deletions":33}}},{"hash":"9c4d0de8402a790bc56942de78044b76c87dc1bd","isMergeCommit":false,"messageTitle":"Add career page url UI","messageBody":"","fileTypesAndContributionMap":{"functional-code":{"insertions":5,"deletions":1}}},{"hash":"1e4bd4fc484b046c3c9ef45b006c854e8a86c862","isMergeCommit":false,"messageTitle":"Fix checkstyle issues","messageBody":"","fileTypesAndContributionMap":{"functional-code":{"insertions":46,"deletions":9}}},{"hash":"51c91452ef350d083cda3199e3080a76698809c9","isMergeCommit":false,"messageTitle":"Add test for url","messageBody":"","fileTypesAndContributionMap":{"test-code":{"insertions":32,"deletions":13}}},{"hash":"9198c7453ac2ca805f4d62b4b3af0badeb436100","isMergeCommit":true,"messageTitle":"Merge remote-tracking branch \u0027upstream/master\u0027","messageBody":"","fileTypesAndContributionMap":{}},{"hash":"acc2aa24ae78018524ab2f8c15ee073222ebf484","isMergeCommit":true,"messageTitle":"Merge pull request #62 from rynlwhh/find-command","messageBody":"Fix find company tests","fileTypesAndContributionMap":{}},{"hash":"d929aa00302175959fedd57c330786fc0a97d766","isMergeCommit":true,"messageTitle":"Merge remote-tracking branch \u0027upstream/master\u0027","messageBody":"","fileTypesAndContributionMap":{}},{"hash":"dc29f9fdce07658565e7e530590feb27c2dde88d","isMergeCommit":false,"messageTitle":"Fix test cases","messageBody":"","fileTypesAndContributionMap":{"test-code":{"insertions":12,"deletions":3}}},{"hash":"b339f4660549d5c0e3887b1e2d8aa64c71c47776","isMergeCommit":true,"messageTitle":"Merge pull request #67 from rynlwhh/edit-command","messageBody":"Fix tests","fileTypesAndContributionMap":{}},{"hash":"0eeae400664f3805a932b90039f6a6c362519f0a","isMergeCommit":false,"messageTitle":"Update version number","messageBody":"","fileTypesAndContributionMap":{"functional-code":{"insertions":1,"deletions":1},"other":{"insertions":1,"deletions":1}}}]},{"date":"2024-10-24","commitResults":[{"hash":"2e3ccb9ca5adf69eb6d1851092218924a4134ace","isMergeCommit":false,"messageTitle":"Add initial class for application status command","messageBody":"","fileTypesAndContributionMap":{"functional-code":{"insertions":23,"deletions":13},"test-code":{"insertions":27,"deletions":8}}},{"hash":"091e5c8902fad254d02ac7f2f9ed9b5f0d729e41","isMergeCommit":false,"messageTitle":"Fix checkstyle","messageBody":"","fileTypesAndContributionMap":{"other":{"insertions":4,"deletions":0},"test-code":{"insertions":9,"deletions":1}}},{"hash":"6ae46fa156e6e0f76b1c834274cd211e2ceac986","isMergeCommit":false,"messageTitle":"Add application status command parser","messageBody":"","fileTypesAndContributionMap":{"functional-code":{"insertions":95,"deletions":3},"test-code":{"insertions":78,"deletions":4}}},{"hash":"dc688ac83c1518758d1854a6ae1c37ff8b05bc33","isMergeCommit":false,"messageTitle":"Add application status command","messageBody":"","fileTypesAndContributionMap":{"functional-code":{"insertions":125,"deletions":22},"test-code":{"insertions":90,"deletions":35}}},{"hash":"b7a62209a7608975c8c4a8e5ae8ef58e27723b1c","isMergeCommit":false,"messageTitle":"Modify test cases","messageBody":"","fileTypesAndContributionMap":{"test-code":{"insertions":2,"deletions":23}}},{"hash":"23053d7c95fcfe9f279cffad297bf843ac670eec","isMergeCommit":true,"messageTitle":"Resolve merge conflicts","messageBody":"","fileTypesAndContributionMap":{}},{"hash":"1ce8b6354503074e0865946740570cd7c73309f6","isMergeCommit":false,"messageTitle":"Update UG and diagrams","messageBody":"","fileTypesAndContributionMap":{"docs":{"insertions":136,"deletions":75}}}]},{"date":"2024-11-06","commitResults":[{"hash":"a1924b02c3ef03ca9e8ae147f30f301affc7500d","isMergeCommit":false,"messageTitle":"Add url to feedback message","messageBody":"","fileTypesAndContributionMap":{"functional-code":{"insertions":2,"deletions":0}}},{"hash":"776f36b842b17ea8228e224a52bb6bdf0fbc70c8","isMergeCommit":false,"messageTitle":"Update UI on application status command execute","messageBody":"","fileTypesAndContributionMap":{"functional-code":{"insertions":9,"deletions":9}}}]}],"rynlwhh":[{"date":"2024-10-02","commitResults":[{"hash":"40d4b35a25ff261d5dcb48a5bf231dd3b44859df","isMergeCommit":false,"messageTitle":"Update AboutUs.md","messageBody":"","fileTypesAndContributionMap":{"docs":{"insertions":8,"deletions":7}}},{"hash":"aa08498df3ee3e23b247938278f7e06125727fc7","isMergeCommit":true,"messageTitle":"Merge branch \u0027master\u0027 into UpdateAboutUs","messageBody":"","fileTypesAndContributionMap":{}},{"hash":"d5cfedbbf74a098212b88861c33da585b2089f14","isMergeCommit":true,"messageTitle":"Merge pull request #23 from rynlwhh/UpdateAboutUs","messageBody":"Update AboutUs.md","fileTypesAndContributionMap":{}}]},{"date":"2024-10-10","commitResults":[{"hash":"4b0a0d53b736de62529207efade604f7fc10196e","isMergeCommit":false,"messageTitle":"Add find command","messageBody":"","fileTypesAndContributionMap":{"functional-code":{"insertions":25,"deletions":17}}},{"hash":"dc21ae8812148dbee5ec1315d448d4efb4a2a99a","isMergeCommit":true,"messageTitle":"Merge branch \u0027master\u0027 into find-command","messageBody":"","fileTypesAndContributionMap":{}}]},{"date":"2024-10-16","commitResults":[{"hash":"717c7bd7445172e418fb1c5889af35210f6ed2bb","isMergeCommit":true,"messageTitle":"Merge pull request #55 from tckeong/branch-Update-Company-Data","messageBody":"Update Company Test Data","fileTypesAndContributionMap":{}}]},{"date":"2024-10-17","commitResults":[{"hash":"5b7621fbcf7504e1ceacfd392cce9a2b9a375d8c","isMergeCommit":false,"messageTitle":"Fix find company tests","messageBody":"","fileTypesAndContributionMap":{"functional-code":{"insertions":1,"deletions":1},"test-code":{"insertions":20,"deletions":10}}},{"hash":"c3f4c4233a6702add3f16a569e61aea2542c731d","isMergeCommit":true,"messageTitle":"Merge pull request #59 from LingZiyann/tag-feature","messageBody":"Tag feature","fileTypesAndContributionMap":{}},{"hash":"d9824a3b6c5fae029132bc7a5c8efb2c4c21aea2","isMergeCommit":false,"messageTitle":"Fix edit company tests","messageBody":"","fileTypesAndContributionMap":{"functional-code":{"insertions":13,"deletions":5}}},{"hash":"79a51e86e83c4da7f6e3a772fd393db572372855","isMergeCommit":false,"messageTitle":"Revert \"Update README.md\"","messageBody":"This reverts commit 4f5af12dc04209d9201a8ba385a129d2ca31519d.\n","fileTypesAndContributionMap":{"docs":{"insertions":0,"deletions":1}}},{"hash":"8ad9b629e94b7a283693fa1b4c10fcf0ced8d27a","isMergeCommit":true,"messageTitle":"Merge pull request #64 from mattisongjj/add-career-page-url","messageBody":"Add career page url","tags":["v1.3"],"fileTypesAndContributionMap":{}},{"hash":"7f8d10d3032fb19ab6c693569b36ad6c3a1442e4","isMergeCommit":true,"messageTitle":"Merge branch \u0027master\u0027 of https://github.com/rynlwhh/tp into edit-command Fix edit command","messageBody":"","fileTypesAndContributionMap":{}},{"hash":"d7f818f3810886d1a98f5f20849862df9069f00c","isMergeCommit":false,"messageTitle":"Fix LogicManagerTest","messageBody":"","fileTypesAndContributionMap":{"functional-code":{"insertions":42,"deletions":25},"test-code":{"insertions":153,"deletions":70}}},{"hash":"837332da1fbb8df8dc892d674537f157904cbd28","isMergeCommit":false,"messageTitle":"Fix and disable all the tests","messageBody":"","fileTypesAndContributionMap":{"functional-code":{"insertions":1,"deletions":1},"test-code":{"insertions":15,"deletions":2}}}]},{"date":"2024-10-23","commitResults":[{"hash":"03b6c6ad706cf87e1cefdc188c078c9a5e129d89","isMergeCommit":true,"messageTitle":"Merge branch \u0027master\u0027 of https://github.com/rynlwhh/tp","messageBody":"Merge with remote repo\n","fileTypesAndContributionMap":{}},{"hash":"491647779482fb52b6f8e30c2f3eb2f7f7373b31","isMergeCommit":false,"messageTitle":"Add remark field and class to model","messageBody":"","fileTypesAndContributionMap":{"functional-code":{"insertions":56,"deletions":12}}},{"hash":"cc56b06f63a1a14198a98f562eec49772d208207","isMergeCommit":false,"messageTitle":"Add RemarkCommand and RemarkCommandParser","messageBody":"","fileTypesAndContributionMap":{"functional-code":{"insertions":236,"deletions":53}}},{"hash":"2bd3b7c37480d43931f5a8b5e5ef18223fcc8638","isMergeCommit":true,"messageTitle":"Merge pull request #78 from LingZiyann/tag-feature","messageBody":"Tag feature","fileTypesAndContributionMap":{}},{"hash":"74888e075e1f477344d35b3f766bdeed5b68c2dc","isMergeCommit":false,"messageTitle":"Fix 5 errors","messageBody":"","fileTypesAndContributionMap":{"functional-code":{"insertions":37,"deletions":15},"test-code":{"insertions":166,"deletions":115}}}]},{"date":"2024-10-24","commitResults":[{"hash":"86a0619851780676eae26ce533295206ae35ade8","isMergeCommit":true,"messageTitle":"Merge pull request #91 from mattisongjj/add-documentation","messageBody":"Update UG and diagrams","fileTypesAndContributionMap":{}},{"hash":"af6f3858d79829b57003f85e7b96337b54563a5d","isMergeCommit":true,"messageTitle":"Merge pull request #88 from mattisongjj/add-application-status","messageBody":"Add application status","fileTypesAndContributionMap":{}},{"hash":"91db1e749f348a2ce2da72f96ef0dbc27534a9de","isMergeCommit":true,"messageTitle":"Merge pull request #86 from LingZiyann/tag-feature","messageBody":"Add assertions and update ModelClassDiagram UML","fileTypesAndContributionMap":{}},{"hash":"c56f1b7180cfcdb153bfc5d19f6be940ac8211e2","isMergeCommit":true,"messageTitle":"Fix merge conflict","messageBody":"","fileTypesAndContributionMap":{}},{"hash":"39891f06733816cf399ec79ea41c1d16efdd8f7c","isMergeCommit":false,"messageTitle":"Make test cases for RemarkCommand and RemarkCommandParser","messageBody":"","fileTypesAndContributionMap":{"test-code":{"insertions":213,"deletions":0}}},{"hash":"7c5d222e1a92a1cd01a9f27c86194539e87888bb","isMergeCommit":false,"messageTitle":"Fix and disable test cases","messageBody":"","fileTypesAndContributionMap":{"functional-code":{"insertions":11,"deletions":13},"test-code":{"insertions":15,"deletions":2}}},{"hash":"d23ef0ecea49b41024d53f5321bb572fec24968a","isMergeCommit":false,"messageTitle":"Fix DG and EOF error","messageBody":"","fileTypesAndContributionMap":{"docs":{"insertions":5,"deletions":5}}}]},{"date":"2024-10-25","commitResults":[{"hash":"5c8ed4c09c3048b8febc35a6e243f3f2a29fe872","isMergeCommit":false,"messageTitle":"Fix remark command so add command works","messageBody":"","fileTypesAndContributionMap":{"functional-code":{"insertions":3,"deletions":3}}},{"hash":"a464d00d3eb02c782800bfd55a9c932999831eae","isMergeCommit":false,"messageTitle":"Update UserGuide.md to include remark command","messageBody":"","fileTypesAndContributionMap":{"docs":{"insertions":91,"deletions":83}}},{"hash":"949a7bccb3233d361c66e43962c7a9aa0ace8630","isMergeCommit":false,"messageTitle":"Disable test","messageBody":"","fileTypesAndContributionMap":{"test-code":{"insertions":2,"deletions":0}}},{"hash":"cb47cf65c1bde75cf5aa25abc8c1d7845e06766e","isMergeCommit":false,"messageTitle":"Add line at end of UserGuide.md","messageBody":"","fileTypesAndContributionMap":{"docs":{"insertions":1,"deletions":1}}}]},{"date":"2024-11-06","commitResults":[{"hash":"328aa947a8009b5439d9a941854991f6ab6fafd1","isMergeCommit":true,"messageTitle":"Merge pull request #132 from tckeong/branch-Fix-Test-Cases","messageBody":"Branch fix test cases","fileTypesAndContributionMap":{}},{"hash":"5fa7dc5a8d56bb99de227456a55f385dd1e3208d","isMergeCommit":true,"messageTitle":"Merge pull request #133 from tckeong/branch-Update-Company-Duplicate-Name","messageBody":"Update Company Duplicate Name","fileTypesAndContributionMap":{}},{"hash":"1b990548da69da50e1fdb921a7a646066ce462fa","isMergeCommit":true,"messageTitle":"Merge pull request #134 from tckeong/branch-Update-Remark-Command","messageBody":"Update feedback message","fileTypesAndContributionMap":{}},{"hash":"5673b2621e49637d53b4edf9a834c2b27796d057","isMergeCommit":true,"messageTitle":"Merge pull request #131 from LingZiyann/tag-feature","messageBody":"Tag Feature Updates","fileTypesAndContributionMap":{}}]}],"tckeong":[{"date":"2024-10-02","commitResults":[{"hash":"f9bece8a5cbaf598c4a4ef73f791cc1d2480bafc","isMergeCommit":false,"messageTitle":"Update AboutUs","messageBody":"Update the AboutUs file.\n\nModify AboutUs.md.\n","fileTypesAndContributionMap":{"docs":{"insertions":11,"deletions":0}}}]},{"date":"2024-10-04","commitResults":[{"hash":"c1cef8ba77ede55528f3adf48a6ac7a718b7c493","isMergeCommit":true,"messageTitle":"Merge pull request #30 from LingZiyann/master","messageBody":"Update DeveloperGuide Non-Functional requirements","fileTypesAndContributionMap":{}},{"hash":"31d4e5efcbf68210eee50e96af87471849308d2b","isMergeCommit":true,"messageTitle":"Merge pull request #31 from mattisongjj/master","messageBody":"Update readME and project website","fileTypesAndContributionMap":{}},{"hash":"335a3f333f76fb77a4bae771bf576fb2c16c8fec","isMergeCommit":false,"messageTitle":"Update DG Use Case","messageBody":"Update the use case in Developer Guide\n\nModify the DeveloperGuide.md, and change the original use case, add\nmore use cases\n","fileTypesAndContributionMap":{"docs":{"insertions":51,"deletions":12}}}]},{"date":"2024-10-10","commitResults":[{"hash":"e4d9769f6ff81da7e87b540637a66cd3a0c4b596","isMergeCommit":true,"messageTitle":"Merge pull request #43 from vinceg4/branch-Bookmark","messageBody":"Add isBookmark field to a company","fileTypesAndContributionMap":{}},{"hash":"a48a734835a8ae23eac408b0c4ea74e11f1bb272","isMergeCommit":false,"messageTitle":"Update Edit Parser","messageBody":"Change the edit parser to the MVP format\n\nRemove all the command prefix except for the name and phone that should\nbe in the MVP in the EditCommandParser.java\n","fileTypesAndContributionMap":{"functional-code":{"insertions":2,"deletions":9}}}]},{"date":"2024-10-11","commitResults":[{"hash":"18c81a6e5fc0e4da76c5ff56b78f54d3edd84936","isMergeCommit":true,"messageTitle":"Merge pull request #49 from rynlwhh/find-command","messageBody":"Update find command","fileTypesAndContributionMap":{}}]},{"date":"2024-10-15","commitResults":[{"hash":"8666c807d6bd6b960efe2407469bf2f790c962c8","isMergeCommit":false,"messageTitle":"Update company model","messageBody":"Change the model from original person to company, to suit this project.\n\nChange the package name from Person to Company, change the class Person\nto Company class, modify the methods, change the methods name that\nrelevant to Person to Company. Basically this modify just changing the\nname.\n","fileTypesAndContributionMap":{"functional-code":{"insertions":442,"deletions":571},"other":{"insertions":145,"deletions":158},"docs":{"insertions":30,"deletions":30},"test-code":{"insertions":669,"deletions":679}}},{"hash":"6e919e1798f1e316e690e2ddfe027a49d85d9ae8","isMergeCommit":true,"messageTitle":"Update company model","messageBody":"Change the model from original person to company, to suit this project.\n\nChange the package name from Person to Company, change the class Person\nto Company class, modify the methods, change the methods name that\nrelevant to Person to Company. Basically this modify just changing the\nname.\n","fileTypesAndContributionMap":{}}]},{"date":"2024-10-16","commitResults":[{"hash":"0d4717ac3b314b31c01167421347a032c7272057","isMergeCommit":false,"messageTitle":"Update MainWindow","messageBody":"Fix the bug that the companyListPanelPlaceholder is null\n\nChange the personListPanelPlaceholder to companyListPanelPlaceholder in\nMainWindow.fxml\n","fileTypesAndContributionMap":{"functional-code":{"insertions":1,"deletions":1}}},{"hash":"96c4d73b3e292f481a559e1f54db23145e9057e8","isMergeCommit":false,"messageTitle":"Fix name","messageBody":"Update the companyListView in CompanyListPanel\n","fileTypesAndContributionMap":{"functional-code":{"insertions":4,"deletions":4}}},{"hash":"0f132e53d08e122068a5eaba24b53bba94b3fadc","isMergeCommit":false,"messageTitle":"Update Company Test Data","messageBody":"Update the test data, from person data to some company data.\n\nModify the sample data, and the json test data. Change them to some\nexisted company data.\n","fileTypesAndContributionMap":{"functional-code":{"insertions":12,"deletions":12},"test-code":{"insertions":323,"deletions":323}}},{"hash":"380b13cefc4fb211dcda14a90b77c796c2703de9","isMergeCommit":true,"messageTitle":"Merge pull request #57 from vinceg4/branch-Checkstyle","messageBody":"Fix checkstyle violations","fileTypesAndContributionMap":{}}]},{"date":"2024-10-17","commitResults":[{"hash":"e153c72780c85f426ec6583ae4acb92d8ff95c45","isMergeCommit":true,"messageTitle":"Merge pull request #68 from mattisongjj/master","messageBody":"Update version number","fileTypesAndContributionMap":{}},{"hash":"d46ae4967977abeaf6ff93811023ccfa272a2273","isMergeCommit":false,"messageTitle":"Update list command","messageBody":"change the command description.\n","fileTypesAndContributionMap":{"functional-code":{"insertions":1,"deletions":1}}},{"hash":"c5ff712db79b2c7e6fb94d349388c0587d20d212","isMergeCommit":true,"messageTitle":"Merge branch \u0027master\u0027 of github.com:AY2425S1-CS2103T-F10-4/tp","messageBody":"","fileTypesAndContributionMap":{}},{"hash":"34fc403e1e5afc9d8fa2dff1b92cceb1c14f27a6","isMergeCommit":true,"messageTitle":"Merge pull request #70 from tckeong/master","messageBody":"Update list command","fileTypesAndContributionMap":{}}]},{"date":"2024-10-22","commitResults":[{"hash":"bb7d280870ab789bf1f0933321372b51fde724da","isMergeCommit":false,"messageTitle":"Update partial user guide","messageBody":"Update partial user guide, make it more UI/UX friendly.\n","fileTypesAndContributionMap":{"docs":{"insertions":23,"deletions":11}}},{"hash":"58efe17f55d5d9420b15a3b6cfdbf9be6ef13ceb","isMergeCommit":true,"messageTitle":"Merge pull request #77 from tckeong/branch-Update-Partial-User-Guide","messageBody":"Update partial user guide","fileTypesAndContributionMap":{}}]},{"date":"2024-10-24","commitResults":[{"hash":"5d3229380af33f908bf1beed3ccaf1f5946efbc9","isMergeCommit":false,"messageTitle":"Fix test cases","messageBody":"Fix current disabled test cases.\n\nMost due to new added careerPageUrl, the past code and dataset does not\nadd this field, modify the code to add careerPageUrl to the code and the\ndataset.\n","fileTypesAndContributionMap":{"functional-code":{"insertions":6,"deletions":4},"test-code":{"insertions":9,"deletions":15}}},{"hash":"b1e18a5170cb33a37d4c84902da21baca2c90aed","isMergeCommit":true,"messageTitle":"Update company model","messageBody":"Change the model from original person to company, to suit this project.\n\nChange the package name from Person to Company, change the class Person\nto Company class, modify the methods, change the methods name that\nrelevant to Person to Company. Basically this modify just changing the\nname.\n","fileTypesAndContributionMap":{}},{"hash":"fa81b74777c0134ee47b5d393b98008d4d6f8c4e","isMergeCommit":false,"messageTitle":"Fix style error","messageBody":"Fix style error by remove all unused import.\n","fileTypesAndContributionMap":{"test-code":{"insertions":0,"deletions":3}}},{"hash":"bee13b2dded3f3cf4bdfd1d576e9f14cfa4b9457","isMergeCommit":false,"messageTitle":"Update UML Diagram","messageBody":"Update some UML diagram to suit our project.\n","fileTypesAndContributionMap":{"functional-code":{"insertions":1,"deletions":1},"docs":{"insertions":11,"deletions":13}}}]},{"date":"2024-11-06","commitResults":[{"hash":"39ede7a90ced0db83a03448f73ee3d5457fb0792","isMergeCommit":true,"messageTitle":"Merge pull request #118 from vinceg4/branch-FixBookmark","messageBody":"Show bookmark value in command message and on UI","fileTypesAndContributionMap":{}},{"hash":"b67affcfe38e6b719975dc76ce6454a8d2d953c9","isMergeCommit":false,"messageTitle":"Edit style","messageBody":"Edit style, make a better UI\n","fileTypesAndContributionMap":{"functional-code":{"insertions":6,"deletions":0}}},{"hash":"24e01e8019dde355a3d41f0b8624a6157d321f1c","isMergeCommit":false,"messageTitle":"Update Bookmark UI","messageBody":"Add a bookmark icon to bookmark status, make a better GUI.\n","fileTypesAndContributionMap":{"functional-code":{"insertions":12,"deletions":1}}},{"hash":"5ceeedf2729cc761ed4deb13305899350a25eef3","isMergeCommit":false,"messageTitle":"Solve LogicManagerTest test cases problem","messageBody":"","fileTypesAndContributionMap":{"test-code":{"insertions":10,"deletions":19}}},{"hash":"5ec1b68d581891c60f9c1201bb0a4724857e6ff4","isMergeCommit":false,"messageTitle":"Fix AddCommandParser test cases","messageBody":"Fix all disabled AddCommandParser test cases\n","fileTypesAndContributionMap":{"functional-code":{"insertions":3,"deletions":3},"test-code":{"insertions":31,"deletions":24}}},{"hash":"3e2bc6969981ac93892f4fc6dbd264dd42aafeeb","isMergeCommit":false,"messageTitle":"Fix all test cases","messageBody":"Fix all disabled test cases\n","fileTypesAndContributionMap":{"functional-code":{"insertions":4,"deletions":4},"test-code":{"insertions":10,"deletions":14}}},{"hash":"22be0c5820ca63f6475c4090cd4f84f728a3d6f6","isMergeCommit":false,"messageTitle":"Fix checkstyle","messageBody":"","fileTypesAndContributionMap":{"test-code":{"insertions":0,"deletions":3}}},{"hash":"5942e1fc0063ef233566d5761f30e6b4e1c6f73f","isMergeCommit":false,"messageTitle":"Update Company Duplicate Name","messageBody":"Update the cases such that if 2 company have the same name but in\ndifferent cases, they are consider the same company.\n","fileTypesAndContributionMap":{"functional-code":{"insertions":1,"deletions":1},"test-code":{"insertions":2,"deletions":2}}},{"hash":"33e0214691c4da2e0c12e8809830c58c5fb20c96","isMergeCommit":false,"messageTitle":"Update feedback message","messageBody":"Add remark and application status to feedback message\n","fileTypesAndContributionMap":{"functional-code":{"insertions":5,"deletions":1}}},{"hash":"f8c1f4f3c771388b97881e2791096671badc9eae","isMergeCommit":false,"messageTitle":"Fix test cases","messageBody":"","fileTypesAndContributionMap":{"test-code":{"insertions":5,"deletions":2}}},{"hash":"51bccef0a7a5a080a68a43d7d39b2fbaadaee42b","isMergeCommit":true,"messageTitle":"Merge branch \u0027master\u0027 into branch-Update-Remark-Command","messageBody":"","fileTypesAndContributionMap":{}},{"hash":"16ff288f84e13cf9bb2297a7488509cd4c25566b","isMergeCommit":false,"messageTitle":"Fix test case","messageBody":"","fileTypesAndContributionMap":{"test-code":{"insertions":2,"deletions":1}}}]}]},"authorFileTypeContributionMap":{"vinceg4":{"docs":84,"functional-code":364,"test-code":512,"other":2},"LingZiyann":{"docs":89,"functional-code":369,"test-code":128},"mattisongjj":{"docs":105,"functional-code":441,"test-code":218,"other":5},"rynlwhh":{"docs":66,"functional-code":366,"test-code":481},"tckeong":{"docs":83,"functional-code":480,"test-code":920}},"authorContributionVariance":{"vinceg4":14723.038,"LingZiyann":20010.672,"mattisongjj":36026.98,"rynlwhh":13768.034,"tckeong":158872.45},"authorDisplayNameMap":{"vinceg4":"CS2103T-F10-4 VINC.. JIE","LingZiyann":"CS2103T-F10-4 LING.. YAN","mattisongjj":"CS2103T-F10-4 ONG ..TTIS","rynlwhh":"CS2103T-F10-4 LIM ..RYAN","tckeong":"CS2103T-F10-4 TEO ..EONG"}}
