{"authorDailyContributionsMap":{"vinceg4":[{"date":"2024-10-02","commitResults":[{"hash":"0302a721e9135aa715161e6b134c5697d283fb1b","isMergeCommit":false,"messageTitle":"Update AboutUs page","messageBody":"","fileTypesAndContributionMap":{"docs":{"insertions":7,"deletions":6}}},{"hash":"f909147d90b8ef6d63454dac179b48f583237ea1","isMergeCommit":true,"messageTitle":"Merge pull request #17 from vinceg4/branch-UpdateAboutUs","messageBody":"Update AboutUs page","fileTypesAndContributionMap":{}},{"hash":"43323661e3e9edecf9209e7daa10e1746a46feee","isMergeCommit":true,"messageTitle":"Merge pull request #26 from tckeong/branch-Update-AboutUs","messageBody":"Update About Us","fileTypesAndContributionMap":{}}]},{"date":"2024-10-04","commitResults":[{"hash":"ed74de6d66a10fc1b1097967257c18225476879f","isMergeCommit":false,"messageTitle":"Update Developer Guide","messageBody":"Update TA, Value proposition and user stories.\n","fileTypesAndContributionMap":{"docs":{"insertions":15,"deletions":12}}},{"hash":"0649f0a565d8cc2af421fb930245f28e4faa741f","isMergeCommit":false,"messageTitle":"Update Developer Guide","messageBody":"Update the glossary of TechConnect.\n","fileTypesAndContributionMap":{"docs":{"insertions":3,"deletions":1}}},{"hash":"64d1d5aea8237fa20d2beac31c792b2aab99a470","isMergeCommit":false,"messageTitle":"Change the name of application","messageBody":"","fileTypesAndContributionMap":{"docs":{"insertions":1,"deletions":1}}},{"hash":"da02d273690b8508f4999c120b00ad0eee39108e","isMergeCommit":false,"messageTitle":"Update index.md","messageBody":"","fileTypesAndContributionMap":{"docs":{"insertions":1,"deletions":1}}},{"hash":"9b487a603030dc3a7443e80e3e24866b2cd38dd8","isMergeCommit":true,"messageTitle":"Merge pull request #38 from mattisongjj/update-site-settings","messageBody":"Update site settings","fileTypesAndContributionMap":{}}]},{"date":"2024-10-10","commitResults":[{"hash":"aff5beef7ddb9e33b84815a80684c9fefe3a0106","isMergeCommit":false,"messageTitle":"Add isBookmark field to a company","messageBody":"Add a boolean field to indicate if a company is bookmarked.\n","fileTypesAndContributionMap":{"functional-code":{"insertions":2,"deletions":0}}}]}],"LingZiyann":[{"date":"2024-09-27","commitResults":[{"hash":"8a9e2b431573bc67c0e4f07dd86a98fa3bce4a89","isMergeCommit":false,"messageTitle":"Add new Command Remark","messageBody":"","fileTypesAndContributionMap":{"functional-code":{"insertions":253,"deletions":106}}}]},{"date":"2024-10-02","commitResults":[{"hash":"17e6cf074f78d36909afaa79b2ef3113d2580a5e","isMergeCommit":false,"messageTitle":"Revert \"Add new Command Remark\"","messageBody":"This reverts commit 8a9e2b431573bc67c0e4f07dd86a98fa3bce4a89.\n","fileTypesAndContributionMap":{"functional-code":{"insertions":106,"deletions":253}}},{"hash":"c8093c33617031f00e2b40ca585ba0215e8443fa","isMergeCommit":false,"messageTitle":"Update AboutUs to include my information","messageBody":"","fileTypesAndContributionMap":{"docs":{"insertions":6,"deletions":4}}},{"hash":"554823130986752715efc1b6bd8f4ce14245c1fe","isMergeCommit":true,"messageTitle":"Merge pull request #15 from LingZiyann/Update_AboutUs","messageBody":"Update AboutUs to include my information","fileTypesAndContributionMap":{}},{"hash":"5a99de29c36739118a96d7244f8163bb50d10bdd","isMergeCommit":true,"messageTitle":"Merge pull request #24 from mattisongjj/master","messageBody":"Add Mattis to about us","fileTypesAndContributionMap":{}}]},{"date":"2024-10-04","commitResults":[{"hash":"f1c364fa90e276b06ae290d995bcb13635890699","isMergeCommit":false,"messageTitle":"Update DeveloperGuide Non-Functional requirements","messageBody":"","fileTypesAndContributionMap":{"docs":{"insertions":7,"deletions":2}}},{"hash":"3c370ce98612361892b36bf7eace374e0e201ce9","isMergeCommit":true,"messageTitle":"Merge pull request #32 from tckeong/branch-Update-DG","messageBody":"Update Developer Guide Use Case","fileTypesAndContributionMap":{}},{"hash":"cbf448a403e390dee042f46959cf367e6afd6adc","isMergeCommit":true,"messageTitle":"Merge pull request #36 from vinceg4/branch-UpdateDG","messageBody":"Update Developer Guide: TA, Value proposition, User stories and Glossary","fileTypesAndContributionMap":{}}]},{"date":"2024-10-09","commitResults":[{"hash":"aa2e03db4a784d4dc6928ac0a5ce0ee7ac82f580","isMergeCommit":false,"messageTitle":"Add new DifficultyTag class","messageBody":"","fileTypesAndContributionMap":{"functional-code":{"insertions":41,"deletions":0}}},{"hash":"d064f2746da568ac7411923e5a2864be85489df3","isMergeCommit":false,"messageTitle":"Add new DifficultyTag class","messageBody":"","fileTypesAndContributionMap":{"functional-code":{"insertions":57,"deletions":0}}},{"hash":"a07e666c29337b132583ed591dad64f2f0788872","isMergeCommit":true,"messageTitle":"Merge branch \u0027master\u0027 of https://github.com/LingZiyann/tp","messageBody":"# Conflicts:\n#\tsrc/main/java/seedu/address/model/tag/DifficultyTag.java\n#\tsrc/main/java/seedu/address/model/tag/SalaryTag.java\n","fileTypesAndContributionMap":{}}]},{"date":"2024-10-10","commitResults":[{"hash":"9c98181a059d9a9948fb53383a679c631815b019","isMergeCommit":true,"messageTitle":"Merge pull request #47 from mattisongjj/add-contact","messageBody":"Add contact model","fileTypesAndContributionMap":{}},{"hash":"b42063cd13349b1e766e5c5632f1705a091bd0f2","isMergeCommit":true,"messageTitle":"Merge pull request #44 from tckeong/branch-Update-EditCommand","messageBody":"Update Edit Parser","fileTypesAndContributionMap":{}}]},{"date":"2024-10-11","commitResults":[{"hash":"c6c79764eb0c3cf1056899c560e5866cd568b617","isMergeCommit":false,"messageTitle":"Minor Update to fix v1.2 submission","messageBody":"","fileTypesAndContributionMap":{"functional-code":{"insertions":4,"deletions":1}}},{"hash":"7e09c69620a9f80488151a1d2d120a2f3a6a8bf5","isMergeCommit":true,"messageTitle":"Merge pull request #50 from LingZiyann/tag-feature","messageBody":"Minor Update to fix v1.2 submission","fileTypesAndContributionMap":{}}]}],"mattisongjj":[{"date":"2024-09-20","commitResults":[{"hash":"0dc9518f10df0bfc0077cb976c4566f6114516df","isMergeCommit":true,"messageTitle":"Merge remote-tracking branch \u0027upstream/switch-docs-to-markbind\u0027","messageBody":"","fileTypesAndContributionMap":{}},{"hash":"260b054a3d5b555e22953a1f584e71aa43244005","isMergeCommit":false,"messageTitle":"Setup Markbind","messageBody":"","fileTypesAndContributionMap":{"docs":{"insertions":1,"deletions":1}}},{"hash":"4f5af12dc04209d9201a8ba385a129d2ca31519d","isMergeCommit":false,"messageTitle":"Update README.md","messageBody":"","fileTypesAndContributionMap":{"docs":{"insertions":1,"deletions":0}}}]},{"date":"2024-10-02","commitResults":[{"hash":"d2bf609d2035c4c97e807515fc21400c4eb4b7f0","isMergeCommit":false,"messageTitle":"Edit AboutUs","messageBody":"","fileTypesAndContributionMap":{"docs":{"insertions":3,"deletions":44}}},{"hash":"5410a105354e0c5453a6a4f3cccae4352bb71f88","isMergeCommit":true,"messageTitle":"Merge remote-tracking branch \u0027upstream/master\u0027","messageBody":"","fileTypesAndContributionMap":{}},{"hash":"4b92e29bfee7764ee75e73c8659309b561b6a105","isMergeCommit":true,"messageTitle":"Merge remote-tracking branch \u0027upstream/master\u0027","messageBody":"","fileTypesAndContributionMap":{}}]},{"date":"2024-10-04","commitResults":[{"hash":"78dfd31b06fc22bd6a3903da6f565f6eeb419aa5","isMergeCommit":false,"messageTitle":"Update README","messageBody":"","fileTypesAndContributionMap":{"docs":{"insertions":3,"deletions":10}}},{"hash":"091b1a7bd1df63bf75b83f735e225e90074b8f56","isMergeCommit":false,"messageTitle":"Update site-wide settings","messageBody":"","fileTypesAndContributionMap":{"docs":{"insertions":1,"deletions":1}}},{"hash":"57142198e069c002aa44c0a6d7dbe37e80905ce8","isMergeCommit":true,"messageTitle":"Merge branch \u0027AY2425S1-CS2103T-F10-4:master\u0027 into master","messageBody":"","fileTypesAndContributionMap":{}},{"hash":"b6310509b905a23bd88d70f29ac4822f9914945c","isMergeCommit":false,"messageTitle":"Update site settings","messageBody":"","fileTypesAndContributionMap":{"docs":{"insertions":6,"deletions":6}}}]},{"date":"2024-10-10","commitResults":[{"hash":"ee3ec0c67ac56568a65a5d76afa0ec83253f8ee5","isMergeCommit":false,"messageTitle":"Add contact model","messageBody":"","fileTypesAndContributionMap":{"functional-code":{"insertions":260,"deletions":105},"other":{"insertions":32,"deletions":27},"test-code":{"insertions":345,"deletions":297}}},{"hash":"62cbd9d138e20d6691176a09572fe10db1dfa4ed","isMergeCommit":true,"messageTitle":"Merge pull request #40 from LingZiyann/master","messageBody":"Add new DifficultyTag class","fileTypesAndContributionMap":{}}]}],"rynlwhh":[{"date":"2024-10-02","commitResults":[{"hash":"40d4b35a25ff261d5dcb48a5bf231dd3b44859df","isMergeCommit":false,"messageTitle":"Update AboutUs.md","messageBody":"","fileTypesAndContributionMap":{"docs":{"insertions":8,"deletions":7}}},{"hash":"aa08498df3ee3e23b247938278f7e06125727fc7","isMergeCommit":true,"messageTitle":"Merge branch \u0027master\u0027 into UpdateAboutUs","messageBody":"","fileTypesAndContributionMap":{}},{"hash":"d5cfedbbf74a098212b88861c33da585b2089f14","isMergeCommit":true,"messageTitle":"Merge pull request #23 from rynlwhh/UpdateAboutUs","messageBody":"Update AboutUs.md","fileTypesAndContributionMap":{}}]},{"date":"2024-10-10","commitResults":[{"hash":"4b0a0d53b736de62529207efade604f7fc10196e","isMergeCommit":false,"messageTitle":"Add find command","messageBody":"","fileTypesAndContributionMap":{"functional-code":{"insertions":25,"deletions":17}}},{"hash":"dc21ae8812148dbee5ec1315d448d4efb4a2a99a","isMergeCommit":true,"messageTitle":"Merge branch \u0027master\u0027 into find-command","messageBody":"","fileTypesAndContributionMap":{}}]}],"tckeong":[{"date":"2024-10-02","commitResults":[{"hash":"f9bece8a5cbaf598c4a4ef73f791cc1d2480bafc","isMergeCommit":false,"messageTitle":"Update AboutUs","messageBody":"Update the AboutUs file.\n\nModify AboutUs.md.\n","fileTypesAndContributionMap":{"docs":{"insertions":11,"deletions":0}}}]},{"date":"2024-10-04","commitResults":[{"hash":"c1cef8ba77ede55528f3adf48a6ac7a718b7c493","isMergeCommit":true,"messageTitle":"Merge pull request #30 from LingZiyann/master","messageBody":"Update DeveloperGuide Non-Functional requirements","fileTypesAndContributionMap":{}},{"hash":"31d4e5efcbf68210eee50e96af87471849308d2b","isMergeCommit":true,"messageTitle":"Merge pull request #31 from mattisongjj/master","messageBody":"Update readME and project website","fileTypesAndContributionMap":{}},{"hash":"335a3f333f76fb77a4bae771bf576fb2c16c8fec","isMergeCommit":false,"messageTitle":"Update DG Use Case","messageBody":"Update the use case in Developer Guide\n\nModify the DeveloperGuide.md, and change the original use case, add\nmore use cases\n","fileTypesAndContributionMap":{"docs":{"insertions":51,"deletions":12}}}]},{"date":"2024-10-10","commitResults":[{"hash":"e4d9769f6ff81da7e87b540637a66cd3a0c4b596","isMergeCommit":true,"messageTitle":"Merge pull request #43 from vinceg4/branch-Bookmark","messageBody":"Add isBookmark field to a company","fileTypesAndContributionMap":{}},{"hash":"a48a734835a8ae23eac408b0c4ea74e11f1bb272","isMergeCommit":false,"messageTitle":"Update Edit Parser","messageBody":"Change the edit parser to the MVP format\n\nRemove all the command prefix except for the name and phone that should\nbe in the MVP in the EditCommandParser.java\n","fileTypesAndContributionMap":{"functional-code":{"insertions":2,"deletions":9}}}]},{"date":"2024-10-11","commitResults":[{"hash":"18c81a6e5fc0e4da76c5ff56b78f54d3edd84936","isMergeCommit":true,"messageTitle":"Merge pull request #49 from rynlwhh/find-command","messageBody":"Update find command","fileTypesAndContributionMap":{}}]}]},"authorFileTypeContributionMap":{"vinceg4":{"docs":22,"functional-code":4,"test-code":0},"LingZiyann":{"docs":11,"functional-code":60,"test-code":0},"mattisongjj":{"docs":22,"functional-code":170,"test-code":158},"rynlwhh":{"docs":4,"functional-code":20,"test-code":0},"tckeong":{"docs":46,"functional-code":2,"test-code":0}},"authorContributionVariance":{"vinceg4":58.38016,"LingZiyann":11030.874,"mattisongjj":49087.227,"rynlwhh":83.69628,"tckeong":176.48143},"authorDisplayNameMap":{"vinceg4":"CS2103T-F10-4 VINC.. JIE","LingZiyann":"CS2103T-F10-4 LING.. YAN","mattisongjj":"CS2103T-F10-4 ONG ..TTIS","rynlwhh":"CS2103T-F10-4 LIM ..RYAN","tckeong":"CS2103T-F10-4 TEO ..EONG"}}
