{"authorDailyContributionsMap":{"rubinnn":[{"date":"2024-09-21","commitResults":[{"hash":"75c080aaa157c0c8740e98d5a5d61f05c82383ec","isMergeCommit":false,"messageTitle":"Update README.md","messageBody":"","fileTypesAndContributionMap":{"docs":{"insertions":1,"deletions":1}}}]},{"date":"2024-10-01","commitResults":[{"hash":"41f1f2cce2c3be8d9f4bf718ef6622a1654c72cd","isMergeCommit":true,"messageTitle":"Merge pull request #12 from jereeemyyyy/branch-photo","messageBody":"Add jeremy\u0027s profile photo","fileTypesAndContributionMap":{}},{"hash":"486ffeb5c904f30d813e7dc24e3ec7ebd5b6a6e9","isMergeCommit":false,"messageTitle":"Update about us","messageBody":"Update about us with my own info\n","fileTypesAndContributionMap":{"docs":{"insertions":4,"deletions":4}}},{"hash":"b00b5dda0bc8df6232219c56da7b8576aa17830b","isMergeCommit":true,"messageTitle":"Merge pull request #18 from jereeemyyyy/branch-aboutus","messageBody":"Add Jeremy\u0027s about us","fileTypesAndContributionMap":{}},{"hash":"f97b64d282e4c070ef94b9f3e9912823c0a6a64b","isMergeCommit":true,"messageTitle":"Merge pull request #26 from jereeemyyyy/branch-website","messageBody":"Update project website","fileTypesAndContributionMap":{}},{"hash":"ff195b5f3522fb3738d5bdb76eeb0e495607fc2f","isMergeCommit":true,"messageTitle":"Merge pull request #27 from jereeemyyyy/branch-website","messageBody":"Update website title and title","fileTypesAndContributionMap":{}},{"hash":"b52e16c4624eea6e0558f0e2d1ca7f6089b6cbfb","isMergeCommit":true,"messageTitle":"Merge pull request #29 from ahmadsyuaib/branch-developer-guide","messageBody":"Update user stories in Developer Guide","fileTypesAndContributionMap":{}}]},{"date":"2024-10-04","commitResults":[{"hash":"03f7a9ded9a461d5d91a5c2110b74dd746d1ec02","isMergeCommit":true,"messageTitle":"Merge pull request #37 from ahmadsyuaib/branch-product-scope","messageBody":"Update product scope","fileTypesAndContributionMap":{}},{"hash":"a974e06b4b31e217370c2edbdb19740d6d505333","isMergeCommit":true,"messageTitle":"Merge pull request #38 from Harithhh06/branch-developer-guide","messageBody":"Edit use case format for developer guide","fileTypesAndContributionMap":{}},{"hash":"350686e9a6cb7deb0330fec30036c9458c7eeff4","isMergeCommit":true,"messageTitle":"Merge pull request #39 from jereeemyyyy/branch-developer-guide","messageBody":"Add Non-Functional Requirements in DeveloperGuide","fileTypesAndContributionMap":{}},{"hash":"431218ce1979621dd6ef78174e1967be1063017e","isMergeCommit":true,"messageTitle":"Merge pull request #40 from L-rrrr/branch-updateAboutUs","messageBody":"Update about us","fileTypesAndContributionMap":{}}]},{"date":"2024-10-11","commitResults":[{"hash":"3517bdd97f37fd51507dbe453c27aa94a9eab8eb","isMergeCommit":true,"messageTitle":"Merge pull request #43 from jereeemyyyy/branch-change-tag","messageBody":"Refactor code to include a new field Client Type","fileTypesAndContributionMap":{}},{"hash":"693315b4c84c2cf90ad541c45212e9a1f3acb045","isMergeCommit":false,"messageTitle":"Add Description Class","messageBody":"Add Description Class for future use in Person field\nof code. Not fully integrated into the code yet\n","fileTypesAndContributionMap":{"functional-code":{"insertions":53,"deletions":0}}}]},{"date":"2024-10-13","commitResults":[{"hash":"3d85604dd6d6c2e8bc5f1a998701544a18c8fee8","isMergeCommit":true,"messageTitle":"Merge pull request #53 from ahmadsyuaib/branch-test-cases","messageBody":"Refactor address book to client hub","fileTypesAndContributionMap":{}},{"hash":"ffbef924fdaf099c184dbcc6ef3081d6ac8d2ff0","isMergeCommit":false,"messageTitle":"Update checkstyle","messageBody":"Update checkstyle to ensure that CI passes pt1\n","fileTypesAndContributionMap":{"functional-code":{"insertions":6,"deletions":3},"test-code":{"insertions":49,"deletions":25}}}]},{"date":"2024-10-14","commitResults":[{"hash":"d54ff81ec2d828ab32addb94b0675faeeb1d0847","isMergeCommit":true,"messageTitle":"Merge pull request #56 from ahmadsyuaib/branch-clear-tag","messageBody":"Update tag to clientType","fileTypesAndContributionMap":{}},{"hash":"3af1e03a4e73e9dabc486b438451cccd0889a9a8","isMergeCommit":true,"messageTitle":"Merge branch \u0027master\u0027 of https://github.com/rubinnn/tp","messageBody":"* \u0027master\u0027 of https://github.com/rubinnn/tp:\n  Update tag to clientType\n  Update checkstyle\n","fileTypesAndContributionMap":{}}]},{"date":"2024-10-15","commitResults":[{"hash":"0b734fca64eb10bcad3f32306625cd1e61d9def3","isMergeCommit":false,"messageTitle":"Add Descrption Code","messageBody":"Add code for description class, integrated\ninto addressbook but test have yet to be added\n","fileTypesAndContributionMap":{"functional-code":{"insertions":72,"deletions":15},"other":{"insertions":1,"deletions":1}}},{"hash":"834ec1219417b3c08fe43b3835d9841823521f27","isMergeCommit":false,"messageTitle":"Update Main code to correct style","messageBody":"Update Main code with correct style\nto ensure it passes CI\n","fileTypesAndContributionMap":{"functional-code":{"insertions":16,"deletions":7},"test-code":{"insertions":17,"deletions":9}}},{"hash":"27ced7dd1a80349972f8dd9d4a8475158a58b138","isMergeCommit":false,"messageTitle":"Update test","messageBody":"Update test files, still in progress\n","fileTypesAndContributionMap":{"test-code":{"insertions":84,"deletions":7}}},{"hash":"985ce9cc723d96fe23ddcf13ede691c458773aae","isMergeCommit":false,"messageTitle":"Fix bugs with test","messageBody":"Fix some bugs with test,\nstill has some tests to be added\n","fileTypesAndContributionMap":{"functional-code":{"insertions":21,"deletions":6},"test-code":{"insertions":70,"deletions":24}}},{"hash":"00878347df0c978a11f83eab649772245b6b1fbe","isMergeCommit":false,"messageTitle":"Update editPersonDescriptor logic","messageBody":"Update logic to ensure test works\n","fileTypesAndContributionMap":{"test-code":{"insertions":2,"deletions":1}}}]},{"date":"2024-10-16","commitResults":[{"hash":"3183641f38bbca5a799222c51de04486888a36c3","isMergeCommit":true,"messageTitle":"Merge pull request #64 from jereeemyyyy/master","messageBody":"Add FindClientType Command","fileTypesAndContributionMap":{}},{"hash":"ad1c9255b63f4dbf38431a2963a3cd054aff31ce","isMergeCommit":false,"messageTitle":"Updated description test","messageBody":"Update description test and also logic manager\ntest to make sure it works\n","fileTypesAndContributionMap":{"functional-code":{"insertions":6,"deletions":3},"test-code":{"insertions":44,"deletions":5}}},{"hash":"a1a6827a7222214d9f6953e9a681a94dab94d889","isMergeCommit":false,"messageTitle":"Update code for more Test","messageBody":"Update code to finalise tests for\nDescription thus far.\n","fileTypesAndContributionMap":{"functional-code":{"insertions":1,"deletions":1},"test-code":{"insertions":37,"deletions":4}}},{"hash":"2d39092caeed63c1c6820334b2e25feb97154bb5","isMergeCommit":false,"messageTitle":"Update User guide","messageBody":"Update User guide with description params\nadded to instructions\n","fileTypesAndContributionMap":{"docs":{"insertions":13,"deletions":13}}}]},{"date":"2024-10-17","commitResults":[{"hash":"048cbd9d1a7c3f7b78cfdbfff4178ab4f065e4e3","isMergeCommit":true,"messageTitle":"Merge pull request #89 from jereeemyyyy/branch-Add-FindClientTypeMisc","messageBody":"Add Javadoc and Userguide for FindClientType Command","fileTypesAndContributionMap":{}},{"hash":"8503e746fc029dbe4992700a38cc712818e93a32","isMergeCommit":false,"messageTitle":"Update Messages.java","messageBody":"Update Messages.java to show proper\nmessages when commands are done\n","fileTypesAndContributionMap":{"functional-code":{"insertions":2,"deletions":0}}},{"hash":"40f57ecd6a6f70d9ecded614c8ce1024f3cfcf32","isMergeCommit":true,"messageTitle":"Merge pull request #94 from Harithhh06/branch-find-address","messageBody":"Update FindAddress Command","tags":["v1.3"],"fileTypesAndContributionMap":{}}]},{"date":"2024-10-21","commitResults":[{"hash":"e43af41b0e1fe7f121774ec4f1b79df87d4980e4","isMergeCommit":false,"messageTitle":"Update UML diagram","messageBody":"Update UML diagram with the correct\nfunction and class names\n","fileTypesAndContributionMap":{"docs":{"insertions":32,"deletions":29}}},{"hash":"a9dc50fc55cf7eb1f090858c94ebb16e0a9df24d","isMergeCommit":false,"messageTitle":"Update Commands","messageBody":"Update Commands with shortcuts\n","fileTypesAndContributionMap":{"functional-code":{"insertions":13,"deletions":0}}},{"hash":"48ce3df9188e7c4455210c1f8fbe2dfec0cc8453","isMergeCommit":true,"messageTitle":"Merge pull request #102 from jereeemyyyy/branch-refine-FindCLientType","messageBody":"Update FindClientType command","fileTypesAndContributionMap":{}},{"hash":"a890a21e7f65709a24f8ab14369cd30b6fc2a35c","isMergeCommit":false,"messageTitle":"Add Tests","messageBody":"Add Tests for ClientHubParser to have\ntests for the new shortcut commands\n","fileTypesAndContributionMap":{"test-code":{"insertions":24,"deletions":0}}}]},{"date":"2024-10-22","commitResults":[{"hash":"256758913cb9e137ca9fadc7ca892e9d64c59579","isMergeCommit":false,"messageTitle":"Update delete command","messageBody":"Update delete Command with using name\nto delete instead of index\n","fileTypesAndContributionMap":{"functional-code":{"insertions":28,"deletions":18}}},{"hash":"4040328edc53dd360931e2eec277e56b4311ffa6","isMergeCommit":true,"messageTitle":"Merge branch \u0027change-delete-command\u0027","messageBody":"* change-delete-command:\n  Update delete command\n","fileTypesAndContributionMap":{}},{"hash":"43e3a3a7833b1eb105e4dee050a1439fc013029a","isMergeCommit":false,"messageTitle":"Update DeleteCommand related commands","messageBody":"Update DeleteCommand to now be able\nto delete items in clienthub based on name\ntest yet to be added\n","fileTypesAndContributionMap":{"functional-code":{"insertions":9,"deletions":0}}},{"hash":"58c2757ce3c044d894c5bf5ebf51b00aecc15dd8","isMergeCommit":false,"messageTitle":"Update TestCase","messageBody":"Update TestCase for deleteCommand\nfor new delete command parameters. Updated\nCheckstyle\n","fileTypesAndContributionMap":{"functional-code":{"insertions":103,"deletions":24},"test-code":{"insertions":51,"deletions":34}}},{"hash":"e082b0cf210bfff39761e1555ad7e57cef10bd02","isMergeCommit":false,"messageTitle":"Update TestCase","messageBody":"Update testcase to ensure all testcases\npass\n","fileTypesAndContributionMap":{"test-code":{"insertions":2,"deletions":3}}},{"hash":"6c7ef8407ead25df531e0a10aaa745468f0ad625","isMergeCommit":false,"messageTitle":"Update jsons","messageBody":"Update jsons to ensure consistenency\nUpdate Tests\n","fileTypesAndContributionMap":{"test-code":{"insertions":28,"deletions":6}}},{"hash":"b0237b13e38f02aecaff357aa294274b6461be49","isMergeCommit":false,"messageTitle":"Add TestCase for new Predicate","messageBody":"Add TestCase for NameContainsKeywordsDeletePredicate.\n","fileTypesAndContributionMap":{"test-code":{"insertions":124,"deletions":0}}},{"hash":"028ce536f231441080fbf63b7b7c74109008dff5","isMergeCommit":false,"messageTitle":"Update code for style","messageBody":"Update code to ensure style is correct\n","fileTypesAndContributionMap":{"test-code":{"insertions":24,"deletions":14}}},{"hash":"b388b8915ecc32182e9ee00402f953a16cd36b1f","isMergeCommit":true,"messageTitle":"Merge pull request #116 from L-rrrr/branch-find-command-full","messageBody":"Update find command","fileTypesAndContributionMap":{}},{"hash":"07523d446ff46586d4d201d5a1763208ab84d003","isMergeCommit":true,"messageTitle":"Merge pull request #115 from jereeemyyyy/master","messageBody":"Add View Command","fileTypesAndContributionMap":{}}]},{"date":"2024-10-23","commitResults":[{"hash":"9378d592512bc6be5e5b51091eb22db1faed6b4e","isMergeCommit":false,"messageTitle":"Update README","messageBody":"Update README with instructions\nof new delete command\n","fileTypesAndContributionMap":{"functional-code":{"insertions":5,"deletions":3},"docs":{"insertions":16,"deletions":8}}},{"hash":"1948415cfd9c0533bcf87ee1b4f4c2aaa0d5a0de","isMergeCommit":true,"messageTitle":"Merge pull request #124 from ahmadsyuaib/branch-sort-command-ug","messageBody":"Update user guide to include Sort Command","fileTypesAndContributionMap":{}},{"hash":"d644f4229d945516091b93b56a9103ba4369014c","isMergeCommit":true,"messageTitle":"Merge pull request #126 from ahmadsyuaib/branch-short-sort","messageBody":"Add short form to sort command","fileTypesAndContributionMap":{}},{"hash":"8dec1fccbaf32c1fc9322ecb1bf31450e3d61a0f","isMergeCommit":true,"messageTitle":"Merge pull request #129 from jereeemyyyy/enable-assertions","messageBody":"Enable assertions","fileTypesAndContributionMap":{}}]},{"date":"2024-10-24","commitResults":[{"hash":"6bb9b939214d782b1c6775aaa2b1e47b7c73850c","isMergeCommit":false,"messageTitle":"Update description and clientType","messageBody":"Update description to now be able to take\nup to 500 characters up from 150. Update\nclientType to be compulsory\n","fileTypesAndContributionMap":{"functional-code":{"insertions":3,"deletions":3},"test-code":{"insertions":55,"deletions":38}}},{"hash":"b1cb232ab9747287d9074a38247ae8980d5dd222","isMergeCommit":true,"messageTitle":"Merge pull request #146 from jereeemyyyy/branch-U-UG","messageBody":"Refine UG","fileTypesAndContributionMap":{}}]},{"date":"2024-10-25","commitResults":[{"hash":"f33e8839bba623685b7fa9cf5e83cf61fbeb62a7","isMergeCommit":true,"messageTitle":"Merge pull request #158 from Harithhh06/branch-update-guides","messageBody":"Fix unupdated UML diagrams in DG","fileTypesAndContributionMap":{}}]},{"date":"2024-10-27","commitResults":[{"hash":"a804b24b2087c70b8760cbe9fa293dbdd57ae414","isMergeCommit":false,"messageTitle":"Add Tests","messageBody":"Add tests for description and\ndelete command\n","fileTypesAndContributionMap":{"functional-code":{"insertions":6,"deletions":2},"docs":{"insertions":1,"deletions":1},"test-code":{"insertions":105,"deletions":3}}},{"hash":"41347d5b625b198c9062e0f1bc7460c50bbfee86","isMergeCommit":false,"messageTitle":"Update Description and tests","messageBody":"Update Description to not allow for\nonly blank spaces and updated test\nto test for it\n","fileTypesAndContributionMap":{"functional-code":{"insertions":2,"deletions":1},"test-code":{"insertions":6,"deletions":5}}},{"hash":"a33b03fe9d50b75bf7376e025b0c76253125c517","isMergeCommit":false,"messageTitle":"Update code for style","messageBody":"Update code to ensure style\n","fileTypesAndContributionMap":{"functional-code":{"insertions":5,"deletions":2}}},{"hash":"329490a8a3761c3930b96e6db2ecb5072fcfb83a","isMergeCommit":true,"messageTitle":"Merge pull request #164 from jereeemyyyy/branch-U-ViewCommand","messageBody":"Refine ViewCommand ","fileTypesAndContributionMap":{}},{"hash":"a1aaa49b704f560f92c9f529636e05f6c4216aa7","isMergeCommit":true,"messageTitle":"Merge pull request #165 from jereeemyyyy/branch-A-ShortcutView","messageBody":"Add shortcut command for ViewCommand","fileTypesAndContributionMap":{}}]},{"date":"2024-10-28","commitResults":[{"hash":"0eabb669eec0e003a0dc6a88ead07a811ca54ee3","isMergeCommit":false,"messageTitle":"Update code with new reminder logic","messageBody":"Add base logic of reminder, not fully implemented\n","fileTypesAndContributionMap":{"functional-code":{"insertions":217,"deletions":0}}},{"hash":"fd7d987b6e1b1a833ed224812933b7f6573ce318","isMergeCommit":false,"messageTitle":"Update baseline of remainder","messageBody":"Add more remainder code to integrate it\ninto the code logic. Completed DeleteRemainder,\ntests not up yet\n","fileTypesAndContributionMap":{"functional-code":{"insertions":590,"deletions":57},"other":{"insertions":5,"deletions":2}}},{"hash":"1003867d3a5aa74ed75613095b8d59578c73d831","isMergeCommit":false,"messageTitle":"Update stubs","messageBody":"Updated Stubs for temporary fix, will\nadd test cases in future\n","fileTypesAndContributionMap":{"test-code":{"insertions":52,"deletions":2}}},{"hash":"19025c7f4d3f03ba8e670bdbd8def6304edeee29","isMergeCommit":false,"messageTitle":"Update code for style","messageBody":"Update code for stylecheck\n","fileTypesAndContributionMap":{"test-code":{"insertions":1,"deletions":1}}},{"hash":"6e6c5bb945599e60bd216594b4d1f77665f8be39","isMergeCommit":false,"messageTitle":"Update clienthubtest","messageBody":"update clienthub tostring test\n","fileTypesAndContributionMap":{"test-code":{"insertions":1,"deletions":1}}},{"hash":"d17d33616af41cf4890a10fa7f59df6bf5ddea46","isMergeCommit":false,"messageTitle":"Update code for style","messageBody":"Update code to ensure style\n","fileTypesAndContributionMap":{"test-code":{"insertions":2,"deletions":1}}}]}],"L-rrrr":[{"date":"2024-10-01","commitResults":[{"hash":"f59338e940cbd242ade5ac590929a89a525e79d8","isMergeCommit":false,"messageTitle":"Update AboutUs.md Modify liurui\u0027s profile","messageBody":"","fileTypesAndContributionMap":{"docs":{"insertions":4,"deletions":4}}}]},{"date":"2024-10-04","commitResults":[{"hash":"4733bc60bc30962bffb42d90751ed1995b710f51","isMergeCommit":false,"messageTitle":"Update glossary terms in DeveloperGuide.md Update glossary terms in DeveloperGuide.md","messageBody":"","fileTypesAndContributionMap":{"docs":{"insertions":6,"deletions":1}}},{"hash":"857aeba083255399f89fdbdca4f396b5ae94446e","isMergeCommit":false,"messageTitle":"Update AboutUs.md Update liurui\u0027s photo name to be the same as github name","messageBody":"","fileTypesAndContributionMap":{"docs":{"insertions":1,"deletions":1}}}]},{"date":"2024-10-11","commitResults":[{"hash":"81a649d2480a95581b330c468289f69c74eaaa7e","isMergeCommit":true,"messageTitle":"Merge pull request #45 from rubinnn/Add-Description","messageBody":"Add Description Class","fileTypesAndContributionMap":{}}]},{"date":"2024-10-12","commitResults":[{"hash":"21d441474d42af3a062274c124bb74861ab33f91","isMergeCommit":false,"messageTitle":"Check style Update the style of the existing code","messageBody":"","fileTypesAndContributionMap":{"functional-code":{"insertions":6,"deletions":1},"test-code":{"insertions":51,"deletions":47}}}]},{"date":"2024-10-13","commitResults":[{"hash":"2f8dac2b2883e484322de24546fa7e1b77425f9f","isMergeCommit":true,"messageTitle":"Merge branch \u0027master\u0027 of https://github.com/L-rrrr/tp into branch-checkstyle","messageBody":"* \u0027master\u0027 of https://github.com/L-rrrr/tp:\n  Change remaining instances of AddressBook name\n  Rename AddressBook classes and methods to CLientHub\n","fileTypesAndContributionMap":{}},{"hash":"e8442184c683eba1c54f30d69106111303983c84","isMergeCommit":false,"messageTitle":"Update checkstyle Update style of existing code","messageBody":"","fileTypesAndContributionMap":{"functional-code":{"insertions":0,"deletions":1},"test-code":{"insertions":49,"deletions":49}}}]},{"date":"2024-10-16","commitResults":[{"hash":"0c302ff7329ddbae003f50cd5b3092a7c2b6aed3","isMergeCommit":false,"messageTitle":"Update find name command Add FindNameCommand class and edit relevant files","messageBody":"","fileTypesAndContributionMap":{"functional-code":{"insertions":95,"deletions":0}}},{"hash":"a06e3eb14bc04b8984bac2383af84c0660870a25","isMergeCommit":false,"messageTitle":"Merge branch \u0027branch-findnamecommand\u0027","messageBody":"# Conflicts:\n#\tsrc/main/java/seedu/address/logic/parser/ClientHubParser.java\n","fileTypesAndContributionMap":{"functional-code":{"insertions":97,"deletions":0}}},{"hash":"6dccc471f52f5389e8274646d94b30539c3035ee","isMergeCommit":true,"messageTitle":"Merge branch \u0027branch-findnamecommand\u0027","messageBody":"# Conflicts:\n#\tsrc/main/java/seedu/address/logic/parser/ClientHubParser.java\n","fileTypesAndContributionMap":{}},{"hash":"b157dca6579b3d71dd61fa92d2c34d3db1dafbb4","isMergeCommit":true,"messageTitle":"Merge pull request #79 from Harithhh06/branch-find-address","messageBody":"Update UserGuide for FindAddress","fileTypesAndContributionMap":{}},{"hash":"efcad73768388471ea453a93ffdb421b655e20d4","isMergeCommit":false,"messageTitle":"Add FindNameCommand test Add FindNameCommand test","messageBody":"","fileTypesAndContributionMap":{"functional-code":{"insertions":3,"deletions":3},"test-code":{"insertions":126,"deletions":0}}},{"hash":"a425788289cdc3e8c72f4265bfe3f20ed70b9d21","isMergeCommit":false,"messageTitle":"Update FindNameCommand test Update FindNameCommand test","messageBody":"","fileTypesAndContributionMap":{"test-code":{"insertions":2,"deletions":2}}},{"hash":"ec4f1a89cbabbd3e25e42c7c82fbfa24d3bd2479","isMergeCommit":false,"messageTitle":"Update user guide for find name command Update user guide for find name command","messageBody":"","fileTypesAndContributionMap":{"docs":{"insertions":18,"deletions":0}}},{"hash":"a0bef63543a4fac9f329ae42ffdaa09c62def68c","isMergeCommit":true,"messageTitle":"Merge pull request #88 from jereeemyyyy/master","messageBody":"Add FindClientTypeCommand tests","fileTypesAndContributionMap":{}}]},{"date":"2024-10-21","commitResults":[{"hash":"3a137ccf571bdc3a7031b88ef4700f99da1be95a","isMergeCommit":false,"messageTitle":"Update fn command Change the fn command to be and search Keywords that match the prefix of the name will return","messageBody":"","fileTypesAndContributionMap":{"functional-code":{"insertions":10,"deletions":5},"docs":{"insertions":4,"deletions":4},"test-code":{"insertions":5,"deletions":1}}}]},{"date":"2024-10-22","commitResults":[{"hash":"1cc07356f9c358bfb2d22da467a4176c3fad2ac8","isMergeCommit":false,"messageTitle":"Update find command test Delete the find multiple person test","messageBody":"","fileTypesAndContributionMap":{"test-code":{"insertions":3,"deletions":13}}},{"hash":"08cf1f2ca467f7078b64b1e5517b973fc7518c66","isMergeCommit":false,"messageTitle":"Update the test case for find name command Delete the multiple keywords test cases as it is obsolete","messageBody":"","fileTypesAndContributionMap":{"test-code":{"insertions":3,"deletions":13}}},{"hash":"a69d6f334b1162ada6a484ad11b0da29b302d9d3","isMergeCommit":true,"messageTitle":"Merge pull request #106 from jereeemyyyy/branch-U-UserGuide","messageBody":"Update UserGuide for FindClientType Command","fileTypesAndContributionMap":{}},{"hash":"b74630eb23331140aea3ebc3854e302a5dd715f5","isMergeCommit":false,"messageTitle":"Update find command Update FindCommand.java Update FindCommandTest.java Update the user guide for find command feature","messageBody":"","fileTypesAndContributionMap":{"functional-code":{"insertions":86,"deletions":17},"docs":{"insertions":15,"deletions":12},"test-code":{"insertions":86,"deletions":22}}}]},{"date":"2024-10-23","commitResults":[{"hash":"3a50f26d8b0f7d0b2de7f424caf8a8e6e9ae16e1","isMergeCommit":false,"messageTitle":"Update FindCommandParserTest.java Add more test cases for FindCommandParserTest.java","messageBody":"","fileTypesAndContributionMap":{"test-code":{"insertions":11,"deletions":0}}}]},{"date":"2024-10-24","commitResults":[{"hash":"15bfbb7e8d6860a7e31b4a319668bc40dfba1b58","isMergeCommit":false,"messageTitle":"Update user guide and developer guide Update DeleteSequenceDiagram Update UndoSequenceDiagram-Logic Update UndoSequenceDiagram-Model Update FindCommand and FindNameCommand in the UG","messageBody":"","fileTypesAndContributionMap":{"functional-code":{"insertions":6,"deletions":6},"docs":{"insertions":55,"deletions":19}}},{"hash":"6fc9c810f8512ab1d29c110e0e8a5a36ddf91ce7","isMergeCommit":false,"messageTitle":"Update FindCommandParserTest Update the invalid input test case","messageBody":"","fileTypesAndContributionMap":{"test-code":{"insertions":1,"deletions":1}}},{"hash":"4bc6cffc95dbd12b7306078e5db4992517ddd68f","isMergeCommit":false,"messageTitle":"Update FindCommandParserTest Add new test cases for invalid inputs","messageBody":"","fileTypesAndContributionMap":{"test-code":{"insertions":42,"deletions":0}}},{"hash":"872baa962f6d37e4fdae3cd3f0f4a958d125db08","isMergeCommit":false,"messageTitle":"Update View, FindName and Find function Change the format of the name to include letter, space and parenthesis only","messageBody":"","fileTypesAndContributionMap":{"functional-code":{"insertions":20,"deletions":7},"test-code":{"insertions":26,"deletions":3}}},{"hash":"a08007e19cc3731fa1affd4d4c7db6c985082c46","isMergeCommit":false,"messageTitle":"Add test cases for FindCommandParser and FindNameCommandParser Add test cases for name checking","messageBody":"","fileTypesAndContributionMap":{"test-code":{"insertions":41,"deletions":0}}}]},{"date":"2024-10-25","commitResults":[{"hash":"a16b1033f7f5abde70939bf7e2039d07dc94dc72","isMergeCommit":true,"messageTitle":"Merge pull request #154 from L-rrrr/branch-add-find-name","messageBody":"Update Add, View, FindName and Find function","fileTypesAndContributionMap":{}}]},{"date":"2024-10-28","commitResults":[{"hash":"1b13be33578fa40b90cd312c373aab545ab5d9b5","isMergeCommit":true,"messageTitle":"Merge pull request #169 from rubinnn/reminder-command","messageBody":"Update code with new reminder logic","fileTypesAndContributionMap":{}},{"hash":"6dcb27847fbcc5052aa41879ff242702c8fd658e","isMergeCommit":true,"messageTitle":"Merge pull request #171 from rubinnn/reminder-command","messageBody":"Update baseline of remainder","fileTypesAndContributionMap":{}}]}],"ahmadsyuaib":[{"date":"2024-10-01","commitResults":[{"hash":"130bbaa6d300a5b37afcb5c86ebcc5145b8b7399","isMergeCommit":false,"messageTitle":"Update Ahmad\u0027s aboutUs","messageBody":"","fileTypesAndContributionMap":{"docs":{"insertions":4,"deletions":5}}},{"hash":"d0f1d1a8e1d2973388cf04e201563f87a188a59e","isMergeCommit":true,"messageTitle":"Merge pull request #21 from Harithhh06/aboutus","messageBody":"Add Harith AboutUs","fileTypesAndContributionMap":{}},{"hash":"855b210c9536f4d28d91fcaf5ed87584c1331a5d","isMergeCommit":false,"messageTitle":"Update user stories in Developer Guide","messageBody":"","fileTypesAndContributionMap":{"docs":{"insertions":12,"deletions":9}}}]},{"date":"2024-10-02","commitResults":[{"hash":"2576dee94f32e2d9cac3c6595e7a9e6d51fe6eac","isMergeCommit":true,"messageTitle":"Merge pull request #31 from Harithhh06/branch-developer-guide","messageBody":"Add use cases for ClientHub","fileTypesAndContributionMap":{}}]},{"date":"2024-10-04","commitResults":[{"hash":"7f560f53493c32ac55fc7b009b2009bde0c35339","isMergeCommit":false,"messageTitle":"Update product scope","messageBody":"","fileTypesAndContributionMap":{"docs":{"insertions":10,"deletions":7}}},{"hash":"460b87241ec7f15adac46523c90152827feee454","isMergeCommit":true,"messageTitle":"Merge pull request #36 from L-rrrr/branch-glossary","messageBody":"Update glossary terms in DeveloperGuide.md","fileTypesAndContributionMap":{}}]},{"date":"2024-10-13","commitResults":[{"hash":"766eadd5aa79d0ee4ebddabc51db72ebaa5ebe24","isMergeCommit":false,"messageTitle":"Refactor address book to client hub","messageBody":"","fileTypesAndContributionMap":{"functional-code":{"insertions":16,"deletions":16},"other":{"insertions":45,"deletions":45},"test-code":{"insertions":391,"deletions":391}}},{"hash":"25a1831e104f7b32fb9069c3f8cf39cc715baf8f","isMergeCommit":true,"messageTitle":"Merge pull request #52 from L-rrrr/branch-checkstyle","messageBody":"Update checkstyle","fileTypesAndContributionMap":{}},{"hash":"851f085a7a22d94c797cbc7ca5ded003e8335c5b","isMergeCommit":true,"messageTitle":"Resolve merge conflicts","messageBody":"# Conflicts:\n#\tsrc/test/java/seedu/address/logic/commands/ClearCommandTest.java\n#\tsrc/test/java/seedu/address/logic/commands/CommandTestUtil.java\n#\tsrc/test/java/seedu/address/logic/commands/ListCommandTest.java\n#\tsrc/test/java/seedu/address/logic/parser/AddCommandParserTest.java\n#\tsrc/test/java/seedu/address/logic/parser/EditCommandParserTest.java\n#\tsrc/test/java/seedu/address/logic/parser/ParserUtilTest.java\n#\tsrc/test/java/seedu/address/model/ModelManagerTest.java\n#\tsrc/test/java/seedu/address/model/clienttype/TagTest.java\n#\tsrc/test/java/seedu/address/model/person/PersonTest.java\n#\tsrc/test/java/seedu/address/storage/JsonAdaptedPersonTest.java\n#\tsrc/test/java/seedu/address/storage/JsonAddressBookStorageTest.java\n#\tsrc/test/java/seedu/address/storage/JsonUserPrefsStorageTest.java\n#\tsrc/test/java/seedu/address/storage/StorageManagerTest.java\n#\tsrc/test/java/seedu/address/testutil/EditPersonDescriptorBuilder.java\n#\tsrc/test/java/seedu/address/testutil/PersonBuilder.java\n#\tsrc/test/java/seedu/address/testutil/PersonUtil.java\n","fileTypesAndContributionMap":{}}]},{"date":"2024-10-14","commitResults":[{"hash":"e5a7dbc672722511eb6a86cac79c2d002d471b2f","isMergeCommit":false,"messageTitle":"Update tag to clientType","messageBody":"","fileTypesAndContributionMap":{"functional-code":{"insertions":23,"deletions":22},"test-code":{"insertions":19,"deletions":19}}}]},{"date":"2024-10-16","commitResults":[{"hash":"9755f4bf422de1f997dfab76fb5c9d3e4d7dbd94","isMergeCommit":false,"messageTitle":"Create new findPhone feature","messageBody":"","fileTypesAndContributionMap":{"functional-code":{"insertions":143,"deletions":0},"test-code":{"insertions":224,"deletions":0}}},{"hash":"03d540a8493b2bf17e6f362e3827552facb231ee","isMergeCommit":false,"messageTitle":"Update user guide on find phone number","messageBody":"","fileTypesAndContributionMap":{"docs":{"insertions":16,"deletions":0}}},{"hash":"315e356c7fada9c30a39b920428b46397d7d4f4e","isMergeCommit":false,"messageTitle":"Debug failed test cases","messageBody":"","fileTypesAndContributionMap":{"functional-code":{"insertions":3,"deletions":3},"test-code":{"insertions":1,"deletions":1}}},{"hash":"dbf35cd82d8fcfea8c1239dc18bbfaa598d3f8dd","isMergeCommit":false,"messageTitle":"Update findPhone section","messageBody":"","fileTypesAndContributionMap":{"docs":{"insertions":21,"deletions":20}}},{"hash":"d1697067fcba72a93a853c3dbff8ca2697749c79","isMergeCommit":true,"messageTitle":"Merge pull request #73 from rubinnn/description-tests","messageBody":"Updated description test","fileTypesAndContributionMap":{}},{"hash":"0b044dfad7f24ef80faf2b63b4f84d7f0c773a99","isMergeCommit":true,"messageTitle":"Merge pull request #77 from Harithhh06/branch-find-address","messageBody":"Add Find Address","fileTypesAndContributionMap":{}},{"hash":"4082c061e096a5c414425634da3e191d9803f1aa","isMergeCommit":true,"messageTitle":"Merge pull request #81 from rubinnn/Update-User-Guide","messageBody":"Update User guide","fileTypesAndContributionMap":{}}]},{"date":"2024-10-17","commitResults":[{"hash":"a49181dd003cb2c861575450eee4e05e9f257cfe","isMergeCommit":true,"messageTitle":"Merge pull request #90 from rubinnn/description-bugfix","messageBody":"Update Messages.java","fileTypesAndContributionMap":{}},{"hash":"dbaa1766d130fad85a43c60cdf9cf9c0c947a966","isMergeCommit":false,"messageTitle":"Update user guide pictures","messageBody":"","fileTypesAndContributionMap":{"other":{"insertions":1,"deletions":1},"docs":{"insertions":15,"deletions":14}}}]},{"date":"2024-10-22","commitResults":[{"hash":"ec238f0653df8c9c8cc519ef1b888c2ae857612d","isMergeCommit":false,"messageTitle":"Create sort feature by name","messageBody":"","fileTypesAndContributionMap":{"functional-code":{"insertions":199,"deletions":21},"test-code":{"insertions":157,"deletions":38}}},{"hash":"56df0d1f9dbda1ce4adcb2e540e6538b998eb387","isMergeCommit":true,"messageTitle":"Merge branch \u0027master\u0027 into branch-sort-feature","messageBody":"","fileTypesAndContributionMap":{}},{"hash":"95322f517a2ff752baa0292e96dfbb9e0085c8bd","isMergeCommit":false,"messageTitle":"Create additional test cases","messageBody":"","fileTypesAndContributionMap":{"functional-code":{"insertions":5,"deletions":0},"test-code":{"insertions":63,"deletions":2}}},{"hash":"90be4545ac632bcef9f572ce9da4774ee66ee6d6","isMergeCommit":true,"messageTitle":"Merge branch \u0027branch-sort-feature\u0027 of https://github.com/ahmadsyuaib/tp into branch-sort-feature","messageBody":"","fileTypesAndContributionMap":{}},{"hash":"15a453b520e2552153d1cec0c182b2241110ec4c","isMergeCommit":true,"messageTitle":"Merge branch \u0027master\u0027 into branch-sort-feature","messageBody":"","fileTypesAndContributionMap":{}},{"hash":"812f379deafebc43b5bde22600c87a3703893d08","isMergeCommit":false,"messageTitle":"Remove whitespace","messageBody":"","fileTypesAndContributionMap":{"test-code":{"insertions":1,"deletions":1}}},{"hash":"5d275f322fd41cc5feff1367cddd41cbebaa336c","isMergeCommit":false,"messageTitle":"Fix merge conflicts","messageBody":"","fileTypesAndContributionMap":{"functional-code":{"insertions":8,"deletions":8},"test-code":{"insertions":9,"deletions":10}}}]},{"date":"2024-10-23","commitResults":[{"hash":"5d12f9c6fe50f3aec6d652c523f27b77d69edc0b","isMergeCommit":false,"messageTitle":"Update user guide to include Sort Command","messageBody":"","fileTypesAndContributionMap":{"docs":{"insertions":20,"deletions":0}}},{"hash":"661cfb760fd66cc29b192c01d93bc667aaa22abc","isMergeCommit":true,"messageTitle":"Merge pull request #123 from jereeemyyyy/branch-update-readme","messageBody":"Update View Command in UG","fileTypesAndContributionMap":{}},{"hash":"480db506c890af4d670ccb5217b866069081d3fc","isMergeCommit":false,"messageTitle":"Add short form to sort command","messageBody":"","fileTypesAndContributionMap":{"functional-code":{"insertions":4,"deletions":0}}},{"hash":"639da3e2145fa95f1f7416c383e54f460581582c","isMergeCommit":false,"messageTitle":"Add test coverage for short command","messageBody":"","fileTypesAndContributionMap":{"test-code":{"insertions":4,"deletions":0}}},{"hash":"6fcf15f2c65a0ea7c19f56da65fc795b799e9a77","isMergeCommit":true,"messageTitle":"Merge pull request #127 from jereeemyyyy/branch-update-UI","messageBody":"Update UI for MainWindow and ViewPersonWindow","fileTypesAndContributionMap":{}},{"hash":"2035155c1c2b12bc438fbfe14a58fedd075f9c4d","isMergeCommit":false,"messageTitle":"Update developer guide regarding model","messageBody":"","fileTypesAndContributionMap":{"docs":{"insertions":13,"deletions":11}}}]},{"date":"2024-10-24","commitResults":[{"hash":"78a025bf6d2a1b220073b4624451afff547a06f5","isMergeCommit":true,"messageTitle":"Merge pull request #137 from L-rrrr/branch-dg-ug","messageBody":"Update user guide and developer guide","fileTypesAndContributionMap":{}},{"hash":"16da89965313ec3833b8b8b8b7dadbc36ccebd15","isMergeCommit":false,"messageTitle":"Clean up unnecessary lines of code","messageBody":"","fileTypesAndContributionMap":{"functional-code":{"insertions":2,"deletions":5}}},{"hash":"67c3d47893c337cd488a511caebf816504c55fe4","isMergeCommit":false,"messageTitle":"Update link","messageBody":"","fileTypesAndContributionMap":{"docs":{"insertions":1,"deletions":1}}},{"hash":"6891c3316cf5360a9a82532c90b43c0da889927a","isMergeCommit":true,"messageTitle":"Merge pull request #139 from jereeemyyyy/branch-U-UMLDiagram","messageBody":"Update DG","fileTypesAndContributionMap":{}},{"hash":"88a4c6c873f55984a1c9d2cedaeef3a1df2bf4c5","isMergeCommit":true,"messageTitle":"Merge pull request #142 from jereeemyyyy/branch-U-UG","messageBody":"Update UG","fileTypesAndContributionMap":{}},{"hash":"cd7f9701b26c05c9ec169d8596f8e8a77029e390","isMergeCommit":true,"messageTitle":"Merge pull request #147 from Harithhh06/branch-update-help","messageBody":"Branch update help","fileTypesAndContributionMap":{}}]},{"date":"2024-10-25","commitResults":[{"hash":"626f62b50701b0175962f05ba1058dda056ff340","isMergeCommit":true,"messageTitle":"Merge pull request #156 from jereeemyyyy/branch-U-HelpWindow","messageBody":"Refine HelpWindow UI","fileTypesAndContributionMap":{}}]},{"date":"2024-10-27","commitResults":[{"hash":"44b2d337a94888e3f445d20e8c4d1752ec1344d4","isMergeCommit":true,"messageTitle":"Merge pull request #160 from rubinnn/More-Tests","messageBody":"Add Tests","fileTypesAndContributionMap":{}}]},{"date":"2024-10-28","commitResults":[{"hash":"9ad4d8608e22678a1434a97078948138f3520122","isMergeCommit":false,"messageTitle":"Update Sort command to latest version","messageBody":"","fileTypesAndContributionMap":{"functional-code":{"insertions":6,"deletions":37},"docs":{"insertions":17,"deletions":22},"test-code":{"insertions":6,"deletions":39}}}]}],"jereeemyyyy":[{"date":"2024-10-01","commitResults":[{"hash":"1c68745e1e6ef375e2b5ef1d465bea8ba8416233","isMergeCommit":true,"messageTitle":"Merge pull request #10 from ahmadsyuaib/branch-photo","messageBody":"Add Ahmad\u0027s photo","fileTypesAndContributionMap":{}},{"hash":"f968376901cdeaa6d244866cb7f3f4ea5df56b3e","isMergeCommit":false,"messageTitle":"Add Jeremy\u0027s about us","messageBody":"Add my own personal description\n","fileTypesAndContributionMap":{"docs":{"insertions":5,"deletions":5}}},{"hash":"56f487beb6e041f619530ff89d5cc8c6033df449","isMergeCommit":true,"messageTitle":"Merge pull request #20 from ahmadsyuaib/branch-aboutus","messageBody":"Update Ahmad\u0027s aboutUs","fileTypesAndContributionMap":{}},{"hash":"ac0cd31e05c793ac6604a4d0539d19615d1f3ae9","isMergeCommit":false,"messageTitle":"Update project website","messageBody":"Edit README to include the update description, ui and links\nEdit title in config\n","fileTypesAndContributionMap":{"other":{"insertions":1,"deletions":1},"docs":{"insertions":13,"deletions":14}}},{"hash":"79794c3c5fadc82374380300a9c22537198f8976","isMergeCommit":false,"messageTitle":"Update website title and title","messageBody":"","fileTypesAndContributionMap":{"docs":{"insertions":2,"deletions":2}}}]},{"date":"2024-10-04","commitResults":[{"hash":"49a7dc19d86b9044d86a63c4d26e32d51230c4c5","isMergeCommit":false,"messageTitle":"Add Non-Functional Requirements in DeveloperGuide","messageBody":"Add new non-functional requirements under the product scope\n","fileTypesAndContributionMap":{"docs":{"insertions":6,"deletions":3}}}]},{"date":"2024-10-11","commitResults":[{"hash":"468d41ed29663cba7cd3ff64ac9131b90dd12f91","isMergeCommit":false,"messageTitle":"Update Tag field to Client Type","messageBody":"Change the field \"tag\" in addressbook to \"clientType\"\n","fileTypesAndContributionMap":{"functional-code":{"insertions":97,"deletions":97},"other":{"insertions":1,"deletions":1},"test-code":{"insertions":6,"deletions":6}}},{"hash":"8f60093d7bfdac633bcbf3940dfa9702a856e074","isMergeCommit":false,"messageTitle":"Update some files when refactoring code","messageBody":"Refactor code to have the new field \"clientType\".\n","fileTypesAndContributionMap":{"functional-code":{"insertions":68,"deletions":65}}},{"hash":"9518bcf3464d804a89764aa571649dd9fff20729","isMergeCommit":false,"messageTitle":"Refactor code","messageBody":"Change package name of \"clienttype\" to all lower case.\nInitially, it was \"clientType\"\n","fileTypesAndContributionMap":{"functional-code":{"insertions":12,"deletions":12},"other":{"insertions":2,"deletions":2},"test-code":{"insertions":6,"deletions":6}}}]},{"date":"2024-10-12","commitResults":[{"hash":"a6b0d1a4d66e480578eda77defadd288dcf35521","isMergeCommit":true,"messageTitle":"Merge pull request #48 from Harithhh06/branch-rename-classes","messageBody":"Rename Classes","fileTypesAndContributionMap":{}}]},{"date":"2024-10-15","commitResults":[{"hash":"1cb3348c36d6711b0394debc5c0ced80bf6abf1b","isMergeCommit":false,"messageTitle":"Add FindClientType command","messageBody":"Add FindClientTypeCommand, FindClientTypeCommandParser,\nClientTypeContainsKeyword for the new short cut find client type\ncommand.\nUpdate ClientHubParser to account for the case when the command is\n\"fc\" which is the short cut command for find ClientType.\n","fileTypesAndContributionMap":{"functional-code":{"insertions":136,"deletions":0}}},{"hash":"9fb5c6098e1b3b237cb36b2b182bd83c9863064f","isMergeCommit":false,"messageTitle":"Fix checkstyle of newly added classes","messageBody":"Fix the checkstyle according to CS2103T coding standards for the new\nclasses created\n","fileTypesAndContributionMap":{"functional-code":{"insertions":11,"deletions":13}}},{"hash":"97107b3ac67a72ba96cd2570ec3eefc69ee002a7","isMergeCommit":true,"messageTitle":"Merge pull request #61 from rubinnn/branch-description","messageBody":"Branch description","fileTypesAndContributionMap":{}}]},{"date":"2024-10-16","commitResults":[{"hash":"9831156a625247352057f4cdeb3661f63d403e8f","isMergeCommit":true,"messageTitle":"Merge pull request #63 from ahmadsyuaib/branch-find-phone-number","messageBody":"Add findPhone command","fileTypesAndContributionMap":{}},{"hash":"7c4fcc85ae9f06de9861ac110d987ab6c87a29f5","isMergeCommit":true,"messageTitle":"Add FindClientTypeCommand","messageBody":"Resolved merge conflict.\nAdd FindClientTypeCommand and the relevant classes\n","fileTypesAndContributionMap":{}},{"hash":"42b1500f1bc4a738070e071acb2cc2a201c035da","isMergeCommit":true,"messageTitle":"Merge pull request #68 from L-rrrr/master","messageBody":"Update FindNameCommand","fileTypesAndContributionMap":{}},{"hash":"a55e90d89f293ca9fc7fe17839db0161e54811b6","isMergeCommit":true,"messageTitle":"Merge pull request #75 from ahmadsyuaib/branch-find-phone-ug","messageBody":"Added Find Phone","fileTypesAndContributionMap":{}},{"hash":"532f49dd8aeccd242cef11f308fb5bcf1564cca1","isMergeCommit":true,"messageTitle":"Merge pull request #76 from rubinnn/master","messageBody":"Update code for more Test","fileTypesAndContributionMap":{}},{"hash":"426965f4594815f2487ead6ee41310acfd37517a","isMergeCommit":false,"messageTitle":"Add FindClientTypeCommand tests","messageBody":"Add tests for FindClientTypeCommand, FindClientTypeCommandParser and\nClientTypeContainsKeywordsPredicateTest.\n\nAlso, modified ALICE, BENSON and CARL in TypicalPersons to add\nclienttypes to their attribute which I used for the tests.\n","fileTypesAndContributionMap":{"functional-code":{"insertions":17,"deletions":1},"test-code":{"insertions":246,"deletions":3}}},{"hash":"48328f5a038681e0bc7857ff7e7c05fb0e993490","isMergeCommit":true,"messageTitle":"Merge branch \u0027branch-Add-FindClientTypeTest\u0027","messageBody":"Fix merge conflict\n","fileTypesAndContributionMap":{}},{"hash":"24a1007e897871ed89b3b5decc9fa5f27c9e0a3a","isMergeCommit":true,"messageTitle":"Merge pull request #85 from L-rrrr/branch-findnamecommand-test","messageBody":"Update user guide for find name command","fileTypesAndContributionMap":{}},{"hash":"8f2fed52bc413effc16f59b9540bbda0c5326aa6","isMergeCommit":true,"messageTitle":"Merge branch \u0027AY2425S1-CS2103T-F10-1:master\u0027 into master","messageBody":"","fileTypesAndContributionMap":{}},{"hash":"35636a8543e30a1dd9e5d4b7220271dc67a0a16f","isMergeCommit":false,"messageTitle":"Add Javadoc and Userguide for FindClientType Command","messageBody":"Add Javadoc for all the relevant classes related to FindClientType\ncommand including the tests.\n\nAdd FindClientType command into the Userguide.\n\nAlso tweak some formatting in the UG readme and changed the link to our\nUG in HelpWindow.\n","fileTypesAndContributionMap":{"functional-code":{"insertions":5,"deletions":5},"docs":{"insertions":38,"deletions":6},"test-code":{"insertions":7,"deletions":1}}}]},{"date":"2024-10-17","commitResults":[{"hash":"9311fba6868b3c868afcc17edbd9d83c6a64f42a","isMergeCommit":true,"messageTitle":"Merge pull request #92 from ahmadsyuaib/branch-user-guide-updates","messageBody":"Update user guide pictures","fileTypesAndContributionMap":{}}]},{"date":"2024-10-21","commitResults":[{"hash":"3e937e6d1870e4bbdf548f546b9481e96af72c73","isMergeCommit":true,"messageTitle":"Merge pull request #96 from rubinnn/diagram","messageBody":"Update UML diagram","fileTypesAndContributionMap":{}},{"hash":"0f25aa00324a60b477c374328b133cc6ce96b60b","isMergeCommit":false,"messageTitle":"Update FindClientType command","messageBody":"Change the FindClientType command to a AND search.\nAdded a condition to check if the keywords list is empty.\n","fileTypesAndContributionMap":{"functional-code":{"insertions":7,"deletions":1}}},{"hash":"37b546c3465b4ef969f105e3bb2a0d625b68c0d9","isMergeCommit":true,"messageTitle":"Merge pull request #101 from rubinnn/Add-shortcut","messageBody":"Update Commands","fileTypesAndContributionMap":{}},{"hash":"9d0be81fd58b6cb0bee7a7ad400c65aca33c71c3","isMergeCommit":false,"messageTitle":"Update UserGuide for FindClientType Command","messageBody":"Update the User guide for the find client type command. Change the\ndescription to describe the new and refine AND search instead of OR.\n","fileTypesAndContributionMap":{"docs":{"insertions":2,"deletions":2}}}]},{"date":"2024-10-22","commitResults":[{"hash":"9df8cb16ccaf91870e71b9e950aa77d059fd0efa","isMergeCommit":false,"messageTitle":"Add View Command","messageBody":"Add ViewCommand, ViewCommandParser and ViewPersonWindow classes to\nhandle the logic for the new command\nAdd ViewPersonWindow.fxml file for the basic UI of the ViewPersonWindow.\n\nAlso add a new field showView into command result so that MainWindow\nknows when to display ViewPersonWindow when a view command is run.\n","fileTypesAndContributionMap":{"functional-code":{"insertions":282,"deletions":5}}},{"hash":"b2f97b87a3421d349471fe5e646eaea6569705d6","isMergeCommit":false,"messageTitle":"Fix Checkstyle for the new classes","messageBody":"Fix the checkstyle for some of the new classes I add for the new View\nCommand\n","fileTypesAndContributionMap":{"functional-code":{"insertions":19,"deletions":5},"test-code":{"insertions":2,"deletions":2}}},{"hash":"5410013a38d28d701f7c56f3648911a640be5507","isMergeCommit":false,"messageTitle":"Update CommandResultTest","messageBody":"Add new test cases into CommandResultTest since a new field \"showView\"\nwas added\n","fileTypesAndContributionMap":{"functional-code":{"insertions":2,"deletions":1},"test-code":{"insertions":21,"deletions":6}}},{"hash":"e751c6148b3cca25a4263eade3cfe4327480ed29","isMergeCommit":false,"messageTitle":"Update test case for ClientHubParser","messageBody":"Add a new testcase for the new View Command\n","fileTypesAndContributionMap":{"test-code":{"insertions":9,"deletions":0}}},{"hash":"341472f7524a1796a796bdf68809da170925d869","isMergeCommit":false,"messageTitle":"Add more tests cases","messageBody":"Create  ViewCommandTest and ViewCommandParserTest to test the\nViewCommand and ViewCommandParser class\n","fileTypesAndContributionMap":{"test-code":{"insertions":144,"deletions":0}}},{"hash":"2bbdb3d814115889ce60e53b0ce693fc110a4ca4","isMergeCommit":false,"messageTitle":"Update the style in ViewCommandTest","messageBody":"","fileTypesAndContributionMap":{"test-code":{"insertions":2,"deletions":2}}},{"hash":"242bb11f8d81897f60ebb7f7fa5a3e7a1f6eb069","isMergeCommit":true,"messageTitle":"Merge pull request #112 from rubinnn/deleteCommand-errorfix","messageBody":"Delete command errorfix","fileTypesAndContributionMap":{}},{"hash":"1d3b2f6d66ec39083e4266c61064be5c540466ae","isMergeCommit":false,"messageTitle":"Update ViewCommandTest","messageBody":"","fileTypesAndContributionMap":{"test-code":{"insertions":0,"deletions":15}}},{"hash":"f81cd9fc461f639f9729cfd59ff0d8fe0ea71212","isMergeCommit":true,"messageTitle":"Merge branch \u0027branch-A-ViewCommand\u0027","messageBody":"","fileTypesAndContributionMap":{}},{"hash":"d739e319cf1380bd7e4a17b6be35b9d76b293936","isMergeCommit":false,"messageTitle":"Update ViewCommandTest","messageBody":"","fileTypesAndContributionMap":{"test-code":{"insertions":8,"deletions":4}}}]},{"date":"2024-10-23","commitResults":[{"hash":"a4ef7c9f2dac359dc449572d9c5ba97366101842","isMergeCommit":true,"messageTitle":"Merge pull request #113 from ahmadsyuaib/branch-sort-feature","messageBody":"Create sort feature by name","fileTypesAndContributionMap":{}},{"hash":"ecadf01db35e66d023353c570f1b7bcf89044ff3","isMergeCommit":true,"messageTitle":"Merge pull request #119 from rubinnn/update-user-guide(deletecommand)","messageBody":"Update README","fileTypesAndContributionMap":{}},{"hash":"e5bc832cd7b2d9790b1b30b5b812f3fdde880efc","isMergeCommit":false,"messageTitle":"Update View Command in UG","messageBody":"Add the details about the View Command in UG\nAlso add a example output png file for the view command section in the UG\n","fileTypesAndContributionMap":{"docs":{"insertions":35,"deletions":5}}},{"hash":"794052acdb765c867ba94f10dfcfcaf82e666676","isMergeCommit":false,"messageTitle":"Update the MainWindow UI","messageBody":"Change the UI to make it slightly more appealing\n","fileTypesAndContributionMap":{"functional-code":{"insertions":39,"deletions":18}}},{"hash":"198749e7231f4f8f35f5071c4cf8067173d84e89","isMergeCommit":false,"messageTitle":"Update ViewPersonWindow UI","messageBody":"Add some ViewPersonWindow CSS to make it look more appealing\n","fileTypesAndContributionMap":{"functional-code":{"insertions":31,"deletions":7}}},{"hash":"c729a50c5e5231a63a961fa2bac23c70ad2cb11d","isMergeCommit":false,"messageTitle":"Enable assertions","messageBody":"","fileTypesAndContributionMap":{"other":{"insertions":4,"deletions":0}}}]},{"date":"2024-10-24","commitResults":[{"hash":"0feac4a5f41ad3bdab1c4b965f674489ad33dbb2","isMergeCommit":false,"messageTitle":"Update DG","messageBody":"Update the UML diagram that was illustrating the UI components\nUpdate the links to the relevant files under the UI and Logic section\nReplace \"addressbook\" with clienthub under the Logic section for some\ntext.\n","fileTypesAndContributionMap":{"docs":{"insertions":14,"deletions":10}}},{"hash":"dc47e4b7de7c211e971b3e969e5fb191aeb021d8","isMergeCommit":false,"messageTitle":"Update UG","messageBody":"Update the AddCommand in UG\nRefine the formatting for FindCommand. Remove the redundant description\nunder the shortcut find commands.\n","fileTypesAndContributionMap":{"docs":{"insertions":43,"deletions":61}}},{"hash":"081b06ae1eb140273b5eceb09d6f62b8a947d296","isMergeCommit":true,"messageTitle":"Merge pull request #140 from ahmadsyuaib/branch-clean-sortcommand","messageBody":"Clean up unnecessary lines of code","fileTypesAndContributionMap":{}},{"hash":"a57b06a5216f0cbaeb1c8a0ba6d0baf7d5299a7b","isMergeCommit":true,"messageTitle":"Merge pull request #144 from rubinnn/Some-Updates","messageBody":"Update description and clientType","fileTypesAndContributionMap":{}},{"hash":"1bc250a6a692f52bfee55240cc97c4266a21291a","isMergeCommit":false,"messageTitle":"Refine UG","messageBody":"Refine the feature section in the Userguide\n","fileTypesAndContributionMap":{"docs":{"insertions":62,"deletions":60}}},{"hash":"fb7f661c2e508b44e5a3dc38954b2562d1e83fd5","isMergeCommit":true,"messageTitle":"Merge pull request #151 from Harithhh06/branch-update-guides","messageBody":"Branch update guides","tags":["v1.4"],"fileTypesAndContributionMap":{}}]},{"date":"2024-10-25","commitResults":[{"hash":"d3b2959eece2a2fadb59860cb2966a8e2683ac71","isMergeCommit":false,"messageTitle":"Refine HelpWindow UI","messageBody":"","fileTypesAndContributionMap":{"functional-code":{"insertions":174,"deletions":93}}}]},{"date":"2024-10-27","commitResults":[{"hash":"c9e32c3f792dc73fd380c28931ded91ee8c4162a","isMergeCommit":false,"messageTitle":"Refine execute method in ViewCommand","messageBody":"Execute method in ViewCommand now throws a CommandException where is\nnoone in the filtered list and when there are duplicates.\n","fileTypesAndContributionMap":{"functional-code":{"insertions":14,"deletions":8}}},{"hash":"d24e7f4c4d340d26477c3bc8e612af4e41b8496e","isMergeCommit":false,"messageTitle":"Add a getter for the displayperson list size","messageBody":"This is so that we can have easy access the the number of person that\nwill display.\n\nAdd a new abstract method getDisplayPersonsListSize in the Model class.\nImplement the new abstract method in ModelManager class and in ModelStub\nin the AddCommandTest class.\n","fileTypesAndContributionMap":{"functional-code":{"insertions":10,"deletions":0},"test-code":{"insertions":5,"deletions":0}}},{"hash":"95c348507eaf2c60127432798b757c3aa5cca5df","isMergeCommit":false,"messageTitle":"Change parameter name","messageBody":"Change the parameter from \"name\" to \"userInput\" for the\nassertCommandFailureWithNewList method in CommandTestUtil class.\n","fileTypesAndContributionMap":{"test-code":{"insertions":2,"deletions":2}}},{"hash":"e583d072049d056dcd8b9081ddc62e05b1f474a9","isMergeCommit":false,"messageTitle":"Add a new testcases for ViewCommand","messageBody":"Refine the previous testcases and add new ones.\n","fileTypesAndContributionMap":{"functional-code":{"insertions":9,"deletions":8},"test-code":{"insertions":61,"deletions":16}}},{"hash":"2a4d87780b444c9a7dbe6fbf3160df26ab6f6d49","isMergeCommit":false,"messageTitle":"Add shortcut command for viewcommand","messageBody":"","fileTypesAndContributionMap":{"functional-code":{"insertions":15,"deletions":27},"test-code":{"insertions":8,"deletions":0}}}]},{"date":"2024-10-28","commitResults":[{"hash":"f9508059049edec7ebceec22f4faca836ffd246f","isMergeCommit":true,"messageTitle":"Merge pull request #166 from ahmadsyuaib/branch-sort-command-fix","messageBody":"Update Sort command to latest version","fileTypesAndContributionMap":{}}]}],"Harithhh06":[{"date":"2024-10-01","commitResults":[{"hash":"43212a92945e7fb7573d31f3bfde0872982edb24","isMergeCommit":false,"messageTitle":"Add Harith AboutUs","messageBody":"","fileTypesAndContributionMap":{"docs":{"insertions":5,"deletions":5}}},{"hash":"10a334e5da0ebec74337c91c3473aa4c7fd69c46","isMergeCommit":true,"messageTitle":"Merge pull request #19 from rubinnn/branch-aboutus","messageBody":"Update about us","fileTypesAndContributionMap":{}},{"hash":"64bd01acddf74711247e2ab803f8eab3b74338ce","isMergeCommit":true,"messageTitle":"Merge pull request #22 from L-rrrr/branch-photo","messageBody":"Add liurui\u0027s photo","fileTypesAndContributionMap":{}},{"hash":"45e034e7d1e1ca065cc426709c984b11d9e86fa4","isMergeCommit":true,"messageTitle":"Merge pull request #24 from L-rrrr/branch-aboutus","messageBody":"Update AboutUs.md","fileTypesAndContributionMap":{}}]},{"date":"2024-10-02","commitResults":[{"hash":"eb52e537ec224eed126c8deb9057114334792764","isMergeCommit":false,"messageTitle":"Add use cases for ClientHub","messageBody":"","fileTypesAndContributionMap":{"docs":{"insertions":62,"deletions":9}}}]},{"date":"2024-10-04","commitResults":[{"hash":"27074916ddefc4d64be4bdb7738f6a3345b99d95","isMergeCommit":false,"messageTitle":"Edit use case format for developer guide","messageBody":"","fileTypesAndContributionMap":{"docs":{"insertions":23,"deletions":23}}}]},{"date":"2024-10-11","commitResults":[{"hash":"c4245f9db0338db596e6f6a66f64f1b60b9c735d","isMergeCommit":false,"messageTitle":"Rename AddressBook classes and methods to CLientHub","messageBody":"","fileTypesAndContributionMap":{"other":{"insertions":12,"deletions":12}}},{"hash":"347526ae39be11e2ca98c61cbf7218c55b860e02","isMergeCommit":false,"messageTitle":"Change remaining instances of AddressBook name","messageBody":"","fileTypesAndContributionMap":{"functional-code":{"insertions":170,"deletions":168},"test-code":{"insertions":58,"deletions":58}}}]},{"date":"2024-10-13","commitResults":[{"hash":"99dcffd0009122474bbe0e0ccfe97270ed9a68c6","isMergeCommit":true,"messageTitle":"Merge pull request #54 from rubinnn/StyleCheck","messageBody":"Update checkstyle","fileTypesAndContributionMap":{}}]},{"date":"2024-10-16","commitResults":[{"hash":"5e48d71f98dfd657c3bbd3b74d907377d0132a97","isMergeCommit":false,"messageTitle":"Add FindAddress Command","messageBody":"","fileTypesAndContributionMap":{"functional-code":{"insertions":143,"deletions":1}}},{"hash":"b524090404ed26e0995ffdee734180d7d1abc776","isMergeCommit":true,"messageTitle":"Merge pull request #71 from ahmadsyuaib/branch-debug-test-cases","messageBody":"Debug failed test cases","fileTypesAndContributionMap":{}},{"hash":"7e258755111fb4aca647b84d9515dd8a0525a7da","isMergeCommit":false,"messageTitle":"Update FindAddress to take in any value","messageBody":"","fileTypesAndContributionMap":{"functional-code":{"insertions":4,"deletions":5}}},{"hash":"b839e935365b7053ee71ab8236e09a392d45f5f2","isMergeCommit":false,"messageTitle":"Add test cases for FindAddress classes","messageBody":"","fileTypesAndContributionMap":{"functional-code":{"insertions":1,"deletions":2},"test-code":{"insertions":224,"deletions":0}}},{"hash":"2f3fb733e38b409bacf5a70ceeaea042b38e3555","isMergeCommit":true,"messageTitle":"Resolve merge conflict","messageBody":"","fileTypesAndContributionMap":{}},{"hash":"2c0de51d76af84bb9c8c849a1cb3bafa3e280f19","isMergeCommit":false,"messageTitle":"Fix test case","messageBody":"","fileTypesAndContributionMap":{"test-code":{"insertions":2,"deletions":1}}},{"hash":"ba90898138ca17cdc2463a0dd97e9599384d2a87","isMergeCommit":false,"messageTitle":"Add missing line to test case","messageBody":"","fileTypesAndContributionMap":{"test-code":{"insertions":1,"deletions":0}}},{"hash":"438b1bdaa1a275e7fa8c6abba3f4a1a4c8a1d6e6","isMergeCommit":false,"messageTitle":"Update UserGuide for findAddress command","messageBody":"","fileTypesAndContributionMap":{"docs":{"insertions":23,"deletions":5}}},{"hash":"4b8536c236e02c32f0d42dae64c66673c91264a8","isMergeCommit":true,"messageTitle":"Merge branch \u0027AY2425S1-CS2103T-F10-1:master\u0027 into branch-find-address","messageBody":"","fileTypesAndContributionMap":{}},{"hash":"301793e8cc52f586bb007ae2659f2a137b8ad970","isMergeCommit":true,"messageTitle":"Update user guide","messageBody":"","fileTypesAndContributionMap":{}},{"hash":"1bf6c4ef3bd88d477253afb3ce39aca670d9fd26","isMergeCommit":false,"messageTitle":"Fix formatting issue and add fa to command summary","messageBody":"","fileTypesAndContributionMap":{"docs":{"insertions":14,"deletions":12}}},{"hash":"a0c7ee160a01d5f0ce2d8e996c234ff26d85344a","isMergeCommit":true,"messageTitle":"Merge pull request #83 from L-rrrr/branch-findnamecommand-test","messageBody":"Update FindNameCommand test","fileTypesAndContributionMap":{}}]},{"date":"2024-10-17","commitResults":[{"hash":"a08a29549dabe0294f235e423a0b2d1960a73bf5","isMergeCommit":false,"messageTitle":"Update FindAddress predicate","messageBody":"","fileTypesAndContributionMap":{"functional-code":{"insertions":6,"deletions":10}}},{"hash":"c87932a700c45bb668ff034630693c3470b9b6d9","isMergeCommit":false,"messageTitle":"Update test cases and useer guide","messageBody":"","fileTypesAndContributionMap":{"functional-code":{"insertions":4,"deletions":3},"docs":{"insertions":1,"deletions":4},"test-code":{"insertions":23,"deletions":36}}},{"hash":"32e90231014e45f598b90256c620f4196bfd5391","isMergeCommit":false,"messageTitle":"Update checkstyle","messageBody":"","fileTypesAndContributionMap":{"test-code":{"insertions":0,"deletions":3}}}]},{"date":"2024-10-22","commitResults":[{"hash":"2e934c6b88ac0bffe7ec817f77f784a5f0dfa4a3","isMergeCommit":true,"messageTitle":"Merge pull request #108 from L-rrrr/branch-update-fn-command","messageBody":"Branch update fn command","fileTypesAndContributionMap":{}}]},{"date":"2024-10-23","commitResults":[{"hash":"ac51f4a66616f6a1a6a47ed004dfcb301dcda348","isMergeCommit":true,"messageTitle":"Merge pull request #130 from L-rrrr/branch-find-command-full","messageBody":"Update FindCommandParserTest.java","fileTypesAndContributionMap":{}},{"hash":"ebf72f55aa30409fd193e9dc4d650e6b1105bc2b","isMergeCommit":true,"messageTitle":"Merge pull request #132 from ahmadsyuaib/branch-uml-updates","messageBody":"Update developer guide regarding model","fileTypesAndContributionMap":{}}]},{"date":"2024-10-24","commitResults":[{"hash":"77dd3bb8f6ba8e7c94e7361ea5758542e8f25021","isMergeCommit":false,"messageTitle":"Add commands to help window","messageBody":"","fileTypesAndContributionMap":{"functional-code":{"insertions":186,"deletions":28}}},{"hash":"2eb76d4818e30221a8b778f582430acd0123f3d6","isMergeCommit":false,"messageTitle":"Style changes for help window","messageBody":"","fileTypesAndContributionMap":{"functional-code":{"insertions":173,"deletions":99}}},{"hash":"3e10395c48098c0fdc6135750e3c8fa5fc1c675f","isMergeCommit":false,"messageTitle":"Update the images in the UML diagrams for ClientHub","messageBody":"","fileTypesAndContributionMap":{"docs":{"insertions":9,"deletions":9}}}]},{"date":"2024-10-25","commitResults":[{"hash":"ef0366aa1e9abd898b1d869acd1c0b9976cdfd42","isMergeCommit":false,"messageTitle":"Fix unupdated UML diagrams in DG","messageBody":"","fileTypesAndContributionMap":{"docs":{"insertions":3,"deletions":3}}}]}]},"authorFileTypeContributionMap":{"rubinnn":{"docs":50,"functional-code":1058,"test-code":671},"L-rrrr":{"docs":51,"functional-code":207,"test-code":325},"ahmadsyuaib":{"docs":80,"functional-code":357,"test-code":786,"other":2},"jereeemyyyy":{"docs":159,"functional-code":761,"test-code":475,"other":5},"Harithhh06":{"docs":78,"functional-code":522,"test-code":227}},"authorContributionVariance":{"rubinnn":28992.45,"L-rrrr":6021.188,"ahmadsyuaib":30240.6,"jereeemyyyy":15695.864,"Harithhh06":15910.779},"authorDisplayNameMap":{"rubinnn":"CS2103T-F10-1 LIN ..UBIN","L-rrrr":"CS2103T-F10-1 LIU .. RUI","ahmadsyuaib":"CS2103T-F10-1 AHMA..ALIM","jereeemyyyy":"CS2103T-F10-1 JERE..N ZE","Harithhh06":"CS2103T-F10-1 HARI..SHAM"}}
