{"authorDailyContributionsMap":{"wang-h-z":[],"muhdbhz":[],"seandias":[],"lrongyi":[],"e1121208":[]},"authorFileTypeContributionMap":{"wang-h-z":{"docs":0,"functional-code":0,"test-code":0},"muhdbhz":{"docs":0,"functional-code":0,"test-code":0},"seandias":{"docs":0,"functional-code":0,"test-code":0},"lrongyi":{"docs":0,"functional-code":0,"test-code":0},"e1121208":{"docs":0,"functional-code":0,"test-code":0}},"authorContributionVariance":{"wang-h-z":0.0,"muhdbhz":0.0,"seandias":0.0,"lrongyi":0.0,"e1121208":0.0},"authorDisplayNameMap":{"wang-h-z":"CS2103T-F11-4 WANG..ZHEN","muhdbhz":"CS2103T-F11-4 MUHA..MZAH","seandias":"CS2103T-F11-4 SEAN..DIAS","lrongyi":"CS2103T-F11-4 LAM ..G YI","e1121208":"CS2103T-F11-4 TAN ..XUAN"}}
