{"authorDailyContributionsMap":{"Wxy2003-xy":[{"date":"2024-10-01","commitResults":[{"hash":"465af815284cf733928df924b42fb32456104725","isMergeCommit":false,"messageTitle":"Add personal details","messageBody":"","fileTypesAndContributionMap":{"docs":{"insertions":49,"deletions":3}}},{"hash":"cb3c343d00772e35857cf216f2397aad6eef64cd","isMergeCommit":false,"messageTitle":"Update index.md","messageBody":"","fileTypesAndContributionMap":{"docs":{"insertions":16,"deletions":15}}},{"hash":"723f437edb7c48b25ea6f9fb9f282ca1d4cc2406","isMergeCommit":false,"messageTitle":"Fix style in AboutUs.md","messageBody":"","fileTypesAndContributionMap":{"docs":{"insertions":2,"deletions":2}}},{"hash":"72cd1153cb40814805cd55279eea3a966b55ddcb","isMergeCommit":false,"messageTitle":"Ensure to pass check style","messageBody":"","fileTypesAndContributionMap":{"docs":{"insertions":1,"deletions":1}}},{"hash":"0174f9b52603e067abc3526b0de524df9db18762","isMergeCommit":false,"messageTitle":"Add Codecov label","messageBody":"","fileTypesAndContributionMap":{"docs":{"insertions":1,"deletions":0}}},{"hash":"5cca24e37ffe202e0a6870617f07e3306acd1b6a","isMergeCommit":false,"messageTitle":"Update title and repository","messageBody":"","fileTypesAndContributionMap":{"other":{"insertions":2,"deletions":2}}},{"hash":"ec3bf5e738754d49cb090914434f0a48bf6e992a","isMergeCommit":true,"messageTitle":"Merge pull request #31 from Wxy2003-xy/update-website-wide-settings","messageBody":"Update title and repository for website","fileTypesAndContributionMap":{}}]},{"date":"2024-10-03","commitResults":[{"hash":"b998294e0cd362a22d41d21d0f24593495767ee9","isMergeCommit":true,"messageTitle":"Merge pull request #32 from jinnsuke/update-readme","messageBody":"Update README.md ","fileTypesAndContributionMap":{}}]},{"date":"2024-10-04","commitResults":[{"hash":"4e1b01a9e95f3d28ad134198e942047045b611eb","isMergeCommit":true,"messageTitle":"Merge pull request #35 from starbucksventi/branch-Update-Developer-Guide","messageBody":"Update developer guide with more use cases","fileTypesAndContributionMap":{}},{"hash":"01afbd40e2b2f56c8b250ff526989e60b76244f8","isMergeCommit":true,"messageTitle":"Merge pull request #34 from minhao23/add-new-UI","messageBody":"Add new Ui.png","fileTypesAndContributionMap":{}},{"hash":"0ad74a998f1ad77b09de27b5a5db806a264b9274","isMergeCommit":true,"messageTitle":"Merge pull request #36 from AY2425S1-CS2103-F09-2/branch-Update-Developer-Guide","messageBody":"Branch update developer guide","fileTypesAndContributionMap":{}}]},{"date":"2024-10-05","commitResults":[{"hash":"748d5b0f2192ef41526cbadab3b0b96d35dd8ca6","isMergeCommit":false,"messageTitle":"Update product scope and user stories","messageBody":"","fileTypesAndContributionMap":{"docs":{"insertions":18,"deletions":14}}},{"hash":"cf7a9ac03659ad332cd4bae7fbc85f989bd7bede","isMergeCommit":true,"messageTitle":"Merge pull request #39 from Wxy2003-xy/update-developer-guide","messageBody":"Update product scope and user stories","fileTypesAndContributionMap":{}}]}],"starbucksventi":[{"date":"2024-09-20","commitResults":[{"hash":"a586cf0e839729c169aafb65e17b079c5c91bc24","isMergeCommit":false,"messageTitle":"Update gradle.yml","messageBody":"","fileTypesAndContributionMap":{"other":{"insertions":1,"deletions":0}}},{"hash":"893835862d5d8550d8049c9eaa9cfd74bd6378e8","isMergeCommit":false,"messageTitle":"Update README.md","messageBody":"","fileTypesAndContributionMap":{"docs":{"insertions":1,"deletions":0}}}]},{"date":"2024-10-01","commitResults":[{"hash":"b6228550841c4fe96806b4f969763c9366601b8f","isMergeCommit":false,"messageTitle":"Update AboutUs.md with my info","messageBody":"","fileTypesAndContributionMap":{"docs":{"insertions":3,"deletions":13}}},{"hash":"8cd17a9e13c93d564b06352273766a8189854396","isMergeCommit":false,"messageTitle":"Update AboutUs.md with my info","messageBody":"","fileTypesAndContributionMap":{"docs":{"insertions":1,"deletions":1}}}]},{"date":"2024-10-03","commitResults":[{"hash":"f8df5d7ca2c9cc6f21bdc4e5f5a7189cd24a4936","isMergeCommit":false,"messageTitle":"Update developer guide with more use cases","messageBody":"","fileTypesAndContributionMap":{"docs":{"insertions":1104,"deletions":0}}}]}],"jinnsuke":[{"date":"2024-10-01","commitResults":[{"hash":"291b38c82d13b81979388fb67da4a4043710c614","isMergeCommit":true,"messageTitle":"Merge pull request #14 from starbucksventi/workflow-add-photo","messageBody":"Add Ravi\u0027s photo","fileTypesAndContributionMap":{}},{"hash":"6f1e9837053bddc15e7ad5e93e7c3df3d716b1a6","isMergeCommit":false,"messageTitle":"Update AboutUs","messageBody":"","fileTypesAndContributionMap":{"docs":{"insertions":3,"deletions":3}}},{"hash":"fecc67d1258d6adc10f1cc5b5c81877fda72256b","isMergeCommit":false,"messageTitle":"Update AboutUs.md","messageBody":"","fileTypesAndContributionMap":{"docs":{"insertions":1,"deletions":1}}},{"hash":"8d4fd194a51dcccc387f5b10b5fd7a27e4974958","isMergeCommit":true,"messageTitle":"Merge pull request #21 from minhao23/about-me","messageBody":"Add AboutUs.md for minhao23","fileTypesAndContributionMap":{}},{"hash":"36fc609e7d28376bc7b03546089077c5fddd7b59","isMergeCommit":true,"messageTitle":"Merge branch \u0027master\u0027 of https://github.com/jinnsuke/tp","messageBody":"","fileTypesAndContributionMap":{}},{"hash":"00b4657115dff19297b8764f4fdd65ece6e55d55","isMergeCommit":true,"messageTitle":"Merge pull request #25 from Wxy2003-xy/update-index-md","messageBody":"Update index.md","fileTypesAndContributionMap":{}},{"hash":"c4a39e3cf171d6fe881bdd2caacd17898593ef73","isMergeCommit":true,"messageTitle":"Merge branch \u0027AY2425S1-CS2103-F09-2:master\u0027 into master","messageBody":"","fileTypesAndContributionMap":{}},{"hash":"f7486912743b59c1ae23cd254733b8144c3ce30c","isMergeCommit":true,"messageTitle":"Merge branch \u0027master\u0027 of https://github.com/jinnsuke/tp","messageBody":"","fileTypesAndContributionMap":{}}]},{"date":"2024-10-02","commitResults":[{"hash":"aef33ecbbea494916d0c6b66379c92d03d3e1a35","isMergeCommit":false,"messageTitle":"Update README file","messageBody":"","fileTypesAndContributionMap":{"docs":{"insertions":23,"deletions":12}}},{"hash":"67ca60f1ecdd2bc8f033a5a37af5e76f2ed7076a","isMergeCommit":false,"messageTitle":"Fix line at EOF bug","messageBody":"","fileTypesAndContributionMap":{"docs":{"insertions":1,"deletions":1}}}]}],"minhao23":[{"date":"2024-10-01","commitResults":[{"hash":"76b7869a1347336e48303cdc2b646662f1ccd9cb","isMergeCommit":false,"messageTitle":"Add AboutUs.md for minhao23","messageBody":"","fileTypesAndContributionMap":{"docs":{"insertions":3,"deletions":3}}},{"hash":"bab39efbaa58a3c681cbaa5b7e968b7d0f3420e2","isMergeCommit":false,"messageTitle":"Add AboutUs.md for minhao23","messageBody":"","fileTypesAndContributionMap":{"docs":{"insertions":1,"deletions":1}}},{"hash":"bf7d6ce95a2194ad390a6584c41fcb863da44f2f","isMergeCommit":true,"messageTitle":"Merge pull request #23 from jinnsuke/update-aboutus","messageBody":"Update AboutUs (Shoujin)","fileTypesAndContributionMap":{}},{"hash":"0465cdfdc565436827d58c25ad5be7f1d1ebdd22","isMergeCommit":true,"messageTitle":"Merge pull request #24 from starbucksventi/aboutus-update","messageBody":"Aboutus update (Raviraj)","fileTypesAndContributionMap":{}},{"hash":"cb4fb0550773a611991698e7910c0d0e68d84ebd","isMergeCommit":true,"messageTitle":"Merge pull request #22 from Wxy2003-xy/update-about-us","messageBody":"Add personal details of Wxy2003-xy","fileTypesAndContributionMap":{}}]},{"date":"2024-10-03","commitResults":[{"hash":"6e21edf91bb771f132c1469002c06f0536299121","isMergeCommit":false,"messageTitle":"Add new Ui.png","messageBody":"","fileTypesAndContributionMap":{"docs":{"insertions":1,"deletions":1}}},{"hash":"80283e22482a9604b87f71e77161154a5b48e04e","isMergeCommit":true,"messageTitle":"Merge branch \u0027master\u0027 into add-new-UI","messageBody":"","fileTypesAndContributionMap":{}}]}]},"authorFileTypeContributionMap":{"Wxy2003-xy":{"docs":78,"functional-code":0,"test-code":0,"other":2},"starbucksventi":{"docs":1106,"functional-code":0,"test-code":0,"other":1},"jinnsuke":{"docs":26,"functional-code":0,"test-code":0},"minhao23":{"docs":3,"functional-code":0,"test-code":0}},"authorContributionVariance":{"Wxy2003-xy":554.2344,"starbucksventi":71261.44,"jinnsuke":81.65234,"minhao23":3.859375},"authorDisplayNameMap":{"Wxy2003-xy":"CS2103-F09-2 WANG..XIYU","starbucksventi":"CS2103-F09-2 RAVI..GERI","jinnsuke":"CS2103-F09-2 SUGI..UJIN","minhao23":"CS2103-F09-2 HE M..NHAO"}}
