{"authorDailyContributionsMap":{"ttzuche":[{"date":"2024-09-30","commitResults":[{"hash":"95f477aa22f7a0b645a8c743c15144b9a7f80ef0","isMergeCommit":true,"messageTitle":"Merge pull request #9 from tzuennn/add-tzuennn-info","messageBody":"Add Tzu En\u0027s photo","fileTypesAndContributionMap":{}},{"hash":"0bac3cdacbe02ec18630c2549685a46a50c9670e","isMergeCommit":false,"messageTitle":"Update Tzu Che AboutMd.md","messageBody":"","fileTypesAndContributionMap":{"docs":{"insertions":3,"deletions":4}}},{"hash":"db13250fc3e8c73ac8b0d8d1f94454a1d2c703b2","isMergeCommit":false,"messageTitle":"Update Tzu AboutMd.md on portfolio link","messageBody":"","fileTypesAndContributionMap":{"docs":{"insertions":1,"deletions":0}}},{"hash":"b83b2f0cf81e9c8830303d0b08531a1866b3817a","isMergeCommit":true,"messageTitle":"Merge pull request #25 from ttzuche/update-tzuche-info","messageBody":"Update Tzu Che AboutUs.md","fileTypesAndContributionMap":{}}]},{"date":"2024-10-03","commitResults":[{"hash":"d7b2db246d3702e03c0fed3983466c342135eaf5","isMergeCommit":false,"messageTitle":"Update non-functional requirements","messageBody":"","fileTypesAndContributionMap":{"docs":{"insertions":7,"deletions":3}}},{"hash":"c0b8479c81c551f9d2d2b52d6af047b2e8794744","isMergeCommit":false,"messageTitle":"Update glossary for developer guide","messageBody":"","fileTypesAndContributionMap":{"docs":{"insertions":8,"deletions":3}}}]},{"date":"2024-10-04","commitResults":[{"hash":"d2a997bdc0bb7b2ca89acc3a9bd061f896d53cd8","isMergeCommit":false,"messageTitle":"Remove unnecessary point in glossary","messageBody":"","fileTypesAndContributionMap":{"docs":{"insertions":1,"deletions":1}}},{"hash":"9f1560cfba062ceff2707d76029d3e01ccfbba98","isMergeCommit":true,"messageTitle":"Merge pull request #41 from keerthigkaarthik/Use-cases","messageBody":"Add use cases","fileTypesAndContributionMap":{}}]},{"date":"2024-10-06","commitResults":[{"hash":"32b35c5093d6b3920453ea932e7e339bf4c0188d","isMergeCommit":true,"messageTitle":"Merge pull request #1 from AY2425S1-CS2103T-W12-2/Add-Event-and-EventParser","messageBody":"Add event and event parser","fileTypesAndContributionMap":{}}]},{"date":"2024-10-09","commitResults":[{"hash":"f9eef02ec1a9bcfa0b8ccd518fca794179be7655","isMergeCommit":true,"messageTitle":"Merge pull request #50 from tzuennn/add-volunteer-feature","messageBody":"Merge volunteer feature with event and event parser","fileTypesAndContributionMap":{}},{"hash":"d59a3474d3d54bc699bfeca102256545a14540e6","isMergeCommit":true,"messageTitle":"Merge pull request #2 from AY2425S1-CS2103T-W12-2/Add-Event-and-EventParser","messageBody":"Merge Add-Event-and-EventParser branch to sync event parser changes for volunteer parser development","fileTypesAndContributionMap":{}},{"hash":"83ab3c05a31795f77e3d97bee0425885ddfc377e","isMergeCommit":false,"messageTitle":"Update prefix for volunteer \u0026 VolunteerAddCommand","messageBody":"","fileTypesAndContributionMap":{"functional-code":{"insertions":70,"deletions":4}}},{"hash":"f0e64732e693904dd7f4ec1bb61b632a813c7004","isMergeCommit":false,"messageTitle":"Move VolunteerAddCommand to eventCommands","messageBody":"","fileTypesAndContributionMap":{"other":{"insertions":1,"deletions":1}}},{"hash":"4088c3d85018e13d9cad61fa45b10a52fe228fea","isMergeCommit":false,"messageTitle":"Add volunteer parsers","messageBody":"","fileTypesAndContributionMap":{"functional-code":{"insertions":77,"deletions":10},"other":{"insertions":1,"deletions":1}}}]},{"date":"2024-10-10","commitResults":[{"hash":"ffbea092997f1673b4d58cadf6222f38fad67163","isMergeCommit":false,"messageTitle":"Refactor ParserUtil","messageBody":"- Split ParserUtil.java into EventParserUtil.java\n  andVolunteerParserUtil.java for better code organization\n- Added new methods in the model:\n  - `boolean hasVolunteer(Volunteer toAdd)`\n  - `void addVolunteer(Volunteer toAdd)`\n","fileTypesAndContributionMap":{"functional-code":{"insertions":96,"deletions":28},"other":{"insertions":1,"deletions":1},"test-code":{"insertions":29,"deletions":29}}},{"hash":"7dd1aa2730e718e825f00e5285b450760e46708f","isMergeCommit":false,"messageTitle":"Add volunteer functions to model","messageBody":"","fileTypesAndContributionMap":{"functional-code":{"insertions":13,"deletions":1}}},{"hash":"15531e0c6e3804c208cadfa7ae422bf51aa08b92","isMergeCommit":true,"messageTitle":"Resolve merge conflict in ParserUtil","messageBody":"","fileTypesAndContributionMap":{}},{"hash":"2e4e66da2eba13b50fbb1ad935492b209ef51108","isMergeCommit":false,"messageTitle":"Add methods to ModelStub","messageBody":"","fileTypesAndContributionMap":{"functional-code":{"insertions":1,"deletions":1},"test-code":{"insertions":39,"deletions":0}}}]},{"date":"2024-10-11","commitResults":[{"hash":"0c7a302dfb87a4218a11a1d5e37f53294f0e143a","isMergeCommit":false,"messageTitle":"Fix regex validation","messageBody":"","fileTypesAndContributionMap":{"functional-code":{"insertions":3,"deletions":4}}},{"hash":"804edfc1e867346defa49aef1df25012bb2edf80","isMergeCommit":false,"messageTitle":"Standardize prefixes to match events","messageBody":"","fileTypesAndContributionMap":{"functional-code":{"insertions":3,"deletions":3}}},{"hash":"fc0b53bc4cddafdfba8d01fede743e2b5dea9a54","isMergeCommit":false,"messageTitle":"Correct volunteer MESSAGE_USAGE","messageBody":"","fileTypesAndContributionMap":{"functional-code":{"insertions":5,"deletions":4}}}]},{"date":"2024-10-17","commitResults":[{"hash":"3a26f2878e06fd5a078df804a87b3714b589fcdf","isMergeCommit":false,"messageTitle":"Add functions to Event and Volunteer","messageBody":"","fileTypesAndContributionMap":{"functional-code":{"insertions":31,"deletions":0}}},{"hash":"c1708ccaa89cfd5bed23e4048a2e5a50ebeee3c7","isMergeCommit":false,"messageTitle":"Add feature to unassign volunteers","messageBody":"","fileTypesAndContributionMap":{"functional-code":{"insertions":151,"deletions":6}}},{"hash":"282c67169fbfb9a1d2f0eb3f44db89b4079fb30b","isMergeCommit":false,"messageTitle":"Fix styling issues","messageBody":"","fileTypesAndContributionMap":{"functional-code":{"insertions":20,"deletions":24}}},{"hash":"76e75ce980bb307916cf63d7c95e4e0bef07c527","isMergeCommit":false,"messageTitle":"Fix import all statements","messageBody":"","fileTypesAndContributionMap":{"functional-code":{"insertions":7,"deletions":1}}}]},{"date":"2024-10-18","commitResults":[{"hash":"bed714d2045fcb7d352a75bb2e45bae83d47f5f6","isMergeCommit":false,"messageTitle":"Refactor code for UnassignCommand","messageBody":"","fileTypesAndContributionMap":{"functional-code":{"insertions":53,"deletions":57}}},{"hash":"5f572f1d533c0adddaa03523744642cb274ecbf0","isMergeCommit":true,"messageTitle":"Merge branch \u0027master\u0027 into add-unassign-volunteer","messageBody":"","fileTypesAndContributionMap":{}}]},{"date":"2024-10-19","commitResults":[{"hash":"8531ebee1a4eacf633d9bee9df5dcd2801be7323","isMergeCommit":true,"messageTitle":"Fix import order","messageBody":"","fileTypesAndContributionMap":{}},{"hash":"a33ee9f9f90bc4d38754881f19fb92876e284b5f","isMergeCommit":true,"messageTitle":"Fix spelling error","messageBody":"","fileTypesAndContributionMap":{}},{"hash":"c5259bd473fe9210f247ecad35d3a3a6d1687b20","isMergeCommit":true,"messageTitle":"Fix merge conflict again","messageBody":"","fileTypesAndContributionMap":{}},{"hash":"7210532f27cac527cd341dcf8b74b48ed299bee7","isMergeCommit":true,"messageTitle":"Merge pull request #84 from ttzuche/add-unassign-volunteer","messageBody":"Add feature to unassign volunteer","tags":["v1.3"],"fileTypesAndContributionMap":{}}]},{"date":"2024-10-21","commitResults":[{"hash":"323def5ac98c2713f732591ea146209897a7081d","isMergeCommit":true,"messageTitle":"Merge pull request #89 from Fluffykan/rename-output-jar-file","messageBody":"Rename output jar file","fileTypesAndContributionMap":{}}]},{"date":"2024-10-22","commitResults":[{"hash":"bd414e4283155c4b0c9f5e7d3c1afbe9267e67eb","isMergeCommit":false,"messageTitle":"Add Volunteer builder","messageBody":"","fileTypesAndContributionMap":{"functional-code":{"insertions":4,"deletions":5},"test-code":{"insertions":216,"deletions":32}}},{"hash":"2babf0493f60e6f1fe1f920a56314256acd12647","isMergeCommit":false,"messageTitle":"Add tests for volunteer","messageBody":"","fileTypesAndContributionMap":{"test-code":{"insertions":305,"deletions":0}}},{"hash":"8a106d7a61a65caacc3b9f72862ae101923a4ec0","isMergeCommit":false,"messageTitle":"Update isValidTime in Time","messageBody":"","fileTypesAndContributionMap":{"functional-code":{"insertions":9,"deletions":1},"test-code":{"insertions":4,"deletions":6}}},{"hash":"8cfe5e93f4a66e4533f0ebc3357ac8e31d6aa40b","isMergeCommit":false,"messageTitle":"Fix styling issues","messageBody":"","fileTypesAndContributionMap":{"test-code":{"insertions":61,"deletions":36}}},{"hash":"29ecb6ec0e721c275e3a3b2bd186d60753779a6d","isMergeCommit":false,"messageTitle":"Add DateTest for volunteer","messageBody":"","fileTypesAndContributionMap":{"functional-code":{"insertions":12,"deletions":2},"test-code":{"insertions":80,"deletions":0}}},{"hash":"85d8c5959a652cb60079c3812c87db937695cd8c","isMergeCommit":false,"messageTitle":"Add TypicalVolunteers and tests for volunteer","messageBody":"","fileTypesAndContributionMap":{"test-code":{"insertions":262,"deletions":0}}},{"hash":"cbba261a634199c727fa3e9132ca986943bb826f","isMergeCommit":false,"messageTitle":"Add remaining test for volunteer","messageBody":"","fileTypesAndContributionMap":{"test-code":{"insertions":73,"deletions":0}}},{"hash":"456523b6b5368caec1be93a5e4d9513b7b0ba5d3","isMergeCommit":false,"messageTitle":"Fix checkstyle issues","messageBody":"","fileTypesAndContributionMap":{"test-code":{"insertions":8,"deletions":4}}}]},{"date":"2024-10-23","commitResults":[{"hash":"20348e957b37f5f13f478f348c7ffe286bef59aa","isMergeCommit":true,"messageTitle":"Merge remote-tracking branch \u0027origin/master\u0027 into Add-Volunteer-Test","messageBody":"","fileTypesAndContributionMap":{}},{"hash":"b0cf7873ba211c7649de5a21fa98aca5370cc9c2","isMergeCommit":false,"messageTitle":"Remove unused import statements","messageBody":"","fileTypesAndContributionMap":{"functional-code":{"insertions":1,"deletions":3},"test-code":{"insertions":0,"deletions":6}}},{"hash":"87f89033d57f1f66c61b71efce64f6c55e999866","isMergeCommit":true,"messageTitle":"Remove Time related tests","messageBody":"","fileTypesAndContributionMap":{}},{"hash":"20754defe16b45b691afa24d5bff18a1eb238de7","isMergeCommit":false,"messageTitle":"Make Volunteer name case-insensitive","messageBody":"","fileTypesAndContributionMap":{"functional-code":{"insertions":22,"deletions":3},"test-code":{"insertions":28,"deletions":4}}}]},{"date":"2024-10-24","commitResults":[{"hash":"d6013c96d41f4c19b28cc76af269158241863db0","isMergeCommit":false,"messageTitle":"Improve Volunteer test coverage","messageBody":"","fileTypesAndContributionMap":{"test-code":{"insertions":155,"deletions":0}}},{"hash":"b72a7bd243c850c246d5062133b7051ee2817cf2","isMergeCommit":false,"messageTitle":"Add more tests for UniqueVolunteerList","messageBody":"","fileTypesAndContributionMap":{"test-code":{"insertions":96,"deletions":0}}},{"hash":"56a676c3552ab2c83126de45ffdf467faae9bf26","isMergeCommit":false,"messageTitle":"Add more tests for Volunteer","messageBody":"","fileTypesAndContributionMap":{"test-code":{"insertions":29,"deletions":0}}},{"hash":"9b80e6adaa6da5ac233b1a5b6fefcd21c9e7fe4f","isMergeCommit":false,"messageTitle":"Update equals method in Name","messageBody":"","fileTypesAndContributionMap":{"functional-code":{"insertions":1,"deletions":1}}},{"hash":"8ff071943910f1a4b2529a3f534571c8d4f0170d","isMergeCommit":true,"messageTitle":"Merge pull request #107 from ttzuche/Add-Volunteer-Test","messageBody":"Add volunteer test","fileTypesAndContributionMap":{}}]},{"date":"2024-10-27","commitResults":[{"hash":"1350336dcc593bb26ed43e1525503067265add16","isMergeCommit":false,"messageTitle":"Add assign sequence diagram","messageBody":"","fileTypesAndContributionMap":{"docs":{"insertions":67,"deletions":0}}}]},{"date":"2024-10-29","commitResults":[{"hash":"406df350e08d60c259eaed8abed573cf4c4514a1","isMergeCommit":true,"messageTitle":"Merge pull request #123 from ttzuche/Add-Assign-Sequence-Diagram","messageBody":"Add assign sequence diagram","fileTypesAndContributionMap":{}}]},{"date":"2024-11-05","commitResults":[{"hash":"44e3d36523f5d669af795cd4f36097098d7ababa","isMergeCommit":false,"messageTitle":"Add character limit to Volunteer attributes","messageBody":"","fileTypesAndContributionMap":{"functional-code":{"insertions":6,"deletions":5},"test-code":{"insertions":10,"deletions":4}}},{"hash":"a58f1229be4a9a7e20f825a42de77cf6538035ac","isMergeCommit":false,"messageTitle":"Update UserGuide.md","messageBody":"","fileTypesAndContributionMap":{"docs":{"insertions":25,"deletions":26}}},{"hash":"fe08cc16ea7db81879d7bff6b151190c272131b0","isMergeCommit":false,"messageTitle":"Fix message usage for Assign command","messageBody":"","fileTypesAndContributionMap":{"functional-code":{"insertions":18,"deletions":19}}}]},{"date":"2024-11-06","commitResults":[{"hash":"09a61a69fda1beea6233ab33a13723bc126fab77","isMergeCommit":true,"messageTitle":"Merge branch \u0027master\u0027 into Fix-Alpha-Bugs","messageBody":"","fileTypesAndContributionMap":{}},{"hash":"55f03cc56e9219456ed72be5f42ca5b4c183e511","isMergeCommit":false,"messageTitle":"Fix checkstyle issue","messageBody":"","fileTypesAndContributionMap":{"functional-code":{"insertions":0,"deletions":1}}},{"hash":"58237f114eee36ccbdfbe45408607c7866d12227","isMergeCommit":false,"messageTitle":"Fix checkstyle issue","messageBody":"","fileTypesAndContributionMap":{"test-code":{"insertions":1,"deletions":2}}},{"hash":"9348feed9a2b60c1f00d39c87e1601e36ae0e7ca","isMergeCommit":false,"messageTitle":"Add EventDeleteCommandTest","messageBody":"","fileTypesAndContributionMap":{"functional-code":{"insertions":1,"deletions":1},"test-code":{"insertions":172,"deletions":1}}},{"hash":"f7cd289221b7c7b0e3f188f6bd2b35b5826494e4","isMergeCommit":false,"messageTitle":"Add EventNewCommandTest","messageBody":"","fileTypesAndContributionMap":{"functional-code":{"insertions":7,"deletions":2},"test-code":{"insertions":278,"deletions":0}}},{"hash":"2e3c845735590b159733065e3d1501eafa69ec84","isMergeCommit":false,"messageTitle":"Fix checkstyle issue","messageBody":"","fileTypesAndContributionMap":{"test-code":{"insertions":9,"deletions":7}}},{"hash":"64be7cb5bfc5f95f72ef8747c4f8da685f1abfd2","isMergeCommit":false,"messageTitle":"Add EventViewCommandTest","messageBody":"","fileTypesAndContributionMap":{"functional-code":{"insertions":1,"deletions":1},"test-code":{"insertions":121,"deletions":0}}},{"hash":"c777653e7b954dcdc934c7106fd9b53d5d254981","isMergeCommit":false,"messageTitle":"Add EventFindCommandTest","messageBody":"","fileTypesAndContributionMap":{"test-code":{"insertions":92,"deletions":0}}},{"hash":"a2752014d3778819611dcf46ecf898bec5125d44","isMergeCommit":false,"messageTitle":"Fix checkstyle issue","messageBody":"","fileTypesAndContributionMap":{"test-code":{"insertions":4,"deletions":2}}}]}],"keerthigkaarthik":[{"date":"2024-09-30","commitResults":[{"hash":"f851858c1ad0a2d4c4415c5d09d6a3ef7e2727ef","isMergeCommit":true,"messageTitle":"Merge pull request #11 from Fluffykan/add-jun-hong-photo","messageBody":"Add Jun Hong\u0027s photo","fileTypesAndContributionMap":{}},{"hash":"f4391b339821335095f9ed269373f16c2fb56cb0","isMergeCommit":false,"messageTitle":"Update Kaarthik\u0027s details","messageBody":"","fileTypesAndContributionMap":{"docs":{"insertions":4,"deletions":44}}},{"hash":"5d3c928f72129ca3bf331671dce37bd8396ae434","isMergeCommit":false,"messageTitle":"Update AboutUs.md","messageBody":"","fileTypesAndContributionMap":{"docs":{"insertions":2,"deletions":2}}},{"hash":"52770b1b54472d030042d17c50669f4eaf457df0","isMergeCommit":true,"messageTitle":"Merge pull request #19 from Fluffykan/add-jun-hong-photo","messageBody":"Edit Jun Hong AboutUs.md","fileTypesAndContributionMap":{}},{"hash":"89344fab5908c50ff40645265a284dcc8526cf7a","isMergeCommit":true,"messageTitle":"Merge branch \u0027master\u0027 into add-kaarthik-info","messageBody":"","fileTypesAndContributionMap":{}}]},{"date":"2024-10-04","commitResults":[{"hash":"4a74ce4b4b5055e037e632c6b247326ba91abbe0","isMergeCommit":false,"messageTitle":"Add use cases","messageBody":"","fileTypesAndContributionMap":{"docs":{"insertions":58,"deletions":15}}}]},{"date":"2024-10-05","commitResults":[{"hash":"18fda11e98a57d3f3d644ad076f5adc09a7e165d","isMergeCommit":false,"messageTitle":"Change general parser, add command/volunteer parser","messageBody":"","fileTypesAndContributionMap":{"functional-code":{"insertions":260,"deletions":23}}},{"hash":"ea0d357d86b8a8eb4dd3d0921e32d40dd5bf41d8","isMergeCommit":true,"messageTitle":"Merge pull request #45 from keerthigkaarthik/Parser","messageBody":"Change general parser, add command/volunteer parser","fileTypesAndContributionMap":{}}]},{"date":"2024-10-06","commitResults":[{"hash":"7c37ff936b59cf248e68cb46f2d3536f7f2e798b","isMergeCommit":false,"messageTitle":"Remove unused class","messageBody":"","fileTypesAndContributionMap":{"functional-code":{"insertions":5,"deletions":9}}},{"hash":"2001aa7eae44ae9c243ebd1f57d9c155d5bb4c8e","isMergeCommit":true,"messageTitle":"Merge pull request #46 from keerthigkaarthik/Parser","messageBody":"Remove unused class","fileTypesAndContributionMap":{}}]},{"date":"2024-10-09","commitResults":[{"hash":"fbee37dcf0314c73db55a59dbe4abe9d2871e341","isMergeCommit":true,"messageTitle":"Merge pull request #47 from Fluffykan/tutorial-adding-command","messageBody":"Create Event Class","fileTypesAndContributionMap":{}},{"hash":"b04da46463ea9de8b0332f7e3cb1e3c1fd65639b","isMergeCommit":true,"messageTitle":"Merge pull request #1 from AY2425S1-CS2103T-W12-2/Add-Event-and-EventParser","messageBody":"Add event and event parser","fileTypesAndContributionMap":{}},{"hash":"1c6f92ed648dae5735887d5388a9503a05489ac6","isMergeCommit":false,"messageTitle":"Update parsers to acomodate events","messageBody":"","fileTypesAndContributionMap":{"functional-code":{"insertions":128,"deletions":26},"other":{"insertions":147,"deletions":147},"docs":{"insertions":9,"deletions":9}}},{"hash":"22ad0bae4eaa9fea2572a563828599726bc5455c","isMergeCommit":false,"messageTitle":"Fix typos","messageBody":"","fileTypesAndContributionMap":{"functional-code":{"insertions":1,"deletions":1},"other":{"insertions":144,"deletions":144},"docs":{"insertions":7,"deletions":7}}},{"hash":"6250f37def975ec5327395fbfc47eb3423aec0f4","isMergeCommit":true,"messageTitle":"Merge pull request #49 from keerthigkaarthik/Parser","messageBody":"Update parsers to accommodate Event","fileTypesAndContributionMap":{}},{"hash":"549ff9453548a0ee23925e19a761f232a5f65c7d","isMergeCommit":false,"messageTitle":"Fixed minor bugs","messageBody":"","fileTypesAndContributionMap":{"functional-code":{"insertions":9,"deletions":8}}}]},{"date":"2024-10-10","commitResults":[{"hash":"0abbfeab4a2f3d25bb76902a736fa6e084c21750","isMergeCommit":true,"messageTitle":"Merge pull request #53 from keerthigkaarthik/Parser","messageBody":"Fixed minor bugs","fileTypesAndContributionMap":{}},{"hash":"848f38fd9eeec834aea50ce25b1f121d7457d5c5","isMergeCommit":false,"messageTitle":"Change import order","messageBody":"","fileTypesAndContributionMap":{"functional-code":{"insertions":77,"deletions":80}}},{"hash":"a90edb23c455490626f0142e292298f96816e505","isMergeCommit":false,"messageTitle":"Revert \"Change import order\"","messageBody":"This reverts commit 848f38fd9eeec834aea50ce25b1f121d7457d5c5.\n","fileTypesAndContributionMap":{"functional-code":{"insertions":80,"deletions":77}}},{"hash":"ada55d11d640276ea108f03eb69ea2131f46d37f","isMergeCommit":true,"messageTitle":"Merge pull request #2 from AY2425S1-CS2103T-W12-2/Add-Event-and-EventParser","messageBody":"Add event and event parser","fileTypesAndContributionMap":{}},{"hash":"4c6a1528efd1856ed4b8ca355438de6da18c7e28","isMergeCommit":false,"messageTitle":"Change import order","messageBody":"","fileTypesAndContributionMap":{"functional-code":{"insertions":247,"deletions":250}}},{"hash":"3cb5ce3fbf2ff4d1a297ba5cbda8b8bc679e3fbf","isMergeCommit":false,"messageTitle":"Fix formatting","messageBody":"","fileTypesAndContributionMap":{"functional-code":{"insertions":1,"deletions":1},"docs":{"insertions":21,"deletions":21}}},{"hash":"149e2a4ba24a30b78caf4a32c0f59eb8a5c5faf8","isMergeCommit":true,"messageTitle":"Merge pull request #56 from keerthigkaarthik/Parser","messageBody":"Parser","fileTypesAndContributionMap":{}}]},{"date":"2024-10-16","commitResults":[{"hash":"e1be0ace3ccbd6fd6e3d063676033ebad5a99c57","isMergeCommit":false,"messageTitle":"Add EventDeleteCommand and Parser","messageBody":"","fileTypesAndContributionMap":{"functional-code":{"insertions":111,"deletions":3},"other":{"insertions":8,"deletions":8}}},{"hash":"3e8c1ce5279ae8f207ca11b86641fd75ea52554d","isMergeCommit":false,"messageTitle":"Style fix","messageBody":"","fileTypesAndContributionMap":{"functional-code":{"insertions":4,"deletions":0},"docs":{"insertions":20,"deletions":20}}},{"hash":"72dd23172ee71c651ae8211899055778bc4c4b10","isMergeCommit":false,"messageTitle":"Add VolunteerDeleteCommand and corresponding Parser","messageBody":"","fileTypesAndContributionMap":{"functional-code":{"insertions":116,"deletions":2}}},{"hash":"cd4cf83d19ff693e400eba0c602d3231a17c828f","isMergeCommit":false,"messageTitle":"Fix import order","messageBody":"","fileTypesAndContributionMap":{"functional-code":{"insertions":6,"deletions":8}}},{"hash":"6846a1b2ced37ae74a9e76dab3cfd025491b484f","isMergeCommit":false,"messageTitle":"Style fix","messageBody":"","fileTypesAndContributionMap":{"functional-code":{"insertions":12,"deletions":9}}},{"hash":"cc09341b83581f45c8b331da5e963e29c1c95591","isMergeCommit":false,"messageTitle":"Fix import order","messageBody":"","fileTypesAndContributionMap":{"functional-code":{"insertions":1,"deletions":1}}},{"hash":"51381a79ebdf7617545dc41a33eb22cbc3400931","isMergeCommit":false,"messageTitle":"Add display reset command. Will be useful after view event works","messageBody":"","fileTypesAndContributionMap":{"functional-code":{"insertions":37,"deletions":0}}}]},{"date":"2024-10-17","commitResults":[{"hash":"8b93bb257f0aa74b82dc2ad558532d4e90cf3e1c","isMergeCommit":true,"messageTitle":"Merge branch \u0027master\u0027 into EventDeleteCommandandParser","messageBody":"","fileTypesAndContributionMap":{}},{"hash":"d4d97924c11c1a6322f1bb35aad74b22ab9a7128","isMergeCommit":true,"messageTitle":"Merge pull request #74 from keerthigkaarthik/EventDeleteCommandandParser","messageBody":"Add EventDeleteCommand, VolunteerDeleteCommand and corresponding Parsers","fileTypesAndContributionMap":{}},{"hash":"6ae7e5c0d9642ca94bb58bb9ffd3dd07cd9393e9","isMergeCommit":true,"messageTitle":"Merge branch \u0027master\u0027 into Reset","messageBody":"","fileTypesAndContributionMap":{}},{"hash":"ae6c9461daaa7c9d26f340cbff0bff16586924ac","isMergeCommit":true,"messageTitle":"Merge pull request #75 from keerthigkaarthik/Reset","messageBody":"Add display reset command.","fileTypesAndContributionMap":{}}]},{"date":"2024-10-18","commitResults":[{"hash":"73d8dcf0cb7511d584a58b26a5fa55fba0dfc2aa","isMergeCommit":false,"messageTitle":"Add view event","messageBody":"","fileTypesAndContributionMap":{"functional-code":{"insertions":151,"deletions":0}}},{"hash":"42f480870e882eac9daf80ef7263a18012b46d9f","isMergeCommit":false,"messageTitle":"Add view event/volunteer commands, corresponding parser and fix typos","messageBody":"","fileTypesAndContributionMap":{"functional-code":{"insertions":192,"deletions":15}}}]},{"date":"2024-10-19","commitResults":[{"hash":"4b86ec36f0855b7a71c86d38397f04c023f91536","isMergeCommit":true,"messageTitle":"Merge pull request #87 from Fluffykan/final-tweaks-for-v1.3","messageBody":"Adjustments to v1.3","fileTypesAndContributionMap":{}}]},{"date":"2024-10-23","commitResults":[{"hash":"0d4bc2c85857ef160c115d160c850c4b5ae52ce3","isMergeCommit":true,"messageTitle":"Merge pull request #110 from JovenSoh/code-refactor","messageBody":"Refactor AddressBook","fileTypesAndContributionMap":{}}]},{"date":"2024-10-24","commitResults":[{"hash":"fed8ff93b52a99bac6942e7e30e535df61746b61","isMergeCommit":false,"messageTitle":"Add exception to handle volunteer assignment to overlapping events","messageBody":"","fileTypesAndContributionMap":{"functional-code":{"insertions":58,"deletions":3}}},{"hash":"37968b39ee7f0e626aee94499fe0e39d4a5d982f","isMergeCommit":false,"messageTitle":"Revert \"Add exception to handle volunteer assignment to overlapping events\"","messageBody":"This reverts commit fed8ff93b52a99bac6942e7e30e535df61746b61.\n","fileTypesAndContributionMap":{"functional-code":{"insertions":3,"deletions":58}}},{"hash":"e4e8dbd02b98c042f10fd401c37ffe0c8dcd491e","isMergeCommit":false,"messageTitle":"Revert \"Revert \"Add exception to handle volunteer assignment to overlapping events\"\"","messageBody":"This reverts commit 37968b39ee7f0e626aee94499fe0e39d4a5d982f.\n","fileTypesAndContributionMap":{"functional-code":{"insertions":58,"deletions":3}}},{"hash":"fd8c0c493a06fd0af93fcda03481d5d53eb01148","isMergeCommit":false,"messageTitle":"Style fix","messageBody":"","fileTypesAndContributionMap":{"functional-code":{"insertions":46,"deletions":20},"other":{"insertions":5,"deletions":1}}},{"hash":"a0b436025790e6dedc0ae427b59ccbd16d7a4731","isMergeCommit":true,"messageTitle":"Merge pull request #116 from keerthigkaarthik/Double-book","messageBody":"Add exception to handle volunteer assignment to overlapping events","fileTypesAndContributionMap":{}}]},{"date":"2024-10-26","commitResults":[{"hash":"39e93bdfa39c1d4feea6315de54dd4ecdf80ef72","isMergeCommit":false,"messageTitle":"Update UiClassDiagram.puml","messageBody":"","fileTypesAndContributionMap":{"docs":{"insertions":4,"deletions":0}}}]},{"date":"2024-10-31","commitResults":[{"hash":"3fd3bdeca07ddde7cc0750e11ce9b9cde600c22a","isMergeCommit":false,"messageTitle":"Made VolunteerDate contain multiple dates with an observable field.","messageBody":"","fileTypesAndContributionMap":{"functional-code":{"insertions":337,"deletions":104},"test-code":{"insertions":44,"deletions":44}}},{"hash":"2dc6bf1aa8415b38915a5aec6b6c338c3d1eaff1","isMergeCommit":false,"messageTitle":"Fix style errors","messageBody":"","fileTypesAndContributionMap":{"functional-code":{"insertions":68,"deletions":34},"test-code":{"insertions":3,"deletions":3}}}]},{"date":"2024-11-05","commitResults":[{"hash":"aa806789c020424d7e72c9000caa0bda249c0fde","isMergeCommit":true,"messageTitle":"Merge branch \u0027AY2425S1-CS2103T-W12-2:master\u0027 into ObservableDateList","messageBody":"","fileTypesAndContributionMap":{}},{"hash":"f5f0cc4044d5a1c81d3d12e81772bdc51f2c917d","isMergeCommit":false,"messageTitle":"Add remove date command","messageBody":"","fileTypesAndContributionMap":{"functional-code":{"insertions":200,"deletions":3}}},{"hash":"f442483ab770689939a3f89b4b828296888a24d9","isMergeCommit":false,"messageTitle":"Style fix","messageBody":"","fileTypesAndContributionMap":{"functional-code":{"insertions":32,"deletions":15}}}]},{"date":"2024-11-06","commitResults":[{"hash":"66608941139cf93ac089ad85b01fcd62084f1290","isMergeCommit":false,"messageTitle":"Add test cases for ToStringBuilder","messageBody":"","fileTypesAndContributionMap":{"test-code":{"insertions":90,"deletions":0}}},{"hash":"3b1abc9f9dad06bfe7ee8fb3346b9893f7f85f5d","isMergeCommit":false,"messageTitle":"Add test cases for commons","messageBody":"","fileTypesAndContributionMap":{"functional-code":{"insertions":0,"deletions":1},"test-code":{"insertions":178,"deletions":0}}},{"hash":"ed72cb936ed20fdda5c0a5f58e007df7b7899ac5","isMergeCommit":false,"messageTitle":"Fix style","messageBody":"","fileTypesAndContributionMap":{"test-code":{"insertions":3,"deletions":2}}},{"hash":"e1dc706a1065411b7df7d67d20dfbac062348369","isMergeCommit":false,"messageTitle":"Fix style again. Woops","messageBody":"","fileTypesAndContributionMap":{"test-code":{"insertions":4,"deletions":3}}}]}],"tzuennn":[{"date":"2024-09-30","commitResults":[{"hash":"c2af07e2a5b65e764a0208b42510b6bda5dd94d5","isMergeCommit":true,"messageTitle":"Merge pull request #13 from ttzuche/add-tzuche-info","messageBody":"Add Tzu Che\u0027s Photo","fileTypesAndContributionMap":{}},{"hash":"ec748d27d03b5074a614113e1959fbc34c77ab0b","isMergeCommit":true,"messageTitle":"Merge pull request #17 from ttzuche/add-tzuche-info","messageBody":"Rename Tzu Che\u0027s Photo","fileTypesAndContributionMap":{}},{"hash":"702b411423c4b6182037026bf77c90335f5fac59","isMergeCommit":false,"messageTitle":"Update Tzu En\u0027s About.md","messageBody":"","fileTypesAndContributionMap":{"docs":{"insertions":3,"deletions":5}}},{"hash":"3c949ea602f3f4b4dcce13ce8c741dfdf707f504","isMergeCommit":false,"messageTitle":"Update Tzu En\u0027s About.md","messageBody":"","fileTypesAndContributionMap":{"docs":{"insertions":2,"deletions":1}}},{"hash":"02c61d36110e2300e7920b1bb211e4750b94edde","isMergeCommit":true,"messageTitle":"Merge branch \u0027master\u0027 into update-tzuen-info","messageBody":"","fileTypesAndContributionMap":{}},{"hash":"73808bcbe61d3ad3f24211686a0d10bf19d62fc6","isMergeCommit":true,"messageTitle":"Merge pull request #26 from tzuennn/update-tzuen-info","messageBody":"Update Tzu En\u0027s AboutUs.md","fileTypesAndContributionMap":{}}]},{"date":"2024-10-03","commitResults":[{"hash":"471220c2a1f86b91c8292e119e01e56f523aa3ab","isMergeCommit":false,"messageTitle":"Update user stories and user profile","messageBody":"","fileTypesAndContributionMap":{"docs":{"insertions":26,"deletions":10}}}]},{"date":"2024-10-05","commitResults":[{"hash":"a87844c2e5b409c243c26504c4e1f4a269efcd45","isMergeCommit":true,"messageTitle":"Merge branch \u0027master\u0027 into update-developer-guide-appendix","messageBody":"","fileTypesAndContributionMap":{}},{"hash":"fd1aa24ad4c86082b7820f8ae563271e8a136233","isMergeCommit":false,"messageTitle":"Revise user guide to include more POVs","messageBody":"","fileTypesAndContributionMap":{"docs":{"insertions":26,"deletions":25}}}]},{"date":"2024-10-07","commitResults":[{"hash":"416b6d174a006687bd0057484b509daa99d35c5e","isMergeCommit":false,"messageTitle":"Add volunteer class and all required fields","messageBody":"","fileTypesAndContributionMap":{"functional-code":{"insertions":476,"deletions":0}}},{"hash":"a1eb17a597433bae86319682f181a584394e02b8","isMergeCommit":false,"messageTitle":"Add volunteer management methods","messageBody":"- Implemented methods to manage volunteers in the volunteer book:\n  - `hasVolunteer` to check for existing volunteers\n  - `addVolunteer` to add new volunteers\n  - `setVolunteer` to replace volunteers\n  - `removeVolunteer` to delete volunteers\n\nThese methods follow the existing design pattern for managing\nentities in the system and ensure consistent functionality.\n","fileTypesAndContributionMap":{"functional-code":{"insertions":217,"deletions":0}}}]},{"date":"2024-10-08","commitResults":[{"hash":"6ca78d2710a33380d0a741a92ef94ebfa436570c","isMergeCommit":false,"messageTitle":"Fix style errors","messageBody":"","fileTypesAndContributionMap":{"functional-code":{"insertions":2,"deletions":3},"docs":{"insertions":25,"deletions":25}}}]},{"date":"2024-10-09","commitResults":[{"hash":"1a109dbae4ed4b5630dbef4ab990f76a7124d8c9","isMergeCommit":true,"messageTitle":"Merge branch \u0027Add-Event-and-EventParser\u0027 into add-volunteer-feature","messageBody":"","fileTypesAndContributionMap":{}}]},{"date":"2024-10-17","commitResults":[{"hash":"cb5f96ea3159b13aa848702a21c8dd45235459f9","isMergeCommit":false,"messageTitle":"Improve user prompt when invalid volunteer command given","messageBody":"","fileTypesAndContributionMap":{"functional-code":{"insertions":6,"deletions":10}}},{"hash":"f554d2d1afce29b00aaa00f16ba89e7ff4ecfd6f","isMergeCommit":true,"messageTitle":"Merge branch \u0027improve-volunteer-prompt\u0027 into find-event-function","messageBody":"","fileTypesAndContributionMap":{}},{"hash":"4dd10610701b33548e700052fad3f9868458d0bc","isMergeCommit":false,"messageTitle":"Add find function for volunteer and event","messageBody":"","fileTypesAndContributionMap":{"functional-code":{"insertions":224,"deletions":0}}}]},{"date":"2024-10-18","commitResults":[{"hash":"17cd9aeae41e345342d94021efab531e0b27c7a4","isMergeCommit":false,"messageTitle":"Find will now update the display","messageBody":"","fileTypesAndContributionMap":{"functional-code":{"insertions":46,"deletions":36}}}]},{"date":"2024-10-21","commitResults":[{"hash":"0d8f0cda695ed7fb942de5b99e575e6422e37641","isMergeCommit":true,"messageTitle":"Merge pull request #100 from Fluffykan/event-must-start-before-it-ends","messageBody":"Enforce events to start before it ends","fileTypesAndContributionMap":{}}]},{"date":"2024-10-22","commitResults":[{"hash":"642e1befd190d53c1b156bea777f068504fd09b4","isMergeCommit":false,"messageTitle":"Enhance date and time validation logic","messageBody":"Previously, the isValidTime method only checked for the correct format\nof time strings but did not validate that the hours and minutes fell\nwithin acceptable ranges. This led to scenarios where invalid times\n(like \"25:00\" or \"12:60\") were incorrectly considered valid.\n\nSimilar issues were encountered with validation of date. Examples\nlike \"2024-03-99, 2023-50-01\" were all previously considered\nvalid.\n:q\nTo address this issue, I have modified the isValidTime method to:\n- Split the input string into hours and minutes.\n- Validate that hours are between 0 and 23 and minutes are between\n  0 and 59.\n- Explicitly throw a NullPointerException when the input is null\n\nFor the issue of date, instead of using regex for validation,\nI used LocalDate parser to check for valid date.\n\nWith these changes, the validation process is now more robust,\npreventing invalid time strings from being accepted.\n","fileTypesAndContributionMap":{"functional-code":{"insertions":95,"deletions":60},"other":{"insertions":11,"deletions":11}}},{"hash":"b5b39268f3f8fe1a25b3e2646ae8860191947ed3","isMergeCommit":false,"messageTitle":"Fix checkstyle","messageBody":"","fileTypesAndContributionMap":{"functional-code":{"insertions":1,"deletions":1}}},{"hash":"e768d7ca4cd50a934b6f1e5e6f76bb435e7c383f","isMergeCommit":true,"messageTitle":"Pull changes from master Merge branch \u0027master\u0027 into improve-date-time-validation","messageBody":"","fileTypesAndContributionMap":{}}]},{"date":"2024-10-23","commitResults":[{"hash":"464622e9eb74613a767055a77c9a8aedd8150f94","isMergeCommit":false,"messageTitle":"Remove time in volunteer and improve validation","messageBody":"","fileTypesAndContributionMap":{"functional-code":{"insertions":27,"deletions":227}}},{"hash":"4ac2a658b5633d75222e785c9d7d6404fd44db1c","isMergeCommit":true,"messageTitle":"Merge pull request #109 from tzuennn/improve-date-time-validation","messageBody":"Enhance date and time validation logic","fileTypesAndContributionMap":{}},{"hash":"9e8d617aa062d08997ba960ee2c050d1d23924e2","isMergeCommit":false,"messageTitle":"Add datetest for event","messageBody":"","fileTypesAndContributionMap":{"test-code":{"insertions":84,"deletions":0}}},{"hash":"42a127a8596bcc84448635244d5e8c4feaae5cee","isMergeCommit":true,"messageTitle":"Merge branch \u0027master\u0027 of github.com:tzuennn/tp into test-event-model","messageBody":"","fileTypesAndContributionMap":{}},{"hash":"1cc8327793a9194d202f82547151c25ceb9361ce","isMergeCommit":false,"messageTitle":"Add description test for event","messageBody":"","fileTypesAndContributionMap":{"functional-code":{"insertions":2,"deletions":3},"test-code":{"insertions":87,"deletions":0}}},{"hash":"44bea098d6071c79e13bd56b6f274598693634d2","isMergeCommit":true,"messageTitle":"Merge branch \u0027master\u0027 of github.com:tzuennn/tp into test-event-model","messageBody":"","fileTypesAndContributionMap":{}}]},{"date":"2024-10-24","commitResults":[{"hash":"9d063a1ed8a6337897d417a8aea4a898951784e5","isMergeCommit":false,"messageTitle":"Test for event location, name and descrption:","messageBody":"","fileTypesAndContributionMap":{"functional-code":{"insertions":18,"deletions":12},"test-code":{"insertions":158,"deletions":13}}},{"hash":"522709facf1a4ddaa7b36c7fe49ca72f3c33bd59","isMergeCommit":false,"messageTitle":"Test UniqueEventList","messageBody":"","fileTypesAndContributionMap":{"functional-code":{"insertions":3,"deletions":2},"test-code":{"insertions":539,"deletions":0}}},{"hash":"cad14ec955f16f14cd848d0f9e652ed72c8f23cf","isMergeCommit":false,"messageTitle":"Test for event class","messageBody":"","fileTypesAndContributionMap":{"functional-code":{"insertions":2,"deletions":4},"test-code":{"insertions":109,"deletions":0}}},{"hash":"ce6cdd035ee19defb991abf2b79fd19781fe6b1b","isMergeCommit":false,"messageTitle":"Improve validation to ensure space/blank not allowed","messageBody":"","fileTypesAndContributionMap":{"functional-code":{"insertions":2,"deletions":2},"test-code":{"insertions":2,"deletions":2}}},{"hash":"b675ae3851f2b12925eab5e11ed844875c44e45e","isMergeCommit":true,"messageTitle":"Resolve merge conflict","messageBody":"","fileTypesAndContributionMap":{}},{"hash":"308b003b15d8b4953305d59436e053d3251cf59e","isMergeCommit":true,"messageTitle":"Merge pull request #117 from tzuennn/test-event-model","messageBody":"Test event model","fileTypesAndContributionMap":{}},{"hash":"fb6304613878173d3118ca3fdd8f688163058c48","isMergeCommit":true,"messageTitle":"Merge pull request #112 from Fluffykan/update-parser-util-and-addressbook-parser-tests","messageBody":"Update parser util and addressbook parser tests","fileTypesAndContributionMap":{}}]},{"date":"2024-10-26","commitResults":[{"hash":"f6df9f6c4d40caecc978f68971aa70d6c9e500b4","isMergeCommit":false,"messageTitle":"Update UI class event diagram","messageBody":"","fileTypesAndContributionMap":{"docs":{"insertions":14,"deletions":8}}}]},{"date":"2024-11-04","commitResults":[{"hash":"c8f5a071e89b27456bd14278825f163371e479d4","isMergeCommit":false,"messageTitle":"Fix display msg for find and improve UG","messageBody":"","fileTypesAndContributionMap":{"functional-code":{"insertions":4,"deletions":4},"docs":{"insertions":26,"deletions":13}}}]},{"date":"2024-11-05","commitResults":[{"hash":"427c5642dc3553f0b1d399b9bffeb618cf536970","isMergeCommit":false,"messageTitle":"Undo numbering","messageBody":"","fileTypesAndContributionMap":{"docs":{"insertions":6,"deletions":6}}}]}],"JovenSoh":[{"date":"2024-09-24","commitResults":[{"hash":"2bc8127b42e912911a62e72c339c37522bc559fc","isMergeCommit":false,"messageTitle":"Update documentation","messageBody":"","fileTypesAndContributionMap":{"docs":{"insertions":29,"deletions":31}}}]},{"date":"2024-09-30","commitResults":[{"hash":"004ce8c383e5976bcf3083aad2875abce8742aa0","isMergeCommit":false,"messageTitle":"Add wei kiat photo","messageBody":"","fileTypesAndContributionMap":{"docs":{"insertions":2,"deletions":2}}},{"hash":"d17071bccadf5162d02bb94bb887f5c02069b5fa","isMergeCommit":false,"messageTitle":"Update wei kiat photo","messageBody":"","fileTypesAndContributionMap":{"docs":{"insertions":1,"deletions":1}}},{"hash":"62b47249e395f6ced8872d3ce6d3024ad1dc02a1","isMergeCommit":false,"messageTitle":"Rollback AboutUs.md","messageBody":"","fileTypesAndContributionMap":{"docs":{"insertions":22,"deletions":19}}},{"hash":"6d315d5445a46aa2c42821eecb866300aadcd22b","isMergeCommit":true,"messageTitle":"Merge pull request #12 from keerthigkaarthik/kaarthik-photo","messageBody":"Add Kaarthik\u0027s photo","fileTypesAndContributionMap":{}},{"hash":"e070497fecf0737a2ba1d3e58098943fe05704fe","isMergeCommit":false,"messageTitle":"Resolve merge conflict","messageBody":"","fileTypesAndContributionMap":{"docs":{"insertions":22,"deletions":19}}},{"hash":"b277fe74769d93ed55a9b3c220920a50c7056196","isMergeCommit":false,"messageTitle":"Update AboutUs.md","messageBody":"","fileTypesAndContributionMap":{"docs":{"insertions":7,"deletions":6}}},{"hash":"aa6712c53babe065ee57249e74ebf9eaf39e4562","isMergeCommit":true,"messageTitle":"Merge pull request #24 from keerthigkaarthik/add-kaarthik-info","messageBody":"Update Kaarthik\u0027s details","fileTypesAndContributionMap":{}}]},{"date":"2024-10-03","commitResults":[{"hash":"c06a64c20947a08472674f2f73a0d6a45f5722a4","isMergeCommit":false,"messageTitle":"Update README.md","messageBody":"","fileTypesAndContributionMap":{"docs":{"insertions":4,"deletions":2}}},{"hash":"c46090f8daa8c0de0921a1ae054da340e4e3949e","isMergeCommit":false,"messageTitle":"Add newline at README EOF","messageBody":"","fileTypesAndContributionMap":{"docs":{"insertions":1,"deletions":1}}}]},{"date":"2024-10-04","commitResults":[{"hash":"62a9febb40a48a8b52e9b649db56df65c5bbdfba","isMergeCommit":true,"messageTitle":"Merge pull request #30 from Fluffykan/update-site-wide-settings","messageBody":"Update site wide settings","fileTypesAndContributionMap":{}},{"hash":"9691124d2a504d29dff5f02c3bc2a93f765e16a2","isMergeCommit":true,"messageTitle":"Merge pull request #33 from ttzuche/add-nonfunctional-requirement","messageBody":"Update non-functional requirements","fileTypesAndContributionMap":{}},{"hash":"da666e9ca2a7ddd97f3c2b3fb9acfa29e2b49ceb","isMergeCommit":true,"messageTitle":"Merge pull request #34 from ttzuche/add-glossary","messageBody":"Update glossary for developer guide","fileTypesAndContributionMap":{}}]},{"date":"2024-10-09","commitResults":[{"hash":"794878018ac1251d206d08374a09ec02df3b7265","isMergeCommit":false,"messageTitle":"Add export to csv feature","messageBody":"","fileTypesAndContributionMap":{"functional-code":{"insertions":78,"deletions":0}}}]},{"date":"2024-10-14","commitResults":[{"hash":"6995ebba29d5dd1bc81dbdf37b7a1bfba5bbb6e8","isMergeCommit":true,"messageTitle":"Merge branch \u0027master\u0027 into add-export-command","messageBody":"","fileTypesAndContributionMap":{}},{"hash":"c6a684f0f50b8c143dac8a0d54fe5376a58da76b","isMergeCommit":true,"messageTitle":"Merge pull request #52 from JovenSoh/add-export-command","messageBody":"Add feature to export volunteers as CSV file","fileTypesAndContributionMap":{}},{"hash":"d9494ef417434cb8f9034c93e79354e3eac5a4b1","isMergeCommit":false,"messageTitle":"Add sample data","messageBody":"","fileTypesAndContributionMap":{"functional-code":{"insertions":1,"deletions":2}}},{"hash":"37402c58ad2f48f7ee39a7e7ed8ce08223bf6928","isMergeCommit":false,"messageTitle":"Revert fix on Description","messageBody":"","fileTypesAndContributionMap":{"functional-code":{"insertions":1,"deletions":1}}},{"hash":"c5e650fd39fdadb01b7ba880e56b7a4d9984074f","isMergeCommit":true,"messageTitle":"Merge pull request #63 from JovenSoh/fix-sample-data","messageBody":"Add sample data","fileTypesAndContributionMap":{}},{"hash":"2d02d06a2c4a29615888a53d634c784efa06627a","isMergeCommit":false,"messageTitle":"Update export command","messageBody":"","fileTypesAndContributionMap":{"functional-code":{"insertions":41,"deletions":22}}},{"hash":"c9bbd790b1b65fff15f2ab7dbd873c675eac0c85","isMergeCommit":false,"messageTitle":"Fix style error part 1","messageBody":"","fileTypesAndContributionMap":{"functional-code":{"insertions":94,"deletions":96},"other":{"insertions":74,"deletions":68}}},{"hash":"a815d688082658ef95b0b29b4ec94c02718c08c4","isMergeCommit":false,"messageTitle":"Fix style issues","messageBody":"","fileTypesAndContributionMap":{"functional-code":{"insertions":163,"deletions":158}}},{"hash":"bd150f18a06368b3e3c1e287af73bdb4843273f6","isMergeCommit":false,"messageTitle":"Fix styling issues","messageBody":"","fileTypesAndContributionMap":{"functional-code":{"insertions":9,"deletions":5}}},{"hash":"977aa16cd7e7c2ea46ccd0123906329fb12facf6","isMergeCommit":false,"messageTitle":"Add javadoc","messageBody":"","fileTypesAndContributionMap":{"functional-code":{"insertions":168,"deletions":6},"test-code":{"insertions":13,"deletions":27}}}]},{"date":"2024-10-16","commitResults":[{"hash":"6c326402552112c43d42f3700e8bb237f358b7fa","isMergeCommit":true,"messageTitle":"Merge pull request #73 from Fluffykan/add-id-to-volunteer-and-event","messageBody":"Add id to volunteer and event","fileTypesAndContributionMap":{}}]},{"date":"2024-10-17","commitResults":[{"hash":"6931f65b498feea37c2e8d90ea9ad02db664bf62","isMergeCommit":false,"messageTitle":"Add feature to assign volunteers","messageBody":"","fileTypesAndContributionMap":{"functional-code":{"insertions":332,"deletions":85}}},{"hash":"9451382a84232efce23577e29197d8ae0b43db8d","isMergeCommit":false,"messageTitle":"Fix codestyle issues","messageBody":"","fileTypesAndContributionMap":{"functional-code":{"insertions":33,"deletions":33}}},{"hash":"228934de771cd8a290a72f3245758a3b061b7590","isMergeCommit":false,"messageTitle":"Fix codestyle issues","messageBody":"","fileTypesAndContributionMap":{"docs":{"insertions":20,"deletions":20}}},{"hash":"198d1b3a950a921e49e754f865e2c5f048049701","isMergeCommit":false,"messageTitle":"Fix ui issue","messageBody":"","fileTypesAndContributionMap":{"functional-code":{"insertions":6,"deletions":7}}}]},{"date":"2024-10-20","commitResults":[{"hash":"0e4d4ca3d1f5ff2a9dc92e3f9f23165f332fefb6","isMergeCommit":true,"messageTitle":"Merge pull request #95 from Fluffykan/remove-person-class","messageBody":"Remove person class","fileTypesAndContributionMap":{}}]},{"date":"2024-10-22","commitResults":[{"hash":"ddf018f72b837f612b9734a2f5e0961113cef564","isMergeCommit":true,"messageTitle":"Merge pull request #103 from Fluffykan/modify-logo","messageBody":"Changed AB3 icon to a placeholder icon","fileTypesAndContributionMap":{}},{"hash":"9b7bbb2a460efe173b9e43aaf08dcf18b0d4b5ef","isMergeCommit":true,"messageTitle":"Merge pull request #105 from Fluffykan/export-participants-and-involvedIn","messageBody":"Export participants and involvedIn","fileTypesAndContributionMap":{}},{"hash":"76cc49668b99bea18c2c814203316928ef52b748","isMergeCommit":true,"messageTitle":"Merge branch \u0027master\u0027 into code-refactoring","messageBody":"","fileTypesAndContributionMap":{}},{"hash":"de6ec3105dbf9e34b2b1d808e2f3dd36a46ea72b","isMergeCommit":false,"messageTitle":"Update AddressBook.java","messageBody":"","fileTypesAndContributionMap":{"functional-code":{"insertions":21,"deletions":9}}},{"hash":"7398a66e687d20f350a444ac267683e972492f4e","isMergeCommit":false,"messageTitle":"Fix codestyle issue","messageBody":"","fileTypesAndContributionMap":{"functional-code":{"insertions":1,"deletions":1}}},{"hash":"2ec25b490167f45dad3a6516dd949ac7a923d631","isMergeCommit":false,"messageTitle":"Fix codestyle issue again","messageBody":"","fileTypesAndContributionMap":{"functional-code":{"insertions":0,"deletions":5}}},{"hash":"4df865f88aebce6cd9abdc28820c178ec350a331","isMergeCommit":false,"messageTitle":"Fix double assignment","messageBody":"","fileTypesAndContributionMap":{"functional-code":{"insertions":0,"deletions":8}}},{"hash":"fe005d5e20cafe26a8f4b507f93a3854c9684a27","isMergeCommit":false,"messageTitle":"Fix erroneous merge","messageBody":"","fileTypesAndContributionMap":{"functional-code":{"insertions":0,"deletions":8}}},{"hash":"ec123812a9306104b5814a63c6613bc3ced4963b","isMergeCommit":true,"messageTitle":"Merge pull request #98 from Fluffykan/code-refactoring","messageBody":"Code refactoring","fileTypesAndContributionMap":{}},{"hash":"827ed571232479a7c7af5e7243d529a9d6785934","isMergeCommit":false,"messageTitle":"Refactor AddressBook","messageBody":"Refactor: Separate volunteer and event logic into managers\n- Moved volunteer and event operations to dedicated managers\n- Improved separation of concerns and maintainability\n","fileTypesAndContributionMap":{"functional-code":{"insertions":256,"deletions":148}}}]},{"date":"2024-10-23","commitResults":[{"hash":"22c2e9ef7f76d971e73a06632f4b673bbb62643b","isMergeCommit":false,"messageTitle":"Update User Guide","messageBody":"","fileTypesAndContributionMap":{"functional-code":{"insertions":3,"deletions":3},"other":{"insertions":4,"deletions":4},"docs":{"insertions":105,"deletions":87}}},{"hash":"e2c949b82048c6f55be8bd2ceeeccaaa6d961c02","isMergeCommit":false,"messageTitle":"Fix syntax","messageBody":"","fileTypesAndContributionMap":{"functional-code":{"insertions":4,"deletions":4}}}]},{"date":"2024-10-24","commitResults":[{"hash":"93460e70b7c3722084f18d29ec68b6aaa18c1bc6","isMergeCommit":false,"messageTitle":"Update UserGuide.md","messageBody":"","fileTypesAndContributionMap":{"docs":{"insertions":1,"deletions":1}}},{"hash":"be1d3de577102206146c71363743f5c57b9f066b","isMergeCommit":false,"messageTitle":"Update UserGuide.md","messageBody":"","fileTypesAndContributionMap":{"docs":{"insertions":4,"deletions":4}}},{"hash":"ce169d258f106e23de36d7148d4620165acccdd0","isMergeCommit":false,"messageTitle":"Update UserGuide.md","messageBody":"","fileTypesAndContributionMap":{"docs":{"insertions":1,"deletions":1}}},{"hash":"201f524b076f719bb0d7a9fe351b14f14238c251","isMergeCommit":true,"messageTitle":"Merge pull request #115 from JovenSoh/update-user-guide","messageBody":"Update User Guide","fileTypesAndContributionMap":{}}]},{"date":"2024-10-25","commitResults":[{"hash":"5c818e911278f0dc0bb404b6df9908c729e35920","isMergeCommit":false,"messageTitle":"Update delete volunteer sequence diagram","messageBody":"","fileTypesAndContributionMap":{"docs":{"insertions":73,"deletions":70}}}]},{"date":"2024-10-26","commitResults":[{"hash":"66e781237cbe9af77a2b9f5e3c781de97cbef75e","isMergeCommit":true,"messageTitle":"Merge pull request #119 from JovenSoh/update-puml","messageBody":"Update Delete Volunteer Sequence Diagram","fileTypesAndContributionMap":{}},{"hash":"2ed8aa83f7169a3fe0890ada91ea9ba4edfcab04","isMergeCommit":true,"messageTitle":"Merge pull request #120 from Fluffykan/edit-storage-class-diagram","messageBody":"Edit storage class diagram","fileTypesAndContributionMap":{}},{"hash":"5dc6e15b78122a17e69a71dffa1b70add37df949","isMergeCommit":true,"messageTitle":"Merge pull request #121 from tzuennn/update-ui-class-diagram","messageBody":"Update UI class event diagram","fileTypesAndContributionMap":{}},{"hash":"9cd2fa55713d307be2b2e8402ddc0e4f8dd25ca3","isMergeCommit":true,"messageTitle":"Merge pull request #122 from AY2425S1-CS2103T-W12-2/keerthigkaarthik-patch-1","messageBody":"Update UiClassDiagram.puml","fileTypesAndContributionMap":{}}]},{"date":"2024-11-01","commitResults":[{"hash":"41f2b54b2910f6a5a895ba70efc2e64700d11ede","isMergeCommit":false,"messageTitle":"Add new tests","messageBody":"","fileTypesAndContributionMap":{"functional-code":{"insertions":1,"deletions":0},"test-code":{"insertions":431,"deletions":3}}}]},{"date":"2024-11-02","commitResults":[{"hash":"da29669d02519215ace351e01d5e272c4edefc22","isMergeCommit":false,"messageTitle":"Update code coverage","messageBody":"","fileTypesAndContributionMap":{"functional-code":{"insertions":0,"deletions":138},"test-code":{"insertions":224,"deletions":75}}},{"hash":"69f9bd714f3a9c596d7181530fce0e6d0d4d2c9e","isMergeCommit":false,"messageTitle":"Fix codestyle","messageBody":"","fileTypesAndContributionMap":{"functional-code":{"insertions":0,"deletions":4},"test-code":{"insertions":38,"deletions":18}}}]},{"date":"2024-11-04","commitResults":[{"hash":"d6a33656364e610046c1649df166286c0cb34977","isMergeCommit":true,"messageTitle":"Merge pull request #135 from JovenSoh/update-code-coverage","messageBody":"Update code coverage","fileTypesAndContributionMap":{}}]},{"date":"2024-11-05","commitResults":[{"hash":"aec7252cb736ec32b463d02b3647786e178a812a","isMergeCommit":true,"messageTitle":"Merge pull request #130 from keerthigkaarthik/ObservableDateList","messageBody":"Made VolunteerDate contain multiple dates with an observable field.","fileTypesAndContributionMap":{}},{"hash":"a608e3cab25b3d507661998a606aae45c7684456","isMergeCommit":true,"messageTitle":"Merge pull request #155 from Fluffykan/modify-UG-according-to-comments","messageBody":"Update UG according to other groups\u0027 comments","fileTypesAndContributionMap":{}},{"hash":"94f9181a4296f48ad786ce3f835a660d13033cef","isMergeCommit":true,"messageTitle":"Merge branch \u0027master\u0027 into auto-resizing-event-and-volunteer-list","messageBody":"","fileTypesAndContributionMap":{}},{"hash":"e9cad477ffc941e629e9687c1df48a90b630f73e","isMergeCommit":true,"messageTitle":"Merge pull request #154 from Fluffykan/auto-resizing-event-and-volunteer-list","messageBody":"[UI Improvement] Auto resizing event and volunteer list","fileTypesAndContributionMap":{}},{"hash":"f8550fb74f9a149adb654a0831d5c5006a31a4d4","isMergeCommit":false,"messageTitle":"Enable assertions","messageBody":"","fileTypesAndContributionMap":{"other":{"insertions":4,"deletions":1}}}]},{"date":"2024-11-06","commitResults":[{"hash":"571953a2cb54be4736ab4e4bb72000a9957a5078","isMergeCommit":true,"messageTitle":"Merge pull request #161 from ttzuche/Fix-Alpha-Bugs","messageBody":"Fix alpha bugs","fileTypesAndContributionMap":{}},{"hash":"f80e91d1d469777c5d40013cef584be320f70ea0","isMergeCommit":true,"messageTitle":"Merge pull request #162 from Fluffykan/follow-code-reuse-format","messageBody":"Follow code reuse format","fileTypesAndContributionMap":{}},{"hash":"1d43bdf008d0fb31c3512611cddc51dd3b871af9","isMergeCommit":false,"messageTitle":"Update landing page and readme","messageBody":"","fileTypesAndContributionMap":{"docs":{"insertions":33,"deletions":8}}},{"hash":"68ca29b4fc65d25f01b02fe2a7f37ddf1eccf978","isMergeCommit":false,"messageTitle":"Fix style issues","messageBody":"","fileTypesAndContributionMap":{"docs":{"insertions":4,"deletions":4}}},{"hash":"e3de88397e5690d6127b860630d5e423c8b55773","isMergeCommit":true,"messageTitle":"Merge pull request #168 from JovenSoh/update-landing-page","messageBody":"Update Landing Page and Readme","fileTypesAndContributionMap":{}},{"hash":"4e896cf6bd918093a64e5f74b19c3b9bf1d93668","isMergeCommit":true,"messageTitle":"Merge pull request #171 from keerthigkaarthik/commonsTestCases","messageBody":"Commons test cases","fileTypesAndContributionMap":{}},{"hash":"668906209171a354e5f325fd20cd0e8e567bc001","isMergeCommit":true,"messageTitle":"Merge pull request #173 from ttzuche/Improve-Logic-Coverage","messageBody":"Improve test coverage for logic","fileTypesAndContributionMap":{}}]}],"Fluffykan":[{"date":"2024-09-30","commitResults":[{"hash":"7cb86cb30500d4623239230f0196503ec4af3a40","isMergeCommit":false,"messageTitle":"Add Jun Hong\u0027s photo","messageBody":"","fileTypesAndContributionMap":{"docs":{"insertions":1,"deletions":1}}},{"hash":"b45445908589139edc43dbd43a6419347c48ff04","isMergeCommit":false,"messageTitle":"Revert AboutUs.md edit","messageBody":"","fileTypesAndContributionMap":{"docs":{"insertions":1,"deletions":1}}},{"hash":"8a82cb45066074415e199778e03d6f5270fec7bd","isMergeCommit":true,"messageTitle":"Merge branch \u0027AY2425S1-CS2103T-W12-2:master\u0027 into add-jun-hong-photo","messageBody":"","fileTypesAndContributionMap":{}},{"hash":"f22135b6d0a8cb6f40c567951d3b92e2b1ef679b","isMergeCommit":true,"messageTitle":"Merge branch \u0027add-jun-hong-photo\u0027 of https://github.com/Fluffykan/tp into add-jun-hong-photo","messageBody":"","fileTypesAndContributionMap":{}},{"hash":"b3b4218f66aaa84fc80d51a446516a23defa626f","isMergeCommit":false,"messageTitle":"Edit AboutUs.md","messageBody":"","fileTypesAndContributionMap":{"docs":{"insertions":4,"deletions":5}}},{"hash":"3030a10427e515be6f5e1e2e29c6e63226febe2d","isMergeCommit":true,"messageTitle":"Merge pull request #20 from JovenSoh/update-AboutUs","messageBody":"Update JovanSoh AboutUs.md","fileTypesAndContributionMap":{}},{"hash":"abf02c491c222f033e467185635f46fbcf681ab2","isMergeCommit":true,"messageTitle":"Merge branch \u0027master\u0027 of https://github.com/Fluffykan/tp","messageBody":"","fileTypesAndContributionMap":{}}]},{"date":"2024-10-01","commitResults":[{"hash":"48c089bef13f5ce3261e35e34d6d24befe7005c2","isMergeCommit":false,"messageTitle":"Update site configs to match fork","messageBody":"Current commit corresponds to Step 2 of \"Initiating the Site\" in\nthe guide to set up MarkBind\n","fileTypesAndContributionMap":{"other":{"insertions":1,"deletions":0},"docs":{"insertions":1,"deletions":0}}},{"hash":"45223ca4b88a3249542db88f27b3294d28b55373","isMergeCommit":false,"messageTitle":"Revert \"Update site configs to match fork\"","messageBody":"This reverts commit 48c089bef13f5ce3261e35e34d6d24befe7005c2.\n","fileTypesAndContributionMap":{"other":{"insertions":0,"deletions":1},"docs":{"insertions":0,"deletions":1}}},{"hash":"dd5069c5c25ee78a709432d8897bb47990a310cf","isMergeCommit":false,"messageTitle":"Update site-wide settings","messageBody":"Changed the label of the navigation bar of the project\u0027s website\nfrom `AB-3` to `VolunSync`\n","fileTypesAndContributionMap":{"other":{"insertions":1,"deletions":1},"docs":{"insertions":5,"deletions":2}}}]},{"date":"2024-10-03","commitResults":[{"hash":"19f65074cc2cf72ef87b744a22d29596acae24af","isMergeCommit":false,"messageTitle":"Update site wide settings","messageBody":"","fileTypesAndContributionMap":{"other":{"insertions":1,"deletions":1}}}]},{"date":"2024-10-04","commitResults":[{"hash":"4fa647de2ad087e9323f46b79521686c4d316e84","isMergeCommit":true,"messageTitle":"Merge pull request #35 from JovenSoh/update-README","messageBody":"Update README.md","fileTypesAndContributionMap":{}}]},{"date":"2024-10-05","commitResults":[{"hash":"7addb9eaaa4a89654adc8393f7750387b1ada66b","isMergeCommit":true,"messageTitle":"Merge branch \u0027master\u0027 of https://github.com/Fluffykan/tp","messageBody":"","fileTypesAndContributionMap":{}},{"hash":"5cfbe9eddd520b6e1a26308074bb2a190c89cca6","isMergeCommit":true,"messageTitle":"Merge pull request #32 from tzuennn/update-developer-guide-appendix","messageBody":"Update user stories and user profile","fileTypesAndContributionMap":{}}]},{"date":"2024-10-06","commitResults":[{"hash":"3b78674adba5b7e2efc006d2abb27f777b044050","isMergeCommit":true,"messageTitle":"Merge branch \u0027AY2425S1-CS2103T-W12-2:master\u0027 into master","messageBody":"","fileTypesAndContributionMap":{}},{"hash":"266a21ff6b31012f6bbfbae7a648b4b3fcb7ee16","isMergeCommit":true,"messageTitle":"Merge branch \u0027master\u0027 of https://github.com/Fluffykan/tp","messageBody":"","fileTypesAndContributionMap":{}},{"hash":"3bc0eecdee1e4501bfdbe3903ca8a406e0a7e983","isMergeCommit":true,"messageTitle":"Merge branch \u0027Add-Event-and-EventParser\u0027 of https://github.com/AY2425S1-CS2103T-W12-2/tp into tutorial-adding-command","messageBody":"","fileTypesAndContributionMap":{}},{"hash":"7890be2b17c2ef449e9b22a517e2f70c111292f0","isMergeCommit":false,"messageTitle":"Modify Address Book to support Events","messageBody":"The modifications made are listed below:\n* The standard set of methods (add, set, remove, hasEvent) to modify\nEvents has been added in AddressBook.java.\n\n* A new class UniqueEventList has been created to manage Events within\nthe Address Book.\n\nCurrently, duplicate Events are defined to be events with the same name,\nsimilar to Persons. It can be changed if necessary.\n","fileTypesAndContributionMap":{"functional-code":{"insertions":223,"deletions":0}}},{"hash":"6268ba42aa795a7ade3b214520d3ecf39f5e9ce2","isMergeCommit":false,"messageTitle":"Modify Address Book to support Events","messageBody":"Method getEventList(), which was left out from the previous commit,\nwas added to AddressBook.java.\n","fileTypesAndContributionMap":{"functional-code":{"insertions":5,"deletions":0}}},{"hash":"00f6b2ed01f8134a9f99d8611033b7010b558eb4","isMergeCommit":false,"messageTitle":"Create Event Class","messageBody":"Event class has been created, supporting the creation of events with and\nwithout descriptions so that the description field is optional for the\nuser to fill in.\n\nEach of its parameters have their respective classes. Below are the\nparameters and the data type that they store:\n* Name, Location, Description -\u003e String\n* startTime, endTime -\u003e LocalTime (using HH:MM format)\n* Date -\u003e LocalDate (using yyyy-MM-dd format)\n\nCurrently, Date and Time classes\u0027 constructors may throw a\nDateTimeParseException to catch the user\u0027s bad inputs that do not follow\nthe required format.\n\nCurrently UniqueEventList::setEvent is implemented but is not in\nuse until we decide to add the edit function.\n","fileTypesAndContributionMap":{"functional-code":{"insertions":524,"deletions":3}}},{"hash":"bb30b763def0f89a2b00f215214e48361a907717","isMergeCommit":false,"messageTitle":"Fix Typo","messageBody":"","fileTypesAndContributionMap":{"functional-code":{"insertions":1,"deletions":1}}}]},{"date":"2024-10-10","commitResults":[{"hash":"7d128b62c17a9903803cc75965b54e23b2ab5b3a","isMergeCommit":true,"messageTitle":"Merge branch \u0027Add-Event-and-EventParser\u0027 of https://github.com/AY2425S1-CS2103T-W12-2/tp","messageBody":"","fileTypesAndContributionMap":{}},{"hash":"3c7fc385b54d777da92a93686876b132159f8e48","isMergeCommit":true,"messageTitle":"Merge remote-tracking branch \u0027upstream/Add-Event-and-EventParser\u0027 into add-event-gui","messageBody":"","fileTypesAndContributionMap":{}}]},{"date":"2024-10-11","commitResults":[{"hash":"ee8e3698d98416bbb4247a82a933474b8b4d2114","isMergeCommit":false,"messageTitle":"Add Event GUI element","messageBody":"Created another ListView for events to display all events stored\nby the user.\n\nCurrently it is confirmed to be able to display newly added events.\n\nSupport for more advanced functions like search or deleted can be\nadded in the future.\n","fileTypesAndContributionMap":{"functional-code":{"insertions":190,"deletions":16}}},{"hash":"d66d9672b38b0d11ef3015df16d954c2d3f2f3e4","isMergeCommit":true,"messageTitle":"Merge remote-tracking branch \u0027upstream/Add-Event-and-EventParser\u0027 into add-event-gui","messageBody":"","fileTypesAndContributionMap":{}},{"hash":"af484b61c1534178f25b5f9513c7f9421c6bab3b","isMergeCommit":false,"messageTitle":"Add save function","messageBody":"Address Book now also stores events in its .json file, and will save\nany changes made to the list of events similar to the list of persons.\n","fileTypesAndContributionMap":{"functional-code":{"insertions":146,"deletions":6}}}]},{"date":"2024-10-13","commitResults":[{"hash":"1330944e045ad840462e0232bc34342949849ef0","isMergeCommit":false,"messageTitle":"Remove unused testcases","messageBody":"Testcases that are related to Person class has been removed.\n\nCurrent version only has Checkstyle issues, but passes all testcases.\n\nEither a sizeable chunk of testcases from the following files or\nthe entire file has been deleted due to the removal of Person class:\n\nModified:\nAddressBookTest.java\nJsonSerializableAddressBookTest.java\nJsonAdaptedPersonTest.java\nJsonAddressBookStorageTest.java\nModelManagerTest.java\n\nDeleted:\nEditPersonDescriptorTest.java\nEditPersonDescriptorBuilder.java\nPersonBuilder.java\nTypicalPersons.java\ntest.seedu.address.model.person package.\n\nWe should consider adding similar testcases back in the future when we\nare developing testcases for the application.\n\nGUI can now display Volunteers and their information.\n","fileTypesAndContributionMap":{"functional-code":{"insertions":308,"deletions":1039},"other":{"insertions":26,"deletions":25},"test-code":{"insertions":34,"deletions":2765}}},{"hash":"a4b5f338c71e4093412950a0fb45f4999e3c96ec","isMergeCommit":true,"messageTitle":"Merge pull request #60 from Fluffykan/add-event-gui","messageBody":"Remove Unused Testcases","fileTypesAndContributionMap":{}},{"hash":"8acca49b906d11dc45152799184e7e7add07dde6","isMergeCommit":true,"messageTitle":"Merge pull request #57 from AY2425S1-CS2103T-W12-2/Add-Event-and-EventParser","messageBody":"Add event and event parser","fileTypesAndContributionMap":{}}]},{"date":"2024-10-14","commitResults":[{"hash":"04464b8c1431929c63b21b725d44e8a80092f57a","isMergeCommit":true,"messageTitle":"Merge pull request #65 from JovenSoh/update-export-command","messageBody":"Update export command","fileTypesAndContributionMap":{}}]},{"date":"2024-10-15","commitResults":[{"hash":"59d05a7d42eb28660b1e51b73a13c9a48086ee3f","isMergeCommit":true,"messageTitle":"Merge branch \u0027master\u0027 of https://github.com/Fluffykan/tp","messageBody":"","fileTypesAndContributionMap":{}},{"hash":"500c239f284edea3738b46049240effde7e1370a","isMergeCommit":false,"messageTitle":"Add id field to Event and Volunteer","messageBody":"Volunteer and Event now have an id field.\n\nGUI displays their id after the name in the following format: (#ID)\n\nCurrently ID is not saved in a .json file, and every volunteer and\nevent will be given a new id in running number each time the\napplication is booted up. The feature to save IDs in a .json file\ncan be implemented in the future if deemed necessary.\n","fileTypesAndContributionMap":{"functional-code":{"insertions":20,"deletions":2}}}]},{"date":"2024-10-16","commitResults":[{"hash":"e5a0949ec9f12701f515ec323c856ce4804538e2","isMergeCommit":true,"messageTitle":"Merge branch \u0027master\u0027 of https://github.com/Fluffykan/tp","messageBody":"","fileTypesAndContributionMap":{}}]},{"date":"2024-10-17","commitResults":[{"hash":"80553bcb785bb32f35a90a0de571b058ba820019","isMergeCommit":false,"messageTitle":"Update user guide","messageBody":"User guide updated with the features of the MVP.\n\nCurrently most of the format is omitted and uses a placeholder\n\u0027???\u0027. We should replace them once the command format is specified.\n","fileTypesAndContributionMap":{"docs":{"insertions":90,"deletions":78}}},{"hash":"5112ada096d528c046b8442c04deb8f1b0871335","isMergeCommit":false,"messageTitle":"Add webview to build.gradle","messageBody":"","fileTypesAndContributionMap":{"other":{"insertions":3,"deletions":0}}},{"hash":"3c08d721d6ecdb55e8c7c49a190f645007f76339","isMergeCommit":false,"messageTitle":"Change implementation of opening browser from app","messageBody":"Previously java abstract window toolkit api was used to open a\nbrowser from the javafx application. However, there were forum\nposts stating that it might not be the best way to implement such\na function due to issues that may arise on mac OS. Thus the\nimplementation was changed to now use javafx\u0027s Application api.\n","fileTypesAndContributionMap":{"functional-code":{"insertions":17,"deletions":9}}},{"hash":"317c8c312bbdcade574fa76c4080120215664783","isMergeCommit":false,"messageTitle":"Remove HelpWindow.java","messageBody":"Since the help command now opens the user guide\u0027s webpage, there is\nno need to maintain the HelpWindow class. The logging of the act\nof opening the user guide is now done by MainWindow\u0027s logger, and\nuser guide\u0027s url has been shifted to MainApp.java.\n\nThe user guide\u0027s url has also been updated to the correct url.\n","fileTypesAndContributionMap":{"functional-code":{"insertions":5,"deletions":151}}},{"hash":"dbb57ea1464930d8f5d37527ea1b907de27d4edd","isMergeCommit":false,"messageTitle":"Change implementation of opening browser from app","messageBody":"Previously MainApp\u0027s HostServices was passed down to MainWindow\nvia the constructors of UiManager and MainWindow. However, that\nrequired the modification of the constructors, which was not ideal.\n\nCurrently, a new class HostServiceManager is created to handle\nstoring the HostServices, removing the need to pass the HostServices\nthrough multiple constructors.\n","fileTypesAndContributionMap":{"functional-code":{"insertions":53,"deletions":14}}},{"hash":"8acbb8506354e247548ca4b707b1709f714ba03c","isMergeCommit":false,"messageTitle":"Fix codestyle issues","messageBody":"","fileTypesAndContributionMap":{"functional-code":{"insertions":8,"deletions":8}}},{"hash":"143ede3209891ecab6c979d93f868758b664a1f7","isMergeCommit":true,"messageTitle":"Merge pull request #79 from JovenSoh/link-volunteer-event","messageBody":"Add feature to assign volunteers","fileTypesAndContributionMap":{}},{"hash":"6b299c4671f3d9023c20815bcf0f3997bdf1fbf2","isMergeCommit":true,"messageTitle":"Merge branch \u0027AY2425S1-CS2103T-W12-2:master\u0027 into master","messageBody":"","fileTypesAndContributionMap":{}},{"hash":"0cf75c2c12010345bd133959d8b3e7a786b18541","isMergeCommit":false,"messageTitle":"Update user guide details","messageBody":"","fileTypesAndContributionMap":{"docs":{"insertions":18,"deletions":18}}},{"hash":"9e1b604c80d24db65da8b5cbddad1e5a9c9d5e58","isMergeCommit":true,"messageTitle":"Merge branch \u0027master\u0027 of https://github.com/Fluffykan/tp","messageBody":"","fileTypesAndContributionMap":{}},{"hash":"d7b4c8742fe8dcbce87997e90826c79d4ecd2031","isMergeCommit":true,"messageTitle":"Merge branch \u0027master\u0027 into update-user-guide","messageBody":"","fileTypesAndContributionMap":{}},{"hash":"777e0e0d43e125cfa0237834157636999973113c","isMergeCommit":false,"messageTitle":"Update User Guide","messageBody":"","fileTypesAndContributionMap":{"docs":{"insertions":76,"deletions":68}}},{"hash":"75c231324dd56d7c73a8bed1f0c46b281368b1b1","isMergeCommit":false,"messageTitle":"Update landing page","messageBody":"","fileTypesAndContributionMap":{"docs":{"insertions":1,"deletions":37}}},{"hash":"0658166be8eabcdfd0e8b4d988de9704d11a9860","isMergeCommit":true,"messageTitle":"Merge branch \u0027master\u0027 into launch-help-using-javafx-browser","messageBody":"","fileTypesAndContributionMap":{}},{"hash":"890d26af335dc344437e8dae606d4211a38a5cb4","isMergeCommit":false,"messageTitle":"Fix codestyle issue","messageBody":"","fileTypesAndContributionMap":{"functional-code":{"insertions":1,"deletions":1}}},{"hash":"4f140134c463b681fcbccd7786944894b4d09dc7","isMergeCommit":false,"messageTitle":"Modify AssignCommand","messageBody":"AssignCommand now uses the index of events and volunteers as\nidentifiers instead of their id.\n","fileTypesAndContributionMap":{"functional-code":{"insertions":33,"deletions":17}}},{"hash":"b4cb3ee526cb953a8ff7108ced4b54586500ed3b","isMergeCommit":false,"messageTitle":"Remove id from display","messageBody":"Events and Volunteers no longer have their id displayed on the GUI.\n","fileTypesAndContributionMap":{"functional-code":{"insertions":2,"deletions":2}}},{"hash":"b32228d489e5d10c1174e32e682d85819abbef74","isMergeCommit":false,"messageTitle":"Change volunteer error message","messageBody":"Previously the error message for volunteer index out of bounds\nreferred to volunteers as persons. It has been changed to refer to\nvolunteers as volunteers.\n","fileTypesAndContributionMap":{"functional-code":{"insertions":2,"deletions":2}}},{"hash":"11a5316b90578113e5e3fd83eb8d7155e7b0d726","isMergeCommit":false,"messageTitle":"Fix codestyle issue","messageBody":"","fileTypesAndContributionMap":{"functional-code":{"insertions":2,"deletions":2}}},{"hash":"f37eaaa2731e9eb52391915ecf25e9a114b64411","isMergeCommit":false,"messageTitle":"Add example of event with description","messageBody":"","fileTypesAndContributionMap":{"docs":{"insertions":14,"deletions":14}}},{"hash":"f75d60d82edd78bdec538a93ede8da830a7a0325","isMergeCommit":false,"messageTitle":"Delete HelpWindow.css","messageBody":"Removed as HelpWindow is no longer used.\n","fileTypesAndContributionMap":{"functional-code":{"insertions":0,"deletions":19}}},{"hash":"f6b59dcad6a6d7ff5e4b48714387423da185fb5f","isMergeCommit":true,"messageTitle":"Merge branch \u0027launch-help-using-javafx-browser\u0027 of https://github.com/Fluffykan/tp into launch-help-using-javafx-browser","messageBody":"","fileTypesAndContributionMap":{}}]},{"date":"2024-10-18","commitResults":[{"hash":"80bdd0fde5dd376e0e0a2e4905b1f9f42229df63","isMergeCommit":false,"messageTitle":"Rename AssignCommandParser parameter","messageBody":"","fileTypesAndContributionMap":{"functional-code":{"insertions":5,"deletions":5}}},{"hash":"d502d0263ee8cedc5b183fcf999cdf64b33d0a0a","isMergeCommit":false,"messageTitle":"Update user guide","messageBody":"Added the find command for events and volunteers.\n","fileTypesAndContributionMap":{"docs":{"insertions":30,"deletions":0}}},{"hash":"d626cc00d13dd887da9f850fe903aaa207b566d3","isMergeCommit":true,"messageTitle":"Merge pull request #85 from keerthigkaarthik/ViewEvent","messageBody":"View event/volunteer commands and parsers","fileTypesAndContributionMap":{}},{"hash":"b72892c80c88f108456ee586c96e6abcc2e11f05","isMergeCommit":true,"messageTitle":"Merge branch \u0027master\u0027 into find-event-function","messageBody":"","fileTypesAndContributionMap":{}},{"hash":"a762bc3b3ad64b236f78e8fcbb4ce481e6a3547d","isMergeCommit":true,"messageTitle":"Merge pull request #83 from tzuennn/find-event-function","messageBody":"Find event and volunteer function","fileTypesAndContributionMap":{}},{"hash":"53466540e212ce86a864709e64d54f970898af8b","isMergeCommit":true,"messageTitle":"Merge pull request #81 from Fluffykan/use-index-for-assign-command","messageBody":"Use index for assign command","fileTypesAndContributionMap":{}},{"hash":"df5e0f505b1fe5193735cbcf7a2c1ee08402cc4b","isMergeCommit":true,"messageTitle":"Merge pull request #78 from Fluffykan/launch-help-using-javafx-browser","messageBody":"Launch help using javafx browser","fileTypesAndContributionMap":{}},{"hash":"ae8ce6566bc4a7d45d5d662b78742d79fed4f60c","isMergeCommit":true,"messageTitle":"Merge pull request #77 from Fluffykan/update-user-guide","messageBody":"Update user guide","fileTypesAndContributionMap":{}},{"hash":"2519d89f19c2039818e6e327b085640f14e48903","isMergeCommit":true,"messageTitle":"Merge branch \u0027master\u0027 of https://github.com/Fluffykan/tp","messageBody":"","fileTypesAndContributionMap":{}},{"hash":"9b5d8bb4ef49331429e783b016316925705b99a4","isMergeCommit":false,"messageTitle":"Fix codestyle issue","messageBody":"","fileTypesAndContributionMap":{"functional-code":{"insertions":1,"deletions":1}}},{"hash":"e10951a5ffa8fa0c5affd2fe27a12b9bb6a03ad8","isMergeCommit":false,"messageTitle":"Fix erroneous command description in UG","messageBody":"","fileTypesAndContributionMap":{"docs":{"insertions":2,"deletions":2}}}]},{"date":"2024-10-19","commitResults":[{"hash":"5554b92e32ea11ec3c0454ad471c778adec3b18c","isMergeCommit":false,"messageTitle":"Update remove command for event","messageBody":"Currently the remove command for both volunteers and events does not\nremove the deleted volunteers from all events\u0027 list of participants,\nand the deleted event from all volunteers\u0027 list of events\nthey are involved in respectively.\n\nThis commit changes the behavior of the delete command to ensure\nthat all the aforementioned issue is resolved, and the command\nbehaves as intended.\n","fileTypesAndContributionMap":{"functional-code":{"insertions":55,"deletions":3}}},{"hash":"fdf30fbaed33539feda77b26b97ab6ca46aa5dc5","isMergeCommit":true,"messageTitle":"Merge branch \u0027master\u0027 of https://github.com/Fluffykan/tp","messageBody":"","fileTypesAndContributionMap":{}},{"hash":"0c0cb27344972d5524e2f32aa92c577688ab758b","isMergeCommit":true,"messageTitle":"Merge branch \u0027AY2425S1-CS2103T-W12-2:master\u0027 into master","messageBody":"","fileTypesAndContributionMap":{}},{"hash":"fa3287c1a0ebbab79dc9b520b760ebfd2c89e2d8","isMergeCommit":true,"messageTitle":"Merge branch \u0027master\u0027 of https://github.com/Fluffykan/tp","messageBody":"","fileTypesAndContributionMap":{}},{"hash":"17f49cb2c3af3900153102378729591d877bbf4e","isMergeCommit":false,"messageTitle":"Rename output jar file name","messageBody":"changed output jar file name to Volunsync. Also updated the default\nlist of events and volunteers generated for a new user.\n","fileTypesAndContributionMap":{"functional-code":{"insertions":12,"deletions":6},"other":{"insertions":1,"deletions":1}}},{"hash":"8aef1c95e17d54297ea06f4bf11d378abe5fa504","isMergeCommit":false,"messageTitle":"Change output jar file name","messageBody":"","fileTypesAndContributionMap":{"other":{"insertions":3,"deletions":1}}},{"hash":"3bd595a40993fc4ff206910f00f6d361063dc295","isMergeCommit":false,"messageTitle":"Remove person class","messageBody":"Person class has been removed since it is no longer in use.\n\nParserUtilTest has been modified to update the testcases to test\nEventParserUtil and VolunteerParserUtil instead.\n","fileTypesAndContributionMap":{"functional-code":{"insertions":6,"deletions":673},"test-code":{"insertions":147,"deletions":87}}},{"hash":"ab9530bcbbc10c1673638071dbe8dc6e52e72343","isMergeCommit":false,"messageTitle":"Remove more instances of person","messageBody":"","fileTypesAndContributionMap":{"functional-code":{"insertions":1,"deletions":1},"test-code":{"insertions":1,"deletions":1}}}]},{"date":"2024-10-20","commitResults":[{"hash":"f1a4d0103757865aa9bf7f1796a4055697284e07","isMergeCommit":false,"messageTitle":"Refactor assign and unassign command","messageBody":"Changed the implementation of the code to align more with the\n\"don\u0027t talk to strangers\" rule.\n","fileTypesAndContributionMap":{"functional-code":{"insertions":162,"deletions":45}}},{"hash":"af52183a49e088a99d318085196d319073dbc667","isMergeCommit":false,"messageTitle":"Enforce Events to start before they end","messageBody":"Currently there are no limitations to the start and end time of\nevents. We should add checks to ensure that the event starts before\nit ends and not after it ends so that it makes sense.\n","fileTypesAndContributionMap":{"functional-code":{"insertions":51,"deletions":14}}},{"hash":"12d606874db5bdd1384a95d7a2cd57fca41d1718","isMergeCommit":false,"messageTitle":"Fix typo","messageBody":"","fileTypesAndContributionMap":{"functional-code":{"insertions":1,"deletions":1}}},{"hash":"bc8a05e53419eb16a8dafc0887d8e7d3dd1c2fc4","isMergeCommit":false,"messageTitle":"Changed AB3 icon to a placeholder icon","messageBody":"","fileTypesAndContributionMap":{"functional-code":{"insertions":2,"deletions":2},"test-code":{"insertions":1,"deletions":1}}}]},{"date":"2024-10-21","commitResults":[{"hash":"7d567443c03e62a9c53bd1112077233c743f3809","isMergeCommit":false,"messageTitle":"Fix issues raised","messageBody":"* Use logger to track the assigning of volunteers to events\n* Use Name.fullName instead of Name::toString to print the name of the\nvolunteer\n","fileTypesAndContributionMap":{"functional-code":{"insertions":5,"deletions":2}}},{"hash":"35c42244cd84651ec1ef5f264d89ce96996e13de","isMergeCommit":false,"messageTitle":"Export participants and involvedIn","messageBody":"Export function now exports the list of volunteers for every event,\nand the list of events volunteers are involved in for every volunteer.\n\nAlso standardized the naming of methods in event and volunteer for the\nassigning and unassigning of volunteers to events.\n","fileTypesAndContributionMap":{"functional-code":{"insertions":37,"deletions":26}}},{"hash":"f6f2ef2b8b168c7e45022c3605ce978456761b8d","isMergeCommit":false,"messageTitle":"Fix codestyle issue","messageBody":"","fileTypesAndContributionMap":{"docs":{"insertions":5,"deletions":5}}}]},{"date":"2024-10-22","commitResults":[{"hash":"8c4889e031086f639188c7153ed9176a7edf9e0d","isMergeCommit":true,"messageTitle":"Merge branch \u0027master\u0027 of https://github.com/Fluffykan/tp","messageBody":"","fileTypesAndContributionMap":{}},{"hash":"28469171eee9be54b38f0c0f88030d1f9d20b189","isMergeCommit":true,"messageTitle":"Merge branch \u0027code-refactoring\u0027 of https://github.com/Fluffykan/tp into code-refactoring","messageBody":"","fileTypesAndContributionMap":{}},{"hash":"5f853ed46e059267366daba8cdfcd8b3a1b92d2c","isMergeCommit":false,"messageTitle":"Change method name","messageBody":"Methods addVolunteer() and removeVolunteer() has been previously\nrenamed to assignVolunteer() and unassignVolunteer() but some\ninstances of code still uses the old names of the method. It has\nnow been changed to use the updated names.\n","fileTypesAndContributionMap":{"functional-code":{"insertions":2,"deletions":2}}}]},{"date":"2024-10-23","commitResults":[{"hash":"5292902f55f774f22923898cc461b460eaeba015","isMergeCommit":false,"messageTitle":"Split ParserUtilTest","messageBody":"ParserUtilTest currently contains the tests for Event and Volunteer\nparser utils. It should be split up into 2 different java files\nfor easier reference.\n\nThis commit has edited the tests for EventParserUtil only.\n\nThe tests do not pass in this current commit as it is written to\naccommodate changes made in a PR that has yet to be merged (#109).\n","fileTypesAndContributionMap":{"other":{"insertions":1,"deletions":1},"test-code":{"insertions":180,"deletions":0}}},{"hash":"eae7a187b7438e32844e0b4430b1a522220fb81f","isMergeCommit":false,"messageTitle":"Fix error in description test case","messageBody":"This commit fixes the issue caused by asserting that a the string\nrepresentation of a description is equal to its equivalent\ndescription object.\n","fileTypesAndContributionMap":{"test-code":{"insertions":5,"deletions":2}}},{"hash":"7a4685e2e0cc38272362c7ef34c9f997b82e70a8","isMergeCommit":false,"messageTitle":"Update VolunteerParserUtilTest","messageBody":"Updated the testcases for VolunteerParserUtil.\n\nCurrently not all testcases pass as the code is written to\naccommodate changes made in PR #109 that has yet to be merged.\n\nUnused import statements have also been removed in the current\ncommit.\n","fileTypesAndContributionMap":{"test-code":{"insertions":22,"deletions":107}}},{"hash":"317ae981ac54fe55834b4aedc94e16b185f13285","isMergeCommit":false,"messageTitle":"Update AddressBookParserTest","messageBody":"Updated AddressBookParserTest to test the new commands created for\nVolunSync.\n\nCurrently the code does not compile because it was written to\naccommodate changes in PR #109 that have not been merged.\n","fileTypesAndContributionMap":{"test-code":{"insertions":86,"deletions":0}}},{"hash":"1707d8876f63e16be947cc63a4c20c127475a244","isMergeCommit":false,"messageTitle":"Remove unused imports","messageBody":"","fileTypesAndContributionMap":{"test-code":{"insertions":0,"deletions":2}}},{"hash":"037754267d321b0a012c340309e71fc3a8816c66","isMergeCommit":false,"messageTitle":"Change data loading method","messageBody":"Currently, if there is one corrupted data or a duplicate entry,\nthe entire database stored in the json file is dumped. Let\u0027s try\nto recover as much data as possible, by ignoring all corrupted /\nduplicate entries, and load all the remaining usable entries.\n","fileTypesAndContributionMap":{"functional-code":{"insertions":34,"deletions":18},"test-code":{"insertions":16,"deletions":4}}},{"hash":"dd913c0ec4bc7bc845fe82b1ebd150230f470141","isMergeCommit":false,"messageTitle":"Fix codestyle issue","messageBody":"","fileTypesAndContributionMap":{"test-code":{"insertions":0,"deletions":2}}},{"hash":"2a0d3da9442540a2988c4c3cdc18fa40135f029c","isMergeCommit":true,"messageTitle":"Merge branch \u0027AY2425S1-CS2103T-W12-2:master\u0027 into master","messageBody":"","fileTypesAndContributionMap":{}},{"hash":"3acc38ae6e25a17667b16c1e19bf49bff5da9761","isMergeCommit":true,"messageTitle":"Merge branch \u0027master\u0027 of https://github.com/Fluffykan/tp","messageBody":"","fileTypesAndContributionMap":{}},{"hash":"981fd7818ef8857b861c8007181180b860c75ed6","isMergeCommit":true,"messageTitle":"Merge branch \u0027master\u0027 into update-parser-util-and-addressbook-parser-tests","messageBody":"","fileTypesAndContributionMap":{}},{"hash":"85f8354b2c0add2d74e49a96306c4ce6060dfc6c","isMergeCommit":false,"messageTitle":"Fix codestyle issue","messageBody":"","fileTypesAndContributionMap":{"test-code":{"insertions":34,"deletions":43}}},{"hash":"f85d6a4bfce56bd7b122b1e1f85c835b1274a28a","isMergeCommit":false,"messageTitle":"Modify testcases","messageBody":"Modified testcases to check if the created command is equal to the\ncommand that is intended to be created.\n","fileTypesAndContributionMap":{"functional-code":{"insertions":58,"deletions":0},"test-code":{"insertions":55,"deletions":38}}}]},{"date":"2024-10-24","commitResults":[{"hash":"19744f5dcee99a6b6519200cbd22c735ed791298","isMergeCommit":true,"messageTitle":"Merge branch \u0027master\u0027 into prevent-dumping-of-entire-corrupt-database","messageBody":"","fileTypesAndContributionMap":{}},{"hash":"04a1a7fe0d7ab34313a3bad490f3038ed9a92854","isMergeCommit":false,"messageTitle":"Modify equals method","messageBody":"Equals method for eventName and volunteerName currently is case\nsensitive, causing 2 events of the same name but with different cases\n(i.e. upper and lower cases) to be identified as 2 different names.\n\nThis PR fixes this issue.\n","fileTypesAndContributionMap":{"functional-code":{"insertions":2,"deletions":2}}},{"hash":"e1b2c102f96952e24c8a82239ee54aaabfa01a3b","isMergeCommit":true,"messageTitle":"Merge branch \u0027AY2425S1-CS2103T-W12-2:master\u0027 into master","messageBody":"","fileTypesAndContributionMap":{}},{"hash":"b8e268cbe7723ed124c34024f772fd2f724e3029","isMergeCommit":true,"messageTitle":"Merge branch \u0027master\u0027 of https://github.com/Fluffykan/tp","messageBody":"","fileTypesAndContributionMap":{}},{"hash":"16425d535f4e1eb877d72af5aa49572e771b68e5","isMergeCommit":false,"messageTitle":"Revert \"Modify equals method\"","messageBody":"This reverts commit 04a1a7fe0d7ab34313a3bad490f3038ed9a92854.\n","fileTypesAndContributionMap":{"functional-code":{"insertions":2,"deletions":2}}},{"hash":"e3fc372153521b8298242f4be1f26a01629e13dd","isMergeCommit":true,"messageTitle":"Merge branch \u0027AY2425S1-CS2103T-W12-2:master\u0027 into master","messageBody":"","fileTypesAndContributionMap":{}},{"hash":"5dd4988ca8c6ec0326025e13b07ab03ba43e472b","isMergeCommit":true,"messageTitle":"Merge branch \u0027master\u0027 of https://github.com/Fluffykan/tp","messageBody":"","fileTypesAndContributionMap":{}},{"hash":"f7b53023266fd944af5e09fc4cb808a7e7d631d3","isMergeCommit":true,"messageTitle":"Merge branch \u0027master\u0027 into prevent-dumping-of-entire-corrupt-database","messageBody":"","fileTypesAndContributionMap":{}}]},{"date":"2024-10-25","commitResults":[{"hash":"552a9599b984dd7f38d04e90de7a9f640d3dcdc0","isMergeCommit":true,"messageTitle":"Merge pull request #113 from Fluffykan/prevent-dumping-of-entire-corrupt-database","messageBody":"Prevent dumping of entire corrupt database","tags":["v1.4"],"fileTypesAndContributionMap":{}},{"hash":"2763868ddd8ddbe06f601d691d8e95304c98b1b6","isMergeCommit":true,"messageTitle":"Merge branch \u0027master\u0027 of https://github.com/Fluffykan/tp","messageBody":"","fileTypesAndContributionMap":{}},{"hash":"eb6583dbe92aa2ae5866274f49414a568873d3b7","isMergeCommit":false,"messageTitle":"Edit storage class diagram","messageBody":"","fileTypesAndContributionMap":{"other":{"insertions":1,"deletions":1},"docs":{"insertions":5,"deletions":5}}},{"hash":"ffecde8f35688a4038f04a6980f59fc597e338fb","isMergeCommit":false,"messageTitle":"Include style.puml","messageBody":"","fileTypesAndContributionMap":{"docs":{"insertions":1,"deletions":0}}}]},{"date":"2024-11-04","commitResults":[{"hash":"5d37cfa55bf05cfbf4b05787e7257b6ec960df21","isMergeCommit":true,"messageTitle":"Merge branch \u0027master\u0027 of https://github.com/Fluffykan/tp","messageBody":"","fileTypesAndContributionMap":{}},{"hash":"61841c771da14883c4deab58e4ca4a6bc4b6c67f","isMergeCommit":false,"messageTitle":"Enabled auto resizing of lists","messageBody":"Previously the height and width of the event and volunteer lists\nremained constant even when the window resizes. This commit enables\nthe lists to grow / shrink according to the changing window size.\n","fileTypesAndContributionMap":{"functional-code":{"insertions":17,"deletions":8},"other":{"insertions":1,"deletions":1}}},{"hash":"6c4835a79d43d9ddfc2e9d3385d449e2339cc481","isMergeCommit":false,"messageTitle":"Fix codestyle issue","messageBody":"","fileTypesAndContributionMap":{"functional-code":{"insertions":0,"deletions":2}}},{"hash":"7e8353da40dbb432c7daff331664f3de88fb2669","isMergeCommit":false,"messageTitle":"Undo addressbook modification","messageBody":"","fileTypesAndContributionMap":{"docs":{"insertions":4,"deletions":4}}},{"hash":"d5cda2346e821e543a9c298e0b0ceba17a286e75","isMergeCommit":false,"messageTitle":"Modify UG","messageBody":"The following changes have been recommended based on feedback on\nour UG. The points marked with a [x] have been addressed in this\ncommit, while the points marked with a - have yet to be addressed.\nThey will be addressed in a future commit.\n\nUG improvement comments from other groups:\n- add screenshots for command outputs.\n[x] specify target user group (NGO managing volunteers and events).\n[x] wrap in `` for java -jar volunsync.jar.\n[x] add line in quick start above the image\n\"after running the command, the following window will appear\".\n- keep to 1 example command for commands with optional fields.\n- General commands has different font size as Volunteer Commands.\n[x] Saving the data should be left in a separate section as\nEvent Commands.\n[x] Command Summary to be split into General, Volunteer and Event\ncommands for clarity.\n\nAdditional changes:\n[x] update view format in command summary\n[x] remove time fields from volunteer in command summary\n","fileTypesAndContributionMap":{"docs":{"insertions":38,"deletions":24}}},{"hash":"a0b77cfcff9acdaceb1d82dcb33f10a6d257083a","isMergeCommit":false,"messageTitle":"Modify UG The following issues have been resolved: - add screenshots for command outputs. - keep to 1 example command for new volunteer command. - \"General Commands\" has different font size as \"Volunteer Commands\". - informs user that if there are no matching names for find, the entire list will be displayed.","messageBody":"","fileTypesAndContributionMap":{"docs":{"insertions":36,"deletions":3}}},{"hash":"f6992931b36f1bc0947d74f74a91be1c563d5abd","isMergeCommit":false,"messageTitle":"Fix codestyle issue","messageBody":"","fileTypesAndContributionMap":{"docs":{"insertions":7,"deletions":7}}},{"hash":"8a5635f57a5a6773f27794b7f05f318bfb606d54","isMergeCommit":false,"messageTitle":"Fix typo","messageBody":"","fileTypesAndContributionMap":{"docs":{"insertions":1,"deletions":1}}}]},{"date":"2024-11-05","commitResults":[{"hash":"85eb22f162c2cec9dd735a7ad0e69c3f4abb50fc","isMergeCommit":true,"messageTitle":"Merge branch \u0027AY2425S1-CS2103T-W12-2:master\u0027 into master","messageBody":"","fileTypesAndContributionMap":{}},{"hash":"0b0fd394042b35582162574665ac4d33dd5eaf1a","isMergeCommit":true,"messageTitle":"Merge branch \u0027master\u0027 of https://github.com/Fluffykan/tp","messageBody":"","fileTypesAndContributionMap":{}},{"hash":"6ac5b46e047494cd282517cd9bf341e6ae053d52","isMergeCommit":true,"messageTitle":"Merge branch \u0027master\u0027 into auto-resizing-event-and-volunteer-list","messageBody":"","fileTypesAndContributionMap":{}},{"hash":"18bbc6ada827c9c347ab22fe98222c3c44ca8230","isMergeCommit":true,"messageTitle":"Merge pull request #147 from tzuennn/improve-UG","messageBody":"Fix display msg for find and improve UG","fileTypesAndContributionMap":{}},{"hash":"d167888ac27e224fcee64e0f6eb33acf5a2d1eec","isMergeCommit":true,"messageTitle":"Merge branch \u0027AY2425S1-CS2103T-W12-2:master\u0027 into master","messageBody":"","fileTypesAndContributionMap":{}},{"hash":"82a4bee5ea907169d814e4c12efddcc5a5978bc5","isMergeCommit":true,"messageTitle":"Merge branch \u0027master\u0027 of https://github.com/Fluffykan/tp","messageBody":"","fileTypesAndContributionMap":{}},{"hash":"ad0bc97b2e5cb8834e8cca69cae461a5449dd3ad","isMergeCommit":true,"messageTitle":"Merge branch \u0027master\u0027 into auto-resizing-event-and-volunteer-list","messageBody":"","fileTypesAndContributionMap":{}},{"hash":"de6bc0f924d95f30ccb965b55214451b3bd7f5f7","isMergeCommit":true,"messageTitle":"Merge branch \u0027master\u0027 into modify-UG-according-to-comments","messageBody":"# Conflicts:\n#\tdocs/UserGuide.md\n","fileTypesAndContributionMap":{}},{"hash":"d3e3187dc841cf94341c484b9950c0c6fc2bf7b4","isMergeCommit":false,"messageTitle":"Replace Table Of Contents","messageBody":"Start of the user guide is modified to help direct users to the\ncorresponding part of the user guide based on their needs.\n","fileTypesAndContributionMap":{"docs":{"insertions":43,"deletions":14}}},{"hash":"197aa173fc12893f70218b8d3fac83dbdba4f035","isMergeCommit":false,"messageTitle":"Set window min width to 600","messageBody":"","fileTypesAndContributionMap":{"functional-code":{"insertions":1,"deletions":1}}},{"hash":"c40806940cd12b5297604cd26626ca2ea90cf9d9","isMergeCommit":false,"messageTitle":"Remove print statement","messageBody":"","fileTypesAndContributionMap":{"functional-code":{"insertions":0,"deletions":1}}},{"hash":"675513f974003e54ed422eaf1a0bcceb6e79661b","isMergeCommit":true,"messageTitle":"Merge branch \u0027master\u0027 of https://github.com/Fluffykan/tp","messageBody":"","fileTypesAndContributionMap":{}}]},{"date":"2024-11-06","commitResults":[{"hash":"a1bca1ffab99452c77472a8708100ac0854d8d23","isMergeCommit":false,"messageTitle":"Change citation method for adaptation","messageBody":"","fileTypesAndContributionMap":{"functional-code":{"insertions":0,"deletions":3}}},{"hash":"fef4109b26f0ce2603e965a55a7fb35e75ccd1fd","isMergeCommit":true,"messageTitle":"Merge pull request #160 from JovenSoh/enable-assertions","messageBody":"Enable assertions","fileTypesAndContributionMap":{}},{"hash":"e3fae8f8dd91df9bb808bdd8e085e4340d7dc260","isMergeCommit":true,"messageTitle":"Merge branch \u0027AY2425S1-CS2103T-W12-2:master\u0027 into master","messageBody":"","fileTypesAndContributionMap":{}},{"hash":"b5972b58c176411930a3c629666ef96356461909","isMergeCommit":true,"messageTitle":"Merge branch \u0027master\u0027 of https://github.com/Fluffykan/tp","messageBody":"","fileTypesAndContributionMap":{}},{"hash":"54f474f53e2ce81d1f32be1323ec30a3349525c8","isMergeCommit":true,"messageTitle":"Merge branch \u0027master\u0027 into follow-code-reuse-format","messageBody":"","fileTypesAndContributionMap":{}}]}]},"authorFileTypeContributionMap":{"ttzuche":{"docs":90,"functional-code":323,"test-code":1612},"keerthigkaarthik":{"docs":87,"functional-code":1446,"test-code":315,"other":1},"tzuennn":{"docs":63,"functional-code":614,"test-code":886},"JovenSoh":{"docs":191,"functional-code":904,"test-code":623,"other":3},"Fluffykan":{"docs":145,"functional-code":1501,"test-code":346,"other":9}},"authorContributionVariance":{"ttzuche":37437.848,"keerthigkaarthik":40478.59,"tzuennn":28541.734,"JovenSoh":34584.977,"Fluffykan":396187.25},"authorDisplayNameMap":{"ttzuche":"CS2103T-W12-2 TSEN.. CHE","keerthigkaarthik":"CS2103T-W12-2 KEER..THIK","tzuennn":"CS2103T-W12-2 TSEN..U EN","JovenSoh":"CS2103T-W12-2 SOH ..KIAT","Fluffykan":"CS2103T-W12-2 KAN ..HONG"}}
