{"authorDailyContributionsMap":{"dwsc37":[{"date":"2024-09-26","commitResults":[{"hash":"e2eaecd444dba72e15c090b33a22e74daa50ca6c","isMergeCommit":true,"messageTitle":"Merge pull request #43 from zzawook/update_aboutus_jaehyeok","messageBody":"Update aboutus","fileTypesAndContributionMap":{}},{"hash":"832eea5e83b9fd09787f5ba55339b088f0e7e4ae","isMergeCommit":true,"messageTitle":"Merge pull request #52 from IzN432/add-isaac-image","messageBody":"Add Isaac\u0027s picture","fileTypesAndContributionMap":{}}]},{"date":"2024-09-29","commitResults":[{"hash":"9c14169d285ba30898d9133b7b7d0fd7004b4a9c","isMergeCommit":false,"messageTitle":"docs: Add information to AboutMe.md","messageBody":"","fileTypesAndContributionMap":{"docs":{"insertions":6,"deletions":5}}},{"hash":"d348293a9d971903d7e014c2f5817b6287133490","isMergeCommit":false,"messageTitle":"refactor: Change main package to keycontacts","messageBody":"","fileTypesAndContributionMap":{"other":{"insertions":772,"deletions":769},"docs":{"insertions":3,"deletions":3},"test-code":{"insertions":3,"deletions":3}}},{"hash":"c630a9313a48b845ca76021f8622042ac1ddb0f2","isMergeCommit":true,"messageTitle":"Merge remote-tracking branch \u0027upstream/switch-docs-to-markbind\u0027 into switch-docs-to-markbind","messageBody":"","fileTypesAndContributionMap":{}},{"hash":"158d78ca3870c09411f1c7d978b72bab6f9d97e4","isMergeCommit":false,"messageTitle":"chore: Update markbind configs","messageBody":"","fileTypesAndContributionMap":{"docs":{"insertions":1,"deletions":1}}},{"hash":"e1b94815fd3e2017ba2c8d5a1298f1e98ed5789b","isMergeCommit":true,"messageTitle":"Merge pull request #64 from AY2425S1-CS2103T-T08-2/switch-docs-to-markbind","messageBody":"docs: Switch docs to markbind","fileTypesAndContributionMap":{}},{"hash":"76dc3c30969d323210eb49f23cde24864864773e","isMergeCommit":false,"messageTitle":"docs: Update README.md","messageBody":"","fileTypesAndContributionMap":{"docs":{"insertions":6,"deletions":10}}},{"hash":"bced3347d45ddb68d025b03cceca8aa49c372ae2","isMergeCommit":false,"messageTitle":"docs: Update index.md","messageBody":"","fileTypesAndContributionMap":{"docs":{"insertions":9,"deletions":8}}},{"hash":"6f6de6a682689564e597b4c0bf2b4e837ba9f9d4","isMergeCommit":false,"messageTitle":"docs: Update site-wide settings","messageBody":"","fileTypesAndContributionMap":{"docs":{"insertions":1,"deletions":1}}},{"hash":"cac8bf78671f4d50ff8207f7c7e493d5c94b4efd","isMergeCommit":false,"messageTitle":"docs: Fix CI badge image","messageBody":"","fileTypesAndContributionMap":{"docs":{"insertions":2,"deletions":2}}},{"hash":"7486192d0fc31f01e4d365c3c6a6872c0c8fa97d","isMergeCommit":true,"messageTitle":"Merge pull request #66 from dwsc37/update-readme-page","messageBody":"docs: Update landing pages","fileTypesAndContributionMap":{}}]},{"date":"2024-09-30","commitResults":[{"hash":"5991d5848d2a8304feda4368ddedc333e4a38d78","isMergeCommit":false,"messageTitle":"refactor: Refactor person package into student","messageBody":"","fileTypesAndContributionMap":{"functional-code":{"insertions":39,"deletions":39},"other":{"insertions":20,"deletions":20},"test-code":{"insertions":45,"deletions":45}}},{"hash":"357848da8402d90cec10da7656922fe3a9c5db97","isMergeCommit":false,"messageTitle":"refactor: Change all instances of Person to Student","messageBody":"","fileTypesAndContributionMap":{"functional-code":{"insertions":437,"deletions":434},"other":{"insertions":185,"deletions":185},"test-code":{"insertions":659,"deletions":655}}},{"hash":"59d53a1e8b3cd1e7f434c241923e3d259581b637","isMergeCommit":true,"messageTitle":"Merge pull request #74 from audipras/add-audi-details","messageBody":"Add Audi\u0027s details","fileTypesAndContributionMap":{}},{"hash":"d02900fe85bfe35150375f8574fe27430ce71389","isMergeCommit":true,"messageTitle":"Merge pull request #70 from bryancheny/add-bryan-image","messageBody":"Add Bryan\u0027s photo","fileTypesAndContributionMap":{}}]},{"date":"2024-10-01","commitResults":[{"hash":"ae0f2aa55036c0bd8cdadcdcc052c1c881fab336","isMergeCommit":false,"messageTitle":"refactor: Replace AddressBook with StudentDirectory","messageBody":"","fileTypesAndContributionMap":{"functional-code":{"insertions":271,"deletions":273},"other":{"insertions":61,"deletions":60},"test-code":{"insertions":302,"deletions":294}}},{"hash":"336893e8b551812544aa743bfa1803260ef1f7b4","isMergeCommit":false,"messageTitle":"docs: Fix regression in Testing.md","messageBody":"","fileTypesAndContributionMap":{"docs":{"insertions":2,"deletions":2}}},{"hash":"e2d566e6c039b19a446761b9a5c0df8f3defdb25","isMergeCommit":false,"messageTitle":"docs: Update Testing.md","messageBody":"","fileTypesAndContributionMap":{"docs":{"insertions":1,"deletions":1}}},{"hash":"91abd3af57e21bdb4374fe07ea72e4636e1dac5b","isMergeCommit":false,"messageTitle":"docs: Fix numbering error in Testing.md","messageBody":"","fileTypesAndContributionMap":{"docs":{"insertions":2,"deletions":2}}},{"hash":"917ec6dc65e5f2e2898b79816f733cfc7786c793","isMergeCommit":true,"messageTitle":"Merge pull request #75 from IzN432/add-user-stories","messageBody":"Add user stories to DeveloperGuide.md","fileTypesAndContributionMap":{}},{"hash":"77b3abf455574737437cdaf020b45e52d87a318e","isMergeCommit":true,"messageTitle":"Merge branch \u0027master\u0027 into add-bryan-details","messageBody":"","fileTypesAndContributionMap":{}}]},{"date":"2024-10-02","commitResults":[{"hash":"99e55d2433ac2521d57fe7e32ed589f82d475101","isMergeCommit":true,"messageTitle":"Merge pull request #78 from audipras/update-nfr-and-glossary","messageBody":"Update nfr and glossary","fileTypesAndContributionMap":{}}]},{"date":"2024-10-03","commitResults":[{"hash":"8e92da9b10a92b0ddbffd0a653f6ee1d678f0595","isMergeCommit":true,"messageTitle":"Merge branch \u0027master\u0027 into developer_guide_use_cases","messageBody":"","fileTypesAndContributionMap":{}},{"hash":"73bc5d27b91d105131e177cbe20d063803b3fc19","isMergeCommit":true,"messageTitle":"Merge pull request #45 from zzawook/developer_guide_use_cases","messageBody":"Developer guide - Add use cases","fileTypesAndContributionMap":{}},{"hash":"ff5754357a3bc3dca31fac39e0bc23d6824e6281","isMergeCommit":false,"messageTitle":"docs: Update value proposition","messageBody":"","fileTypesAndContributionMap":{"docs":{"insertions":1,"deletions":1}}},{"hash":"df150f425d08820ae08628d63fa124e278fb4167","isMergeCommit":true,"messageTitle":"Merge pull request #77 from AY2425S1-CS2103T-T08-2/add-target-user","messageBody":"Edit Target User Profile and Value Proposition","fileTypesAndContributionMap":{}}]},{"date":"2024-10-09","commitResults":[{"hash":"be4e688051edd5f7e01fa25e391e739bf29ff87f","isMergeCommit":false,"messageTitle":"feat: Implement schedule command parsing and lesson model","messageBody":"","fileTypesAndContributionMap":{"functional-code":{"insertions":457,"deletions":54}}}]},{"date":"2024-10-10","commitResults":[{"hash":"eeae098fc9d66cfe861315fd866240e2bee4e156","isMergeCommit":true,"messageTitle":"Merge pull request #83 from IzN432/add-pianopiece-model","messageBody":"Implement PianoPiece model and testing","fileTypesAndContributionMap":{}},{"hash":"586fac649736a384900e2fbea145a09881cb443d","isMergeCommit":false,"messageTitle":"feat: Improve model and command and implement storage","messageBody":"","fileTypesAndContributionMap":{"functional-code":{"insertions":240,"deletions":41},"test-code":{"insertions":22,"deletions":12}}},{"hash":"85630ff5e8911ac2de9cfedef28c75d8c20e2a9f","isMergeCommit":false,"messageTitle":"feat: Add validation for start and end time of lesson","messageBody":"","fileTypesAndContributionMap":{"functional-code":{"insertions":21,"deletions":2}}},{"hash":"9117c5f2fc3d6df5d40d6413c9a9d120573b2258","isMergeCommit":false,"messageTitle":"chore: Fix code based on review comments","messageBody":"","fileTypesAndContributionMap":{"functional-code":{"insertions":3,"deletions":5},"test-code":{"insertions":10,"deletions":10}}}]},{"date":"2024-10-11","commitResults":[{"hash":"412d24d93195a643e8bfc23dd64cc325afc1433a","isMergeCommit":false,"messageTitle":"chore: Remove tag and email fields","messageBody":"","fileTypesAndContributionMap":{"functional-code":{"insertions":37,"deletions":463},"test-code":{"insertions":69,"deletions":527}}}]},{"date":"2024-10-13","commitResults":[{"hash":"370b64d05eb47351817e673482d560aac731eaaf","isMergeCommit":false,"messageTitle":"fix: Fix test regressions","messageBody":"","fileTypesAndContributionMap":{"test-code":{"insertions":13,"deletions":19}}},{"hash":"e06cec1cadbab93c5aca5689c655a418bbe28466","isMergeCommit":false,"messageTitle":"docs: Update docs to match codebase refactor","messageBody":"","fileTypesAndContributionMap":{"docs":{"insertions":51,"deletions":116}}},{"hash":"0f7c990f45c2f6f093c00418dffa811e927fee72","isMergeCommit":false,"messageTitle":"refactor: Remove code duplication in ParserUtil","messageBody":"","fileTypesAndContributionMap":{"functional-code":{"insertions":1,"deletions":9}}},{"hash":"4965119d57e0a25d13390165a2895290f5beac92","isMergeCommit":true,"messageTitle":"Merge pull request #85 from zzawook/add_grade_level","messageBody":"Add grade level field to Person","fileTypesAndContributionMap":{}},{"hash":"9a7c0a7028597e74d0306c15102f3bc9cc7c23d9","isMergeCommit":true,"messageTitle":"Merge branch \u0027master\u0027 into refactor-docs","messageBody":"","fileTypesAndContributionMap":{}},{"hash":"241829933ee47842a3ba03ec5d95084be7e53e37","isMergeCommit":false,"messageTitle":"docs: Update missed instances","messageBody":"","fileTypesAndContributionMap":{"docs":{"insertions":5,"deletions":5}}},{"hash":"6a81d0ecd2c052f1ae0169f24c8151577ffb644d","isMergeCommit":false,"messageTitle":"docs: Update UserGuide.md","messageBody":"","fileTypesAndContributionMap":{"docs":{"insertions":3,"deletions":3}}},{"hash":"a290e95749720af9788123e05645e66ca63d02bb","isMergeCommit":true,"messageTitle":"Merge pull request #93 from IzN432/add-pianopiece-command","messageBody":"Add AssignPianoPiece command","fileTypesAndContributionMap":{}}]},{"date":"2024-10-14","commitResults":[{"hash":"6e9d38d76598c3f69d04aab6adf48214c10e3150","isMergeCommit":true,"messageTitle":"Merge branch \u0027master\u0027 into \u0027remove-extra-fields\u0027","messageBody":"","fileTypesAndContributionMap":{}},{"hash":"a705cbb95fba6db6322d9948a18523a7065adc13","isMergeCommit":false,"messageTitle":"tests: Fix AddCommandParserTest regression","messageBody":"","fileTypesAndContributionMap":{"test-code":{"insertions":8,"deletions":7}}},{"hash":"01ca8b5d67a473cafb46795ff567e10073cbd5a0","isMergeCommit":false,"messageTitle":"chore: Remove missed instances of tag","messageBody":"","fileTypesAndContributionMap":{"functional-code":{"insertions":1,"deletions":2},"docs":{"insertions":0,"deletions":1}}},{"hash":"e5ca48dfe18262fe9c9383c9d2ac0d6bef504e73","isMergeCommit":false,"messageTitle":"docs: Update feature overview","messageBody":"","fileTypesAndContributionMap":{"docs":{"insertions":3,"deletions":3}}},{"hash":"4ec7a820bc2224b1d4b9d387e42a6f15001be215","isMergeCommit":false,"messageTitle":"tests: Fis argument tokenizer test","messageBody":"","fileTypesAndContributionMap":{"test-code":{"insertions":1,"deletions":1}}},{"hash":"569292d704f6d5e7825bc458340fd8c406b1adff","isMergeCommit":true,"messageTitle":"Merge pull request #94 from dwsc37/remove-extra-fields","messageBody":"chore: Remove tag and email fields","fileTypesAndContributionMap":{}},{"hash":"707f176b5a5a40e5b45b9f7884251822bce4779d","isMergeCommit":false,"messageTitle":"docs: Add schedule command to UserGuide","messageBody":"","fileTypesAndContributionMap":{"docs":{"insertions":24,"deletions":8}}},{"hash":"0ef5a6364e500a441184d954d4acd6b307a670cc","isMergeCommit":false,"messageTitle":"docs: Remove Tutorials from sidebar","messageBody":"","fileTypesAndContributionMap":{"docs":{"insertions":0,"deletions":4}}}]},{"date":"2024-10-15","commitResults":[{"hash":"ddaed8627a56028039720a315d81b433c6977579","isMergeCommit":false,"messageTitle":"tests: Augment existing tests","messageBody":"","fileTypesAndContributionMap":{"functional-code":{"insertions":12,"deletions":5},"test-code":{"insertions":171,"deletions":14}}},{"hash":"fb37de947c31158a4aa6002f18ecd90449aa6e81","isMergeCommit":false,"messageTitle":"tests: Add tests for JsonAdaptedRegularLesson","messageBody":"","fileTypesAndContributionMap":{"test-code":{"insertions":49,"deletions":0}}}]},{"date":"2024-10-16","commitResults":[{"hash":"c93352366335eb61d4d4a9377399d40523f83441","isMergeCommit":true,"messageTitle":"Merge pull request #100 from IzN432/add-pianopiece-documentation","messageBody":"Add documentation for assign command","fileTypesAndContributionMap":{}},{"hash":"5fe7c6061387ab40bafd59fb2ac058a28e751400","isMergeCommit":true,"messageTitle":"Merge pull request #103 from zzawook/grade_level_test","messageBody":"Add tests to grade level field","fileTypesAndContributionMap":{}},{"hash":"7615a077e46c1ebc5a54c6f7bbed10b7fbb6a13a","isMergeCommit":false,"messageTitle":"tests: Add tests for storage and model","messageBody":"","fileTypesAndContributionMap":{"functional-code":{"insertions":3,"deletions":29},"test-code":{"insertions":225,"deletions":0}}},{"hash":"be4faaebe813b69d6be6ee8cafcdf1cf0deca916","isMergeCommit":true,"messageTitle":"Merge branch \u0027master\u0027 into \u0027lesson-tests-and-docs\u0027","messageBody":"","fileTypesAndContributionMap":{}},{"hash":"e7f5fd17a5f878bd7499a4c20684dcc2b97adf60","isMergeCommit":false,"messageTitle":"chore: Revert changes to Lesson.java","messageBody":"","fileTypesAndContributionMap":{"functional-code":{"insertions":29,"deletions":15}}},{"hash":"a9b40cdabcafef44ff5c269526136a78619cf6fd","isMergeCommit":false,"messageTitle":"tests: Add test for Lesson.java","messageBody":"","fileTypesAndContributionMap":{"test-code":{"insertions":64,"deletions":0}}},{"hash":"e4169c6a14260257405587dcc8b53893733405ba","isMergeCommit":false,"messageTitle":"docs: Fix assign piece section","messageBody":"","fileTypesAndContributionMap":{"docs":{"insertions":1,"deletions":1}}},{"hash":"46693544b103c3db944fd5690f44b53daf9c9e9e","isMergeCommit":false,"messageTitle":"tests: Add testing for command and parser","messageBody":"","fileTypesAndContributionMap":{"functional-code":{"insertions":10,"deletions":8},"test-code":{"insertions":316,"deletions":13}}},{"hash":"550ec813f5a38613f3aec35a5e7c42103d02d912","isMergeCommit":false,"messageTitle":"style: Fix style issues","messageBody":"","fileTypesAndContributionMap":{"test-code":{"insertions":5,"deletions":5}}},{"hash":"180385d8d94d6a7e8def3b224d45bf00a66328d3","isMergeCommit":true,"messageTitle":"Merge pull request #108 from IzN432/refactor-assign-piece-command-test","messageBody":"Refactor test to use assertCommand assertions","fileTypesAndContributionMap":{}}]},{"date":"2024-10-17","commitResults":[{"hash":"4b751f43a5a6cb8d0f59f8061c0631e1cfc939bd","isMergeCommit":false,"messageTitle":"refactor: Refactor schedule tests","messageBody":"","fileTypesAndContributionMap":{"functional-code":{"insertions":4,"deletions":1},"test-code":{"insertions":25,"deletions":32}}},{"hash":"ce4446d6328ea5527a49297421fad2f10b62f7c2","isMergeCommit":false,"messageTitle":"style: Fix checkstyle","messageBody":"","fileTypesAndContributionMap":{"functional-code":{"insertions":1,"deletions":1}}},{"hash":"cbb03732aad7485316c003054e2943b1d0811326","isMergeCommit":true,"messageTitle":"Merge pull request #109 from IzN432/refactor-assign-piece-parser-test","messageBody":"Refactor assign piece parser test","fileTypesAndContributionMap":{}},{"hash":"c3bb869dec8b159a935340f3f3a13d5133d27c27","isMergeCommit":false,"messageTitle":"refactor: Remove unnecessary uses of RegularLessonBuilder","messageBody":"","fileTypesAndContributionMap":{"test-code":{"insertions":9,"deletions":11}}},{"hash":"bb9da676c8a523103d42735cbddf81346e77575b","isMergeCommit":false,"messageTitle":"refactor: Update default regular lesson for schedule command testing","messageBody":"","fileTypesAndContributionMap":{"test-code":{"insertions":2,"deletions":1}}},{"hash":"e7e787ab361a1252eab05c94c440244abfe0189b","isMergeCommit":false,"messageTitle":"fix: Fix invalid sample data","messageBody":"","fileTypesAndContributionMap":{"functional-code":{"insertions":6,"deletions":6}}},{"hash":"5399d1782bb290c30271ecc66ba353c987f41d4b","isMergeCommit":true,"messageTitle":"Merge pull request #112 from bryancheny/makeup-lesson","messageBody":"Makeup lesson","fileTypesAndContributionMap":{}},{"hash":"3210e9685cb76f51c59066bf3c7e9fa343d19d76","isMergeCommit":false,"messageTitle":"chore: Clean up code base for relase","messageBody":"","fileTypesAndContributionMap":{"functional-code":{"insertions":151,"deletions":58},"docs":{"insertions":13,"deletions":13},"test-code":{"insertions":2,"deletions":2}}},{"hash":"9520be2c5ac6298f5f98edd7fb7c2f7597aaf80f","isMergeCommit":false,"messageTitle":"refactor: Refacotr some strings to use toDisplay","messageBody":"","fileTypesAndContributionMap":{"functional-code":{"insertions":9,"deletions":10},"test-code":{"insertions":1,"deletions":1}}},{"hash":"cdbaf1dd40e801d9b2c9f3bb541f151a065bfee7","isMergeCommit":false,"messageTitle":"fix: Update cancel lesson usage message","messageBody":"","fileTypesAndContributionMap":{"functional-code":{"insertions":1,"deletions":1}}},{"hash":"b53bb36501cf15253aba2d58fa353a7e57a2acb6","isMergeCommit":true,"messageTitle":"Merge pull request #118 from audipras/student-card-change","messageBody":"Change student card field display order","tags":["v1.3"],"fileTypesAndContributionMap":{}}]},{"date":"2024-10-20","commitResults":[{"hash":"c30e6137be44231a2453d6c1d40a3467e248e687","isMergeCommit":true,"messageTitle":"Merge pull request #120 from IzN432/add-unassign-command","messageBody":"Add unassign command, tests and SampleDataUtilTest","fileTypesAndContributionMap":{}}]},{"date":"2024-10-21","commitResults":[{"hash":"cc7242e9f038f7ec1a2f6739ee24fbbeb12fa872","isMergeCommit":false,"messageTitle":"build: Enable assertions in build.gradle","messageBody":"","fileTypesAndContributionMap":{"functional-code":{"insertions":1,"deletions":1},"other":{"insertions":4,"deletions":0}}},{"hash":"eec70925d0e25b04453b329f42e30c6c2b147e7f","isMergeCommit":false,"messageTitle":"chore: Remove testing assertion","messageBody":"","fileTypesAndContributionMap":{"functional-code":{"insertions":0,"deletions":1}}}]}],"IzN432":[{"date":"2024-09-29","commitResults":[{"hash":"66b5fe028e413ffb244b961fbfd401de825b8beb","isMergeCommit":false,"messageTitle":"Update AboutUs.md with Isaac\u0027s details","messageBody":"","fileTypesAndContributionMap":{"docs":{"insertions":3,"deletions":32}}}]},{"date":"2024-09-30","commitResults":[{"hash":"fd6bd162480ac57fd2fb6da3c519a244d029523a","isMergeCommit":false,"messageTitle":"Add user stories to DeveloperGuide.md","messageBody":"","fileTypesAndContributionMap":{"docs":{"insertions":29,"deletions":10}}},{"hash":"da11735be6badda3228f835ab39de0c648440206","isMergeCommit":false,"messageTitle":"Add 2 missing user stories","messageBody":"","fileTypesAndContributionMap":{"docs":{"insertions":31,"deletions":29}}}]},{"date":"2024-10-03","commitResults":[{"hash":"a631978b62031d67d4dff753972592320e29ed8e","isMergeCommit":true,"messageTitle":"Merge pull request #63 from dwsc37/refactor-ab3-repo","messageBody":"refactor: Refactor AB3 repo-wide","fileTypesAndContributionMap":{}}]},{"date":"2024-10-09","commitResults":[{"hash":"db9fe79ad561a4ac958695ed595aba2174192079","isMergeCommit":false,"messageTitle":"Implement PianoPiece model and testing","messageBody":"","fileTypesAndContributionMap":{"functional-code":{"insertions":62,"deletions":0},"test-code":{"insertions":38,"deletions":0}}},{"hash":"b91e31e6f3d8616fdf2c6c706c074f37362d87c7","isMergeCommit":false,"messageTitle":"Add test cases for other methods","messageBody":"","fileTypesAndContributionMap":{"functional-code":{"insertions":1,"deletions":1},"test-code":{"insertions":30,"deletions":1}}},{"hash":"1c4a0ab45add758657a4dceead0d4b7763605a88","isMergeCommit":false,"messageTitle":"Add two more test cases for equals to achieve 100%","messageBody":"","fileTypesAndContributionMap":{"test-code":{"insertions":3,"deletions":0}}}]},{"date":"2024-10-10","commitResults":[{"hash":"e3b2604d88de89880c6bfb6917d9be9a7a124420","isMergeCommit":true,"messageTitle":"Merge pull request #80 from dwsc37/add-lesson-command","messageBody":"feat: Implement schedule command and lesson model","fileTypesAndContributionMap":{}}]},{"date":"2024-10-11","commitResults":[{"hash":"a01f444df0efffe1edeb35ef2a926b3d2e965ee7","isMergeCommit":true,"messageTitle":"Merge pull request #91 from audipras/add-cancel-lesson","messageBody":"Add CancelLessonCommand and it\u0027s parser","fileTypesAndContributionMap":{}},{"hash":"b56099845968799b6838cc4dd845a5098288d9c8","isMergeCommit":false,"messageTitle":"Implement AssignPiecesCommand and its parser","messageBody":"","fileTypesAndContributionMap":{"functional-code":{"insertions":320,"deletions":10},"test-code":{"insertions":285,"deletions":21}}},{"hash":"68ed4e147029647ee4090a8edcabe128232d6679","isMergeCommit":true,"messageTitle":"Merge branch \u0027master\u0027 into add-pianopiece-command","messageBody":"","fileTypesAndContributionMap":{}},{"hash":"47293c02c68824aff2e52bc4fafa9e81e84698f6","isMergeCommit":false,"messageTitle":"Add more test cases","messageBody":"","fileTypesAndContributionMap":{"test-code":{"insertions":36,"deletions":0}}},{"hash":"39b76a68281ba54cc2e7900552b1702c7ab27ec0","isMergeCommit":false,"messageTitle":"Change LinkedHashSet to HashSet and readd getter","messageBody":"","fileTypesAndContributionMap":{"functional-code":{"insertions":6,"deletions":8},"test-code":{"insertions":1,"deletions":2}}},{"hash":"e149307e2a2f77071facfea40cb220c2c322ebb8","isMergeCommit":false,"messageTitle":"Remove PianoPiece\u0027s toDisplay and change toString","messageBody":"","fileTypesAndContributionMap":{"functional-code":{"insertions":1,"deletions":9},"test-code":{"insertions":1,"deletions":9}}},{"hash":"8de06e469f449b3cd8db4c03bc067b955462dd38","isMergeCommit":false,"messageTitle":"Add pianoPieces to hashCode","messageBody":"","fileTypesAndContributionMap":{"functional-code":{"insertions":1,"deletions":1}}}]},{"date":"2024-10-13","commitResults":[{"hash":"0aac585c823176502612206391daa10792d9233f","isMergeCommit":true,"messageTitle":"Merge branch \u0027master\u0027 into add-pianopiece-command","messageBody":"","fileTypesAndContributionMap":{}},{"hash":"94c520b90da1c528626dfd50a77fc90dd3b8e896","isMergeCommit":false,"messageTitle":"Fix some bugs","messageBody":"","fileTypesAndContributionMap":{"functional-code":{"insertions":15,"deletions":13},"test-code":{"insertions":10,"deletions":9}}},{"hash":"5356dc5ec49647afbc431e5f4eda61922e7679d7","isMergeCommit":true,"messageTitle":"Merge pull request #95 from dwsc37/refactor-docs","messageBody":"docs: Update docs to match codebase refactor","fileTypesAndContributionMap":{}}]},{"date":"2024-10-14","commitResults":[{"hash":"769f38e07ea60c7525965082ab618b59c4d7a52a","isMergeCommit":false,"messageTitle":"Add documentation for assign command","messageBody":"","fileTypesAndContributionMap":{"docs":{"insertions":29,"deletions":0}}},{"hash":"f18178c9ee806acd3661a9a58a6fb98ca09595d5","isMergeCommit":false,"messageTitle":"Change piano piece to plural","messageBody":"","fileTypesAndContributionMap":{"docs":{"insertions":4,"deletions":21}}},{"hash":"adbc46263bd9f5308dd31ef31680e5b605e47ddb","isMergeCommit":false,"messageTitle":"Make piano piece plural in user guide","messageBody":"","fileTypesAndContributionMap":{"docs":{"insertions":3,"deletions":3}}}]},{"date":"2024-10-15","commitResults":[{"hash":"fc6e9aeec77f110e9b6b8eefc4a2242ba7e4a1e6","isMergeCommit":false,"messageTitle":"Add assign to user guide table","messageBody":"","fileTypesAndContributionMap":{"docs":{"insertions":1,"deletions":0}}}]},{"date":"2024-10-16","commitResults":[{"hash":"366f969ce9e3f10fc39de635635742bdd5ac94b1","isMergeCommit":false,"messageTitle":"Refactor getPianoPieces method","messageBody":"","fileTypesAndContributionMap":{"functional-code":{"insertions":23,"deletions":33},"test-code":{"insertions":35,"deletions":40}}},{"hash":"1f77340a9433743571cb5361d1f5d5fcc68ab879","isMergeCommit":false,"messageTitle":"Refactor test to use assertCommand assertions","messageBody":"","fileTypesAndContributionMap":{"test-code":{"insertions":17,"deletions":11}}},{"hash":"043fe8cd842a242fb8176836ab138b645c316180","isMergeCommit":false,"messageTitle":"Move constants to CommandTestUtil","messageBody":"","fileTypesAndContributionMap":{"test-code":{"insertions":31,"deletions":24}}},{"hash":"7b112618944950ae2821c6048c9ee3a7c950fd5d","isMergeCommit":false,"messageTitle":"Fix minor issues","messageBody":"","fileTypesAndContributionMap":{"test-code":{"insertions":4,"deletions":6}}}]},{"date":"2024-10-17","commitResults":[{"hash":"5a214aa441f00ac6bb37d7e8ac53f17abc8ee70d","isMergeCommit":true,"messageTitle":"Merge pull request #111 from dwsc37/refactor-schedule-testing","messageBody":"refactor: Refactor schedule tests","fileTypesAndContributionMap":{}},{"hash":"45c310657a05ebad8f03e09aed451fa1fab180b1","isMergeCommit":true,"messageTitle":"Merge branch \u0027master\u0027 into add-cancel-lesson","messageBody":"","fileTypesAndContributionMap":{}},{"hash":"0bebd4f95f2c47b17ec97bfab4ab7034fc5d75f0","isMergeCommit":true,"messageTitle":"Merge pull request #104 from audipras/add-cancel-lesson","messageBody":"Add cancel lesson","fileTypesAndContributionMap":{}}]},{"date":"2024-10-19","commitResults":[{"hash":"33d820830f3f94721cbf22a644b1076dd6a14a34","isMergeCommit":false,"messageTitle":"Add UnassignCommand and tests","messageBody":"","fileTypesAndContributionMap":{"functional-code":{"insertions":174,"deletions":11},"test-code":{"insertions":235,"deletions":1}}},{"hash":"1a9281e32e00858b0336b17edb2d0771b7c30683","isMergeCommit":false,"messageTitle":"Fix style issues","messageBody":"","fileTypesAndContributionMap":{"test-code":{"insertions":6,"deletions":7}}},{"hash":"d7ce9a80c4173e01d5d4638a1936adc9eaaa31fb","isMergeCommit":false,"messageTitle":"Add test to cover no piano pieces input","messageBody":"","fileTypesAndContributionMap":{"test-code":{"insertions":18,"deletions":0}}}]},{"date":"2024-10-20","commitResults":[{"hash":"8197b1d63964d68cc46d3903f3298b571b2eb482","isMergeCommit":false,"messageTitle":"Fix documentation issues","messageBody":"","fileTypesAndContributionMap":{"functional-code":{"insertions":2,"deletions":2},"docs":{"insertions":17,"deletions":3}}},{"hash":"5e9bb778376d115b504affa44f843e54f2175a01","isMergeCommit":false,"messageTitle":"Fix grammar","messageBody":"","fileTypesAndContributionMap":{"docs":{"insertions":1,"deletions":1}}}]},{"date":"2024-10-21","commitResults":[{"hash":"f827e110bbf10f3a155acd1e157a1ebe6672e728","isMergeCommit":true,"messageTitle":"Merge pull request #125 from dwsc37/enable-assertions-in-build","messageBody":"build: Enable assertions in build.gradle","fileTypesAndContributionMap":{}}]}],"zzawook":[{"date":"2024-09-25","commitResults":[{"hash":"408bb95dd24a71f17174aeec8ed49f08352389bf","isMergeCommit":false,"messageTitle":"Add primitive use cases generated with the help of GitHub Copilot","messageBody":"","fileTypesAndContributionMap":{"docs":{"insertions":243,"deletions":16}}},{"hash":"e26a8f20a1894a5fb364d0e819dc1fdf4e88d3bb","isMergeCommit":false,"messageTitle":"Fix typos and add separators between use cases","messageBody":"","fileTypesAndContributionMap":{"docs":{"insertions":35,"deletions":20}}},{"hash":"2ba80eddff0c8996dc6734473481d35b95930524","isMergeCommit":false,"messageTitle":"Revise DG to reflect the nature of application","messageBody":"The developer guide is generated with the help of\nand thus has some points the wrongly describes\nthe application.\n\nRevise the developer guide to correctly reflect\nthe nature of the application.\n\nThe developer guide now correctly describes the\nfeatures of the MVP version of application\u0027s\nuse cases.\n","fileTypesAndContributionMap":{"docs":{"insertions":123,"deletions":131}}},{"hash":"b82ad709f98f45c13b38eb0869f83f2a92883e9f","isMergeCommit":false,"messageTitle":"Add my details to AboutUs.md file","messageBody":"","fileTypesAndContributionMap":{"docs":{"insertions":5,"deletions":5}}},{"hash":"7a136ad2b49966d9d8b59efc8326f5a804a27d46","isMergeCommit":true,"messageTitle":"Merge branch \u0027developer_guide_w7\u0027 of https://github.com/zzawook/tp into developer_guide_w7","messageBody":"","fileTypesAndContributionMap":{}}]},{"date":"2024-09-26","commitResults":[{"hash":"c565cff9fb18098c6106a56070090577f3036ba4","isMergeCommit":false,"messageTitle":"Recover lost NFR and Glossary placeholder","messageBody":"as per advised with Dave","fileTypesAndContributionMap":{"docs":{"insertions":13,"deletions":0}}}]},{"date":"2024-10-02","commitResults":[{"hash":"a94269ce14399ccda51d58bdb7b9e2f961447afb","isMergeCommit":false,"messageTitle":"Reflect PR comments and suggested changes","messageBody":"- Remove confirmation logic from all operations\n- Replace reference to \u0027database\u0027 with \u0027storage\u0027\n- Merge \u0027Add Student Contact\u0027 with \u0027Add Student Address\u0027\n","fileTypesAndContributionMap":{"other":{"insertions":580,"deletions":0},"docs":{"insertions":39,"deletions":139}}}]},{"date":"2024-10-03","commitResults":[{"hash":"1ce8299843e68d40284bd444b2b9783f9227a115","isMergeCommit":true,"messageTitle":"Merge branch \u0027developer_guide_use_cases\u0027 of https://github.com/zzawook/tp into developer_guide_use_cases","messageBody":"","fileTypesAndContributionMap":{}},{"hash":"f5ddad1779fe950d3cf5e4afbcd436f05f211e6f","isMergeCommit":false,"messageTitle":"Remove unnecessary bin files commited mistakenly","messageBody":"","fileTypesAndContributionMap":{"other":{"insertions":0,"deletions":580}}},{"hash":"bf3642f25cb395dc72ee87be8ae8b97cf1436707","isMergeCommit":false,"messageTitle":"Update DeveloperGuide.md","messageBody":"Minor bug fixes\r\n\r\n- Fix number bugs in MSS items\r\n- Change word choices for clarity purpose","fileTypesAndContributionMap":{"docs":{"insertions":17,"deletions":24}}}]},{"date":"2024-10-10","commitResults":[{"hash":"d780eeac38d76e558b6fc7e4579fb89da5bc7bd7","isMergeCommit":false,"messageTitle":"Add grade level field to Person","messageBody":"The user, who is piano teacher in Singapore, does not have a way to\ncheck the grade level of the students, while doing so would benefit\nthem by featuring additional data.\n\nAdd grade level to Person to allow the user to store the grade level\n\nThe commit not only includes the addition of the grade level field to\nthe Person class, but also the necessary changes to the commands,\nparsers, and storage classes to support the new field. The commit also\nincludes the necessary changes to the UI to display the grade level.\n\nAdditionally, the commit modifies User Guide to include the new field\nand its usage.\n\nLet\u0027s add the grade level field to the Person class to allow the user\nto store the grade level of the students.\n","fileTypesAndContributionMap":{"functional-code":{"insertions":192,"deletions":30},"docs":{"insertions":4,"deletions":4},"test-code":{"insertions":25,"deletions":10}}},{"hash":"d9a05d98653c1ec685b609b6315d7b9dfa170f13","isMergeCommit":true,"messageTitle":"Merge branch \u0027master\u0027 of https://github.com/zzawook/tp into add_grade_level","messageBody":"","fileTypesAndContributionMap":{}},{"hash":"ba527edc39fe86bc5fccc185f440c8f416544cbd","isMergeCommit":false,"messageTitle":"Reflected code review comments","messageBody":"- Pulled latest master branch and resolved conflicts\n- Updated test data under src/test/data accordingly\n- Updated message constraints in GradeLevel.java to reflect piano grade\n  rather than school grade\n","fileTypesAndContributionMap":{"functional-code":{"insertions":1,"deletions":2},"test-code":{"insertions":1,"deletions":109}}},{"hash":"deb983a1fffe46a408d4f77c2795ca1f45ae2c33","isMergeCommit":false,"messageTitle":"Apply Java Coding Standards","messageBody":"","fileTypesAndContributionMap":{"functional-code":{"insertions":57,"deletions":19},"test-code":{"insertions":23,"deletions":10}}},{"hash":"9ed51ccbac8a75597ddee2811802f2664caa7a6c","isMergeCommit":false,"messageTitle":"Apply coding standards to markdowns to pass CI checks","messageBody":"","fileTypesAndContributionMap":{"docs":{"insertions":5,"deletions":5}}}]},{"date":"2024-10-11","commitResults":[{"hash":"46351473eb3c8aa98f9ac61262b049bf814fe659","isMergeCommit":false,"messageTitle":"Modified test codes to successfully test new Grade Level field","messageBody":"","fileTypesAndContributionMap":{"functional-code":{"insertions":13,"deletions":10},"docs":{"insertions":2,"deletions":2},"test-code":{"insertions":91,"deletions":28}}},{"hash":"0abcb04a0241e677ddf3c550af9b9da6b88a8510","isMergeCommit":true,"messageTitle":"Merge branch \u0027master\u0027 into add_grade_level","messageBody":"","fileTypesAndContributionMap":{}},{"hash":"fa3544763abbaa281fc45f6dfc2fed278fbbdaec","isMergeCommit":false,"messageTitle":"Minor syntax bug fixes entailed from merge conflict resolving","messageBody":"","fileTypesAndContributionMap":{"functional-code":{"insertions":9,"deletions":6}}}]},{"date":"2024-10-13","commitResults":[{"hash":"85ff7435975f6b28c5aa13aa0d619016842ffbd8","isMergeCommit":false,"messageTitle":"Apply Pull Request Review Feedbacks","messageBody":"- Amend GRADELEVEL to GRADE_LEVEL\n- Replace programmatic String check to regex check\n- Remove unnecessary exception as we move to regex check\n- Remove unnecessary documentation tags\n","fileTypesAndContributionMap":{"functional-code":{"insertions":22,"deletions":77},"docs":{"insertions":2,"deletions":2},"test-code":{"insertions":45,"deletions":46}}},{"hash":"26ffe66bd557faa569799f0adc33c06039e77628","isMergeCommit":true,"messageTitle":"Merge branch \u0027master\u0027 of https://github.com/zzawook/tp into add_grade_level","messageBody":"","fileTypesAndContributionMap":{}},{"hash":"e8a7c80f710f610f78f28fede3da7572c53776a4","isMergeCommit":false,"messageTitle":"Minor checkstyle error fix","messageBody":"","fileTypesAndContributionMap":{"functional-code":{"insertions":1,"deletions":1}}},{"hash":"3cf690af8b3240431ba5d43377f960c3a7b966a2","isMergeCommit":false,"messageTitle":"Apply validity check for GradeLevel constructors","messageBody":"","fileTypesAndContributionMap":{"functional-code":{"insertions":7,"deletions":0}}}]},{"date":"2024-10-16","commitResults":[{"hash":"55156b31cbac42f9cdc0ece5e1e6fb9c70d2d7c0","isMergeCommit":false,"messageTitle":"Add tests to grade level field","messageBody":"The unit test suite does not have dedicated test to verify expected\nbehavior or grade level field.\n\nNo such test coverage of grade level field could cause unexpected\nmisbehavior or bugs in the future when the codebase is updated in the\nfuture.\n\nAdd tests to grade level field to ensure that the grade level field\nto ensure that the grade level field is working as expected.\n\nLet\u0027s add tests to grade level field to ensure that the grade level\nfield is working as expected.\n","fileTypesAndContributionMap":{"test-code":{"insertions":74,"deletions":0}}},{"hash":"c35bd7c327edbd3a4d054bab5b880274683931ff","isMergeCommit":false,"messageTitle":"Fixes errors in GradeLevelTest.java","messageBody":"- GradeLevelTest.java\n  - Fix errors in test cases\n  - Fix style convention non-compliances\n","fileTypesAndContributionMap":{"test-code":{"insertions":8,"deletions":7}}},{"hash":"90c66011d17a509ab6b64800982353dc9e64946c","isMergeCommit":false,"messageTitle":"Add test to test equals for same exam board but different grade","messageBody":"","fileTypesAndContributionMap":{"test-code":{"insertions":3,"deletions":0}}}]}],"audipras":[{"date":"2024-09-30","commitResults":[{"hash":"c99a72ab17b8518183ea4afc8c12c4c3c3fac8be","isMergeCommit":false,"messageTitle":"Add Audi\u0027s details","messageBody":"","fileTypesAndContributionMap":{"docs":{"insertions":4,"deletions":4}}},{"hash":"708cb0d11f458c7dff8b2287fca360eb5ed391a8","isMergeCommit":true,"messageTitle":"Merge pull request #62 from dwsc37/add-dave-info","messageBody":"docs: Add Dave\u0027s information to AboutUs.md","fileTypesAndContributionMap":{}},{"hash":"b2a3e100d629eb592068988432a80b7cc4a9e8e7","isMergeCommit":true,"messageTitle":"Merge branch \u0027master\u0027 into isaac-about-me","messageBody":"","fileTypesAndContributionMap":{}},{"hash":"73fe84b06d5d068553907306d100fa1ad45dc750","isMergeCommit":true,"messageTitle":"Merge pull request #68 from IzN432/isaac-about-me","messageBody":"Update AboutUs.md with Isaac\u0027s details","fileTypesAndContributionMap":{}}]},{"date":"2024-10-02","commitResults":[{"hash":"80ef95b3ef09a7baec0a39d1f5cc22a2fbe2b4a0","isMergeCommit":true,"messageTitle":"Merge pull request #72 from bryancheny/add-bryan-details","messageBody":"Add Bryan\u0027s details","fileTypesAndContributionMap":{}},{"hash":"09e5bf31bbbdef91112441872c57878afe615bdc","isMergeCommit":false,"messageTitle":"Add NFRs","messageBody":"","fileTypesAndContributionMap":{"docs":{"insertions":10,"deletions":5}}},{"hash":"acdfa976ce80ae6f507ff89a6f442124597aa576","isMergeCommit":false,"messageTitle":"Add Glossary","messageBody":"","fileTypesAndContributionMap":{"docs":{"insertions":4,"deletions":0}}}]},{"date":"2024-10-10","commitResults":[{"hash":"a18bb44a05c32b9a7bd5a3823001c41e97c287e4","isMergeCommit":false,"messageTitle":"Add CancelLessonCommand and it\u0027s parser","messageBody":"","fileTypesAndContributionMap":{"functional-code":{"insertions":105,"deletions":1}}}]},{"date":"2024-10-11","commitResults":[{"hash":"68b5782d6b3c6b5aef96c731160a6db8966c1cae","isMergeCommit":false,"messageTitle":"Fix minor bugs","messageBody":"","fileTypesAndContributionMap":{"functional-code":{"insertions":12,"deletions":7}}},{"hash":"547b07392aff19e45943f4ffe61ec902a251cf05","isMergeCommit":false,"messageTitle":"Fix string formatting errors","messageBody":"","fileTypesAndContributionMap":{"functional-code":{"insertions":5,"deletions":5}}},{"hash":"0ed9b6dfba5484b048f2889126e8161df73baba4","isMergeCommit":false,"messageTitle":"Minor Fix","messageBody":"","fileTypesAndContributionMap":{"functional-code":{"insertions":1,"deletions":1}}},{"hash":"7f61c513ab7f4b0b7acb342acfda42e39fe931da","isMergeCommit":false,"messageTitle":"Fix checkstyle error","messageBody":"","fileTypesAndContributionMap":{"functional-code":{"insertions":1,"deletions":1}}}]},{"date":"2024-10-14","commitResults":[{"hash":"74b631951359494763070f001317d41996f1a51c","isMergeCommit":false,"messageTitle":"Add Date object in lesson package","messageBody":"","fileTypesAndContributionMap":{"functional-code":{"insertions":59,"deletions":14}}}]},{"date":"2024-10-15","commitResults":[{"hash":"aef5de340b036be7b56c62ddc315c075def2d05d","isMergeCommit":false,"messageTitle":"progress commit","messageBody":"","fileTypesAndContributionMap":{"functional-code":{"insertions":185,"deletions":13},"test-code":{"insertions":62,"deletions":0}}}]},{"date":"2024-10-16","commitResults":[{"hash":"8651b28aff0df99832f6cf5ca51afe762099582c","isMergeCommit":false,"messageTitle":"Integrate cancelled lessons into model and ui  packages","messageBody":"","fileTypesAndContributionMap":{"functional-code":{"insertions":122,"deletions":37},"test-code":{"insertions":28,"deletions":8}}},{"hash":"f7ca84ffc915ff9e2a36556140b3cf393872d462","isMergeCommit":false,"messageTitle":"Fix checkstyle errors","messageBody":"","fileTypesAndContributionMap":{"functional-code":{"insertions":10,"deletions":4}}},{"hash":"b83bff71ab38f999c2a584b529b92bc71b42a490","isMergeCommit":false,"messageTitle":"Fix checkstyle errors in test classes","messageBody":"","fileTypesAndContributionMap":{"test-code":{"insertions":9,"deletions":11}}},{"hash":"b4e1fb1cc68265047f83bcd8b98493b3277d9717","isMergeCommit":false,"messageTitle":"Fix gradle build errors","messageBody":"","fileTypesAndContributionMap":{"functional-code":{"insertions":18,"deletions":17},"test-code":{"insertions":2,"deletions":2}}},{"hash":"5964927e400e3f5fc53e5a6c3d11e1c072d4cbb4","isMergeCommit":false,"messageTitle":"Add test cases","messageBody":"","fileTypesAndContributionMap":{"functional-code":{"insertions":2,"deletions":0},"test-code":{"insertions":152,"deletions":5}}},{"hash":"2487c974bd709136082d50606d55a740dc3451b6","isMergeCommit":true,"messageTitle":"Merge branch \u0027master\u0027 into add-cancel-lesson","messageBody":"","fileTypesAndContributionMap":{}},{"hash":"2d7732a3b49f00a2be754aa9133afe3d1d524918","isMergeCommit":false,"messageTitle":"Fix gradle build and checkstyle errors","messageBody":"","fileTypesAndContributionMap":{"test-code":{"insertions":10,"deletions":10}}},{"hash":"008c1fb957e5e6bff77b2a5ae17ff93adf9961f0","isMergeCommit":false,"messageTitle":"Refactored CancelLessonCommand constructor","messageBody":"","fileTypesAndContributionMap":{"functional-code":{"insertions":5,"deletions":4},"test-code":{"insertions":12,"deletions":12}}},{"hash":"58b688a30d1f157b16722e38d46884dacf4fb4de","isMergeCommit":true,"messageTitle":"Merge pull request #105 from IzN432/refactor-assign-pieces","messageBody":"Refactor getPianoPieces method","fileTypesAndContributionMap":{}},{"hash":"56f6c81891bca8b3c2a743f2c049d8e1d6c4b883","isMergeCommit":false,"messageTitle":"Move getCancelledLessons() function into CancelledLesson","messageBody":"","fileTypesAndContributionMap":{"functional-code":{"insertions":13,"deletions":9},"test-code":{"insertions":1,"deletions":1}}},{"hash":"f5afd6c697bea143be3c42e9941c91bfea06d365","isMergeCommit":true,"messageTitle":"Merge branch \u0027master\u0027 into lesson-tests-and-docs","messageBody":"","fileTypesAndContributionMap":{}},{"hash":"bf88a9ed1d6ce206d725f2e3080c9e15327f659e","isMergeCommit":true,"messageTitle":"Merge pull request #98 from dwsc37/lesson-tests-and-docs","messageBody":"feat: Add testing and documentation for schedule command","fileTypesAndContributionMap":{}},{"hash":"31f3b42f286cd02a8a08f90f28fe13d6773dcab5","isMergeCommit":true,"messageTitle":"Merge branch \u0027master\u0027 into add-cancel-lesson","messageBody":"","fileTypesAndContributionMap":{}},{"hash":"8fead5733c514376c7bee1d64fac17e38490e758","isMergeCommit":false,"messageTitle":"Add tests for CancelledLesson related classes","messageBody":"","fileTypesAndContributionMap":{"functional-code":{"insertions":23,"deletions":9},"test-code":{"insertions":120,"deletions":11}}},{"hash":"a0be1b925a928d14b23ba077caba1a64fcac47ba","isMergeCommit":false,"messageTitle":"Fix checkstyle errors","messageBody":"","fileTypesAndContributionMap":{"test-code":{"insertions":4,"deletions":6}}},{"hash":"c4b4b3189ad94290189116ffa77e951fd03e8748","isMergeCommit":false,"messageTitle":"Add cancelled lesson to Alice and Benson in TypicalStudents","messageBody":"","fileTypesAndContributionMap":{"test-code":{"insertions":2,"deletions":0}}},{"hash":"cc3a4bcf6e5d1e62f75335210d868e6e4393b214","isMergeCommit":false,"messageTitle":"Fix javadocs and string formatting errors","messageBody":"","fileTypesAndContributionMap":{"functional-code":{"insertions":1,"deletions":1},"test-code":{"insertions":1,"deletions":1}}}]},{"date":"2024-10-17","commitResults":[{"hash":"38c765237704c0b7d7a2335cc3933e311b2ea142","isMergeCommit":false,"messageTitle":"Fix test and string formatting issues","messageBody":"","fileTypesAndContributionMap":{"functional-code":{"insertions":36,"deletions":29},"test-code":{"insertions":55,"deletions":45}}},{"hash":"134528935296350896a1023cf75da423e8dc477d","isMergeCommit":false,"messageTitle":"Add cancel command in user guide","messageBody":"","fileTypesAndContributionMap":{"functional-code":{"insertions":1,"deletions":1},"docs":{"insertions":15,"deletions":1}}},{"hash":"4ab6bfb762ed8d8b3b334fbdc600690c5f95929f","isMergeCommit":false,"messageTitle":"Fix lesson not found display text","messageBody":"","fileTypesAndContributionMap":{"functional-code":{"insertions":1,"deletions":1}}},{"hash":"806e0e52a4dec5befbcbcbb1dffecacd01e9d665","isMergeCommit":false,"messageTitle":"Fixed model not updating in CancelLessonCommand","messageBody":"","fileTypesAndContributionMap":{"functional-code":{"insertions":1,"deletions":0}}},{"hash":"57a8242b5cb3744146c05d75783e44859d7a6949","isMergeCommit":false,"messageTitle":"Fix execute test not checking updated model","messageBody":"","fileTypesAndContributionMap":{"test-code":{"insertions":12,"deletions":5}}},{"hash":"6019e430a32ee91c8f05d1b88a22e44dd3261896","isMergeCommit":true,"messageTitle":"Merge pull request #117 from dwsc37/cleanup-release","messageBody":"chore: Clean up code base for release","fileTypesAndContributionMap":{}},{"hash":"8f55855f31eab84712717f80b5368590193e28e4","isMergeCommit":false,"messageTitle":"Change student card field display order","messageBody":"","fileTypesAndContributionMap":{"functional-code":{"insertions":1,"deletions":1}}}]}],"bryancheny":[{"date":"2024-09-30","commitResults":[{"hash":"15f0f1ed693cb9dfb8a4a7e4cfcea00aa312240b","isMergeCommit":false,"messageTitle":"Add Bryan\u0027s details","messageBody":"","fileTypesAndContributionMap":{"docs":{"insertions":10,"deletions":0}}},{"hash":"91f3ea011a95138a63358a82d0cf9ce6323aa12d","isMergeCommit":false,"messageTitle":"Revert \"Add Bryan\u0027s details\"","messageBody":"This reverts commit 15f0f1ed693cb9dfb8a4a7e4cfcea00aa312240b.\n","fileTypesAndContributionMap":{"docs":{"insertions":0,"deletions":10}}},{"hash":"4e2ca844c9e447e8fceaa7f90e5dfcc87f195e26","isMergeCommit":false,"messageTitle":"Add Bryan\u0027s details","messageBody":"","fileTypesAndContributionMap":{"docs":{"insertions":10,"deletions":0}}}]},{"date":"2024-10-02","commitResults":[{"hash":"6eab2946df2903ff63790af65f421358cc1f6f05","isMergeCommit":false,"messageTitle":"Edit Target User Profile and Value Proposition","messageBody":"","fileTypesAndContributionMap":{"docs":{"insertions":7,"deletions":3}}}]},{"date":"2024-10-03","commitResults":[{"hash":"cb62bf53407ffd776d77bd696494888327492513","isMergeCommit":false,"messageTitle":"Update Developer Guide Value proposition","messageBody":"","fileTypesAndContributionMap":{"docs":{"insertions":1,"deletions":0}}}]},{"date":"2024-10-15","commitResults":[{"hash":"3bde0e9ff564ddf0bbe989f676cfbbf6908adc44","isMergeCommit":false,"messageTitle":"Create class for MakeupLesson","messageBody":"","fileTypesAndContributionMap":{"functional-code":{"insertions":7,"deletions":0}}},{"hash":"2116fd161705cc5ec19045bd0d190e22236c95b7","isMergeCommit":false,"messageTitle":"Fix style issue","messageBody":"","fileTypesAndContributionMap":{"functional-code":{"insertions":1,"deletions":0}}},{"hash":"fb9bf02eb357299155659decf913ec71d0495594","isMergeCommit":false,"messageTitle":"Remove whitespace","messageBody":"","fileTypesAndContributionMap":{"functional-code":{"insertions":1,"deletions":1}}},{"hash":"6858e6fc7cd641d82ec2614afedb1629fdc0b683","isMergeCommit":false,"messageTitle":"Add JavaDoc comment","messageBody":"","fileTypesAndContributionMap":{"functional-code":{"insertions":3,"deletions":0}}},{"hash":"cdc528d28db6e51407b0f8b9999cb6d77d1ecbe7","isMergeCommit":false,"messageTitle":"Modify MakeupLesson to extend Lesson","messageBody":"","fileTypesAndContributionMap":{"functional-code":{"insertions":1,"deletions":1}}},{"hash":"214e88d2598a28953a5156197c6f137dec24c475","isMergeCommit":false,"messageTitle":"Fix the syntax of constructor","messageBody":"","fileTypesAndContributionMap":{"functional-code":{"insertions":2,"deletions":2}}},{"hash":"d3c842b8fe89138052546da507469d255cfa7a6f","isMergeCommit":true,"messageTitle":"Merge pull request #89 from bryancheny/makeup-lesson","messageBody":"Create class for MakeupLesson","fileTypesAndContributionMap":{}}]},{"date":"2024-10-16","commitResults":[{"hash":"280c6836e457732d385d159801873bd6437d9aa8","isMergeCommit":false,"messageTitle":"Add command parser for makeup lesson","messageBody":"","fileTypesAndContributionMap":{"functional-code":{"insertions":182,"deletions":2}}},{"hash":"10dbe8d45befbe17e790f806315c3efe0c7d9c00","isMergeCommit":false,"messageTitle":"Add storage for makeup lessong","messageBody":"","fileTypesAndContributionMap":{"functional-code":{"insertions":114,"deletions":9}}},{"hash":"aeff5c05e82d62c2c9d26ed4c6333a96c8fb4b8c","isMergeCommit":false,"messageTitle":"Add makeup lesson to UI","messageBody":"","fileTypesAndContributionMap":{"functional-code":{"insertions":67,"deletions":12},"test-code":{"insertions":11,"deletions":9}}},{"hash":"09d48164c21d5d9ccd7c73f2d18aaf2d136b84ea","isMergeCommit":false,"messageTitle":"Fix errors in tests","messageBody":"","fileTypesAndContributionMap":{"functional-code":{"insertions":8,"deletions":6},"test-code":{"insertions":2,"deletions":2}}}]},{"date":"2024-10-17","commitResults":[{"hash":"912445cf06d7c7cdf0198752c1e0126e810b9bba","isMergeCommit":true,"messageTitle":"Merge with master","messageBody":"","fileTypesAndContributionMap":{}},{"hash":"b3f9b4a14ac657f32fa05ab8617468032a88ac1f","isMergeCommit":false,"messageTitle":"Update UserDocs with makeup","messageBody":"","fileTypesAndContributionMap":{"docs":{"insertions":15,"deletions":0}}},{"hash":"e21add682ff91ad64003a54f991e0f67b876f134","isMergeCommit":false,"messageTitle":"Update tests","messageBody":"","fileTypesAndContributionMap":{"functional-code":{"insertions":16,"deletions":16},"docs":{"insertions":1,"deletions":2},"test-code":{"insertions":100,"deletions":25}}},{"hash":"00d5d6576e3e9d0af8446ff5bf7778fd8bb45271","isMergeCommit":false,"messageTitle":"Fix failing tests cases","messageBody":"","fileTypesAndContributionMap":{"test-code":{"insertions":12,"deletions":9}}},{"hash":"33e5c28c94eb9f4fd0a2d6ec8be5b9beca4147a6","isMergeCommit":false,"messageTitle":"Update user docs","messageBody":"","fileTypesAndContributionMap":{"docs":{"insertions":2,"deletions":2}}},{"hash":"2b231b01e98a11f8c89aecd87f7b5346a8074b9d","isMergeCommit":true,"messageTitle":"Merge pull request #116 from dwsc37/hotfix-sample-data","messageBody":"fix: Fix invalid sample data","fileTypesAndContributionMap":{}},{"hash":"181d2551ba4d37559cc32f64fa24f01dfb2e11a5","isMergeCommit":true,"messageTitle":"Merge master","messageBody":"","fileTypesAndContributionMap":{}},{"hash":"0bba2d08089249c50a79e37343437e2e3fa5f4fd","isMergeCommit":true,"messageTitle":"Merge master","messageBody":"","fileTypesAndContributionMap":{}}]}]},"authorFileTypeContributionMap":{"dwsc37":{"docs":116,"functional-code":1850,"test-code":2044,"other":6},"IzN432":{"docs":64,"functional-code":501,"test-code":619},"zzawook":{"docs":151,"functional-code":135,"test-code":132},"audipras":{"docs":39,"functional-code":412,"test-code":344},"bryancheny":{"docs":12,"functional-code":358,"test-code":122}},"authorContributionVariance":{"dwsc37":360098.03,"IzN432":21742.78,"zzawook":42189.45,"audipras":16689.852,"bryancheny":6453.672},"authorDisplayNameMap":{"dwsc37":"CS2103T-T08-2 WONG..DAVE","IzN432":"CS2103T-T08-2 ISAA.. JIE","zzawook":"CS2103T-T08-2 KIM ..YEOK","audipras":"CS2103T-T08-2 AUDI..ANTO","bryancheny":"CS2103T-T08-2 CHEN..RYAN"}}
