{"authorDailyContributionsMap":{"mrnobody0505":[{"date":"2024-10-03","commitResults":[{"hash":"2e3c8ffe661142f2801712193c03c88a1973e9f0","isMergeCommit":false,"messageTitle":"Integrate giahien\u0027s info into AboutUs.md","messageBody":"","fileTypesAndContributionMap":{"docs":{"insertions":13,"deletions":53}}},{"hash":"062e903947e395d3c6218e607f115ee18a47f96c","isMergeCommit":false,"messageTitle":"Rename giahien\u0027s image png file","messageBody":"","fileTypesAndContributionMap":{"docs":{"insertions":1,"deletions":1}}}]}],"Professional-Procrastinat0r":[{"date":"2024-09-29","commitResults":[{"hash":"77fcf9eb1b80d612ed43c4a2c92eec0b59695db9","isMergeCommit":false,"messageTitle":"Add Joshua\u0027s details","messageBody":"","fileTypesAndContributionMap":{"docs":{"insertions":52,"deletions":6}}}]},{"date":"2024-10-07","commitResults":[{"hash":"eae245fbf1c9b239c34ae3ed4e70ff8d740370b5","isMergeCommit":false,"messageTitle":"Add employee number","messageBody":"","fileTypesAndContributionMap":{"functional-code":{"insertions":159,"deletions":23}}},{"hash":"52d63621c946d534dd17f6f6bf8889ddf19a0829","isMergeCommit":false,"messageTitle":"Add employee skills","messageBody":"","fileTypesAndContributionMap":{"functional-code":{"insertions":269,"deletions":19}}},{"hash":"2d24ca2a0e6a89998fa994d62290b0f7ae6b751d","isMergeCommit":false,"messageTitle":"Update existing test cases","messageBody":"","fileTypesAndContributionMap":{"test-code":{"insertions":148,"deletions":54}}}]},{"date":"2024-10-10","commitResults":[{"hash":"10a8ad774a25cd9c0ecf6a4fa7bf32dd3a4d6ea4","isMergeCommit":true,"messageTitle":"Merge pull request #41 from SamuelFoo/add-assignment-model","messageBody":"Add assignment model","fileTypesAndContributionMap":{}}]},{"date":"2024-10-14","commitResults":[{"hash":"29605bd620dedc1fb1a574204e45d9208efd83b4","isMergeCommit":false,"messageTitle":"Prevent edit employee id","messageBody":"Users can edit employee id via the CLI.\n\nEmployee id is used to uniquely identify each\nemployee in project assignments.\n\nAllowing editing of employee id may require each project\nassignment to update its value of employee id. This may\ndegrade performance if there are many assignments.\n\nLet\u0027s prevent editing of employee id via the CLI.\n","fileTypesAndContributionMap":{"functional-code":{"insertions":6,"deletions":20}}},{"hash":"faa4e5c6c48c46a5f289d6e8ff395eefee7d8f08","isMergeCommit":false,"messageTitle":"Update test cases","messageBody":"","fileTypesAndContributionMap":{"test-code":{"insertions":43,"deletions":16}}}]},{"date":"2024-10-15","commitResults":[{"hash":"72ace1f576ea91e7b8d3be68e70a5682a678dc33","isMergeCommit":false,"messageTitle":"Test invalid person index","messageBody":"","fileTypesAndContributionMap":{"test-code":{"insertions":9,"deletions":0}}},{"hash":"d1f8a29e97c45a659809cd54cbe32337415c8a01","isMergeCommit":false,"messageTitle":"Add filter skills","messageBody":"","fileTypesAndContributionMap":{"functional-code":{"insertions":143,"deletions":0}}},{"hash":"92fae73af746fe7b3be948730e224c4eb511c406","isMergeCommit":false,"messageTitle":"Add test cases for skill","messageBody":"","fileTypesAndContributionMap":{"test-code":{"insertions":26,"deletions":0}}},{"hash":"ec1ce0a878575e38de67893b617257e4b917b60c","isMergeCommit":false,"messageTitle":"Add test cases for filter skills","messageBody":"","fileTypesAndContributionMap":{"test-code":{"insertions":214,"deletions":0}}},{"hash":"a7355e7913bccf6a547a95f49cd1a874555f62f0","isMergeCommit":false,"messageTitle":"Correct variable names and comments","messageBody":"","fileTypesAndContributionMap":{"functional-code":{"insertions":2,"deletions":2},"test-code":{"insertions":5,"deletions":5}}},{"hash":"1ac230be245171a16e76d151c8b270966bb41c7f","isMergeCommit":false,"messageTitle":"Add tests for filter in addresbookparser","messageBody":"","fileTypesAndContributionMap":{"test-code":{"insertions":10,"deletions":0}}},{"hash":"89ad042e48ac8f50ed7f86239df292ef042395bf","isMergeCommit":false,"messageTitle":"Add filter command to userguide","messageBody":"","fileTypesAndContributionMap":{"docs":{"insertions":18,"deletions":0}}}]},{"date":"2024-10-16","commitResults":[{"hash":"12af17a529bdc38f5e879c648a24e68d5ea38ba8","isMergeCommit":false,"messageTitle":"Arrange commands in alphabetical order","messageBody":"","fileTypesAndContributionMap":{"docs":{"insertions":18,"deletions":18}}},{"hash":"66e3701394013a2a5cd25d5157fae21f4efd014d","isMergeCommit":false,"messageTitle":"Add filter to command summary","messageBody":"","fileTypesAndContributionMap":{"docs":{"insertions":2,"deletions":1}}}]}],"SamuelFoo":[{"date":"2024-09-29","commitResults":[{"hash":"a78ce0423888acac0ac0dd16a5c07252e705a4b8","isMergeCommit":false,"messageTitle":"Add Samuel\u0027s details","messageBody":"","fileTypesAndContributionMap":{"docs":{"insertions":65,"deletions":13}}},{"hash":"34e7082eb568d67aa2fb40336b99f8788582b96a","isMergeCommit":false,"messageTitle":"Update GitHub Actions build status badge","messageBody":"","fileTypesAndContributionMap":{"docs":{"insertions":1,"deletions":1}}},{"hash":"7e044b5df42ee1cdd8984dad498e0238140f2f55","isMergeCommit":false,"messageTitle":"Update project description in README","messageBody":"","fileTypesAndContributionMap":{"docs":{"insertions":3,"deletions":10}}},{"hash":"d11ed7fbb055e8e126a3a893b9fe0efff3e99372","isMergeCommit":false,"messageTitle":"Acknowledge the original source of the code","messageBody":"","fileTypesAndContributionMap":{"docs":{"insertions":4,"deletions":0}}},{"hash":"2b2164659a20756832d799b730a617812428fdd0","isMergeCommit":false,"messageTitle":"Update site wide settings for project website","messageBody":"","fileTypesAndContributionMap":{"other":{"insertions":2,"deletions":2}}},{"hash":"87e8c4aa1dd527d227302fe657eb4dbcc3941f43","isMergeCommit":false,"messageTitle":"Update target user profile","messageBody":"","fileTypesAndContributionMap":{"docs":{"insertions":8,"deletions":5}}},{"hash":"9ffde9d7a3cc6b053a591b211693bd900692b580","isMergeCommit":false,"messageTitle":"Update value proposition","messageBody":"","fileTypesAndContributionMap":{"docs":{"insertions":2,"deletions":1}}},{"hash":"45cfe42f5ce0db1a55bc339466003f9e73912617","isMergeCommit":false,"messageTitle":"Add user stories","messageBody":"","fileTypesAndContributionMap":{"docs":{"insertions":36,"deletions":10}}},{"hash":"da26f4784be57df17bb56818316d15c2f7d54a63","isMergeCommit":true,"messageTitle":"Merge pull request #19 from Professional-Procrastinat0r/add-joshua-details","messageBody":"Add Joshua\u0027s details","fileTypesAndContributionMap":{}},{"hash":"00cb4dc8dab7ce8701e266f32b757a82e92f3184","isMergeCommit":false,"messageTitle":"Add use cases","messageBody":"","fileTypesAndContributionMap":{"docs":{"insertions":115,"deletions":12}}},{"hash":"4cd271c6f0d43cb8e2c79494ebe1cd9e2143c06f","isMergeCommit":false,"messageTitle":"Update user stories","messageBody":"","fileTypesAndContributionMap":{"docs":{"insertions":3,"deletions":1}}},{"hash":"6f523a838b8ee3b40ab15a10bf2ed18112c8f69b","isMergeCommit":false,"messageTitle":"Add non-functional requirements","messageBody":"","fileTypesAndContributionMap":{"docs":{"insertions":9,"deletions":5}}},{"hash":"af513d9395616f566b0ae335aee405a098f14a9f","isMergeCommit":false,"messageTitle":"Format developer guide","messageBody":"","fileTypesAndContributionMap":{"docs":{"insertions":12,"deletions":0}}},{"hash":"0a21140faf7ed7d18cbf99a790c964e3cd30eee6","isMergeCommit":false,"messageTitle":"Update glossary","messageBody":"","fileTypesAndContributionMap":{"docs":{"insertions":6,"deletions":4}}},{"hash":"ef620711832fe01dd76f43fd6f57c9f2ace29fb6","isMergeCommit":false,"messageTitle":"Update non-functional requirements","messageBody":"","fileTypesAndContributionMap":{"docs":{"insertions":3,"deletions":2}}}]},{"date":"2024-10-03","commitResults":[{"hash":"68a9563b9328db3c24f27a79be1cf549a50bf496","isMergeCommit":false,"messageTitle":"Add minor formatting changes","messageBody":"","fileTypesAndContributionMap":{"docs":{"insertions":29,"deletions":29}}},{"hash":"34f77c95db2bd934709edd2ab45c7f01b1c013ff","isMergeCommit":true,"messageTitle":"Merge pull request #32 from mrnobody0505/update-aboutUs.md","messageBody":"Integrate giahien\u0027s info into AboutUs.md","fileTypesAndContributionMap":{}},{"hash":"17b3537f0a281e1faff54a5da6edc8d20f677413","isMergeCommit":true,"messageTitle":"Merge branch \u0027master\u0027 into add-samuel-details","messageBody":"","fileTypesAndContributionMap":{}},{"hash":"d0829421073824a5ab008f0f146743785d85f849","isMergeCommit":true,"messageTitle":"Merge branch \u0027master\u0027 into add-UI-mockup","messageBody":"","fileTypesAndContributionMap":{}},{"hash":"29a9d42c8f1206e35f54c35631ad18615aef6f51","isMergeCommit":false,"messageTitle":"Delete docs/team/samuelfoo.md","messageBody":"","fileTypesAndContributionMap":{"docs":{"insertions":0,"deletions":52}}},{"hash":"185d1e3ee04c5afa091430a2eddd954ea4368cc7","isMergeCommit":false,"messageTitle":"Update AboutUs.md","messageBody":"","fileTypesAndContributionMap":{"docs":{"insertions":1,"deletions":1}}},{"hash":"321eae127b03e3a383ca95bbf480bc6d137998f9","isMergeCommit":false,"messageTitle":"Update samuelfoo.md","messageBody":"","fileTypesAndContributionMap":{"docs":{"insertions":3,"deletions":29}}},{"hash":"61b9ac0e26244b83814250aac968922d66b1c9a9","isMergeCommit":false,"messageTitle":"Update AboutUs.md","messageBody":"","fileTypesAndContributionMap":{"docs":{"insertions":2,"deletions":2}}}]},{"date":"2024-10-10","commitResults":[{"hash":"8dd44d4a8cfe46c5dbdb48c3d021ff40474c3594","isMergeCommit":false,"messageTitle":"Add tests for parsing employee ID","messageBody":"","fileTypesAndContributionMap":{"test-code":{"insertions":19,"deletions":0}}},{"hash":"c504d3308985465d86005a77b73289606a7747da","isMergeCommit":false,"messageTitle":"Fix bug in employee ID parsing tests","messageBody":"","fileTypesAndContributionMap":{"test-code":{"insertions":1,"deletions":1}}},{"hash":"fcc2e372fe78fddac51d60b4522c0736b739b14c","isMergeCommit":false,"messageTitle":"Fix method name for parseEmployeeId test","messageBody":"","fileTypesAndContributionMap":{"test-code":{"insertions":1,"deletions":1}}},{"hash":"505a4104102555068931e356a20ecae26b73d6c4","isMergeCommit":false,"messageTitle":"Add tests for skills parsing","messageBody":"","fileTypesAndContributionMap":{"test-code":{"insertions":51,"deletions":0}}},{"hash":"edee95fa468fb8f3d09ebfe6f0e5c8f0305f0bb8","isMergeCommit":false,"messageTitle":"Add tests for JsonAdaptedPerson","messageBody":"","fileTypesAndContributionMap":{"test-code":{"insertions":28,"deletions":15}}},{"hash":"7796a10d6f7d39d20dd7e753a3fd4b4f59ac3687","isMergeCommit":false,"messageTitle":"Remove commented out code","messageBody":"","fileTypesAndContributionMap":{"functional-code":{"insertions":0,"deletions":1}}},{"hash":"ad55f23c239da555c09277295a462c58d2cff674","isMergeCommit":true,"messageTitle":"Merge pull request #36 from Professional-Procrastinat0r/add-employee-details","messageBody":"Add employee details","fileTypesAndContributionMap":{}},{"hash":"2f5c3f2fab58d6aa81701b4c19143f9837cc04e2","isMergeCommit":false,"messageTitle":"Add model for project assignments","messageBody":"","fileTypesAndContributionMap":{"functional-code":{"insertions":377,"deletions":0},"test-code":{"insertions":16,"deletions":0}}},{"hash":"0e229a8acc17518a2304adf9a45729acde4998eb","isMergeCommit":false,"messageTitle":"Add tests for UniqueAssignmentList","messageBody":"","fileTypesAndContributionMap":{"test-code":{"insertions":235,"deletions":0}}},{"hash":"6b5bb9e382d030fbc0537cf7036f92a144ef96cb","isMergeCommit":false,"messageTitle":"Add tests for assign command","messageBody":"","fileTypesAndContributionMap":{"functional-code":{"insertions":2,"deletions":2},"test-code":{"insertions":256,"deletions":0}}},{"hash":"a8f089a8237b485decc414559bec3746e507e7ed","isMergeCommit":false,"messageTitle":"Remove extra separation in import statements","messageBody":"","fileTypesAndContributionMap":{"functional-code":{"insertions":0,"deletions":1}}}]},{"date":"2024-10-15","commitResults":[{"hash":"86b330f2a4c42e72246e6e0919a04b5515340a7c","isMergeCommit":true,"messageTitle":"Merge pull request #47 from Professional-Procrastinat0r/modify-edit-employee","messageBody":"Modify edit employee","fileTypesAndContributionMap":{}},{"hash":"04083e53d8d36b8c08fd9a38d8d209b165074366","isMergeCommit":true,"messageTitle":"Merge pull request #50 from Professional-Procrastinat0r/filter-skills","messageBody":"Filter skills","fileTypesAndContributionMap":{}}]},{"date":"2024-10-16","commitResults":[{"hash":"35e835b4f7b968a4ef08ff6ce903b890a13d58c4","isMergeCommit":true,"messageTitle":"Merge pull request #56 from Professional-Procrastinat0r/update-userguide-filter","messageBody":"Add filter command to userguide","fileTypesAndContributionMap":{}}]}],"LeeZeHao":[{"date":"2024-09-30","commitResults":[{"hash":"d82f86acad3065fa05de64e25696925f71c57f1a","isMergeCommit":false,"messageTitle":"Add leezehao.md","messageBody":"","fileTypesAndContributionMap":{"docs":{"insertions":0,"deletions":0}}},{"hash":"5a0563b3d6232a3d205784a2bd86f4e7cc0c1cbc","isMergeCommit":false,"messageTitle":"leezehao.md: Update personal info","messageBody":"","fileTypesAndContributionMap":{"docs":{"insertions":5,"deletions":0}}},{"hash":"72aaf8f39b21e6f92bee243132c78ab731d7e5dd","isMergeCommit":false,"messageTitle":"leezehao.md: Fix trailing whitespace","messageBody":"","fileTypesAndContributionMap":{"docs":{"insertions":2,"deletions":2}}},{"hash":"a1c17f2dd927cf423698807c2d0798057c84826e","isMergeCommit":false,"messageTitle":"leezehao.md: Fix no newline at end of file","messageBody":"","fileTypesAndContributionMap":{"docs":{"insertions":1,"deletions":1}}},{"hash":"50fd41959c6c2a3f8dd23feced1358fc6b47f069","isMergeCommit":false,"messageTitle":"AboutUs.md: Add details for Lee Ze Hao","messageBody":"","fileTypesAndContributionMap":{"docs":{"insertions":4,"deletions":4}}},{"hash":"6503a4809aa930a46e6e270333a0d11b48106794","isMergeCommit":false,"messageTitle":"AboutUs.md: Update Lee Ze Hao roles and responsibilities","messageBody":"","fileTypesAndContributionMap":{"docs":{"insertions":2,"deletions":2}}},{"hash":"e18628ab539a4ded7c076c4be2cf6256d621f82c","isMergeCommit":true,"messageTitle":"Merge pull request #12 from SamuelFoo/update-readme","messageBody":"Update README to match our project","fileTypesAndContributionMap":{}},{"hash":"3d30d1464fe2c23ae6f785aace55f9f70d4243f8","isMergeCommit":true,"messageTitle":"Merge pull request #14 from SamuelFoo/update-site-wide-settings-for-project-website","messageBody":"Update site wide settings for project website","fileTypesAndContributionMap":{}}]},{"date":"2024-10-02","commitResults":[{"hash":"e8d6f1de6994927be270a8d8f8a04990a9c99251","isMergeCommit":true,"messageTitle":"Merge pull request #29 from ItsMeNengYi/add-detail-aboutus.md","messageBody":"Add Ren Yick‘s details to AboutUs.md","fileTypesAndContributionMap":{}}]},{"date":"2024-10-03","commitResults":[{"hash":"6c37e0700cb5156486175b86f3704d0a4e221994","isMergeCommit":true,"messageTitle":"Merge pull request #8 from SamuelFoo/add-samuel-details","messageBody":"Add Samuel\u0027s details","fileTypesAndContributionMap":{}},{"hash":"afa7a3052d3c09825ae2875c388a2add1be5c1d4","isMergeCommit":true,"messageTitle":"Merge pull request #20 from SamuelFoo/add-user-stories-glossary-nfrs-use-cases","messageBody":"Add user stories, glossary, NFRs and use cases","fileTypesAndContributionMap":{}}]},{"date":"2024-10-09","commitResults":[{"hash":"01a5c3081b334a48a153ce685d68e5c1381907e8","isMergeCommit":false,"messageTitle":"Create Project.java based on Person.java","messageBody":"","fileTypesAndContributionMap":{"functional-code":{"insertions":88,"deletions":0}}},{"hash":"46e580eed8c49379a389967057136cc6eaf9c2d2","isMergeCommit":false,"messageTitle":"Add seedu.address.model.project.Name.java and Id.java","messageBody":"","fileTypesAndContributionMap":{"functional-code":{"insertions":135,"deletions":1}}}]},{"date":"2024-10-10","commitResults":[{"hash":"ba20570609b64b55cb667bffc8eb157766781318","isMergeCommit":false,"messageTitle":"Add has, remove, add, setProject methods to Model","messageBody":"","fileTypesAndContributionMap":{"functional-code":{"insertions":260,"deletions":0}}},{"hash":"6ae92790e0b87a2f8a54669ebdab6ccd2bdf31eb","isMergeCommit":false,"messageTitle":"Add IdTest.java and NameTest.java for project","messageBody":"","fileTypesAndContributionMap":{"test-code":{"insertions":143,"deletions":0}}},{"hash":"0564603774c5090ea9156c0221b6a166161b45e6","isMergeCommit":false,"messageTitle":"Add test cases to AddressBookTest and ModelManagerTest","messageBody":"","fileTypesAndContributionMap":{"functional-code":{"insertions":88,"deletions":2},"test-code":{"insertions":170,"deletions":4}}},{"hash":"0059f48fb220a0273142dccd408091ea0e5cc1bf","isMergeCommit":false,"messageTitle":"Fix CheckStyle errors","messageBody":"","fileTypesAndContributionMap":{"functional-code":{"insertions":20,"deletions":26}}},{"hash":"d10d588819c8174c242fbbdc0dec2ba0feb20985","isMergeCommit":false,"messageTitle":"Fix test scripts checkstyle errors","messageBody":"","fileTypesAndContributionMap":{"test-code":{"insertions":10,"deletions":26}}},{"hash":"82643240fd9c1a9e0e049e6b05b0206346ebd787","isMergeCommit":false,"messageTitle":"Add JsonAdaptedProject.java","messageBody":"","fileTypesAndContributionMap":{"functional-code":{"insertions":64,"deletions":0}}},{"hash":"b7f37a63c5f6131017e6c9a5a78394d3adf9fd1e","isMergeCommit":false,"messageTitle":"JsonSerializableAddressBook.java: Add JsonAdaptedProject","messageBody":"","fileTypesAndContributionMap":{"functional-code":{"insertions":17,"deletions":2}}},{"hash":"d16a9fa1151a0784be8b3fb9fb17aef8099e150d","isMergeCommit":false,"messageTitle":"Add tests for storage of Projects","messageBody":"","fileTypesAndContributionMap":{"functional-code":{"insertions":5,"deletions":2},"test-code":{"insertions":95,"deletions":0}}},{"hash":"1fea8d90b36061f28accbda5c56fcf4c5ba172ae","isMergeCommit":false,"messageTitle":"Fix checkstyle issues","messageBody":"","fileTypesAndContributionMap":{"functional-code":{"insertions":3,"deletions":3},"test-code":{"insertions":7,"deletions":13}}},{"hash":"82c6c580d92ded9a1cc4eb1d4a08ff4487f6785b","isMergeCommit":false,"messageTitle":"Add tests for NameContainsKeywordsPredicate and UniqueProjectList","messageBody":"","fileTypesAndContributionMap":{"functional-code":{"insertions":1,"deletions":1},"test-code":{"insertions":257,"deletions":0}}},{"hash":"33028961ff6bf8795c07a9141d1446519d22ae65","isMergeCommit":true,"messageTitle":"Merge pull request #43 from ItsMeNengYi/add-project-ui","messageBody":"Create Panel and Card Components for Displaying Projects","fileTypesAndContributionMap":{}}]},{"date":"2024-10-12","commitResults":[{"hash":"f2b28a0e7f558a8c8cb6017e661fdcab39c80fb9","isMergeCommit":false,"messageTitle":"Fix Project(s) not loading from JSON on app startup","messageBody":"","fileTypesAndContributionMap":{"functional-code":{"insertions":15,"deletions":3},"test-code":{"insertions":17,"deletions":1}}}]}],"ItsMeNengYi":[{"date":"2024-10-02","commitResults":[{"hash":"2af8adb340ebf18f16f56f366b2b095f27235ddc","isMergeCommit":true,"messageTitle":"Merge pull request #22 from LeeZeHao/add-zehao-info","messageBody":"Add Ze Hao\u0027s portfolio markdown file","fileTypesAndContributionMap":{}},{"hash":"7111ffb1d5be729b11b08ee1d71dfd2da38d0434","isMergeCommit":true,"messageTitle":"Merge pull request #23 from LeeZeHao/add-zehao-photo","messageBody":"Add Ze Hao\u0027s photo","fileTypesAndContributionMap":{}},{"hash":"42899437ff436dfca0ef867af2ec42d22e90a0cc","isMergeCommit":true,"messageTitle":"Merge pull request #25 from LeeZeHao/add-zehao-aboutus","messageBody":"Add Ze Hao\u0027s details to AboutUs.md","fileTypesAndContributionMap":{}},{"hash":"005bb161f410e1cc2c7f4b36569bdd9f473a2710","isMergeCommit":false,"messageTitle":"Add Ren Yick\u0027s detail to AboutUs.md","messageBody":"","fileTypesAndContributionMap":{"docs":{"insertions":53,"deletions":6}}},{"hash":"a381d64cb036b7f47c426125646d2bfc0a99a5c0","isMergeCommit":false,"messageTitle":"Edit typo on AboutUs.md","messageBody":"","fileTypesAndContributionMap":{"docs":{"insertions":1,"deletions":1}}},{"hash":"afb4f46532e329aeb332c8334c35154acd8d1ba8","isMergeCommit":true,"messageTitle":"Merge branch \u0027master\u0027 into add-samuel-details","messageBody":"","fileTypesAndContributionMap":{}},{"hash":"e51fb8357a702077748c1b618e9594f602a62b8c","isMergeCommit":true,"messageTitle":"Merge branch \u0027master\u0027 into add-samuel-details","messageBody":"","fileTypesAndContributionMap":{}},{"hash":"639c5c7dbf062b7529a20841d8d6e326a8d41f85","isMergeCommit":true,"messageTitle":"Merge branch \u0027master\u0027 into add-UI-mockup","messageBody":"","fileTypesAndContributionMap":{}}]},{"date":"2024-10-03","commitResults":[{"hash":"33e8b23b159ca28f4816715e92701b12c855074a","isMergeCommit":true,"messageTitle":"Merge branch \u0027add-detail-aboutus.md\u0027","messageBody":"","fileTypesAndContributionMap":{}}]},{"date":"2024-10-10","commitResults":[{"hash":"4a35fda77a5277158a54ed6fa14a2240b96b14f5","isMergeCommit":true,"messageTitle":"Merge pull request #38 from LeeZeHao/add-project-data-structure","messageBody":"Add Project data structure and storage support","fileTypesAndContributionMap":{}},{"hash":"f4f713823017a87a58c0e4abbcee5e2c8d7f7ee9","isMergeCommit":true,"messageTitle":"Merge branch \u0027master\u0027 into add-project-ui","messageBody":"","fileTypesAndContributionMap":{}},{"hash":"0b4eedfe06939fed19d082b62e400a4c46d84ccf","isMergeCommit":false,"messageTitle":"AddressBook: Add ProjectListPanel and ProjectListCard","messageBody":"Add ProjectListCard.fxml and ProjectListPanel.fxml to resources/view.\nAdd ProjectCard class and ProjectListPanel class to seedu.address.ui.\n\nFix bug in logic.getFilteredProjectList() which returns an empty ObservableArray by temporarily replacing it with a static list containing a single project.\n\nThe ProjectListPanel displays projects by retrieving the data from an ObservableArray. The bug prevented the panel from populating, so a static project is used as a placeholder for now.\n","fileTypesAndContributionMap":{"functional-code":{"insertions":168,"deletions":0}}},{"hash":"0154b58bc198f5482f8961b7956e2928fec6c037","isMergeCommit":false,"messageTitle":"Fix Checkstyle error","messageBody":"","fileTypesAndContributionMap":{"functional-code":{"insertions":3,"deletions":5}}}]},{"date":"2024-10-15","commitResults":[{"hash":"496168db1ae4b11db02a4b82c55ab7ce94c7cbb2","isMergeCommit":true,"messageTitle":"Merge pull request #45 from LeeZeHao/fix-projects-json-load-fail","messageBody":"Fix Project(s) not loading from JSON on app startup","fileTypesAndContributionMap":{}}]}]},"authorFileTypeContributionMap":{"mrnobody0505":{"docs":12,"functional-code":0,"test-code":0},"Professional-Procrastinat0r":{"docs":26,"functional-code":544,"test-code":432},"SamuelFoo":{"docs":220,"functional-code":377,"test-code":600,"other":3},"LeeZeHao":{"docs":10,"functional-code":659,"test-code":660},"ItsMeNengYi":{"docs":53,"functional-code":165,"test-code":0}},"authorContributionVariance":{"mrnobody0505":164.91624,"Professional-Procrastinat0r":21874.357,"SamuelFoo":39479.703,"LeeZeHao":53866.895,"ItsMeNengYi":1208.0245},"authorDisplayNameMap":{"mrnobody0505":"CS2103T-T15-4 DO G..HIEN","Professional-Procrastinat0r":"CS2103T-T15-4 JOSH.. KIT","SamuelFoo":"CS2103T-T15-4 SAMU..ENZE","LeeZeHao":"CS2103T-T15-4 LEE .. HAO","ItsMeNengYi":"CS2103T-T15-4 GAN ..YICK"}}
