[{"path":"README.md","fileType":"docs","lines":[{"lineNumber":1,"author":{"gitId":"beginner-web-developer"},"content":"[![CI Status](https://github.com/se-edu/addressbook-level3/workflows/Java%20CI/badge.svg)](https://github.com/AY2425S1-CS2103T-F13-4/tp/actions)","lastModifiedDate":"2024-09-22","isFullCredit":false},{"lineNumber":2,"author":{"gitId":"-"},"content":"","lastModifiedDate":"2020-05-23","isFullCredit":false},{"lineNumber":3,"author":{"gitId":"-"},"content":"![Ui](docs/images/Ui.png)","lastModifiedDate":"2020-05-23","isFullCredit":false},{"lineNumber":4,"author":{"gitId":"-"},"content":"","lastModifiedDate":"2020-05-23","isFullCredit":false},{"lineNumber":5,"author":{"gitId":"beginner-web-developer"},"content":"* This project is based on the AddressBook-Level3 project created by the [SE-EDU initiative](https://se-education.org).","lastModifiedDate":"2024-09-22","isFullCredit":false},{"lineNumber":6,"author":{"gitId":"beginner-web-developer"},"content":"","lastModifiedDate":"2024-09-22","isFullCredit":false},{"lineNumber":7,"author":{"gitId":"beginner-web-developer"},"content":"* This is **a project aimed at helping financial consultants streamline their work.**.\u003cbr\u003e","lastModifiedDate":"2024-09-22","isFullCredit":false},{"lineNumber":8,"author":{"gitId":"-"},"content":"  Example usages:","lastModifiedDate":"2020-05-23","isFullCredit":false},{"lineNumber":9,"author":{"gitId":"beginner-web-developer"},"content":"  * managing clients (adding, deleting, viewing all clients)","lastModifiedDate":"2024-09-22","isFullCredit":false},{"lineNumber":10,"author":{"gitId":"beginner-web-developer"},"content":"  * managing transactions of clients (adding, deleting, viewing transactions for a client)","lastModifiedDate":"2024-09-22","isFullCredit":false},{"lineNumber":11,"author":{"gitId":"beginner-web-developer"},"content":"  * search features are also available for both clients and transactions in a case-insensitive form","lastModifiedDate":"2024-09-22","isFullCredit":false},{"lineNumber":12,"author":{"gitId":"beginner-web-developer"},"content":"* The project simulates a client management system for a desktop application (called _Clientell_) used for managing contact and transaction details.","lastModifiedDate":"2024-09-22","isFullCredit":false},{"lineNumber":13,"author":{"gitId":"beginner-web-developer"},"content":"  * It is **written in OOP fashion**. ","lastModifiedDate":"2024-09-22","isFullCredit":false},{"lineNumber":14,"author":{"gitId":"beginner-web-developer"},"content":"  * It provides a **reasonably fast** way of accessing and inputting information, through CLI.","lastModifiedDate":"2024-09-22","isFullCredit":false},{"lineNumber":15,"author":{"gitId":"-"},"content":"  * It comes with a **reasonable level of user and developer documentation**.","lastModifiedDate":"2020-05-23","isFullCredit":false},{"lineNumber":16,"author":{"gitId":"beginner-web-developer"},"content":"* It is named `Clientell` because it was created to help financial consultants manage their clients and what they tell them.","lastModifiedDate":"2024-09-22","isFullCredit":false},{"lineNumber":17,"author":{"gitId":"beginner-web-developer"},"content":"* For the detailed documentation of this project, see the **[Documentation Page](docs/Documentation.md)**.","lastModifiedDate":"2024-09-22","isFullCredit":false}],"authorContributionMap":{"-":5,"beginner-web-developer":12}},{"path":"docs/AboutUs.md","fileType":"docs","lines":[{"lineNumber":1,"author":{"gitId":"-"},"content":"---","lastModifiedDate":"2020-05-23","isFullCredit":false},{"lineNumber":2,"author":{"gitId":"-"},"content":"  layout: default.md","lastModifiedDate":"2023-09-12","isFullCredit":false},{"lineNumber":3,"author":{"gitId":"-"},"content":"  title: \"About Us\"","lastModifiedDate":"2023-09-12","isFullCredit":false},{"lineNumber":4,"author":{"gitId":"-"},"content":"---","lastModifiedDate":"2020-05-23","isFullCredit":false},{"lineNumber":5,"author":{"gitId":"-"},"content":"","lastModifiedDate":"2020-05-23","isFullCredit":false},{"lineNumber":6,"author":{"gitId":"-"},"content":"# About Us","lastModifiedDate":"2023-09-12","isFullCredit":false},{"lineNumber":7,"author":{"gitId":"-"},"content":"","lastModifiedDate":"2023-09-12","isFullCredit":false},{"lineNumber":8,"author":{"gitId":"-"},"content":"We are a team based in the [School of Computing, National University of Singapore](http://www.comp.nus.edu.sg).","lastModifiedDate":"2023-09-12","isFullCredit":false},{"lineNumber":9,"author":{"gitId":"-"},"content":"","lastModifiedDate":"2020-05-23","isFullCredit":false},{"lineNumber":10,"author":{"gitId":"-"},"content":"You can reach us at the email `seer[at]comp.nus.edu.sg`","lastModifiedDate":"2020-06-17","isFullCredit":false},{"lineNumber":11,"author":{"gitId":"-"},"content":"","lastModifiedDate":"2020-06-17","isFullCredit":false},{"lineNumber":12,"author":{"gitId":"-"},"content":"## Project team","lastModifiedDate":"2020-06-07","isFullCredit":false},{"lineNumber":13,"author":{"gitId":"-"},"content":"","lastModifiedDate":"2020-05-23","isFullCredit":false},{"lineNumber":14,"author":{"gitId":"kngys"},"content":"### Kristia Ng","lastModifiedDate":"2024-09-21","isFullCredit":false},{"lineNumber":15,"author":{"gitId":"-"},"content":"","lastModifiedDate":"2020-05-23","isFullCredit":false},{"lineNumber":16,"author":{"gitId":"kngys"},"content":"\u003cimg src\u003d\"images/kngys.png\" width\u003d\"200px\"\u003e","lastModifiedDate":"2024-09-21","isFullCredit":false},{"lineNumber":17,"author":{"gitId":"-"},"content":"","lastModifiedDate":"2020-05-23","isFullCredit":false},{"lineNumber":18,"author":{"gitId":"-"},"content":"[[homepage](http://www.comp.nus.edu.sg/~damithch)]","lastModifiedDate":"2020-05-23","isFullCredit":false},{"lineNumber":19,"author":{"gitId":"kngys"},"content":"[[github](https://github.com/kngys)]","lastModifiedDate":"2024-09-21","isFullCredit":false},{"lineNumber":20,"author":{"gitId":"kngys"},"content":"[[portfolio](team/kngys.md)]","lastModifiedDate":"2024-09-21","isFullCredit":false},{"lineNumber":21,"author":{"gitId":"-"},"content":"","lastModifiedDate":"2020-05-23","isFullCredit":false},{"lineNumber":22,"author":{"gitId":"kngys"},"content":"* Role: Developer, Code quality","lastModifiedDate":"2024-09-21","isFullCredit":false},{"lineNumber":23,"author":{"gitId":"-"},"content":"","lastModifiedDate":"2020-05-23","isFullCredit":false},{"lineNumber":24,"author":{"gitId":"reginateh"},"content":"### Teh Rui-Chun","lastModifiedDate":"2024-09-21","isFullCredit":false},{"lineNumber":25,"author":{"gitId":"-"},"content":"","lastModifiedDate":"2020-05-23","isFullCredit":false},{"lineNumber":26,"author":{"gitId":"reginateh"},"content":"\u003cimg src\u003d\"images/reginateh.png\" width\u003d\"200px\"\u003e","lastModifiedDate":"2024-09-21","isFullCredit":false},{"lineNumber":27,"author":{"gitId":"-"},"content":"","lastModifiedDate":"2020-05-23","isFullCredit":false},{"lineNumber":28,"author":{"gitId":"reginateh"},"content":"[[homepage](https://nus-cs2103-ay2425s1.github.io/website)]","lastModifiedDate":"2024-09-21","isFullCredit":false},{"lineNumber":29,"author":{"gitId":"reginateh"},"content":"[[github](https://github.com/reginateh)]","lastModifiedDate":"2024-09-21","isFullCredit":false},{"lineNumber":30,"author":{"gitId":"reginateh"},"content":"[[portfolio](team/reginateh.md)]","lastModifiedDate":"2024-09-21","isFullCredit":false},{"lineNumber":31,"author":{"gitId":"-"},"content":"","lastModifiedDate":"2020-05-23","isFullCredit":false},{"lineNumber":32,"author":{"gitId":"reginateh"},"content":"* Role: Code quality, Integration","lastModifiedDate":"2024-09-21","isFullCredit":false},{"lineNumber":33,"author":{"gitId":"-"},"content":"","lastModifiedDate":"2020-05-23","isFullCredit":false},{"lineNumber":34,"author":{"gitId":"darkmoongreatsword"},"content":"### Chin Kuan Jak","lastModifiedDate":"2024-09-21","isFullCredit":false},{"lineNumber":35,"author":{"gitId":"-"},"content":"","lastModifiedDate":"2020-05-23","isFullCredit":false},{"lineNumber":36,"author":{"gitId":"darkmoongreatsword"},"content":"\u003cimg src\u003d\"images/darkmoongreatsword.png\" width\u003d\"200px\"\u003e","lastModifiedDate":"2024-09-21","isFullCredit":false},{"lineNumber":37,"author":{"gitId":"-"},"content":"","lastModifiedDate":"2020-05-23","isFullCredit":false},{"lineNumber":38,"author":{"gitId":"-"},"content":"[[homepage](http://www.comp.nus.edu.sg/~damithch)]","lastModifiedDate":"2020-05-23","isFullCredit":false},{"lineNumber":39,"author":{"gitId":"darkmoongreatsword"},"content":"[[github](https://github.com/darkmoongreatsword)]","lastModifiedDate":"2024-09-21","isFullCredit":false},{"lineNumber":40,"author":{"gitId":"darkmoongreatsword"},"content":"[[portfolio](team/darkmoongreatsword.md)]","lastModifiedDate":"2024-09-21","isFullCredit":false},{"lineNumber":41,"author":{"gitId":"-"},"content":"","lastModifiedDate":"2020-05-23","isFullCredit":false},{"lineNumber":42,"author":{"gitId":"-"},"content":"* Role: Developer","lastModifiedDate":"2020-05-23","isFullCredit":false},{"lineNumber":43,"author":{"gitId":"darkmoongreatsword"},"content":"* Responsibilities: Testing ","lastModifiedDate":"2024-09-21","isFullCredit":false},{"lineNumber":44,"author":{"gitId":"-"},"content":"","lastModifiedDate":"2020-05-23","isFullCredit":false},{"lineNumber":45,"author":{"gitId":"trpmy"},"content":"### Tran Phuoc My","lastModifiedDate":"2024-09-21","isFullCredit":false},{"lineNumber":46,"author":{"gitId":"-"},"content":"","lastModifiedDate":"2020-05-23","isFullCredit":false},{"lineNumber":47,"author":{"gitId":"trpmy"},"content":"\u003cimg src\u003d\"images/trpmy.png\" width\u003d\"200px\"\u003e","lastModifiedDate":"2024-09-21","isFullCredit":false},{"lineNumber":48,"author":{"gitId":"-"},"content":"","lastModifiedDate":"2020-05-23","isFullCredit":false},{"lineNumber":49,"author":{"gitId":"trpmy"},"content":"[[homepage](http://www.comp.nus.edu.sg/~trpmy)]","lastModifiedDate":"2024-09-21","isFullCredit":false},{"lineNumber":50,"author":{"gitId":"trpmy"},"content":"[[github](https://github.com/trpmy)]","lastModifiedDate":"2024-09-21","isFullCredit":false},{"lineNumber":51,"author":{"gitId":"trpmy"},"content":"[[portfolio](team/trpmy.md)]","lastModifiedDate":"2024-09-21","isFullCredit":false},{"lineNumber":52,"author":{"gitId":"-"},"content":"","lastModifiedDate":"2020-05-23","isFullCredit":false},{"lineNumber":53,"author":{"gitId":"trpmy"},"content":"* Role: Team lead, Deliverables and deadlines, Scheduling and tracking","lastModifiedDate":"2024-09-21","isFullCredit":false},{"lineNumber":54,"author":{"gitId":"-"},"content":"","lastModifiedDate":"2020-05-23","isFullCredit":false},{"lineNumber":55,"author":{"gitId":"beginner-web-developer"},"content":"### Si Rui","lastModifiedDate":"2024-09-21","isFullCredit":false},{"lineNumber":56,"author":{"gitId":"-"},"content":"","lastModifiedDate":"2020-05-23","isFullCredit":false},{"lineNumber":57,"author":{"gitId":"beginner-web-developer"},"content":"\u003cimg src\u003d\"images/beginner-web-developer.png\" width\u003d\"200px\"\u003e","lastModifiedDate":"2024-09-21","isFullCredit":false},{"lineNumber":58,"author":{"gitId":"-"},"content":"","lastModifiedDate":"2020-05-23","isFullCredit":false},{"lineNumber":59,"author":{"gitId":"beginner-web-developer"},"content":"[[homepage](http://www.comp.nus.edu.sg/~damithch)]","lastModifiedDate":"2024-09-21","isFullCredit":false},{"lineNumber":60,"author":{"gitId":"beginner-web-developer"},"content":"[[github](http://github.com/beginner-web-developer)]","lastModifiedDate":"2024-09-21","isFullCredit":false},{"lineNumber":61,"author":{"gitId":"beginner-web-developer"},"content":"[[portfolio](team/beginner-web-developer.md)]","lastModifiedDate":"2024-09-21","isFullCredit":false},{"lineNumber":62,"author":{"gitId":"-"},"content":"","lastModifiedDate":"2020-05-23","isFullCredit":false},{"lineNumber":63,"author":{"gitId":"beginner-web-developer"},"content":"* Role: Documentation","lastModifiedDate":"2024-09-21","isFullCredit":false},{"lineNumber":64,"author":{"gitId":"beginner-web-developer"},"content":"* Responsibilities: Responsible for quality of project documents","lastModifiedDate":"2024-09-21","isFullCredit":false}],"authorContributionMap":{"darkmoongreatsword":5,"reginateh":6,"trpmy":6,"kngys":5,"-":35,"beginner-web-developer":7}},{"path":"docs/_markbind/layouts/default.md","fileType":"docs","lines":[{"lineNumber":1,"author":{"gitId":"-"},"content":"\u003chead-bottom\u003e","lastModifiedDate":"2023-09-12","isFullCredit":false},{"lineNumber":2,"author":{"gitId":"-"},"content":"  \u003clink rel\u003d\"stylesheet\" href\u003d\"{{baseUrl}}/stylesheets/main.css\"\u003e","lastModifiedDate":"2023-09-12","isFullCredit":false},{"lineNumber":3,"author":{"gitId":"-"},"content":"\u003c/head-bottom\u003e","lastModifiedDate":"2023-09-12","isFullCredit":false},{"lineNumber":4,"author":{"gitId":"-"},"content":"","lastModifiedDate":"2023-09-12","isFullCredit":false},{"lineNumber":5,"author":{"gitId":"-"},"content":"\u003cheader sticky\u003e","lastModifiedDate":"2023-09-12","isFullCredit":false},{"lineNumber":6,"author":{"gitId":"-"},"content":"  \u003cnavbar type\u003d\"dark\"\u003e","lastModifiedDate":"2023-09-12","isFullCredit":false},{"lineNumber":7,"author":{"gitId":"darkmoongreatsword"},"content":"    \u003ca slot\u003d\"brand\" href\u003d\"{{baseUrl}}/index.html\" title\u003d\"Home\" class\u003d\"navbar-brand\"\u003eClientell\u003c/a\u003e","lastModifiedDate":"2024-09-21","isFullCredit":false},{"lineNumber":8,"author":{"gitId":"-"},"content":"    \u003cli\u003e\u003ca href\u003d\"{{baseUrl}}/index.html\" class\u003d\"nav-link\"\u003eHome\u003c/a\u003e\u003c/li\u003e","lastModifiedDate":"2024-02-09","isFullCredit":false},{"lineNumber":9,"author":{"gitId":"-"},"content":"    \u003cli\u003e\u003ca href\u003d\"{{baseUrl}}/UserGuide.html\" class\u003d\"nav-link\"\u003eUser Guide\u003c/a\u003e\u003c/li\u003e","lastModifiedDate":"2023-09-12","isFullCredit":false},{"lineNumber":10,"author":{"gitId":"-"},"content":"    \u003cli\u003e\u003ca href\u003d\"{{baseUrl}}/DeveloperGuide.html\" class\u003d\"nav-link\"\u003eDeveloper Guide\u003c/a\u003e\u003c/li\u003e","lastModifiedDate":"2023-09-12","isFullCredit":false},{"lineNumber":11,"author":{"gitId":"-"},"content":"    \u003cli\u003e\u003ca href\u003d\"{{baseUrl}}/AboutUs.html\" class\u003d\"nav-link\"\u003eAbout Us\u003c/a\u003e\u003c/li\u003e","lastModifiedDate":"2023-09-12","isFullCredit":false},{"lineNumber":12,"author":{"gitId":"-"},"content":"    \u003cli\u003e\u003ca href\u003d\"https://github.com/se-edu/addressbook-level3\" target\u003d\"_blank\" class\u003d\"nav-link\"\u003e\u003cmd\u003e:fab-github:\u003c/md\u003e\u003c/a\u003e","lastModifiedDate":"2023-09-12","isFullCredit":false},{"lineNumber":13,"author":{"gitId":"-"},"content":"    \u003c/li\u003e","lastModifiedDate":"2023-09-12","isFullCredit":false},{"lineNumber":14,"author":{"gitId":"-"},"content":"    \u003cli slot\u003d\"right\"\u003e","lastModifiedDate":"2023-09-12","isFullCredit":false},{"lineNumber":15,"author":{"gitId":"-"},"content":"      \u003cform class\u003d\"navbar-form\"\u003e","lastModifiedDate":"2023-09-12","isFullCredit":false},{"lineNumber":16,"author":{"gitId":"-"},"content":"        \u003csearchbar :data\u003d\"searchData\" placeholder\u003d\"Search\" :on-hit\u003d\"searchCallback\" menu-align-right\u003e\u003c/searchbar\u003e","lastModifiedDate":"2023-09-12","isFullCredit":false},{"lineNumber":17,"author":{"gitId":"-"},"content":"      \u003c/form\u003e","lastModifiedDate":"2023-09-12","isFullCredit":false},{"lineNumber":18,"author":{"gitId":"-"},"content":"    \u003c/li\u003e","lastModifiedDate":"2023-09-12","isFullCredit":false},{"lineNumber":19,"author":{"gitId":"-"},"content":"  \u003c/navbar\u003e","lastModifiedDate":"2023-09-12","isFullCredit":false},{"lineNumber":20,"author":{"gitId":"-"},"content":"\u003c/header\u003e","lastModifiedDate":"2023-09-12","isFullCredit":false},{"lineNumber":21,"author":{"gitId":"-"},"content":"","lastModifiedDate":"2023-09-12","isFullCredit":false},{"lineNumber":22,"author":{"gitId":"-"},"content":"\u003cdiv id\u003d\"flex-body\"\u003e","lastModifiedDate":"2023-09-12","isFullCredit":false},{"lineNumber":23,"author":{"gitId":"-"},"content":"  \u003cnav id\u003d\"site-nav\"\u003e","lastModifiedDate":"2023-09-12","isFullCredit":false},{"lineNumber":24,"author":{"gitId":"-"},"content":"    \u003cdiv class\u003d\"site-nav-top\"\u003e","lastModifiedDate":"2023-09-12","isFullCredit":false},{"lineNumber":25,"author":{"gitId":"-"},"content":"      \u003cdiv class\u003d\"fw-bold mb-2\" style\u003d\"font-size: 1.25rem;\"\u003eSite Map\u003c/div\u003e","lastModifiedDate":"2023-09-12","isFullCredit":false},{"lineNumber":26,"author":{"gitId":"-"},"content":"    \u003c/div\u003e","lastModifiedDate":"2023-09-12","isFullCredit":false},{"lineNumber":27,"author":{"gitId":"-"},"content":"    \u003cdiv class\u003d\"nav-component slim-scroll\"\u003e","lastModifiedDate":"2023-09-12","isFullCredit":false},{"lineNumber":28,"author":{"gitId":"-"},"content":"      \u003csite-nav\u003e","lastModifiedDate":"2023-09-12","isFullCredit":false},{"lineNumber":29,"author":{"gitId":"-"},"content":"* [Home]({{ baseUrl }}/index.html)","lastModifiedDate":"2023-09-12","isFullCredit":false},{"lineNumber":30,"author":{"gitId":"-"},"content":"* [User Guide]({{ baseUrl }}/UserGuide.html) :expanded:","lastModifiedDate":"2023-09-12","isFullCredit":false},{"lineNumber":31,"author":{"gitId":"-"},"content":"  * [Quick Start]({{ baseUrl }}/UserGuide.html#quick-start)","lastModifiedDate":"2023-09-12","isFullCredit":false},{"lineNumber":32,"author":{"gitId":"-"},"content":"  * [Features]({{ baseUrl }}/UserGuide.html#features)","lastModifiedDate":"2023-09-12","isFullCredit":false},{"lineNumber":33,"author":{"gitId":"-"},"content":"  * [FAQ]({{ baseUrl }}/UserGuide.html#faq)","lastModifiedDate":"2023-09-12","isFullCredit":false},{"lineNumber":34,"author":{"gitId":"-"},"content":"  * [Command Summary]({{ baseUrl }}/UserGuide.html#faq)","lastModifiedDate":"2023-09-12","isFullCredit":false},{"lineNumber":35,"author":{"gitId":"-"},"content":"* [Developer Guide]({{ baseUrl }}/DeveloperGuide.html) :expanded:","lastModifiedDate":"2023-09-12","isFullCredit":false},{"lineNumber":36,"author":{"gitId":"-"},"content":"  * [Acknowledgements]({{ baseUrl }}/DeveloperGuide.html#acknowledgements)","lastModifiedDate":"2023-09-12","isFullCredit":false},{"lineNumber":37,"author":{"gitId":"-"},"content":"  * [Setting Up]({{ baseUrl }}/DeveloperGuide.html#setting-up-getting-started)","lastModifiedDate":"2023-09-12","isFullCredit":false},{"lineNumber":38,"author":{"gitId":"-"},"content":"  * [Design]({{ baseUrl }}/DeveloperGuide.html#design)","lastModifiedDate":"2023-09-12","isFullCredit":false},{"lineNumber":39,"author":{"gitId":"-"},"content":"  * [Implementation]({{ baseUrl }}/DeveloperGuide.html#implementation)","lastModifiedDate":"2023-09-12","isFullCredit":false},{"lineNumber":40,"author":{"gitId":"-"},"content":"  * [Documentation, logging, testing, configuration, dev-ops]({{ baseUrl }}/DeveloperGuide.html#documentation-logging-testing-configuration-dev-ops)","lastModifiedDate":"2023-09-12","isFullCredit":false},{"lineNumber":41,"author":{"gitId":"-"},"content":"  * [Appendix: Requirements]({{ baseUrl }}/DeveloperGuide.html#appendix-requirements)","lastModifiedDate":"2023-09-12","isFullCredit":false},{"lineNumber":42,"author":{"gitId":"-"},"content":"  * [Appendix: Instructions for manual testing]({{ baseUrl }}/DeveloperGuide.html#appendix-instructions-for-manual-testing)","lastModifiedDate":"2023-09-12","isFullCredit":false},{"lineNumber":43,"author":{"gitId":"-"},"content":"* Tutorials","lastModifiedDate":"2023-09-12","isFullCredit":false},{"lineNumber":44,"author":{"gitId":"-"},"content":"  * [Tracing code]({{ baseUrl }}/tutorials/TracingCode.html)","lastModifiedDate":"2023-09-12","isFullCredit":false},{"lineNumber":45,"author":{"gitId":"-"},"content":"  * [Adding a command]({{ baseUrl }}/tutorials/AddRemark.html)","lastModifiedDate":"2023-09-12","isFullCredit":false},{"lineNumber":46,"author":{"gitId":"-"},"content":"  * [Removing Fields]({{ baseUrl }}/tutorials/RemovingFields.html)","lastModifiedDate":"2023-09-12","isFullCredit":false},{"lineNumber":47,"author":{"gitId":"-"},"content":"* [About Us]({{ baseUrl }}/AboutUs.html)","lastModifiedDate":"2023-09-12","isFullCredit":false},{"lineNumber":48,"author":{"gitId":"-"},"content":"      \u003c/site-nav\u003e","lastModifiedDate":"2023-09-12","isFullCredit":false},{"lineNumber":49,"author":{"gitId":"-"},"content":"    \u003c/div\u003e","lastModifiedDate":"2023-09-12","isFullCredit":false},{"lineNumber":50,"author":{"gitId":"-"},"content":"  \u003c/nav\u003e","lastModifiedDate":"2023-09-12","isFullCredit":false},{"lineNumber":51,"author":{"gitId":"-"},"content":"  \u003cdiv id\u003d\"content-wrapper\"\u003e","lastModifiedDate":"2023-09-12","isFullCredit":false},{"lineNumber":52,"author":{"gitId":"-"},"content":"    {{ content }}","lastModifiedDate":"2023-09-12","isFullCredit":false},{"lineNumber":53,"author":{"gitId":"-"},"content":"  \u003c/div\u003e","lastModifiedDate":"2023-09-12","isFullCredit":false},{"lineNumber":54,"author":{"gitId":"-"},"content":"  \u003cnav id\u003d\"page-nav\"\u003e","lastModifiedDate":"2023-09-12","isFullCredit":false},{"lineNumber":55,"author":{"gitId":"-"},"content":"    \u003cdiv class\u003d\"nav-component slim-scroll\"\u003e","lastModifiedDate":"2023-09-12","isFullCredit":false},{"lineNumber":56,"author":{"gitId":"-"},"content":"      \u003cpage-nav /\u003e","lastModifiedDate":"2023-09-12","isFullCredit":false},{"lineNumber":57,"author":{"gitId":"-"},"content":"    \u003c/div\u003e","lastModifiedDate":"2023-09-12","isFullCredit":false},{"lineNumber":58,"author":{"gitId":"-"},"content":"  \u003c/nav\u003e","lastModifiedDate":"2023-09-12","isFullCredit":false},{"lineNumber":59,"author":{"gitId":"-"},"content":"  \u003cscroll-top-button\u003e\u003c/scroll-top-button\u003e","lastModifiedDate":"2023-09-12","isFullCredit":false},{"lineNumber":60,"author":{"gitId":"-"},"content":"\u003c/div\u003e","lastModifiedDate":"2023-09-12","isFullCredit":false},{"lineNumber":61,"author":{"gitId":"-"},"content":"","lastModifiedDate":"2023-09-12","isFullCredit":false},{"lineNumber":62,"author":{"gitId":"-"},"content":"\u003cfooter\u003e","lastModifiedDate":"2023-09-12","isFullCredit":false},{"lineNumber":63,"author":{"gitId":"-"},"content":"  \u003c!-- Support MarkBind by including a link to us on your landing page! --\u003e","lastModifiedDate":"2023-09-12","isFullCredit":false},{"lineNumber":64,"author":{"gitId":"-"},"content":"  \u003cdiv class\u003d\"text-center\"\u003e","lastModifiedDate":"2023-09-12","isFullCredit":false},{"lineNumber":65,"author":{"gitId":"-"},"content":"    \u003csmall\u003e[\u003cmd\u003e**Powered by**\u003c/md\u003e \u003cimg src\u003d\"https://markbind.org/favicon.ico\" width\u003d\"30\"\u003e {{MarkBind}}, generated on {{timestamp}}]\u003c/small\u003e","lastModifiedDate":"2023-09-12","isFullCredit":false},{"lineNumber":66,"author":{"gitId":"-"},"content":"  \u003c/div\u003e","lastModifiedDate":"2023-09-12","isFullCredit":false},{"lineNumber":67,"author":{"gitId":"-"},"content":"\u003c/footer\u003e","lastModifiedDate":"2023-09-12","isFullCredit":false}],"authorContributionMap":{"darkmoongreatsword":1,"-":66}}]
