{"authorDailyContributionsMap":{"Shux347":[{"date":"2024-10-01","commitResults":[{"hash":"f3d15573f3c7303721377b23d46a30a307706609","isMergeCommit":false,"messageTitle":"Update varun portfolio","messageBody":"","fileTypesAndContributionMap":{"docs":{"insertions":22,"deletions":6}}},{"hash":"cd8eb1d082a64df6c66489c17c013d1ea15e4112","isMergeCommit":true,"messageTitle":"Merge pull request #20 from blanklogic/task-updating-aboutus","messageBody":"Update About Us Page and Portfolio for Jaymeson","fileTypesAndContributionMap":{}}]},{"date":"2024-10-03","commitResults":[{"hash":"3a4162d0e76a3f635b6363190e68853179bf4f9c","isMergeCommit":false,"messageTitle":"Update docs/AboutUs.md","messageBody":"","fileTypesAndContributionMap":{"docs":{"insertions":1,"deletions":1}}},{"hash":"b89365ec37ed3bfde66076ad9ba9d9e7738f643c","isMergeCommit":true,"messageTitle":"Merge pull request #30 from uniqly/29-resolve-aboutus-changes","messageBody":"Fix issues in AboutUs","fileTypesAndContributionMap":{}}]},{"date":"2024-10-05","commitResults":[{"hash":"481939e359e11bc9607c17107823f7d5253b5db8","isMergeCommit":false,"messageTitle":"Add Company and Status classes","messageBody":"","fileTypesAndContributionMap":{"functional-code":{"insertions":655,"deletions":0}}}]},{"date":"2024-10-06","commitResults":[{"hash":"8a81bc730e900777adaed1dfb0a1b0a1156a565d","isMergeCommit":false,"messageTitle":"Add tests for Company and Status classes","messageBody":"","fileTypesAndContributionMap":{"functional-code":{"insertions":538,"deletions":0},"test-code":{"insertions":1032,"deletions":0}}},{"hash":"fe9ed300fe3343d1ced10016e20985a46df6bb89","isMergeCommit":false,"messageTitle":"Add more test cases for Company class","messageBody":"","fileTypesAndContributionMap":{"functional-code":{"insertions":20,"deletions":4},"test-code":{"insertions":302,"deletions":0}}}]},{"date":"2024-10-08","commitResults":[{"hash":"098ce5ca92ca51840b17cffaf4335b9d4d2a8ca4","isMergeCommit":true,"messageTitle":"Merge pull request #45 from blanklogic/fix-gradle-build","messageBody":"Fix Gradle routing issues for Build","fileTypesAndContributionMap":{}}]},{"date":"2024-10-15","commitResults":[{"hash":"0aa85ddc4c55939f17a8256db16a8f3003b2a990","isMergeCommit":false,"messageTitle":"Add application class","messageBody":"","fileTypesAndContributionMap":{"functional-code":{"insertions":233,"deletions":0},"test-code":{"insertions":264,"deletions":0}}},{"hash":"b151727968de4a9f11835517659a00b163f5c37b","isMergeCommit":false,"messageTitle":"Add test for Application toString method","messageBody":"","fileTypesAndContributionMap":{"functional-code":{"insertions":4,"deletions":4},"test-code":{"insertions":6,"deletions":0}}}]},{"date":"2024-10-16","commitResults":[{"hash":"bdef4853e449322beb0f22804419bfc83d1f4481","isMergeCommit":true,"messageTitle":"Merge pull request #67 from uniqly/57-add-application-list-into-company-class","messageBody":"Add application list to `Company` and update storage","fileTypesAndContributionMap":{}}]},{"date":"2024-10-17","commitResults":[{"hash":"dec1fd7d3ddf023a10f6ee0564a7ad6865160830","isMergeCommit":false,"messageTitle":"Add withdraw command","messageBody":"","fileTypesAndContributionMap":{"functional-code":{"insertions":119,"deletions":0}}},{"hash":"96fd7c99a1be0d68cc5fba4ddc3253cce8b75bdd","isMergeCommit":false,"messageTitle":"Fix withdraw command","messageBody":"","fileTypesAndContributionMap":{"functional-code":{"insertions":5,"deletions":1}}},{"hash":"743acc359ad4b53b5194c44add1a1dc5eb3ce43a","isMergeCommit":false,"messageTitle":"Add logic to change company status","messageBody":"","fileTypesAndContributionMap":{"functional-code":{"insertions":10,"deletions":2}}},{"hash":"9852b7febc1fd55070fdbb35780730c030690a2d","isMergeCommit":true,"messageTitle":"Merge pull request #71 from uniqly/65-gracefully-handle-optional-inputs","messageBody":"Improved handling of optional inputs","fileTypesAndContributionMap":{}},{"hash":"a892b8f86d1414b738842b3ba6c7db9b5340b0d2","isMergeCommit":false,"messageTitle":"Add tests","messageBody":"","fileTypesAndContributionMap":{"functional-code":{"insertions":10,"deletions":8},"test-code":{"insertions":81,"deletions":0}}},{"hash":"424bafd0472bdbb312b5352ee05edbfa3ad1c718","isMergeCommit":false,"messageTitle":"Add tests for parser util","messageBody":"","fileTypesAndContributionMap":{"test-code":{"insertions":24,"deletions":0}}},{"hash":"4d20ded682027fe1fdb5b587d78c0edd96f84160","isMergeCommit":false,"messageTitle":"Add tests for withdrawCommandParser","messageBody":"","fileTypesAndContributionMap":{"functional-code":{"insertions":2,"deletions":2},"test-code":{"insertions":25,"deletions":6}}},{"hash":"699357e93fbe9037fd2148d318a585718fc86978","isMergeCommit":true,"messageTitle":"Merge pull request #66 from blanklogic/feat-add-app","messageBody":"Add initial implementation of Apply Command","fileTypesAndContributionMap":{}},{"hash":"75e802d98f94a83a4c79648cc8e9ce060a281cfb","isMergeCommit":true,"messageTitle":"Merge pull request #75 from uniqly/74-fix-website-missing-icon","messageBody":"Fix typo in website logo png file","fileTypesAndContributionMap":{}},{"hash":"f3402a1c4054cd680779e83807c1e7052d94aac3","isMergeCommit":false,"messageTitle":"Change sample data util","messageBody":"","fileTypesAndContributionMap":{"functional-code":{"insertions":1,"deletions":1}}},{"hash":"212e13e08a77ff12da68f09b375eb8222ffac1db","isMergeCommit":true,"messageTitle":"Merge pull request #79 from Shux347/branch-fix-application-class","messageBody":"Change sample data util","fileTypesAndContributionMap":{}},{"hash":"c35f0fc83985d29276f165e21b1ad1a277afcacc","isMergeCommit":true,"messageTitle":"Merge pull request #81 from realqijun/branch-README","messageBody":"Add UserGuide screenshots","fileTypesAndContributionMap":{}},{"hash":"b11fc6b9ce72c18bc2f16c3ad1b0aca8f0bca7bb","isMergeCommit":true,"messageTitle":"Merge pull request #88 from blanklogic/fix-index","messageBody":"Fix Badges in index.md","tags":["Release-v1.3"],"fileTypesAndContributionMap":{}}]},{"date":"2024-10-19","commitResults":[{"hash":"92cb6aeb1367550d76e010ee5c59e09744315a22","isMergeCommit":true,"messageTitle":"Merge pull request #96 from blanklogic/enable-assertions","messageBody":"Enable assertions in build.gradle","fileTypesAndContributionMap":{}}]},{"date":"2024-10-20","commitResults":[{"hash":"96461065cd45081319ae2c633eb37355f6cda58f","isMergeCommit":false,"messageTitle":"Add favourite field into Company class","messageBody":"","fileTypesAndContributionMap":{"functional-code":{"insertions":54,"deletions":9},"test-code":{"insertions":16,"deletions":11}}}]},{"date":"2024-10-22","commitResults":[{"hash":"3117f44a7b9869a15a4fe1c8d9a28ec81f9b8f19","isMergeCommit":true,"messageTitle":"Merge pull request #101 from realqijun/branch-user-guide","messageBody":"Tweak UserGuide","fileTypesAndContributionMap":{}}]},{"date":"2024-10-23","commitResults":[{"hash":"e3a29f2a05aa3f134f23c1390bab5a4ea334b6d0","isMergeCommit":true,"messageTitle":"Merge pull request #108 from uniqly/91-change-withdraw-function-to-use-prefixes","messageBody":"Change withdraw command to use prefixes","fileTypesAndContributionMap":{}}]},{"date":"2024-10-24","commitResults":[{"hash":"672494c122aa45292b10b420cc27d0234ddff9c4","isMergeCommit":false,"messageTitle":"Add fav and unfav commands","messageBody":"","fileTypesAndContributionMap":{"functional-code":{"insertions":177,"deletions":0}}},{"hash":"955a3648a0be4a318e81052bf371bf1768d91c1c","isMergeCommit":false,"messageTitle":"Add tests for fav and unfav","messageBody":"","fileTypesAndContributionMap":{"test-code":{"insertions":92,"deletions":0}}},{"hash":"d634d72bc716b43611f09b1be067026842b6514e","isMergeCommit":false,"messageTitle":"Add fav and unfav to UG","messageBody":"","fileTypesAndContributionMap":{"docs":{"insertions":16,"deletions":0}}},{"hash":"ad8c6bd14b7296280acda141c5587510f5f2db68","isMergeCommit":false,"messageTitle":"Add tests for fav and unfav parsers","messageBody":"","fileTypesAndContributionMap":{"functional-code":{"insertions":37,"deletions":2},"test-code":{"insertions":50,"deletions":0}}},{"hash":"080b2fd4322fdbd43a8a08432d145913c0706fc1","isMergeCommit":false,"messageTitle":"Add tests for parsers","messageBody":"","fileTypesAndContributionMap":{"test-code":{"insertions":16,"deletions":0}}},{"hash":"16751ae6264173c06a3c9848f4a739655cd1ca96","isMergeCommit":false,"messageTitle":"Added sequence diagram for fav command","messageBody":"","fileTypesAndContributionMap":{"docs":{"insertions":70,"deletions":0}}},{"hash":"5141cd777f35ab3f006ce063cf67a683585ec6d1","isMergeCommit":false,"messageTitle":"New line added","messageBody":"","fileTypesAndContributionMap":{"docs":{"insertions":1,"deletions":1}}}]},{"date":"2024-11-01","commitResults":[{"hash":"7ef4325fd0c04507c8e02871a11fd19ef73db180","isMergeCommit":false,"messageTitle":"update UG for find command","messageBody":"","fileTypesAndContributionMap":{"docs":{"insertions":6,"deletions":2}}}]},{"date":"2024-11-06","commitResults":[{"hash":"888b6ca0409eb11703b044d61e7fa252b75f9229","isMergeCommit":false,"messageTitle":"Add spacing to find message_usage","messageBody":"","fileTypesAndContributionMap":{"functional-code":{"insertions":1,"deletions":1}}},{"hash":"657519299df81a515393cc1b7b2c2dd87ac313c5","isMergeCommit":true,"messageTitle":"Merge pull request #129 from realqijun/branch-result-disply","messageBody":"Change result for apply, fav and unfav command","fileTypesAndContributionMap":{}},{"hash":"ef36ecc61a026a1e1a0ac45ba93761ea9142ff0a","isMergeCommit":false,"messageTitle":"Make error msg more relevant","messageBody":"","fileTypesAndContributionMap":{"functional-code":{"insertions":2,"deletions":2}}}]},{"date":"2024-11-07","commitResults":[{"hash":"4efe3be8b8e37e6db8c6c85245dd9bcb7e07a9a2","isMergeCommit":false,"messageTitle":"Change delete success message to only show name","messageBody":"","fileTypesAndContributionMap":{"functional-code":{"insertions":1,"deletions":1},"test-code":{"insertions":2,"deletions":2}}},{"hash":"b096c44ec316610e819502b20e8d9a7de64d4d8d","isMergeCommit":false,"messageTitle":"Add reopen command and tests","messageBody":"","fileTypesAndContributionMap":{"functional-code":{"insertions":110,"deletions":0},"test-code":{"insertions":61,"deletions":2}}},{"hash":"13035aae8ec4e7200f3e9c5941754dd59aa0f6ae","isMergeCommit":true,"messageTitle":"Merge branch \u0027master\u0027 into branch-reopen-command","messageBody":"","fileTypesAndContributionMap":{}},{"hash":"2768acbbd28ce24007a118dd93b5b1421cb9d8ee","isMergeCommit":false,"messageTitle":"Fixed trailing whitespace","messageBody":"","fileTypesAndContributionMap":{"functional-code":{"insertions":3,"deletions":2}}},{"hash":"2a39aa66cb447d68fe7d3be963167767939d06ce","isMergeCommit":false,"messageTitle":"Add more tests","messageBody":"","fileTypesAndContributionMap":{"test-code":{"insertions":37,"deletions":0}}},{"hash":"10a8dd5d8ad28b83aeb5773d1f7186dbd78fa2d1","isMergeCommit":false,"messageTitle":"Edit last test case added","messageBody":"","fileTypesAndContributionMap":{"test-code":{"insertions":1,"deletions":1}}},{"hash":"97e9bbac163af0073bd14cd8e2e0519b15d74216","isMergeCommit":false,"messageTitle":"Add tests for parser","messageBody":"","fileTypesAndContributionMap":{"test-code":{"insertions":25,"deletions":0}}},{"hash":"ab9abe13bdf056b6320416462779231ed2102204","isMergeCommit":false,"messageTitle":"Edit to follow new error message","messageBody":"","fileTypesAndContributionMap":{"functional-code":{"insertions":2,"deletions":1}}},{"hash":"24c7189b26498fc2181715a9eec060bf88f9e45e","isMergeCommit":false,"messageTitle":"Update test for new error message","messageBody":"","fileTypesAndContributionMap":{"test-code":{"insertions":4,"deletions":2}}},{"hash":"be7e6be3f6bb1865f04c543a9a9fd5f2fd125932","isMergeCommit":false,"messageTitle":"Add reopen to UG","messageBody":"","fileTypesAndContributionMap":{"docs":{"insertions":11,"deletions":0}}},{"hash":"005d2a07b96f55631119bd3890eaf5d49f1ea524","isMergeCommit":true,"messageTitle":"Merge pull request #192 from Shux347/branch-reopen-command","messageBody":"Add reopen command and tests","fileTypesAndContributionMap":{}}]}],"blanklogic":[{"date":"2024-10-01","commitResults":[{"hash":"06e56ab9138fc2b4d8512434579684f13499edc7","isMergeCommit":false,"messageTitle":"Update About Us Page and Portfolio for Jaymeson","messageBody":"","fileTypesAndContributionMap":{"docs":{"insertions":40,"deletions":6}}},{"hash":"961c446fcf2c6f1c7180ac66e938d0ff99a8ab4b","isMergeCommit":false,"messageTitle":"Update jaymeson.md to fix Check Style Issues","messageBody":"","fileTypesAndContributionMap":{"docs":{"insertions":2,"deletions":2}}},{"hash":"db2a06f0337ef1a3ec0509f512079e61229c8a3c","isMergeCommit":true,"messageTitle":"Merge pull request #21 from Shux347/branch-varuns-portfolio","messageBody":"Update Varun\u0027s portfolio and about us","fileTypesAndContributionMap":{}},{"hash":"14047f0d6b56f7eb44922434e5a0f635015afe6f","isMergeCommit":false,"messageTitle":"Update README.md to match InternBuddy","messageBody":"","fileTypesAndContributionMap":{"docs":{"insertions":14,"deletions":7}}}]},{"date":"2024-10-03","commitResults":[{"hash":"c3601cf2f81c73131e6362dded00c3e4cde6c0f2","isMergeCommit":false,"messageTitle":"Update GitHub Repository link for Navbar","messageBody":"","fileTypesAndContributionMap":{"docs":{"insertions":1,"deletions":1}}},{"hash":"8471673531ac1f38c92160f37f5ca8d364c75912","isMergeCommit":false,"messageTitle":"Update a typo in README.md","messageBody":"","fileTypesAndContributionMap":{"docs":{"insertions":1,"deletions":1}}},{"hash":"581c0616baddd7003a084cdc39e4464695c21f98","isMergeCommit":true,"messageTitle":"Merge pull request #28 from blanklogic/task-updating-readme","messageBody":"Update README.md to match InternBuddy","fileTypesAndContributionMap":{}},{"hash":"393a101d5a059358dfeb0bc5deba331c04fba034","isMergeCommit":true,"messageTitle":"Merge pull request #31 from uniqly/25-update-dg","messageBody":"Update Developer Guide","fileTypesAndContributionMap":{}},{"hash":"43b3ca7e6ff51e08c8b8645cc2d9e001b66f414d","isMergeCommit":true,"messageTitle":"Merge pull request #33 from realqijun/branch-UImockup","messageBody":"Add UI mockup","fileTypesAndContributionMap":{}}]},{"date":"2024-10-05","commitResults":[{"hash":"6411aa4fb2707de487ee511ad8abbe13f65c4ecb","isMergeCommit":false,"messageTitle":"Rename seedu.address package to seedu.internbuddy","messageBody":"","fileTypesAndContributionMap":{"other":{"insertions":769,"deletions":769},"docs":{"insertions":5,"deletions":5},"test-code":{"insertions":3,"deletions":3}}},{"hash":"406168d699c8c9ffdcef9c054d6c36b2e3d35f0b","isMergeCommit":true,"messageTitle":"Merge pull request #40 from blanklogic/task-rename-packages","messageBody":"Rename seedu.address package to seedu.internbuddy","fileTypesAndContributionMap":{}}]},{"date":"2024-10-07","commitResults":[{"hash":"b8a3cf06411841f4e810aa0d8d80f124e295e179","isMergeCommit":false,"messageTitle":"Fix Gradle routing issues for Build","messageBody":"","fileTypesAndContributionMap":{"other":{"insertions":2,"deletions":2}}}]},{"date":"2024-10-10","commitResults":[{"hash":"560f0c2d3a0c63a96579f722279e68628e88dce6","isMergeCommit":false,"messageTitle":"Refactor code base to utilise Company and remove Person","messageBody":"","fileTypesAndContributionMap":{"functional-code":{"insertions":332,"deletions":902},"other":{"insertions":105,"deletions":99},"docs":{"insertions":72,"deletions":72},"test-code":{"insertions":604,"deletions":1876}}},{"hash":"0edc1cbb05c3dc7b289fdfc3586b21e988ddb138","isMergeCommit":false,"messageTitle":"Fix Trailing Whitespaces in Developer Guide","messageBody":"","fileTypesAndContributionMap":{"docs":{"insertions":5,"deletions":5},"test-code":{"insertions":2,"deletions":2}}},{"hash":"0e06fde37954fef8adaeed2fbf91c5318ce52edb","isMergeCommit":false,"messageTitle":"Fix Checkstyle Errors","messageBody":"","fileTypesAndContributionMap":{"functional-code":{"insertions":21,"deletions":42},"test-code":{"insertions":35,"deletions":31}}},{"hash":"3e8d7ee751e66dab6c022fb024758387d5eff3ea","isMergeCommit":false,"messageTitle":"Remove redundant Company files","messageBody":"","fileTypesAndContributionMap":{"functional-code":{"insertions":0,"deletions":515}}},{"hash":"398707caf839baca66fada2b3d5612969e0eb79e","isMergeCommit":true,"messageTitle":"Merge pull request #50 from blanklogic/task-update-main","messageBody":"Refactor code base to utilise Company and remove Person","fileTypesAndContributionMap":{}}]},{"date":"2024-10-15","commitResults":[{"hash":"316b2fbc1ea1920f3b22f093d82b86eaae20282f","isMergeCommit":false,"messageTitle":"Change Behaviour of Add Command","messageBody":"","fileTypesAndContributionMap":{"functional-code":{"insertions":17,"deletions":15},"test-code":{"insertions":3,"deletions":13}}},{"hash":"e1195cf51c440d1ba3dd599463317e6c0b3681b7","isMergeCommit":false,"messageTitle":"Clean up redundant code","messageBody":"","fileTypesAndContributionMap":{"functional-code":{"insertions":2,"deletions":16},"test-code":{"insertions":2,"deletions":3}}},{"hash":"cb73349e27c53c4160ff60d26e408cddaede760f","isMergeCommit":false,"messageTitle":"Fix Checkstyle Errors","messageBody":"","fileTypesAndContributionMap":{"test-code":{"insertions":1,"deletions":1}}},{"hash":"d9972e63b4d4cb003496706269bfcdef33a7c5de","isMergeCommit":true,"messageTitle":"Merge pull request #58 from blanklogic/feature-add-cmd","messageBody":"Change Behaviour of Add Command","fileTypesAndContributionMap":{}},{"hash":"899712aa3e78fac2e03bdcec8b6f258cd0f7f293","isMergeCommit":true,"messageTitle":"Merge pull request #54 from realqijun/branch-modify-GUI","messageBody":"GUI changes","fileTypesAndContributionMap":{}}]},{"date":"2024-10-16","commitResults":[{"hash":"4decab81a808810e30301b695ab7a71197e414b5","isMergeCommit":true,"messageTitle":"Merge pull request #62 from Shux347/branch-Add-Application-Class","messageBody":"Add application class","fileTypesAndContributionMap":{}},{"hash":"83419ceee5e09a4782dfa819017af3c84d426f50","isMergeCommit":false,"messageTitle":"Add initial implementation of Apply Command","messageBody":"","fileTypesAndContributionMap":{"functional-code":{"insertions":245,"deletions":21},"other":{"insertions":2,"deletions":2},"test-code":{"insertions":38,"deletions":21}}},{"hash":"8ce56d129d6c593599337e6f86afb427804a5541","isMergeCommit":false,"messageTitle":"Add JUnit Test cases for new classes","messageBody":"","fileTypesAndContributionMap":{"functional-code":{"insertions":9,"deletions":11},"other":{"insertions":1,"deletions":3},"test-code":{"insertions":138,"deletions":12}}},{"hash":"78fb2dc26c94f7e7b18adf3a8b06084ecb22d0e2","isMergeCommit":true,"messageTitle":"Add JUnit Tests for new Classes","messageBody":"","fileTypesAndContributionMap":{}}]},{"date":"2024-10-17","commitResults":[{"hash":"0ecacf202e7ea5f0b2ef1455b00993037f070eb5","isMergeCommit":false,"messageTitle":"Resolve Merge Conflicts","messageBody":"","fileTypesAndContributionMap":{"functional-code":{"insertions":39,"deletions":25},"test-code":{"insertions":16,"deletions":23}}},{"hash":"c978fb3343fc3b0c5113723233e9b468b7958924","isMergeCommit":false,"messageTitle":"Add more JUnit Tests","messageBody":"","fileTypesAndContributionMap":{"test-code":{"insertions":91,"deletions":0}}},{"hash":"023133db2d7a5a76a789150144eb3763f06ddb94","isMergeCommit":true,"messageTitle":"Merge branch \u0027master\u0027 into feat-add-app","messageBody":"","fileTypesAndContributionMap":{}},{"hash":"8998a631b96be154ac44c2ef87ee7925d3fa7561","isMergeCommit":false,"messageTitle":"Update Apply command from initial implementation","messageBody":"","fileTypesAndContributionMap":{"functional-code":{"insertions":24,"deletions":15},"test-code":{"insertions":7,"deletions":0}}},{"hash":"72b1ad3eb434bb75fdaf96003c6ee7038e493a93","isMergeCommit":false,"messageTitle":"Fix bug where App Status is not parsed","messageBody":"","fileTypesAndContributionMap":{"functional-code":{"insertions":1,"deletions":1}}},{"hash":"139979af86616a095f92971cda9f806f96a39447","isMergeCommit":true,"messageTitle":"Merge pull request #72 from uniqly/55-update-user-guide","messageBody":"Update user guide with new features","fileTypesAndContributionMap":{}},{"hash":"1c6763a0ea910ec1840547b27cf522eb51bf8a6c","isMergeCommit":true,"messageTitle":"Merge pull request #73 from Shux347/branch-add-withdraw-command","messageBody":"Add withdraw command","fileTypesAndContributionMap":{}},{"hash":"d9e8a623809a0d899357c437adc8e408740a6820","isMergeCommit":true,"messageTitle":"Merge pull request #68 from realqijun/branch-Application-GUI","messageBody":"Add GUI for Applications + handle optional values","fileTypesAndContributionMap":{}},{"hash":"3f2484e024991754b1476b9326b7fe924ddbc195","isMergeCommit":true,"messageTitle":"Merge pull request #86 from uniqly/85-fix-inconsistencies-in-user-guide","messageBody":"Fix typos in website","fileTypesAndContributionMap":{}},{"hash":"9e58f91e4074421c606e371c508b577f35fd6ba1","isMergeCommit":true,"messageTitle":"Merge pull request #78 from realqijun/branch-Application-GUI","messageBody":"Modify display fields of Application","fileTypesAndContributionMap":{}},{"hash":"7fe403097f0736371b21d922b02ca7df533ba33f","isMergeCommit":false,"messageTitle":"Fix Badges in index.md","messageBody":"","fileTypesAndContributionMap":{"docs":{"insertions":2,"deletions":2}}}]},{"date":"2024-10-19","commitResults":[{"hash":"3c3e03cf96ebbd56fb55e20226a6b59c97882dca","isMergeCommit":false,"messageTitle":"Enable assertions in build.gradle","messageBody":"","fileTypesAndContributionMap":{"other":{"insertions":4,"deletions":0}}}]},{"date":"2024-10-21","commitResults":[{"hash":"47549a65fdba4bcd2f5732833c83a32ae005691a","isMergeCommit":true,"messageTitle":"Merge pull request #98 from Shux347/branch-add-favourites","messageBody":"Add favourite field into Company class","fileTypesAndContributionMap":{}}]},{"date":"2024-10-22","commitResults":[{"hash":"63e69a5f0b792b634059edf68ee7e37cbd160015","isMergeCommit":false,"messageTitle":"Fix checkstyle errors","messageBody":"","fileTypesAndContributionMap":{"docs":{"insertions":3,"deletions":3}}},{"hash":"b75535e1512ac03088431c1544b5dc7559e9ece0","isMergeCommit":false,"messageTitle":"Fix back to top hyperlink in UserGuide.md","messageBody":"","fileTypesAndContributionMap":{"docs":{"insertions":1,"deletions":5}}},{"hash":"f4acfae7ee774c463ac154e083d1777cc0a99388","isMergeCommit":false,"messageTitle":"Fix UserGuide.md","messageBody":"","fileTypesAndContributionMap":{"docs":{"insertions":1,"deletions":1}}},{"hash":"14ee68cba5b1ff92ce11e671a59edbb67c0798b9","isMergeCommit":true,"messageTitle":"Merge pull request #102 from realqijun/branch-user-guide","messageBody":"UserGuide Logo Fix","fileTypesAndContributionMap":{}}]},{"date":"2024-10-23","commitResults":[{"hash":"79c512eec939cd89f228e3ebafc9dd17e8bdbbf5","isMergeCommit":false,"messageTitle":"Add initial implementation of Update command","messageBody":"","fileTypesAndContributionMap":{"functional-code":{"insertions":146,"deletions":2},"test-code":{"insertions":99,"deletions":0}}},{"hash":"116eb72118db611fa6f90910d315599fe7113d8f","isMergeCommit":true,"messageTitle":"Merge pull request #106 from uniqly/104-update-developer-guide-design-section","messageBody":"Update DG Design section","fileTypesAndContributionMap":{}},{"hash":"23feae9ebc86570267251efea8db31cb9daed109","isMergeCommit":true,"messageTitle":"Merge branch \u0027master\u0027 into feat-edit-app","messageBody":"","fileTypesAndContributionMap":{}},{"hash":"123f0c64fa62d10dfb5f7431bcd11690326becf4","isMergeCommit":false,"messageTitle":"Add JUnit tests for Update command","messageBody":"","fileTypesAndContributionMap":{"functional-code":{"insertions":26,"deletions":1},"test-code":{"insertions":57,"deletions":14}}},{"hash":"8d12d601e4131c57091337fbb6631ecc3e54f15f","isMergeCommit":false,"messageTitle":"Update User Guide with update command implementation","messageBody":"","fileTypesAndContributionMap":{"docs":{"insertions":80,"deletions":59}}},{"hash":"39118114453a736e02490cb8dac7b05253fd9ff3","isMergeCommit":false,"messageTitle":"Add Apply and Update to Developer Guide","messageBody":"","fileTypesAndContributionMap":{"docs":{"insertions":107,"deletions":0}}},{"hash":"7a0719b86130e7ce0686d1b3b89fe29a66265d80","isMergeCommit":false,"messageTitle":"Fix typos in Developer Guide","messageBody":"","fileTypesAndContributionMap":{"docs":{"insertions":8,"deletions":8}}},{"hash":"ce172e3671c68c85bbdb2291e7d55a04619edbc3","isMergeCommit":true,"messageTitle":"Merge branch \u0027master\u0027 into feat-edit-app","messageBody":"","fileTypesAndContributionMap":{}},{"hash":"c210500052e8862779e8ddb9fa6e6dfca8b26323","isMergeCommit":false,"messageTitle":"Fix renaming bug introduced in merge","messageBody":"","fileTypesAndContributionMap":{"functional-code":{"insertions":7,"deletions":7},"test-code":{"insertions":2,"deletions":2}}}]},{"date":"2024-10-24","commitResults":[{"hash":"cf768c31fff44c3c34cc65b9c1749f25b2d358b6","isMergeCommit":false,"messageTitle":"Add Prefixes for Update command","messageBody":"","fileTypesAndContributionMap":{"functional-code":{"insertions":17,"deletions":20},"docs":{"insertions":4,"deletions":4},"test-code":{"insertions":8,"deletions":3}}},{"hash":"c7fb8062133848d1ab6acf214e3a478d833c3dde","isMergeCommit":false,"messageTitle":"Fix typo in User Guide","messageBody":"","fileTypesAndContributionMap":{"docs":{"insertions":3,"deletions":3},"test-code":{"insertions":5,"deletions":4}}},{"hash":"1879a968aa9c8d07236efedc04e976529701d949","isMergeCommit":false,"messageTitle":"Update Apply and Update command sequence diagrams","messageBody":"","fileTypesAndContributionMap":{"docs":{"insertions":144,"deletions":21}}},{"hash":"5f28e8fc457974b4bb392cbc6b348bef8b420e19","isMergeCommit":true,"messageTitle":"Merge pull request #111 from blanklogic/feat-edit-app","messageBody":"Add initial implementation of Update command","fileTypesAndContributionMap":{}},{"hash":"32f622e89a5f2c4f513f184b8d1fb807f19f03e2","isMergeCommit":true,"messageTitle":"Merge pull request #113 from blanklogic/task-update-dg","messageBody":"Add Apply and Update to Developer Guide","fileTypesAndContributionMap":{}},{"hash":"320c536e6dc7014dd7fd43c33e4af6b1d4dd30df","isMergeCommit":true,"messageTitle":"Merge branch \u0027master\u0027 into branch-add-favourite-command","messageBody":"","fileTypesAndContributionMap":{}},{"hash":"02562202039f25011e4c7f9f1ddc3f0da05efcf6","isMergeCommit":true,"messageTitle":"Merge pull request #117 from Shux347/branch-add-uml","messageBody":"Add sequence diagram for Favourite feature","fileTypesAndContributionMap":{}},{"hash":"d8d02c190a7d647fa7bea9a1a26f693613f66b26","isMergeCommit":true,"messageTitle":"Merge pull request #119 from meerkatboy/branch-expandFindCommand","messageBody":"Expand find to include application and tags","fileTypesAndContributionMap":{}},{"hash":"61b8175eeb378ff8749c4a607801a48680c9e974","isMergeCommit":true,"messageTitle":"Merge pull request #116 from realqijun/branch-favourites","messageBody":"Add favourite star thing","fileTypesAndContributionMap":{}},{"hash":"d714531ceb8fc3ad30bbf276c456e9ab5db3c869","isMergeCommit":true,"messageTitle":"Merge pull request #114 from Shux347/branch-add-favourite-command","messageBody":"Add Favourite and Unfavourite command","fileTypesAndContributionMap":{}},{"hash":"c4b9c53957cb6afd279d38431c8bfc7070e1681c","isMergeCommit":true,"messageTitle":"Merge pull request #121 from realqijun/branch-developer-guide","messageBody":"Add UML diagram and update Developer Guide","fileTypesAndContributionMap":{}}]},{"date":"2024-11-06","commitResults":[{"hash":"6cf7f18af69cc3a488599b94c78c49ece62e1a17","isMergeCommit":true,"messageTitle":"Merge pull request #130 from realqijun/branch-modify-GUI","messageBody":"Change GUI colors + update screenshots","fileTypesAndContributionMap":{}},{"hash":"c5c1125cdf42f657c3a9982db971f7b4fdb2f570","isMergeCommit":true,"messageTitle":"Merge branch \u0027master\u0027 into branch-user-guide","messageBody":"","fileTypesAndContributionMap":{}},{"hash":"25aecd5a7ee7924e39cdeb2ae470400770b43244","isMergeCommit":true,"messageTitle":"Merge pull request #139 from uniqly/134-userguide-description-does-not-match-product","messageBody":"Update UG with overview of internbuddy","fileTypesAndContributionMap":{}},{"hash":"0f0717b8a25522cef10ee6b106b553363289772b","isMergeCommit":true,"messageTitle":"Merge pull request #140 from uniqly/137-dg-is-missing-manual-testing-test-cases","messageBody":"Update DG with manual test cases","fileTypesAndContributionMap":{}},{"hash":"812b77d2654b1adadab688cd95568299fc62c0e3","isMergeCommit":true,"messageTitle":"Merge branch \u0027master\u0027 into branch-addFindFeatureDG","messageBody":"","fileTypesAndContributionMap":{}},{"hash":"c132eaf0def872c9c8eb1fc386406a7a42b42b09","isMergeCommit":true,"messageTitle":"Merge pull request #158 from meerkatboy/branch-editFindParserLogger","messageBody":"Edit find parser logger name","fileTypesAndContributionMap":{}}]},{"date":"2024-11-07","commitResults":[{"hash":"ba2705937fa559f7e44b4d3c062332e54491b31f","isMergeCommit":true,"messageTitle":"Merge pull request #143 from meerkatboy/branch-addFindFeatureDG","messageBody":"Add Find Feature implementation and PUML to Developer Guide","fileTypesAndContributionMap":{}},{"hash":"c54347510876a0ffe27aaea71446d27af2683c9b","isMergeCommit":true,"messageTitle":"Merge pull request #164 from Shux347/branch-edit-error-messages","messageBody":"Make error messages more relevant","fileTypesAndContributionMap":{}},{"hash":"87789f7394b3e5fa848e3c054ac66be56bc686a5","isMergeCommit":true,"messageTitle":"Merge pull request #165 from Shux347/branch-change-delete-info-display","messageBody":"Change delete success message to only show name","fileTypesAndContributionMap":{}},{"hash":"6829f33080df65b69f330ca0637c9b8d8932e034","isMergeCommit":true,"messageTitle":"Merge pull request #175 from meerkatboy/branch-editJsonSerializableAddressBookTest","messageBody":"Edit JsonSerializableAddressBookTest to camelCase","fileTypesAndContributionMap":{}},{"hash":"82c289e63f579f77d868575e185dc86c660378d4","isMergeCommit":true,"messageTitle":"Merge pull request #172 from uniqly/170-formatting-error-in-ug","messageBody":"Fix formatting error in User Guide","fileTypesAndContributionMap":{}},{"hash":"3bee23021954f6df3b938e504ba57ffe42b74283","isMergeCommit":false,"messageTitle":"Refactor FindCommandParser.java to simplify logging","messageBody":"","fileTypesAndContributionMap":{"functional-code":{"insertions":1,"deletions":2}}},{"hash":"d24bdc1cffea05c75ba85c2e04f4ffb6a7c5ea41","isMergeCommit":false,"messageTitle":"Refactor NameContainsKeywordsPredicate.java to allow partial matching","messageBody":"","fileTypesAndContributionMap":{"functional-code":{"insertions":24,"deletions":12}}},{"hash":"a87d19021f9e48f701e846483050d613b847bc49","isMergeCommit":false,"messageTitle":"Add Javadoc comments to NameContainsKeywordsPredicate.java","messageBody":"","fileTypesAndContributionMap":{"functional-code":{"insertions":28,"deletions":0}}},{"hash":"6814b547027f8afc1211830a4719e2b7ec9e58e9","isMergeCommit":false,"messageTitle":"Remove Tutorials from Site Map","messageBody":"","fileTypesAndContributionMap":{"docs":{"insertions":0,"deletions":4}}},{"hash":"e8a0e0929b67f298150642a4779d985ca34ff5ec","isMergeCommit":false,"messageTitle":"Remove redundant features from Developer Guide","messageBody":"","fileTypesAndContributionMap":{"docs":{"insertions":0,"deletions":98}}},{"hash":"6a63670b19f1e8972df17c3571b283ad3a701289","isMergeCommit":true,"messageTitle":"Merge pull request #183 from realqijun/branch-branch","messageBody":"Add naming specifications to User Guide","fileTypesAndContributionMap":{}},{"hash":"d7d14d18a2bdf9114db89606446024ab44bd48d0","isMergeCommit":false,"messageTitle":"Update implementation details and diagrams of features","messageBody":"","fileTypesAndContributionMap":{"docs":{"insertions":46,"deletions":15}}},{"hash":"3d57d3b6581efe79a8bc4dd9e388f26aedbad45c","isMergeCommit":true,"messageTitle":"Merge branch \u0027master\u0027 into task-update-doc","messageBody":"","fileTypesAndContributionMap":{}},{"hash":"d5b852c644e4d016f3394b889da55d57d36bea79","isMergeCommit":true,"messageTitle":"Merge pull request #185 from blanklogic/task-update-doc","messageBody":"Update Developer Guide implementation for Apply and Update features","fileTypesAndContributionMap":{}},{"hash":"9c92cdfc37057b8229ab6a56fa92993b79af58a7","isMergeCommit":true,"messageTitle":"Merge branch \u0027master\u0027 into 187-add-view-into-ug-and-dg","messageBody":"","fileTypesAndContributionMap":{}},{"hash":"0bfb1e7e0a99fe60f17f60dfc13e7e98702bec1b","isMergeCommit":true,"messageTitle":"Merge branch \u0027master\u0027 into 187-add-view-into-ug-and-dg","messageBody":"","fileTypesAndContributionMap":{}},{"hash":"04a183fb24a5f6c58ac749f88e4d00a4843b18a6","isMergeCommit":true,"messageTitle":"Merge pull request #195 from uniqly/187-add-view-into-ug-and-dg","messageBody":"Add view feature into Developer Guide and User Guide","fileTypesAndContributionMap":{}},{"hash":"0007e229da641481d7370bd74fb0542a07c8a05c","isMergeCommit":true,"messageTitle":"Merge pull request #193 from realqijun/branch-user-guide","messageBody":"Add status notes and view command screenshot in User Guide","fileTypesAndContributionMap":{}}]}],"meerkatboy":[{"date":"2024-10-01","commitResults":[{"hash":"7afc594dcde977e97b35fcd0d1eeaf4bc762b40f","isMergeCommit":false,"messageTitle":"Update Erwin AboutUs to include details","messageBody":"","fileTypesAndContributionMap":{"docs":{"insertions":14,"deletions":11}}},{"hash":"dceb45ebb6996eca846c8b6862af3bd322a60ab5","isMergeCommit":true,"messageTitle":"Merge branch \u0027master\u0027 of https://github.com/AY2425S1-CS2103T-T09-1/tp into branch-UpdateErwinAboutUs","messageBody":"","fileTypesAndContributionMap":{}},{"hash":"18927fb6ec307a507987aa34c453c9977b25170a","isMergeCommit":false,"messageTitle":"Update docs/team/erwin.md","messageBody":"Co-authored-by: Varun Shukla \u003c59822741+Shux347@users.noreply.github.com\u003e","fileTypesAndContributionMap":{"docs":{"insertions":1,"deletions":1}}}]},{"date":"2024-10-06","commitResults":[{"hash":"3fa4bbeccb003ecfd7469aef77e4b14ffccf1ede","isMergeCommit":true,"messageTitle":"Merge pull request #41 from Shux347/branch-changePersonToCompany","messageBody":"Add Company and Status classes","fileTypesAndContributionMap":{}}]},{"date":"2024-10-08","commitResults":[{"hash":"b8b1e76ff51c05bb17c8126d6eb0c77aa94d56e4","isMergeCommit":false,"messageTitle":"Change EditCommand to work with Company class","messageBody":"Our AddressBook helps us save company details, so information on\ncompanies are stored instead of a person.\n\nThis is done by refactoring instances of Person to Company.\n","fileTypesAndContributionMap":{"functional-code":{"insertions":140,"deletions":111},"other":{"insertions":7,"deletions":7},"test-code":{"insertions":85,"deletions":91}}}]},{"date":"2024-10-10","commitResults":[{"hash":"16cda6a601a09f1194ecdfb0ec2662f8d3cc0625","isMergeCommit":true,"messageTitle":"Merge pull request #52 from realqijun/branch-modify-GUI","messageBody":"Add several icon images","fileTypesAndContributionMap":{}}]},{"date":"2024-10-15","commitResults":[{"hash":"ff24053fdc65a54c4e6a49c5937b07783ffd997b","isMergeCommit":true,"messageTitle":"Merge branch \u0027master\u0027 of https://github.com/AY2425S1-CS2103T-T09-1/tp into HEAD","messageBody":"","fileTypesAndContributionMap":{}},{"hash":"c1db96da0cb90ade20fde8fa42eb2c62063bfff8","isMergeCommit":true,"messageTitle":"Merge branch \u0027master\u0027 of https://github.com/AY2425S1-CS2103T-T09-1/tp into branch-ResolveEditFindCommandsMerge","messageBody":"","fileTypesAndContributionMap":{}}]},{"date":"2024-10-16","commitResults":[{"hash":"9866a05c8e714178bc721d996273b8841805b88c","isMergeCommit":false,"messageTitle":"Fix checkstyle issues","messageBody":"","fileTypesAndContributionMap":{"functional-code":{"insertions":4,"deletions":4}}}]},{"date":"2024-10-17","commitResults":[{"hash":"c2fbb6527b6b3b96b235acef4dbfc8428688a8fa","isMergeCommit":false,"messageTitle":"Remove PersonListPanel","messageBody":"","fileTypesAndContributionMap":{"functional-code":{"insertions":0,"deletions":49}}},{"hash":"d5bd8bab8fb5ceed465a00e32c951dbf9eaec570","isMergeCommit":true,"messageTitle":"Merge branch \u0027master\u0027 of https://github.com/AY2425S1-CS2103T-T09-1/tp","messageBody":"","fileTypesAndContributionMap":{}},{"hash":"5f4505d4ca60f2ec4e831e32772c93ed508fc4ed","isMergeCommit":false,"messageTitle":"Add change company status method in EditCommand","messageBody":"","fileTypesAndContributionMap":{"functional-code":{"insertions":32,"deletions":6},"test-code":{"insertions":0,"deletions":4}}},{"hash":"d355d84653d3e19acdd013512cfe3a3cc789adc6","isMergeCommit":false,"messageTitle":"Add test cases to EditCommandTest","messageBody":"","fileTypesAndContributionMap":{"functional-code":{"insertions":2,"deletions":4},"test-code":{"insertions":12,"deletions":0}}},{"hash":"7f482aadff2cf89ac0c5da33b9d07e21406d627d","isMergeCommit":true,"messageTitle":"Merge branch \u0027master\u0027 of https://github.com/AY2425S1-CS2103T-T09-1/tp into branch-AddApplicationsToEditCommand","messageBody":"","fileTypesAndContributionMap":{}},{"hash":"f641b13a0e047b28b6c0c8670991e198ca3540a5","isMergeCommit":false,"messageTitle":"Fix checkstyle issues","messageBody":"","fileTypesAndContributionMap":{"functional-code":{"insertions":0,"deletions":1},"test-code":{"insertions":0,"deletions":1}}}]},{"date":"2024-10-24","commitResults":[{"hash":"8ef184316f1f89a220e3762021081976b96098a5","isMergeCommit":false,"messageTitle":"Expand find to include application and tags","messageBody":"Searching by company name only will not yield many functional\nresults.\n\nExpanding the find command to include words in application description\nand tags can help users search for companies in the company list more effectively.\n\nThis is done by expanding the test method in NameContainsKeywordsPredicate to include\ncompany application name, description and tags.\n","fileTypesAndContributionMap":{"functional-code":{"insertions":34,"deletions":4},"test-code":{"insertions":132,"deletions":0}}},{"hash":"68e25791fd5b1f489438894bfc675891d15f7090","isMergeCommit":false,"messageTitle":"Fix bugs in NameContainsKeywordsPredicateTest","messageBody":"","fileTypesAndContributionMap":{"test-code":{"insertions":5,"deletions":5}}}]},{"date":"2024-10-25","commitResults":[{"hash":"a116def7c1153871cd77ef50daabb86b08a3ee4a","isMergeCommit":true,"messageTitle":"Merge branch \u0027branch-expandFindCommand\u0027","messageBody":"","fileTypesAndContributionMap":{}},{"hash":"ee435c4bfdba8f00a77ef26108252ef39e37ce60","isMergeCommit":false,"messageTitle":"Add logger to the FindCommandParser","messageBody":"Without a logger, it may be difficult to track where errors occur and\ndocument them properly to aid with debugging in the future.\n\nHaving a logger will help speed up the process of debugging.\n","fileTypesAndContributionMap":{"functional-code":{"insertions":6,"deletions":0}}},{"hash":"3912f8169096a3b64ca32caf9831946ede74dd16","isMergeCommit":false,"messageTitle":"Create a PlantUML sequence diagram for FindCommand","messageBody":"","fileTypesAndContributionMap":{"docs":{"insertions":101,"deletions":0}}}]},{"date":"2024-11-05","commitResults":[{"hash":"59072164224fa340db3d9bc8677e22a96ff2b24a","isMergeCommit":false,"messageTitle":"Update DG user stories to reflect STEM majors","messageBody":"","fileTypesAndContributionMap":{"docs":{"insertions":14,"deletions":14}}},{"hash":"35b6db99fedf8a398e1c8472f8d1e0d9277340cc","isMergeCommit":false,"messageTitle":"Edit formatting of DG under user stories","messageBody":"","fileTypesAndContributionMap":{"docs":{"insertions":20,"deletions":20}}},{"hash":"609339b151a3f2297372458625e6d69cc20619f6","isMergeCommit":true,"messageTitle":"Merge branch \u0027master\u0027 of https://github.com/AY2425S1-CS2103T-T09-1/tp","messageBody":"","fileTypesAndContributionMap":{}},{"hash":"93e44afc4b03121c8ebb0294d24d6a87be61d89f","isMergeCommit":false,"messageTitle":"Add implementation of Find feature in DG","messageBody":"","fileTypesAndContributionMap":{"docs":{"insertions":37,"deletions":0}}}]},{"date":"2024-11-06","commitResults":[{"hash":"0713ee48a026ea43c8e0c14da993c37f5eab5abb","isMergeCommit":true,"messageTitle":"Merge branch \u0027master\u0027 of https://github.com/AY2425S1-CS2103T-T09-1/tp","messageBody":"","fileTypesAndContributionMap":{}},{"hash":"ff14a765929afb36f3ba494dbf7cc0964fe4d700","isMergeCommit":false,"messageTitle":"Edit name of FindCommandParser Logger","messageBody":"","fileTypesAndContributionMap":{"functional-code":{"insertions":2,"deletions":1}}},{"hash":"cbf44cfcde29bf4c611c2d7507dcb4132b3fac22","isMergeCommit":false,"messageTitle":"Add ViewCommand to internbuddy","messageBody":"Without a ViewCommand, users cannot view application details.\nThis will hinder their usage of internbuddy as an internship tracker.\n\nUsers can utilise ViewCommand to view application details of a\nspecific company by index.\n","fileTypesAndContributionMap":{"functional-code":{"insertions":198,"deletions":13},"test-code":{"insertions":255,"deletions":15}}},{"hash":"fa4b8af400a1313e000815628c443184b0606ce5","isMergeCommit":false,"messageTitle":"Add test cases for new ViewCommand","messageBody":"","fileTypesAndContributionMap":{"functional-code":{"insertions":2,"deletions":8},"test-code":{"insertions":87,"deletions":175}}},{"hash":"448a24db9e081e65f443b874003f43eaf6269b97","isMergeCommit":false,"messageTitle":"Add a test case to cover equals in ViewCommand","messageBody":"","fileTypesAndContributionMap":{"test-code":{"insertions":10,"deletions":0}}},{"hash":"d84180d27ebfd98b7fda8f5b93af14cc87fe571b","isMergeCommit":false,"messageTitle":"Remove an unused import","messageBody":"","fileTypesAndContributionMap":{"test-code":{"insertions":0,"deletions":1}}}]},{"date":"2024-11-07","commitResults":[{"hash":"8e760860af9cb8a046e34fc20b8b30b8c4701563","isMergeCommit":false,"messageTitle":"Change isLong to isShowingDetails","messageBody":"","fileTypesAndContributionMap":{"functional-code":{"insertions":29,"deletions":17},"test-code":{"insertions":23,"deletions":23}}},{"hash":"bdb0d812fd58c727a681d9d2814675f753d4e86f","isMergeCommit":false,"messageTitle":"Edit ViewCommand to improve implementation","messageBody":"","fileTypesAndContributionMap":{"functional-code":{"insertions":25,"deletions":7},"test-code":{"insertions":10,"deletions":0}}},{"hash":"64bdd333cf755a50dcd2d58d2693e4e24c1e6f3d","isMergeCommit":false,"messageTitle":"Edit JsonSerializableAddressBookTest to camelCase","messageBody":"","fileTypesAndContributionMap":{"test-code":{"insertions":2,"deletions":2}}},{"hash":"841765c52b6240fb6f3e328bee0fccebe868ca2d","isMergeCommit":false,"messageTitle":"Modify model to implement view and hide methods","messageBody":"Toggling of isShowingDetails was previously done in the ViewCommand,\nis now abstracted to call a method in the model to either hide or show.\n","fileTypesAndContributionMap":{"functional-code":{"insertions":26,"deletions":18},"test-code":{"insertions":4,"deletions":4}}},{"hash":"1e1dfd7afdea82ede48525d505f1842f800045d4","isMergeCommit":true,"messageTitle":"Merge pull request #167 from uniqly/148-editcommand-code-suggestions-and-improvements","messageBody":"EditCommand enhancements","fileTypesAndContributionMap":{}},{"hash":"6e12775b573a5f9c789908d37d6b80ec21e64de9","isMergeCommit":false,"messageTitle":"Edit fav command to prevent re-favouriting","messageBody":"","fileTypesAndContributionMap":{"functional-code":{"insertions":7,"deletions":0},"test-code":{"insertions":20,"deletions":0}}},{"hash":"d75bec9edc57d4b736c1273924b499ba12a9a52b","isMergeCommit":false,"messageTitle":"Remove unimplemented test case","messageBody":"","fileTypesAndContributionMap":{"test-code":{"insertions":0,"deletions":20}}},{"hash":"b16c87e08799b744c6e9903f360b29ca62f6e6c3","isMergeCommit":false,"messageTitle":"Edit UnfavCommand to prevent re-unfavouriting","messageBody":"","fileTypesAndContributionMap":{"functional-code":{"insertions":7,"deletions":0}}},{"hash":"4708c89defaca0f080eba8f9620ddbd2e4586a54","isMergeCommit":true,"messageTitle":"Merge branch \u0027master\u0027 of https://github.com/AY2425S1-CS2103T-T09-1/tp into branch-editFavCommandAlreadyFavourited","messageBody":"","fileTypesAndContributionMap":{}},{"hash":"f1cc464f84c318c5327a3456c6c50b110056d362","isMergeCommit":false,"messageTitle":"Make minor edits to work on bug fixing","messageBody":"","fileTypesAndContributionMap":{"test-code":{"insertions":25,"deletions":1}}},{"hash":"77ac2fbef9fbbe70e00c5665a8aa5f9a2d141399","isMergeCommit":false,"messageTitle":"Change fav and unfav command to throw error","messageBody":"","fileTypesAndContributionMap":{"functional-code":{"insertions":2,"deletions":2},"test-code":{"insertions":13,"deletions":17}}},{"hash":"b34b1ca38c6bd73eea70afe116a0e560efdc9825","isMergeCommit":false,"messageTitle":"Fix bugs in the code for favCommand","messageBody":"","fileTypesAndContributionMap":{"functional-code":{"insertions":2,"deletions":2},"test-code":{"insertions":31,"deletions":28}}},{"hash":"a84105ad43525565a57c87794eed3ddd458d11b8","isMergeCommit":true,"messageTitle":"Merge branch \u0027master\u0027 of https://github.com/AY2425S1-CS2103T-T09-1/tp into branch-editFavCommandAlreadyFavourited","messageBody":"","fileTypesAndContributionMap":{}},{"hash":"714d0840c57029911b34bf79463c0d417a7930a9","isMergeCommit":false,"messageTitle":"Fix some bugs","messageBody":"","fileTypesAndContributionMap":{"test-code":{"insertions":1,"deletions":1}}}]}],"uniqly":[{"date":"2024-10-01","commitResults":[{"hash":"5682cdd1a8e1d6d2d97747e066d386edb4b1b935","isMergeCommit":false,"messageTitle":"Update AboutUs with Simon\u0027s info","messageBody":"","fileTypesAndContributionMap":{"docs":{"insertions":22,"deletions":6}}},{"hash":"aac7b6785be94014601145cdaee00e2077460076","isMergeCommit":true,"messageTitle":"Merge branch \u0027master\u0027 of https://github.com/AY2425S1-CS2103T-T09-1/tp into 18-update-simons-aboutus","messageBody":"","fileTypesAndContributionMap":{}},{"hash":"be88653938538cac430d39539e020e791d9d7676","isMergeCommit":true,"messageTitle":"Merge pull request #27 from uniqly/18-update-simons-aboutus","messageBody":"Update AboutUs with Simon\u0027s info","fileTypesAndContributionMap":{}},{"hash":"fd1ea71ce14d6f65617a41d0f6fb1d0721eaf215","isMergeCommit":true,"messageTitle":"Merge pull request #26 from realqijun/branch-AboutUs","messageBody":"Add AboutUs and Portfolio for Qi Jun","fileTypesAndContributionMap":{}},{"hash":"a788983d098b3b440357d14dddcdc8dcaf92554a","isMergeCommit":false,"messageTitle":"Fix issues in AboutUs","messageBody":"","fileTypesAndContributionMap":{"docs":{"insertions":10,"deletions":8}}}]},{"date":"2024-10-02","commitResults":[{"hash":"4587928fd0f1daac55e53ee25d7bbfc28490bacf","isMergeCommit":false,"messageTitle":"Update user stories","messageBody":"","fileTypesAndContributionMap":{"docs":{"insertions":23,"deletions":8}}}]},{"date":"2024-10-03","commitResults":[{"hash":"b071e36ecfc8bd8e7e570154262795c50d48e0d1","isMergeCommit":false,"messageTitle":"Update use cases","messageBody":"","fileTypesAndContributionMap":{"docs":{"insertions":173,"deletions":32}}},{"hash":"bbdc246c57f8dff0b3d361ad23f61d2a3a48a940","isMergeCommit":true,"messageTitle":"Merge branch \u0027master\u0027 of https://github.com/AY2425S1-CS2103T-T09-1/tp into 25-update-dg","messageBody":"","fileTypesAndContributionMap":{}},{"hash":"51c3f7efd249df2cc0975f5cc84d116382c34a27","isMergeCommit":false,"messageTitle":"Update project scope in DG","messageBody":"","fileTypesAndContributionMap":{"docs":{"insertions":2,"deletions":2}}},{"hash":"df61e00affb76ec7eda1f6140e786d52767f7efd","isMergeCommit":false,"messageTitle":"Update NFR and Glossary in DG","messageBody":"","fileTypesAndContributionMap":{"docs":{"insertions":6,"deletions":1}}},{"hash":"302faf376f03ed7907c7692dd8b163fba8b8478b","isMergeCommit":false,"messageTitle":"Update links in DG to dereference AB3","messageBody":"","fileTypesAndContributionMap":{"docs":{"insertions":6,"deletions":6}}}]},{"date":"2024-10-09","commitResults":[{"hash":"b85338d84e0a8b35a585c6679d316d49fbd863c0","isMergeCommit":false,"messageTitle":"Add JsonAdaptedCompany.java","messageBody":"","fileTypesAndContributionMap":{"functional-code":{"insertions":118,"deletions":0}}},{"hash":"e538908b7b604cc7202c2140d2885bc83710c23b","isMergeCommit":false,"messageTitle":"Clean up `internbuddy.util` package","messageBody":"","fileTypesAndContributionMap":{"functional-code":{"insertions":85,"deletions":571},"test-code":{"insertions":22,"deletions":22}}},{"hash":"943de95efca952030324446c330a2370ea1f6b8c","isMergeCommit":false,"messageTitle":"Update tests for `util` package","messageBody":"","fileTypesAndContributionMap":{"test-code":{"insertions":93,"deletions":357}}},{"hash":"3b1e46ba0de0c1cb04bf528a36322ddfbe778097","isMergeCommit":true,"messageTitle":"Merge branch \u002747-clean-up-util-package\u0027 into 43-update-storage-to-match-refactored-classes","messageBody":"","fileTypesAndContributionMap":{}},{"hash":"d9a40b1bb5e4089ce1ab2613968edd207f408c4a","isMergeCommit":false,"messageTitle":"Update JsonSerializableAddressBook.java","messageBody":"","fileTypesAndContributionMap":{"functional-code":{"insertions":11,"deletions":11},"test-code":{"insertions":1,"deletions":1}}},{"hash":"e2af5ccef604aa8aff3b41dd2eb63f741db5379f","isMergeCommit":false,"messageTitle":"Fix AddressBookBuilder.java","messageBody":"","fileTypesAndContributionMap":{"test-code":{"insertions":7,"deletions":40}}}]},{"date":"2024-10-10","commitResults":[{"hash":"83e186276436a4fb92e0e92158fc5d5c5fddb515","isMergeCommit":true,"messageTitle":"Merge branch \u0027master\u0027 of https://github.com/AY2425S1-CS2103T-T09-1/tp into 43-update-storage-to-match-refactored-classes","messageBody":"","fileTypesAndContributionMap":{}},{"hash":"8b3952f3dc876d244d405b26e876f73c54baa0c1","isMergeCommit":false,"messageTitle":"Update test cases","messageBody":"","fileTypesAndContributionMap":{"functional-code":{"insertions":10,"deletions":0},"test-code":{"insertions":393,"deletions":436}}},{"hash":"0e9f97c057677587b06614ae586028ebd8bd6be2","isMergeCommit":false,"messageTitle":"Fix test for AddCommandParser","messageBody":"","fileTypesAndContributionMap":{"test-code":{"insertions":3,"deletions":2}}},{"hash":"51f814eb68a55a6c82d0c9947dc5eb7393d4f4f4","isMergeCommit":false,"messageTitle":"Fix checkstyle errors","messageBody":"","fileTypesAndContributionMap":{"functional-code":{"insertions":8,"deletions":10},"test-code":{"insertions":63,"deletions":40}}},{"hash":"95bc3b0bd863f3b0b0fd50f22b81114da7a368f5","isMergeCommit":false,"messageTitle":"Replace SampleDataUtil with company data","messageBody":"","fileTypesAndContributionMap":{"functional-code":{"insertions":19,"deletions":79}}},{"hash":"1aaa449fb0ec58ef54655f76ac3bdd026d3be3ad","isMergeCommit":false,"messageTitle":"Update tests to cover some missing lines","messageBody":"","fileTypesAndContributionMap":{"test-code":{"insertions":26,"deletions":13}}},{"hash":"4d09a3095e77f88a20415dfccada49840133551e","isMergeCommit":false,"messageTitle":"Add test for null status","messageBody":"","fileTypesAndContributionMap":{"test-code":{"insertions":13,"deletions":4}}},{"hash":"e645f4f2c472141d1a47da2d97ee95fd54d680e7","isMergeCommit":false,"messageTitle":"Fix Person being referenced in javadocs","messageBody":"","fileTypesAndContributionMap":{"functional-code":{"insertions":3,"deletions":3},"test-code":{"insertions":2,"deletions":2}}},{"hash":"23e4599956dc5a70cc8de8da88c0ddf44cff4c77","isMergeCommit":true,"messageTitle":"Merge pull request #49 from uniqly/43-update-storage-to-match-refactored-classes","messageBody":"Update `internbuddy.storage` package","fileTypesAndContributionMap":{}}]},{"date":"2024-10-16","commitResults":[{"hash":"ea403ab3c14180c403692fa79f1feced0811de99","isMergeCommit":false,"messageTitle":"Update features in user guide","messageBody":"","fileTypesAndContributionMap":{"docs":{"insertions":17,"deletions":16}}},{"hash":"79eb19585523307cb5820e56b2dd1847dd9b0772","isMergeCommit":false,"messageTitle":"Add Application list to Company","messageBody":"","fileTypesAndContributionMap":{"functional-code":{"insertions":14,"deletions":3}}},{"hash":"eae129ab57d6d44a717b131f7df7a6c69bfa212c","isMergeCommit":false,"messageTitle":"Update storage structure","messageBody":"","fileTypesAndContributionMap":{"functional-code":{"insertions":82,"deletions":4}}},{"hash":"edc8f7f77dfe4b0f6a86ff6649fa51443185e5d8","isMergeCommit":false,"messageTitle":"Integrate new storage","messageBody":"","fileTypesAndContributionMap":{"functional-code":{"insertions":43,"deletions":13}}},{"hash":"dfe3c1ec508c4bbee838eef87b6905f0ff5710cc","isMergeCommit":false,"messageTitle":"Update test cases for new storage","messageBody":"","fileTypesAndContributionMap":{"test-code":{"insertions":101,"deletions":18}}},{"hash":"c2824d350caf8466b302d159143edc9160919c57","isMergeCommit":false,"messageTitle":"Remove extra whitespace in Company.java","messageBody":"","fileTypesAndContributionMap":{"functional-code":{"insertions":1,"deletions":1}}},{"hash":"cc1eaa4d4f978241454d1ff70d8884e97c266487","isMergeCommit":false,"messageTitle":"Fix missing test coverage for Company#equals()","messageBody":"","fileTypesAndContributionMap":{"test-code":{"insertions":6,"deletions":1}}},{"hash":"c0167206d18f14d4fb1fbe05c70a2307dc4a0a12","isMergeCommit":true,"messageTitle":"Merge branch \u0027master\u0027 of https://github.com/AY2425S1-CS2103T-T09-1/tp into 55-update-user-guide","messageBody":"","fileTypesAndContributionMap":{}}]},{"date":"2024-10-17","commitResults":[{"hash":"075330a2a41bfddd4b8f5604001b11d53a01379d","isMergeCommit":false,"messageTitle":"Replace mentions of AB3 with InterBuddy in user guide","messageBody":"","fileTypesAndContributionMap":{"docs":{"insertions":3,"deletions":3}}},{"hash":"8ed0edc637a3a27432c3d5f630b85cf93336f2ea","isMergeCommit":false,"messageTitle":"Include new features in user guide","messageBody":"","fileTypesAndContributionMap":{"docs":{"insertions":39,"deletions":11}}},{"hash":"ed349270018e85d014f88db9dc2e3e4c6c828c74","isMergeCommit":false,"messageTitle":"Update phone and address to handle optional inputs","messageBody":"","fileTypesAndContributionMap":{"functional-code":{"insertions":53,"deletions":23}}},{"hash":"8ac3329447717b97bb1aa6449fab390fbc69f903","isMergeCommit":false,"messageTitle":"Update tests for optional params","messageBody":"","fileTypesAndContributionMap":{"test-code":{"insertions":34,"deletions":14}}},{"hash":"34e14f6443950a1d2bcf9109c32353672a9da9f1","isMergeCommit":false,"messageTitle":"Hide internal value of address and phone","messageBody":"","fileTypesAndContributionMap":{"functional-code":{"insertions":30,"deletions":14}}},{"hash":"d046cbc67012613ffaa2285d54427a1089fe952b","isMergeCommit":false,"messageTitle":"Remove AB3 mentions in index.md","messageBody":"","fileTypesAndContributionMap":{"docs":{"insertions":5,"deletions":5}}},{"hash":"bb8c7024bde1682ae2c7b15f3320cfe281bd7787","isMergeCommit":true,"messageTitle":"Merge branch \u0027master\u0027 of https://github.com/AY2425S1-CS2103T-T09-1/tp into 55-update-user-guide","messageBody":"","fileTypesAndContributionMap":{}},{"hash":"81e40d8944cdffd6843ef35602d8b53c36516432","isMergeCommit":false,"messageTitle":"Remove missed AB3 instance in user guide","messageBody":"","fileTypesAndContributionMap":{"docs":{"insertions":1,"deletions":1}}},{"hash":"0fbb3d4cae2b300b1cb82e6067624a2ad30f3034","isMergeCommit":true,"messageTitle":"Merge pull request #69 from meerkatboy/branch-AddApplicationsToEditCommand","messageBody":"Branch add applications to edit command","fileTypesAndContributionMap":{}},{"hash":"b6e444c00d6ea05b26912122e1d1416029f20e1d","isMergeCommit":false,"messageTitle":"Fix typo in index.md","messageBody":"","fileTypesAndContributionMap":{"docs":{"insertions":1,"deletions":1}}},{"hash":"0f050db3073a05357689c756204b5c328e4bc223","isMergeCommit":false,"messageTitle":"Fix logical inconsistencies in user guide","messageBody":"","fileTypesAndContributionMap":{"docs":{"insertions":21,"deletions":19}}}]},{"date":"2024-10-22","commitResults":[{"hash":"a1f03d7611baefb92f6c0c3d9d8ac2682b098015","isMergeCommit":false,"messageTitle":"Update DG Design section","messageBody":"","fileTypesAndContributionMap":{"docs":{"insertions":55,"deletions":33}}},{"hash":"e7ff1c487584e737ecafd69f6602c2173040396d","isMergeCommit":false,"messageTitle":"Update withdraw command to take prefixes","messageBody":"","fileTypesAndContributionMap":{"functional-code":{"insertions":37,"deletions":9}}}]},{"date":"2024-10-23","commitResults":[{"hash":"527d2454dc49f6f1aab8e128932e884bd610edff","isMergeCommit":false,"messageTitle":"Update tests for withdraw command","messageBody":"","fileTypesAndContributionMap":{"functional-code":{"insertions":19,"deletions":5},"test-code":{"insertions":99,"deletions":3}}},{"hash":"183646c7c33acec020eb567fc861698616e02b96","isMergeCommit":false,"messageTitle":"Fix checkstyle errors and typos","messageBody":"","fileTypesAndContributionMap":{"functional-code":{"insertions":2,"deletions":2}}},{"hash":"2960b0393e69c33f9da666895eea10f728e2736c","isMergeCommit":false,"messageTitle":"Update user guide for withdraw","messageBody":"","fileTypesAndContributionMap":{"docs":{"insertions":3,"deletions":3}}},{"hash":"b02f55bef5518becce5cc82e02e42d417c7eb94c","isMergeCommit":false,"messageTitle":"Add ArgMutlimap#arePrefixesPresent()","messageBody":"","fileTypesAndContributionMap":{"functional-code":{"insertions":10,"deletions":24}}},{"hash":"394a88d390409d1c052ae9c23af60d868294e4a1","isMergeCommit":false,"messageTitle":"Fix list filtering desync with internal list","messageBody":"","fileTypesAndContributionMap":{"functional-code":{"insertions":11,"deletions":10},"docs":{"insertions":2,"deletions":2}}},{"hash":"a69fec521d51a628001b7e039973ec3955597d74","isMergeCommit":false,"messageTitle":"Remove redudant AddCommandParser#arePrefixesPresent()","messageBody":"","fileTypesAndContributionMap":{"functional-code":{"insertions":0,"deletions":9}}},{"hash":"e8550538b9baaa5c4cdd6b64621f9f8e5ba72f47","isMergeCommit":false,"messageTitle":"Update logo to be on the left of page name","messageBody":"","fileTypesAndContributionMap":{"docs":{"insertions":13,"deletions":2}}},{"hash":"cd6ee72f38c58266f93e3f9b5c12c4f8664ed4a1","isMergeCommit":false,"messageTitle":"Fix typo in DG","messageBody":"","fileTypesAndContributionMap":{"docs":{"insertions":1,"deletions":1}}},{"hash":"2a5b5a5a928299cfad014a349f1b6f57d42d5a0a","isMergeCommit":false,"messageTitle":"Remove unused import in AddCommandParser","messageBody":"","fileTypesAndContributionMap":{"functional-code":{"insertions":0,"deletions":1}}},{"hash":"39501941772a6c64a479856020137d07a63e1f2b","isMergeCommit":true,"messageTitle":"Merge branch \u0027master\u0027 of https://github.com/AY2425S1-CS2103T-T09-1/tp into 109-when-applying-and-withdrawing-applications-the-resulting-list-gets-misordered","messageBody":"","fileTypesAndContributionMap":{}},{"hash":"39848239da3a57889a4b82452764b8fa8f698e72","isMergeCommit":true,"messageTitle":"Merge pull request #110 from uniqly/109-when-applying-and-withdrawing-applications-the-resulting-list-gets-misordered","messageBody":"Fix list filtering desync with internal list","fileTypesAndContributionMap":{}}]},{"date":"2024-11-05","commitResults":[{"hash":"db2588dafb4d9037ecc92a759e736028f2348ffb","isMergeCommit":false,"messageTitle":"Update UG with overview of internbuddy","messageBody":"","fileTypesAndContributionMap":{"docs":{"insertions":101,"deletions":25}}},{"hash":"41ae2f0969e0e76d0f6dff04842b4517fc17866f","isMergeCommit":true,"messageTitle":"Merge pull request #127 from Shux347/branch-update-find-UG","messageBody":"update UG for find command","fileTypesAndContributionMap":{}},{"hash":"b3a639e72605dcddac11ec288f053a9a469a73c9","isMergeCommit":false,"messageTitle":"Update DG with manual test cases","messageBody":"","fileTypesAndContributionMap":{"docs":{"insertions":234,"deletions":11}}},{"hash":"28c3daeae2dc70bf1af848a3d9397f91c2c798ef","isMergeCommit":true,"messageTitle":"Merge pull request #138 from meerkatboy/branch-changeDGUserStories","messageBody":"Change DG User Stories, add PUML and Logger","fileTypesAndContributionMap":{}}]},{"date":"2024-11-06","commitResults":[{"hash":"f35372ddfaf9198cdc2e13eb8aac1e7d2aae8113","isMergeCommit":false,"messageTitle":"Update Name#equals() for same values but different case","messageBody":"","fileTypesAndContributionMap":{"functional-code":{"insertions":7,"deletions":2},"docs":{"insertions":5,"deletions":0},"test-code":{"insertions":4,"deletions":5}}},{"hash":"c38e135446539294766613d324cc89cb6eee5db2","isMergeCommit":false,"messageTitle":"Add logging for duplicate company in data file","messageBody":"","fileTypesAndContributionMap":{"functional-code":{"insertions":5,"deletions":0}}},{"hash":"97ee4e1009e52b7bf052a46c992401e202a19f2e","isMergeCommit":false,"messageTitle":"Adding logging to storage package","messageBody":"","fileTypesAndContributionMap":{"functional-code":{"insertions":31,"deletions":1},"test-code":{"insertions":2,"deletions":2}}},{"hash":"1d4cf72746f193d99a38199860df23cd571709f6","isMergeCommit":false,"messageTitle":"Add logging to storage package","messageBody":"","fileTypesAndContributionMap":{"functional-code":{"insertions":26,"deletions":16}}},{"hash":"5da678cbec7db949edad77bbe431ce24424a0441","isMergeCommit":false,"messageTitle":"Fix missing error checks for reading data file","messageBody":"","fileTypesAndContributionMap":{"functional-code":{"insertions":8,"deletions":0}}},{"hash":"fdf36b20c0cb170dba72ba1be7bb4fa936428e97","isMergeCommit":true,"messageTitle":"Merge pull request #147 from Shux347/branch-fix-typo-in-find-command","messageBody":"Add spacing to find message_usage","fileTypesAndContributionMap":{}},{"hash":"c41b5410dc58f1335d5f41783c2cf65c3d2d557d","isMergeCommit":true,"messageTitle":"Merge pull request #163 from uniqly/150-editcommand-case-sensitivity-in-duplicate-detection","messageBody":"Fix ability to add duplicate companies with different casing and data loading bug caused by invalid status and IsFavourite","fileTypesAndContributionMap":{}}]},{"date":"2024-11-07","commitResults":[{"hash":"8684d84f01c4c31ce4221cbdc7888f3479b7ecf5","isMergeCommit":false,"messageTitle":"Refactor Status using enums","messageBody":"","fileTypesAndContributionMap":{"functional-code":{"insertions":60,"deletions":30},"test-code":{"insertions":40,"deletions":16}}},{"hash":"7d95738cbfc4f16857e4cdbb7f0352378afa4a32","isMergeCommit":false,"messageTitle":"Update results of edit to only show changes","messageBody":"","fileTypesAndContributionMap":{"functional-code":{"insertions":54,"deletions":5},"test-code":{"insertions":18,"deletions":13}}},{"hash":"c2f400b3824311c85eb11a4f2fd96db25bc0dd27","isMergeCommit":true,"messageTitle":"Merge pull request #133 from realqijun/branch-user-guide","messageBody":"Format UserGuide","fileTypesAndContributionMap":{}},{"hash":"91d89e6ad4c6c209b86d6c7e6eea1d6a45938af1","isMergeCommit":false,"messageTitle":"Update index errors to be more specific","messageBody":"","fileTypesAndContributionMap":{"functional-code":{"insertions":26,"deletions":16},"test-code":{"insertions":56,"deletions":26}}},{"hash":"84330a7906ac3c1b96b71413dfe17e221cda201a","isMergeCommit":false,"messageTitle":"Update withdraw to inform about CLOSED Status","messageBody":"","fileTypesAndContributionMap":{"functional-code":{"insertions":8,"deletions":2},"test-code":{"insertions":1,"deletions":1}}},{"hash":"6ad46fb159f8f7669af29b8d2eb9c087e3cad8fe","isMergeCommit":false,"messageTitle":"Update application#toString()","messageBody":"","fileTypesAndContributionMap":{"functional-code":{"insertions":6,"deletions":7},"test-code":{"insertions":7,"deletions":4}}},{"hash":"92ce59d672d950093fe6290d85a0779df0fd96ce","isMergeCommit":false,"messageTitle":"Fix formmating error in UG","messageBody":"","fileTypesAndContributionMap":{"docs":{"insertions":16,"deletions":4}}},{"hash":"bd064826254df16ebc8427945f1a4b5d57c35839","isMergeCommit":true,"messageTitle":"Merge branch \u0027master\u0027 into branch-addViewCommand","messageBody":"","fileTypesAndContributionMap":{}},{"hash":"0bf73ab6f99ed0e713900acde8e762f6dad11e2a","isMergeCommit":false,"messageTitle":"Fix typo in ApplyCommand","messageBody":"","fileTypesAndContributionMap":{"functional-code":{"insertions":1,"deletions":1}}},{"hash":"9514012e0ca2319d7443eea985f548c41c17a45d","isMergeCommit":true,"messageTitle":"Merge pull request #162 from meerkatboy/branch-addViewCommand","messageBody":"Add View Command","fileTypesAndContributionMap":{}},{"hash":"3c625e25bf7c2c7f3019d68346480367c1891991","isMergeCommit":false,"messageTitle":"Update DG for fav/unfav commands","messageBody":"","fileTypesAndContributionMap":{"docs":{"insertions":87,"deletions":28}}},{"hash":"53736f455074f3ac1df06b79ee6f42a056cafd0e","isMergeCommit":false,"messageTitle":"Update UG with view command","messageBody":"","fileTypesAndContributionMap":{"docs":{"insertions":38,"deletions":17}}},{"hash":"eee8779c719ec600471bd72b42c3d6a436488a11","isMergeCommit":false,"messageTitle":"Fix typos in DG for fav/unfav","messageBody":"","fileTypesAndContributionMap":{"docs":{"insertions":5,"deletions":5}}},{"hash":"75ac3167b69979bbd4b17a9b8eeb070e1a9e73b8","isMergeCommit":false,"messageTitle":"Update DG for view command","messageBody":"","fileTypesAndContributionMap":{"docs":{"insertions":134,"deletions":0}}},{"hash":"09356f44f0b4b13829acd773777c391b62a9a9df","isMergeCommit":true,"messageTitle":"Merge pull request #171 from uniqly/152-withdrawcommand-exception-handling-and-messages","messageBody":"WithdrawCommand (and index based commands) Enhancements","fileTypesAndContributionMap":{}},{"hash":"dadfa15431d9a61d32a58ed9b2f1a024828f7934","isMergeCommit":false,"messageTitle":"Fix compile error due to index exceed message","messageBody":"","fileTypesAndContributionMap":{"functional-code":{"insertions":2,"deletions":1},"test-code":{"insertions":3,"deletions":1}}},{"hash":"ed00b1506f4c636bf9dd83bec31cb06c1e1274d3","isMergeCommit":false,"messageTitle":"Fix checkstyle","messageBody":"","fileTypesAndContributionMap":{"test-code":{"insertions":0,"deletions":2}}},{"hash":"19934acb693cbd3f0ba5be3d21cb626693d09c37","isMergeCommit":true,"messageTitle":"Merge pull request #197 from uniqly/196-build-failure","messageBody":"Fix compile error due to index exceed message","fileTypesAndContributionMap":{}},{"hash":"9205ccebe770ec33ee48840fb55f702c06804b6d","isMergeCommit":true,"messageTitle":"Merge pull request #179 from blanklogic/fix-alpha-bug","messageBody":"Refactor and Enhance FindCommand","fileTypesAndContributionMap":{}},{"hash":"f34da12b595b6cbcdd83b38f7623bedbc753a841","isMergeCommit":true,"messageTitle":"Merge pull request #181 from blanklogic/fix-doc-bug","messageBody":"Remove AddressBook Level-3 reference and redundant Tutorials","fileTypesAndContributionMap":{}},{"hash":"b82bbe8f000154c28479101c47ebf48faf2315cc","isMergeCommit":true,"messageTitle":"Merge pull request #189 from uniqly/186-update-ug-for-favourite-and-unfavourite-commands","messageBody":"Update Developer Guide for fav and unfav feature implementations","fileTypesAndContributionMap":{}},{"hash":"0a160d02555733d27597e7d57dffb9a9c3da0c91","isMergeCommit":true,"messageTitle":"Merge pull request #190 from realqijun/branch-branch","messageBody":"GUI for ViewCommand","fileTypesAndContributionMap":{}},{"hash":"1d6846fac5267d73ff4f588bfaaf3b6de19c5b02","isMergeCommit":true,"messageTitle":"Merge pull request #199 from realqijun/branch-branch","messageBody":"Fix 1 JavaFX warning","fileTypesAndContributionMap":{}},{"hash":"376b3267dfad69f3a746990057cde0d410e7e391","isMergeCommit":true,"messageTitle":"Merge pull request #194 from meerkatboy/branch-editFavCommandAlreadyFavourited","messageBody":"Enhance fav and unfav command for favourited and unfavourited Company","tags":["Release-v1.5"],"fileTypesAndContributionMap":{}}]}],"realqijun":[{"date":"2024-10-01","commitResults":[{"hash":"ff750a5ade031eda40ead7b6fb93b0388a0dd993","isMergeCommit":false,"messageTitle":"Add AboutUs and Portfolio for Qi Jun","messageBody":"","fileTypesAndContributionMap":{"docs":{"insertions":17,"deletions":8}}},{"hash":"4666c537d955165405f0a4eaffa0fead0da9412e","isMergeCommit":true,"messageTitle":"Merge pull request #24 from meerkatboy/branch-UpdateErwinAboutUs","messageBody":"Update Erwin AboutUs","fileTypesAndContributionMap":{}},{"hash":"bd6d673caea8f5515523fcbe80c8309115063c6f","isMergeCommit":false,"messageTitle":"Pull from Upstream and Change roles","messageBody":"","fileTypesAndContributionMap":{"docs":{"insertions":2,"deletions":2}}},{"hash":"b3c496ea3f87699dfd00f6eab37ca2c81a8ad7c6","isMergeCommit":true,"messageTitle":"Fix merge conflicts","messageBody":"","fileTypesAndContributionMap":{}},{"hash":"3c93277a338b2d97e46d7c71c395adceb216ed95","isMergeCommit":true,"messageTitle":"Merge branch \u0027master\u0027 of https://github.com/AY2425S1-CS2103T-T09-1/tp","messageBody":"","fileTypesAndContributionMap":{}},{"hash":"b7e0ec4bd498e9125f0f6940546090b23ebfa960","isMergeCommit":true,"messageTitle":"Resolve merge conflict with latest master","messageBody":"","fileTypesAndContributionMap":{}}]},{"date":"2024-10-10","commitResults":[{"hash":"58296693029d493acf75061fcdc002ad9c49042a","isMergeCommit":false,"messageTitle":"Add several icon images","messageBody":"","fileTypesAndContributionMap":{"functional-code":{"insertions":361,"deletions":3},"other":{"insertions":1,"deletions":1}}},{"hash":"3616957cf9a2234eb216a9f3ed84a1f381bd14de","isMergeCommit":true,"messageTitle":"Merge branch \u0027master\u0027 into branch-modify-GUI","messageBody":"","fileTypesAndContributionMap":{}}]},{"date":"2024-10-12","commitResults":[{"hash":"431a10e3a2fe1693ee6f453c45b27207553b6858","isMergeCommit":true,"messageTitle":"Merge branch \u0027master\u0027 into branch-modify-GUI","messageBody":"","fileTypesAndContributionMap":{}},{"hash":"2a6fed037bdbc956045a6aec21c4dff438827adc","isMergeCommit":false,"messageTitle":"Modify GUI view to match first mockup","messageBody":"Original GUI was plain dark gray and rigid.\n\nChange background colors to some stackpanes and\nchange font size and font for some text. Also\nadded comments to identify what was changed from\noriginal and also to label which components were\nresponsible for what.\n\nWhen window is resized to become larger, a gray\nbox appears under the company-view, unable to\ntarget it currently.\n","fileTypesAndContributionMap":{"functional-code":{"insertions":53,"deletions":387}}}]},{"date":"2024-10-15","commitResults":[{"hash":"3574d5838aaa72faf71e8c907a4554ec153c4b5c","isMergeCommit":false,"messageTitle":"Increase padding and change tag colours","messageBody":"","fileTypesAndContributionMap":{"functional-code":{"insertions":3,"deletions":2}}}]},{"date":"2024-10-16","commitResults":[{"hash":"5f390f978fc9cbaf29c24530e97f55f72b1e42d4","isMergeCommit":false,"messageTitle":"Add Application Label to Company Card GUI","messageBody":"Applications are not displayed in GUI and\noptional fields were still being displayed.\n\nAdd methods in CompanyCard to handle these.\n","fileTypesAndContributionMap":{"functional-code":{"insertions":47,"deletions":3}}},{"hash":"8608209f407fd6058bfcb31d23a58a37bdfbbb25","isMergeCommit":false,"messageTitle":"Modify logic for CompanyCard GUI","messageBody":"","fileTypesAndContributionMap":{"functional-code":{"insertions":1,"deletions":1}}}]},{"date":"2024-10-17","commitResults":[{"hash":"7eee5ef1ed4ac88164ab280d803bfa49a6c92b88","isMergeCommit":false,"messageTitle":"Modify application index on company card","messageBody":"","fileTypesAndContributionMap":{"functional-code":{"insertions":1,"deletions":1}}},{"hash":"84b4aa30f90baff9d6e45c18386cf92b0d8a0edf","isMergeCommit":false,"messageTitle":"Refactor expandApplications method to inline","messageBody":"","fileTypesAndContributionMap":{"functional-code":{"insertions":9,"deletions":18}}},{"hash":"2bbcd00b546b049115f6e10cc6fa38cb509ec3e5","isMergeCommit":false,"messageTitle":"Add AppStatus in CompanyCard and update Ui img","messageBody":"","fileTypesAndContributionMap":{"functional-code":{"insertions":14,"deletions":0}}},{"hash":"c0a1781b4133de9b46e6f63e58def165594928c5","isMergeCommit":false,"messageTitle":"Modify HelpWindow link to correct page","messageBody":"","fileTypesAndContributionMap":{"functional-code":{"insertions":1,"deletions":1}}},{"hash":"0c255419c83a471d0cd613eac4640b1189e72896","isMergeCommit":true,"messageTitle":"Merge branch \u0027master\u0027 into branch-Application-GUI","messageBody":"","fileTypesAndContributionMap":{}},{"hash":"1c9c3c61543ba92916568f5286dcb45693636a19","isMergeCommit":false,"messageTitle":"Change Help Window colors","messageBody":"","fileTypesAndContributionMap":{"functional-code":{"insertions":2,"deletions":2}}},{"hash":"94a05617b178c43e246934d91340ac2acb1e3b09","isMergeCommit":false,"messageTitle":"Modify display fields of Application","messageBody":"","fileTypesAndContributionMap":{"functional-code":{"insertions":7,"deletions":5}}},{"hash":"4b602c861a7050c8fea83b3ee835fbc908768d53","isMergeCommit":true,"messageTitle":"Merge branch \u0027master\u0027 into branch-README","messageBody":"","fileTypesAndContributionMap":{}},{"hash":"87a7e16d4019b307478ff429a0b5e756528300b6","isMergeCommit":false,"messageTitle":"Add UserGuide screenshots","messageBody":"","fileTypesAndContributionMap":{"docs":{"insertions":2,"deletions":2}}},{"hash":"df77d42f0b088a5f00bdbeb7c041eb840c7e18b7","isMergeCommit":true,"messageTitle":"Merge branch \u0027master\u0027 into branch-Application-GUI","messageBody":"","fileTypesAndContributionMap":{}},{"hash":"d9ecc1047d90ba9ac7e65fbda02a52108ffed4b2","isMergeCommit":false,"messageTitle":"Modify Application display","messageBody":"","fileTypesAndContributionMap":{"functional-code":{"insertions":1,"deletions":1}}}]},{"date":"2024-10-21","commitResults":[{"hash":"d870b3bc8d227d068c17e3690d261eefa03ba3ac","isMergeCommit":false,"messageTitle":"Add logic to display favourited companies first","messageBody":"","fileTypesAndContributionMap":{"functional-code":{"insertions":9,"deletions":1}}},{"hash":"243f66c8e3cf43e9857ca59533f258cffe7b2d0d","isMergeCommit":false,"messageTitle":"Fix checkstyle","messageBody":"","fileTypesAndContributionMap":{"functional-code":{"insertions":8,"deletions":8}}},{"hash":"c89386b2ef596537f40c5b96c02f9e559f15f632","isMergeCommit":false,"messageTitle":"Add Glossary to UserGuide and move Summary","messageBody":"","fileTypesAndContributionMap":{"docs":{"insertions":31,"deletions":12}}},{"hash":"74f3ec5f1b95555623d0ee2dcbacd77b3a03223c","isMergeCommit":false,"messageTitle":"Change footnote format","messageBody":"","fileTypesAndContributionMap":{"docs":{"insertions":1,"deletions":2}}},{"hash":"8e636b0b05beb62f638151cddee3dbc1af501f96","isMergeCommit":false,"messageTitle":"Add footnotes until Parameter","messageBody":"","fileTypesAndContributionMap":{"docs":{"insertions":20,"deletions":20}}},{"hash":"bfd3847d6725bd939c300888d8eaceed82d9d8bb","isMergeCommit":false,"messageTitle":"Remove footnotes, add link to top, faq and tbsht","messageBody":"","fileTypesAndContributionMap":{"docs":{"insertions":50,"deletions":22}}},{"hash":"95817222fa567fb49b07b4646298a002cf19ff48","isMergeCommit":false,"messageTitle":"Remove unsupported header format","messageBody":"","fileTypesAndContributionMap":{"docs":{"insertions":0,"deletions":2}}}]},{"date":"2024-10-22","commitResults":[{"hash":"2c16ebe2c1788ab1239c4b3f40d518dc43da6939","isMergeCommit":false,"messageTitle":"Change userguide logo source","messageBody":"","fileTypesAndContributionMap":{"docs":{"insertions":1,"deletions":1}}}]},{"date":"2024-10-24","commitResults":[{"hash":"e2188b989f3e9c36dd9b8b7ff60d4a91f2f2becc","isMergeCommit":false,"messageTitle":"Add favourite image to company cards","messageBody":"","fileTypesAndContributionMap":{"functional-code":{"insertions":25,"deletions":0},"docs":{"insertions":54,"deletions":0}}},{"hash":"a86b65d81a04eae2f78b114d9a260731469ce2d8","isMergeCommit":false,"messageTitle":"Fix favourite star image logic + oop","messageBody":"","fileTypesAndContributionMap":{"functional-code":{"insertions":36,"deletions":25}}},{"hash":"fd51f1dbe4f89b3ce10f0a906fd5ee6d126b2280","isMergeCommit":false,"messageTitle":"Remove edited DG","messageBody":"","fileTypesAndContributionMap":{"docs":{"insertions":0,"deletions":8}}},{"hash":"65f9f8920334cda06240dbb77d168057e5352999","isMergeCommit":false,"messageTitle":"Add ApplyDiagram","messageBody":"","fileTypesAndContributionMap":{"docs":{"insertions":28,"deletions":0}}},{"hash":"e82e7f87040a5fd92b1b8627989896caf7e2cf7a","isMergeCommit":false,"messageTitle":"Remove extra diagram","messageBody":"","fileTypesAndContributionMap":{"docs":{"insertions":0,"deletions":46}}},{"hash":"914866af08d43e1a91221979b211875f89cce086","isMergeCommit":false,"messageTitle":"Add ApplyActivityDiagram","messageBody":"","fileTypesAndContributionMap":{"docs":{"insertions":27,"deletions":0}}},{"hash":"f6154c6e04c22e8e9e073d9a7f6aa5c742853b9c","isMergeCommit":true,"messageTitle":"Merge branch \u0027master\u0027 into branch-developer-guide","messageBody":"","fileTypesAndContributionMap":{}},{"hash":"48951c4ad6c29e1a3a54d8062eb8574001e75d11","isMergeCommit":false,"messageTitle":"Include ApplyCommandActivity in DeveloperGuide","messageBody":"","fileTypesAndContributionMap":{"docs":{"insertions":3,"deletions":0}}},{"hash":"826d30b6918808fd8d4b70e078c63bf118e975eb","isMergeCommit":false,"messageTitle":"Fix checkstyle","messageBody":"","fileTypesAndContributionMap":{"docs":{"insertions":1,"deletions":29}}},{"hash":"55c3f93a8626a337bd22e826cce6380dd4b4c14e","isMergeCommit":false,"messageTitle":"Add assertions and remove commented code","messageBody":"","fileTypesAndContributionMap":{"functional-code":{"insertions":3,"deletions":5}}},{"hash":"2895e281492bcf661db56eed18c79e1f8288382f","isMergeCommit":true,"messageTitle":"Merge branch \u0027master\u0027 into branch-developer-guide","messageBody":"","fileTypesAndContributionMap":{}},{"hash":"f0f249aa3c2991447fd0901c9596c95c92898de9","isMergeCommit":false,"messageTitle":"Add log message in UiManager","messageBody":"","fileTypesAndContributionMap":{"functional-code":{"insertions":1,"deletions":0}}},{"hash":"906a98a645b7c5d94a0a7e7226391303e21b8eef","isMergeCommit":false,"messageTitle":"Add node in ApplyActivityDiagram","messageBody":"","fileTypesAndContributionMap":{"docs":{"insertions":1,"deletions":0}}}]},{"date":"2024-11-03","commitResults":[{"hash":"bc433625c225e98b3b55b9857ebc4734855dd82d","isMergeCommit":false,"messageTitle":"Change result for apply, fav and unfav command","messageBody":"","fileTypesAndContributionMap":{"functional-code":{"insertions":4,"deletions":4},"test-code":{"insertions":7,"deletions":3}}},{"hash":"bbe3c01ddb0af7bf5e96f2c9fd2fb8eb314546b0","isMergeCommit":false,"messageTitle":"Change error color and make results wrap text","messageBody":"","fileTypesAndContributionMap":{"functional-code":{"insertions":2,"deletions":2}}},{"hash":"19f3efe504f0cad5eb27f181aa8bfa2ccc166b8d","isMergeCommit":false,"messageTitle":"Modify gui and edit ApplyCommand example","messageBody":"","fileTypesAndContributionMap":{"functional-code":{"insertions":45,"deletions":31}}},{"hash":"c58736e7f3d7fdbc607a5c4da5cee13ce411bef1","isMergeCommit":false,"messageTitle":"Remove extra images and update some","messageBody":"","fileTypesAndContributionMap":{"functional-code":{"insertions":0,"deletions":1}}},{"hash":"6558522d8479d5b9869a8d9c0ec6b03d01c101d7","isMergeCommit":true,"messageTitle":"Merge branch \u0027branch-modify-GUI\u0027 into branch-user-guide","messageBody":"","fileTypesAndContributionMap":{}},{"hash":"40e404659ff4226bc66ecdb0f319f14cb64df3d8","isMergeCommit":false,"messageTitle":"Format UserGuide","messageBody":"","fileTypesAndContributionMap":{"docs":{"insertions":80,"deletions":28}}}]},{"date":"2024-11-05","commitResults":[{"hash":"d6967146e0712d63f90315c65e3f706d25b17b66","isMergeCommit":true,"messageTitle":"Fix merge conflicts","messageBody":"","fileTypesAndContributionMap":{}}]},{"date":"2024-11-06","commitResults":[{"hash":"250685cdc08de240769caca248358af9ce3bb260","isMergeCommit":true,"messageTitle":"Merge branch \u0027master\u0027 into branch-user-guide","messageBody":"Also replaced screenshot in UserGuide.\n","fileTypesAndContributionMap":{}},{"hash":"dc135b26601fcde5465a5520f8040d37285c00ca","isMergeCommit":true,"messageTitle":"Merge branch \u0027branch-user-guide\u0027 of github.com:realqijun/tp into branch-user-guide","messageBody":"","fileTypesAndContributionMap":{}},{"hash":"819b34f8b20f97f55783daffc63932df8ef7b927","isMergeCommit":false,"messageTitle":"Add warning boxes for caution","messageBody":"","fileTypesAndContributionMap":{"docs":{"insertions":10,"deletions":1}}}]},{"date":"2024-11-07","commitResults":[{"hash":"5d21f327f4fdf02aec18bdc9f18fcb4cd5fb3c32","isMergeCommit":false,"messageTitle":"Add naming specs to UG","messageBody":"Also remove joining comma in application list\nin CompanyCard.\n","fileTypesAndContributionMap":{"functional-code":{"insertions":1,"deletions":1},"docs":{"insertions":15,"deletions":1}}},{"hash":"6bd7472252edd86ece69c5ff08ada33c5e5be710","isMergeCommit":false,"messageTitle":"Rearrange items in UG","messageBody":"","fileTypesAndContributionMap":{"docs":{"insertions":14,"deletions":14}}},{"hash":"4aa1c0929f2177672e0578b9e3760bb9706de488","isMergeCommit":false,"messageTitle":"Modify Ui about application viewing","messageBody":"","fileTypesAndContributionMap":{"functional-code":{"insertions":46,"deletions":12}}},{"hash":"23b66ef591756016c32e4a6838cb0445ca5f7faf","isMergeCommit":false,"messageTitle":"Modify CompanyCard to transparent when filtered","messageBody":"","fileTypesAndContributionMap":{"functional-code":{"insertions":2,"deletions":0}}},{"hash":"a1970d04967f9372274446bd8da666e0ce4b3dd5","isMergeCommit":false,"messageTitle":"Move transparency setting to .css file","messageBody":"","fileTypesAndContributionMap":{"functional-code":{"insertions":1,"deletions":2}}},{"hash":"6b5db786ebe858dbab23c0c4ba59b14ac31676cc","isMergeCommit":false,"messageTitle":"Add status notes and view command in UG","messageBody":"","fileTypesAndContributionMap":{"docs":{"insertions":21,"deletions":5}}},{"hash":"895674ddff73075aa0041d591f9949c712b9031c","isMergeCommit":false,"messageTitle":"Remove ViewCommand (using Simon\u0027s instead)","messageBody":"","fileTypesAndContributionMap":{"docs":{"insertions":0,"deletions":13}}},{"hash":"b057c5d4f1b3f5228510d4bf6dd82d8cb250d114","isMergeCommit":true,"messageTitle":"Merge branch \u0027master\u0027 into branch-user-guide","messageBody":"","fileTypesAndContributionMap":{}},{"hash":"2165d5e5d4d1c2df375b107792bc80f0ea048799","isMergeCommit":false,"messageTitle":"Add css rule for empty cell","messageBody":"","fileTypesAndContributionMap":{"functional-code":{"insertions":4,"deletions":1}}},{"hash":"b780a9a90131a1dfaade4ebb13b389cbb8d8279e","isMergeCommit":true,"messageTitle":"Resolve conflicts with reopen","messageBody":"","fileTypesAndContributionMap":{}}]}]},"authorFileTypeContributionMap":{"Shux347":{"docs":87,"functional-code":1065,"test-code":1080},"blanklogic":{"docs":377,"functional-code":922,"test-code":1021,"other":6},"meerkatboy":{"docs":144,"functional-code":338,"test-code":369},"uniqly":{"docs":842,"functional-code":645,"test-code":831},"realqijun":{"docs":165,"functional-code":225,"test-code":6}},"authorContributionVariance":{"Shux347":87825.92,"blanklogic":492166.97,"meerkatboy":18278.135,"uniqly":72828.73,"realqijun":9285.688},"authorDisplayNameMap":{"Shux347":"CS2103T-T09-1 VARU..UKLA","blanklogic":"CS2103T-T09-1 KOH ..ESON","meerkatboy":"CS2103T-T09-1 SOH ..RWIN","uniqly":"CS2103T-T09-1 TONG..IMON","realqijun":"CS2103T-T09-1 ANG .. JUN"}}
