{"authorDailyContributionsMap":{"xqtann":[{"date":"2024-10-02","commitResults":[{"hash":"85a51e62b6ea06d25f65713096981566745c7f8c","isMergeCommit":false,"messageTitle":"Add Xin Quan\u0027s info in AboutUs page","messageBody":"","fileTypesAndContributionMap":{"docs":{"insertions":46,"deletions":0}}},{"hash":"1f0598a64a08fe15726400e14df90a5f4133f80c","isMergeCommit":false,"messageTitle":"Update Xin Quan\u0027s info on AboutUs page","messageBody":"","fileTypesAndContributionMap":{"docs":{"insertions":3,"deletions":3}}},{"hash":"050ccefc14a33197d30ec44e65da8e6ac2e23608","isMergeCommit":false,"messageTitle":"Change name on AboutUs page","messageBody":"","fileTypesAndContributionMap":{"docs":{"insertions":1,"deletions":1}}},{"hash":"f5d3a864a8bcbec3f3d7e90bcdd828f5fbbb908b","isMergeCommit":false,"messageTitle":"Change Xin Quan\u0027s details","messageBody":"","fileTypesAndContributionMap":{"docs":{"insertions":10,"deletions":9}}},{"hash":"302a485c902bb65854f5c42901c68dea310b8011","isMergeCommit":true,"messageTitle":"Merge pull request #14 from ITZXITZX/Update-AboutUs-Isaac","messageBody":"Update-AboutUs-Isaac","fileTypesAndContributionMap":{}},{"hash":"59a71c0e5e7b68669ef5f11895ae984c12549e9a","isMergeCommit":true,"messageTitle":"Merge branch \u0027master\u0027 into add-XinQuan-info","messageBody":"","fileTypesAndContributionMap":{}},{"hash":"e0f71f912824aa4031255f6ef10037c4bb8f679e","isMergeCommit":true,"messageTitle":"Merge pull request #18 from xqtann/add-XinQuan-info","messageBody":"Update-AboutUs-XinQuan","fileTypesAndContributionMap":{}},{"hash":"02cc6c0471a6022933e5539b270dbf4c74ae735e","isMergeCommit":true,"messageTitle":"Merge branch \u0027master\u0027 into add-dylan-info","messageBody":"","fileTypesAndContributionMap":{}},{"hash":"9197389094bd597c7ccadbd56ce7b39acbf04c93","isMergeCommit":true,"messageTitle":"Merge pull request #22 from Potatoad88/add-dylan-info","messageBody":"Update-AboutUs-Dylan","fileTypesAndContributionMap":{}},{"hash":"11ab64db133147e6c5bafb17d3202226d22998d6","isMergeCommit":true,"messageTitle":"Merge branch \u0027master\u0027 into add-WeiBin-photo","messageBody":"","fileTypesAndContributionMap":{}},{"hash":"508c05105d402c374737d68e552489b35bf09e6e","isMergeCommit":true,"messageTitle":"Merge pull request #23 from OrangeCatLoves/add-WeiBin-photo","messageBody":"Update-AboutUs-WeiBin","fileTypesAndContributionMap":{}},{"hash":"e0e3762d375fb381eb0add3f3d170ec17f8dafde","isMergeCommit":true,"messageTitle":"Merge branch \u0027master\u0027 into master","messageBody":"","fileTypesAndContributionMap":{}},{"hash":"00adb2366c2213350198ab1be2dcdf9700efd923","isMergeCommit":true,"messageTitle":"Merge pull request #26 from triishaa/master","messageBody":"Update-AboutUs-Trisha","fileTypesAndContributionMap":{}},{"hash":"155f949b689bb155c2fd9bbe622ead06de420bf9","isMergeCommit":false,"messageTitle":"Add newline for CI check","messageBody":"","fileTypesAndContributionMap":{"docs":{"insertions":3,"deletions":1}}},{"hash":"8293e01d51ac3092fbbe99fc056d0d213f08c758","isMergeCommit":false,"messageTitle":"Change newline for CI check","messageBody":"","fileTypesAndContributionMap":{"docs":{"insertions":0,"deletions":1}}},{"hash":"84818c7f03736d3321388263f9aa926b5b8a1daa","isMergeCommit":true,"messageTitle":"Merge pull request #27 from xqtann/add-XinQuan-info","messageBody":"Add newline for CI check","fileTypesAndContributionMap":{}}]},{"date":"2024-10-03","commitResults":[{"hash":"970fdf6c79145ef3b9527a3939537267dfddd472","isMergeCommit":false,"messageTitle":"Update CI and codecov badges","messageBody":"","fileTypesAndContributionMap":{"docs":{"insertions":9,"deletions":9}}},{"hash":"7437b28536a6f45c36e0c369649ce61052f8e3fb","isMergeCommit":false,"messageTitle":"Remove traces of AB3","messageBody":"","fileTypesAndContributionMap":{"docs":{"insertions":14,"deletions":9}}},{"hash":"722da69b02407b09dc23816dd29e7fc2b945a1ba","isMergeCommit":true,"messageTitle":"Merge pull request #30 from xqtann/branch-change-readme","messageBody":"Update Readme and AboutUs page to remove AB3 traces","fileTypesAndContributionMap":{}},{"hash":"0e4749cedf2eb65cd2fddbd769fa699e76be3394","isMergeCommit":true,"messageTitle":"Merge pull request #34 from Potatoad88/add-valueProposition-userStories-targetUserProfile","messageBody":"Updated the DG for Value Proposition, Target User Profile, User Stories","fileTypesAndContributionMap":{}},{"hash":"4518dd7608160165a7f125d7bf2d666a2ef90606","isMergeCommit":true,"messageTitle":"Merge pull request #31 from OrangeCatLoves/master","messageBody":"Updated the DG for Non-Functional Requirements","fileTypesAndContributionMap":{}},{"hash":"0a4b423eb9c3a1aac77c7b730e1eb64724a0d97d","isMergeCommit":true,"messageTitle":"Merge pull request #35 from Potatoad88/add-useCases","messageBody":"Updated the DG for Use Cases","fileTypesAndContributionMap":{}},{"hash":"1b99408eb8d098095d2116bfb6091e57da8eca30","isMergeCommit":true,"messageTitle":"Merge pull request #37 from ITZXITZX/Update_README","messageBody":"Update readme","fileTypesAndContributionMap":{}},{"hash":"5da72913b5cd24e435dfece3522b11a1b270e36c","isMergeCommit":true,"messageTitle":"Merge pull request #38 from triishaa/master","messageBody":"Update DeveloperGuide.md","fileTypesAndContributionMap":{}}]},{"date":"2024-10-10","commitResults":[{"hash":"4a26181e079bcc02ff0ae7f7267cb0202477f23d","isMergeCommit":false,"messageTitle":"Create AddBuyCommandParser with dummy return values","messageBody":"","fileTypesAndContributionMap":{"functional-code":{"insertions":23,"deletions":0}}},{"hash":"3c074b02e082f2256a67a8da1a4cb0ce83d19eee","isMergeCommit":false,"messageTitle":"Add javadoc to fix checkstyle","messageBody":"","fileTypesAndContributionMap":{"functional-code":{"insertions":3,"deletions":0}}},{"hash":"78bc3c41566d64e4c4ebc93cda43607e09014c03","isMergeCommit":false,"messageTitle":"Add AddBuyCommandParserTest","messageBody":"","fileTypesAndContributionMap":{"functional-code":{"insertions":1,"deletions":1},"test-code":{"insertions":16,"deletions":0}}},{"hash":"4fae7ec1588bdc7fe07fd2a2391da74fd3969f54","isMergeCommit":false,"messageTitle":"Remove unused method in AddBuyCommandParser","messageBody":"","fileTypesAndContributionMap":{"functional-code":{"insertions":0,"deletions":8}}},{"hash":"0f0b71292ab9799f0dc837233b06247f60f70097","isMergeCommit":true,"messageTitle":"Merge pull request #61 from Potatoad88/add-buy-command","messageBody":"Add buy property command","fileTypesAndContributionMap":{}}]},{"date":"2024-10-14","commitResults":[{"hash":"5397c123edc7aa86cedbe3628d52a57a36ae8773","isMergeCommit":false,"messageTitle":"Update AddPropertyToBuyParser and AddressBookParser","messageBody":"","fileTypesAndContributionMap":{"functional-code":{"insertions":80,"deletions":18},"other":{"insertions":4,"deletions":3}}},{"hash":"dae255dedb39a133fedf3d34154233bb8eacfbe3","isMergeCommit":true,"messageTitle":"Merge pull request #63 from Potatoad88/update-buy-command","messageBody":"Update test and logic of buy command","fileTypesAndContributionMap":{}},{"hash":"e1f28ec09916084ac36412203526f04d3eb898f0","isMergeCommit":true,"messageTitle":"Merge branch \u0027master\u0027 into update-AddBuyCommandParser","messageBody":"","fileTypesAndContributionMap":{}},{"hash":"02c8796aa881700fc15d7dd8eac930336e361dae","isMergeCommit":false,"messageTitle":"Add logic for AddPropertyToBuyParser","messageBody":"","fileTypesAndContributionMap":{"functional-code":{"insertions":23,"deletions":12}}},{"hash":"ae6b771dbb7b86b18c78ebd2c53dad00b08a8e9d","isMergeCommit":false,"messageTitle":"Add valid commands for testing","messageBody":"","fileTypesAndContributionMap":{"test-code":{"insertions":31,"deletions":3}}}]},{"date":"2024-10-15","commitResults":[{"hash":"e8bc3ab2f265947c5506a038fcd84bc1ae6d039b","isMergeCommit":false,"messageTitle":"Add testcases for AddPropertyToBuyParserTest.java","messageBody":"","fileTypesAndContributionMap":{"functional-code":{"insertions":19,"deletions":5},"test-code":{"insertions":109,"deletions":1}}},{"hash":"bde9a0c27451e23e6a1259458e0a39a527da3121","isMergeCommit":false,"messageTitle":"Fix checkstyle errors","messageBody":"","fileTypesAndContributionMap":{"functional-code":{"insertions":1,"deletions":1},"test-code":{"insertions":46,"deletions":43}}},{"hash":"5cc84cad3b18bdea0007007abc4dd094b176b572","isMergeCommit":false,"messageTitle":"Update AddressBookParserTest to include parseCommand_addBuy test","messageBody":"","fileTypesAndContributionMap":{"test-code":{"insertions":15,"deletions":1}}},{"hash":"3e2e1c84462767e7406e5d933278300a092b6145","isMergeCommit":false,"messageTitle":"Add invalid test commands in CommandTestUtil.java","messageBody":"","fileTypesAndContributionMap":{"test-code":{"insertions":6,"deletions":2}}},{"hash":"b0bc02a419b52d1689dee162ba050e415f183531","isMergeCommit":false,"messageTitle":"Add invalid test commands and add invalidValue testcase for AddPropertyToBuyParser","messageBody":"","fileTypesAndContributionMap":{"functional-code":{"insertions":3,"deletions":2},"test-code":{"insertions":34,"deletions":26}}},{"hash":"5eb3c82683223747d18d1695bb34990a96ed0327","isMergeCommit":true,"messageTitle":"Merge pull request #69 from xqtann/update-AddBuyCommandParser","messageBody":"Update AddPropertyToBuyParser and AddressBookParser","fileTypesAndContributionMap":{}}]},{"date":"2024-10-16","commitResults":[{"hash":"83f138cebeba97a29121f1b00d0741a02be4f18d","isMergeCommit":false,"messageTitle":"Add JsonAdaptedProperty to save and load storage","messageBody":"","fileTypesAndContributionMap":{"functional-code":{"insertions":118,"deletions":21},"test-code":{"insertions":68,"deletions":68}}},{"hash":"c45e56497df08d2b4acea7f4381a13622d44aea7","isMergeCommit":false,"messageTitle":"Change JsonAdaptedProperty.java implementation to accomodate for Property Tags","messageBody":"","fileTypesAndContributionMap":{"functional-code":{"insertions":93,"deletions":41}}}]},{"date":"2024-10-17","commitResults":[{"hash":"8007e233088ddf42d5d22846da8d1da18c74ae76","isMergeCommit":false,"messageTitle":"Add TypicalProperties.java and testcases for JsonAdaptedPersonTest","messageBody":"","fileTypesAndContributionMap":{"test-code":{"insertions":195,"deletions":80}}},{"hash":"adf7e4a898aeb56fd27d5f19a18a71d3e5dc27b4","isMergeCommit":false,"messageTitle":"Add testcases for JsonAdaptedPropertyTest","messageBody":"","fileTypesAndContributionMap":{"test-code":{"insertions":115,"deletions":0}}},{"hash":"bd5a4d88e74b6b0f1acd973e8364aedf17027fd2","isMergeCommit":true,"messageTitle":"Merge pull request #76 from Potatoad88/fix-buy-success-message","messageBody":"Fix success message","fileTypesAndContributionMap":{}},{"hash":"73ecc9617ec7dda5d3316e95b24b6aae97d8573a","isMergeCommit":false,"messageTitle":"Refactor PropertyBuilder to PropertyToBuyBuilder","messageBody":"","fileTypesAndContributionMap":{"other":{"insertions":7,"deletions":7},"test-code":{"insertions":19,"deletions":19}}},{"hash":"2ff8067ad2babcf90f170dff36bc798fd588fff2","isMergeCommit":true,"messageTitle":"Merge pull request #80 from xqtann/update-storage","messageBody":"Update implementation of storage","fileTypesAndContributionMap":{}},{"hash":"015f98970cea69ac79ef8588427b8580c350d896","isMergeCommit":true,"messageTitle":"Merge pull request #77 from triishaa/UserGuide","messageBody":"Update UserGuide and also changed the findp command to ensure that the KEYWORDS entered is a number","fileTypesAndContributionMap":{}}]},{"date":"2024-10-19","commitResults":[{"hash":"31fc3ab8bfdd72ffb9d73b741c48b92d10a4e240","isMergeCommit":false,"messageTitle":"Add FindBuyCommand feature","messageBody":"","fileTypesAndContributionMap":{"functional-code":{"insertions":179,"deletions":0}}},{"hash":"13634017e6b0b8839bfa3ca8f8d8373a8d8e0138","isMergeCommit":false,"messageTitle":"Add find for buy property tags","messageBody":"","fileTypesAndContributionMap":{"functional-code":{"insertions":16,"deletions":5}}},{"hash":"c2598344c78b8570f0cda47a1b04e991586670ae","isMergeCommit":false,"messageTitle":"Add testcases for FindBuyCommandTest and change typicalPersonsAddressBook.json","messageBody":"","fileTypesAndContributionMap":{"functional-code":{"insertions":0,"deletions":3},"test-code":{"insertions":150,"deletions":49}}},{"hash":"2d61ebf8f1911905ad4af80b8eb9605823f12a7a","isMergeCommit":false,"messageTitle":"Add testcases for PredicateTest and ParserTest","messageBody":"","fileTypesAndContributionMap":{"test-code":{"insertions":222,"deletions":42}}}]},{"date":"2024-10-20","commitResults":[{"hash":"ee403ef76fb41bfd5184b58199229e5aa1fc1de4","isMergeCommit":false,"messageTitle":"Add FindSellCommand and testcases","messageBody":"","fileTypesAndContributionMap":{"functional-code":{"insertions":162,"deletions":1},"test-code":{"insertions":252,"deletions":1}}},{"hash":"aa631bce974c9148f64ff408d3c3679707890f0c","isMergeCommit":false,"messageTitle":"Minor change in implementation and use streams","messageBody":"","fileTypesAndContributionMap":{"functional-code":{"insertions":18,"deletions":32}}},{"hash":"47e7a035f67dba0fa1acc3997fa0aa6b8a960502","isMergeCommit":false,"messageTitle":"Add testcases to increase code coverage","messageBody":"","fileTypesAndContributionMap":{"test-code":{"insertions":110,"deletions":1}}},{"hash":"5644a3d85c54504e7fb0697a7610fa1d095fe918","isMergeCommit":false,"messageTitle":"Fix checkstyle","messageBody":"","fileTypesAndContributionMap":{"test-code":{"insertions":24,"deletions":12}}},{"hash":"37de81ee5dad532576b1c1ea85c53488b8f6471b","isMergeCommit":false,"messageTitle":"Add javadoc for containsNumericWithOptionalHyphen","messageBody":"","fileTypesAndContributionMap":{"functional-code":{"insertions":1,"deletions":0}}},{"hash":"025242baa42232a6d31e701cf9ac691232a8e555","isMergeCommit":true,"messageTitle":"Merge pull request #95 from xqtann/add-findBuy","messageBody":"Implement Find-Properties-To-Buy and Find-Properties-To-Sell","fileTypesAndContributionMap":{}}]},{"date":"2024-10-21","commitResults":[{"hash":"f6830197a02a246f932c4cb4d2f97807426465d3","isMergeCommit":true,"messageTitle":"Merge pull request #97 from triishaa/branch-Fix-Find-Bug","messageBody":"Fixed findn and findp bug, noe can search using substrings too. ","fileTypesAndContributionMap":{}},{"hash":"9f433c8b7b482f6de9e47e1316ad06e5ff9d4160","isMergeCommit":false,"messageTitle":"Fix Failing CI Checks","messageBody":"","fileTypesAndContributionMap":{"test-code":{"insertions":6,"deletions":6}}},{"hash":"1b49d66184fc029b0f7cc2047498e4fdc16a250f","isMergeCommit":false,"messageTitle":"Add command history feature","messageBody":"","fileTypesAndContributionMap":{"functional-code":{"insertions":49,"deletions":1}}}]},{"date":"2024-10-23","commitResults":[{"hash":"4d4ea07eed24b99e37eeb71d83f4b1b61150f873","isMergeCommit":false,"messageTitle":"Update UML diagram for ModelClassDiagram","messageBody":"","fileTypesAndContributionMap":{"docs":{"insertions":23,"deletions":1}}}]},{"date":"2024-10-24","commitResults":[{"hash":"7daa11ab6d42cc073ecf5ad2fe60b1884114f97c","isMergeCommit":true,"messageTitle":"Merge pull request #108 from Potatoad88/add-sort-feature","messageBody":"Add sort feature","fileTypesAndContributionMap":{}},{"hash":"f83c869be46536514a24a7465d6eebe8703200be","isMergeCommit":true,"messageTitle":"Merge pull request #126 from Potatoad88/fix-sort-command","messageBody":"Fix sort command","fileTypesAndContributionMap":{}},{"hash":"a9fc1edc89cd1a226319adb242520e83dee8e0af","isMergeCommit":false,"messageTitle":"Add enableAssertions in build.gradle","messageBody":"","fileTypesAndContributionMap":{"other":{"insertions":4,"deletions":0}}},{"hash":"36edba27a81ae114a1f1194364fee414dbed0f2c","isMergeCommit":true,"messageTitle":"Merge pull request #127 from xqtann/enable-gradle-assertions","messageBody":"Add enableAssertions in build.gradle","fileTypesAndContributionMap":{}},{"hash":"318ed7097d7b9ed9b5618667d0634eac52f2a1fa","isMergeCommit":true,"messageTitle":"Merge pull request #129 from OrangeCatLoves/Add-Sort-Individually-Command","messageBody":"Add new .puml file for AddSell command","tags":["v1.3"],"fileTypesAndContributionMap":{}}]},{"date":"2024-10-28","commitResults":[{"hash":"a7ea6af39c87306377e6128c3a02cd91c9ab68a9","isMergeCommit":true,"messageTitle":"Merge pull request #135 from Potatoad88/fix-sort-no-duplicate","messageBody":"Fix sort no duplicate","fileTypesAndContributionMap":{}},{"hash":"3eac1aaec303b1c01114d4dd0a91bdb8950b3b38","isMergeCommit":true,"messageTitle":"Merge pull request #137 from Potatoad88/update-sort-persistent","messageBody":"Update sort to be persistent","fileTypesAndContributionMap":{}}]},{"date":"2024-10-29","commitResults":[{"hash":"dbc492affcad0f5fda77d036e4842b437f955e08","isMergeCommit":true,"messageTitle":"Merge pull request #143 from Potatoad88/fix-sort-CLI","messageBody":"Update sort commmand test to fix CLI","fileTypesAndContributionMap":{}}]}],"OrangeCatLoves":[{"date":"2024-10-02","commitResults":[{"hash":"680b1ec6fb602a7a5e75e6e8a873132f17ce6bdd","isMergeCommit":false,"messageTitle":"Updated AboutUs.md","messageBody":"","fileTypesAndContributionMap":{"docs":{"insertions":46,"deletions":0}}},{"hash":"395402d97122bed7b86e721aa94e849709a91e88","isMergeCommit":false,"messageTitle":"Updated AboutUs for Wei Bin","messageBody":"","fileTypesAndContributionMap":{"docs":{"insertions":3,"deletions":3}}},{"hash":"0997e87483fc0d78d848f1dc72ae910728bc242e","isMergeCommit":false,"messageTitle":"Updated AboutUs for Wei Bin","messageBody":"","fileTypesAndContributionMap":{"docs":{"insertions":1,"deletions":1}}},{"hash":"9b4606d98e75505ab9568dc98077ad023551b950","isMergeCommit":false,"messageTitle":"Updated the AboutUs.md","messageBody":"","fileTypesAndContributionMap":{"docs":{"insertions":2,"deletions":2}}},{"hash":"a81f4d0a24214bc4e863871990898729d8b67bae","isMergeCommit":false,"messageTitle":"Updated Project team name","messageBody":"","fileTypesAndContributionMap":{"docs":{"insertions":1,"deletions":1}}}]},{"date":"2024-10-03","commitResults":[{"hash":"3a4d836018a6aa1d06955a58edc48f0e2f4190bb","isMergeCommit":false,"messageTitle":"Updated the DG for Non-Functional Requirements","messageBody":"","fileTypesAndContributionMap":{"docs":{"insertions":4,"deletions":0}}}]},{"date":"2024-10-07","commitResults":[{"hash":"9f79c69034070e871b6ac703f052d43b8940715d","isMergeCommit":false,"messageTitle":"Added new Properties parent classes and subclasses","messageBody":"","fileTypesAndContributionMap":{"functional-code":{"insertions":234,"deletions":0}}},{"hash":"1b7672141d9eff41f4036c04fa6ab9b706fcdaf4","isMergeCommit":false,"messageTitle":"Updated some changes to pass Checkstyle","messageBody":"","fileTypesAndContributionMap":{"other":{"insertions":0,"deletions":0}}},{"hash":"d7e73378ae2050f9e6e5c1519a24b913fa5b0842","isMergeCommit":false,"messageTitle":"Updated the code to pass some Checkstyles","messageBody":"","fileTypesAndContributionMap":{"functional-code":{"insertions":23,"deletions":5}}},{"hash":"fe69c334e8e216ec12efb103593b0b992b4f7747","isMergeCommit":false,"messageTitle":"Made changes to pass checkstyle","messageBody":"","fileTypesAndContributionMap":{"functional-code":{"insertions":29,"deletions":8}}},{"hash":"e979de6cd51f1f82a9c9e1f6103a5feed6a8daac","isMergeCommit":false,"messageTitle":"Made changes to pass checkstyle","messageBody":"","fileTypesAndContributionMap":{"functional-code":{"insertions":0,"deletions":1},"docs":{"insertions":3,"deletions":3}}},{"hash":"589f9cc7a43d7d9c4cc68c939399649e6bbef6d2","isMergeCommit":false,"messageTitle":"Made changes to pass checkstyle","messageBody":"","fileTypesAndContributionMap":{"functional-code":{"insertions":2,"deletions":2}}}]},{"date":"2024-10-09","commitResults":[{"hash":"3347d840fcde6008bfc9fc7ecbb7496078945ae0","isMergeCommit":true,"messageTitle":"Merge branch \u0027master\u0027 into Add-Property-To-Sell-Command","messageBody":"","fileTypesAndContributionMap":{}},{"hash":"81bf4cceb349e139e843c6730c0aa47b7fc0009c","isMergeCommit":false,"messageTitle":"Made some changes to the addSell command","messageBody":"","fileTypesAndContributionMap":{"functional-code":{"insertions":27,"deletions":10}}},{"hash":"9c4224d691637b01b8f10e21822cef725537c482","isMergeCommit":false,"messageTitle":"Made some changes to pass checkstyle","messageBody":"","fileTypesAndContributionMap":{"functional-code":{"insertions":2,"deletions":2}}},{"hash":"5f3f8e8819145eba044c911fb3b0e4b137504713","isMergeCommit":false,"messageTitle":"Made some changes to pass checkstyle","messageBody":"","fileTypesAndContributionMap":{"functional-code":{"insertions":1,"deletions":1}}}]},{"date":"2024-10-10","commitResults":[{"hash":"01f69f81791a9843166f24240d6d420359fd93f9","isMergeCommit":false,"messageTitle":"Updated addSell command. The command is at least being recognised. However, the model has yet to be updated. Storage of information on Property not started on yet","messageBody":"","fileTypesAndContributionMap":{"functional-code":{"insertions":326,"deletions":29},"test-code":{"insertions":91,"deletions":10}}},{"hash":"26cbfd270d7de029042365001e1d23c875c64539","isMergeCommit":false,"messageTitle":"Updated some files to pass checkstyle","messageBody":"","fileTypesAndContributionMap":{"functional-code":{"insertions":52,"deletions":25}}},{"hash":"6ccf1c474d14fe47b63b50d9aa8f721b713eeb6a","isMergeCommit":false,"messageTitle":"Updated some files to pass checkstyle","messageBody":"","fileTypesAndContributionMap":{"functional-code":{"insertions":23,"deletions":13}}},{"hash":"b8374125b94b1e1176736d21ae8f26d167735f00","isMergeCommit":false,"messageTitle":"Updated some files to pass checkstyle","messageBody":"","fileTypesAndContributionMap":{"functional-code":{"insertions":1,"deletions":0}}},{"hash":"28652fb2fd69f779cf583f9b3b1c579e2eef47bf","isMergeCommit":false,"messageTitle":"Updated some files to pass checkstyle","messageBody":"","fileTypesAndContributionMap":{"test-code":{"insertions":3,"deletions":3}}},{"hash":"81655dd93daf5bfb43fde42815836de0ed2fd741","isMergeCommit":false,"messageTitle":"Changed some files to pass checkstyle","messageBody":"","fileTypesAndContributionMap":{"test-code":{"insertions":16,"deletions":7}}},{"hash":"bf0ea8999540c8da28cb6006a497008997e7b6fd","isMergeCommit":false,"messageTitle":"Changed some files to pass checkstyle","messageBody":"","fileTypesAndContributionMap":{"test-code":{"insertions":5,"deletions":4}}},{"hash":"ba5b109934a3dd0bc8c940826d41db8e37cc302e","isMergeCommit":false,"messageTitle":"Made some changes to pass checkstyle","messageBody":"","fileTypesAndContributionMap":{"test-code":{"insertions":1,"deletions":1}}},{"hash":"d593cf833ecd7397996d7e96c9630c3f38b65fe9","isMergeCommit":false,"messageTitle":"Made some changes to pass checkstyle","messageBody":"","fileTypesAndContributionMap":{"test-code":{"insertions":1,"deletions":1}}},{"hash":"98c562d57795585783b6db8c2594f52472582711","isMergeCommit":false,"messageTitle":"Made some changes to pass checkstyle","messageBody":"","fileTypesAndContributionMap":{"test-code":{"insertions":4,"deletions":4}}},{"hash":"da72637c72c450f6658bee7b857d760b845b8722","isMergeCommit":false,"messageTitle":"Changes made to pass checkstyle","messageBody":"","fileTypesAndContributionMap":{"test-code":{"insertions":4,"deletions":4}}}]},{"date":"2024-10-14","commitResults":[{"hash":"561e4fea0f7c2643ef25513069455daedbb60e3a","isMergeCommit":false,"messageTitle":"Updated the addSellProperty command","messageBody":"","fileTypesAndContributionMap":{"functional-code":{"insertions":88,"deletions":13}}},{"hash":"1de57c57f6f4b1507c4932fa4d30b3b094b24aa3","isMergeCommit":false,"messageTitle":"Updated the addSellProperty command","messageBody":"","fileTypesAndContributionMap":{"functional-code":{"insertions":54,"deletions":10}}},{"hash":"0100f2c8b5da181f4f7fdaca534e93f022d82f30","isMergeCommit":true,"messageTitle":"Merge branch \u0027master\u0027 into Add-Property-To-Sell-Command","messageBody":"","fileTypesAndContributionMap":{}},{"hash":"32e6f53bfb41f0f6a57bd3b6a32ff5053df6f7cd","isMergeCommit":false,"messageTitle":"Updated the addSellProperty command","messageBody":"","fileTypesAndContributionMap":{"functional-code":{"insertions":91,"deletions":17}}},{"hash":"550c7684f57af3fd53ba912f06870f1a065fe83d","isMergeCommit":false,"messageTitle":"Made some changes to pass checkstyle","messageBody":"","fileTypesAndContributionMap":{"functional-code":{"insertions":15,"deletions":10}}},{"hash":"b056be19a7ec33507e36563166cb23398bbd17f3","isMergeCommit":false,"messageTitle":"Updated test cases to pass JavaCI","messageBody":"","fileTypesAndContributionMap":{"test-code":{"insertions":10,"deletions":0}}},{"hash":"decba824a0e982c59628673e51694191377308fa","isMergeCommit":false,"messageTitle":"Added some test cases to increase codecov","messageBody":"","fileTypesAndContributionMap":{"test-code":{"insertions":53,"deletions":38}}},{"hash":"ae8c60fdd5a36c7069a776092174325e0840dd54","isMergeCommit":false,"messageTitle":"Made some changes to pass codeCov temporaily","messageBody":"","fileTypesAndContributionMap":{"test-code":{"insertions":7,"deletions":5}}},{"hash":"d133359f8de8f2e4914e25c829cd4d0ce855ab4b","isMergeCommit":false,"messageTitle":"Made some changes to pass JavaCI","messageBody":"","fileTypesAndContributionMap":{"test-code":{"insertions":3,"deletions":3}}}]},{"date":"2024-10-15","commitResults":[{"hash":"3b78ef7e98a82af1570f2749d1b0d3e40a720090","isMergeCommit":false,"messageTitle":"Added several test files to increase code coverage","messageBody":"","fileTypesAndContributionMap":{"test-code":{"insertions":620,"deletions":0}}},{"hash":"ffab27a3d1db93d443a708b6b210b29a8add9a27","isMergeCommit":false,"messageTitle":"Made some changes to increase code coverage","messageBody":"","fileTypesAndContributionMap":{"functional-code":{"insertions":0,"deletions":50},"test-code":{"insertions":163,"deletions":63}}},{"hash":"b242d7cc650dcfa43dcd8b8002df6cbbb33e61d8","isMergeCommit":false,"messageTitle":"Made some changes to pass checkstyle","messageBody":"","fileTypesAndContributionMap":{"test-code":{"insertions":0,"deletions":3}}},{"hash":"f1573be455038439dfd05dd301288277b9c64050","isMergeCommit":false,"messageTitle":"Made some changes to increase codecov","messageBody":"","fileTypesAndContributionMap":{"test-code":{"insertions":11,"deletions":18}}},{"hash":"4f2df6b254fe09b1f451bc9a2691462bde980a4b","isMergeCommit":false,"messageTitle":"Made some changes to pass JavaCI","messageBody":"","fileTypesAndContributionMap":{"test-code":{"insertions":0,"deletions":1}}},{"hash":"808954d1d2f300b3cddfae0feb831a081f5288a7","isMergeCommit":false,"messageTitle":"Made some changes to pass code cov","messageBody":"","fileTypesAndContributionMap":{"functional-code":{"insertions":1,"deletions":1},"test-code":{"insertions":24,"deletions":3}}},{"hash":"0e99b18d85633b2a5d043fb23b474032c76b735a","isMergeCommit":false,"messageTitle":"Added a new class to increase codecov","messageBody":"","fileTypesAndContributionMap":{"test-code":{"insertions":61,"deletions":0}}},{"hash":"3bf4bca9716a6ed0d0390644e4ec76f5d8aa9c2a","isMergeCommit":false,"messageTitle":"Made some changes to increase codecov","messageBody":"","fileTypesAndContributionMap":{"functional-code":{"insertions":12,"deletions":0},"test-code":{"insertions":149,"deletions":40}}},{"hash":"41b7639a29a834794c2b84652bbf486b43fa935a","isMergeCommit":false,"messageTitle":"Made some changes to increase codecov","messageBody":"","fileTypesAndContributionMap":{"functional-code":{"insertions":4,"deletions":4},"test-code":{"insertions":19,"deletions":3}}},{"hash":"621a8e3494a0651c6cf107a31bb029b5169976dd","isMergeCommit":false,"messageTitle":"Added some changes to increase codecov","messageBody":"","fileTypesAndContributionMap":{"functional-code":{"insertions":2,"deletions":0},"test-code":{"insertions":52,"deletions":0}}},{"hash":"8e67777ac49e318463b73da2c1de520545f49b57","isMergeCommit":false,"messageTitle":"Add some changes to increase codecov","messageBody":"","fileTypesAndContributionMap":{"test-code":{"insertions":31,"deletions":0}}},{"hash":"62db3f82cd528bf0e6f2370461dcc666fd6e449e","isMergeCommit":false,"messageTitle":"Made some changes to increase codecov","messageBody":"","fileTypesAndContributionMap":{"test-code":{"insertions":36,"deletions":1}}},{"hash":"85afedc9c66f8e805d6fd746bfdac4ec79b1b7cc","isMergeCommit":false,"messageTitle":"Made some changes to increase codecov","messageBody":"","fileTypesAndContributionMap":{"test-code":{"insertions":18,"deletions":2}}}]},{"date":"2024-10-16","commitResults":[{"hash":"08f5a5200fc92da700245ebcb27f7381c8badf0b","isMergeCommit":false,"messageTitle":"Changed the type of error message shown when user inputs an invalid index of a negative number for an addSell command","messageBody":"","fileTypesAndContributionMap":{"functional-code":{"insertions":4,"deletions":3}}},{"hash":"55ff9f5319ac14f64c6867205b5d03869c5cc807","isMergeCommit":false,"messageTitle":"Made some changes to the Actual Usage of command","messageBody":"","fileTypesAndContributionMap":{"functional-code":{"insertions":2,"deletions":1}}},{"hash":"d0f877bf9c465896fc92500ee7306ad783bdf0f3","isMergeCommit":true,"messageTitle":"Merge pull request #68 from OrangeCatLoves/Add-Property-To-Sell-Command","messageBody":"Working on AddSellProperty command /addSell","fileTypesAndContributionMap":{}},{"hash":"9c803f265828b96fcfdbecd8990a02618fd61b27","isMergeCommit":false,"messageTitle":"Made some potential changes to display the selling and buying properties in the Ui","messageBody":"","fileTypesAndContributionMap":{"functional-code":{"insertions":7,"deletions":0}}},{"hash":"f0ee5ecca2965582d03e768490ec7f0454ab9537","isMergeCommit":false,"messageTitle":"Changed the Ui of the GUI to reflect the buy/sell properties","messageBody":"","fileTypesAndContributionMap":{"functional-code":{"insertions":47,"deletions":9}}},{"hash":"3913934d84972b7a74633173035bff01e01649f7","isMergeCommit":false,"messageTitle":"Made some changes to pass JavaCI","messageBody":"","fileTypesAndContributionMap":{"test-code":{"insertions":6,"deletions":6}}}]},{"date":"2024-10-17","commitResults":[{"hash":"d9debe194ac6c09c48f427c5e30bd6b91ae8ae9b","isMergeCommit":false,"messageTitle":"Added some changes to increase codecov for PersonCard.java","messageBody":"","fileTypesAndContributionMap":{"other":{"insertions":3,"deletions":0},"test-code":{"insertions":65,"deletions":0}}},{"hash":"804654b3c6a5d616e397a44a6a036cd71a3c56a0","isMergeCommit":false,"messageTitle":"Changed the build.gradle back to the original","messageBody":"","fileTypesAndContributionMap":{"other":{"insertions":0,"deletions":3}}},{"hash":"2637163a5d136ebbcbac24e1ade5758643dc5241","isMergeCommit":false,"messageTitle":"Changes some code to increase codecov","messageBody":"","fileTypesAndContributionMap":{"functional-code":{"insertions":0,"deletions":1}}},{"hash":"13efd4ba9484d0724e5bf4592b3491236385bd86","isMergeCommit":false,"messageTitle":"Commented out test file temporily to see if JavaCI can pass","messageBody":"","fileTypesAndContributionMap":{"test-code":{"insertions":2,"deletions":2}}},{"hash":"5aa7310330ccb59af92a7206285fbb62a0ca19f6","isMergeCommit":false,"messageTitle":"Added tests to increase codecov","messageBody":"","fileTypesAndContributionMap":{"test-code":{"insertions":27,"deletions":5}}},{"hash":"dbe778b3ffe66719259ea773c7acfa7f03a1d4db","isMergeCommit":false,"messageTitle":"Added some change to pass JavaCI","messageBody":"","fileTypesAndContributionMap":{"test-code":{"insertions":0,"deletions":7}}},{"hash":"0fd15a464eb7c318283df80eb759bd971867c2d9","isMergeCommit":false,"messageTitle":"Changed PersonCardTest.java file to allow JavaCI to run","messageBody":"","fileTypesAndContributionMap":{"test-code":{"insertions":2,"deletions":17}}},{"hash":"5c7e589f2bb795c35fd688312992fd9304adff5a","isMergeCommit":false,"messageTitle":"Added withSellProperty method","messageBody":"","fileTypesAndContributionMap":{"test-code":{"insertions":7,"deletions":0}}},{"hash":"c6c8ef7c261ffbbc44611484d8201bd5dffa7434","isMergeCommit":false,"messageTitle":"Deleted withSellProperty method","messageBody":"","fileTypesAndContributionMap":{"test-code":{"insertions":0,"deletions":7}}},{"hash":"595b9d651de2397c90911d34d944df4dca5f5da7","isMergeCommit":false,"messageTitle":"Deleted PersonCardTest.java file","messageBody":"","fileTypesAndContributionMap":{"test-code":{"insertions":0,"deletions":64}}},{"hash":"df2e324806b368cb71150ce2944a3c519ef9f020","isMergeCommit":true,"messageTitle":"Merge branch \u0027master\u0027 into Ui-Update-With-PropertyListing","messageBody":"","fileTypesAndContributionMap":{}},{"hash":"54765cf701f64540ca71944d9bc987ab6fa9e016","isMergeCommit":false,"messageTitle":"Changed some files for Ui to work better","messageBody":"","fileTypesAndContributionMap":{"functional-code":{"insertions":2,"deletions":1}}},{"hash":"5fdd558b8d7f5a6e35fd1a214684d8b72a133c39","isMergeCommit":true,"messageTitle":"Merge pull request #74 from OrangeCatLoves/Ui-Update-With-PropertyListing","messageBody":"Updating Ui for List \u003cIndex\u003e \u003cIndex\u003e command","fileTypesAndContributionMap":{}},{"hash":"7a8403deb19c179a9aa8b0d4126ee7dfb0c1b249","isMergeCommit":false,"messageTitle":"Deleted unused message","messageBody":"","fileTypesAndContributionMap":{"functional-code":{"insertions":0,"deletions":2}}},{"hash":"c01bb26cdbd8dae62a2bdb98738269741a0e1479","isMergeCommit":false,"messageTitle":"Changes to prevent merge conflicts","messageBody":"","fileTypesAndContributionMap":{"functional-code":{"insertions":2,"deletions":0}}},{"hash":"6df6f2197763f1e23b89800837050a31fa4276f4","isMergeCommit":false,"messageTitle":"Made some Ui tweaks","messageBody":"","fileTypesAndContributionMap":{"functional-code":{"insertions":6,"deletions":6}}},{"hash":"1d2463912e620338520fca3e190e6c17fa3ee5ec","isMergeCommit":true,"messageTitle":"Merge pull request #88 from triishaa/Documentation","messageBody":"Updated Documentation","fileTypesAndContributionMap":{}}]},{"date":"2024-10-20","commitResults":[{"hash":"f56c99c89bd759ff4c55dfdcba0b75391a680f87","isMergeCommit":false,"messageTitle":"Edit the List to Observable List to fix Ui","messageBody":"","fileTypesAndContributionMap":{"functional-code":{"insertions":80,"deletions":30}}},{"hash":"867055776cab8a495165ddc51ebe596e89335a0d","isMergeCommit":false,"messageTitle":"Edit the file to pass JavaCI","messageBody":"","fileTypesAndContributionMap":{"functional-code":{"insertions":4,"deletions":25}}},{"hash":"ac96a0539156d47e7ef8c1b1c57e0b827b166bac","isMergeCommit":false,"messageTitle":"Edit tests to pass JavaCI","messageBody":"","fileTypesAndContributionMap":{"test-code":{"insertions":8,"deletions":9}}}]},{"date":"2024-10-21","commitResults":[{"hash":"3933b74c5b80664a215b89a403a078cd5360a77b","isMergeCommit":true,"messageTitle":"Merge pull request #104 from OrangeCatLoves/Ui-Update-With-PropertyListing","messageBody":"Edit the List to Observable List to fix Ui","fileTypesAndContributionMap":{}},{"hash":"3c5104ddc6848e250fb806eb15f44323ee6dd6ba","isMergeCommit":true,"messageTitle":"Merge pull request #106 from xqtann/fix-ci-check","messageBody":"Fix Failing CI Checks","fileTypesAndContributionMap":{}},{"hash":"9f03ad7a757f1778b4a911db7be403f1c2c9181c","isMergeCommit":false,"messageTitle":"Add a new sort individual command","messageBody":"","fileTypesAndContributionMap":{"functional-code":{"insertions":160,"deletions":8}}},{"hash":"5d03cc76f5aecb9579661a991c2f3a0791180d85","isMergeCommit":false,"messageTitle":"Add tests to increase code coverage","messageBody":"","fileTypesAndContributionMap":{"test-code":{"insertions":79,"deletions":0}}},{"hash":"164a4435fc8a561cef7923179c9f6176adc419f3","isMergeCommit":false,"messageTitle":"Add tests to increase code coverage","messageBody":"","fileTypesAndContributionMap":{"test-code":{"insertions":14,"deletions":1}}},{"hash":"5faa342a7b1617317bf0e92a9aa44f9b0b306102","isMergeCommit":false,"messageTitle":"Add tests to increase code coverage","messageBody":"","fileTypesAndContributionMap":{"test-code":{"insertions":8,"deletions":0}}}]},{"date":"2024-10-22","commitResults":[{"hash":"9bfe2c11e659418920768b437af8e94979405d0d","isMergeCommit":false,"messageTitle":"Edit a minor error in UG","messageBody":"","fileTypesAndContributionMap":{"docs":{"insertions":1,"deletions":1}}},{"hash":"7e4ea7762c8d268a32d1bf5d4dc0880fed947e26","isMergeCommit":false,"messageTitle":"Edit command class for clarity","messageBody":"","fileTypesAndContributionMap":{"functional-code":{"insertions":2,"deletions":1}}}]},{"date":"2024-10-24","commitResults":[{"hash":"29a4081296a988a20f0a58a53fca03a3b55b98f6","isMergeCommit":false,"messageTitle":"Edit the Ui and sort command","messageBody":"","fileTypesAndContributionMap":{"functional-code":{"insertions":114,"deletions":4}}},{"hash":"0a55d999be076560fccdfd039fe6064aff6fdb0b","isMergeCommit":true,"messageTitle":"Merge pull request #124 from OrangeCatLoves/Add-Sort-Individually-Command","messageBody":"Edit the Ui and sort command","fileTypesAndContributionMap":{}},{"hash":"b4a5e1cc806ad8ddeff2dff271538e2610048d54","isMergeCommit":false,"messageTitle":"Add new .puml file for AddSell command","messageBody":"","fileTypesAndContributionMap":{"docs":{"insertions":70,"deletions":0}}}]},{"date":"2024-10-25","commitResults":[{"hash":"d4234bda8678a0297ff9e6e7de46ff929c29fd51","isMergeCommit":true,"messageTitle":"Merge pull request #132 from Potatoad88/add-sort-sequence-diagram","messageBody":"Add sort sequence diagram","fileTypesAndContributionMap":{}}]}],"Potatoad88":[{"date":"2024-10-02","commitResults":[{"hash":"3ad2905cc7f007ffb1d96cf073b0caf1879da16a","isMergeCommit":false,"messageTitle":"Update aboutUs","messageBody":"","fileTypesAndContributionMap":{"docs":{"insertions":10,"deletions":10}}},{"hash":"7879417240f7873302fb48fd7bb7957a4c1abdb3","isMergeCommit":false,"messageTitle":"Update responsibilities","messageBody":"","fileTypesAndContributionMap":{"docs":{"insertions":2,"deletions":1}}}]},{"date":"2024-10-03","commitResults":[{"hash":"98e1622f4dfd035969017434211731c5fcc7e4ef","isMergeCommit":false,"messageTitle":"Add user stories/profile and value proposition","messageBody":"","fileTypesAndContributionMap":{"docs":{"insertions":37,"deletions":12}}},{"hash":"fac9b653af1b2e5950b58b90ad26f18348531cac","isMergeCommit":false,"messageTitle":"Add use cases","messageBody":"","fileTypesAndContributionMap":{"docs":{"insertions":82,"deletions":11}}}]},{"date":"2024-10-10","commitResults":[{"hash":"37ecc5e536571e0edc5a05c2b789d4e9dba44e79","isMergeCommit":false,"messageTitle":"Add buy property command","messageBody":"","fileTypesAndContributionMap":{"functional-code":{"insertions":72,"deletions":0}}},{"hash":"5a157135d55db257eb5cdc33690231be2d3d9583","isMergeCommit":false,"messageTitle":"Remove logic in buy command","messageBody":"","fileTypesAndContributionMap":{"functional-code":{"insertions":2,"deletions":44}}},{"hash":"4c2303aefffca513ebe4b66cd6dd40eeab19b4e6","isMergeCommit":false,"messageTitle":"Add test for buy command","messageBody":"","fileTypesAndContributionMap":{"functional-code":{"insertions":0,"deletions":8},"test-code":{"insertions":21,"deletions":0}}},{"hash":"776e470027513c16414a84bb48d85aee3980cbfa","isMergeCommit":false,"messageTitle":"Fix styling","messageBody":"","fileTypesAndContributionMap":{"functional-code":{"insertions":1,"deletions":1},"test-code":{"insertions":1,"deletions":5}}}]},{"date":"2024-10-13","commitResults":[{"hash":"79de25ef295a073c4105cb173261d8a97d0a982a","isMergeCommit":false,"messageTitle":"Update test and logic of buy command","messageBody":"","fileTypesAndContributionMap":{"functional-code":{"insertions":90,"deletions":8},"test-code":{"insertions":76,"deletions":3}}}]},{"date":"2024-10-14","commitResults":[{"hash":"9c8917e6bc7aa5ac940022dcf2cbc776eca41108","isMergeCommit":false,"messageTitle":"Update buy command tests to work","messageBody":"","fileTypesAndContributionMap":{"functional-code":{"insertions":19,"deletions":8},"test-code":{"insertions":22,"deletions":14}}},{"hash":"6924a93703a44f217e3b40a11d3a69552394db58","isMergeCommit":false,"messageTitle":"Fix styling in Person","messageBody":"","fileTypesAndContributionMap":{"functional-code":{"insertions":6,"deletions":1}}},{"hash":"ec0866ae302028f1dba5a07516ab833ef3055bf7","isMergeCommit":false,"messageTitle":"Fix styling in PersonBuilder","messageBody":"","fileTypesAndContributionMap":{"test-code":{"insertions":6,"deletions":1}}},{"hash":"a571a8dfff022ec75732e7ef4ba1cc0dcd973740","isMergeCommit":false,"messageTitle":"Update typical address book json","messageBody":"","fileTypesAndContributionMap":{"test-code":{"insertions":1,"deletions":0}}},{"hash":"f0453d7ed2faeba8eb673185cad028a577ea7244","isMergeCommit":false,"messageTitle":"Add tests for equals method","messageBody":"","fileTypesAndContributionMap":{"test-code":{"insertions":63,"deletions":4}}}]},{"date":"2024-10-16","commitResults":[{"hash":"5404b86afb9b416f55e7e7a3ac0178875a5f9289","isMergeCommit":false,"messageTitle":"Fix success message","messageBody":"","fileTypesAndContributionMap":{"functional-code":{"insertions":1,"deletions":1}}},{"hash":"40ed216dcc176727341717c0c7fd4e8545bf0fa0","isMergeCommit":false,"messageTitle":"Update buy command test case","messageBody":"","fileTypesAndContributionMap":{"test-code":{"insertions":1,"deletions":1}}}]},{"date":"2024-10-17","commitResults":[{"hash":"552a80347e4d030732c59fc9c8a7a8d3f1ba0e91","isMergeCommit":false,"messageTitle":"Fix saving property issue","messageBody":"","fileTypesAndContributionMap":{"functional-code":{"insertions":8,"deletions":1}}}]},{"date":"2024-10-21","commitResults":[{"hash":"9ef9686a000f5a132bfff9d12d78249fabb15201","isMergeCommit":false,"messageTitle":"Add incomplete sort feature","messageBody":"","fileTypesAndContributionMap":{"functional-code":{"insertions":127,"deletions":0}}}]},{"date":"2024-10-23","commitResults":[{"hash":"09385701700793778e149dbc38de1cecb21675c1","isMergeCommit":false,"messageTitle":"Fix sort command","messageBody":"","fileTypesAndContributionMap":{"functional-code":{"insertions":32,"deletions":7}}},{"hash":"999f3a94f00754cdcfa477f2cc5f22ce8c746ad6","isMergeCommit":false,"messageTitle":"Fix styling issues","messageBody":"","fileTypesAndContributionMap":{"functional-code":{"insertions":24,"deletions":25},"test-code":{"insertions":6,"deletions":0}}},{"hash":"7bd75afbb22d86f3e0704abae1b987a262ee8f2f","isMergeCommit":true,"messageTitle":"Merge branch \u0027master\u0027 into add-sort-feature","messageBody":"","fileTypesAndContributionMap":{}},{"hash":"7648a0bc7810a6c6c1dc979420e24b9c8db2ea96","isMergeCommit":false,"messageTitle":"Update AddressBookParser.java","messageBody":"","fileTypesAndContributionMap":{"functional-code":{"insertions":3,"deletions":3}}},{"hash":"4da1c13a3c3b662711c2d416cf8acdc5b0ae7bb8","isMergeCommit":false,"messageTitle":"Fix style AddressBookParser.java","messageBody":"","fileTypesAndContributionMap":{"functional-code":{"insertions":3,"deletions":3}}}]},{"date":"2024-10-24","commitResults":[{"hash":"4f24f71b2e552ceba296be6a0c57679560e4aa16","isMergeCommit":false,"messageTitle":"Fix sort command","messageBody":"","fileTypesAndContributionMap":{"functional-code":{"insertions":8,"deletions":2}}},{"hash":"b0945f765df1ae909b0afbc5742e990851aeff5e","isMergeCommit":false,"messageTitle":"Add logger for sort","messageBody":"","fileTypesAndContributionMap":{"functional-code":{"insertions":10,"deletions":1}}},{"hash":"92329eee63ca91a4cb1d65c289e6dc293ea6f4f9","isMergeCommit":false,"messageTitle":"Fix styling in sort","messageBody":"","fileTypesAndContributionMap":{"functional-code":{"insertions":3,"deletions":3}}}]},{"date":"2024-10-25","commitResults":[{"hash":"a466834ab6e135dfb699d16a4777994288172f96","isMergeCommit":false,"messageTitle":"Add sort sequence diagram","messageBody":"","fileTypesAndContributionMap":{"docs":{"insertions":70,"deletions":0}}},{"hash":"d7da9ad2c9ff274865431ff00993e8e964956cb3","isMergeCommit":false,"messageTitle":"Fix styling","messageBody":"","fileTypesAndContributionMap":{"docs":{"insertions":1,"deletions":1}}}]},{"date":"2024-10-26","commitResults":[{"hash":"b7d2473c9101ecbe4dba4287c8e830d8573cac9f","isMergeCommit":false,"messageTitle":"Fix sort for duplicates","messageBody":"","fileTypesAndContributionMap":{"functional-code":{"insertions":2,"deletions":0}}},{"hash":"849bd921dcbb3d7b63c0060b743e3fdb0cce6451","isMergeCommit":false,"messageTitle":"Add tests for sortCommandParser","messageBody":"","fileTypesAndContributionMap":{"functional-code":{"insertions":16,"deletions":0},"test-code":{"insertions":74,"deletions":0}}},{"hash":"c2cbc841b43cefb4a39feaaafeed037b966de51a","isMergeCommit":false,"messageTitle":"Add sort command test","messageBody":"","fileTypesAndContributionMap":{"test-code":{"insertions":107,"deletions":0}}},{"hash":"bf4a520ffdc46cc026a9aaf794710786ea0c6915","isMergeCommit":false,"messageTitle":"Update sort to be persistent","messageBody":"","fileTypesAndContributionMap":{"functional-code":{"insertions":38,"deletions":6},"test-code":{"insertions":6,"deletions":1}}},{"hash":"32751f6af8e8712b1c44d6d5cf19a274978a2038","isMergeCommit":false,"messageTitle":"Update comparator null check","messageBody":"","fileTypesAndContributionMap":{"functional-code":{"insertions":4,"deletions":2}}},{"hash":"711ee96645051df0e28a8605017713389f7d8176","isMergeCommit":false,"messageTitle":"Update add command test","messageBody":"","fileTypesAndContributionMap":{"test-code":{"insertions":1,"deletions":1}}}]},{"date":"2024-10-29","commitResults":[{"hash":"b84d93980d87bbab3ee1fc03e432e41e35b54252","isMergeCommit":false,"messageTitle":"Update sort commmand test","messageBody":"","fileTypesAndContributionMap":{"functional-code":{"insertions":0,"deletions":24},"test-code":{"insertions":4,"deletions":4}}}]}],"triishaa":[{"date":"2024-10-02","commitResults":[{"hash":"5b75f015f9ba782965f0ac1339ebcc6968e13422","isMergeCommit":false,"messageTitle":"Update AboutUs","messageBody":"","fileTypesAndContributionMap":{"docs":{"insertions":16,"deletions":5}}}]},{"date":"2024-10-03","commitResults":[{"hash":"76493cf2e03cac291efe40a03249534753a4c92e","isMergeCommit":false,"messageTitle":"Update DeveloperGuide.md","messageBody":"","fileTypesAndContributionMap":{"docs":{"insertions":7,"deletions":1}}}]},{"date":"2024-10-08","commitResults":[{"hash":"823dccfed228f587bbd58c08edc70df065551420","isMergeCommit":false,"messageTitle":"Update find feature to support name and contact number","messageBody":"","fileTypesAndContributionMap":{"functional-code":{"insertions":167,"deletions":20},"other":{"insertions":31,"deletions":31},"test-code":{"insertions":8,"deletions":4}}},{"hash":"339c6acf5513927d8c74ef6f4b2e85e69aade20a","isMergeCommit":false,"messageTitle":"Change style to pass CI Test","messageBody":"","fileTypesAndContributionMap":{"functional-code":{"insertions":5,"deletions":7},"docs":{"insertions":1,"deletions":2}}}]},{"date":"2024-10-09","commitResults":[{"hash":"95cfd2ba1eae759345ef8c62eff656584112bf6d","isMergeCommit":false,"messageTitle":"Update Contact to PhoneNumber","messageBody":"","fileTypesAndContributionMap":{"functional-code":{"insertions":26,"deletions":27},"other":{"insertions":22,"deletions":22},"test-code":{"insertions":1,"deletions":1}}},{"hash":"71e66877478e97676d07a78b8270bac8d0b3165c","isMergeCommit":false,"messageTitle":"Change to pass CheckStyle","messageBody":"","fileTypesAndContributionMap":{"functional-code":{"insertions":3,"deletions":2}}},{"hash":"e058c66936051d667ebe0fc592306fbec1d4ffb0","isMergeCommit":false,"messageTitle":"Update text to pass CI Test","messageBody":"","fileTypesAndContributionMap":{"functional-code":{"insertions":2,"deletions":1}}},{"hash":"947204c38ca161ae3e8568884c25cdcf8fda3470","isMergeCommit":false,"messageTitle":"Change indentation","messageBody":"","fileTypesAndContributionMap":{"functional-code":{"insertions":2,"deletions":2}}},{"hash":"9bfd3522657d5445a09f3c8fcb03ae35c7019836","isMergeCommit":false,"messageTitle":"Change in indentation","messageBody":"","fileTypesAndContributionMap":{"functional-code":{"insertions":1,"deletions":1}}},{"hash":"f12849d6fd084b4d9d8379e550e03bab7e84dc33","isMergeCommit":false,"messageTitle":"Change indentation: No longer using Continuation","messageBody":"","fileTypesAndContributionMap":{"functional-code":{"insertions":1,"deletions":2}}},{"hash":"8755fabc6310dc78a115b528ee563911db393f2e","isMergeCommit":false,"messageTitle":"Change indentation in FindCommandParserTest","messageBody":"","fileTypesAndContributionMap":{"test-code":{"insertions":2,"deletions":1}}},{"hash":"f5d5bd54ac42a119616f5bfcc2c14b5971dc7079","isMergeCommit":false,"messageTitle":"Update test cases to accomodate changes","messageBody":"","fileTypesAndContributionMap":{"test-code":{"insertions":126,"deletions":1}}},{"hash":"6b5f0c160b1fc10dba0226ba7ef3681d56e040ae","isMergeCommit":false,"messageTitle":"Change line length to pass CheckStyle","messageBody":"","fileTypesAndContributionMap":{"test-code":{"insertions":4,"deletions":2}}},{"hash":"c1537c397076d4be0b75bf7d1cb944ef94079aeb","isMergeCommit":false,"messageTitle":"Change line length to pass CheckStyle","messageBody":"","fileTypesAndContributionMap":{"test-code":{"insertions":2,"deletions":1}}}]},{"date":"2024-10-10","commitResults":[{"hash":"7cf72c41dd20d912f6b41fa663138fe7d378abcd","isMergeCommit":false,"messageTitle":"Changed variable name from nameKeyword to phoneNumberKeywords","messageBody":"","fileTypesAndContributionMap":{"functional-code":{"insertions":2,"deletions":2}}}]},{"date":"2024-10-16","commitResults":[{"hash":"9c487e971ffecfc081816a73ec558615bb65eef5","isMergeCommit":false,"messageTitle":"Change findp command to throw an exception whenever the keyword was anything except numbers","messageBody":"","fileTypesAndContributionMap":{"functional-code":{"insertions":11,"deletions":4},"docs":{"insertions":61,"deletions":10}}},{"hash":"988b42c158ba285c77e10e3e72ab896d866143e2","isMergeCommit":false,"messageTitle":"Update UserGuide.md to accomodate new features","messageBody":"","fileTypesAndContributionMap":{"docs":{"insertions":16,"deletions":3}}}]},{"date":"2024-10-17","commitResults":[{"hash":"4109353002cf1cded272e6081db04a539f5d5657","isMergeCommit":false,"messageTitle":"Add test case for updated findp criteria","messageBody":"","fileTypesAndContributionMap":{"test-code":{"insertions":7,"deletions":0}}},{"hash":"45d8aa7da2890b84ca32edfb267fbfa93bf9ecb7","isMergeCommit":true,"messageTitle":"Merge branch \u0027master\u0027 of https://github.com/triishaa/tp Prevent diverging","messageBody":"","fileTypesAndContributionMap":{}},{"hash":"c40699d7a851c61cb444b68b7d4cc72100a1d6d9","isMergeCommit":false,"messageTitle":"Update documentation","messageBody":"","fileTypesAndContributionMap":{"functional-code":{"insertions":119,"deletions":15},"docs":{"insertions":1,"deletions":1}}},{"hash":"d47c64dd394f9d30bcd8d01748d84b56d7c4ca48","isMergeCommit":false,"messageTitle":"Update to pass CI","messageBody":"","fileTypesAndContributionMap":{"functional-code":{"insertions":10,"deletions":5}}},{"hash":"6a696190d503a6f1fbed52409e39a50da130e365","isMergeCommit":false,"messageTitle":"Delete un-used method in Price","messageBody":"","fileTypesAndContributionMap":{"functional-code":{"insertions":0,"deletions":6},"docs":{"insertions":29,"deletions":0}}},{"hash":"d5bb707b3a9c09d0eb4cdd2f2e3b65b70de12f82","isMergeCommit":false,"messageTitle":"Update Known Issues","messageBody":"","fileTypesAndContributionMap":{"docs":{"insertions":2,"deletions":1}}},{"hash":"a77c1e65b72a7b3f74e23c9d6be604dca9f66bb0","isMergeCommit":false,"messageTitle":"Add isValidPrice back","messageBody":"","fileTypesAndContributionMap":{"functional-code":{"insertions":6,"deletions":0}}},{"hash":"3cfae92fdbeb8aa451e367acae1bbb3a037437b7","isMergeCommit":false,"messageTitle":"Modify Examples - delSell and delBuy","messageBody":"","fileTypesAndContributionMap":{"docs":{"insertions":4,"deletions":4}}},{"hash":"d6d9c68982240b339ca9313c9587e835a4aba361","isMergeCommit":false,"messageTitle":"Fix bug, removed from UG","messageBody":"","fileTypesAndContributionMap":{"docs":{"insertions":1,"deletions":1}}},{"hash":"300f73befdb1643f1acdbdb93ed94ea4152baaee","isMergeCommit":false,"messageTitle":"Added new issues to UG","messageBody":"","fileTypesAndContributionMap":{"docs":{"insertions":2,"deletions":1}}},{"hash":"b34c497df124ec531009c470659c14257c2a9ac8","isMergeCommit":false,"messageTitle":"Add more known issues","messageBody":"","fileTypesAndContributionMap":{"docs":{"insertions":1,"deletions":0}}}]},{"date":"2024-10-20","commitResults":[{"hash":"28286ed9d30fe5bf7a9d572cbf854236666b2051","isMergeCommit":true,"messageTitle":"Merge branch \u0027master\u0027 of https://github.com/triishaa/tp","messageBody":"","fileTypesAndContributionMap":{}},{"hash":"fc8cf5a890fc52cd00d6b489370ef01403ee9fdc","isMergeCommit":false,"messageTitle":"Fix find command to search using substrings","messageBody":"","fileTypesAndContributionMap":{"functional-code":{"insertions":28,"deletions":2},"test-code":{"insertions":79,"deletions":2}}},{"hash":"59692faa214e1c6827f03999e391cbe33ce29a10","isMergeCommit":false,"messageTitle":"Implement tag filtering feature in NUStates","messageBody":"","fileTypesAndContributionMap":{"functional-code":{"insertions":152,"deletions":1},"test-code":{"insertions":286,"deletions":1}}}]},{"date":"2024-10-21","commitResults":[{"hash":"e204521ce5bec85833ce9bc09ba3cadee006e9a0","isMergeCommit":false,"messageTitle":"Update to pass checkstyle","messageBody":"","fileTypesAndContributionMap":{"test-code":{"insertions":26,"deletions":12}}},{"hash":"ef158a74b429bcb87a047ad7d56314374eed96d3","isMergeCommit":true,"messageTitle":"Merge branch \u0027master\u0027 into branch-find-tag-contact","messageBody":"","fileTypesAndContributionMap":{}},{"hash":"bc39ff0e8e580166f25b6255ac75de4ffc891227","isMergeCommit":false,"messageTitle":"Update order of imports","messageBody":"","fileTypesAndContributionMap":{"functional-code":{"insertions":1,"deletions":1}}},{"hash":"02915cb713aa2e08c00bef55582af72f48692e76","isMergeCommit":false,"messageTitle":"Update checkstyle to delete extra whitespaces","messageBody":"","fileTypesAndContributionMap":{"test-code":{"insertions":2,"deletions":2}}},{"hash":"a109a4d68f0d0e01b74f8656927902faab236b6b","isMergeCommit":false,"messageTitle":"Update test cases which were failing","messageBody":"","fileTypesAndContributionMap":{"test-code":{"insertions":10,"deletions":13}}},{"hash":"608101639ed05cb14e474cf95f3aa6483f8b16f1","isMergeCommit":false,"messageTitle":"Update * import","messageBody":"","fileTypesAndContributionMap":{"test-code":{"insertions":4,"deletions":1}}},{"hash":"d9fdf839e5606a371539b46d527e0bf8baedc42e","isMergeCommit":false,"messageTitle":"Update import lexographical order","messageBody":"","fileTypesAndContributionMap":{"test-code":{"insertions":2,"deletions":1}}},{"hash":"be9777f5967a2cc0744223ee10895ba8f51c79ec","isMergeCommit":false,"messageTitle":"Update UG to turn v1.3 on dashboard to green","messageBody":"","fileTypesAndContributionMap":{"docs":{"insertions":1,"deletions":1}}},{"hash":"6531c30160c7a13abb94aba5eeda8b7b9e67d300","isMergeCommit":false,"messageTitle":"Update to pass checkstyle","messageBody":"","fileTypesAndContributionMap":{"test-code":{"insertions":0,"deletions":1}}}]},{"date":"2024-10-22","commitResults":[{"hash":"7cf3de03ca85b0571de200c3eb48cd79080733f9","isMergeCommit":true,"messageTitle":"Merge pull request #112 from triishaa/branch-v1.3","messageBody":"Update UG to turn v1.3 on dashboard to green","fileTypesAndContributionMap":{}},{"hash":"a824b8bdc28501adb65df3661644b5407abc6442","isMergeCommit":false,"messageTitle":"Update test cases","messageBody":"","fileTypesAndContributionMap":{"test-code":{"insertions":5,"deletions":8}}},{"hash":"89bd1e70278b005cae7276ccfd8788087fdf3d61","isMergeCommit":false,"messageTitle":"Update to remove * import","messageBody":"","fileTypesAndContributionMap":{"functional-code":{"insertions":24,"deletions":0},"test-code":{"insertions":6,"deletions":1}}}]},{"date":"2024-10-23","commitResults":[{"hash":"d39111225733a3e9c7cc7d9d01e941a8f031151b","isMergeCommit":false,"messageTitle":"Add pin feature: Now can pin contacts to the top of the list","messageBody":"","fileTypesAndContributionMap":{"functional-code":{"insertions":128,"deletions":0},"test-code":{"insertions":158,"deletions":0}}},{"hash":"8ecfd822acbbe6af81e5c65311f87f702834bd9a","isMergeCommit":true,"messageTitle":"Merge branch \u0027master\u0027 into branch-pin-contact","messageBody":"","fileTypesAndContributionMap":{}},{"hash":"4f169f50b40149a5605ca6a7f55bde54efbdca06","isMergeCommit":false,"messageTitle":"Update to pass checkstyle","messageBody":"","fileTypesAndContributionMap":{"functional-code":{"insertions":37,"deletions":37},"docs":{"insertions":4,"deletions":4}}},{"hash":"07d14f3c26432af7049a8e557e3f26a1d9cf0e6d","isMergeCommit":false,"messageTitle":"Update to pass checkstyle","messageBody":"","fileTypesAndContributionMap":{"functional-code":{"insertions":0,"deletions":1}}},{"hash":"ffd6bba6d87bf191ed4b347f25c7c5014ba57a90","isMergeCommit":true,"messageTitle":"Update to pass checkstyle","messageBody":"","fileTypesAndContributionMap":{}},{"hash":"c61f3024a60fe67e9f8afad4f8ff733602a02a70","isMergeCommit":false,"messageTitle":"Update to pass checkstyle","messageBody":"","fileTypesAndContributionMap":{"functional-code":{"insertions":1,"deletions":1}}},{"hash":"6bb287b1d6f28b7d7407b7087c7892495ea0f2d7","isMergeCommit":false,"messageTitle":"Add logging to PinContact feature classes","messageBody":"","fileTypesAndContributionMap":{"functional-code":{"insertions":13,"deletions":1}}},{"hash":"3ad947ce176df46a9211928d8570dbdb4781d52e","isMergeCommit":false,"messageTitle":"Update to pass checkstyle","messageBody":"","fileTypesAndContributionMap":{"functional-code":{"insertions":48,"deletions":47}}},{"hash":"f2c58d9041daa12f121b5259a313ffcb536dfbea","isMergeCommit":false,"messageTitle":"Update to pass checkstyle","messageBody":"","fileTypesAndContributionMap":{"functional-code":{"insertions":7,"deletions":9}}},{"hash":"e7b2162ed868bb00a46d78c85a332472a2968a26","isMergeCommit":false,"messageTitle":"Update to pass checkstyle","messageBody":"","fileTypesAndContributionMap":{"functional-code":{"insertions":1,"deletions":0}}},{"hash":"00cdd5e61c6c270c3f9deef46f9e51434f4809a0","isMergeCommit":false,"messageTitle":"Update to pass checkstyle","messageBody":"","fileTypesAndContributionMap":{"test-code":{"insertions":21,"deletions":18}}},{"hash":"2f612763b6adbf9c8be8a2f16597e94abd892a01","isMergeCommit":false,"messageTitle":"Update import getTypicalAddressBook","messageBody":"","fileTypesAndContributionMap":{"test-code":{"insertions":1,"deletions":0}}}]},{"date":"2024-10-24","commitResults":[{"hash":"eeadb20cbefc9fa6957f169f0b74f3f699d1cb09","isMergeCommit":true,"messageTitle":"Merge pull request #99 from triishaa/branch-find-tag-contact","messageBody":"Implement filtering based on tags assigned to contacts ","fileTypesAndContributionMap":{}},{"hash":"1dc5bea504d251fc3e9e6f7f1d09bdbe4f9a1f32","isMergeCommit":true,"messageTitle":"Merge branch \u0027master\u0027 into branch-pin-contact","messageBody":"","fileTypesAndContributionMap":{}},{"hash":"57c36ba2adedeaf664dd19b5739fff4141a122f7","isMergeCommit":false,"messageTitle":"Update ModelManager.java to pass checkstyle test","messageBody":"","fileTypesAndContributionMap":{"functional-code":{"insertions":1,"deletions":1}}},{"hash":"bebaa638a5b693a4391d1cbb5e6ec8b3e02f1efc","isMergeCommit":true,"messageTitle":"Merge pull request #117 from triishaa/branch-pin-contact","messageBody":"Pin Contact Feature","fileTypesAndContributionMap":{}},{"hash":"7ec7616f8827fd77692179f8ea1b830bab535f8d","isMergeCommit":false,"messageTitle":"Change uml diagrams","messageBody":"","fileTypesAndContributionMap":{"docs":{"insertions":8,"deletions":3}}},{"hash":"8b25933bbbcdf6d615dc5aba7b28d4c3458a628a","isMergeCommit":false,"messageTitle":"Add pinPerson sequence diagram","messageBody":"","fileTypesAndContributionMap":{"docs":{"insertions":70,"deletions":0}}},{"hash":"8a3b894b8f00b8df48621bbc42fa87348e12ba05","isMergeCommit":true,"messageTitle":"Merge branch \u0027master\u0027 into branch-uml-update","messageBody":"","fileTypesAndContributionMap":{}},{"hash":"5d15bb25e22d29069f82d205a5bb0fe6928c84d2","isMergeCommit":true,"messageTitle":"Merge pull request #123 from triishaa/branch-uml-update","messageBody":"Change uml diagrams for week 10 dashboard","fileTypesAndContributionMap":{}}]}],"ITZXITZX":[{"date":"2024-10-01","commitResults":[{"hash":"fb12a633d9d2e51560fc816baad85b84e4e28629","isMergeCommit":false,"messageTitle":"Update Isaac AboutUs","messageBody":"","fileTypesAndContributionMap":{"docs":{"insertions":50,"deletions":4}}}]},{"date":"2024-10-02","commitResults":[{"hash":"de5f9494ffb281e35d3c6d0c745859d2efcd77d7","isMergeCommit":true,"messageTitle":"Merge pull request #12 from xqtann/add-XinQuan-photo","messageBody":"Add Xin Quan\u0027s photo","fileTypesAndContributionMap":{}},{"hash":"a13bd3784483e30d84b4479cbd51ab08b32a622f","isMergeCommit":false,"messageTitle":"Update AboutUs for Isaac","messageBody":"","fileTypesAndContributionMap":{"docs":{"insertions":6,"deletions":5}}}]},{"date":"2024-10-03","commitResults":[{"hash":"01eb42d092b074e38a88b3b719fb2cedefe7e4d2","isMergeCommit":false,"messageTitle":"Update GitHub Actions build status badge link and codecov link","messageBody":"","fileTypesAndContributionMap":{"docs":{"insertions":3,"deletions":3}}},{"hash":"dff86c9a3422f37d0f9c4cc1d4a8d08698425e10","isMergeCommit":false,"messageTitle":"Acknowledge original source of the code","messageBody":"","fileTypesAndContributionMap":{"docs":{"insertions":3,"deletions":2}}},{"hash":"c51d73bb825736fc63f653901e08b7296b66afb8","isMergeCommit":true,"messageTitle":"Merge branch \u0027AY2425S1-CS2103T-F10-3:master\u0027 into master","messageBody":"","fileTypesAndContributionMap":{}},{"hash":"b299622203b1b13845bfbc2570f8d107518a0df4","isMergeCommit":true,"messageTitle":"Pull origin/master to master","messageBody":"","fileTypesAndContributionMap":{}},{"hash":"18e9112e29652a2bdcf2b98a458b76405b219041","isMergeCommit":true,"messageTitle":"Merge branch \u0027master\u0027 into Update_README","messageBody":"","fileTypesAndContributionMap":{}}]},{"date":"2024-10-07","commitResults":[{"hash":"847e307160b061c9552b84fe943ba0a0e53b8057","isMergeCommit":false,"messageTitle":"Add new Prefixes","messageBody":"","fileTypesAndContributionMap":{"functional-code":{"insertions":5,"deletions":1}}},{"hash":"ac671708c0c11b76789696d134be3993b3a61bc8","isMergeCommit":true,"messageTitle":"Merge branch \u0027master\u0027 into branch-add-new-prefixes","messageBody":"","fileTypesAndContributionMap":{}},{"hash":"a6f81c42419c7332b58125f436daed1c7038a12e","isMergeCommit":false,"messageTitle":"Update code differences with origin/master","messageBody":"","fileTypesAndContributionMap":{"docs":{"insertions":4,"deletions":2}}},{"hash":"f07e5e6fa4746ffc33d4d7561281d976a1f5e130","isMergeCommit":true,"messageTitle":"Merge branch \u0027branch-add-new-prefixes\u0027 of https://github.com/ITZXITZX/tp into branch-add-new-prefixes","messageBody":"","fileTypesAndContributionMap":{}},{"hash":"852d0195f1576075eb1b2e986fc8d28bb6965799","isMergeCommit":true,"messageTitle":"Merge pull request #56 from ITZXITZX/branch-add-new-prefixes","messageBody":"branch-add-new-prefixes","fileTypesAndContributionMap":{}}]},{"date":"2024-10-10","commitResults":[{"hash":"dfbcd500c8923f9179896cbb7acbb7ee12004761","isMergeCommit":true,"messageTitle":"Merge pull request #59 from triishaa/Update-Find-Command","messageBody":"Update find command","fileTypesAndContributionMap":{}},{"hash":"4f7e1098bec44d424a98657dea4413b873e6174a","isMergeCommit":true,"messageTitle":"Merge pull request #60 from xqtann/add-AddBuyCommandParser","messageBody":"Create AddBuyCommandParser with dummy return values","fileTypesAndContributionMap":{}},{"hash":"7a8cb3cb6e7e53733ff158f46598852601074f10","isMergeCommit":true,"messageTitle":"Merge pull request #57 from OrangeCatLoves/Add-Property-To-Sell-Command","messageBody":"Added new Properties parent classes and subclasses + Edited Command class for new AddPropertyToSellCommand","fileTypesAndContributionMap":{}}]},{"date":"2024-10-16","commitResults":[{"hash":"f767fe048289cfb99f1838ded6075a9537a500e4","isMergeCommit":false,"messageTitle":"Add DeletePropertyToBuyCommand","messageBody":"","fileTypesAndContributionMap":{"functional-code":{"insertions":237,"deletions":0}}},{"hash":"e676e05b3e0b938f78b8d27353b5711c7d4dc79f","isMergeCommit":false,"messageTitle":"Update AddressBookParser to handle DeletePropertyToBuyCommand","messageBody":"","fileTypesAndContributionMap":{"functional-code":{"insertions":4,"deletions":12}}},{"hash":"5883fb299920c78f81b3d8f7f5058235fc8e4b91","isMergeCommit":false,"messageTitle":"Update EditPersonPropertyDescriptor static class","messageBody":"","fileTypesAndContributionMap":{"functional-code":{"insertions":27,"deletions":12}}},{"hash":"1077da5791e7fa8d00c7613d87b6fca6690a26af","isMergeCommit":false,"messageTitle":"Implement DeletePropertyToBuyCommandParser, DeletePropertyToBuyCommand","messageBody":"","fileTypesAndContributionMap":{"functional-code":{"insertions":126,"deletions":22}}},{"hash":"cadbe60480000e2f438810266092ac70b8e28695","isMergeCommit":false,"messageTitle":"Add DeletePropertyToBuyCommandParserTest","messageBody":"","fileTypesAndContributionMap":{"functional-code":{"insertions":3,"deletions":2},"test-code":{"insertions":122,"deletions":1}}},{"hash":"984330efcc9472c11c84e04930df5378ff299c0a","isMergeCommit":false,"messageTitle":"Add DeletePropertyToBuyCommandTest, do not implement assertEquals yet","messageBody":"","fileTypesAndContributionMap":{"functional-code":{"insertions":3,"deletions":1},"test-code":{"insertions":165,"deletions":1}}},{"hash":"1df5ca6a2ffc4b32c608985b9402bc76b7ba1f56","isMergeCommit":false,"messageTitle":"Split PropertyBuilder class into 2 separate Builder classes","messageBody":"","fileTypesAndContributionMap":{"other":{"insertions":6,"deletions":6},"test-code":{"insertions":78,"deletions":3}}},{"hash":"ac37d32aa1bb4171620dcfc5f2546fcb72bf85e8","isMergeCommit":false,"messageTitle":"Add CondoToBuyBuilder and CondoToSellBuilder","messageBody":"","fileTypesAndContributionMap":{"test-code":{"insertions":4,"deletions":0}}},{"hash":"6e27d6e4ca63bdbe9d505350064bd0a33cdda2ba","isMergeCommit":false,"messageTitle":"Add 1 success test case in DeletePropertyToBuyCommandTest","messageBody":"","fileTypesAndContributionMap":{"test-code":{"insertions":244,"deletions":35}}}]},{"date":"2024-10-17","commitResults":[{"hash":"bd2860a89f9386da21802d1c062aff91f8e3805d","isMergeCommit":false,"messageTitle":"Add new typical persons","messageBody":"","fileTypesAndContributionMap":{"test-code":{"insertions":49,"deletions":4}}},{"hash":"052f24c809da2c2ee21974b7463c220888581ccd","isMergeCommit":false,"messageTitle":"Update DeletePropertyToBuyCommandTest","messageBody":"","fileTypesAndContributionMap":{"functional-code":{"insertions":20,"deletions":2},"test-code":{"insertions":60,"deletions":11}}},{"hash":"e7e8cc900c575478e44a0eac2becbc5633ae8bec","isMergeCommit":false,"messageTitle":"Update AddressBookParserTest with test for dellBuy","messageBody":"","fileTypesAndContributionMap":{"functional-code":{"insertions":2,"deletions":2},"test-code":{"insertions":18,"deletions":13}}},{"hash":"d5e485b7eb6e7a4683d63940c2bb9b39e4d1a58b","isMergeCommit":false,"messageTitle":"Add Kate to list output of getTypicalPersons() method","messageBody":"","fileTypesAndContributionMap":{"test-code":{"insertions":1,"deletions":1}}},{"hash":"9ecddd3becb937fb60230e8ecced4ed2e66bfedc","isMergeCommit":false,"messageTitle":"Fix code quality bugs","messageBody":"","fileTypesAndContributionMap":{"functional-code":{"insertions":23,"deletions":7}}},{"hash":"8aab431f2ed4790253d3fa0a002aacc30369667f","isMergeCommit":false,"messageTitle":"Fix checkstyle in DeletePropertyToBuyCommand","messageBody":"","fileTypesAndContributionMap":{"functional-code":{"insertions":3,"deletions":3}}},{"hash":"358b369c486505518647b8c2a326e4273a3732c1","isMergeCommit":false,"messageTitle":"Fix styleCheck errors","messageBody":"","fileTypesAndContributionMap":{"test-code":{"insertions":39,"deletions":32}}},{"hash":"28bff1517822c2475122a0f94bf310fefba38e37","isMergeCommit":false,"messageTitle":"Fix failing test cases","messageBody":"","fileTypesAndContributionMap":{"test-code":{"insertions":2,"deletions":12}}},{"hash":"55944dbcdb3f0d271c4e49523317abd0c1a16edf","isMergeCommit":false,"messageTitle":"Rename \"dellbuy\" with \"delbuy","messageBody":"","fileTypesAndContributionMap":{"functional-code":{"insertions":1,"deletions":1},"test-code":{"insertions":1,"deletions":1}}},{"hash":"2165e345c715db0275024b7d07a41c7bfc2c9228","isMergeCommit":true,"messageTitle":"Merge branch \u0027master\u0027 into add-deletePropertyToBuyCommand","messageBody":"","fileTypesAndContributionMap":{}},{"hash":"7d3b949d06eac71280f3da78983d5ea72e10844f","isMergeCommit":true,"messageTitle":"Merge pull request #72 from ITZXITZX/add-deletePropertyToBuyCommand","messageBody":"Add delete property to buy command","fileTypesAndContributionMap":{}},{"hash":"6a9a992e9ded6c6d20df5a0e87edd550007d3437","isMergeCommit":false,"messageTitle":"Revert \"Add delete property to buy command\"","messageBody":"","fileTypesAndContributionMap":{"functional-code":{"insertions":0,"deletions":385},"test-code":{"insertions":12,"deletions":676}}},{"hash":"e0acd4b273495c3531011339b98f52548baf87c3","isMergeCommit":true,"messageTitle":"Merge pull request #82 from AY2425S1-CS2103T-F10-3/revert-72-add-deletePropertyToBuyCommand","messageBody":"Revert \"Add delete property to buy command\"","fileTypesAndContributionMap":{}},{"hash":"e997b44a61e84ab3a4bbd45cc16f66619f1bb2e8","isMergeCommit":false,"messageTitle":"Update parsing","messageBody":"","fileTypesAndContributionMap":{"functional-code":{"insertions":378,"deletions":1}}},{"hash":"cd79b2ebb9c7fa56c72f717bd87a512cd68c850b","isMergeCommit":false,"messageTitle":"Update output of CommandResult","messageBody":"","fileTypesAndContributionMap":{"functional-code":{"insertions":43,"deletions":14}}},{"hash":"e6879077f71a9b62d3d4263311492ee1d6b9bf02","isMergeCommit":false,"messageTitle":"Added DeletePropertyToBuyCommandTest","messageBody":"","fileTypesAndContributionMap":{"functional-code":{"insertions":12,"deletions":2},"test-code":{"insertions":373,"deletions":11}}},{"hash":"fb1be88c3bf6766fa392ec61c3aecc8c1dc6c90d","isMergeCommit":false,"messageTitle":"Implement DeletePropertyToSellCommand, DeletePropertyToSellCommandParser","messageBody":"","fileTypesAndContributionMap":{"functional-code":{"insertions":414,"deletions":0}}},{"hash":"8b414f07ce165ccdea59a915f1e4e0d4ba5fb5a8","isMergeCommit":false,"messageTitle":"Add test cases","messageBody":"","fileTypesAndContributionMap":{"functional-code":{"insertions":9,"deletions":0},"test-code":{"insertions":370,"deletions":9}}},{"hash":"405c1169efb27c7fecbbb7ddf67a071b2e4dbe59","isMergeCommit":true,"messageTitle":"Merge pull request #86 from ITZXITZX/implement-deletePropertyToBuyCommand","messageBody":"implement-DeletePropertyToBuyCommand","fileTypesAndContributionMap":{}},{"hash":"eb5aab694540ae98b34021209f998334945b055c","isMergeCommit":true,"messageTitle":"Merge local branch \u0027master\u0027 into implement-deletePropertyToSellCommand","messageBody":"# Conflicts:\n#\tsrc/main/java/seedu/address/logic/Messages.java\n#\tsrc/main/java/seedu/address/logic/parser/AddressBookParser.java\n#\tsrc/main/java/seedu/address/model/person/Person.java\n#\tsrc/test/java/seedu/address/logic/commands/CommandTestUtil.java\n#\tsrc/test/java/seedu/address/logic/parser/AddressBookParserTest.java\n#\tsrc/test/java/seedu/address/testutil/EditPersonPropertyDescriptorBuilder.java\n","fileTypesAndContributionMap":{}},{"hash":"d9e6b4e530c78d04168f7f2f4528c7cde86afe3a","isMergeCommit":true,"messageTitle":"Merge pull request #90 from ITZXITZX/implement-deletePropertyToSellCommand","messageBody":"Implement delete property to sell command","fileTypesAndContributionMap":{}},{"hash":"100195434130dd75fcc09e96f38cf18f210a985e","isMergeCommit":true,"messageTitle":"Merge pull request #87 from OrangeCatLoves/Ui-Update-With-PropertyListing","messageBody":"Ui Bug Fixing","fileTypesAndContributionMap":{}},{"hash":"46df78031f1ea8fa41e1146f8485c410bf570cb1","isMergeCommit":true,"messageTitle":"Merge pull request #92 from Potatoad88/save-property-after-edit","messageBody":"Fix saving property issue","fileTypesAndContributionMap":{}},{"hash":"408ebafc4f17839cd47786e0b3d7cd9e75fff969","isMergeCommit":true,"messageTitle":"Merge branch \u0027master\u0027 into Documentation","messageBody":"","fileTypesAndContributionMap":{}},{"hash":"f873239618465777205518b982e29d8ee8e5ae46","isMergeCommit":true,"messageTitle":"Merge branch \u0027master\u0027 into UserGuide","messageBody":"","fileTypesAndContributionMap":{}},{"hash":"a79b6c9d7eeeada39776f4fb342277c43f923764","isMergeCommit":false,"messageTitle":"Add 1 more known issue about delSell and delBuy","messageBody":"","fileTypesAndContributionMap":{"docs":{"insertions":1,"deletions":0}}},{"hash":"c71a95d7390e840655fd0512dce1b0a2ee8fa20f","isMergeCommit":true,"messageTitle":"Merge pull request #94 from ITZXITZX/branch-user-guide","messageBody":"Add 1 more known issue about delSell and delBuy","tags":["v1.4"],"fileTypesAndContributionMap":{}}]},{"date":"2024-10-22","commitResults":[{"hash":"f831305ce02eace20c5f29579f51cbff253e153c","isMergeCommit":true,"messageTitle":"Merge pull request #113 from OrangeCatLoves/Add-Sort-Individually-Command","messageBody":"Add a new sort individual command","fileTypesAndContributionMap":{}},{"hash":"c527977f4eafd89f568154cd97d96515af06e69c","isMergeCommit":true,"messageTitle":"Merge pull request #110 from xqtann/add-command-history","messageBody":"Add command history feature","fileTypesAndContributionMap":{}},{"hash":"82218c1e9ddf696a6ad333a01eaa51b3742c16dd","isMergeCommit":false,"messageTitle":"Add AddressBookStatistics class","messageBody":"","fileTypesAndContributionMap":{"functional-code":{"insertions":26,"deletions":0}}},{"hash":"54c42fa361c12901c9363a858d4b98b8bef3a85e","isMergeCommit":false,"messageTitle":"add processPersonData method","messageBody":"","fileTypesAndContributionMap":{"functional-code":{"insertions":98,"deletions":23}}},{"hash":"99be5997ce18864d394ecfd8ba2a9cb7ea81ee43","isMergeCommit":false,"messageTitle":"Update Person constructor and processPersonData method","messageBody":"","fileTypesAndContributionMap":{"functional-code":{"insertions":122,"deletions":10}}}]},{"date":"2024-10-23","commitResults":[{"hash":"f278f6a20dd5d31ffbc8799f51f45b04fa678790","isMergeCommit":false,"messageTitle":"Update processPersonData method","messageBody":"","fileTypesAndContributionMap":{"functional-code":{"insertions":53,"deletions":13}}},{"hash":"a87e5e792fa907962ce6231d0b37ff84dcf35212","isMergeCommit":false,"messageTitle":"Add BoughtPropertyCommand and BoughtPropertyCommandParser","messageBody":"","fileTypesAndContributionMap":{"functional-code":{"insertions":249,"deletions":19}}},{"hash":"acc94691c7d7576e5c6f92c01e84f0b79fb6a52d","isMergeCommit":false,"messageTitle":"Add tests for AddressBookStatistics and bought command related classes","messageBody":"","fileTypesAndContributionMap":{"functional-code":{"insertions":187,"deletions":19},"test-code":{"insertions":513,"deletions":50}}},{"hash":"9f1c8bb4b0c0dab418c7a157c74599c4be508d79","isMergeCommit":false,"messageTitle":"Add Sold property related commands","messageBody":"","fileTypesAndContributionMap":{"functional-code":{"insertions":163,"deletions":10}}},{"hash":"452fd5174c492cd0dfd3bbce6a2a62e2e5f654f5","isMergeCommit":false,"messageTitle":"Add test cases for BoughtPropertyCommand and related classes","messageBody":"","fileTypesAndContributionMap":{"test-code":{"insertions":240,"deletions":17}}},{"hash":"13b2d3bddb4872a9ba39a65774cea374b9cfe76f","isMergeCommit":false,"messageTitle":"Add tests for UniqueBuyingPropertyList and UniqueSellingPropertyList","messageBody":"","fileTypesAndContributionMap":{"test-code":{"insertions":75,"deletions":0}}}]},{"date":"2024-10-24","commitResults":[{"hash":"e8fdda264e259ff39238eed1cc5ac36f6dd1fcbb","isMergeCommit":false,"messageTitle":"Fix checkstyle","messageBody":"","fileTypesAndContributionMap":{"functional-code":{"insertions":94,"deletions":45},"test-code":{"insertions":193,"deletions":74}}},{"hash":"09a2ab924dd1b08612e703f1bd6413aff028f1ad","isMergeCommit":false,"messageTitle":"Fix some bugs and replace Optional\u003cPrice\u003e with price","messageBody":"","fileTypesAndContributionMap":{"functional-code":{"insertions":19,"deletions":49},"test-code":{"insertions":30,"deletions":76}}},{"hash":"4194843bc8a8671c189f5301d0f2b5f9838b74d2","isMergeCommit":false,"messageTitle":"Fix jsonAdaptedPersonTest bug","messageBody":"","fileTypesAndContributionMap":{"functional-code":{"insertions":14,"deletions":1},"test-code":{"insertions":4,"deletions":4}}},{"hash":"94b77b6cf59e83aa91798879ec048efca8cfa14a","isMergeCommit":true,"messageTitle":"Merge pull request #122 from xqtann/add-uml-modelClassDiagram","messageBody":"Update UML diagram for ModelClassDiagram","fileTypesAndContributionMap":{}},{"hash":"ee3f648d24fbc5b6f674662bd12741372ba34168","isMergeCommit":true,"messageTitle":"Merge branch \u0027implement-bought-and-sold-Command\u0027 of https://github.com/ITZXITZX/tp into ITZXITZX-implement-bought-and-sold-Command","messageBody":"# Conflicts:\n#\tsrc/main/java/seedu/address/logic/parser/AddressBookParser.java\n#\tsrc/main/java/seedu/address/model/ModelManager.java\n#\tsrc/main/java/seedu/address/model/person/Person.java\n","fileTypesAndContributionMap":{}},{"hash":"cb39892ffe404d25cc3679a32a94d12226938679","isMergeCommit":true,"messageTitle":"Merge branch \u0027ITZXITZX-implement-bought-and-sold-Command\u0027 into implement-bought-and-sold-command Resolve merge conflict.","messageBody":"","fileTypesAndContributionMap":{}},{"hash":"0daffe58568e1721ea895a01dca9e6b0dc53119b","isMergeCommit":false,"messageTitle":"Update Model UML","messageBody":"","fileTypesAndContributionMap":{"functional-code":{"insertions":0,"deletions":2},"docs":{"insertions":10,"deletions":0}}},{"hash":"8bda35c7354324f5e9f3b543c7b54572e6d21384","isMergeCommit":false,"messageTitle":"Update documentation bugs","messageBody":"","fileTypesAndContributionMap":{"functional-code":{"insertions":4,"deletions":2}}},{"hash":"7f0322d096d4234b95ea18a34b9aab3289ccfead","isMergeCommit":false,"messageTitle":"Fix checkstyle","messageBody":"","fileTypesAndContributionMap":{"functional-code":{"insertions":1,"deletions":2}}},{"hash":"05b7074ad93983f7f32a0829c2f443d88331fc66","isMergeCommit":true,"messageTitle":"Merge pull request #128 from ITZXITZX/implement-bought-and-sold-command","messageBody":"Implement bought and sold command","fileTypesAndContributionMap":{}}]}]},"authorFileTypeContributionMap":{"xqtann":{"docs":98,"functional-code":654,"test-code":1075,"other":4},"OrangeCatLoves":{"docs":126,"functional-code":1128,"test-code":1249},"Potatoad88":{"docs":187,"functional-code":325,"test-code":331},"triishaa":{"docs":194,"functional-code":545,"test-code":681},"ITZXITZX":{"docs":23,"functional-code":1608,"test-code":1605}},"authorContributionVariance":{"xqtann":27990.35,"OrangeCatLoves":61044.48,"Potatoad88":3931.6687,"triishaa":17192.246,"ITZXITZX":306821.0},"authorDisplayNameMap":{"xqtann":"CS2103T-F10-3 TAN ..QUAN","OrangeCatLoves":"CS2103T-F10-3 LOW .. BIN","Potatoad88":"CS2103T-F10-3 DYLA..FUNG","triishaa":"CS2103T-F10-3 PATO..ISHA","ITZXITZX":"CS2103T-F10-3 ISAA..XIAN"}}
