{"authorDailyContributionsMap":{"Reallyeasy1":[{"date":"2024-09-25","commitResults":[{"hash":"7f74d457edb9782d9af78fcf6824c82b0e874efa","isMergeCommit":false,"messageTitle":"Update README.md","messageBody":"","fileTypesAndContributionMap":{"docs":{"insertions":14,"deletions":9}}}]},{"date":"2024-09-27","commitResults":[{"hash":"f4ebf695467b3eafc2994b1de8d7a65cfdea6202","isMergeCommit":true,"messageTitle":"Merge pull request #12 from Fui03/branch-0927-AboutUs","messageBody":"Update AboutUs","fileTypesAndContributionMap":{}},{"hash":"2e7d99ec012e80999067e5fbbcf79b55d652469f","isMergeCommit":true,"messageTitle":"Merge pull request #14 from Fui03/branch-0925-DeveloperGuide","messageBody":"Update developer guide","fileTypesAndContributionMap":{}},{"hash":"34c9551ddea04944bbc62029c16b07f90ee10351","isMergeCommit":false,"messageTitle":"Add portfolio page for Reallyeasy1","messageBody":"","fileTypesAndContributionMap":{"docs":{"insertions":46,"deletions":0}}},{"hash":"18f9ac30b4ae1d989784d0d9a352cd40fbe30a36","isMergeCommit":false,"messageTitle":"Update AboutUs Reallyeasy1","messageBody":"","fileTypesAndContributionMap":{"docs":{"insertions":12,"deletions":10}}},{"hash":"580b704b460002674a9e12f3ef04410123488a2d","isMergeCommit":false,"messageTitle":"Add add-student use case to DG","messageBody":"","fileTypesAndContributionMap":{"docs":{"insertions":24,"deletions":2}}},{"hash":"a70fb68ce8e8601b4cdb547b72ff1446c447dff3","isMergeCommit":false,"messageTitle":"Add categorise-student use case to DG","messageBody":"","fileTypesAndContributionMap":{"docs":{"insertions":39,"deletions":6}}},{"hash":"76293d48fc595dacc3fbc7046471e9fd6169aa1b","isMergeCommit":false,"messageTitle":"Add record-attendance use case to DG","messageBody":"","fileTypesAndContributionMap":{"docs":{"insertions":31,"deletions":4}}},{"hash":"164c0fa7d763d7cfd9326fa1c82dd2e829f836a3","isMergeCommit":false,"messageTitle":"Add add-assignment use case to DG","messageBody":"","fileTypesAndContributionMap":{"docs":{"insertions":15,"deletions":0}}},{"hash":"4d92607ee517dbb3769ca1968b56ea0cac587f9c","isMergeCommit":false,"messageTitle":"Edit record-attendance use case in DG","messageBody":"","fileTypesAndContributionMap":{"docs":{"insertions":1,"deletions":1}}},{"hash":"a21603775ec965a98273ea01362bdb084f84f0d2","isMergeCommit":false,"messageTitle":"Edit about us","messageBody":"","fileTypesAndContributionMap":{"docs":{"insertions":1,"deletions":1}}},{"hash":"de062c50da2de4dab3cd1eec1d39693716d1b426","isMergeCommit":false,"messageTitle":"Change responsibility to data","messageBody":"","fileTypesAndContributionMap":{"docs":{"insertions":2,"deletions":3}}},{"hash":"4c260d8bc50cc92f1f282862fe7858ade090c266","isMergeCommit":false,"messageTitle":"Rename img file","messageBody":"","fileTypesAndContributionMap":{"docs":{"insertions":2,"deletions":2}}}]},{"date":"2024-09-30","commitResults":[{"hash":"d031372f53ac3e5b796f85c4e41a9335cadc2bf5","isMergeCommit":true,"messageTitle":"Resolve merge conflicts","messageBody":"","fileTypesAndContributionMap":{}}]},{"date":"2024-10-09","commitResults":[{"hash":"8121b01e16847b2eaa97e3b941a6afc7704b174c","isMergeCommit":false,"messageTitle":"Add Tut class","messageBody":"","fileTypesAndContributionMap":{"functional-code":{"insertions":54,"deletions":0},"test-code":{"insertions":57,"deletions":0}}},{"hash":"c4d7d02e0c87ded5d511974ec914b5fcab32d86f","isMergeCommit":false,"messageTitle":"Add id and equals to tut","messageBody":"","fileTypesAndContributionMap":{"functional-code":{"insertions":21,"deletions":1},"test-code":{"insertions":16,"deletions":4}}},{"hash":"7d2ed74123885de5a6e4f2478455d3a3a48ef02e","isMergeCommit":false,"messageTitle":"Add tut toString method","messageBody":"","fileTypesAndContributionMap":{"functional-code":{"insertions":4,"deletions":0},"test-code":{"insertions":8,"deletions":0}}}]},{"date":"2024-10-10","commitResults":[{"hash":"1ac9bff16ce7cffec2afce499e3dc9e5f0f66cf0","isMergeCommit":false,"messageTitle":"Add Tutorial Command","messageBody":"","fileTypesAndContributionMap":{"functional-code":{"insertions":130,"deletions":2},"test-code":{"insertions":321,"deletions":0}}},{"hash":"15da2e82a15edeabc14fb67ad5df077c1974e675","isMergeCommit":false,"messageTitle":"Add Tut Command","messageBody":"","fileTypesAndContributionMap":{"functional-code":{"insertions":123,"deletions":3},"test-code":{"insertions":73,"deletions":0}}},{"hash":"1b235776e4c6fa483c3134b3db4fd25afbd171ba","isMergeCommit":true,"messageTitle":"Merge pull request #54 from SamsonChew/branch-1007-add_student_data","messageBody":"Add Student data","fileTypesAndContributionMap":{}}]},{"date":"2024-10-13","commitResults":[{"hash":"195bab0d4d7997d82f7aa43e320ea0ae6ae8d639","isMergeCommit":false,"messageTitle":"Integrate AddTut with UI","messageBody":"","fileTypesAndContributionMap":{"functional-code":{"insertions":3,"deletions":3},"test-code":{"insertions":11,"deletions":13}}},{"hash":"19619c78b64cee518b76eac321d27536bde56689","isMergeCommit":true,"messageTitle":"Resolve Merge Conflicts","messageBody":"","fileTypesAndContributionMap":{}},{"hash":"91a2d2cf8ba0eecfd2fbd88d5da11898ece0b256","isMergeCommit":true,"messageTitle":"Resolve conflicts 2","messageBody":"","fileTypesAndContributionMap":{}},{"hash":"f4275f1c3927bc03fcb538456554d6978e933035","isMergeCommit":true,"messageTitle":"Resolve merge conflict 3","messageBody":"","fileTypesAndContributionMap":{}}]},{"date":"2024-10-14","commitResults":[{"hash":"50ca2755058cdaca27a5fc6fd717a6203877306b","isMergeCommit":false,"messageTitle":"Add TutorialClass to Tut","messageBody":"","fileTypesAndContributionMap":{"functional-code":{"insertions":12,"deletions":15},"test-code":{"insertions":22,"deletions":18}}},{"hash":"3d667a45ec0d6b117c91cddb23345bdf01de427e","isMergeCommit":false,"messageTitle":"Add TutDate to Tut Class","messageBody":"","fileTypesAndContributionMap":{"functional-code":{"insertions":46,"deletions":1},"test-code":{"insertions":71,"deletions":0}}}]},{"date":"2024-10-15","commitResults":[{"hash":"b779e240c3f9978be84d454b01d1187dcbaad71c","isMergeCommit":false,"messageTitle":"Add storage save for tutorial class","messageBody":"","fileTypesAndContributionMap":{"functional-code":{"insertions":326,"deletions":12},"test-code":{"insertions":80,"deletions":28}}},{"hash":"978f4c21075aecaa9415a27dd009193d987e7dfa","isMergeCommit":false,"messageTitle":"Fix save tutorial bugs","messageBody":"","fileTypesAndContributionMap":{"functional-code":{"insertions":8,"deletions":8}}},{"hash":"a66ca7df645153c594f7fbe0be09b81e2c3fc842","isMergeCommit":true,"messageTitle":"Merge pull request #78 from SamsonChew/branch-1007-add_student_data","messageBody":"Add student data command (UI \u0026 test \u0026 removal of fields)","fileTypesAndContributionMap":{}},{"hash":"5f52c2075a840e7dec9b07c096ded7a164bfb8f5","isMergeCommit":false,"messageTitle":"Add test cases for commit","messageBody":"","fileTypesAndContributionMap":{"functional-code":{"insertions":90,"deletions":10},"test-code":{"insertions":418,"deletions":37}}},{"hash":"9f30edd801434bc1eecbc9524c50c0a9a430ffee","isMergeCommit":false,"messageTitle":"Add test cases for commit 2","messageBody":"","fileTypesAndContributionMap":{"test-code":{"insertions":71,"deletions":1}}},{"hash":"6a1822e40ae0a3df41fcfb1dc13cd80989cadc43","isMergeCommit":true,"messageTitle":"Resolve merge conflicts","messageBody":"","fileTypesAndContributionMap":{}},{"hash":"d4cb8a837fedbcb3af9bb26d1a8e5a4e9ac53ed9","isMergeCommit":false,"messageTitle":"Solve Ubuntu OS issue","messageBody":"","fileTypesAndContributionMap":{"test-code":{"insertions":6,"deletions":6}}},{"hash":"48e9cbd8e9ee7ef9b12ce8adb4668d55351a5ade","isMergeCommit":false,"messageTitle":"Comment dead code","messageBody":"","fileTypesAndContributionMap":{"functional-code":{"insertions":15,"deletions":15}}},{"hash":"00f56d4ad5973a50d872033f4933a54d2a88c1a2","isMergeCommit":false,"messageTitle":"Add test cases part 9","messageBody":"","fileTypesAndContributionMap":{"functional-code":{"insertions":1,"deletions":1},"test-code":{"insertions":113,"deletions":3}}},{"hash":"0f042b29b5ca7ce2c59009adc802ac8e49143c3d","isMergeCommit":false,"messageTitle":"Add delete json","messageBody":"","fileTypesAndContributionMap":{"test-code":{"insertions":2,"deletions":0}}},{"hash":"a741b859c926b3e428fae5b84111f2a6d516057b","isMergeCommit":false,"messageTitle":"Work on test case","messageBody":"","fileTypesAndContributionMap":{"test-code":{"insertions":9,"deletions":10}}},{"hash":"97637ed186bddd7f5107711e70ad0bc6f1ef00b9","isMergeCommit":false,"messageTitle":"MacOS issue","messageBody":"","fileTypesAndContributionMap":{"test-code":{"insertions":17,"deletions":15}}}]},{"date":"2024-10-16","commitResults":[{"hash":"f19db5227138349d6a87dd93ff54762008121efb","isMergeCommit":true,"messageTitle":"Merge pull request #79 from Reallyeasy1/branch-1009-AddTut","messageBody":"Branch 1009 add tut","fileTypesAndContributionMap":{}},{"hash":"b29516af65bd5779af3c0e3440bddc1b01636729","isMergeCommit":false,"messageTitle":"Revert \"Branch 1009 add tut\"","messageBody":"","fileTypesAndContributionMap":{"functional-code":{"insertions":37,"deletions":455},"test-code":{"insertions":70,"deletions":745}}},{"hash":"3c5284fbdfb35ccdafb1917e90613e37309e72d2","isMergeCommit":true,"messageTitle":"Merge pull request #80 from AY2425S1-CS2103T-W08-1/revert-79-branch-1009-AddTut","messageBody":"Revert \"Branch 1009 add tut\"","fileTypesAndContributionMap":{}},{"hash":"01a344b0e703e2d82857f3fe19ad4c63c711fdc5","isMergeCommit":false,"messageTitle":"Tutorials","messageBody":"","fileTypesAndContributionMap":{"functional-code":{"insertions":20,"deletions":1},"test-code":{"insertions":107,"deletions":21}}},{"hash":"b83924e178a9e41b3437ebe1d127d6e77f0f72a7","isMergeCommit":true,"messageTitle":"Fake commit","messageBody":"","fileTypesAndContributionMap":{}},{"hash":"f5cbcfcbf5fccdce667fb98d6582dda076852cc2","isMergeCommit":false,"messageTitle":"Revert commits","messageBody":"","fileTypesAndContributionMap":{"functional-code":{"insertions":455,"deletions":37},"test-code":{"insertions":515,"deletions":183}}}]},{"date":"2024-10-20","commitResults":[{"hash":"d5284df602aff4856c235487e1d5042bff5e8889","isMergeCommit":false,"messageTitle":"Update User Guide","messageBody":"","fileTypesAndContributionMap":{"docs":{"insertions":145,"deletions":59}}}]},{"date":"2024-10-21","commitResults":[{"hash":"0efa1d2575484596f4ec57077db3fd6e8b1ce0ce","isMergeCommit":false,"messageTitle":"Remove images from userguide","messageBody":"","fileTypesAndContributionMap":{"docs":{"insertions":0,"deletions":20}}}]},{"date":"2024-10-22","commitResults":[{"hash":"e75aca69a4362483a70d8ea53eb1ef48f8498b50","isMergeCommit":true,"messageTitle":"Merge pull request #104 from SamsonChew/branch-UserGuide","messageBody":"Add user guide structure","fileTypesAndContributionMap":{}},{"hash":"b417752dd6b159c691b8961defe43d62a2f3199e","isMergeCommit":false,"messageTitle":"Add Exist and None to Tutorial UML","messageBody":"","fileTypesAndContributionMap":{"docs":{"insertions":5,"deletions":1}}},{"hash":"9e84440bf519f1f287f1121a6009dc4cf9196a19","isMergeCommit":false,"messageTitle":"Add ListTutorial Command","messageBody":"","fileTypesAndContributionMap":{"functional-code":{"insertions":43,"deletions":0},"test-code":{"insertions":85,"deletions":0}}},{"hash":"bc906f624f00c7e922042dc6c7e90141e0fda5cb","isMergeCommit":false,"messageTitle":"Integrate ListTut into parser","messageBody":"","fileTypesAndContributionMap":{"functional-code":{"insertions":4,"deletions":1},"test-code":{"insertions":10,"deletions":0}}}]},{"date":"2024-10-24","commitResults":[{"hash":"0689ca42dd348d0c588386a1f6c941a74dc62f0d","isMergeCommit":false,"messageTitle":"add assert","messageBody":"","fileTypesAndContributionMap":{"other":{"insertions":4,"deletions":0}}},{"hash":"518e8fdb51c3176f5751db89cbad88704d25f173","isMergeCommit":false,"messageTitle":"Add in handling of no tut for add stu","messageBody":"","fileTypesAndContributionMap":{"functional-code":{"insertions":1,"deletions":1},"test-code":{"insertions":14,"deletions":0}}},{"hash":"3788e4a9e7d8fde63194c7e8d5625f3389010227","isMergeCommit":true,"messageTitle":"resolve merge conflicts","messageBody":"","fileTypesAndContributionMap":{}},{"hash":"bb218900799406973d5379f3556cff3abf434a34","isMergeCommit":false,"messageTitle":"Add assertion errors","messageBody":"","fileTypesAndContributionMap":{"test-code":{"insertions":3,"deletions":3}}},{"hash":"a1ae2fbad049ff9e3edda8e6e5a1c57c6e63395b","isMergeCommit":false,"messageTitle":"Add assert error again","messageBody":"","fileTypesAndContributionMap":{"test-code":{"insertions":1,"deletions":1}}},{"hash":"1b85fbafdea958ae98d4a0fc5c2144b94b471dac","isMergeCommit":true,"messageTitle":"Merge pull request #127 from SamsonChew/branch-add-command","messageBody":"Change all tutorialClass to tutorialId","fileTypesAndContributionMap":{}}]},{"date":"2024-10-28","commitResults":[{"hash":"11c335b6d67634c8c8abcea152e099fff0ca9210","isMergeCommit":false,"messageTitle":"Add installation guide to UG","messageBody":"","fileTypesAndContributionMap":{"docs":{"insertions":30,"deletions":1}}},{"hash":"f3bd7cccd54fd6c87464ec8dd080db33d4597480","isMergeCommit":false,"messageTitle":"Update installation format","messageBody":"","fileTypesAndContributionMap":{"docs":{"insertions":1,"deletions":0}}},{"hash":"a5a395ff1174fe01beef6d010bd416074fe93db8","isMergeCommit":false,"messageTitle":"Update UG again","messageBody":"","fileTypesAndContributionMap":{"docs":{"insertions":0,"deletions":2}}},{"hash":"5ee5f34b348c5a80e18f10a87f76e8e12972b868","isMergeCommit":false,"messageTitle":"Add command testing to UG","messageBody":"","fileTypesAndContributionMap":{"docs":{"insertions":12,"deletions":0}}},{"hash":"00231927a229efde919dad6633a4f132d9867faf","isMergeCommit":false,"messageTitle":"Add formatting of 3.2","messageBody":"","fileTypesAndContributionMap":{"docs":{"insertions":19,"deletions":0}}},{"hash":"a99f43ea5d44d57b9871f0ad7c5f2bf0ee2f2e13","isMergeCommit":false,"messageTitle":"Reformat UG","messageBody":"","fileTypesAndContributionMap":{"docs":{"insertions":27,"deletions":64}}},{"hash":"01cf9195c285dd8e48058fc7cc7e5b704fea5532","isMergeCommit":false,"messageTitle":"Edit UI to fit layout","messageBody":"","fileTypesAndContributionMap":{"functional-code":{"insertions":153,"deletions":55}}},{"hash":"6bb2d9875d02d3b3bbc9f27c1f602e2c3fcdb7f3","isMergeCommit":false,"messageTitle":"Partially done UI","messageBody":"","fileTypesAndContributionMap":{"functional-code":{"insertions":229,"deletions":319}}},{"hash":"9f730ecdf739ba24dee0d8c1d0dcb14139cdfe08","isMergeCommit":false,"messageTitle":"Add changes to UI","messageBody":"","fileTypesAndContributionMap":{"functional-code":{"insertions":333,"deletions":96}}},{"hash":"bbd5eaf51593471d90b0cf6c1d9a4e84041b5389","isMergeCommit":false,"messageTitle":"Update UI","messageBody":"","fileTypesAndContributionMap":{"functional-code":{"insertions":1,"deletions":1}}},{"hash":"9b2c9481edd5180bee9fee4c8ff96e50264b6727","isMergeCommit":false,"messageTitle":"Fix checkstyle","messageBody":"","fileTypesAndContributionMap":{"functional-code":{"insertions":0,"deletions":2}}}]},{"date":"2024-11-02","commitResults":[{"hash":"9723dc2d9b4daf9567d30ff6c44011e50c4730f5","isMergeCommit":true,"messageTitle":"Merge pull request #201 from SamsonChew/branch-developer-guide","messageBody":"Update developer guide","fileTypesAndContributionMap":{}},{"hash":"76fe1e8e5cb525b76417aa803da5b7360eee1c81","isMergeCommit":true,"messageTitle":"Merge pull request #191 from SamsonChew/branch-UserGuide","messageBody":"Update user guide on add command","fileTypesAndContributionMap":{}},{"hash":"228f958a56dd7da035655014458adc1e06a3c2c5","isMergeCommit":true,"messageTitle":"Merge pull request #188 from SamsonChew/branch-add-command","messageBody":"Refine add command ","fileTypesAndContributionMap":{}}]}],"SamsonChew":[{"date":"2024-09-25","commitResults":[{"hash":"4a46b95b7ab6b328f9a551dea5301b2191576f49","isMergeCommit":false,"messageTitle":"Update README.md","messageBody":"","fileTypesAndContributionMap":{"docs":{"insertions":1,"deletions":0}}}]},{"date":"2024-09-29","commitResults":[{"hash":"a7d0e24d95caff9ea0b412332b56c09060d1ed7c","isMergeCommit":false,"messageTitle":"Add Samson AboutUs page","messageBody":"","fileTypesAndContributionMap":{"docs":{"insertions":4,"deletions":4}}},{"hash":"a17c171b20c67158b24d07d63f35948c72cde901","isMergeCommit":false,"messageTitle":"Update target user profile in DG","messageBody":"","fileTypesAndContributionMap":{"docs":{"insertions":1,"deletions":5}}}]},{"date":"2024-09-30","commitResults":[{"hash":"3528ace2c208d088128b781e106b76f238d6cdd0","isMergeCommit":true,"messageTitle":"Merge pull request #30 from tansanchian/branch-0927-updating-dg-nfr-glossary","messageBody":"Update DG to include non-functional requirement and glossary","fileTypesAndContributionMap":{}},{"hash":"d2cdf705acf093abf516a9c701bc4ae3ce201237","isMergeCommit":true,"messageTitle":"Merge pull request #21 from tansanchian/branch-0927-adding-photo","messageBody":"Add San Chian\u0027s photo","fileTypesAndContributionMap":{}},{"hash":"f4eb3e29c8e9f824ae82af953616bfcd76ee00ab","isMergeCommit":true,"messageTitle":"Merge pull request #26 from tansanchian/branch-0927-updating-about-us","messageBody":"Update AboutUs page for San Chian","fileTypesAndContributionMap":{}}]},{"date":"2024-10-04","commitResults":[{"hash":"23a261a5aed5454356d30e6b62d22b8b5f53af66","isMergeCommit":true,"messageTitle":"Merge pull request #48 from tansanchian/branch-0927-updating-dg-nfr-glossary","messageBody":"Refine Glossary and NFR of DG","fileTypesAndContributionMap":{}}]},{"date":"2024-10-07","commitResults":[{"hash":"fe14fa676ed41da6c1c79a3b470a627d6dbaac79","isMergeCommit":false,"messageTitle":"Add student data","messageBody":"","fileTypesAndContributionMap":{"functional-code":{"insertions":276,"deletions":23},"test-code":{"insertions":54,"deletions":30}}}]},{"date":"2024-10-09","commitResults":[{"hash":"64113eb4f27bcb00d64d2ea219164091edc25610","isMergeCommit":false,"messageTitle":"Add student data (complete)","messageBody":"","fileTypesAndContributionMap":{"functional-code":{"insertions":21,"deletions":13},"test-code":{"insertions":60,"deletions":40}}},{"hash":"0ddc3c7524efd0e1194f700b7fa0974d63a523f5","isMergeCommit":false,"messageTitle":"Add checkstyle requirement","messageBody":"","fileTypesAndContributionMap":{"functional-code":{"insertions":20,"deletions":20},"test-code":{"insertions":34,"deletions":15}}}]},{"date":"2024-10-10","commitResults":[{"hash":"99d6e08987faba7616759d2906700381fd55cda4","isMergeCommit":true,"messageTitle":"Merge pull request #52 from tansanchian/branch-record-student-attendance-0710","messageBody":"Add record student attendance feature","fileTypesAndContributionMap":{}}]},{"date":"2024-10-15","commitResults":[{"hash":"6bb9838c13ccdae93e45c8170b80d2dd52755d8a","isMergeCommit":false,"messageTitle":"Remove unnecessary field in add command","messageBody":"","fileTypesAndContributionMap":{"functional-code":{"insertions":34,"deletions":295},"test-code":{"insertions":196,"deletions":548}}},{"hash":"8315d981e4eb6c1ac7cbcda79d7973344ecf9b50","isMergeCommit":false,"messageTitle":"Add checkstyle requirement","messageBody":"","fileTypesAndContributionMap":{"functional-code":{"insertions":9,"deletions":39},"test-code":{"insertions":58,"deletions":75}}},{"hash":"3f510cc65edd2adad3322d21ae827d0a212b4059","isMergeCommit":false,"messageTitle":"Prevent duplicate student ID","messageBody":"","fileTypesAndContributionMap":{"functional-code":{"insertions":49,"deletions":2},"test-code":{"insertions":19,"deletions":1}}},{"hash":"dc09f0ffd1b14b42c0d94f4a399b61d2084a73e6","isMergeCommit":false,"messageTitle":"Add testcase for duplicate studentId","messageBody":"","fileTypesAndContributionMap":{"functional-code":{"insertions":15,"deletions":1},"test-code":{"insertions":22,"deletions":0}}},{"hash":"d62511874ea74a204c36d495e5e325abe5171302","isMergeCommit":false,"messageTitle":"Add numerical value requirement on name","messageBody":"","fileTypesAndContributionMap":{"functional-code":{"insertions":9,"deletions":3},"test-code":{"insertions":10,"deletions":8}}},{"hash":"060c2e4be1c5c5ed832b57332c3b549dfd6bd7a0","isMergeCommit":false,"messageTitle":"Add javadoc detail","messageBody":"","fileTypesAndContributionMap":{"functional-code":{"insertions":0,"deletions":3}}},{"hash":"49db248e5e888a49d3b27ca5872a32389fdac46b","isMergeCommit":true,"messageTitle":"Merge pull request #77 from tansanchian/branch-record-student-attendance-0710","messageBody":"Refine record student attendance feature","fileTypesAndContributionMap":{}}]},{"date":"2024-10-16","commitResults":[{"hash":"04c7c729727982716375d9db0e0bbe8847aebe3f","isMergeCommit":true,"messageTitle":"Merge pull request #84 from tansanchian/branch-tut-json-update","messageBody":"Refactor tutName","fileTypesAndContributionMap":{}},{"hash":"30af76a7d56479913f252152f1cd84c1e92a103d","isMergeCommit":true,"messageTitle":"Merge pull request #85 from tansanchian/branch-tut-json-update","messageBody":"Fix tutorial.json bug","fileTypesAndContributionMap":{}},{"hash":"e8c15bbf8e4ef6700f26fa4c08092f237aa9ac7b","isMergeCommit":true,"messageTitle":"Merge pull request #89 from tansanchian/branch-tut-json-update","messageBody":"Fix UI not responsive bug","fileTypesAndContributionMap":{}},{"hash":"80f43992cd049afba6e2c6ba49e2d581fdcc646f","isMergeCommit":true,"messageTitle":"Merge pull request #91 from tansanchian/master","messageBody":"Fix tutDate hash code bug","fileTypesAndContributionMap":{}}]},{"date":"2024-10-17","commitResults":[{"hash":"0e2c8606a68020665d49e07c469370aee9386b4d","isMergeCommit":true,"messageTitle":"Merge pull request #92 from tansanchian/branch-record-student-attendance-0710","messageBody":"Fix bug","tags":["v1.3"],"fileTypesAndContributionMap":{}}]},{"date":"2024-10-21","commitResults":[{"hash":"222c2110be967cddaa8edd5fed8a682dea99eaaf","isMergeCommit":false,"messageTitle":"Add UML diagram in model, storage","messageBody":"","fileTypesAndContributionMap":{"docs":{"insertions":187,"deletions":0}}},{"hash":"d04967af4fcd81250653a014a0ea51c7a10d2dee","isMergeCommit":false,"messageTitle":"Add user guide structure","messageBody":"","fileTypesAndContributionMap":{"docs":{"insertions":277,"deletions":117}}}]},{"date":"2024-10-22","commitResults":[{"hash":"9634d66c29e4c200bd9ccb13faebbf59c4ae98f7","isMergeCommit":false,"messageTitle":"Refine add command (parameters, readability)","messageBody":"","fileTypesAndContributionMap":{"functional-code":{"insertions":156,"deletions":145},"other":{"insertions":9,"deletions":9},"test-code":{"insertions":232,"deletions":236}}}]},{"date":"2024-10-23","commitResults":[{"hash":"142d35b11b6574fa7f3f834005f2c007dc98466d","isMergeCommit":true,"messageTitle":"Merge pull request #114 from tansanchian/branch-fix-mark-student-absnece","messageBody":"Fix bug on student attendance","fileTypesAndContributionMap":{}},{"hash":"3ca9db597dfbd87cd8d705f225e5e2c52488d0ef","isMergeCommit":false,"messageTitle":"Arrange UML diagram to correct file","messageBody":"","fileTypesAndContributionMap":{"docs":{"insertions":86,"deletions":55}}},{"hash":"48533930435515f53f32bae6c99bea23060dd275","isMergeCommit":false,"messageTitle":"Update user guide for edit command","messageBody":"","fileTypesAndContributionMap":{"docs":{"insertions":16,"deletions":0}}},{"hash":"b8e9fa53ed64b22c16bbb65e8198456a9024de77","isMergeCommit":true,"messageTitle":"Merge pull request #120 from Fui03/branch-1022-puml","messageBody":"Update UML diagram","fileTypesAndContributionMap":{}},{"hash":"08dd5b401621f06776a8f1b4d736514f3b5b573e","isMergeCommit":false,"messageTitle":"Implement edit command","messageBody":"","fileTypesAndContributionMap":{"functional-code":{"insertions":83,"deletions":74},"docs":{"insertions":1,"deletions":1},"test-code":{"insertions":23,"deletions":48}}},{"hash":"80bf2ccfe185d503044fe9ddb31f24932bd24378","isMergeCommit":true,"messageTitle":"Merge pull request #125 from Fui03/branch-1023-user-guide","messageBody":"Update user guide","fileTypesAndContributionMap":{}},{"hash":"4b4c49efc4c5547c43ad11f285540d8d417949a0","isMergeCommit":true,"messageTitle":"Solve merge conflict","messageBody":"","fileTypesAndContributionMap":{}},{"hash":"254ddd3b42d1991f4b4a7cdb026682d49d74d1ed","isMergeCommit":false,"messageTitle":"Add input requirement and testcases","messageBody":"","fileTypesAndContributionMap":{"functional-code":{"insertions":3,"deletions":3},"test-code":{"insertions":68,"deletions":30}}},{"hash":"960e2dfc7465c13a3a5e1b802746a9fe9446ab74","isMergeCommit":false,"messageTitle":"Fix bug","messageBody":"","fileTypesAndContributionMap":{"test-code":{"insertions":1,"deletions":5}}},{"hash":"8d9343f683475e825766b19112576312f27b1329","isMergeCommit":false,"messageTitle":"Add testcase and remove unnecessary code","messageBody":"","fileTypesAndContributionMap":{"functional-code":{"insertions":0,"deletions":30},"test-code":{"insertions":92,"deletions":140}}},{"hash":"8868ad6d2b3aeab1367c18a0a0fd2c8049c01a64","isMergeCommit":false,"messageTitle":"refine output message","messageBody":"","fileTypesAndContributionMap":{"functional-code":{"insertions":2,"deletions":4}}},{"hash":"6e9ac6311fba0361101c082ec999f21973f9fd91","isMergeCommit":false,"messageTitle":"Change all tutorialClass to tutorialId","messageBody":"","fileTypesAndContributionMap":{"functional-code":{"insertions":29,"deletions":29},"test-code":{"insertions":31,"deletions":31}}}]},{"date":"2024-10-24","commitResults":[{"hash":"fdf91f6b5fa1efd9042662adc442940bf7e831ba","isMergeCommit":true,"messageTitle":"Solve merge conflict","messageBody":"","fileTypesAndContributionMap":{}},{"hash":"f1562d1e98b9d6257884cb8a478bfb8be86aa9ad","isMergeCommit":true,"messageTitle":"Merge pull request #123 from tansanchian/branch-rename-id","messageBody":"Reset id format","tags":["v1.4"],"fileTypesAndContributionMap":{}}]},{"date":"2024-10-25","commitResults":[{"hash":"8423c71048c5573f0e6f8f3abc8ab36525ac8bab","isMergeCommit":false,"messageTitle":"Fix bug on tutorial.json in edit command","messageBody":"","fileTypesAndContributionMap":{"functional-code":{"insertions":39,"deletions":2},"test-code":{"insertions":20,"deletions":0}}},{"hash":"2425d49646f8839d1fe9fdf686cfa9d582637019","isMergeCommit":true,"messageTitle":"Merge branch \u0027master\u0027 of https://github.com/SamsonChew/tp into branch-edit-command","messageBody":"","fileTypesAndContributionMap":{}},{"hash":"f4a6d059b8ce8fd6915f434c79851953cba1eb35","isMergeCommit":false,"messageTitle":"Change display message for command","messageBody":"","fileTypesAndContributionMap":{"functional-code":{"insertions":2,"deletions":2}}},{"hash":"137e28624e2e3c6b835e55f85c67603a81482de4","isMergeCommit":false,"messageTitle":"Edit student id format","messageBody":"","fileTypesAndContributionMap":{"functional-code":{"insertions":2,"deletions":2}}},{"hash":"20e97cff8e98079ae4035bd50df3480cc6b67d98","isMergeCommit":false,"messageTitle":"Fix testcase error","messageBody":"","fileTypesAndContributionMap":{"test-code":{"insertions":1,"deletions":1}}}]},{"date":"2024-10-26","commitResults":[{"hash":"ef14e9c631a6b7455a54ebe1294d70b9427daa93","isMergeCommit":true,"messageTitle":"Merge pull request #138 from tansanchian/branch-final-fix-before-release","messageBody":"Fix ui and command bugs","fileTypesAndContributionMap":{}}]},{"date":"2024-10-27","commitResults":[{"hash":"1f9a429610c35f4f6b00793dc9f56ef9498af51a","isMergeCommit":false,"messageTitle":"Resolve edit command","messageBody":"","fileTypesAndContributionMap":{"functional-code":{"insertions":8,"deletions":5}}},{"hash":"5366639bb9d314718414425567c3a36a99cf60ac","isMergeCommit":false,"messageTitle":"Resolve testcase issue","messageBody":"","fileTypesAndContributionMap":{"functional-code":{"insertions":3,"deletions":3},"test-code":{"insertions":19,"deletions":2}}},{"hash":"9ad29192e5b66508525e1ca9bd0ac01f8be8417e","isMergeCommit":false,"messageTitle":"Add more testcases for testing","messageBody":"","fileTypesAndContributionMap":{"test-code":{"insertions":97,"deletions":0}}},{"hash":"ac50079ef3f76aec92c7e99c84fa798887c48146","isMergeCommit":false,"messageTitle":"Add more testcases for testing","messageBody":"","fileTypesAndContributionMap":{"test-code":{"insertions":35,"deletions":40}}},{"hash":"eb31d04a4ca1ba2855ab8281d572e7d457c7c9c8","isMergeCommit":false,"messageTitle":"Add more testcases for testing","messageBody":"","fileTypesAndContributionMap":{"test-code":{"insertions":6,"deletions":3}}},{"hash":"0d6a28022107bf8d0e444d04719885d1af35e0f3","isMergeCommit":false,"messageTitle":"Test on product website change","messageBody":"","fileTypesAndContributionMap":{"docs":{"insertions":6,"deletions":442}}},{"hash":"4de6969040b3b0d4887bfdb9161dc11a358734f2","isMergeCommit":true,"messageTitle":"Merge pull request #166 from waihongteh/branch-AddAssignment","messageBody":"Solve assignment bugs","fileTypesAndContributionMap":{}}]},{"date":"2024-10-28","commitResults":[{"hash":"0a73a00bf08a2b293fa715e34cf254b3ec149c30","isMergeCommit":true,"messageTitle":"Merge pull request #180 from tansanchian/branch-sort-present-dates","messageBody":"Sort present dates","fileTypesAndContributionMap":{}},{"hash":"e4840a2bab6536f81efe4ffd0ab86108b974d550","isMergeCommit":true,"messageTitle":"Merge pull request #179 from tansanchian/branch-change-attendance-date-format","messageBody":"Fix Attend Command Bugs","fileTypesAndContributionMap":{}},{"hash":"e78f27079d44696a9e73d4b2df56b9eb8d6da850","isMergeCommit":false,"messageTitle":"Change error message for invalid student ID","messageBody":"","fileTypesAndContributionMap":{"functional-code":{"insertions":2,"deletions":2}}},{"hash":"ca5599bfbf0826def84f606c5a046240fb315d58","isMergeCommit":false,"messageTitle":"Chang add command to addStu command","messageBody":"","fileTypesAndContributionMap":{"functional-code":{"insertions":1,"deletions":1},"test-code":{"insertions":2,"deletions":2}}},{"hash":"0b6631cd43141885785fdcb35758ef920136634f","isMergeCommit":false,"messageTitle":"Allow same student name but different id","messageBody":"","fileTypesAndContributionMap":{"functional-code":{"insertions":4,"deletions":4}}},{"hash":"4e5196fd554098a5a7a7414c258971bee688fd2a","isMergeCommit":false,"messageTitle":"Update user guide on add command","messageBody":"","fileTypesAndContributionMap":{"docs":{"insertions":22,"deletions":17}}},{"hash":"0042559f87f4db4bc0762190d3d13fc0cd85fe7a","isMergeCommit":false,"messageTitle":"Add testcase to add command","messageBody":"","fileTypesAndContributionMap":{"test-code":{"insertions":0,"deletions":25}}}]},{"date":"2024-10-29","commitResults":[{"hash":"e5a7ce18b473b3aaa6171ac42dfcb6753b6fe88f","isMergeCommit":true,"messageTitle":"Merge pull request #187 from Reallyeasy1/EnhanceUI","messageBody":"Edit UI to fit layout","fileTypesAndContributionMap":{}},{"hash":"68abd4bb1f044bbf87dc8bd957c9cfaf048608f7","isMergeCommit":true,"messageTitle":"Merge branch \u0027master\u0027 of https://github.com/SamsonChew/tp into branch-developer-guide","messageBody":"","fileTypesAndContributionMap":{}}]},{"date":"2024-10-30","commitResults":[{"hash":"da4ed7e43dbe8943677badaf8dc61db1c0f04ba9","isMergeCommit":false,"messageTitle":"Update developer guide","messageBody":"","fileTypesAndContributionMap":{"docs":{"insertions":458,"deletions":3}}}]},{"date":"2024-10-31","commitResults":[{"hash":"04e89c6a1185a4e348ce470cfe5235cdd17a0e9b","isMergeCommit":true,"messageTitle":"Merge pull request #200 from Fui03/branch-1029-ui-colour","messageBody":"Change ui to light theme","fileTypesAndContributionMap":{}}]}],"waihongteh":[{"date":"2024-09-25","commitResults":[{"hash":"e9408745970397df68d8c8dd6948abdfbdfec08b","isMergeCommit":false,"messageTitle":"Update README build status badge link","messageBody":"","fileTypesAndContributionMap":{"docs":{"insertions":1,"deletions":1}}},{"hash":"e3a3b4d9187661952bc011cf545bcad1fea8835a","isMergeCommit":true,"messageTitle":"Merge pull request #6 from Reallyeasy1/branch-README","messageBody":"Update README.md","fileTypesAndContributionMap":{}}]},{"date":"2024-09-27","commitResults":[{"hash":"129d3fa85b5d722c250ba14bb7fa9c6fb8747bb3","isMergeCommit":false,"messageTitle":"Edit AboutUs.md for Wai Hong","messageBody":"","fileTypesAndContributionMap":{"docs":{"insertions":50,"deletions":4}}},{"hash":"d9f785176ee363d4fdbee511e0adba733fb93c74","isMergeCommit":false,"messageTitle":"Edit value proposition","messageBody":"","fileTypesAndContributionMap":{"docs":{"insertions":1,"deletions":1}}}]},{"date":"2024-09-30","commitResults":[{"hash":"bec5e1408b2557082f892b2de345af946d8d1983","isMergeCommit":true,"messageTitle":"Merge pull request #38 from SamsonChew/branch-0929-AddPhoto","messageBody":"Add Samson photo","fileTypesAndContributionMap":{}},{"hash":"b3d9ba1fb8f5848049cffaae68d0105322911910","isMergeCommit":true,"messageTitle":"Merge pull request #42 from SamsonChew/branch-0929-DeveloperGuide","messageBody":"Edit target user profile in developer guide","fileTypesAndContributionMap":{}},{"hash":"5a64019d71a1e2a83ea5e77dacfa960359b5fb4e","isMergeCommit":true,"messageTitle":"Merge pull request #24 from Fui03/branch-0927-AboutUs","messageBody":"Update AboutUs for Jing Min","fileTypesAndContributionMap":{}}]},{"date":"2024-10-06","commitResults":[{"hash":"990ca41598474342ff4863dab0ec2c1dca267084","isMergeCommit":true,"messageTitle":"Merge pull request #51 from Fui03/branch-1005-refactor","messageBody":"Refactor packages","fileTypesAndContributionMap":{}}]},{"date":"2024-10-09","commitResults":[{"hash":"3bce902073a516fb829509ace85b05403b580360","isMergeCommit":false,"messageTitle":"Add assignment-related classes","messageBody":"","fileTypesAndContributionMap":{"functional-code":{"insertions":236,"deletions":0},"test-code":{"insertions":11,"deletions":0}}},{"hash":"e31384537f3e73be69c27cfdd62b6447ead47425","isMergeCommit":false,"messageTitle":"Finish functionality add assignment","messageBody":"","fileTypesAndContributionMap":{"functional-code":{"insertions":416,"deletions":6},"test-code":{"insertions":15,"deletions":3}}},{"hash":"f0a09787e2ac9fe747d72b439aba38b35c8912b7","isMergeCommit":false,"messageTitle":"Solve bug on duplicated assignment","messageBody":"","fileTypesAndContributionMap":{"functional-code":{"insertions":43,"deletions":12},"test-code":{"insertions":35,"deletions":22}}}]},{"date":"2024-10-10","commitResults":[{"hash":"89fb04ec54568f2ab1adf5b5b213e8fedc6d71f6","isMergeCommit":true,"messageTitle":"Merge pull request #53 from Fui03/branch-1009-delete-command","messageBody":"Update delete student command","fileTypesAndContributionMap":{}},{"hash":"8ff8b7bc1ae4546b7c0f7b708ba46c792bb7abe4","isMergeCommit":false,"messageTitle":"Add assignment templates for testing","messageBody":"","fileTypesAndContributionMap":{"test-code":{"insertions":19,"deletions":0}}},{"hash":"84e372ba272f49f0511d92af1a90242cb50f13f0","isMergeCommit":true,"messageTitle":"Solve merge conflict on CliSyntax","messageBody":"","fileTypesAndContributionMap":{}}]},{"date":"2024-10-13","commitResults":[{"hash":"5db6c04684371ef960fc7e023af655611490baae","isMergeCommit":false,"messageTitle":"Add checkAsg command","messageBody":"","fileTypesAndContributionMap":{"functional-code":{"insertions":145,"deletions":1},"test-code":{"insertions":5,"deletions":0}}},{"hash":"e959b72aee24afeaa38f7e7443ba96955b47d89f","isMergeCommit":false,"messageTitle":"Add mark assignment command","messageBody":"","fileTypesAndContributionMap":{"functional-code":{"insertions":151,"deletions":8},"test-code":{"insertions":7,"deletions":0}}},{"hash":"2d5476a60cf3a93c41ff33f0184002cf50eca35e","isMergeCommit":false,"messageTitle":"Solve bug where completion number is not updated","messageBody":"","fileTypesAndContributionMap":{"functional-code":{"insertions":133,"deletions":8}}},{"hash":"29baa8a2119f8d2f4f4e69d7cf578249f7dd64a3","isMergeCommit":false,"messageTitle":"Add list assignment command","messageBody":"","fileTypesAndContributionMap":{"functional-code":{"insertions":36,"deletions":1}}},{"hash":"bd56a3a09e5aacb38dd370f1ed590b0853f8db9f","isMergeCommit":false,"messageTitle":"Correct styling issues","messageBody":"","fileTypesAndContributionMap":{"functional-code":{"insertions":36,"deletions":10},"test-code":{"insertions":5,"deletions":0}}},{"hash":"d554b14eb5e37d678d57ec3285dc350bc991ae9b","isMergeCommit":true,"messageTitle":"Merge pull request #64 from Fui03/branch-1013-delete-assignment","messageBody":"Delete assignment feature","fileTypesAndContributionMap":{}}]},{"date":"2024-10-14","commitResults":[{"hash":"b788d5b3e28fe013919b64e8b9d1e432a87e39b0","isMergeCommit":false,"messageTitle":"Add test cases for assignment and assignment list","messageBody":"","fileTypesAndContributionMap":{"functional-code":{"insertions":13,"deletions":2},"test-code":{"insertions":261,"deletions":0}}},{"hash":"e8ce2ac5c6314f7f7db2ba29b1963c04b863bbf7","isMergeCommit":false,"messageTitle":"Add test cases for assignment commands","messageBody":"","fileTypesAndContributionMap":{"functional-code":{"insertions":57,"deletions":0},"test-code":{"insertions":472,"deletions":21}}},{"hash":"948d59149a3da635189ec1551e1746b15d04911a","isMergeCommit":false,"messageTitle":"Add testing for assignment command parser","messageBody":"","fileTypesAndContributionMap":{"test-code":{"insertions":199,"deletions":14}}},{"hash":"3cc42d9df9c3fcd590e2d461ebce7ba339f46d8a","isMergeCommit":false,"messageTitle":"Add test case for listAsg command","messageBody":"","fileTypesAndContributionMap":{"test-code":{"insertions":6,"deletions":0}}}]},{"date":"2024-10-15","commitResults":[{"hash":"fff44cdf3443cdaf71df3a815e05a6c7dee8d687","isMergeCommit":true,"messageTitle":"Merge pull request #76 from Fui03/branch-1014-delete-tutorial-command","messageBody":"Delete tutorial feature","fileTypesAndContributionMap":{}}]},{"date":"2024-10-16","commitResults":[{"hash":"fbe13ea8772a48b437378acb4e7a317eff31eba9","isMergeCommit":true,"messageTitle":"Merge pull request #83 from Fui03/branch-1016-refactor-tutorial-list","messageBody":"Refactor tutorial list","fileTypesAndContributionMap":{}},{"hash":"5827e1c163cce05ea1e79f965b3a49bbd6dd236a","isMergeCommit":true,"messageTitle":"Merge pull request #86 from Fui03/branch-1016-assign-tutorial","messageBody":"Assign student into tutorial class when student is added","fileTypesAndContributionMap":{}},{"hash":"7359914b7a2443c7fe6c83709103ed17f8506cad","isMergeCommit":true,"messageTitle":"Merge pull request #87 from Fui03/branch-1009-delete-command","messageBody":"Change the command word","fileTypesAndContributionMap":{}}]},{"date":"2024-10-21","commitResults":[{"hash":"c0f9adbe2d400a7af0b12f7221f4565bb2c1d502","isMergeCommit":true,"messageTitle":"Merge pull request #103 from Fui03/branch-1021-delete-feature-bug","messageBody":"Delete feature bug","fileTypesAndContributionMap":{}}]},{"date":"2024-10-23","commitResults":[{"hash":"e33307c0211f9dc833522de1f905ceac464a3bba","isMergeCommit":false,"messageTitle":"Update Clear Command and UML","messageBody":"","fileTypesAndContributionMap":{"functional-code":{"insertions":69,"deletions":18},"other":{"insertions":4,"deletions":0},"docs":{"insertions":49,"deletions":0},"test-code":{"insertions":72,"deletions":0}}},{"hash":"2c3941d1499e5da8537844b6f73e1d6e3689ffb5","isMergeCommit":false,"messageTitle":"Add test cases for assignment list","messageBody":"","fileTypesAndContributionMap":{"test-code":{"insertions":10,"deletions":0}}},{"hash":"e09d641520b4c5c2d36a3e7161d8bb8256c24797","isMergeCommit":false,"messageTitle":"Refactor assignment student id to string","messageBody":"","fileTypesAndContributionMap":{"functional-code":{"insertions":10,"deletions":10},"test-code":{"insertions":32,"deletions":32}}},{"hash":"f3f6e3194753a4263c0f37b4f53db735401e1e4b","isMergeCommit":false,"messageTitle":"Update user guide for assignments","messageBody":"","fileTypesAndContributionMap":{"docs":{"insertions":65,"deletions":8}}},{"hash":"76b0f126e86d5b53a576383c5dfae04631f9f10b","isMergeCommit":false,"messageTitle":"Update user guide introduction","messageBody":"","fileTypesAndContributionMap":{"docs":{"insertions":31,"deletions":3}}}]},{"date":"2024-10-24","commitResults":[{"hash":"7fcac19fcc66c13000f0a5854c3ac02640de4ab8","isMergeCommit":true,"messageTitle":"Merge pull request #113 from Reallyeasy1/listtut","messageBody":"Add listTut Command","fileTypesAndContributionMap":{}}]},{"date":"2024-10-27","commitResults":[{"hash":"24177cb8a03232fea9ee1fd6b88c789f335d1844","isMergeCommit":false,"messageTitle":"Solve assignment bugs","messageBody":"","fileTypesAndContributionMap":{"functional-code":{"insertions":43,"deletions":15}}},{"hash":"10d709d8acd773004ad69fe08f3cd972dd74163e","isMergeCommit":false,"messageTitle":"Solve invalid index display issue","messageBody":"","fileTypesAndContributionMap":{"functional-code":{"insertions":17,"deletions":11},"test-code":{"insertions":1,"deletions":1}}},{"hash":"8938427e1f064907ef2c27f69ddef4bcec2ba87b","isMergeCommit":false,"messageTitle":"Solve bug on edit student assignment","messageBody":"","fileTypesAndContributionMap":{"functional-code":{"insertions":32,"deletions":0},"test-code":{"insertions":20,"deletions":0}}},{"hash":"c3c6e558541b58a49b24d4fece4d43c12e8f0ebf","isMergeCommit":false,"messageTitle":"Add test cases for edit assignment","messageBody":"","fileTypesAndContributionMap":{"test-code":{"insertions":16,"deletions":0}}},{"hash":"2b8d3ed5e1f94ac872b2f6b5d47bc52e93b2d5de","isMergeCommit":false,"messageTitle":"Add test cases for parsing due date","messageBody":"","fileTypesAndContributionMap":{"test-code":{"insertions":25,"deletions":1}}},{"hash":"31c44adde0d18d6a23b9c1c7a5e6f86a2d663404","isMergeCommit":false,"messageTitle":"Add test cases for invalid index","messageBody":"","fileTypesAndContributionMap":{"functional-code":{"insertions":4,"deletions":10},"test-code":{"insertions":19,"deletions":1}}},{"hash":"e916ee981c4bcec99d6967d8a6206c2b9333ebed","isMergeCommit":false,"messageTitle":"Add character limit for input","messageBody":"","fileTypesAndContributionMap":{"functional-code":{"insertions":6,"deletions":0},"test-code":{"insertions":13,"deletions":0}}},{"hash":"03d4bde6305881ab932fc38b6ff905dced7567fb","isMergeCommit":false,"messageTitle":"Resolve clear command bug","messageBody":"","fileTypesAndContributionMap":{"functional-code":{"insertions":2,"deletions":2}}},{"hash":"96113e330c0262b6485f5a6ad68941db1d606d8f","isMergeCommit":true,"messageTitle":"Merge pull request #173 from Fui03/branch-1027-debug-delete-tut","messageBody":"Debug delete tutorial command","fileTypesAndContributionMap":{}},{"hash":"a01f5fb53bb226fe0c3e8abad144e8d7bce323fc","isMergeCommit":true,"messageTitle":"Merge pull request #174 from SamsonChew/branch-edit-command","messageBody":"Resolve edit command","fileTypesAndContributionMap":{}}]}],"Fui03":[{"date":"2024-09-25","commitResults":[{"hash":"45de70b1307ec10ff55579ef4fc83f200c485e0f","isMergeCommit":true,"messageTitle":"Merge pull request #5 from waihongteh/master","messageBody":"Update README build status badge link","fileTypesAndContributionMap":{}}]},{"date":"2024-09-27","commitResults":[{"hash":"81a6e99c5f321d20f826de55778f2391050309a4","isMergeCommit":false,"messageTitle":"Update my personal information","messageBody":"","fileTypesAndContributionMap":{"docs":{"insertions":5,"deletions":5}}},{"hash":"2c1405dde52858db7c049ad1a17a95ee4d7c0864","isMergeCommit":false,"messageTitle":"Update user stories","messageBody":"","fileTypesAndContributionMap":{"docs":{"insertions":34,"deletions":9}}},{"hash":"c78fa092925656cb5a50efbac8f6ba988483f501","isMergeCommit":true,"messageTitle":"Merge pull request #19 from Reallyeasy1/DG-UseCase","messageBody":"Add Use Case to Developer Guide","fileTypesAndContributionMap":{}},{"hash":"ab0318922603741c37e517775e8f2d7362846d5e","isMergeCommit":false,"messageTitle":"Update about us","messageBody":"","fileTypesAndContributionMap":{"docs":{"insertions":1,"deletions":1}}}]},{"date":"2024-09-30","commitResults":[{"hash":"8f8de343cdbd69aabbbedadcf35e1dda18f95938","isMergeCommit":true,"messageTitle":"Merge pull request #22 from Reallyeasy1/AboutUsYZ","messageBody":"Edit AboutUs-Yong Zhe","fileTypesAndContributionMap":{}}]},{"date":"2024-10-05","commitResults":[{"hash":"bc2d76eacd4fc2c8d7818f577d4627f8cd9b4a16","isMergeCommit":false,"messageTitle":"Refactor Person to Student","messageBody":"","fileTypesAndContributionMap":{"functional-code":{"insertions":437,"deletions":441},"other":{"insertions":140,"deletions":140},"docs":{"insertions":37,"deletions":37},"test-code":{"insertions":426,"deletions":428}}},{"hash":"711f050603ca36a18cefff7c84e86aec1c385e07","isMergeCommit":false,"messageTitle":"Refactor the test cases","messageBody":"","fileTypesAndContributionMap":{"other":{"insertions":40,"deletions":40},"test-code":{"insertions":290,"deletions":290}}},{"hash":"f7461941ced9b0f693378be44bfc6a13d2a3ac0b","isMergeCommit":false,"messageTitle":"Modify coding style","messageBody":"","fileTypesAndContributionMap":{"functional-code":{"insertions":15,"deletions":11},"test-code":{"insertions":21,"deletions":11}}},{"hash":"545210273f76c6cba56f83dd56472b5edcacc518","isMergeCommit":false,"messageTitle":"Refactor delete command","messageBody":"","fileTypesAndContributionMap":{"functional-code":{"insertions":4,"deletions":4},"test-code":{"insertions":2,"deletions":2}}}]},{"date":"2024-10-09","commitResults":[{"hash":"4f7af2cbbb1fae3886ae47b1087bbc8b8e1eb05b","isMergeCommit":false,"messageTitle":"Change the delete command word","messageBody":"","fileTypesAndContributionMap":{"functional-code":{"insertions":1,"deletions":1}}},{"hash":"4285890856ab40e96f42f40d8150ae84e71e88f4","isMergeCommit":false,"messageTitle":"Update test case for delete command","messageBody":"","fileTypesAndContributionMap":{"test-code":{"insertions":1,"deletions":1}}}]},{"date":"2024-10-10","commitResults":[{"hash":"d8ad3d93b8cdaf3e02dbb47d28f1a82204c86e43","isMergeCommit":true,"messageTitle":"Merge pull request #57 from Reallyeasy1/branch-1009-AddTut","messageBody":"Add Tut class","fileTypesAndContributionMap":{}}]},{"date":"2024-10-13","commitResults":[{"hash":"c5e5be7bdc6ac3a6b357c61e08d7ab469c39518b","isMergeCommit":false,"messageTitle":"Implement delete assignment command","messageBody":"","fileTypesAndContributionMap":{"functional-code":{"insertions":140,"deletions":0},"test-code":{"insertions":5,"deletions":0}}},{"hash":"2b3a1a79059b2c345b801b9ac15f6a69725549da","isMergeCommit":false,"messageTitle":"Implement test case for delete assignment","messageBody":"","fileTypesAndContributionMap":{"functional-code":{"insertions":2,"deletions":2},"test-code":{"insertions":117,"deletions":1}}},{"hash":"6962e8b1ba6f9eb0be1e3e938cb3baa1b6b713ff","isMergeCommit":false,"messageTitle":"Modify coding style","messageBody":"","fileTypesAndContributionMap":{"functional-code":{"insertions":3,"deletions":5},"test-code":{"insertions":2,"deletions":3}}},{"hash":"0e64ee19d72ecee53e61b67ea80f1f71f39d66a1","isMergeCommit":false,"messageTitle":"Update java doc","messageBody":"","fileTypesAndContributionMap":{"functional-code":{"insertions":3,"deletions":3}}},{"hash":"52879ef0b1512f68b155e6790960275963f64c13","isMergeCommit":true,"messageTitle":"Resolve merge conflict","messageBody":"","fileTypesAndContributionMap":{}},{"hash":"3aca2233fb64e78d74e17bb3b0efce2cc7b7ee28","isMergeCommit":false,"messageTitle":"Modify coding standard","messageBody":"","fileTypesAndContributionMap":{"functional-code":{"insertions":1,"deletions":0}}},{"hash":"0d40063cefa0547c808ad4eaf4248cbf196066a8","isMergeCommit":true,"messageTitle":"Merge pull request #58 from Reallyeasy1/branch-1009-AddTut","messageBody":"Branch 1009 add tut","fileTypesAndContributionMap":{}}]},{"date":"2024-10-14","commitResults":[{"hash":"dd13a0c74a96b6f3ea0486932d2e740d2d810e81","isMergeCommit":true,"messageTitle":"Merge pull request #69 from Reallyeasy1/branch-1009-AddTut","messageBody":"Add TutorialClass to Tut","fileTypesAndContributionMap":{}},{"hash":"6158de4a0197a22d6fbc0e9280814fc1a900c014","isMergeCommit":false,"messageTitle":"Implement delete tutorial feature","messageBody":"","fileTypesAndContributionMap":{"functional-code":{"insertions":165,"deletions":0},"test-code":{"insertions":20,"deletions":0}}},{"hash":"ed15d69fec87f3f586edf75ab4fc950e28d8eccd","isMergeCommit":false,"messageTitle":"Implement test cases for delete tutorial","messageBody":"","fileTypesAndContributionMap":{"functional-code":{"insertions":0,"deletions":1},"test-code":{"insertions":118,"deletions":0}}}]},{"date":"2024-10-15","commitResults":[{"hash":"4ca93c5838f2cb4b551e04f554877ac591498553","isMergeCommit":false,"messageTitle":"Update test case","messageBody":"","fileTypesAndContributionMap":{"test-code":{"insertions":9,"deletions":0}}},{"hash":"34a8b7167df377e459cfd0df46d3cdf843baae72","isMergeCommit":true,"messageTitle":"Resolve merge conflict","messageBody":"","fileTypesAndContributionMap":{}}]},{"date":"2024-10-16","commitResults":[{"hash":"2497ee047ecc5f901a41618af533b9c073d9d135","isMergeCommit":true,"messageTitle":"Merge pull request #81 from Reallyeasy1/branch-1009-AddTut","messageBody":"Tutorials","fileTypesAndContributionMap":{}},{"hash":"22cb7a3469d0a6205ef71ac1c9db21b3f13335f4","isMergeCommit":false,"messageTitle":"Refactor tutorial list and tutorial","messageBody":"","fileTypesAndContributionMap":{"functional-code":{"insertions":179,"deletions":156},"other":{"insertions":108,"deletions":114},"test-code":{"insertions":171,"deletions":180}}},{"hash":"8ed7e8e0eea4e4e01bf84681e2ae037b850ac738","isMergeCommit":false,"messageTitle":"Test cases for tutorial list","messageBody":"","fileTypesAndContributionMap":{"test-code":{"insertions":103,"deletions":0}}},{"hash":"41257475a56dde9b8147e95140ac1fd4499c7c62","isMergeCommit":true,"messageTitle":"Resolve merge conflict","messageBody":"","fileTypesAndContributionMap":{}},{"hash":"5c087336cdc880639631df2541a0abe0ee98731a","isMergeCommit":false,"messageTitle":"Save the student into the tutorial class","messageBody":"","fileTypesAndContributionMap":{"functional-code":{"insertions":79,"deletions":2},"test-code":{"insertions":81,"deletions":18}}},{"hash":"4ad4411727345e0eac1ff70f7118bd5cc397442c","isMergeCommit":false,"messageTitle":"Implement test cases for assign tutorial","messageBody":"","fileTypesAndContributionMap":{"functional-code":{"insertions":5,"deletions":2},"test-code":{"insertions":58,"deletions":0}}},{"hash":"f4e322a768ee6d876b8a88ef03eac6e784e7e16e","isMergeCommit":false,"messageTitle":"Change the command word","messageBody":"","fileTypesAndContributionMap":{"functional-code":{"insertions":3,"deletions":3},"test-code":{"insertions":1,"deletions":1}}}]},{"date":"2024-10-21","commitResults":[{"hash":"e38f10dcd72d776cd2cdc6e5d1192dcad2f7cbac","isMergeCommit":true,"messageTitle":"Merge pull request #97 from Reallyeasy1/UpdateUG","messageBody":"Update User Guide","fileTypesAndContributionMap":{}},{"hash":"cdadb7a2e7c95f717f4b3ba3fd916cec71a801b4","isMergeCommit":false,"messageTitle":"Debug delete student and modify tutorial","messageBody":"","fileTypesAndContributionMap":{"functional-code":{"insertions":379,"deletions":128},"test-code":{"insertions":28,"deletions":28}}},{"hash":"b17aaf31b76746d310a01ccbc82d391865365ac2","isMergeCommit":false,"messageTitle":"Create and modify test cases","messageBody":"","fileTypesAndContributionMap":{"functional-code":{"insertions":3,"deletions":50},"test-code":{"insertions":122,"deletions":4}}},{"hash":"38f179239223d9a0a012aa09f0b8c46e1a47b947","isMergeCommit":false,"messageTitle":"Modify delete student in tutorial class","messageBody":"","fileTypesAndContributionMap":{"functional-code":{"insertions":7,"deletions":0},"test-code":{"insertions":15,"deletions":0}}},{"hash":"f62a65c44103fbdd2bc3a697348efaaf656e6979","isMergeCommit":false,"messageTitle":"Make use of assertion","messageBody":"","fileTypesAndContributionMap":{"functional-code":{"insertions":2,"deletions":1}}},{"hash":"56183c904546babf63ce0b93dc65b470f226b26c","isMergeCommit":false,"messageTitle":"Create more OOP for tutorial class","messageBody":"","fileTypesAndContributionMap":{"functional-code":{"insertions":86,"deletions":40},"test-code":{"insertions":30,"deletions":30}}}]},{"date":"2024-10-22","commitResults":[{"hash":"8dcaea7d45be213603f94a3ac22193b2043f6653","isMergeCommit":false,"messageTitle":"Initialize empty tutorial in storage","messageBody":"","fileTypesAndContributionMap":{"functional-code":{"insertions":18,"deletions":5},"test-code":{"insertions":19,"deletions":11}}},{"hash":"fe51b16fd6f54d84a65d24fa9c792c21e409856e","isMergeCommit":true,"messageTitle":"Merge pull request #101 from SamsonChew/branch-UML-diagram","messageBody":"Add UML diagram in model, storage","fileTypesAndContributionMap":{}},{"hash":"575acea07e0f89f5541e04032d72650bcd46f32c","isMergeCommit":false,"messageTitle":"Debug on delete tutorial feature","messageBody":"","fileTypesAndContributionMap":{"functional-code":{"insertions":38,"deletions":3}}},{"hash":"9af03e9044983d3dfcabb1781e1df6a363ac926a","isMergeCommit":false,"messageTitle":"Update test cases","messageBody":"","fileTypesAndContributionMap":{"functional-code":{"insertions":0,"deletions":2},"test-code":{"insertions":367,"deletions":37}}},{"hash":"d5bf18cac8e47c3ecdf6b5a1bfa83219a4ce3e8e","isMergeCommit":false,"messageTitle":"Debug on creating new json file while testing","messageBody":"","fileTypesAndContributionMap":{"test-code":{"insertions":1,"deletions":1}}},{"hash":"3a68ef09b121ac187c0534479725c1ca2cee6105","isMergeCommit":true,"messageTitle":"Resolve merge conflict","messageBody":"","fileTypesAndContributionMap":{}},{"hash":"b7ecf10d6baf0056066af695e2ee6d7eed4e1e51","isMergeCommit":false,"messageTitle":"Resolve test case fail with ubuntu OS","messageBody":"","fileTypesAndContributionMap":{"test-code":{"insertions":9,"deletions":9}}},{"hash":"ddee7b59fa4650c6257bf0ee06f855edf9074290","isMergeCommit":false,"messageTitle":"Comment test cases","messageBody":"","fileTypesAndContributionMap":{"test-code":{"insertions":104,"deletions":104}}},{"hash":"483c8874c70d9bd575578edfe850347c15522ebe","isMergeCommit":false,"messageTitle":"Comment test cases for ubuntu OS","messageBody":"","fileTypesAndContributionMap":{"test-code":{"insertions":48,"deletions":42}}},{"hash":"df5881eeec9d39953bdbaff401bff7f8b5436718","isMergeCommit":false,"messageTitle":"Fix checkstyle","messageBody":"","fileTypesAndContributionMap":{"test-code":{"insertions":3,"deletions":3}}},{"hash":"a80e7daf3399848a781fc6183e0e369bea26baec","isMergeCommit":false,"messageTitle":"Comment test cases for ubuntu OS","messageBody":"","fileTypesAndContributionMap":{"test-code":{"insertions":16,"deletions":16}}},{"hash":"2a0ac29b8fd55dddb345d53b7fc3a3a2b75de2c2","isMergeCommit":false,"messageTitle":"Remove some test case for ubuntu OS","messageBody":"","fileTypesAndContributionMap":{"test-code":{"insertions":8,"deletions":41}}},{"hash":"572e4cce103194bf18b393b0f25f840264101928","isMergeCommit":false,"messageTitle":"Update test case","messageBody":"","fileTypesAndContributionMap":{"test-code":{"insertions":22,"deletions":0}}}]},{"date":"2024-10-23","commitResults":[{"hash":"554146c4cf65a13fb41fda0f2b024638fec0be9b","isMergeCommit":false,"messageTitle":"Update UML diagram","messageBody":"","fileTypesAndContributionMap":{"docs":{"insertions":28,"deletions":8}}},{"hash":"d8d421ba2af0dfb583e12f9c0bc9c7e29114ddf3","isMergeCommit":true,"messageTitle":"Merge branch \u0027master\u0027 into branch-1022-puml","messageBody":"","fileTypesAndContributionMap":{}},{"hash":"488ccf0d88c47340cc0a8e07ed14ee730cb4b737","isMergeCommit":true,"messageTitle":"Merge pull request #117 from SamsonChew/branch-UML-diagram","messageBody":"Arrange UML diagram to correct file","fileTypesAndContributionMap":{}},{"hash":"a05449ce709a8fa4cbe66dc54cc8bb810eae3385","isMergeCommit":false,"messageTitle":"Update user guide","messageBody":"","fileTypesAndContributionMap":{"docs":{"insertions":72,"deletions":6}}},{"hash":"34b3c4c1038757ba4f09c810e1887947a2992612","isMergeCommit":false,"messageTitle":"Update general notes","messageBody":"","fileTypesAndContributionMap":{"docs":{"insertions":6,"deletions":1}}}]},{"date":"2024-10-24","commitResults":[{"hash":"98d4f179e9a0adf773e7591b7eedcb4f8cec4df0","isMergeCommit":true,"messageTitle":"Merge pull request #130 from waihongteh/branch-UserGuide","messageBody":"Update user guide","fileTypesAndContributionMap":{}}]},{"date":"2024-10-26","commitResults":[{"hash":"b8bcc9cb65b08344364830a9e3b50f69ab97874a","isMergeCommit":false,"messageTitle":"Setup product website","messageBody":"","fileTypesAndContributionMap":{"docs":{"insertions":6,"deletions":6}}},{"hash":"1898243858ad5ce3c72260cb7de873208f880a9f","isMergeCommit":false,"messageTitle":"Update github url","messageBody":"","fileTypesAndContributionMap":{"docs":{"insertions":1,"deletions":1}}},{"hash":"674f68ce3543d76bd16f922a52fe9373eed98015","isMergeCommit":false,"messageTitle":"Update help command url","messageBody":"","fileTypesAndContributionMap":{"functional-code":{"insertions":1,"deletions":1}}},{"hash":"33817f4c710ceaa0bc2844422e131ddfeaeea5f4","isMergeCommit":false,"messageTitle":"Modify the navigation bar","messageBody":"","fileTypesAndContributionMap":{"docs":{"insertions":3,"deletions":3}}}]},{"date":"2024-10-27","commitResults":[{"hash":"12b0b9e13904c12acf07792c7a08e02c0fa98790","isMergeCommit":true,"messageTitle":"Merge pull request #153 from tansanchian/branch-update-ug-and-command-word","messageBody":"Update ug and command key word","fileTypesAndContributionMap":{}},{"hash":"4435dd1063200d75f0316e8f81940c53111580b4","isMergeCommit":false,"messageTitle":"Debug delete tutorial command","messageBody":"","fileTypesAndContributionMap":{"functional-code":{"insertions":4,"deletions":0}}}]},{"date":"2024-10-28","commitResults":[{"hash":"f82f11baec725c471e6ca5d108e5162847d706e2","isMergeCommit":false,"messageTitle":"Debug developer guide","messageBody":"","fileTypesAndContributionMap":{"docs":{"insertions":1,"deletions":1}}},{"hash":"592b6d8a2564a6655353ab95ae0f55d5df7a29d7","isMergeCommit":false,"messageTitle":"Debug user guide faq navigation","messageBody":"","fileTypesAndContributionMap":{"docs":{"insertions":1,"deletions":1}}},{"hash":"2046ba9c8bd91fc0f5f377d8677eb2acac2a3a8c","isMergeCommit":false,"messageTitle":"Add prefix for delete command","messageBody":"","fileTypesAndContributionMap":{"functional-code":{"insertions":33,"deletions":35},"test-code":{"insertions":4,"deletions":2}}}]},{"date":"2024-10-30","commitResults":[{"hash":"d730e83204de1ac9c84dfff7c4cb7ef4259f1155","isMergeCommit":false,"messageTitle":"Change ui to light theme","messageBody":"","fileTypesAndContributionMap":{"functional-code":{"insertions":263,"deletions":6}}},{"hash":"2159655afdb40edbc4cf43810e5346f662f8ef99","isMergeCommit":false,"messageTitle":"Increase the font size","messageBody":"","fileTypesAndContributionMap":{"functional-code":{"insertions":9,"deletions":2}}},{"hash":"011967c563b5100b9ee29b371f770b6a4e469781","isMergeCommit":false,"messageTitle":"Debug on checkstyle","messageBody":"","fileTypesAndContributionMap":{"functional-code":{"insertions":1,"deletions":1}}}]}],"tansanchian":[{"date":"2024-09-27","commitResults":[{"hash":"d7f40a18204d994bff44075860964e81f39314ca","isMergeCommit":false,"messageTitle":"Update AboutUs page for San Chian","messageBody":"","fileTypesAndContributionMap":{"docs":{"insertions":5,"deletions":5}}},{"hash":"f3e5bff3b5f9de051cd6fb2d10fe0fb04634949e","isMergeCommit":false,"messageTitle":"Update DG to include non-functional requirement and glossary","messageBody":"","fileTypesAndContributionMap":{"docs":{"insertions":41,"deletions":2}}}]},{"date":"2024-09-29","commitResults":[{"hash":"693ec4d6c9530fe17e2f1c397086246759a384c6","isMergeCommit":true,"messageTitle":"Merge pull request #35 from waihongteh/branch-0925-DeveloperGuide","messageBody":"Edit value proposition for Developer Guide","fileTypesAndContributionMap":{}},{"hash":"2294d7067f0607f558ed1aba6a14f4a5096c630c","isMergeCommit":true,"messageTitle":"Merge pull request #32 from waihongteh/branch-AddPhoto","messageBody":"Add photo for Wai Hong","fileTypesAndContributionMap":{}},{"hash":"6a3dabef950f1b62db0a407bf0b3f3239b98bd0f","isMergeCommit":true,"messageTitle":"Merge branch \u0027master\u0027 of https://github.com/AY2425S1-CS2103T-W08-1/tp into branch-0927-updating-about-us","messageBody":"# Conflicts:\n#\tdocs/AboutUs.md\n","fileTypesAndContributionMap":{}},{"hash":"681969af4773b39685b89e376fc96d68a3ecf9d8","isMergeCommit":false,"messageTitle":"Change file name of portfolio","messageBody":"","fileTypesAndContributionMap":{"docs":{"insertions":1,"deletions":1}}}]},{"date":"2024-09-30","commitResults":[{"hash":"2a3695647a9419285b88914e7f4ab375c46cbb9d","isMergeCommit":true,"messageTitle":"Merge pull request #33 from waihongteh/branch-AddAboutUs","messageBody":"Edit AboutUs.md for Wai Hong","fileTypesAndContributionMap":{}}]},{"date":"2024-10-02","commitResults":[{"hash":"97c7223c0b9535ee2adcb12352cdd73f860d52dd","isMergeCommit":false,"messageTitle":"Refine Glossary and NFR of DG","messageBody":"","fileTypesAndContributionMap":{"docs":{"insertions":13,"deletions":38}}}]},{"date":"2024-10-08","commitResults":[{"hash":"d533cb1f8b826a0205a67b4316f916ff2a5370a4","isMergeCommit":false,"messageTitle":"Add record student attendance feature","messageBody":"","fileTypesAndContributionMap":{"functional-code":{"insertions":316,"deletions":15},"test-code":{"insertions":142,"deletions":29}}},{"hash":"abd95d0e56688e56ba3194c6befe3ea96b12b29a","isMergeCommit":false,"messageTitle":"Fix styling issues","messageBody":"","fileTypesAndContributionMap":{"functional-code":{"insertions":83,"deletions":13}}},{"hash":"5864873d53a26926a19bd2e9fdc2453514483af2","isMergeCommit":false,"messageTitle":"Fix styling issues","messageBody":"","fileTypesAndContributionMap":{"test-code":{"insertions":1,"deletions":3}}}]},{"date":"2024-10-10","commitResults":[{"hash":"55a97c6be887f0c0aa48b6d2c5f6c40f8fc78086","isMergeCommit":true,"messageTitle":"Merge pull request #56 from waihongteh/branch-AddAssignment","messageBody":"Add assignment command","fileTypesAndContributionMap":{}},{"hash":"debd51117d1584f7f18be835e18bbfaa8b187e62","isMergeCommit":true,"messageTitle":"Solve merge conflict","messageBody":"","fileTypesAndContributionMap":{}}]},{"date":"2024-10-13","commitResults":[{"hash":"d3565dbdb3090f82e0cd2be78dad6c9df7b9614a","isMergeCommit":true,"messageTitle":"Merge pull request #63 from waihongteh/branch-AddAssignment","messageBody":"Add assignment features","fileTypesAndContributionMap":{}}]},{"date":"2024-10-14","commitResults":[{"hash":"99e210d0bbfd9f226f8ac09a54c37d39ec15b7a5","isMergeCommit":false,"messageTitle":"Refine record student attendance feature","messageBody":"","fileTypesAndContributionMap":{"functional-code":{"insertions":260,"deletions":65},"test-code":{"insertions":437,"deletions":14}}},{"hash":"6f77e51b2a9421e48857d7e92e104f18480c5fb0","isMergeCommit":true,"messageTitle":"Merge conflict","messageBody":"","fileTypesAndContributionMap":{}},{"hash":"f85b43856087abc8d3929e888f75484ce5c0a26a","isMergeCommit":false,"messageTitle":"Add test cases","messageBody":"","fileTypesAndContributionMap":{"functional-code":{"insertions":16,"deletions":2},"test-code":{"insertions":315,"deletions":1}}}]},{"date":"2024-10-15","commitResults":[{"hash":"0ad95b69e8d7c4149e142461ac51d9e8b0857e39","isMergeCommit":false,"messageTitle":"Fix date format bug","messageBody":"","fileTypesAndContributionMap":{"functional-code":{"insertions":1,"deletions":1},"test-code":{"insertions":4,"deletions":15}}},{"hash":"59bc68044947661ac08426bb8d2b0b33ed8bb879","isMergeCommit":false,"messageTitle":"Solve infinite loop","messageBody":"","fileTypesAndContributionMap":{"functional-code":{"insertions":1,"deletions":20}}},{"hash":"2726dc34d0e0847319077fe639d4a9c8dd6c0ac5","isMergeCommit":false,"messageTitle":"Fix test bug","messageBody":"","fileTypesAndContributionMap":{"functional-code":{"insertions":1,"deletions":4},"test-code":{"insertions":1,"deletions":2}}},{"hash":"96f49df564bf8bca190b987f1d9378df41a1bfdf","isMergeCommit":false,"messageTitle":"Change TutDate class to include set of StudentIDs","messageBody":"","fileTypesAndContributionMap":{"functional-code":{"insertions":32,"deletions":9},"test-code":{"insertions":13,"deletions":9}}},{"hash":"0f52192753b35f39ea644d8b25c8cf116268c238","isMergeCommit":true,"messageTitle":"Merge pull request #72 from waihongteh/branch-AddAssignment","messageBody":"Add test cases for assignments","fileTypesAndContributionMap":{}},{"hash":"083c36be4b87ff998a123ab37ed8987e0cf790c6","isMergeCommit":false,"messageTitle":"Fix UI","messageBody":"","fileTypesAndContributionMap":{"functional-code":{"insertions":9,"deletions":3},"test-code":{"insertions":5,"deletions":3}}},{"hash":"b632debc7f7cc482b04eb6a041a046367ae73f0c","isMergeCommit":true,"messageTitle":"Merge branch","messageBody":"","fileTypesAndContributionMap":{}},{"hash":"39f96c1096e221a64b5c4e19c76dbf7f455e1152","isMergeCommit":false,"messageTitle":"Fix checkstyle","messageBody":"","fileTypesAndContributionMap":{"functional-code":{"insertions":0,"deletions":1}}}]},{"date":"2024-10-16","commitResults":[{"hash":"c5b39b4ae4312add43d02f4db6cc285eeb687e24","isMergeCommit":false,"messageTitle":"Refactor tutName","messageBody":"","fileTypesAndContributionMap":{"functional-code":{"insertions":112,"deletions":42},"test-code":{"insertions":36,"deletions":36}}},{"hash":"804d6c7a6c37662247b0c6644065b66720ba03ce","isMergeCommit":false,"messageTitle":"Fix tutorial.json bug","messageBody":"","fileTypesAndContributionMap":{"functional-code":{"insertions":61,"deletions":17}}},{"hash":"8158ebffbde49237e227011ff699dccbd80261ff","isMergeCommit":false,"messageTitle":"Give test cases","messageBody":"","fileTypesAndContributionMap":{"functional-code":{"insertions":30,"deletions":66},"other":{"insertions":5,"deletions":6},"test-code":{"insertions":395,"deletions":24}}},{"hash":"b03497f0a2bd09b5737d7bd03eaab941cfcf091b","isMergeCommit":false,"messageTitle":"Fix UI not responsive bug","messageBody":"","fileTypesAndContributionMap":{"functional-code":{"insertions":52,"deletions":111},"test-code":{"insertions":1,"deletions":72}}},{"hash":"1177fee877bed379bdd22e2ef05fe587efd39a5e","isMergeCommit":false,"messageTitle":"Change tut id","messageBody":"","fileTypesAndContributionMap":{"functional-code":{"insertions":1,"deletions":1}}},{"hash":"78bb2e58e58e9c6f8eb7be13c62e5ccfd35dde32","isMergeCommit":false,"messageTitle":"Fix tutDate hash code bug","messageBody":"","fileTypesAndContributionMap":{"functional-code":{"insertions":13,"deletions":3}}}]},{"date":"2024-10-17","commitResults":[{"hash":"f861f0b4daa56bc349f3e0caa9b44f34f48b19a4","isMergeCommit":false,"messageTitle":"Fix bug","messageBody":"","fileTypesAndContributionMap":{"functional-code":{"insertions":2,"deletions":7},"test-code":{"insertions":1,"deletions":1}}}]},{"date":"2024-10-22","commitResults":[{"hash":"45dd20e30787e604db8818b32cfbec8455c66be1","isMergeCommit":false,"messageTitle":"Add Unattend Command and Unattend Command Parser","messageBody":"","fileTypesAndContributionMap":{"functional-code":{"insertions":151,"deletions":1}}},{"hash":"32da5cce2b97d56aa3118e4a1d34ed4561776ec9","isMergeCommit":true,"messageTitle":"Merge pull request #107 from SamsonChew/branch-add-command","messageBody":"Refine add command (parameters, readability)","fileTypesAndContributionMap":{}},{"hash":"78c25a3d03a5805384dde668d1e07b3c195848d9","isMergeCommit":true,"messageTitle":"Merge branch \u0027branch-unmark-student-attendance\u0027","messageBody":"","fileTypesAndContributionMap":{}},{"hash":"32bd7009a9a15f58cb9977f50187d35f3a2a3615","isMergeCommit":false,"messageTitle":"Refactor tutorial Id","messageBody":"","fileTypesAndContributionMap":{"functional-code":{"insertions":21,"deletions":13}}},{"hash":"833db7880ae5c8723b45ef3bdbb3715dd056c520","isMergeCommit":true,"messageTitle":"Merge pull request #110 from Fui03/branch-1021-delete-feature-bug","messageBody":"Debug delete tutorial feature","fileTypesAndContributionMap":{}},{"hash":"a57e73d4f1ce1067ad571aebf2a6211f942454c8","isMergeCommit":true,"messageTitle":"Merge branch \u0027AY2425S1-CS2103T-W08-1:master\u0027 into master","messageBody":"","fileTypesAndContributionMap":{}},{"hash":"02d89cd2f0831fe3799a5548571a159a5bbeee67","isMergeCommit":false,"messageTitle":"Fix unattend bug","messageBody":"","fileTypesAndContributionMap":{"functional-code":{"insertions":85,"deletions":27},"test-code":{"insertions":20,"deletions":36}}},{"hash":"ded63c0c7ab115d9a5f112f8ab612c6de7b0759b","isMergeCommit":true,"messageTitle":"Merge branch \u0027branch-mark-student-absent\u0027","messageBody":"","fileTypesAndContributionMap":{}},{"hash":"0430578dbedd1ccb683ee42a1af2f1a2459c1071","isMergeCommit":false,"messageTitle":"Fix bug","messageBody":"","fileTypesAndContributionMap":{"functional-code":{"insertions":13,"deletions":2}}},{"hash":"ff7fbc988fc676e4124142d3f9a445ecbee0caba","isMergeCommit":false,"messageTitle":"Add test case and refine","messageBody":"","fileTypesAndContributionMap":{"functional-code":{"insertions":32,"deletions":4},"test-code":{"insertions":359,"deletions":18}}}]},{"date":"2024-10-23","commitResults":[{"hash":"23a132b33242ab2c13f73a73f506a26b15bb9361","isMergeCommit":true,"messageTitle":"Merge pull request #109 from Reallyeasy1/updateUML","messageBody":"Add Exist and None to Tutorial UML","fileTypesAndContributionMap":{}},{"hash":"135025f92c7a5e5b677c463d4342b47fefcfb9ff","isMergeCommit":false,"messageTitle":"Enable assertion","messageBody":"","fileTypesAndContributionMap":{"other":{"insertions":4,"deletions":0}}},{"hash":"c44134cf32911b651abb90c7f4d2049646a6c488","isMergeCommit":false,"messageTitle":"Reset the format of tutorial id and student id","messageBody":"","fileTypesAndContributionMap":{"functional-code":{"insertions":12,"deletions":19}}},{"hash":"166c77e083db5d7c5286f8582d8a0a9635c631df","isMergeCommit":true,"messageTitle":"Merge pull request #122 from waihongteh/branch-Clear","messageBody":"Update Clear Command","fileTypesAndContributionMap":{}},{"hash":"6d636d000f4213ab166a193721d4f4f2b1b37482","isMergeCommit":true,"messageTitle":"Merge branch \u0027AY2425S1-CS2103T-W08-1:master\u0027 into master","messageBody":"","fileTypesAndContributionMap":{}},{"hash":"402c534ec4377f419800acf001a409d1db7e392a","isMergeCommit":false,"messageTitle":"Reset id and fixed bugs","messageBody":"","fileTypesAndContributionMap":{"test-code":{"insertions":86,"deletions":86}}},{"hash":"a6810c8be9516274201ff34bbc73e1963879fd56","isMergeCommit":true,"messageTitle":"Merge branch \u0027master\u0027 into branch-rename-id","messageBody":"","fileTypesAndContributionMap":{}},{"hash":"210456ba48c5f52e71dd6074ddca18211c8f0ad6","isMergeCommit":false,"messageTitle":"Add puml diagram","messageBody":"","fileTypesAndContributionMap":{"functional-code":{"insertions":2,"deletions":2},"docs":{"insertions":95,"deletions":0}}}]},{"date":"2024-10-24","commitResults":[{"hash":"3b136375d0e32e4c21ae07074b6f8d71262ac462","isMergeCommit":false,"messageTitle":"Fix test cases","messageBody":"","fileTypesAndContributionMap":{"functional-code":{"insertions":2,"deletions":18}}},{"hash":"64d82b49308bab220b3c71c3783261ec661274ed","isMergeCommit":true,"messageTitle":"Merge pull request #134 from Reallyeasy1/addTutRevamp","messageBody":"Add in handling of no tut for add stu","fileTypesAndContributionMap":{}},{"hash":"a3f57d575eaa263c995a86abca0578e852fbb015","isMergeCommit":false,"messageTitle":"Fix test case coverage","messageBody":"","fileTypesAndContributionMap":{"test-code":{"insertions":18,"deletions":0}}},{"hash":"3ff01d3c1552a0815dfb17c4f4195e4bb35e03cb","isMergeCommit":true,"messageTitle":"Merge pull request #118 from SamsonChew/branch-edit-command","messageBody":"Reimplement edit command","fileTypesAndContributionMap":{}},{"hash":"edaa1e7290c027adbed850920389078174074c7f","isMergeCommit":true,"messageTitle":"Resolve merge conflict","messageBody":"","fileTypesAndContributionMap":{}},{"hash":"89bb10157b8d7503a386d4da60adc213d6543006","isMergeCommit":true,"messageTitle":"Resolve merge conflict","messageBody":"","fileTypesAndContributionMap":{}},{"hash":"64e0b78ac8a43c531824f3ebcb975d1494fd25c3","isMergeCommit":false,"messageTitle":"Fix bugs","messageBody":"","fileTypesAndContributionMap":{"functional-code":{"insertions":32,"deletions":15},"test-code":{"insertions":2,"deletions":10}}}]},{"date":"2024-10-26","commitResults":[{"hash":"62b602709a505ba5b064185c63ad02ebd651c3a8","isMergeCommit":true,"messageTitle":"Merge pull request #139 from SamsonChew/branch-edit-command","messageBody":"Solve edit command bug","fileTypesAndContributionMap":{}},{"hash":"1a674246d3a0a4e4f77be1979c27ff8d7e9ac34d","isMergeCommit":true,"messageTitle":"Resolve merge conflict","messageBody":"","fileTypesAndContributionMap":{}},{"hash":"0351c80d98d8e84df0ea6d49a3f25f6c23d5cb23","isMergeCommit":true,"messageTitle":"Merge pull request #142 from Fui03/branch-1026-markbind-product-website","messageBody":"Setup product website","fileTypesAndContributionMap":{}},{"hash":"77288a29bfe0e011ea9be8939470b79a7b0f8938","isMergeCommit":true,"messageTitle":"Merge pull request #143 from Fui03/branch-1026-markbind-product-website","messageBody":"Update title suffix","fileTypesAndContributionMap":{}},{"hash":"9dd8de76c82f1689c067776e87f4eed66f66b9b9","isMergeCommit":true,"messageTitle":"Merge pull request #150 from Fui03/branch-1026-help-command","messageBody":"Update help command url","fileTypesAndContributionMap":{}},{"hash":"c5dd430c581c4be2594e07f13d257834ecc15022","isMergeCommit":false,"messageTitle":"Update ug and command key word","messageBody":"","fileTypesAndContributionMap":{"functional-code":{"insertions":3,"deletions":2},"docs":{"insertions":122,"deletions":86}}}]},{"date":"2024-10-27","commitResults":[{"hash":"4097754a48045b8253a073570017845a4cf8e98c","isMergeCommit":true,"messageTitle":"Merge pull request #159 from Fui03/branch-1026-markbind-navigation","messageBody":"Modify the navigation bar","fileTypesAndContributionMap":{}},{"hash":"f0ff169ee9496fbae0c7ae48fda75b1912ee0af4","isMergeCommit":true,"messageTitle":"Merge pull request #152 from Fui03/branch-1026-reset-base-url","messageBody":"Reset base url","fileTypesAndContributionMap":{}},{"hash":"751bd69481db0b8936f83293a701312b92f66404","isMergeCommit":false,"messageTitle":"Change date format to yyyy-MM-dd","messageBody":"","fileTypesAndContributionMap":{"functional-code":{"insertions":9,"deletions":8},"docs":{"insertions":9,"deletions":9},"test-code":{"insertions":25,"deletions":25}}},{"hash":"4de0528bc5228417baedddb52228d1477b5b4d82","isMergeCommit":true,"messageTitle":"Merge branch \u0027branch-change-attendance-date-format\u0027","messageBody":"","fileTypesAndContributionMap":{}},{"hash":"eb071758a4476d688a5380c7f5d406638b408a04","isMergeCommit":false,"messageTitle":"Sort present dates","messageBody":"","fileTypesAndContributionMap":{"functional-code":{"insertions":12,"deletions":2}}},{"hash":"746c960c3b679341b99fdf14686e14eacfaa9982","isMergeCommit":false,"messageTitle":"Change display message","messageBody":"","fileTypesAndContributionMap":{"functional-code":{"insertions":3,"deletions":2}}}]},{"date":"2024-10-28","commitResults":[{"hash":"e7e187eed320d84f537bb4b0e060dee8360009b2","isMergeCommit":true,"messageTitle":"Merge pull request #181 from Reallyeasy1/UpdateUG","messageBody":"Add installation guide to UG","fileTypesAndContributionMap":{}},{"hash":"c11fe7d61afdf47ed2db4f12a6b41952c17ea75b","isMergeCommit":true,"messageTitle":"Merge pull request #182 from Fui03/branch-1028-debug-developer-guide","messageBody":"Debug developer guide display issue","fileTypesAndContributionMap":{}},{"hash":"fd56b4950bd71d73154f63df7af9136da170081f","isMergeCommit":true,"messageTitle":"Merge pull request #183 from Fui03/branch-1028-debug-user-guide-faq","messageBody":"Debug user guide faq navigation issue","fileTypesAndContributionMap":{}},{"hash":"3e723e9cb4df1e056b90e1cc1f2d1c4151e9b4a1","isMergeCommit":true,"messageTitle":"Merge pull request #186 from Fui03/branch-1028-prefix-delete-command","messageBody":"Add prefix for delete tutorial and assignment command","fileTypesAndContributionMap":{}}]}]},"authorFileTypeContributionMap":{"Reallyeasy1":{"docs":139,"functional-code":898,"test-code":1077,"other":4},"SamsonChew":{"docs":785,"functional-code":473,"test-code":641},"waihongteh":{"docs":175,"functional-code":1324,"test-code":1117,"other":4},"Fui03":{"docs":119,"functional-code":1509,"test-code":1660},"tansanchian":{"docs":149,"functional-code":1017,"test-code":1528}},"authorContributionVariance":{"Reallyeasy1":227300.8,"SamsonChew":87650.43,"waihongteh":46332.69,"Fui03":236810.36,"tansanchian":70306.84},"authorDisplayNameMap":{"Reallyeasy1":"CS2103T-W08-1 LO Y.. ZHE","SamsonChew":"CS2103T-W08-1 CHEW.. JIE","waihongteh":"CS2103T-W08-1 TEH ..HONG","Fui03":"CS2103T-W08-1 FUI .. MIN","tansanchian":"CS2103T-W08-1 TAN ..HIAN"}}
