{"authorDailyContributionsMap":{"frymash":[{"date":"2024-09-28","commitResults":[{"hash":"08747059b5c67a980d725f0d6baceb56b8ae9b21","isMergeCommit":false,"messageTitle":"Update AboutUs Isaac","messageBody":"","fileTypesAndContributionMap":{"docs":{"insertions":5,"deletions":5}}},{"hash":"8d64f93bd36a280fe749d54e087025e5e0cf02c4","isMergeCommit":true,"messageTitle":"Merge branch \u0027AY2425S1-CS2103T-W14-2:master\u0027 into update-aboutUs-Isaac","messageBody":"","fileTypesAndContributionMap":{}},{"hash":"cd4dc08399ad41fc9de881efb1edb66d7a2f8223","isMergeCommit":true,"messageTitle":"Merge branch \u0027AY2425S1-CS2103T-W14-2:master\u0027 into update-aboutUs-isaac","messageBody":"","fileTypesAndContributionMap":{}}]},{"date":"2024-10-10","commitResults":[{"hash":"64b8dc6173f352aa6936de4a4be8e085b9fe9212","isMergeCommit":false,"messageTitle":"Create a new export command","messageBody":"","fileTypesAndContributionMap":{"functional-code":{"insertions":19,"deletions":0}}},{"hash":"2e9c807ac2ea008b57b7c74c9a28d584cdc24dce","isMergeCommit":false,"messageTitle":"Hook ExportCommand into the application","messageBody":"","fileTypesAndContributionMap":{"functional-code":{"insertions":8,"deletions":4},"test-code":{"insertions":25,"deletions":8}}},{"hash":"dacd962902e3c39efbf926ce89d49907ee2a1fb6","isMergeCommit":false,"messageTitle":"Make ExportCommand accept parameters","messageBody":"","fileTypesAndContributionMap":{"functional-code":{"insertions":60,"deletions":2},"test-code":{"insertions":23,"deletions":2}}},{"hash":"ee8d1637d1e265c9f2c6f194807e66bc855ca803","isMergeCommit":false,"messageTitle":"Resolve CheckStyle errors","messageBody":"","fileTypesAndContributionMap":{"functional-code":{"insertions":20,"deletions":7},"test-code":{"insertions":9,"deletions":3}}},{"hash":"08246e945598ef0164222ce6c7508856e8c6630a","isMergeCommit":false,"messageTitle":"Removed ExportCommand.equals stub","messageBody":"","fileTypesAndContributionMap":{"functional-code":{"insertions":0,"deletions":15}}},{"hash":"cf0bbefb469849383fd9529070122504c03be252","isMergeCommit":false,"messageTitle":"Implement ExportCommand.equals defintion and tests","messageBody":"","fileTypesAndContributionMap":{"functional-code":{"insertions":15,"deletions":0},"test-code":{"insertions":20,"deletions":1}}}]}],"RyanWarwick":[{"date":"2024-09-28","commitResults":[{"hash":"938781d86bffaa7bfd22df945944ac4aac297dc2","isMergeCommit":false,"messageTitle":"Update AboutUs for Ryan","messageBody":"","fileTypesAndContributionMap":{"docs":{"insertions":5,"deletions":5}}},{"hash":"a4dcf5624e587b42f01045975b2ecadc0567517c","isMergeCommit":true,"messageTitle":"Merge pull request #22 from appleshill/update-aboutUs-eliot","messageBody":"Update AboutUs Eliot","fileTypesAndContributionMap":{}},{"hash":"cd84b5d95ee38e47e22aa0693a7cbb7d701594b9","isMergeCommit":true,"messageTitle":"Merge pull request #25 from frymash/update-aboutUs-isaac","messageBody":"Update AboutUs Isaac","fileTypesAndContributionMap":{}},{"hash":"4441167655881c0a4d84e418303796fd732e7a1b","isMergeCommit":true,"messageTitle":"Merge pull request #26 from valhrd/branch-aboutUs-valentin","messageBody":"Update AboutUs Valentin","fileTypesAndContributionMap":{}}]},{"date":"2024-10-03","commitResults":[{"hash":"053b2e1ade16d42c762558743b182a09a07de899","isMergeCommit":false,"messageTitle":"Update user stories, use cases, non-functional requirements, glossary in docs/DeveloperGuide.md","messageBody":"","fileTypesAndContributionMap":{"docs":{"insertions":89,"deletions":7}}},{"hash":"eb86266ebe2c3ddbadedcdd04c316923f6fc2984","isMergeCommit":true,"messageTitle":"Merge pull request #36 from RyanWarwick/update-development-guide","messageBody":"Update user stories, use cases, non-functional requirements, glossary…","fileTypesAndContributionMap":{}},{"hash":"7b5a05b9ed2eec97fb94eb9c8e2c6e240cb9d403","isMergeCommit":true,"messageTitle":"Merge branch \u0027master\u0027 into add-ryan-photo","messageBody":"","fileTypesAndContributionMap":{}},{"hash":"ea6b9380cebafcd771b4570d7ff2be2c4bc27965","isMergeCommit":true,"messageTitle":"Merge pull request #37 from RyanWarwick/add-ryan-photo","messageBody":"Add ryan photo","fileTypesAndContributionMap":{}}]},{"date":"2024-10-10","commitResults":[{"hash":"6b93d167531a2258a1c8bdd6e36ae6a8cb0adf87","isMergeCommit":true,"messageTitle":"Merge pull request #51 from frymash/add-csv-export","messageBody":"Add partial CSV export functionality","fileTypesAndContributionMap":{}}]}],"DiegoTheExplorar":[{"date":"2024-09-28","commitResults":[{"hash":"a0ada79527c873938c0cc895d3269bb78e973c94","isMergeCommit":false,"messageTitle":"Update AboutUs Arvind","messageBody":"Added my photo, description and links\n","fileTypesAndContributionMap":{"docs":{"insertions":6,"deletions":6}}},{"hash":"ce4a29ef423f7b37ee9fb523e119c7ee279147d7","isMergeCommit":false,"messageTitle":"update-aboutUs-Arvind","messageBody":"","fileTypesAndContributionMap":{"docs":{"insertions":1,"deletions":1}}}]},{"date":"2024-09-29","commitResults":[{"hash":"9b8d99bb94b4a268e5fb36ceba09a380d566498e","isMergeCommit":true,"messageTitle":"Merge pull request #30 from valhrd/branch-update-site-wide-settings","messageBody":"Update site-wide settings","fileTypesAndContributionMap":{}},{"hash":"1cd97def711607aea16a1af372ee030f8efec3e5","isMergeCommit":true,"messageTitle":"Merge pull request #32 from valhrd/branch-update-site-wide-settings","messageBody":"Update site-wide settings","fileTypesAndContributionMap":{}}]},{"date":"2024-10-02","commitResults":[{"hash":"4711c252b9f3f1d8ed4068c1925b9de9608ef5d2","isMergeCommit":true,"messageTitle":"Merge branch \u0027master\u0027 of https://github.com/DiegoTheExplorar/tp","messageBody":"","fileTypesAndContributionMap":{}},{"hash":"b9cd78bfea16d09330cfc7ca8ba1c5d9db12d9cc","isMergeCommit":false,"messageTitle":"Update Readme Page","messageBody":"Added Java CI icon and added credits to AB3\n","fileTypesAndContributionMap":{"docs":{"insertions":7,"deletions":11}}},{"hash":"c455f248dc93dea143df6301933c98c20e1c059b","isMergeCommit":false,"messageTitle":"Update README.md","messageBody":"","fileTypesAndContributionMap":{"docs":{"insertions":1,"deletions":1}}}]},{"date":"2024-10-05","commitResults":[{"hash":"b8066030e6db814d5a2dc921555aadbf24e86b75","isMergeCommit":true,"messageTitle":"Merge branch \u0027master\u0027 of https://github.com/DiegoTheExplorar/tp","messageBody":"","fileTypesAndContributionMap":{}},{"hash":"c98878fb53d8844d6b4b6de97ca02a1c9e944284","isMergeCommit":false,"messageTitle":"Add Filter","messageBody":"Added FilterCommand and FilterCommandParser and relevant test cases\n","fileTypesAndContributionMap":{"functional-code":{"insertions":147,"deletions":0},"test-code":{"insertions":147,"deletions":0}}},{"hash":"949c7a1f059dd8cad92b8b46e61252488f0a3012","isMergeCommit":false,"messageTitle":"End file with new line","messageBody":"Failed CI/CD so added new line EOF\n","fileTypesAndContributionMap":{"functional-code":{"insertions":11,"deletions":9},"test-code":{"insertions":5,"deletions":5}}},{"hash":"8901a245c9c47a2a362907bde61a5f07b9722f00","isMergeCommit":false,"messageTitle":"More Checkstyle changes","messageBody":"","fileTypesAndContributionMap":{"functional-code":{"insertions":12,"deletions":12}}},{"hash":"764f47a8e92083a3717fdf9e63a19b921433c666","isMergeCommit":false,"messageTitle":"More Checkstyle","messageBody":"","fileTypesAndContributionMap":{"test-code":{"insertions":5,"deletions":1}}}]},{"date":"2024-10-06","commitResults":[{"hash":"5acaf701f6e370b2fb902faf0810e3357b5bf0d9","isMergeCommit":true,"messageTitle":"Merge pull request #46 from appleshill/modify-add-contact","messageBody":"Modify Add Contact","fileTypesAndContributionMap":{}},{"hash":"aee98f63163a9d6f22cda983e1c1946a6386f005","isMergeCommit":true,"messageTitle":"Merge branch \u0027master\u0027 of https://github.com/DiegoTheExplorar/tp","messageBody":"","fileTypesAndContributionMap":{}},{"hash":"527bad98a2481469746b5a39b8efc73d1993f2a3","isMergeCommit":false,"messageTitle":"Fix failing test case","messageBody":"","fileTypesAndContributionMap":{"test-code":{"insertions":3,"deletions":4}}},{"hash":"0b87f517d470a606e331bb5aca2cf1d0e4dbacc6","isMergeCommit":true,"messageTitle":"Merge pull request #48 from DiegoTheExplorar/master","messageBody":"Fix test for add filter","fileTypesAndContributionMap":{}}]},{"date":"2024-10-12","commitResults":[{"hash":"06658bdc140a70478250a9795a50b4d8525a1da9","isMergeCommit":true,"messageTitle":"Merge branch \u0027master\u0027 of https://github.com/DiegoTheExplorar/tp","messageBody":"","fileTypesAndContributionMap":{}}]},{"date":"2024-10-13","commitResults":[{"hash":"d91dde913273290bacb1e405cb83aa738c2130bc","isMergeCommit":true,"messageTitle":"Merge pull request #57 from appleshill/modify-frontend-to-match-mockup","messageBody":"Modify frontend to match mockup","fileTypesAndContributionMap":{}},{"hash":"ba2e8a1f50a63bffb3c44e013df62887b829248d","isMergeCommit":true,"messageTitle":"Merge branch \u0027master\u0027 of https://github.com/DiegoTheExplorar/tp","messageBody":"","fileTypesAndContributionMap":{}},{"hash":"337d5ef7d8ad11caaa81c20984f3ec64a20294f7","isMergeCommit":true,"messageTitle":"Merge pull request #58 from valhrd/master","messageBody":"Update DuplicatePhoneTagger implementation","fileTypesAndContributionMap":{}},{"hash":"78157e361ef2a9247f1e543097c3ad1c5e00aca1","isMergeCommit":true,"messageTitle":"Merge branch \u0027master\u0027 of https://github.com/DiegoTheExplorar/tp","messageBody":"","fileTypesAndContributionMap":{}},{"hash":"40b160404bde4099b4b918ef4c8fd144c7130bee","isMergeCommit":false,"messageTitle":"Modify FilterCommand","messageBody":"- Added in functionality to filter by multiple tags\n- Added corresponding test cases\n","fileTypesAndContributionMap":{"functional-code":{"insertions":61,"deletions":34},"test-code":{"insertions":71,"deletions":41}}}]}],"valhrd":[{"date":"2024-09-28","commitResults":[{"hash":"11abb89431c6d06cbbf39f18f59b294c10f2f3cf","isMergeCommit":true,"messageTitle":"Merge pull request #13 from frymash/add-isaacs-photo","messageBody":"Add Isaac\u0027s photo","fileTypesAndContributionMap":{}},{"hash":"61a82adb99728962fa839ae4e5d4575a8af97b2a","isMergeCommit":false,"messageTitle":"Update AboutUs.md","messageBody":"","fileTypesAndContributionMap":{"docs":{"insertions":5,"deletions":5}}},{"hash":"5113cd9d7fc99cedc785d328f04e6309fb4e01cf","isMergeCommit":false,"messageTitle":"Update site.json","messageBody":"","fileTypesAndContributionMap":{"docs":{"insertions":1,"deletions":1}}},{"hash":"24c8319002ecd3f9897975df00bb62c92c672d91","isMergeCommit":false,"messageTitle":"Update site.json","messageBody":"","fileTypesAndContributionMap":{"docs":{"insertions":1,"deletions":1}}}]},{"date":"2024-09-29","commitResults":[{"hash":"5da95768160f2f8cadb46d608caa37cda08b8df9","isMergeCommit":false,"messageTitle":"Update default.md","messageBody":"","fileTypesAndContributionMap":{"docs":{"insertions":1,"deletions":1}}}]},{"date":"2024-10-02","commitResults":[{"hash":"cd81423e6b75e45dd9255a6031268cc947ef8bdd","isMergeCommit":true,"messageTitle":"Merge pull request #34 from DiegoTheExplorar/update-readme-page","messageBody":"Update readme page","fileTypesAndContributionMap":{}}]},{"date":"2024-10-06","commitResults":[{"hash":"53a36773fad6cab887331bc55e265bae0c31ae8d","isMergeCommit":false,"messageTitle":"Add duplicate detection functionality for EditCommand","messageBody":"","fileTypesAndContributionMap":{"functional-code":{"insertions":90,"deletions":11}}},{"hash":"5bc56ce02394357c972c2e31f719c041c72e3e78","isMergeCommit":false,"messageTitle":"Add duplicate detection functionality for EditCommand","messageBody":"","fileTypesAndContributionMap":{"functional-code":{"insertions":0,"deletions":39}}},{"hash":"bc18edc848bfa7513332c1bc3bf8a654e17c945e","isMergeCommit":false,"messageTitle":"Update to fit checkstyle","messageBody":"","fileTypesAndContributionMap":{"functional-code":{"insertions":12,"deletions":3}}},{"hash":"60678dbb95e0e4bd7f8eec00ed8c5a2d3615107c","isMergeCommit":false,"messageTitle":"Add unit testing","messageBody":"","fileTypesAndContributionMap":{"functional-code":{"insertions":111,"deletions":46},"test-code":{"insertions":96,"deletions":0}}},{"hash":"f786769d242bdf2239da8f7c8f0cef436ce6eeca","isMergeCommit":false,"messageTitle":"Update for checkstyle","messageBody":"","fileTypesAndContributionMap":{"test-code":{"insertions":14,"deletions":10}}},{"hash":"5269aa5bfda0f4704bc30bed01e3547c1f4920fc","isMergeCommit":false,"messageTitle":"Update unit testing","messageBody":"","fileTypesAndContributionMap":{"test-code":{"insertions":4,"deletions":4}}},{"hash":"338badaf5c90eb1805a26970af367501b14c044e","isMergeCommit":false,"messageTitle":"Update for checkstyle","messageBody":"","fileTypesAndContributionMap":{"functional-code":{"insertions":4,"deletions":19}}},{"hash":"fc24f5eb9b6183119e6b8d2eab34dcd1e94e405c","isMergeCommit":false,"messageTitle":"Fix unit testing","messageBody":"","fileTypesAndContributionMap":{"functional-code":{"insertions":3,"deletions":1},"test-code":{"insertions":6,"deletions":6}}},{"hash":"127e43dd996ef61c605dac42c81d4558b87be680","isMergeCommit":true,"messageTitle":"Merge pull request #50 from appleshill/master","messageBody":"Change for default tag","fileTypesAndContributionMap":{}}]},{"date":"2024-10-12","commitResults":[{"hash":"37a419626663cfb57ea062bbae92c2b546cbd98a","isMergeCommit":false,"messageTitle":"Colour code DuplicatePhone tag","messageBody":"","fileTypesAndContributionMap":{"functional-code":{"insertions":18,"deletions":2}}},{"hash":"512488fc67547ae49248890fe60321fdc3bd5067","isMergeCommit":false,"messageTitle":"Update files for code coverage","messageBody":"","fileTypesAndContributionMap":{"functional-code":{"insertions":11,"deletions":9}}},{"hash":"71227cc7456d7b9ff19982fa13bb347fdacf57b7","isMergeCommit":false,"messageTitle":"Update files for code coverage","messageBody":"","fileTypesAndContributionMap":{"functional-code":{"insertions":0,"deletions":1}}},{"hash":"5cfae6f87772e4d946fbad7b81ff7b9f64666491","isMergeCommit":false,"messageTitle":"Update files for code coverage","messageBody":"","fileTypesAndContributionMap":{"functional-code":{"insertions":0,"deletions":1}}},{"hash":"8318751b3d95ff12ce5c6b1205b80b88642a69d1","isMergeCommit":false,"messageTitle":"Update files for code coverage","messageBody":"","fileTypesAndContributionMap":{"functional-code":{"insertions":9,"deletions":10}}},{"hash":"ba745d7054017418cb1045d803b41041bd582055","isMergeCommit":false,"messageTitle":"Update files for code coverage","messageBody":"","fileTypesAndContributionMap":{"functional-code":{"insertions":0,"deletions":1}}},{"hash":"90325efba7fecab2673755a2c53a95df673ff17d","isMergeCommit":false,"messageTitle":"Update files for code coverage","messageBody":"","fileTypesAndContributionMap":{"test-code":{"insertions":36,"deletions":1}}}]},{"date":"2024-10-13","commitResults":[{"hash":"72f93ecd2edd254335277e848d3f51dc73974eae","isMergeCommit":false,"messageTitle":"Update DuplicatePhoneTagger implementation","messageBody":"","fileTypesAndContributionMap":{"functional-code":{"insertions":8,"deletions":7}}},{"hash":"e96e03af9d92264558aab29adc40f790fa847c4d","isMergeCommit":false,"messageTitle":"Update DuplicatePhoneTagger implementation","messageBody":"","fileTypesAndContributionMap":{"functional-code":{"insertions":2,"deletions":2}}}]}],"appleshill":[{"date":"2024-09-28","commitResults":[{"hash":"25a5cad44b3018111ffbc1468adda4463494025f","isMergeCommit":false,"messageTitle":"Update AboutUs.md","messageBody":"","fileTypesAndContributionMap":{"docs":{"insertions":4,"deletions":5}}},{"hash":"1f496b73c7dc719394fdd49ac8aec0a459b94bc6","isMergeCommit":true,"messageTitle":"Merge pull request #23 from RyanWarwick/update-aboutus-ryan","messageBody":"Update AboutUs Ryan","fileTypesAndContributionMap":{}},{"hash":"4468f12f316ef082e42a805ef471be3f3b69472a","isMergeCommit":true,"messageTitle":"Merge pull request #24 from DiegoTheExplorar/update-aboutUs-arvind","messageBody":"Update about us arvind","fileTypesAndContributionMap":{}}]},{"date":"2024-09-29","commitResults":[{"hash":"03644266eb0e37308cc79107e226e6af69818d7f","isMergeCommit":false,"messageTitle":"Update DeveloperGuide.md","messageBody":"","fileTypesAndContributionMap":{"docs":{"insertions":5,"deletions":2}}},{"hash":"e3df5d3026193a39b375e2da367bedf440528e62","isMergeCommit":true,"messageTitle":"Merge pull request #33 from appleshill/update-dev-guide","messageBody":"Update the DG","fileTypesAndContributionMap":{}}]},{"date":"2024-10-05","commitResults":[{"hash":"c3e2ac87e3ce636f92aaebaccaeb63f8f6930e72","isMergeCommit":false,"messageTitle":"Modify add and edit command","messageBody":"","fileTypesAndContributionMap":{"functional-code":{"insertions":223,"deletions":31},"test-code":{"insertions":155,"deletions":30}}}]},{"date":"2024-10-06","commitResults":[{"hash":"3b146be796e2905381fd260a1e196d6f721d5503","isMergeCommit":false,"messageTitle":"Fix checkstyle issues","messageBody":"","fileTypesAndContributionMap":{"test-code":{"insertions":8,"deletions":1}}},{"hash":"15e7c2d141d106193604b19b3fc823f5ea13b16f","isMergeCommit":false,"messageTitle":"Make some test changes","messageBody":"","fileTypesAndContributionMap":{"test-code":{"insertions":47,"deletions":14}}},{"hash":"aa1eb7d4ae9ad5a317c77bcc94d2e53dd44b1ea1","isMergeCommit":false,"messageTitle":"More checkstyle fixes","messageBody":"","fileTypesAndContributionMap":{"test-code":{"insertions":11,"deletions":11}}},{"hash":"d98b5b7d3aac1748c85cbc34ce5a558d09aa6bdd","isMergeCommit":false,"messageTitle":"Remove unnecessary file for codecov reasons","messageBody":"","fileTypesAndContributionMap":{"functional-code":{"insertions":2,"deletions":15}}},{"hash":"3a05b8701bc0428c2c4e6feed1c9c3a1b8258b8b","isMergeCommit":false,"messageTitle":"Improve tests for codecov","messageBody":"","fileTypesAndContributionMap":{"functional-code":{"insertions":3,"deletions":1},"test-code":{"insertions":112,"deletions":2}}},{"hash":"2585bf310f02b3f1fc15e960943b3de6a6fb0e5e","isMergeCommit":false,"messageTitle":"Fix code to pass tests","messageBody":"","fileTypesAndContributionMap":{"test-code":{"insertions":5,"deletions":0}}},{"hash":"c4d755a1622a7db3c02b78f1af8acebb71afe2d7","isMergeCommit":false,"messageTitle":"Modify Persons to resolve tag issue","messageBody":"","fileTypesAndContributionMap":{"test-code":{"insertions":6,"deletions":0}}},{"hash":"15392b4196724c6ca15ea45adca54120ebfbb36a","isMergeCommit":true,"messageTitle":"Merge pull request #44 from DiegoTheExplorar/add-filter","messageBody":"Add filter","fileTypesAndContributionMap":{}},{"hash":"19a20c3f5dea0011313084b7846804e2d029060e","isMergeCommit":true,"messageTitle":"Merge pull request #47 from valhrd/add-duplicate-detection","messageBody":"Add Duplicate Detection","fileTypesAndContributionMap":{}},{"hash":"9c53030fa98c1f2d8b3082bd79b8c6f89cb8b5e7","isMergeCommit":true,"messageTitle":"Merge pull request #49 from valhrd/duplication-test-fix","messageBody":"Fix Testing for Duplicate Phones","fileTypesAndContributionMap":{}},{"hash":"ead8072c87e53d4d7087d51542a425061472d9e6","isMergeCommit":false,"messageTitle":"Change for default tag","messageBody":"","fileTypesAndContributionMap":{"functional-code":{"insertions":1,"deletions":1},"test-code":{"insertions":1,"deletions":1}}}]},{"date":"2024-10-12","commitResults":[{"hash":"d38c7b169eef484e27e558f2114b22e9b19bd93f","isMergeCommit":true,"messageTitle":"Merge pull request #56 from valhrd/colour-coded-duplicatePhone-tag","messageBody":"Colour code DuplicatePhone tag","fileTypesAndContributionMap":{}},{"hash":"81615b52d76a70560dd489eee1c5337b3179bcb2","isMergeCommit":false,"messageTitle":"Modify frontend to match mockup","messageBody":"","fileTypesAndContributionMap":{"functional-code":{"insertions":91,"deletions":15}}}]},{"date":"2024-10-13","commitResults":[{"hash":"7e94a6769c1732bef7d5a5c4a58b184a8a810ca7","isMergeCommit":true,"messageTitle":"Merge pull request #59 from DiegoTheExplorar/modify-filter","messageBody":"Modify filter","fileTypesAndContributionMap":{}}]}]},"authorFileTypeContributionMap":{"frymash":{"docs":5,"functional-code":96,"test-code":63},"RyanWarwick":{"docs":92,"functional-code":0,"test-code":0},"DiegoTheExplorar":{"docs":13,"functional-code":175,"test-code":180},"valhrd":{"docs":6,"functional-code":118,"test-code":135},"appleshill":{"docs":7,"functional-code":298,"test-code":326}},"authorContributionVariance":{"frymash":2314.8315,"RyanWarwick":368.6597,"DiegoTheExplorar":6404.5757,"valhrd":9339.415,"appleshill":9824.329},"authorDisplayNameMap":{"frymash":"CS2103T-W14-2 ISAA..XUAN","RyanWarwick":"CS2103T-W14-2 RYAN.. HAN","DiegoTheExplorar":"CS2103T-W14-2 ARVI..AJAN","valhrd":"CS2103T-W14-2 HAN ..NTIN","appleshill":"CS2103T-W14-2 SNOD..ETER"}}
