{"authorDailyContributionsMap":{"frymash":[{"date":"2024-09-28","commitResults":[{"hash":"08747059b5c67a980d725f0d6baceb56b8ae9b21","isMergeCommit":false,"messageTitle":"Update AboutUs Isaac","messageBody":"","fileTypesAndContributionMap":{"docs":{"insertions":5,"deletions":5}}},{"hash":"8d64f93bd36a280fe749d54e087025e5e0cf02c4","isMergeCommit":true,"messageTitle":"Merge branch \u0027AY2425S1-CS2103T-W14-2:master\u0027 into update-aboutUs-Isaac","messageBody":"","fileTypesAndContributionMap":{}},{"hash":"cd4dc08399ad41fc9de881efb1edb66d7a2f8223","isMergeCommit":true,"messageTitle":"Merge branch \u0027AY2425S1-CS2103T-W14-2:master\u0027 into update-aboutUs-isaac","messageBody":"","fileTypesAndContributionMap":{}}]}],"RyanWarwick":[{"date":"2024-09-28","commitResults":[{"hash":"938781d86bffaa7bfd22df945944ac4aac297dc2","isMergeCommit":false,"messageTitle":"Update AboutUs for Ryan","messageBody":"","fileTypesAndContributionMap":{"docs":{"insertions":5,"deletions":5}}},{"hash":"a4dcf5624e587b42f01045975b2ecadc0567517c","isMergeCommit":true,"messageTitle":"Merge pull request #22 from appleshill/update-aboutUs-eliot","messageBody":"Update AboutUs Eliot","fileTypesAndContributionMap":{}},{"hash":"cd84b5d95ee38e47e22aa0693a7cbb7d701594b9","isMergeCommit":true,"messageTitle":"Merge pull request #25 from frymash/update-aboutUs-isaac","messageBody":"Update AboutUs Isaac","fileTypesAndContributionMap":{}},{"hash":"4441167655881c0a4d84e418303796fd732e7a1b","isMergeCommit":true,"messageTitle":"Merge pull request #26 from valhrd/branch-aboutUs-valentin","messageBody":"Update AboutUs Valentin","fileTypesAndContributionMap":{}}]}],"DiegoTheExplorar":[{"date":"2024-09-28","commitResults":[{"hash":"a0ada79527c873938c0cc895d3269bb78e973c94","isMergeCommit":false,"messageTitle":"Update AboutUs Arvind","messageBody":"Added my photo, description and links\n","fileTypesAndContributionMap":{"docs":{"insertions":6,"deletions":6}}},{"hash":"ce4a29ef423f7b37ee9fb523e119c7ee279147d7","isMergeCommit":false,"messageTitle":"update-aboutUs-Arvind","messageBody":"","fileTypesAndContributionMap":{"docs":{"insertions":1,"deletions":1}}}]},{"date":"2024-09-29","commitResults":[{"hash":"9b8d99bb94b4a268e5fb36ceba09a380d566498e","isMergeCommit":true,"messageTitle":"Merge pull request #30 from valhrd/branch-update-site-wide-settings","messageBody":"Update site-wide settings","fileTypesAndContributionMap":{}},{"hash":"1cd97def711607aea16a1af372ee030f8efec3e5","isMergeCommit":true,"messageTitle":"Merge pull request #32 from valhrd/branch-update-site-wide-settings","messageBody":"Update site-wide settings","fileTypesAndContributionMap":{}}]},{"date":"2024-10-02","commitResults":[{"hash":"4711c252b9f3f1d8ed4068c1925b9de9608ef5d2","isMergeCommit":true,"messageTitle":"Merge branch \u0027master\u0027 of https://github.com/DiegoTheExplorar/tp","messageBody":"","fileTypesAndContributionMap":{}},{"hash":"b9cd78bfea16d09330cfc7ca8ba1c5d9db12d9cc","isMergeCommit":false,"messageTitle":"Update Readme Page","messageBody":"Added Java CI icon and added credits to AB3\n","fileTypesAndContributionMap":{"docs":{"insertions":7,"deletions":11}}},{"hash":"c455f248dc93dea143df6301933c98c20e1c059b","isMergeCommit":false,"messageTitle":"Update README.md","messageBody":"","fileTypesAndContributionMap":{"docs":{"insertions":1,"deletions":1}}}]}],"valhrd":[{"date":"2024-09-28","commitResults":[{"hash":"11abb89431c6d06cbbf39f18f59b294c10f2f3cf","isMergeCommit":true,"messageTitle":"Merge pull request #13 from frymash/add-isaacs-photo","messageBody":"Add Isaac\u0027s photo","fileTypesAndContributionMap":{}},{"hash":"61a82adb99728962fa839ae4e5d4575a8af97b2a","isMergeCommit":false,"messageTitle":"Update AboutUs.md","messageBody":"","fileTypesAndContributionMap":{"docs":{"insertions":5,"deletions":5}}},{"hash":"5113cd9d7fc99cedc785d328f04e6309fb4e01cf","isMergeCommit":false,"messageTitle":"Update site.json","messageBody":"","fileTypesAndContributionMap":{"docs":{"insertions":1,"deletions":1}}},{"hash":"24c8319002ecd3f9897975df00bb62c92c672d91","isMergeCommit":false,"messageTitle":"Update site.json","messageBody":"","fileTypesAndContributionMap":{"docs":{"insertions":1,"deletions":1}}}]},{"date":"2024-09-29","commitResults":[{"hash":"5da95768160f2f8cadb46d608caa37cda08b8df9","isMergeCommit":false,"messageTitle":"Update default.md","messageBody":"","fileTypesAndContributionMap":{"docs":{"insertions":1,"deletions":1}}}]},{"date":"2024-10-02","commitResults":[{"hash":"cd81423e6b75e45dd9255a6031268cc947ef8bdd","isMergeCommit":true,"messageTitle":"Merge pull request #34 from DiegoTheExplorar/update-readme-page","messageBody":"Update readme page","fileTypesAndContributionMap":{}}]}],"appleshill":[{"date":"2024-09-28","commitResults":[{"hash":"25a5cad44b3018111ffbc1468adda4463494025f","isMergeCommit":false,"messageTitle":"Update AboutUs.md","messageBody":"","fileTypesAndContributionMap":{"docs":{"insertions":4,"deletions":5}}},{"hash":"1f496b73c7dc719394fdd49ac8aec0a459b94bc6","isMergeCommit":true,"messageTitle":"Merge pull request #23 from RyanWarwick/update-aboutus-ryan","messageBody":"Update AboutUs Ryan","fileTypesAndContributionMap":{}},{"hash":"4468f12f316ef082e42a805ef471be3f3b69472a","isMergeCommit":true,"messageTitle":"Merge pull request #24 from DiegoTheExplorar/update-aboutUs-arvind","messageBody":"Update about us arvind","fileTypesAndContributionMap":{}}]},{"date":"2024-09-29","commitResults":[{"hash":"03644266eb0e37308cc79107e226e6af69818d7f","isMergeCommit":false,"messageTitle":"Update DeveloperGuide.md","messageBody":"","fileTypesAndContributionMap":{"docs":{"insertions":5,"deletions":2}}},{"hash":"e3df5d3026193a39b375e2da367bedf440528e62","isMergeCommit":true,"messageTitle":"Merge pull request #33 from appleshill/update-dev-guide","messageBody":"Update the DG","fileTypesAndContributionMap":{}}]}]},"authorFileTypeContributionMap":{"frymash":{"docs":5,"functional-code":0,"test-code":0},"RyanWarwick":{"docs":5,"functional-code":0,"test-code":0},"DiegoTheExplorar":{"docs":13,"functional-code":0,"test-code":0},"valhrd":{"docs":6,"functional-code":0,"test-code":0},"appleshill":{"docs":9,"functional-code":0,"test-code":0}},"authorContributionVariance":{"frymash":7.1005907,"RyanWarwick":7.1005907,"DiegoTheExplorar":39.005917,"valhrd":13.869822,"appleshill":8.485208},"authorDisplayNameMap":{"frymash":"CS2103T-W14-2 ISAA..XUAN","RyanWarwick":"CS2103T-W14-2 RYAN.. HAN","DiegoTheExplorar":"CS2103T-W14-2 ARVI..AJAN","valhrd":"CS2103T-W14-2 HAN ..NTIN","appleshill":"CS2103T-W14-2 SNOD..ETER"}}
