{"authorDailyContributionsMap":{"yiiilonggg":[{"date":"2024-10-01","commitResults":[{"hash":"82b9b243f013762bbda31633e9f1d13b1ea00293","isMergeCommit":false,"messageTitle":"Add about us information","messageBody":"","fileTypesAndContributionMap":{"docs":{"insertions":27,"deletions":14}}},{"hash":"c764316339f2ba7a1f32f01f2425f59b2d2f0141","isMergeCommit":false,"messageTitle":"Add minor fix","messageBody":"","fileTypesAndContributionMap":{"docs":{"insertions":1,"deletions":1}}},{"hash":"a295bca7d42e1bfc61df9e14e7d6bcddad045a71","isMergeCommit":true,"messageTitle":"Merge pull request #18 from yiiilonggg/branch-UpdateAboutUs","messageBody":"Add about us information","fileTypesAndContributionMap":{}}]},{"date":"2024-10-02","commitResults":[{"hash":"dc4f4a829b2765874e342b907868163509580621","isMergeCommit":false,"messageTitle":"Add initial glossary","messageBody":"TODO: Update glossary once other DG components are done\n","fileTypesAndContributionMap":{"docs":{"insertions":9,"deletions":0}}}]},{"date":"2024-10-03","commitResults":[{"hash":"4fe258290abfe92c23ce7cfa3e5612028b204b8c","isMergeCommit":true,"messageTitle":"Merge branch \u0027master\u0027 into branch-UpdateDevGuide","messageBody":"","fileTypesAndContributionMap":{}},{"hash":"6b36e8a1476c481aa80d09315b012a41e4ff4986","isMergeCommit":true,"messageTitle":"Merge pull request #35 from yiiilonggg/branch-UpdateDevGuide","messageBody":"Branch update dev guide","fileTypesAndContributionMap":{}}]},{"date":"2024-10-04","commitResults":[{"hash":"88957701e3c78f9885cb5d86e036bc5072a1b335","isMergeCommit":false,"messageTitle":"Update readme","messageBody":"","fileTypesAndContributionMap":{"docs":{"insertions":1,"deletions":1}}},{"hash":"db821a09e28bdeca0edf0658956bcd3dc612c7ed","isMergeCommit":true,"messageTitle":"Merge pull request #41 from yiiilonggg/branch-UpdateReadMe","messageBody":"Update readme","fileTypesAndContributionMap":{}}]},{"date":"2024-10-10","commitResults":[{"hash":"7635e5ba4f1e69524b77dc997f87da8027137bec","isMergeCommit":false,"messageTitle":"Add filter command","messageBody":"Filter command: Filters for contacts with the given tag\n\nFilter command is case-sensitive.\nIf no contact with matching tag found, displays all contacts.\n","fileTypesAndContributionMap":{"functional-code":{"insertions":103,"deletions":0}}},{"hash":"099181fd9b9b99ea1676f2642d36f17923a6a3cc","isMergeCommit":false,"messageTitle":"Add tests for filter command","messageBody":"Add more tests for execute method for filter command.\n","fileTypesAndContributionMap":{"functional-code":{"insertions":11,"deletions":8},"test-code":{"insertions":169,"deletions":0}}},{"hash":"ab7db7f0575318d8d3d31e4caeea868645655d77","isMergeCommit":true,"messageTitle":"Merge pull request #47 from yiiilonggg/branch-FilterCommand","messageBody":"Add filter command","fileTypesAndContributionMap":{}}]},{"date":"2024-10-15","commitResults":[{"hash":"f47fec73250d17aab9bf0172a2bdb86a67cc391b","isMergeCommit":true,"messageTitle":"Merge branch \u0027master\u0027 into branch-FilterCommand","messageBody":"","fileTypesAndContributionMap":{}}]},{"date":"2024-10-16","commitResults":[{"hash":"22e0ebbabb19de37d3e779b9a80ea7d3de257625","isMergeCommit":false,"messageTitle":"Add tests for execute method","messageBody":"Remove use of Optional in FilterCommand.\n","fileTypesAndContributionMap":{"functional-code":{"insertions":12,"deletions":21},"test-code":{"insertions":48,"deletions":6}}},{"hash":"f78a82c54cecf943b13518b2ec1cf17a20073450","isMergeCommit":false,"messageTitle":"Add filter command in user guide","messageBody":"","fileTypesAndContributionMap":{"docs":{"insertions":17,"deletions":0}}},{"hash":"eccd933042da4b9e3ae3f7f1153e46734d8baf25","isMergeCommit":false,"messageTitle":"Add more FilterCommandParserTest","messageBody":"","fileTypesAndContributionMap":{"test-code":{"insertions":12,"deletions":0}}},{"hash":"516470ad1dd0c23fa01e0c6371956c96189a1768","isMergeCommit":false,"messageTitle":"Remove model stub from test case","messageBody":"","fileTypesAndContributionMap":{"test-code":{"insertions":0,"deletions":101}}},{"hash":"b84cd41477e13d210c7359d5443eb04cdad3836c","isMergeCommit":false,"messageTitle":"Remove unused imports in FilterCommandTest","messageBody":"","fileTypesAndContributionMap":{"test-code":{"insertions":0,"deletions":8}}},{"hash":"79b8aab09983de66a46c4c098c347c020f1b61fe","isMergeCommit":true,"messageTitle":"Merge pull request #64 from yiiilonggg/branch-UpdateUserGuide","messageBody":"Add filter command in user guide","fileTypesAndContributionMap":{}},{"hash":"33fb5cfe95cf206b770c3fd9a4b2f2278edfbdf1","isMergeCommit":true,"messageTitle":"Merge pull request #63 from yiiilonggg/branch-FilterCommand","messageBody":"Add tests for FilterCommand","fileTypesAndContributionMap":{}}]},{"date":"2024-10-21","commitResults":[{"hash":"2d45ee74298a2d0f6a07216833b244398aa4b71d","isMergeCommit":false,"messageTitle":"Init schedule for person","messageBody":"Added schedule as a person field.\nIf date not present, treat as schedule not present.\nIf date not present, use min value of LocalDate.\nIf time not present, use midnight of LocalTime.\nUpdate sample data, json, add and edit commands.\n","fileTypesAndContributionMap":{"functional-code":{"insertions":146,"deletions":23}}},{"hash":"295550cee1cdb5e43e3d8d4c18fb6203a33ecf31","isMergeCommit":false,"messageTitle":"Init schedule ui","messageBody":"Update edit command to edit instead of using default value.\nUpdate sample data to have varied date-time combinations.\n","fileTypesAndContributionMap":{"functional-code":{"insertions":46,"deletions":9}}},{"hash":"af3acfa1e94de9caf799646500b38e723aee13d9","isMergeCommit":false,"messageTitle":"Initialise schedule command","messageBody":"For syntax of command, use sn/ sd/ st/ to deconflict with\nn/ for name and t/ for tags.\nUpdate schedule to include name of schedule.\n","fileTypesAndContributionMap":{"functional-code":{"insertions":331,"deletions":16}}},{"hash":"164a437c9d3bd86a71570eed2c6cbf2682bb85c5","isMergeCommit":false,"messageTitle":"Update tests affected by schedule","messageBody":"","fileTypesAndContributionMap":{"functional-code":{"insertions":45,"deletions":37},"test-code":{"insertions":134,"deletions":22}}},{"hash":"71b6edf47b157b26029a4143f746094f4be5021f","isMergeCommit":false,"messageTitle":"Fix checkstyle","messageBody":"","fileTypesAndContributionMap":{"functional-code":{"insertions":98,"deletions":37},"test-code":{"insertions":7,"deletions":3}}},{"hash":"0f86068b535b6837ea7c84516f18bd4db21be413","isMergeCommit":false,"messageTitle":"Add getter method for schedule","messageBody":"","fileTypesAndContributionMap":{"functional-code":{"insertions":9,"deletions":0}}}]},{"date":"2024-10-22","commitResults":[{"hash":"dfef5633c61093e0f97ffbbcf2c90732d66041c7","isMergeCommit":false,"messageTitle":"Update clear schedule logic","messageBody":"When schedule command is only provided the index, clears the schedule.\nIf schedule command is provided at least one argument, replaces those\narguments in the existing schedule, but keeps the other arguments\u0027 values.\n","fileTypesAndContributionMap":{"functional-code":{"insertions":22,"deletions":6}}},{"hash":"132603b50de24a22d5b1e4cb551bfe9f1ab9c622","isMergeCommit":false,"messageTitle":"Initialise test cases","messageBody":"","fileTypesAndContributionMap":{"functional-code":{"insertions":3,"deletions":3},"test-code":{"insertions":341,"deletions":1}}},{"hash":"82f82320e56c86e61f55e6cf39e132b3386a2543","isMergeCommit":true,"messageTitle":"Merge pull request #76 from yiiilonggg/branch-Schedule","messageBody":"","fileTypesAndContributionMap":{}},{"hash":"05a04354a8eae1a3e5033290e8131d66521e1a09","isMergeCommit":false,"messageTitle":"Add tests for schedule command parser","messageBody":"","fileTypesAndContributionMap":{"functional-code":{"insertions":6,"deletions":0},"test-code":{"insertions":153,"deletions":7}}},{"hash":"fb061bc668940f0a1825baaf80b0eac35d0ec2a6","isMergeCommit":true,"messageTitle":"Merge master into branch-Schedule","messageBody":"","fileTypesAndContributionMap":{}},{"hash":"01300640856146da7d08c7652c377767b64e1396","isMergeCommit":false,"messageTitle":"Add tests for schedule command","messageBody":"","fileTypesAndContributionMap":{"functional-code":{"insertions":8,"deletions":4},"test-code":{"insertions":127,"deletions":0}}},{"hash":"b31ca7e1fcc8239e7a449a0f5ae268e7de3e4b82","isMergeCommit":false,"messageTitle":"Fix checkstyle","messageBody":"","fileTypesAndContributionMap":{"test-code":{"insertions":26,"deletions":16}}},{"hash":"9c43c486e42cb1e8d8c0a924fcf8485871a36774","isMergeCommit":true,"messageTitle":"Merge branch \u0027master\u0027 into branch-UpdateUserGuide","messageBody":"","fileTypesAndContributionMap":{}},{"hash":"15068fe3cd5ec392d3621f788d2671e05c2b45a1","isMergeCommit":false,"messageTitle":"Update user guide for schedule command","messageBody":"Fix ui issue for missing schedule icon.\n","fileTypesAndContributionMap":{"functional-code":{"insertions":1,"deletions":0},"docs":{"insertions":23,"deletions":0}}},{"hash":"6abc6e13e36d9304728410166ae123a741dcc082","isMergeCommit":true,"messageTitle":"Merge pull request #85 from yiiilonggg/branch-UpdateUserGuide","messageBody":"Branch update user guide","fileTypesAndContributionMap":{}}]},{"date":"2024-10-23","commitResults":[{"hash":"90f844d37e712e84139957ddeac9d82a64b2cd68","isMergeCommit":false,"messageTitle":"Update gradle file for assertions","messageBody":"","fileTypesAndContributionMap":{"other":{"insertions":4,"deletions":0}}},{"hash":"0412124245ca056392fbfb7eec49fe55c6afb08c","isMergeCommit":false,"messageTitle":"Fix checkstyle","messageBody":"","fileTypesAndContributionMap":{"other":{"insertions":1,"deletions":1}}},{"hash":"47921a38f1a361da0e4be5734567e23611e5eb00","isMergeCommit":true,"messageTitle":"Merge branch \u0027master\u0027 into branch-Schedule","messageBody":"","fileTypesAndContributionMap":{}},{"hash":"111c6a36b17db5279c293eddd536f9421180c49c","isMergeCommit":false,"messageTitle":"Add use of logger in schedule","messageBody":"","fileTypesAndContributionMap":{"functional-code":{"insertions":6,"deletions":0}}},{"hash":"c00fd0207992f6950110aa2f662f34bd548bca3b","isMergeCommit":false,"messageTitle":"Fix checkstyle","messageBody":"","fileTypesAndContributionMap":{"functional-code":{"insertions":2,"deletions":2}}},{"hash":"ff3d80c58b64bf06d4ef08cb676343504e7a3d53","isMergeCommit":true,"messageTitle":"Merge pull request #86 from yiiilonggg/branch-EnableAssertions","messageBody":"Update gradle file for assertions","fileTypesAndContributionMap":{}},{"hash":"187072219e38ed584044068f65b5b35b1216d5d4","isMergeCommit":true,"messageTitle":"Merge pull request #83 from yiiilonggg/branch-Schedule","messageBody":"Test cases for Schedule Command and Item","fileTypesAndContributionMap":{}}]},{"date":"2024-10-24","commitResults":[{"hash":"4f07c39ee5a9702effc9084dff2ed7e7631f3764","isMergeCommit":true,"messageTitle":"Merge branch \u0027master\u0027 into branch-UpdateDevGuide","messageBody":"","fileTypesAndContributionMap":{}},{"hash":"489e71644dfe66e69c4a65457ae21dcdf3aae850","isMergeCommit":false,"messageTitle":"Add schedule sequence diagram","messageBody":"","fileTypesAndContributionMap":{"docs":{"insertions":87,"deletions":0}}},{"hash":"d5a5a8a0ba909ea6310d59a3fe26ccac937b1452","isMergeCommit":true,"messageTitle":"Merge pull request #94 from yiiilonggg/branch-UpdateDevGuide","messageBody":"Branch update dev guide","fileTypesAndContributionMap":{}},{"hash":"9d119feb361f089278cd4e09d44a51d79282df6c","isMergeCommit":true,"messageTitle":"Merge pull request #98 from zlch/updateDeveloperGuide-BackupCommandSequenceDiagram","messageBody":"Update Developer guide with a sequence diagram","tags":["v1.4"],"fileTypesAndContributionMap":{}}]},{"date":"2024-10-31","commitResults":[{"hash":"87c9cc0ee11722966b449fecd3e8757bb8895416","isMergeCommit":false,"messageTitle":"Fix invalid argument but no message to user","messageBody":"","fileTypesAndContributionMap":{"functional-code":{"insertions":17,"deletions":4}}},{"hash":"9d86b974ce0038a4942a241fe8061bc954d08efa","isMergeCommit":true,"messageTitle":"Merge branch \u0027master\u0027 into branch-Schedule","messageBody":"","fileTypesAndContributionMap":{}},{"hash":"5201a1aa4d07a7ffe94a65c8090127d445bf5e25","isMergeCommit":false,"messageTitle":"Add schedule command parser tests","messageBody":"","fileTypesAndContributionMap":{"test-code":{"insertions":28,"deletions":0}}},{"hash":"fa4a385b59a7f79648c5156ec72b375a0eadcad3","isMergeCommit":false,"messageTitle":"Init relaxation of add command","messageBody":"Users only need to include one of phone, email,\naddress, social media.\nNeed to update:\n1. Test cases\n2. UI\n3. User guide\n","fileTypesAndContributionMap":{"functional-code":{"insertions":109,"deletions":46}}}]},{"date":"2024-11-01","commitResults":[{"hash":"4d004c5fc17712914e6170aaf641e0f20b6ca416","isMergeCommit":true,"messageTitle":"Merge branch \u0027master\u0027 into branch-UpdateAddCommand","messageBody":"","fileTypesAndContributionMap":{}},{"hash":"2e682094e704a67e8953f6174ed5194b7944f8d4","isMergeCommit":false,"messageTitle":"Update ui for missing information","messageBody":"","fileTypesAndContributionMap":{"functional-code":{"insertions":21,"deletions":13}}}]},{"date":"2024-11-02","commitResults":[{"hash":"e9b5b45227a404d757b4164b22857ea9f087d711","isMergeCommit":false,"messageTitle":"Fix existing tests","messageBody":"","fileTypesAndContributionMap":{"test-code":{"insertions":36,"deletions":64}}},{"hash":"d277aa0e366ff1f1e82f6b22de2f35e908112d08","isMergeCommit":true,"messageTitle":"Merge branch \u0027master\u0027 into branch-UpdateAddCommand","messageBody":"","fileTypesAndContributionMap":{}},{"hash":"5404fa6ae11eda737083dded0faa2440626fcc86","isMergeCommit":false,"messageTitle":"Fix checkstyle","messageBody":"","fileTypesAndContributionMap":{"functional-code":{"insertions":25,"deletions":5},"test-code":{"insertions":0,"deletions":2}}},{"hash":"d322755190c308ee85314c2d0408940196fa7e07","isMergeCommit":false,"messageTitle":"Add test cases","messageBody":"","fileTypesAndContributionMap":{"test-code":{"insertions":17,"deletions":5}}},{"hash":"36b6b160371c18ab13e0ee5457a834921929b978","isMergeCommit":false,"messageTitle":"Fix checkstyle","messageBody":"","fileTypesAndContributionMap":{"test-code":{"insertions":6,"deletions":1}}},{"hash":"43f0d3100ef73ac6e54c5e1cdf2410014d5b019c","isMergeCommit":true,"messageTitle":"Merge pull request #128 from yiiilonggg/branch-UpdateAddCommand","messageBody":"Update add command","fileTypesAndContributionMap":{}}]},{"date":"2024-11-06","commitResults":[{"hash":"2f1cf4a98115f74804a0a90e7ab2583c2090a9f4","isMergeCommit":true,"messageTitle":"Merge branch \u0027master\u0027 into branch-UpdateUserGuide","messageBody":"","fileTypesAndContributionMap":{}},{"hash":"c12ef0295f5fcac5a24b6c54b4362c4db0fc9b61","isMergeCommit":false,"messageTitle":"Update readme and landing page","messageBody":"","fileTypesAndContributionMap":{"docs":{"insertions":10,"deletions":9}}},{"hash":"f72ce7f165b9ff0e62ba060f32eee04d81a7a51d","isMergeCommit":true,"messageTitle":"Merge pull request #139 from yiiilonggg/branch-UpdateUserGuide","messageBody":"Update ReadMe and Landing Page","fileTypesAndContributionMap":{}},{"hash":"ec388123b8592daa90ad6ac3336b2262e69d833f","isMergeCommit":true,"messageTitle":"Merge branch \u0027master\u0027 into branch-UpdateUserGuide","messageBody":"","fileTypesAndContributionMap":{}},{"hash":"026a89f433970d46659471dae21eb34a2dab4681","isMergeCommit":false,"messageTitle":"Reorder features segment","messageBody":"Update introduction to user guide.\n","fileTypesAndContributionMap":{"docs":{"insertions":82,"deletions":67}}},{"hash":"1335f381c06d1610b4b4319b3ad7ff7470c1ce29","isMergeCommit":true,"messageTitle":"Merge pull request #141 from yiiilonggg/branch-UpdateUserGuide","messageBody":"Reorder User Guide","fileTypesAndContributionMap":{}},{"hash":"0ffa4d6860a999e06d0eb610729cb74c172850f7","isMergeCommit":false,"messageTitle":"Update link to jar file","messageBody":"","fileTypesAndContributionMap":{"other":{"insertions":1,"deletions":1},"docs":{"insertions":6,"deletions":6}}},{"hash":"102d05dd530f135ed9def6ee6c78fe84b5987824","isMergeCommit":true,"messageTitle":"Merge branch \u0027master\u0027 into branch-UpdateUserGuide","messageBody":"","fileTypesAndContributionMap":{}},{"hash":"de1ad0d307285b26f81b0d06bdac4ce59477116b","isMergeCommit":false,"messageTitle":"Update format of features section","messageBody":"","fileTypesAndContributionMap":{"docs":{"insertions":205,"deletions":58}}},{"hash":"5b8d4ea6e2f2dc28e10283f563a5c14f37a76e26","isMergeCommit":true,"messageTitle":"Merge pull request #142 from yiiilonggg/branch-UpdateUserGuide","messageBody":"Update format of Features","fileTypesAndContributionMap":{}}]}],"LiuYJ2002":[{"date":"2024-10-01","commitResults":[{"hash":"700a52005f9cfc308df94985af89404f3a96caad","isMergeCommit":false,"messageTitle":"Change aboutus","messageBody":"","fileTypesAndContributionMap":{"docs":{"insertions":41,"deletions":89}}},{"hash":"f1e8498ccf97941e7567029fce75e23fe2cb563a","isMergeCommit":true,"messageTitle":"Merge branch \u0027master\u0027 into aboutus","messageBody":"","fileTypesAndContributionMap":{}},{"hash":"d70e3e643623ea5d1907a18d01979fd74725917c","isMergeCommit":false,"messageTitle":"Update AboutUs.md","messageBody":"","fileTypesAndContributionMap":{"docs":{"insertions":1,"deletions":1}}},{"hash":"488a5bd1a74e67b2306ccd735b860071e11bb553","isMergeCommit":true,"messageTitle":"Merge pull request #19 from LiuYJ2002/aboutus","messageBody":"Change aboutus","fileTypesAndContributionMap":{}}]},{"date":"2024-10-02","commitResults":[{"hash":"2b617960a2d86e3e5fc70c6f65986c4d23387036","isMergeCommit":false,"messageTitle":"Update README.md","messageBody":"","fileTypesAndContributionMap":{"docs":{"insertions":7,"deletions":7}}},{"hash":"ecad39418a4877488f2f24a11ac6cdd98bda29be","isMergeCommit":false,"messageTitle":"Update DeveloperGuide.md","messageBody":"","fileTypesAndContributionMap":{"docs":{"insertions":17,"deletions":10}}}]},{"date":"2024-10-03","commitResults":[{"hash":"4f1a4e84bfa2f0df283d3cf90b5d90568fa547f2","isMergeCommit":false,"messageTitle":"Add more user stories to DeveloperGuide.md","messageBody":"","fileTypesAndContributionMap":{"docs":{"insertions":33,"deletions":15}}},{"hash":"4c6c3de9244a2386ba26c51493b86e4cb595cf34","isMergeCommit":true,"messageTitle":"Merge pull request #31 from LiuYJ2002/update-readme","messageBody":"[ReadMe Updates] Update ReadMe content to match project","fileTypesAndContributionMap":{}},{"hash":"6e4397f9db13239d6da3c71d6422ada241a0cee3","isMergeCommit":true,"messageTitle":"Merge pull request #32 from LiuYJ2002/update-DG","messageBody":"[DG Updates] target user profile, value proposition and user stories","fileTypesAndContributionMap":{}}]},{"date":"2024-10-10","commitResults":[{"hash":"0f3e97c03fc013a101578c8f1160e2daca1139bd","isMergeCommit":false,"messageTitle":"Add sort command","messageBody":"","fileTypesAndContributionMap":{"functional-code":{"insertions":97,"deletions":0}}},{"hash":"89a435894aa61c72434d5428087d73a65e77ad76","isMergeCommit":false,"messageTitle":"Fix checkstyle errors","messageBody":"","fileTypesAndContributionMap":{"functional-code":{"insertions":4,"deletions":6}}},{"hash":"ed0d06631b2ec932d76ab4f50b6b6663b60f1497","isMergeCommit":false,"messageTitle":"Fix test classes","messageBody":"","fileTypesAndContributionMap":{"test-code":{"insertions":5,"deletions":0}}},{"hash":"f0bd5b990148cb9b61cf6613c8736b5821a97e27","isMergeCommit":false,"messageTitle":"Fix checkstyle test","messageBody":"","fileTypesAndContributionMap":{"test-code":{"insertions":1,"deletions":1}}},{"hash":"19ae0ef2ca449151d5ecb885ec35d3005a8f36d3","isMergeCommit":true,"messageTitle":"Merge branch \u0027master\u0027 into feature-sort","messageBody":"","fileTypesAndContributionMap":{}},{"hash":"7e28d482c4ac7c4a83161de2285cc04cab7c9c7f","isMergeCommit":false,"messageTitle":"Fix small bugs","messageBody":"","fileTypesAndContributionMap":{"functional-code":{"insertions":1,"deletions":1}}},{"hash":"4a428384b2f6006170f31eb96807d63ac5ae12b7","isMergeCommit":true,"messageTitle":"Resolve merge conflicts","messageBody":"","fileTypesAndContributionMap":{}},{"hash":"6a4dd1b51a59e28244b90098877e95ba632709e2","isMergeCommit":true,"messageTitle":"Resolve merge conflict","messageBody":"","fileTypesAndContributionMap":{}},{"hash":"13586217f7298a05fb71f459bcbdb6bed4cebd70","isMergeCommit":false,"messageTitle":"Fix CI","messageBody":"","fileTypesAndContributionMap":{"test-code":{"insertions":5,"deletions":0}}},{"hash":"a06a99ba001d2b863a4ca6a9481728505f7f18a4","isMergeCommit":true,"messageTitle":"Merge pull request #45 from LiuYJ2002/feature-sort","messageBody":"Add sort command","fileTypesAndContributionMap":{}}]},{"date":"2024-10-15","commitResults":[{"hash":"dbf2e4ecf6623c26fd874049c32a652b11eef158","isMergeCommit":false,"messageTitle":"Add test cases for sort feature components","messageBody":"","fileTypesAndContributionMap":{"functional-code":{"insertions":31,"deletions":6},"test-code":{"insertions":177,"deletions":0}}},{"hash":"f767b8cafecff2f136193f463b9221a25763bc84","isMergeCommit":false,"messageTitle":"Fix whitespaces","messageBody":"","fileTypesAndContributionMap":{"test-code":{"insertions":1,"deletions":2}}},{"hash":"a7942c65b6f4503f062fcb9287d80d1dd624fe41","isMergeCommit":false,"messageTitle":"Fix style errors","messageBody":"","fileTypesAndContributionMap":{"test-code":{"insertions":6,"deletions":4}}},{"hash":"43d1decc6b5a9d7fda5d2275cd4214e4cdf8fc7d","isMergeCommit":false,"messageTitle":"Fix commas","messageBody":"","fileTypesAndContributionMap":{"test-code":{"insertions":4,"deletions":4}}},{"hash":"8b9cba450e826576146388058d568b578e339bce","isMergeCommit":false,"messageTitle":"Update UG to include sort command","messageBody":"","fileTypesAndContributionMap":{"docs":{"insertions":15,"deletions":0}}}]},{"date":"2024-10-16","commitResults":[{"hash":"8e9e190ed612322ce0c0aee6f3dc34d47589aa65","isMergeCommit":true,"messageTitle":"Merge pull request #58 from LiuYJ2002/branch-sort-test","messageBody":"Add test cases for sort feature components","fileTypesAndContributionMap":{}},{"hash":"be71afa6dbe184f4845adc0265fbc3546e439ef4","isMergeCommit":true,"messageTitle":"Merge pull request #59 from LiuYJ2002/sort-feature-UG","messageBody":"Update UG to include sort command","fileTypesAndContributionMap":{}}]},{"date":"2024-10-17","commitResults":[{"hash":"3102eef69f8111773dcba5499b43d83cbc1b6aab","isMergeCommit":true,"messageTitle":"Merge branch \u0027master\u0027 into sort-feature-UG","messageBody":"","fileTypesAndContributionMap":{}},{"hash":"41aabf903b7d802787d47c395b95a9e356ad2376","isMergeCommit":false,"messageTitle":"Add images","messageBody":"","fileTypesAndContributionMap":{"docs":{"insertions":5,"deletions":0}}},{"hash":"a303dc241f1ce7ddaa5d2926ff4594a82daf5d94","isMergeCommit":true,"messageTitle":"Merge pull request #68 from LiuYJ2002/sort-feature-UG","messageBody":"Add images to \u0027sort; section of UG","tags":["1.3"],"fileTypesAndContributionMap":{}}]},{"date":"2024-10-22","commitResults":[{"hash":"e614441e36aa5c403ed7ddc60d30110bb64ab1e0","isMergeCommit":false,"messageTitle":"Extend sort command to sort by schedule","messageBody":"","fileTypesAndContributionMap":{"functional-code":{"insertions":85,"deletions":23},"test-code":{"insertions":75,"deletions":21}}},{"hash":"9c1070f57379bce8674b616216895a1024990944","isMergeCommit":false,"messageTitle":"Extend filter command to filter multiple tags","messageBody":"","fileTypesAndContributionMap":{"functional-code":{"insertions":24,"deletions":10}}},{"hash":"c462704d8609e5ee20c286b749a424cef444bdf7","isMergeCommit":false,"messageTitle":"Resolve bugs","messageBody":"","fileTypesAndContributionMap":{"functional-code":{"insertions":1,"deletions":1}}},{"hash":"91577ce1e5fee1a4ed1da8c59ea5f4620d6b6a62","isMergeCommit":false,"messageTitle":"Add test cases","messageBody":"","fileTypesAndContributionMap":{"functional-code":{"insertions":11,"deletions":7},"test-code":{"insertions":46,"deletions":11}}},{"hash":"6746ea985d6ce006e8b2618547e946a635c72c7c","isMergeCommit":false,"messageTitle":"Fix styling","messageBody":"","fileTypesAndContributionMap":{"functional-code":{"insertions":2,"deletions":3}}},{"hash":"fcab703475d427f68ab2a0c229c12d50cfa2533d","isMergeCommit":false,"messageTitle":"Refine test case","messageBody":"","fileTypesAndContributionMap":{"functional-code":{"insertions":2,"deletions":5},"test-code":{"insertions":3,"deletions":0}}},{"hash":"8b24afc9c6f71c2de0d65e216267f813e0fc1a77","isMergeCommit":true,"messageTitle":"Resolve merge conflicts","messageBody":"","fileTypesAndContributionMap":{}},{"hash":"4fd11ae6f6d3c22445b2175c10c56c346dfdb45c","isMergeCommit":false,"messageTitle":"Add test cases","messageBody":"","fileTypesAndContributionMap":{"functional-code":{"insertions":17,"deletions":11},"test-code":{"insertions":80,"deletions":50}}},{"hash":"76ffc8c8d2eb8680322f40bd0b29d618127f1f27","isMergeCommit":false,"messageTitle":"Add changes for comments in PR","messageBody":"","fileTypesAndContributionMap":{"functional-code":{"insertions":3,"deletions":2}}},{"hash":"31ccdd352e3f696b6bf56facfc087dbf0c84a2d3","isMergeCommit":true,"messageTitle":"Merge pull request #80 from LiuYJ2002/branch-filterExtend","messageBody":"Branch filter extend to accept multiple tags","fileTypesAndContributionMap":{}},{"hash":"3ac7f3ee2e88947cb2be8580809edb563b9f0e53","isMergeCommit":true,"messageTitle":"Resolve merge conflicts","messageBody":"","fileTypesAndContributionMap":{}},{"hash":"f89321a76673f418c1b94d179edfe9d38b2fc0fe","isMergeCommit":false,"messageTitle":"Fix styling","messageBody":"","fileTypesAndContributionMap":{"functional-code":{"insertions":41,"deletions":34}}},{"hash":"cedef663ab81ce6ca51c33d9cc4b6aa9bc586936","isMergeCommit":false,"messageTitle":"Fix test cases","messageBody":"","fileTypesAndContributionMap":{"test-code":{"insertions":1,"deletions":1}}},{"hash":"9a88cf83dc0d09c5b444f373b79656a84fd8e1df","isMergeCommit":false,"messageTitle":"Fix CI errors","messageBody":"","fileTypesAndContributionMap":{"test-code":{"insertions":3,"deletions":2}}}]},{"date":"2024-10-23","commitResults":[{"hash":"185a37dd7ef0c8b0791f7d79ff02bd34e5605f84","isMergeCommit":false,"messageTitle":"Add changes for PR comments","messageBody":"","fileTypesAndContributionMap":{"functional-code":{"insertions":1,"deletions":1}}},{"hash":"7ccdc198bd5a30fd49a966656b5ecebaf433d496","isMergeCommit":true,"messageTitle":"Resolve merge conflicts","messageBody":"","fileTypesAndContributionMap":{}},{"hash":"bcf34ef35f313cb44ddef519c3b2a700db686df4","isMergeCommit":true,"messageTitle":"Merge pull request #84 from LiuYJ2002/branch-sortBySchedule","messageBody":"extend sort to sort by schedule","fileTypesAndContributionMap":{}},{"hash":"8da5061ca1c2cfdbf4c4769b65495e64f2b9e24d","isMergeCommit":false,"messageTitle":"Update UG and fix small bugs in sort feature","messageBody":"","fileTypesAndContributionMap":{"functional-code":{"insertions":40,"deletions":13},"docs":{"insertions":21,"deletions":10},"test-code":{"insertions":4,"deletions":4}}},{"hash":"7f87948e1e362ab529298d78fc2156d80d5cc942","isMergeCommit":true,"messageTitle":"Merge pull request #88 from LiuYJ2002/branch-updateUgNewSortFilter","messageBody":"Update UG and fix small bugs in sort feature","fileTypesAndContributionMap":{}},{"hash":"39366d1f1b5e4a385f5875d3b4c824596b222e66","isMergeCommit":false,"messageTitle":"Add search command","messageBody":"","fileTypesAndContributionMap":{"functional-code":{"insertions":64,"deletions":0}}},{"hash":"43670725a8151880903d414ea3a96b22d313cba0","isMergeCommit":true,"messageTitle":"Merge branch \u0027master\u0027 into branch-search","messageBody":"","fileTypesAndContributionMap":{}}]},{"date":"2024-10-24","commitResults":[{"hash":"15d96cf91c672737b855ec80c1c18aaa7ded988c","isMergeCommit":false,"messageTitle":"Fix bugs","messageBody":"","fileTypesAndContributionMap":{"functional-code":{"insertions":93,"deletions":22}}},{"hash":"03412c338ca8ca6e61cce882a4c5c896b689c4bf","isMergeCommit":false,"messageTitle":"Change images in UG","messageBody":"","fileTypesAndContributionMap":{"docs":{"insertions":2,"deletions":2}}},{"hash":"53ab55e08afea516d943b69ab405d0a3f7149942","isMergeCommit":true,"messageTitle":"Merge pull request #89 from LiuYJ2002/branch-updateUgNewSortFilter","messageBody":"Change images in UG","fileTypesAndContributionMap":{}},{"hash":"31747e052c0b80e110976ef04ae84d59b00ef10a","isMergeCommit":false,"messageTitle":"Fix date time parse bugs","messageBody":"","fileTypesAndContributionMap":{"functional-code":{"insertions":1,"deletions":1}}},{"hash":"3616611923580cd2e7ebd5ef80d9176ceba94d79","isMergeCommit":false,"messageTitle":"Update sortsequencediagram in DG","messageBody":"","fileTypesAndContributionMap":{"docs":{"insertions":76,"deletions":0}}},{"hash":"ed567c3bb7a5f514bedcb09e471f3a5bcce14f35","isMergeCommit":true,"messageTitle":"Merge pull request #96 from LiuYJ2002/branch-UpdateDg","messageBody":"Update sortsequencediagram in DG","fileTypesAndContributionMap":{}}]},{"date":"2024-10-27","commitResults":[{"hash":"0f4408c5d07accd3052fc0a3b3058f07767142cd","isMergeCommit":false,"messageTitle":"Add test cases","messageBody":"","fileTypesAndContributionMap":{"functional-code":{"insertions":14,"deletions":9},"test-code":{"insertions":176,"deletions":0}}},{"hash":"bae5692f00e62be86b60e894504bfc3693272148","isMergeCommit":false,"messageTitle":"Fix checkstyle errors","messageBody":"","fileTypesAndContributionMap":{"functional-code":{"insertions":53,"deletions":16}}},{"hash":"66524743e749742a8a64b1cf64c8a17ca5bd71b1","isMergeCommit":false,"messageTitle":"Fix CI errors","messageBody":"","fileTypesAndContributionMap":{"test-code":{"insertions":16,"deletions":11}}},{"hash":"a5943b3bf3b22c6f234b4c61139c318a99113aea","isMergeCommit":false,"messageTitle":"Fix styling in tests","messageBody":"","fileTypesAndContributionMap":{"test-code":{"insertions":10,"deletions":10}}},{"hash":"71b7a066f6c2be7b3d0af8f76e3e132762a196f0","isMergeCommit":false,"messageTitle":"Add more test cases","messageBody":"","fileTypesAndContributionMap":{"test-code":{"insertions":20,"deletions":0}}},{"hash":"dfb6bd26d93e55a5404bed59d6a7c936f3131544","isMergeCommit":false,"messageTitle":"Fix styling in test case","messageBody":"","fileTypesAndContributionMap":{"test-code":{"insertions":2,"deletions":1}}}]},{"date":"2024-10-30","commitResults":[{"hash":"c6fdea2b3df54f95cede1eb769de87a4d7fdd721","isMergeCommit":true,"messageTitle":"Merge pull request #100 from LiuYJ2002/branch-search","messageBody":"Branch search","fileTypesAndContributionMap":{}}]},{"date":"2024-10-31","commitResults":[{"hash":"75babaa4ac5098e0c2641af700ec5b3ebbfe6d57","isMergeCommit":false,"messageTitle":"Update UG to include search command","messageBody":"","fileTypesAndContributionMap":{"functional-code":{"insertions":6,"deletions":6},"docs":{"insertions":21,"deletions":0}}},{"hash":"af65d3ce7dc0791928ae2702e7f0b839ac59d1c0","isMergeCommit":true,"messageTitle":"Merge pull request #117 from yiiilonggg/branch-Schedule","messageBody":"Update schedule command","fileTypesAndContributionMap":{}},{"hash":"af4c1f79bbc09972dccf7ab01a82af6260ff7d2d","isMergeCommit":false,"messageTitle":"Fix alpha bugs","messageBody":"","fileTypesAndContributionMap":{"functional-code":{"insertions":18,"deletions":9},"docs":{"insertions":7,"deletions":2}}},{"hash":"0d5ac652a90406038d23fd618b0eb2631ae9d971","isMergeCommit":false,"messageTitle":"Fix CI errors","messageBody":"","fileTypesAndContributionMap":{"functional-code":{"insertions":1,"deletions":1}}}]},{"date":"2024-11-01","commitResults":[{"hash":"396dcf9fa8063eb7282b6686f1f79a119cf18653","isMergeCommit":true,"messageTitle":"Merge pull request #123 from LiuYJ2002/branch-alphabugs","messageBody":"Fix alpha bugs","fileTypesAndContributionMap":{}},{"hash":"86da63b9854cbade65f9eabc9c8513594c334cee","isMergeCommit":false,"messageTitle":"Fix more alpha bugs","messageBody":"","fileTypesAndContributionMap":{"functional-code":{"insertions":10,"deletions":4},"test-code":{"insertions":102,"deletions":62}}},{"hash":"6934c59c7001ce28d1ad5b81db07bc67af7d4c23","isMergeCommit":false,"messageTitle":"Fix CI","messageBody":"","fileTypesAndContributionMap":{"functional-code":{"insertions":0,"deletions":1}}},{"hash":"ceb86de749d43b4b2d8bba57d57c5016776d6291","isMergeCommit":false,"messageTitle":"Fix styling","messageBody":"","fileTypesAndContributionMap":{"test-code":{"insertions":2,"deletions":3}}}]},{"date":"2024-11-02","commitResults":[{"hash":"28c71ff5749081e3b2de89c86057e4316da8532e","isMergeCommit":true,"messageTitle":"Merge pull request #125 from LiuYJ2002/branch-alphabugs","messageBody":"Fix more alpha bugs","fileTypesAndContributionMap":{}},{"hash":"87e6f8ce03817ddb6cfab49818f0749eac985197","isMergeCommit":true,"messageTitle":"Merge pull request #113 from LiuYJ2002/branch-updateUgSearchCommand","messageBody":"Update UG to include search command","fileTypesAndContributionMap":{}}]},{"date":"2024-11-03","commitResults":[{"hash":"0ec262de766b90c0d37407335bbdb3b2291412dc","isMergeCommit":true,"messageTitle":"Merge branch \u0027master\u0027 into branch-alphabugs","messageBody":"","fileTypesAndContributionMap":{}}]},{"date":"2024-11-04","commitResults":[{"hash":"4ad9a9a2966988be9fc3be8ed4bd22ab09ab5057","isMergeCommit":false,"messageTitle":"Fix search error message","messageBody":"","fileTypesAndContributionMap":{"functional-code":{"insertions":5,"deletions":3},"docs":{"insertions":3,"deletions":2}}},{"hash":"b624d5abd965cb2f01e209375e4fef6008cfec82","isMergeCommit":false,"messageTitle":"Fix CI","messageBody":"","fileTypesAndContributionMap":{"functional-code":{"insertions":2,"deletions":1}}},{"hash":"3605d992144624cbd52321274cb2cbf4cb8d35f0","isMergeCommit":true,"messageTitle":"Merge branch \u0027master\u0027 into branch-alphabugs","messageBody":"","fileTypesAndContributionMap":{}}]},{"date":"2024-11-05","commitResults":[{"hash":"228ce59bcb53033d03ce336800eb59a8e9d7ff55","isMergeCommit":false,"messageTitle":"Add max lengths condition","messageBody":"","fileTypesAndContributionMap":{"functional-code":{"insertions":14,"deletions":6},"test-code":{"insertions":32,"deletions":0}}},{"hash":"81135f1ed994cf136b1db0979433eabdae854510","isMergeCommit":false,"messageTitle":"Fix CI","messageBody":"","fileTypesAndContributionMap":{"functional-code":{"insertions":2,"deletions":2}}},{"hash":"be48a0c2c45f20f6ae8226f2b6923bca6c087539","isMergeCommit":false,"messageTitle":"Fix styling","messageBody":"","fileTypesAndContributionMap":{"test-code":{"insertions":9,"deletions":7}}},{"hash":"3732782afd9efc04d9d50e02f88b9ee0e08f1cf7","isMergeCommit":false,"messageTitle":"Resolve CI","messageBody":"","fileTypesAndContributionMap":{"test-code":{"insertions":1,"deletions":1}}},{"hash":"e573b83b636c0cc9fff2c9ea7cddc57bb70b1140","isMergeCommit":false,"messageTitle":"Fix test cases","messageBody":"","fileTypesAndContributionMap":{"test-code":{"insertions":3,"deletions":0}}},{"hash":"da667b87376f3bce0388db89130ccb61e4fbde93","isMergeCommit":false,"messageTitle":"Refine test cases","messageBody":"","fileTypesAndContributionMap":{"functional-code":{"insertions":6,"deletions":7},"test-code":{"insertions":14,"deletions":0}}},{"hash":"7abedc2173c37a01ef369423b3e733514100bd62","isMergeCommit":false,"messageTitle":"Fix CI","messageBody":"","fileTypesAndContributionMap":{"test-code":{"insertions":5,"deletions":3}}},{"hash":"44f108fc7a42f30a457ddef371028a92f6bd1e1e","isMergeCommit":false,"messageTitle":"Add handling for Max Int","messageBody":"","fileTypesAndContributionMap":{"functional-code":{"insertions":39,"deletions":6}}},{"hash":"59c2be8db0c543247b38b0ac22b4e9ee5a98d846","isMergeCommit":false,"messageTitle":"Fix bugs for test cases","messageBody":"","fileTypesAndContributionMap":{"functional-code":{"insertions":7,"deletions":3}}},{"hash":"40cdca6397e450cc4bb350326c90a82a312b365d","isMergeCommit":false,"messageTitle":"Add test cases","messageBody":"","fileTypesAndContributionMap":{"test-code":{"insertions":16,"deletions":0}}}]},{"date":"2024-11-06","commitResults":[{"hash":"7eb5a625c3dc71b7c8589656b2f875f4a9babfa7","isMergeCommit":true,"messageTitle":"Merge pull request #134 from LiuYJ2002/branch-alphabugs","messageBody":"Branch alphabugs","fileTypesAndContributionMap":{}}]}],"jiaaaaen":[{"date":"2024-10-01","commitResults":[{"hash":"69917b9a9570270dfbc547842c321f2ff44ee129","isMergeCommit":false,"messageTitle":"Edit about us","messageBody":"","fileTypesAndContributionMap":{"docs":{"insertions":49,"deletions":2}}},{"hash":"3c5d3b7f48c2e32cb582f7f1913bf5e86db2bccc","isMergeCommit":true,"messageTitle":"Merge pull request #15 from jiaaaaen/edit-aboutus","messageBody":"Edit about us","fileTypesAndContributionMap":{}}]},{"date":"2024-10-03","commitResults":[{"hash":"edfc85370fca1fa938514439a19cf2b69654f341","isMergeCommit":true,"messageTitle":"Merge branch \u0027master\u0027 of https://github.com/jiaaaaen/tp","messageBody":"* \u0027master\u0027 of https://github.com/jiaaaaen/tp:\n  Update README.md\n  Add more user stories to DeveloperGuide.md\n  Update DeveloperGuide.md\n  Update README.md\n  Update ui\n  Add initial glossary\n  Update AboutUs.md\n  Add minor fix\n  Change aboutus\n  Change AboutUs\n  Add about us information\n  Edit about us\n","fileTypesAndContributionMap":{}},{"hash":"5ddf0f9cc3e7b0c70497da803161a114b6ab9f83","isMergeCommit":false,"messageTitle":"Add use cases","messageBody":"","fileTypesAndContributionMap":{"docs":{"insertions":53,"deletions":4}}},{"hash":"e6a2c53c89a0549d014a8a6924146abc52056460","isMergeCommit":false,"messageTitle":"Update README.md","messageBody":"","fileTypesAndContributionMap":{"docs":{"insertions":1,"deletions":1}}},{"hash":"934d7b34165d03fcd59b19d60b7ff1c3b79059c5","isMergeCommit":false,"messageTitle":"Update README.md","messageBody":"","fileTypesAndContributionMap":{"docs":{"insertions":1,"deletions":1}}},{"hash":"ce18d951446c16ca806bb789336903f1d483fd0f","isMergeCommit":true,"messageTitle":"Merge pull request #36 from jiaaaaen/use-cases","messageBody":"Use cases","fileTypesAndContributionMap":{}},{"hash":"19c0872033b442c9c123411a755c8703959e435f","isMergeCommit":true,"messageTitle":"Merge pull request #37 from jiaaaaen/master","messageBody":"Update the link of the GitHub Actions build status badge","fileTypesAndContributionMap":{}}]},{"date":"2024-10-09","commitResults":[{"hash":"a6344674e01e9f6d4ac662e046515eb047067320","isMergeCommit":true,"messageTitle":"Merge branch \u0027master\u0027 of https://github.com/jiaaaaen/tp","messageBody":"* \u0027master\u0027 of https://github.com/jiaaaaen/tp:\n  Update readme\n  Further update site wide settings\n  Update non-functional requirements in developer guide\n  Update README.md\n  Update README.md\n  Add use cases\n  Update site wide settings\n","fileTypesAndContributionMap":{}}]},{"date":"2024-10-10","commitResults":[{"hash":"61caef3ea0d0ac435eb7fb87f54244eeec1f38c0","isMergeCommit":false,"messageTitle":"create rename tag command class","messageBody":"","fileTypesAndContributionMap":{"functional-code":{"insertions":35,"deletions":1}}},{"hash":"6df3da0709d4f4fe93e2643fab0d70202323bede","isMergeCommit":false,"messageTitle":"fix checkStyle","messageBody":"","fileTypesAndContributionMap":{"functional-code":{"insertions":11,"deletions":5}}},{"hash":"0b0859e6f9bbb3e450db753d91c536fe13ba8ba1","isMergeCommit":true,"messageTitle":"Merge branch \u0027AY2425S1-CS2103T-W12-1:master\u0027 into master","messageBody":"","fileTypesAndContributionMap":{}},{"hash":"565201dbfdbfd5419d34ee60d86c9e992a1eaf8c","isMergeCommit":true,"messageTitle":"Merge commit \u00270b0859e6f9bbb3e450db753d91c536fe13ba8ba1\u0027 into rename-tags-command","messageBody":"* commit \u00270b0859e6f9bbb3e450db753d91c536fe13ba8ba1\u0027:\n  Add tests for filter command\n  Add filter command\n","fileTypesAndContributionMap":{}},{"hash":"1e006146361a4d7fa6242b69c59d3fbb9f1d62d5","isMergeCommit":false,"messageTitle":"fix conflict","messageBody":"","fileTypesAndContributionMap":{"functional-code":{"insertions":1,"deletions":1}}},{"hash":"857afb6e6c6cb9d32793de428c0465a9b39098f3","isMergeCommit":false,"messageTitle":"fix tag name access stuff","messageBody":"","fileTypesAndContributionMap":{"test-code":{"insertions":2,"deletions":2}}},{"hash":"68afeb1e0a3083120f6dae31039a76665f888d0c","isMergeCommit":true,"messageTitle":"Merge pull request #50 from jiaaaaen/rename-tags-command","messageBody":"Rename tags command","fileTypesAndContributionMap":{}}]},{"date":"2024-10-14","commitResults":[{"hash":"c417c18c7ce09d65ebfa9e5a1c1c692be303dfa4","isMergeCommit":true,"messageTitle":"Merge branch \u0027master\u0027 into rename-tags-command","messageBody":"* master:\n  Fix trailing white space\n  Fix style errors\n  Change filter test\n  Change line seperator\n  Fix CI\n  Fix checkstyle errors in restore command\n  Fix small bugs\n  Add restore command that undoes delete command\n  Fix checkstyle test\n  Fix test classes\n  Fix checkstyle errors\n  Add sort command\n","fileTypesAndContributionMap":{}}]},{"date":"2024-10-15","commitResults":[{"hash":"c44d6ffb6b6d5ae64e4677604fdaa70126aea2c3","isMergeCommit":false,"messageTitle":"implement renameTag command","messageBody":"","fileTypesAndContributionMap":{"functional-code":{"insertions":81,"deletions":2}}},{"hash":"78929cdb0cbfb0f4639f041473ba5f92831ce7c8","isMergeCommit":false,"messageTitle":"fix checkstyle","messageBody":"","fileTypesAndContributionMap":{"functional-code":{"insertions":8,"deletions":7}}}]},{"date":"2024-10-16","commitResults":[{"hash":"d19c90c598730bdf3989ee682684653b0c26ab81","isMergeCommit":false,"messageTitle":"add rename tag command tests","messageBody":"","fileTypesAndContributionMap":{"functional-code":{"insertions":24,"deletions":1},"test-code":{"insertions":125,"deletions":0}}},{"hash":"bc6fbbd8c461f276bcc5f6e40c57772a51dee1b4","isMergeCommit":false,"messageTitle":"Revert \"add rename tag command tests\"","messageBody":"This reverts commit d19c90c598730bdf3989ee682684653b0c26ab81.\n","fileTypesAndContributionMap":{"functional-code":{"insertions":1,"deletions":24},"test-code":{"insertions":0,"deletions":125}}},{"hash":"a6755122ba5d4e1671066f0d1c14585af82dd33f","isMergeCommit":false,"messageTitle":"add rename tag command tests","messageBody":"","fileTypesAndContributionMap":{"functional-code":{"insertions":22,"deletions":1},"test-code":{"insertions":130,"deletions":0}}},{"hash":"20d0c7c5efc4afdfd21a7f4ce2580c8e3885a4f8","isMergeCommit":false,"messageTitle":"update UG","messageBody":"","fileTypesAndContributionMap":{"docs":{"insertions":13,"deletions":0},"test-code":{"insertions":8,"deletions":4}}},{"hash":"13b8939a74fc2ac74a8fa30d206c4ff9574c8f0d","isMergeCommit":false,"messageTitle":"fix test and checkstyle","messageBody":"","fileTypesAndContributionMap":{"test-code":{"insertions":9,"deletions":14}}},{"hash":"80c66909675bc95c34c417ef0e033119cebf82ad","isMergeCommit":false,"messageTitle":"add rename tag to adressbook parser test","messageBody":"","fileTypesAndContributionMap":{"test-code":{"insertions":11,"deletions":0}}},{"hash":"4f7dce492872d3c761733e1fa71d7a0cd2870954","isMergeCommit":true,"messageTitle":"resolve merge conflicts","messageBody":"","fileTypesAndContributionMap":{}},{"hash":"a9743ac326bde89a3a42ffae2a26c073be7a7a65","isMergeCommit":false,"messageTitle":"change rename tag command stuff","messageBody":"","fileTypesAndContributionMap":{"functional-code":{"insertions":14,"deletions":3},"test-code":{"insertions":7,"deletions":0}}},{"hash":"6f6eaeb4bc99f02a4cb70ce46e8a2e723bb2ad55","isMergeCommit":false,"messageTitle":"fix checkstyle","messageBody":"","fileTypesAndContributionMap":{"functional-code":{"insertions":0,"deletions":3}}},{"hash":"0d5c17df48e89788c6ae91a1536f128ab23157cd","isMergeCommit":false,"messageTitle":"amend UG","messageBody":"","fileTypesAndContributionMap":{"docs":{"insertions":5,"deletions":2},"test-code":{"insertions":11,"deletions":0}}},{"hash":"1dd07c44886d3696f291db5e9e4a54fbac066dc4","isMergeCommit":false,"messageTitle":"fix checkstyle","messageBody":"","fileTypesAndContributionMap":{"test-code":{"insertions":1,"deletions":1}}},{"hash":"ade6a8af954e788a40fe70c4be07870dde46edbd","isMergeCommit":true,"messageTitle":"Merge branch \u0027master\u0027 into rename-tags-command","messageBody":"* master:\n  Fix checkstyle error\n  Fix import order again\n  Fix package order\n  Fix line seperators again\n  Fix line seperator\n  Add tests for restoreCommand\n","fileTypesAndContributionMap":{}},{"hash":"a76d8099384a652d8319f7696b006865a315a3e6","isMergeCommit":false,"messageTitle":"fix rename tag stuff","messageBody":"","fileTypesAndContributionMap":{"functional-code":{"insertions":1,"deletions":3},"test-code":{"insertions":23,"deletions":1}}},{"hash":"cd0c4f4387c90ed0ac9492321ca180f2fca21d39","isMergeCommit":true,"messageTitle":"Merge pull request #65 from jiaaaaen/rename-tags-command","messageBody":"Rename tags command + update UG","fileTypesAndContributionMap":{}}]},{"date":"2024-10-20","commitResults":[{"hash":"d385c7805de1aae18b5cb751353bf2c8be357571","isMergeCommit":false,"messageTitle":"Add social media command","messageBody":"","fileTypesAndContributionMap":{"functional-code":{"insertions":253,"deletions":5}}}]},{"date":"2024-10-21","commitResults":[{"hash":"bf7fc53cf5d33e78d60a558322d8ecc11dbb95b7","isMergeCommit":false,"messageTitle":"Finish social media command","messageBody":"","fileTypesAndContributionMap":{"functional-code":{"insertions":51,"deletions":10}}},{"hash":"a2e73d21d48e450e0c8e5dd958129fe2fd4c4c48","isMergeCommit":false,"messageTitle":"Edit command result messages","messageBody":"","fileTypesAndContributionMap":{"functional-code":{"insertions":37,"deletions":32}}}]},{"date":"2024-10-22","commitResults":[{"hash":"1066c564b6272e5d4b899b9c49b59e0bd7f938fa","isMergeCommit":false,"messageTitle":"Update tests to work","messageBody":"","fileTypesAndContributionMap":{"functional-code":{"insertions":5,"deletions":0},"test-code":{"insertions":192,"deletions":11}}},{"hash":"77177284abcf04a03f7406fc57ce87a5c8e9102d","isMergeCommit":false,"messageTitle":"Add social media command tests","messageBody":"","fileTypesAndContributionMap":{"functional-code":{"insertions":1,"deletions":1},"test-code":{"insertions":74,"deletions":0}}},{"hash":"118412e680ef311347e65a1993bd5faf3c09012b","isMergeCommit":false,"messageTitle":"Add more tests","messageBody":"","fileTypesAndContributionMap":{"functional-code":{"insertions":3,"deletions":11},"test-code":{"insertions":11,"deletions":0}}},{"hash":"ea82f039ca90ebdea2db45134f2dd6ca78019b5f","isMergeCommit":false,"messageTitle":"Fix checkstyle","messageBody":"","fileTypesAndContributionMap":{"test-code":{"insertions":1,"deletions":1}}},{"hash":"c38e9b2d082fdaaa0e1eead900a392e7846d8a23","isMergeCommit":true,"messageTitle":"Resolve merge conflicts","messageBody":"","fileTypesAndContributionMap":{}},{"hash":"3d4cfe1e32a5c9bde395181d8e7399cdb5cbea13","isMergeCommit":false,"messageTitle":"Fix trailing whitespace","messageBody":"","fileTypesAndContributionMap":{"functional-code":{"insertions":0,"deletions":1},"docs":{"insertions":15,"deletions":15}}},{"hash":"19f3f03f7657caccdabc98a8c985c08de51fa5de","isMergeCommit":false,"messageTitle":"Fix trailing whitespace","messageBody":"","fileTypesAndContributionMap":{"functional-code":{"insertions":0,"deletions":1}}},{"hash":"d66242b35eb426a9128931986f278beebf7f7711","isMergeCommit":false,"messageTitle":"Fix checkstyle","messageBody":"","fileTypesAndContributionMap":{"functional-code":{"insertions":2,"deletions":2},"test-code":{"insertions":2,"deletions":2}}},{"hash":"1f81be872b3f2f7e24a7133c40169e0440386af8","isMergeCommit":true,"messageTitle":"Merge pull request #79 from jiaaaaen/Social-media-handle","messageBody":"Social media handle","fileTypesAndContributionMap":{}},{"hash":"b1382a84b8d58e31af5dbc1ddb8be2351e7317cd","isMergeCommit":true,"messageTitle":"Merge branch \u0027master\u0027 into Social-media-handle","messageBody":"* master:\n  Fix trailing white space in AddressBookParser\n  Improve code coverage\n  Fix checkstyle problems in BackupCommand and BackupCommandTest\n  Fix BackupCommandTest data\n  Fix line seperator issue\n  Edit tests to accomodate changes after adding backup command\n  Add test for backup command\n  Allow users to change backup file location similar to storage location\n  Add command to backup current storage file\n","fileTypesAndContributionMap":{}},{"hash":"a439d8676e49ab9c64c5bd85f4423d1c83cf259c","isMergeCommit":false,"messageTitle":"Add more tests","messageBody":"","fileTypesAndContributionMap":{"functional-code":{"insertions":4,"deletions":3},"test-code":{"insertions":60,"deletions":3}}},{"hash":"ad2372962305164e60d5cdbd990c6ecf3c70b8a4","isMergeCommit":false,"messageTitle":"Fix tests","messageBody":"","fileTypesAndContributionMap":{"functional-code":{"insertions":1,"deletions":1},"test-code":{"insertions":2,"deletions":1}}},{"hash":"ff85a3be7874474a351319bc4b0c151e51401595","isMergeCommit":false,"messageTitle":"Fix and add tests","messageBody":"","fileTypesAndContributionMap":{"functional-code":{"insertions":20,"deletions":12},"test-code":{"insertions":24,"deletions":3}}},{"hash":"261c8c705fd9962789bf255dd3ab0a2495b1a48f","isMergeCommit":true,"messageTitle":"Merge branch \u0027master\u0027 into Social-media-handle","messageBody":"* master:\n  Add changes for comments in PR\n  Update user guide for schedule command\n  Refine test case\n  Fix styling\n  Add test cases\n  Resolve bugs\n  Extend filter command to filter multiple tags\n","fileTypesAndContributionMap":{}},{"hash":"9abef523ca813d7f6c63fdac9675b770a082de25","isMergeCommit":false,"messageTitle":"Add tests","messageBody":"","fileTypesAndContributionMap":{"test-code":{"insertions":17,"deletions":1}}},{"hash":"bd6a5aa57982b03f14bf63d7a44e7adc7774db07","isMergeCommit":false,"messageTitle":"Fix checkstyle","messageBody":"","fileTypesAndContributionMap":{"test-code":{"insertions":2,"deletions":2}}}]},{"date":"2024-10-23","commitResults":[{"hash":"c124fb31787890cea711c97c08de5b2c4083635a","isMergeCommit":false,"messageTitle":"Update UG and delete comment","messageBody":"","fileTypesAndContributionMap":{"docs":{"insertions":20,"deletions":6},"test-code":{"insertions":0,"deletions":18}}},{"hash":"639bbf551304dfc5998f3ef98dee4c7293717ceb","isMergeCommit":true,"messageTitle":"Merge pull request #82 from jiaaaaen/Social-media-handle","messageBody":"Social media handle tests","fileTypesAndContributionMap":{}},{"hash":"3916e134c2868439b331bb5c9856ca3339fbafeb","isMergeCommit":true,"messageTitle":"Merge branch \u0027master\u0027 into Social-media-handle","messageBody":"* master:\n  Update UG and fix small bugs in sort feature\n  Add changes for PR comments\n  Fix checkstyle\n  Add use of logger in schedule\n  Fix checkstyle\n  Update gradle file for assertions\n  Fix CI errors\n  Fix test cases\n  Fix styling\n  Add test cases\n  Fix checkstyle\n  Add tests for schedule command\n  Add tests for schedule command parser\n  Extend sort command to sort by schedule\n","fileTypesAndContributionMap":{}}]},{"date":"2024-10-24","commitResults":[{"hash":"da13a5d5f9f25575956f594db6385e8cf42598c4","isMergeCommit":false,"messageTitle":"Update DG and add diagram","messageBody":"","fileTypesAndContributionMap":{"docs":{"insertions":115,"deletions":0}}},{"hash":"43972ee8d095de01ed685c7e40ee22e88d027be0","isMergeCommit":true,"messageTitle":"Merge pull request #93 from jiaaaaen/Social-media-handle","messageBody":"Social media handle","fileTypesAndContributionMap":{}}]},{"date":"2024-10-31","commitResults":[{"hash":"210d142345af8eda8dbc784bf6ab736dccf37119","isMergeCommit":true,"messageTitle":"Merge branch \u0027master\u0027 into Social-media-handle","messageBody":"* master:\n  Add schedule command parser tests\n  Fix invalid argument but no message to user\n  Fix styling in test case\n  Add more test cases\n  Fix styling in tests\n  Fix CI errors\n  Fix checkstyle errors\n  Add test cases\n  Update Developer guide with a sequence diagram\n  Update sortsequencediagram in DG\n  Add schedule sequence diagram\n  Fix date time parse bugs\n  Add userGuide for backupCommand\n  Change images in UG\n  Fix bugs\n  Add search command\n","fileTypesAndContributionMap":{}}]},{"date":"2024-11-01","commitResults":[{"hash":"e9bc54bead180844fabd2f256d95363221d415c5","isMergeCommit":false,"messageTitle":"Include special characters and length limit for social media","messageBody":"","fileTypesAndContributionMap":{"functional-code":{"insertions":8,"deletions":2},"docs":{"insertions":2,"deletions":0}}}]},{"date":"2024-11-02","commitResults":[{"hash":"8c6d62c59a4e6e3a320092e2f2c7e492dff902e9","isMergeCommit":true,"messageTitle":"Merge pull request #124 from jiaaaaen/Social-media-handle","messageBody":"Accept special characters and length limit for social media","fileTypesAndContributionMap":{}},{"hash":"d44e905e3e07d20c258607d53b2c9059b817c22e","isMergeCommit":true,"messageTitle":"Merge branch \u0027master\u0027 into rename-tags-command","messageBody":"* master: (78 commits)\n  Include special characters and length limit for social media\n  Fix CI errors\n  Fix alpha bugs\n  Add schedule command parser tests\n  Fix invalid argument but no message to user\n  Fix styling in test case\n  Add more test cases\n  Fix styling in tests\n  Fix CI errors\n  Fix checkstyle errors\n  Add test cases\n  Update Developer guide with a sequence diagram\n  Update sortsequencediagram in DG\n  Add schedule sequence diagram\n  Update DG and add diagram\n  Fix date time parse bugs\n  Add userGuide for backupCommand\n  Change images in UG\n  Fix bugs\n  Add search command\n  ...\n","fileTypesAndContributionMap":{}},{"hash":"ce1a0cdd5cc6408f3df58d12ef7e2d2891621374","isMergeCommit":false,"messageTitle":"Fix rename tag to detect more invalid formats and correct UG","messageBody":"","fileTypesAndContributionMap":{"functional-code":{"insertions":26,"deletions":0},"docs":{"insertions":1,"deletions":1}}},{"hash":"6ef69a0bfd332fecfe8e99c7d340c4373578e44c","isMergeCommit":false,"messageTitle":"Add more tests","messageBody":"","fileTypesAndContributionMap":{"test-code":{"insertions":75,"deletions":3}}},{"hash":"0685ce6ff9b5913968aa1890df00afddb4469204","isMergeCommit":false,"messageTitle":"Add test","messageBody":"","fileTypesAndContributionMap":{"test-code":{"insertions":11,"deletions":15}}}]},{"date":"2024-11-03","commitResults":[{"hash":"841e209636b2eff8273b2c7db9fc2d56d556d3d5","isMergeCommit":true,"messageTitle":"Merge branch \u0027master\u0027 into rename-tags-command","messageBody":"* master:\n  Fix checkstyle\n  Add test cases\n  Fix checkstyle\n  Fix existing tests\n  Fix styling\n  Fix CI\n  Fix more alpha bugs\n  Update ui for missing information\n  Init relaxation of add command\n  Update UG to include search command\n","fileTypesAndContributionMap":{}},{"hash":"7d31a2e2f8cbe3dbd6496c2e4754e9f0ba882a14","isMergeCommit":false,"messageTitle":"Fix test","messageBody":"","fileTypesAndContributionMap":{"test-code":{"insertions":8,"deletions":7}}},{"hash":"b5420db489970e3053f44a6b03ab8c2ca00b48bd","isMergeCommit":false,"messageTitle":"Update UG and Add duplicate message","messageBody":"","fileTypesAndContributionMap":{"functional-code":{"insertions":8,"deletions":0},"docs":{"insertions":1,"deletions":0}}},{"hash":"f731f5d4ba5fe44eef7b65282bb5228758f95090","isMergeCommit":false,"messageTitle":"Fix test","messageBody":"","fileTypesAndContributionMap":{"test-code":{"insertions":4,"deletions":2}}},{"hash":"e894e62bc7ae083aeff67c47853b783157b139dd","isMergeCommit":false,"messageTitle":"Edit ug","messageBody":"","fileTypesAndContributionMap":{"docs":{"insertions":1,"deletions":1}}}]},{"date":"2024-11-04","commitResults":[{"hash":"e2bb523b36c60a0bee4ec13fff6a4e45fc38c984","isMergeCommit":true,"messageTitle":"Merge pull request #126 from jiaaaaen/rename-tags-command","messageBody":"Add renameTag format error messages and correct UG","fileTypesAndContributionMap":{}}]}],"zlch":[{"date":"2024-10-01","commitResults":[{"hash":"ae148d5dfabf5483a744c43836ecd9abb49a1663","isMergeCommit":false,"messageTitle":"Change AboutUs","messageBody":"","fileTypesAndContributionMap":{"docs":{"insertions":32,"deletions":50}}},{"hash":"5a526773c115d116ca1b0ddc8d9c76974314306a","isMergeCommit":true,"messageTitle":"Merge pull request #17 from zlch/Change-AboutUs","messageBody":"Change AboutUs","fileTypesAndContributionMap":{}}]},{"date":"2024-10-03","commitResults":[{"hash":"f7127dda76581134d2841b5b7e20fdf86dd668e3","isMergeCommit":false,"messageTitle":"Update README.md","messageBody":"","fileTypesAndContributionMap":{"docs":{"insertions":2,"deletions":0}}},{"hash":"dccf430188aef321aa22b8500647cb24a0be5fb2","isMergeCommit":true,"messageTitle":"Merge pull request #33 from zlch/update-ReadMe","messageBody":"Update README.md","fileTypesAndContributionMap":{}},{"hash":"b9972b04072ee4f7abef0ab43cfc97a1f6514c27","isMergeCommit":false,"messageTitle":"Update site wide settings","messageBody":"","fileTypesAndContributionMap":{"other":{"insertions":1,"deletions":1}}},{"hash":"c08b14d89eec2ea0c915296f43fc5819ae129d3d","isMergeCommit":true,"messageTitle":"Merge pull request #34 from zlch/update-SiteWideSettings","messageBody":"Update site wide settings","fileTypesAndContributionMap":{}},{"hash":"06317d71adb7ef5e2a8e571620473013202c20ab","isMergeCommit":false,"messageTitle":"Update non-functional requirements in developer guide","messageBody":"","fileTypesAndContributionMap":{"docs":{"insertions":8,"deletions":1}}},{"hash":"e1c0346d2b730110d0d9c81703da3fa2ac1ad9e2","isMergeCommit":false,"messageTitle":"Further update site wide settings","messageBody":"","fileTypesAndContributionMap":{"other":{"insertions":1,"deletions":1}}}]},{"date":"2024-10-04","commitResults":[{"hash":"d199aba9ee6d415289a5dff74b451bd68b6b7de7","isMergeCommit":true,"messageTitle":"Merge pull request #39 from zlch/update-SiteWideSettings","messageBody":"Further update site wide settings","fileTypesAndContributionMap":{}},{"hash":"bb684c9f57093188c72eb1f2dc23bdf07520c67a","isMergeCommit":true,"messageTitle":"Merge pull request #40 from zlch/update-DeveloperGuide","messageBody":"Update non-functional requirements in developer guide","fileTypesAndContributionMap":{}}]},{"date":"2024-10-10","commitResults":[{"hash":"1b3096a7c45c5980d86304684da47559b14d4b0e","isMergeCommit":false,"messageTitle":"Add restore command that undoes delete command","messageBody":"","fileTypesAndContributionMap":{"functional-code":{"insertions":87,"deletions":0},"test-code":{"insertions":17,"deletions":0}}},{"hash":"dad800ff55de363768d8e089073477384217be09","isMergeCommit":true,"messageTitle":"Merge branch \u0027master\u0027 into add-restoreCommand","messageBody":"# Conflicts:\n#\tsrc/main/java/seedu/address/logic/parser/AddressBookParser.java\n","fileTypesAndContributionMap":{}},{"hash":"5455ca2ba3f3e5f6ba3d25c85821aab282939257","isMergeCommit":false,"messageTitle":"Fix checkstyle errors in restore command","messageBody":"","fileTypesAndContributionMap":{"functional-code":{"insertions":15,"deletions":10}}},{"hash":"8af1070de5a9fb0456372e9177f13611a217a90a","isMergeCommit":false,"messageTitle":"Change line seperator","messageBody":"","fileTypesAndContributionMap":{"functional-code":{"insertions":38,"deletions":38}}},{"hash":"9a0e4c13c92fe3f66e3102d58459ce19b64a9ee3","isMergeCommit":true,"messageTitle":"Merge branch \u0027master\u0027 into add-restoreCommand","messageBody":"# Conflicts:\n#\tsrc/main/java/seedu/address/logic/parser/AddressBookParser.java\n#\tsrc/main/java/seedu/address/model/Model.java\n","fileTypesAndContributionMap":{}},{"hash":"7093dd0f89cf2cb870a16f91905975df65cd613c","isMergeCommit":false,"messageTitle":"Change filter test","messageBody":"","fileTypesAndContributionMap":{"test-code":{"insertions":18,"deletions":0}}},{"hash":"433da0cf3c88f82dc44251ce1bdbeb1600ef5472","isMergeCommit":false,"messageTitle":"Fix style errors","messageBody":"","fileTypesAndContributionMap":{"test-code":{"insertions":3,"deletions":1}}},{"hash":"ccc2976855059073e99eaec992e6216ac40f1f3e","isMergeCommit":false,"messageTitle":"Fix trailing white space","messageBody":"","fileTypesAndContributionMap":{"test-code":{"insertions":1,"deletions":1}}},{"hash":"1ce898f68b79720ff732f7b69d5281239cf566ac","isMergeCommit":true,"messageTitle":"Merge pull request #52 from zlch/add-restoreCommand","messageBody":"Add restore command","fileTypesAndContributionMap":{}}]},{"date":"2024-10-15","commitResults":[{"hash":"f74f112d93cc4f5a5c917ba562c89e5be209c986","isMergeCommit":false,"messageTitle":"Add tests for restoreCommand","messageBody":"","fileTypesAndContributionMap":{"test-code":{"insertions":223,"deletions":0}}},{"hash":"ed4fadd6652c5159d10a16e013105eaddb849aaa","isMergeCommit":false,"messageTitle":"Add restore command to user guide.","messageBody":"","fileTypesAndContributionMap":{"docs":{"insertions":10,"deletions":0}}}]},{"date":"2024-10-16","commitResults":[{"hash":"0f04f2aea74f59c5c9b804b443b2a3f766b0be05","isMergeCommit":false,"messageTitle":"Fix line seperator","messageBody":"","fileTypesAndContributionMap":{"test-code":{"insertions":4,"deletions":1}}},{"hash":"f274b6d18417dd3095a3ed094ca65a6a22c4e3ef","isMergeCommit":false,"messageTitle":"Fix line seperators again","messageBody":"","fileTypesAndContributionMap":{"test-code":{"insertions":226,"deletions":226}}},{"hash":"6fefca1b96b6c5e589aa3c4136a67821810bf4f2","isMergeCommit":false,"messageTitle":"Fix package order","messageBody":"","fileTypesAndContributionMap":{"test-code":{"insertions":3,"deletions":1}}},{"hash":"f5a7e5feed573ac6220e24a287cee872efa8227a","isMergeCommit":false,"messageTitle":"Fix import order again","messageBody":"","fileTypesAndContributionMap":{"test-code":{"insertions":11,"deletions":11}}},{"hash":"2472af0c1a57f14597108f82f00fda7c535add41","isMergeCommit":false,"messageTitle":"Fix checkstyle error","messageBody":"","fileTypesAndContributionMap":{"test-code":{"insertions":4,"deletions":4}}},{"hash":"4fae26d571e93b1415a0f116920bbee2288d9913","isMergeCommit":true,"messageTitle":"Merge pull request #61 from zlch/addTests-restoreCommand","messageBody":"Add tests for restoreCommand","fileTypesAndContributionMap":{}}]},{"date":"2024-10-17","commitResults":[{"hash":"f6b466dc57b1c9a1fafd2fa65f95e7c536f34e8e","isMergeCommit":true,"messageTitle":"Merge branch \u0027master\u0027 into addUserGuide-restoreCommand","messageBody":"# Conflicts:\n#\tdocs/UserGuide.md\n","fileTypesAndContributionMap":{}},{"hash":"6e709b33e0bc63c918e403d9ec118739536519fc","isMergeCommit":false,"messageTitle":"Edit user guide again","messageBody":"","fileTypesAndContributionMap":{"docs":{"insertions":1,"deletions":0}}},{"hash":"dffbe4beb2ba2c1dca5d93c7ec63d4173a5f5121","isMergeCommit":false,"messageTitle":"Add image for restore command to user guide","messageBody":"","fileTypesAndContributionMap":{"docs":{"insertions":5,"deletions":1}}},{"hash":"85e52eeaccc40b051187711de51e0ed4a9ab393a","isMergeCommit":true,"messageTitle":"Merge pull request #67 from zlch/addUserGuide-restoreCommand","messageBody":"Add user guide restore command","fileTypesAndContributionMap":{}}]},{"date":"2024-10-20","commitResults":[{"hash":"52ff981ad747efcfd9b024d20a739e8190c989c8","isMergeCommit":false,"messageTitle":"Add command to backup current storage file","messageBody":"","fileTypesAndContributionMap":{"functional-code":{"insertions":39,"deletions":0}}}]},{"date":"2024-10-21","commitResults":[{"hash":"7e541707be3e34d4ef17ed0ab022f29ad5a307cd","isMergeCommit":false,"messageTitle":"Allow users to change backup file location similar to storage location","messageBody":"","fileTypesAndContributionMap":{"functional-code":{"insertions":44,"deletions":7}}},{"hash":"1f0caa95468638fa1989bf9bbc296ea808ab8f0a","isMergeCommit":false,"messageTitle":"Add test for backup command","messageBody":"","fileTypesAndContributionMap":{"test-code":{"insertions":199,"deletions":0}}},{"hash":"cae9e9cbe1a3c29534f228c2d0b02dd548d30ab3","isMergeCommit":false,"messageTitle":"Edit tests to accomodate changes after adding backup command","messageBody":"","fileTypesAndContributionMap":{"test-code":{"insertions":20,"deletions":0}}},{"hash":"4619cda2765aa06787073b2a5246299545a15c1c","isMergeCommit":false,"messageTitle":"Fix checkstyle problems in BackupCommand and BackupCommandTest","messageBody":"","fileTypesAndContributionMap":{"functional-code":{"insertions":4,"deletions":5},"test-code":{"insertions":12,"deletions":15}}},{"hash":"89ee675ed16e8f0173e69732fd46c3cd00110174","isMergeCommit":false,"messageTitle":"Improve code coverage","messageBody":"","fileTypesAndContributionMap":{"test-code":{"insertions":32,"deletions":0}}}]},{"date":"2024-10-22","commitResults":[{"hash":"97c43bcde48f03156d5b840c37ef79fe8bd2c2ba","isMergeCommit":true,"messageTitle":"Merge branch \u0027master\u0027 into add-BackupCommand","messageBody":"","fileTypesAndContributionMap":{}},{"hash":"fcf38f8616e4502a67b6407948ab6c4449716d0d","isMergeCommit":false,"messageTitle":"Fix trailing white space in AddressBookParser","messageBody":"","fileTypesAndContributionMap":{"functional-code":{"insertions":1,"deletions":1}}},{"hash":"ce9545c9d7e4c03d0c0ab24ba760c0fdf53b80ac","isMergeCommit":true,"messageTitle":"Merge branch \u0027master\u0027 into add-BackupCommand","messageBody":"# Conflicts:\n#\tsrc/main/java/seedu/address/logic/parser/AddressBookParser.java\n#\tsrc/test/java/seedu/address/logic/parser/AddressBookParserTest.java\n","fileTypesAndContributionMap":{}},{"hash":"a4de3a18e6be79cab324f64b0570db3637ed6476","isMergeCommit":true,"messageTitle":"Merge pull request #75 from zlch/add-BackupCommand","messageBody":"Add backup command","fileTypesAndContributionMap":{}}]},{"date":"2024-10-24","commitResults":[{"hash":"32ef8e026472ce2ca04bff09cfbb509d28387b4b","isMergeCommit":false,"messageTitle":"Add userGuide for backupCommand","messageBody":"","fileTypesAndContributionMap":{"docs":{"insertions":12,"deletions":0}}},{"hash":"579ada87f2b42e2858265960f88a2c902e1a8c1a","isMergeCommit":true,"messageTitle":"Merge pull request #91 from zlch/addUserGuide-BackupCommand","messageBody":"Add userGuide for backupCommand","fileTypesAndContributionMap":{}},{"hash":"56473894e40e2c0ca1ab3bb2b1c3145e77689467","isMergeCommit":false,"messageTitle":"Update Developer guide with a sequence diagram","messageBody":"","fileTypesAndContributionMap":{"docs":{"insertions":69,"deletions":1}}}]},{"date":"2024-10-27","commitResults":[{"hash":"04daaeb84b21e41822b1de7d36a4072c112074d2","isMergeCommit":true,"messageTitle":"Merge branch \u0027updateDeveloperGuide-BackupCommandSequenceDiagram\u0027","messageBody":"","fileTypesAndContributionMap":{}}]},{"date":"2024-10-31","commitResults":[{"hash":"9f01354311c5a506b0196987fed79f5c696f314d","isMergeCommit":true,"messageTitle":"Merge branch \u0027AY2425S1-CS2103T-W12-1:master\u0027 into master","messageBody":"","fileTypesAndContributionMap":{}},{"hash":"4dad266659a11f7c64c5c68672b04845e8697e71","isMergeCommit":false,"messageTitle":"Change link provided by help command to BlitzBiz userguide","messageBody":"","fileTypesAndContributionMap":{"functional-code":{"insertions":1,"deletions":1}}}]},{"date":"2024-11-04","commitResults":[{"hash":"01b6d7c2e59b32ae8ea125977d24291bcacc1593","isMergeCommit":true,"messageTitle":"Merge pull request #115 from zlch/fix-HelpCommand","messageBody":"Fix help command","fileTypesAndContributionMap":{}},{"hash":"a8121c7c47967780576cbf5e6738e3e686e91d2c","isMergeCommit":false,"messageTitle":"Improve branch Command documentation","messageBody":"","fileTypesAndContributionMap":{"functional-code":{"insertions":2,"deletions":2},"docs":{"insertions":2,"deletions":3}}},{"hash":"3fcf4af032ad1495dfed5bf0638903493ef76957","isMergeCommit":false,"messageTitle":"fix BackupCommand Tests","messageBody":"","fileTypesAndContributionMap":{"test-code":{"insertions":2,"deletions":2}}}]},{"date":"2024-11-05","commitResults":[{"hash":"43cf98b143d168b4ce79af8d02c4239c2d8018ba","isMergeCommit":true,"messageTitle":"Merge pull request #130 from zlch/improve-BranchCommand","messageBody":"Improve branch Command documentation","fileTypesAndContributionMap":{}}]}]},"authorFileTypeContributionMap":{"yiiilonggg":{"docs":406,"functional-code":799,"test-code":922,"other":5},"LiuYJ2002":{"docs":206,"functional-code":512,"test-code":655},"jiaaaaen":{"docs":198,"functional-code":489,"test-code":592},"zlch":{"docs":121,"functional-code":171,"test-code":491,"other":3}},"authorContributionVariance":{"yiiilonggg":35004.42,"LiuYJ2002":11829.634,"jiaaaaen":13490.786,"zlch":8927.39},"authorDisplayNameMap":{"yiiilonggg":"CS2103T-W12-1 TAN ..LONG","LiuYJ2002":"CS2103T-W12-1 LIU ..UJIA","jiaaaaen":"CS2103T-W12-1 TAN ..A EN","zlch":"CS2103T-W12-1 ZON .. HUN"}}
