{"authorDailyContributionsMap":{"zhou-colla":[{"date":"2024-09-29","commitResults":[{"hash":"9567b5dd652a5a5cbbbf0815be3eb687630946b3","isMergeCommit":false,"messageTitle":"Add Xingye\u0027s photo to Aboutus","messageBody":"","fileTypesAndContributionMap":{"docs":{"insertions":1,"deletions":1}}},{"hash":"6b8fa5b11afb0b8cca32d87d548169f65fbebcf6","isMergeCommit":true,"messageTitle":"Merge pull request #11 from yyueyii/branch-image","messageBody":"Add Yueyi\u0027s photo","fileTypesAndContributionMap":{}},{"hash":"9c162e63ee5615130edb1501d0609f1fe72e1bbd","isMergeCommit":true,"messageTitle":"Merge pull request #12 from MinkhantEain/branch-add-photo","messageBody":"Add Paing\u0027s photo","fileTypesAndContributionMap":{}}]},{"date":"2024-10-01","commitResults":[{"hash":"ade97591d22c844ed5032c1f5cc071d9762b4b59","isMergeCommit":false,"messageTitle":"Update Xingye\u0027section on the AboutUs page","messageBody":"","fileTypesAndContributionMap":{"docs":{"insertions":4,"deletions":4}}},{"hash":"bb49684d44f8c19e43cecad3b5df73e4a42cb9ed","isMergeCommit":false,"messageTitle":"Create the md file for xingye","messageBody":"","fileTypesAndContributionMap":{"docs":{"insertions":0,"deletions":0}}},{"hash":"807cdd5412e00c9be175124d447180be926f0e9b","isMergeCommit":false,"messageTitle":"Update _config.yml, change info for AddressBook3","messageBody":"","fileTypesAndContributionMap":{"other":{"insertions":2,"deletions":2}}}]},{"date":"2024-10-02","commitResults":[{"hash":"dc90aebae166535b893776674a682cae181fe844","isMergeCommit":true,"messageTitle":"Merge pull request #24 from yyueyii/branch-update_ui.png","messageBody":"Update Ui.png","fileTypesAndContributionMap":{}},{"hash":"cb5e042767874113e3e0f62f7154530a61f5492c","isMergeCommit":true,"messageTitle":"Merge pull request #33 from haleemairfan/issue-update-developer-guide","messageBody":"Update DeveloperGuide (Draft)","fileTypesAndContributionMap":{}},{"hash":"20d60aeeb490b809f93a04e0fb65ecc8973bb723","isMergeCommit":true,"messageTitle":"Merge pull request #22 from zhou-colla/update-site-settings","messageBody":"Update the site wise settings","fileTypesAndContributionMap":{}}]},{"date":"2024-10-03","commitResults":[{"hash":"39d6a75f90229696073748257d925130644aaa50","isMergeCommit":false,"messageTitle":"Update the user stories","messageBody":"","fileTypesAndContributionMap":{"docs":{"insertions":37,"deletions":12}}},{"hash":"1e285089e6b50fdfaa36b1813c37953e3f3fc6b9","isMergeCommit":false,"messageTitle":"Update website references","messageBody":"","fileTypesAndContributionMap":{"docs":{"insertions":8,"deletions":8}}},{"hash":"f3562e6d74781a04e83db17732a44e9161416d19","isMergeCommit":true,"messageTitle":"Merge pull request #46 from miuna9890/branch-DG","messageBody":"Update DG (user profile and value proposition)","fileTypesAndContributionMap":{}},{"hash":"158e5db1296c249bcd4dd4c2cea774c5341c8f6c","isMergeCommit":true,"messageTitle":"Merge pull request #45 from MinkhantEain/branch-DeveloperGuide-UseCases","messageBody":"Developer Guide (Use Cases)","fileTypesAndContributionMap":{}},{"hash":"c5b1308c5665bb1ee385716548fc152c35abd939","isMergeCommit":true,"messageTitle":"Merge pull request #19 from miuna9890/branch-update_readme","messageBody":"Update Readme A3 \u0026 A4","fileTypesAndContributionMap":{}}]},{"date":"2024-10-04","commitResults":[{"hash":"a320233d4f0f830f29b7c2810d3affd77a44610e","isMergeCommit":true,"messageTitle":"Merge branch \u0027master\u0027 into issue-update-readme-A2","messageBody":"","fileTypesAndContributionMap":{}}]},{"date":"2024-10-05","commitResults":[{"hash":"b65f506d10eb1e0677683a82247e278c1b270fff","isMergeCommit":false,"messageTitle":"update zhouxingye.md","messageBody":"","fileTypesAndContributionMap":{"docs":{"insertions":21,"deletions":0}}},{"hash":"6c8d9b423efb755c2012d81e5042c4ef5faace18","isMergeCommit":false,"messageTitle":"Remove trailing whitespaces","messageBody":"","fileTypesAndContributionMap":{"docs":{"insertions":3,"deletions":3}}},{"hash":"4b546419b7fd7748ebb8f3ff6b123ffc69b3632e","isMergeCommit":false,"messageTitle":"Fix trailing whitespace in the developer guide","messageBody":"","fileTypesAndContributionMap":{"docs":{"insertions":8,"deletions":8}}}]},{"date":"2024-10-11","commitResults":[{"hash":"a9f3691253375079dc3b2cbbacb3eaec6402bf20","isMergeCommit":true,"messageTitle":"Merge pull request #64 from MinkhantEain/branch-specUpdate-for-Add-Delete-List","messageBody":"Update usecases for delete and list","fileTypesAndContributionMap":{}}]},{"date":"2024-10-17","commitResults":[{"hash":"b9b3d8d7cd7e99cda62b710bb5a9d2160d772cb1","isMergeCommit":false,"messageTitle":"Add light theme css styles","messageBody":"","fileTypesAndContributionMap":{"functional-code":{"insertions":392,"deletions":0}}},{"hash":"5056f1a5f10d387cbf663e7e4dd5e44e8df5d22c","isMergeCommit":false,"messageTitle":"Apply light theme styles","messageBody":"","fileTypesAndContributionMap":{"functional-code":{"insertions":4,"deletions":4}}},{"hash":"ec34ef3a34e60315a36c7a75ef7e1e88702cfcb6","isMergeCommit":false,"messageTitle":"Update user guide link","messageBody":"","fileTypesAndContributionMap":{"functional-code":{"insertions":1,"deletions":1}}},{"hash":"7ef2845aa4e1bb56087e07b6cc78894a1229309b","isMergeCommit":true,"messageTitle":"Merge pull request #81 from zhou-colla/add-light-theme","messageBody":"Add light theme","fileTypesAndContributionMap":{}},{"hash":"d674d26f8c817702b59ae7d52c51abae37fdaeb7","isMergeCommit":false,"messageTitle":"Create a border for the input field","messageBody":"","fileTypesAndContributionMap":{"functional-code":{"insertions":3,"deletions":0}}},{"hash":"0a4e2bdec1e9befc6f1552e7b98843cfe9ba1afc","isMergeCommit":true,"messageTitle":"Merge pull request #90 from haleemairfan/issue-edit-delete-ug","messageBody":"Issue edit delete ug","fileTypesAndContributionMap":{}}]},{"date":"2024-10-24","commitResults":[{"hash":"983887a7a78ec201fdbd76cd8617fa3b6b65526a","isMergeCommit":false,"messageTitle":"Add sequenceDiagram for select","messageBody":"","fileTypesAndContributionMap":{"docs":{"insertions":39,"deletions":0}}},{"hash":"ea98397ebd8d57b0344bf7a36126fc09faab0048","isMergeCommit":true,"messageTitle":"Merge pull request #114 from zhou-colla/select-seq-diagram","messageBody":"Add sequenceDiagram for select","fileTypesAndContributionMap":{}},{"hash":"9f51b97911bbf1e74aa579c75e75f214802d6d82","isMergeCommit":false,"messageTitle":"Update HelpWindow Appearence","messageBody":"","fileTypesAndContributionMap":{"functional-code":{"insertions":54,"deletions":28}}},{"hash":"9012f77360339b56b2bc934c13357db5fd5e0cdf","isMergeCommit":false,"messageTitle":"Fix sample data population errors","messageBody":"","fileTypesAndContributionMap":{"functional-code":{"insertions":4,"deletions":4}}},{"hash":"f647a8a8b7f86906051c42d51b804d6c6759ac0f","isMergeCommit":false,"messageTitle":"Add test cases for helpwindow","messageBody":"","fileTypesAndContributionMap":{"test-code":{"insertions":23,"deletions":0}}},{"hash":"b8d2e1b3a8ed1ec284bc816cc20932bb0f7b3366","isMergeCommit":true,"messageTitle":"Merge pull request #115 from miuna9890/branch-sortTests","messageBody":"Add more tests for sort command","fileTypesAndContributionMap":{}},{"hash":"2051965b817aeacd3cee5978e3b125e50187389b","isMergeCommit":true,"messageTitle":"Merge pull request #111 from haleemairfan/delete-command","messageBody":"Add prefixes for delete command Delete command","fileTypesAndContributionMap":{}},{"hash":"79a992f3884e7d84e577774730bd35084b2f1386","isMergeCommit":false,"messageTitle":"Enable assertions","messageBody":"","fileTypesAndContributionMap":{"other":{"insertions":4,"deletions":0}}},{"hash":"0bf1210a675f3fcff25900521fb1adc206b53824","isMergeCommit":false,"messageTitle":"Update build.gradle for Linux","messageBody":"","fileTypesAndContributionMap":{"other":{"insertions":5,"deletions":0}}},{"hash":"51cc899805fcc1a0bc9ddb9512437055dde24ef7","isMergeCommit":false,"messageTitle":"Update build.gradle for Linux","messageBody":"","fileTypesAndContributionMap":{"other":{"insertions":1,"deletions":0}}}]},{"date":"2024-11-01","commitResults":[{"hash":"87dc3a768566ad04f9d3adae73d1cc80d2380ac9","isMergeCommit":false,"messageTitle":"Add select command","messageBody":"","fileTypesAndContributionMap":{"functional-code":{"insertions":149,"deletions":0}}},{"hash":"cf71d1a08c28eefd0898d40e5fd2a58c366f9612","isMergeCommit":false,"messageTitle":"Add test cases for SelectCommand","messageBody":"","fileTypesAndContributionMap":{"functional-code":{"insertions":32,"deletions":15},"test-code":{"insertions":207,"deletions":0}}},{"hash":"2368d20c64800742ff84ec2d0115b6af97b2f9df","isMergeCommit":false,"messageTitle":"Add testcases for SelectCommandParser","messageBody":"","fileTypesAndContributionMap":{"functional-code":{"insertions":1,"deletions":2},"test-code":{"insertions":41,"deletions":0}}}]},{"date":"2024-11-06","commitResults":[{"hash":"e6610f471c02fee9cee3fa80628bba7dd8ca991d","isMergeCommit":true,"messageTitle":"Merge branch \u0027master\u0027 into add-select-command","messageBody":"","fileTypesAndContributionMap":{}},{"hash":"94dd602f01f62d8032dfc7c931f71bc6fec257f6","isMergeCommit":true,"messageTitle":"Merge pull request #142 from zhou-colla/add-select-command","messageBody":"Add select command","fileTypesAndContributionMap":{}},{"hash":"e02fb05933022b4c642d36d7bf369a4356060f2d","isMergeCommit":false,"messageTitle":"Add the UG section for select command","messageBody":"","fileTypesAndContributionMap":{"docs":{"insertions":10,"deletions":0}}}]},{"date":"2024-11-07","commitResults":[{"hash":"94d381fc927ff28096d79b24fab720141b5b2e62","isMergeCommit":false,"messageTitle":"Update the return message of SelectCommand","messageBody":"","fileTypesAndContributionMap":{"functional-code":{"insertions":46,"deletions":5},"test-code":{"insertions":104,"deletions":4}}},{"hash":"9ab34e1abf6bc29df1086d94936e2bc38f39fa8e","isMergeCommit":true,"messageTitle":"Merge branch \u0027master\u0027 into update-UG-select-command","messageBody":"","fileTypesAndContributionMap":{}},{"hash":"2c9bff67ce6c1be02c96eefde7d5ba7ca9e6a7d0","isMergeCommit":true,"messageTitle":"Merge pull request #161 from zhou-colla/update-UG-select-command","messageBody":"Add the UG section for select command","fileTypesAndContributionMap":{}},{"hash":"3ea546cbf613fd84131f305a3af1cdf268729658","isMergeCommit":false,"messageTitle":"Improve the visibility of the status bar and the tags","messageBody":"","fileTypesAndContributionMap":{"functional-code":{"insertions":3,"deletions":3}}},{"hash":"e58172eabd0053cd0fcbc59f2176eb92986110d8","isMergeCommit":true,"messageTitle":"Merge pull request #162 from zhou-colla/update-select-command-display","messageBody":"Update the return message of SelectCommand","fileTypesAndContributionMap":{}}]}],"yyueyii":[{"date":"2024-09-29","commitResults":[{"hash":"29edded33c9e439a3c15f4577fbdcf22bcb0f069","isMergeCommit":false,"messageTitle":"Update AboutUs.md","messageBody":"","fileTypesAndContributionMap":{"docs":{"insertions":3,"deletions":3}}}]},{"date":"2024-10-01","commitResults":[{"hash":"f906cf1be78437ff5633f6fe7be3a95f34d9726e","isMergeCommit":true,"messageTitle":"Merge pull request #16 from miuna9890/branch-update_about_us","messageBody":"Update about us","fileTypesAndContributionMap":{}}]},{"date":"2024-10-09","commitResults":[{"hash":"baedb9f9b95b164944838ff89c2edff5337c2f43","isMergeCommit":false,"messageTitle":"Update Glossary of DeveloperGuide.md","messageBody":"","fileTypesAndContributionMap":{"docs":{"insertions":5,"deletions":0}}},{"hash":"45be33ac9904fd59c959df659285313e1559be2f","isMergeCommit":false,"messageTitle":"Update Non-Functional Requiremets of DeveloperGuide.md","messageBody":"","fileTypesAndContributionMap":{"docs":{"insertions":9,"deletions":2}}}]},{"date":"2024-10-10","commitResults":[{"hash":"cb61289d69bc49531deb4b1c1aece34a3dff04ca","isMergeCommit":false,"messageTitle":"Add new role field","messageBody":"","fileTypesAndContributionMap":{"functional-code":{"insertions":123,"deletions":39},"test-code":{"insertions":2,"deletions":0}}},{"hash":"a391571f501bd5297680ee76cccca8910e87ce4e","isMergeCommit":true,"messageTitle":"Merge pull request #59 from yyueyii/branch-update_glossary","messageBody":"Update Glossary of DeveloperGuide.md","fileTypesAndContributionMap":{}},{"hash":"73f728db588d3a8c1ac9a573537b1b32731faa8b","isMergeCommit":true,"messageTitle":"Merge pull request #60 from yyueyii/branch-update_NFR","messageBody":"Update Non-Functional Requiremets of DeveloperGuide.md","fileTypesAndContributionMap":{}}]},{"date":"2024-10-11","commitResults":[{"hash":"8937c5dace941cf033dd57aac4ee9b2b216d6cf7","isMergeCommit":false,"messageTitle":"Add UI changes for role field","messageBody":"","fileTypesAndContributionMap":{"functional-code":{"insertions":6,"deletions":0}}}]},{"date":"2024-10-14","commitResults":[{"hash":"4dee31f6aeaacecddcbf5afa065536ba5110fecb","isMergeCommit":false,"messageTitle":"Modify and add tests to JsonAdaptedPersonTest.java","messageBody":"","fileTypesAndContributionMap":{"test-code":{"insertions":47,"deletions":20}}},{"hash":"3ded304faf1ecac0c41f124e69269f65d7b0c047","isMergeCommit":false,"messageTitle":"Fix style issues","messageBody":"","fileTypesAndContributionMap":{"functional-code":{"insertions":61,"deletions":16}}},{"hash":"44c36d2d88fa84cf40e04e19990fa62cdd261c14","isMergeCommit":false,"messageTitle":"Modify to pass all tests","messageBody":"","fileTypesAndContributionMap":{"test-code":{"insertions":81,"deletions":25}}}]},{"date":"2024-10-16","commitResults":[{"hash":"e788d203ac2081e839763acf656c7deebe3e9534","isMergeCommit":true,"messageTitle":"Merge branch \u0027master\u0027 of https://github.com/AY2425S1-CS2103T-W13-1/tp into branch-add_role_field","messageBody":"* \u0027master\u0027 of https://github.com/AY2425S1-CS2103T-W13-1/tp:\n  Fix checkstyle errors\n  Revert to before deleting by phone number\n  Change wording for delete use case\n  Update usecases for delete and list\n  Update for checkstyle errors\n  Update to pass test coverage\n  Update checkstyle errors\n  Add test case to check deletion by phonenum\n  Update to meet checkstyle\n  Update to match checkstyle comments\n  Add delete by phone number functionality\n  Correct PersonTest imports\n  Change isSamePerson functionality to make phone number unique\n  Update Non-Functional Requiremets of DeveloperGuide.md\n  Update Glossary of DeveloperGuide.md\n","fileTypesAndContributionMap":{}}]},{"date":"2024-10-17","commitResults":[{"hash":"c905d56e39575793ee41c2cf11df42aa3f3e3110","isMergeCommit":true,"messageTitle":"Merge pull request #74 from yyueyii/branch-add_role_field","messageBody":"Add  compulsory \u0027role\u0027 field ","fileTypesAndContributionMap":{}},{"hash":"842b5cae7d6372d8e63bb81c150dd619bc7e96af","isMergeCommit":false,"messageTitle":"Update UserGuide.md","messageBody":"","fileTypesAndContributionMap":{"docs":{"insertions":24,"deletions":21}}},{"hash":"664345f652bdaf5f3fc6372b9e4e7272973ba54b","isMergeCommit":false,"messageTitle":"Edit to change name to Cher","messageBody":"","fileTypesAndContributionMap":{"functional-code":{"insertions":1,"deletions":1},"other":{"insertions":1,"deletions":1}}},{"hash":"0b55d6378e0c737191b1b78e58b3991d992f8b26","isMergeCommit":true,"messageTitle":"Merge pull request #1 from yyueyii/branch-add_role_field","messageBody":"Branch add role field","fileTypesAndContributionMap":{}},{"hash":"e0b7ea70d1fbb10ab95ccf0512843bb46b74049b","isMergeCommit":true,"messageTitle":"Merge pull request #76 from MinkhantEain/branch-update-usecase-16-oct","messageBody":"Update UseCases","fileTypesAndContributionMap":{}},{"hash":"95e3349a15c5bc13054353a615992fce2763b1e6","isMergeCommit":false,"messageTitle":"Update UserGuide.md","messageBody":"","fileTypesAndContributionMap":{"docs":{"insertions":1,"deletions":1}}},{"hash":"352afd028b5b9eb907ee2d6f1554bc506c217658","isMergeCommit":false,"messageTitle":"Update UserGuide.md","messageBody":"","fileTypesAndContributionMap":{"docs":{"insertions":2,"deletions":1}}},{"hash":"405f33df5979606bec797fca35715d4d22c2770b","isMergeCommit":false,"messageTitle":"Update index.md","messageBody":"","fileTypesAndContributionMap":{"docs":{"insertions":3,"deletions":3}}},{"hash":"d908e1d2fdd6291c39c1dd87b99b45a6760cc2c1","isMergeCommit":true,"messageTitle":"Merge pull request #2 from yyueyii/master","messageBody":"Change Ui.png","fileTypesAndContributionMap":{}},{"hash":"e6a7b520498db32a6a95e8aae641b3cba40e6399","isMergeCommit":false,"messageTitle":"Update index.md","messageBody":"","fileTypesAndContributionMap":{"docs":{"insertions":1,"deletions":1}}},{"hash":"05dce69abdf175abfe2737ab3a3b6e930dd29f4b","isMergeCommit":true,"messageTitle":"Merge pull request #3 from yyueyii/master","messageBody":"Edit index.md","fileTypesAndContributionMap":{}},{"hash":"b9ad8e5154c6395776096026ca0e50d3ea42fffb","isMergeCommit":true,"messageTitle":"Merge pull request #4 from yyueyii/master","messageBody":"Edit Ui.png","fileTypesAndContributionMap":{}}]},{"date":"2024-10-18","commitResults":[{"hash":"5509e401ecb584001780b2ee42e540e1eecd6caa","isMergeCommit":true,"messageTitle":"Merge pull request #5 from yyueyii/master","messageBody":"Edit findAlexDavidResult.png","fileTypesAndContributionMap":{}}]},{"date":"2024-10-21","commitResults":[{"hash":"b1d593bccc6af3f27e597fb58f48d6299699c80c","isMergeCommit":true,"messageTitle":"Merge pull request #92 from yyueyii/branch-edit_index","messageBody":"Edit title, Ui.png, findAlexDavidResult.png","fileTypesAndContributionMap":{}}]},{"date":"2024-10-22","commitResults":[{"hash":"4110b47fb13b3e1a7b9c830350ad20b08adc68b5","isMergeCommit":false,"messageTitle":"Update UserGuide.md to reduce roles","messageBody":"","fileTypesAndContributionMap":{"docs":{"insertions":2,"deletions":2}}},{"hash":"b18c9065fccd0bd08b9d93039c9c4982871709a3","isMergeCommit":false,"messageTitle":"Remove teacher and staff roles from code and tests","messageBody":"","fileTypesAndContributionMap":{"functional-code":{"insertions":2,"deletions":4},"test-code":{"insertions":8,"deletions":8}}},{"hash":"86817251498f86c0fb81958d082da75bc2cb3011","isMergeCommit":true,"messageTitle":"Merge branch \u0027branch-reduce_roles\u0027 of https://github.com/yyueyii/tp into branch-reduce_roles","messageBody":"* \u0027branch-reduce_roles\u0027 of https://github.com/yyueyii/tp:\n  Update UserGuide.md to reduce roles\n","fileTypesAndContributionMap":{}},{"hash":"6b6c6cf28d156fefff8515804a7a526506328df8","isMergeCommit":false,"messageTitle":"Add Role tests","messageBody":"","fileTypesAndContributionMap":{"functional-code":{"insertions":2,"deletions":2},"test-code":{"insertions":58,"deletions":0}}}]},{"date":"2024-10-23","commitResults":[{"hash":"d207fdd3da00f2c80974b97bc346d3a56defce0a","isMergeCommit":false,"messageTitle":"Add reset attendance, mark attendance","messageBody":"","fileTypesAndContributionMap":{"functional-code":{"insertions":346,"deletions":3}}},{"hash":"cdd20b5c31426537ec24df712247168666be4f42","isMergeCommit":false,"messageTitle":"Add unmark functions, edit error messages","messageBody":"","fileTypesAndContributionMap":{"functional-code":{"insertions":82,"deletions":27}}},{"hash":"a42d7114091f3a63790f8369f1463389358118ab","isMergeCommit":false,"messageTitle":"Change RoleTest slightly","messageBody":"","fileTypesAndContributionMap":{"test-code":{"insertions":2,"deletions":2}}},{"hash":"b9b03c881ccc1cb2745826573873a069eddd13ea","isMergeCommit":false,"messageTitle":"Change order of imports","messageBody":"","fileTypesAndContributionMap":{"test-code":{"insertions":2,"deletions":2}}},{"hash":"c34bb66e3dbe63af23649e657885bd1c05677911","isMergeCommit":false,"messageTitle":"Add test","messageBody":"","fileTypesAndContributionMap":{"functional-code":{"insertions":31,"deletions":2},"test-code":{"insertions":196,"deletions":13}}},{"hash":"7d5efc017d1aba5d54c46d5385c8e6ef89c20a49","isMergeCommit":false,"messageTitle":"Change comments","messageBody":"","fileTypesAndContributionMap":{"test-code":{"insertions":2,"deletions":2}}}]},{"date":"2024-10-24","commitResults":[{"hash":"5ea182bc9953487362986f2a8a0c8da9d3cd1c45","isMergeCommit":true,"messageTitle":"Merge pull request #105 from yyueyii/branch-reduce_roles","messageBody":"Reduce roles to student and parent only","fileTypesAndContributionMap":{}},{"hash":"953e6c208d59cea99d7694d9943f8196dc38e2eb","isMergeCommit":false,"messageTitle":"Add Tests and fix Checkstyle issues","messageBody":"","fileTypesAndContributionMap":{"functional-code":{"insertions":75,"deletions":50},"test-code":{"insertions":36,"deletions":40}}},{"hash":"959b329b1c2bfbe41bc21666ea9751631db27aca","isMergeCommit":false,"messageTitle":"Resolve merge conflict","messageBody":"","fileTypesAndContributionMap":{"test-code":{"insertions":1,"deletions":1}}},{"hash":"2d628e0555915d624ac16146eb06a7903e8ee2e7","isMergeCommit":true,"messageTitle":"Merge branch \u0027master\u0027 into branch-basic_attendence","messageBody":"","fileTypesAndContributionMap":{}},{"hash":"4abadb3e3e47f78158da4c96a2ce2244c4b2698f","isMergeCommit":false,"messageTitle":"Add ResetAttendanceCommandTest","messageBody":"","fileTypesAndContributionMap":{"functional-code":{"insertions":2,"deletions":2},"test-code":{"insertions":69,"deletions":5}}},{"hash":"e7832e96180b2ced7c93b024a485d6069708d45a","isMergeCommit":false,"messageTitle":"Add MarkCommandTest","messageBody":"","fileTypesAndContributionMap":{"functional-code":{"insertions":9,"deletions":0},"test-code":{"insertions":111,"deletions":0}}},{"hash":"aa3ad563292fb73b3b44e6d7581455a955f53a1a","isMergeCommit":false,"messageTitle":"Add UnmarkCommandTest","messageBody":"","fileTypesAndContributionMap":{"functional-code":{"insertions":10,"deletions":2},"test-code":{"insertions":111,"deletions":0}}},{"hash":"d276ad3c9ba5d2363e2e367ec42138269d2786cc","isMergeCommit":true,"messageTitle":"Merge branch \u0027master\u0027 into branch-basic_attendence","messageBody":"","fileTypesAndContributionMap":{}},{"hash":"4476b1bfbc02922feb4d241c56424aace7cfb93f","isMergeCommit":false,"messageTitle":"Fix style issues","messageBody":"","fileTypesAndContributionMap":{"functional-code":{"insertions":0,"deletions":1},"test-code":{"insertions":48,"deletions":57}}},{"hash":"217aeed379157e77b177dccb469a9b5542576ff3","isMergeCommit":true,"messageTitle":"Merge branch \u0027branch-basic_attendence\u0027 of https://github.com/yyueyii/tp into branch-basic_attendence","messageBody":"* \u0027branch-basic_attendence\u0027 of https://github.com/yyueyii/tp:\n  Add seperate typical person to test for unsorted list\n  Add sequence diagram for sort command\n  Commit for checkstyle errors in order\n  Add in logger for executing sort command\n  Add in an assert statement as per requirement\n  Add use case and update user guide for sort function\n  Add sorting by name alphabetically for all persons in list\n  Add sequence diagram for batch delete\n","fileTypesAndContributionMap":{}},{"hash":"2155aa7c0d2954b8f98176c15581ce04cbc6cd8a","isMergeCommit":false,"messageTitle":"Fix checkstyle issues after pulling","messageBody":"","fileTypesAndContributionMap":{"functional-code":{"insertions":1,"deletions":1},"test-code":{"insertions":2,"deletions":1}}},{"hash":"28d60d991b99872caaa5fbbc4957c2eaaf6ca6bb","isMergeCommit":false,"messageTitle":"Add Student child class, improve OOP","messageBody":"","fileTypesAndContributionMap":{"functional-code":{"insertions":120,"deletions":54},"test-code":{"insertions":278,"deletions":62}}},{"hash":"116b89ab4c11d71d5829e7de6b3c6a2e70cd6649","isMergeCommit":false,"messageTitle":"Fix to pass test","messageBody":"","fileTypesAndContributionMap":{"functional-code":{"insertions":11,"deletions":3}}},{"hash":"642233b58cd66a1dcbfcae33bf656763492e6b40","isMergeCommit":false,"messageTitle":"Edit to pass checkstyle","messageBody":"","fileTypesAndContributionMap":{"functional-code":{"insertions":6,"deletions":5},"test-code":{"insertions":6,"deletions":8}}},{"hash":"29fc32e5869299fbff6b317612d73cc0b75bbcb3","isMergeCommit":true,"messageTitle":"Merge branch \u0027master\u0027 into branch-basic_attendence","messageBody":"","fileTypesAndContributionMap":{}},{"hash":"17c3b748e8e24d5f5d1c648b2c3156362857fbb1","isMergeCommit":false,"messageTitle":"Edit to pass checkstyle","messageBody":"","fileTypesAndContributionMap":{"test-code":{"insertions":1,"deletions":1}}}]},{"date":"2024-10-25","commitResults":[{"hash":"539f44f18c38cf26d13b0e5080707aab0df49046","isMergeCommit":false,"messageTitle":"Fix test cases issues, implement oop in edit and batch-edit","messageBody":"","fileTypesAndContributionMap":{"functional-code":{"insertions":176,"deletions":21},"test-code":{"insertions":187,"deletions":64}}},{"hash":"dabff2fb9fa0e10c96d75c1bba02686b19638545","isMergeCommit":false,"messageTitle":"Edit to pass checkstyle","messageBody":"","fileTypesAndContributionMap":{"functional-code":{"insertions":5,"deletions":7},"test-code":{"insertions":9,"deletions":11}}}]},{"date":"2024-10-27","commitResults":[{"hash":"a6f3b28164e6016354523a993aefaa6a06e98b80","isMergeCommit":false,"messageTitle":"Add group attendance features and tests","messageBody":"","fileTypesAndContributionMap":{"functional-code":{"insertions":186,"deletions":7},"test-code":{"insertions":150,"deletions":1}}},{"hash":"512ebf4cfaadd24cdcc265b76ab8d23b8eb3c2cb","isMergeCommit":false,"messageTitle":"Edit to pass checkstyle","messageBody":"","fileTypesAndContributionMap":{"functional-code":{"insertions":25,"deletions":19},"test-code":{"insertions":173,"deletions":13}}},{"hash":"98c8268fc0c6c7b0edca08c0338574410122ede7","isMergeCommit":false,"messageTitle":"Edit UML class diagrams","messageBody":"","fileTypesAndContributionMap":{"docs":{"insertions":7,"deletions":0}}}]},{"date":"2024-10-31","commitResults":[{"hash":"96e0412a365a082919b6c906754bb0f1c0eba645","isMergeCommit":true,"messageTitle":"Merge branch \u0027master\u0027 into branch-basic_attendence","messageBody":"","fileTypesAndContributionMap":{}}]},{"date":"2024-11-01","commitResults":[{"hash":"70a4ec85dd12930129f154374dac9e52ecd8d9e2","isMergeCommit":true,"messageTitle":"Merge pull request #109 from yyueyii/branch-basic_attendence","messageBody":"Add reset attendance, mark and unmark attendance by index ","fileTypesAndContributionMap":{}}]},{"date":"2024-11-06","commitResults":[{"hash":"7adca10b2371dbe2aa93985f568582f968112d37","isMergeCommit":false,"messageTitle":"Change default sample data","messageBody":"","fileTypesAndContributionMap":{"functional-code":{"insertions":16,"deletions":10}}}]},{"date":"2024-11-07","commitResults":[{"hash":"f34036a0c47ca3530a6f452910401b69633b26cd","isMergeCommit":true,"messageTitle":"Merge pull request #164 from yyueyii/branch-group_attendance","messageBody":"Change default sample data","fileTypesAndContributionMap":{}},{"hash":"ff3cdcd0736ebe4ac224191c33883d852fe5a2d7","isMergeCommit":true,"messageTitle":"Merge pull request #163 from zhou-colla/improve-visibility","messageBody":"Improve the visibility of the status bar and the tags","fileTypesAndContributionMap":{}},{"hash":"8fedda82fd242cdc8e2141147c5ff7753bb7bbfa","isMergeCommit":true,"messageTitle":"Merge pull request #150 from yyueyii/branch-edit_uml","messageBody":"Edit UML class diagrams","fileTypesAndContributionMap":{}}]}],"miuna9890":[{"date":"2024-09-29","commitResults":[{"hash":"cb98e36e96ba6f4f0de1d44e3bae93b515894bff","isMergeCommit":true,"messageTitle":"Merge pull request #9 from zhou-colla/branch-add-img","messageBody":"Add Xingye\u0027s photo to Aboutus","fileTypesAndContributionMap":{}},{"hash":"cb247d59a10d6af667c2819fc319c43693af8ba4","isMergeCommit":true,"messageTitle":"Merge pull request #1 from AY2425S1-CS2103T-W13-1/master","messageBody":"Add photo","fileTypesAndContributionMap":{}},{"hash":"793d317b22a0ad11bbe557d2579078ddcb3e93c6","isMergeCommit":true,"messageTitle":"Merge branch \u0027master\u0027 of https://github.com/miuna9890/tp","messageBody":"","fileTypesAndContributionMap":{}}]},{"date":"2024-09-30","commitResults":[{"hash":"147a27dd074032a3648e872d9402c5238450cb71","isMergeCommit":false,"messageTitle":"Update aboutus.md to add photo","messageBody":"","fileTypesAndContributionMap":{"docs":{"insertions":3,"deletions":3}}},{"hash":"1e5c3b69b88802ee9dc5d53079c1920f4b1c4a74","isMergeCommit":false,"messageTitle":"Update Readme contents and acknowledge source","messageBody":"","fileTypesAndContributionMap":{"docs":{"insertions":6,"deletions":7}}}]},{"date":"2024-10-01","commitResults":[{"hash":"79ac43e09eb0ea49f9c831897b09c2ecf0b9d3c5","isMergeCommit":true,"messageTitle":"Merge pull request #14 from yyueyii/branch-about_us","messageBody":"Update AboutUs.md","fileTypesAndContributionMap":{}}]},{"date":"2024-10-02","commitResults":[{"hash":"c7dc443db9e5be953e93f35ce879d3aa8833c7e0","isMergeCommit":true,"messageTitle":"Merge pull request #36 from haleemairfan/issue-update-about-us-page","messageBody":"Update AboutUs.md","fileTypesAndContributionMap":{}}]},{"date":"2024-10-03","commitResults":[{"hash":"8f8e96f82c6f35ac70db1779a21e7e125920f9a8","isMergeCommit":true,"messageTitle":"Merge branch \u0027master\u0027 of https://github.com/AY2425S1-CS2103T-W13-1/tp","messageBody":"","fileTypesAndContributionMap":{}},{"hash":"4f5e8d2b24495a048ca85fc18a7496177f6a94b9","isMergeCommit":false,"messageTitle":"Add in sample user profile for target users","messageBody":"","fileTypesAndContributionMap":{"docs":{"insertions":22,"deletions":5}}}]},{"date":"2024-10-09","commitResults":[{"hash":"468a9f5652d74e206b2b69973b8b1816349d3423","isMergeCommit":true,"messageTitle":"Merge branch \u0027master\u0027 of https://github.com/AY2425S1-CS2103T-W13-1/tp","messageBody":"","fileTypesAndContributionMap":{}},{"hash":"33c390fee0af1f3f24b0f788c46087d01b9e884d","isMergeCommit":false,"messageTitle":"Add delete by phone number functionality","messageBody":"","fileTypesAndContributionMap":{"functional-code":{"insertions":59,"deletions":11}}}]},{"date":"2024-10-10","commitResults":[{"hash":"6311ef27bc53388739c88c0244c274bb5dbe5347","isMergeCommit":false,"messageTitle":"Update to match checkstyle comments","messageBody":"","fileTypesAndContributionMap":{"functional-code":{"insertions":9,"deletions":3}}},{"hash":"4b18f2923e70f390b16d83cf3a49145f52ff8438","isMergeCommit":false,"messageTitle":"Update to meet checkstyle","messageBody":"","fileTypesAndContributionMap":{"functional-code":{"insertions":10,"deletions":7}}},{"hash":"78dcf90b9d52abe21ae033df147cac87f35eb2cd","isMergeCommit":false,"messageTitle":"Add test case to check deletion by phonenum","messageBody":"","fileTypesAndContributionMap":{"functional-code":{"insertions":5,"deletions":1},"test-code":{"insertions":15,"deletions":0}}},{"hash":"ce9e5b87987c845f90c6794b0cab84a00203aaf6","isMergeCommit":false,"messageTitle":"Update checkstyle errors","messageBody":"","fileTypesAndContributionMap":{"test-code":{"insertions":4,"deletions":2}}},{"hash":"47924f1fb60ed09ec0651f376bdfae85893f1b0b","isMergeCommit":false,"messageTitle":"Update to pass test coverage","messageBody":"","fileTypesAndContributionMap":{"test-code":{"insertions":9,"deletions":0}}},{"hash":"851878086a5705611c7a26a7a842ff55497a40fe","isMergeCommit":false,"messageTitle":"Update for checkstyle errors","messageBody":"","fileTypesAndContributionMap":{"test-code":{"insertions":1,"deletions":2}}},{"hash":"fb5b7d4251a819e3bdf06e13eff78fb438085628","isMergeCommit":true,"messageTitle":"Merge pull request #63 from miuna9890/branch-v1.2(1)","messageBody":"Add delete by phone number (IN PROGRESS v1.2)","fileTypesAndContributionMap":{}}]},{"date":"2024-10-15","commitResults":[{"hash":"58c7ecc5bf91fa00108c677cfb9b234e22bd3b9c","isMergeCommit":false,"messageTitle":"Revert to before deleting by phone number","messageBody":"","fileTypesAndContributionMap":{"functional-code":{"insertions":12,"deletions":67},"test-code":{"insertions":0,"deletions":25}}},{"hash":"8aaa33729f18e6b10015c5db652c8f00411cc233","isMergeCommit":false,"messageTitle":"Fix checkstyle errors","messageBody":"","fileTypesAndContributionMap":{"functional-code":{"insertions":1,"deletions":1}}}]},{"date":"2024-10-21","commitResults":[{"hash":"a6bdaa505156bb2a777781cbf4f88262408e8a19","isMergeCommit":true,"messageTitle":"Merge branch \u0027master\u0027 of https://github.com/AY2425S1-CS2103T-W13-1/tp","messageBody":"","fileTypesAndContributionMap":{}},{"hash":"59c930d5948e80ed7d55cd9aca5843ca8c45f2cd","isMergeCommit":true,"messageTitle":"Merge branch \u0027master\u0027 of https://github.com/AY2425S1-CS2103T-W13-1/tp","messageBody":"","fileTypesAndContributionMap":{}}]},{"date":"2024-10-22","commitResults":[{"hash":"7f9328ef61714beaeef4b736cd33e9e0035df444","isMergeCommit":false,"messageTitle":"Add sorting by name alphabetically for all persons in list","messageBody":"","fileTypesAndContributionMap":{"functional-code":{"insertions":47,"deletions":1},"test-code":{"insertions":59,"deletions":8}}},{"hash":"0697e7416e97b4553fb1b203f194292f2aa60d09","isMergeCommit":false,"messageTitle":"Add use case and update user guide for sort function","messageBody":"","fileTypesAndContributionMap":{"docs":{"insertions":12,"deletions":0}}}]},{"date":"2024-10-23","commitResults":[{"hash":"307ef054c93308bd18027145623f5139c0c6b246","isMergeCommit":false,"messageTitle":"Add in an assert statement as per requirement","messageBody":"","fileTypesAndContributionMap":{"functional-code":{"insertions":3,"deletions":0}}},{"hash":"ac5129ff5df28178d6a5b8391f1c0ace30486576","isMergeCommit":false,"messageTitle":"Add in logger for executing sort command","messageBody":"","fileTypesAndContributionMap":{"functional-code":{"insertions":7,"deletions":0}}},{"hash":"395390d7363e4a19fc928680af07657b636b57d1","isMergeCommit":false,"messageTitle":"Commit for checkstyle errors in order","messageBody":"","fileTypesAndContributionMap":{"functional-code":{"insertions":2,"deletions":3}}},{"hash":"83167c978097f50c562e7c690f5bcde69ad53556","isMergeCommit":false,"messageTitle":"Add sequence diagram for sort command","messageBody":"","fileTypesAndContributionMap":{"docs":{"insertions":53,"deletions":0}}}]},{"date":"2024-10-24","commitResults":[{"hash":"a411985e6613fe1cd026d14c1f360d286cda4fb8","isMergeCommit":true,"messageTitle":"Merge branch \u0027master\u0027 into branch-sort","messageBody":"","fileTypesAndContributionMap":{}},{"hash":"9efb03b18d42c9be74d06389bb1c8ffc3298ac70","isMergeCommit":false,"messageTitle":"Add seperate typical person to test for unsorted list","messageBody":"","fileTypesAndContributionMap":{"test-code":{"insertions":94,"deletions":9}}},{"hash":"9d23c22d980a875b3cc4a81cbb05d40e92a90808","isMergeCommit":true,"messageTitle":"Merge pull request #103 from miuna9890/branch-sort","messageBody":"Add sort by name alphabetically","fileTypesAndContributionMap":{}},{"hash":"f0141874968739a325f0f925921264e778cc3031","isMergeCommit":true,"messageTitle":"Merge pull request #108 from miuna9890/branch-sequenceDiagSort","messageBody":"Sequence Diagram for Sort","fileTypesAndContributionMap":{}},{"hash":"ee4c4706d9c639b26e00e8318992f3ec111332a3","isMergeCommit":true,"messageTitle":"Merge branch \u0027master\u0027 of https://github.com/AY2425S1-CS2103T-W13-1/tp","messageBody":"","fileTypesAndContributionMap":{}},{"hash":"32166dc1572ed22a03012a9d70c5ace62e198a9d","isMergeCommit":false,"messageTitle":"Add more testing for sort command (reverseSorted and empty list)","messageBody":"","fileTypesAndContributionMap":{"test-code":{"insertions":154,"deletions":11}}},{"hash":"77b1fa132e56d25170e81ff26a7ebe4bde6df8a8","isMergeCommit":false,"messageTitle":" Fix checkstyle errors","messageBody":"","fileTypesAndContributionMap":{"test-code":{"insertions":0,"deletions":1}}}]},{"date":"2024-10-25","commitResults":[{"hash":"2c00fed032996cb4119d6bed324e996bcb74ec14","isMergeCommit":true,"messageTitle":"Merge branch \u0027master\u0027 of https://github.com/AY2425S1-CS2103T-W13-1/tp","messageBody":"","fileTypesAndContributionMap":{}}]},{"date":"2024-10-26","commitResults":[{"hash":"a0bb6b5f182caf149ad2a51de77b0809dfa41efe","isMergeCommit":false,"messageTitle":"Add sort by the different compulsory attributes","messageBody":"","fileTypesAndContributionMap":{"functional-code":{"insertions":104,"deletions":10},"other":{"insertions":1,"deletions":1},"test-code":{"insertions":236,"deletions":21}}},{"hash":"8568b14661e83fcd9bbbea6e7530cc8d94ffbce7","isMergeCommit":false,"messageTitle":"Fix checkstyle errors","messageBody":"","fileTypesAndContributionMap":{"test-code":{"insertions":1,"deletions":1}}},{"hash":"aa5607350f76260bc0b3166ddce6d88a751612fb","isMergeCommit":false,"messageTitle":"Fix checkstyle errors","messageBody":"","fileTypesAndContributionMap":{"test-code":{"insertions":44,"deletions":38}}},{"hash":"1e6da5bacf18ec060bfa5acda9c5ab4a898d6585","isMergeCommit":false,"messageTitle":"Fix test coverage and checkstyle","messageBody":"","fileTypesAndContributionMap":{"functional-code":{"insertions":7,"deletions":12},"test-code":{"insertions":32,"deletions":13}}}]},{"date":"2024-10-29","commitResults":[{"hash":"2238bd23a36dc299d6967e201b8c240299aa7741","isMergeCommit":false,"messageTitle":"Add role field in model diagrams, edit UG, DG, sort sequence diag","messageBody":"","fileTypesAndContributionMap":{"other":{"insertions":1,"deletions":1},"docs":{"insertions":51,"deletions":26}}}]},{"date":"2024-11-01","commitResults":[{"hash":"c9842831b5e0a20cfb64980501d451f44d192da6","isMergeCommit":false,"messageTitle":"Add case-insensitive sorting for sort command","messageBody":"","fileTypesAndContributionMap":{"functional-code":{"insertions":8,"deletions":4},"test-code":{"insertions":8,"deletions":8}}}]},{"date":"2024-11-03","commitResults":[{"hash":"3196852d55825d6a72ae3aa9758f63dac5d33b69","isMergeCommit":true,"messageTitle":"Merge branch \u0027master\u0027 into branch-sortAll","messageBody":"","fileTypesAndContributionMap":{}},{"hash":"bfd6fc0d4976ad71567456be46a0ec3dc9cc33b5","isMergeCommit":true,"messageTitle":"Merge branch \u0027branch-sortAll\u0027 of https://github.com/miuna9890/tp into branch-sortAll","messageBody":"","fileTypesAndContributionMap":{}},{"hash":"7bf4cf1cad1e9967169d505432d07329b56c867e","isMergeCommit":false,"messageTitle":"Fix merge conflict in test addressbook parser","messageBody":"","fileTypesAndContributionMap":{"test-code":{"insertions":0,"deletions":5}}}]},{"date":"2024-11-07","commitResults":[{"hash":"07dc0453f701091e65b21139024caea1378d63db","isMergeCommit":true,"messageTitle":"Merge pull request #123 from miuna9890/branch-sortAll","messageBody":"Add sort for all compulsory attributes(name,role,email,address and phone)","fileTypesAndContributionMap":{}},{"hash":"2ecc2003bdf60620e84333b419bd9ab5bd77da55","isMergeCommit":true,"messageTitle":"Merge pull request #132 from miuna9890/branch-DocumentationSort","messageBody":"Edit DG, UG sequence diag for sort","fileTypesAndContributionMap":{}}]}],"haleemairfan":[{"date":"2024-10-02","commitResults":[{"hash":"7ae10e2ede4c18d178a62b5dd771d6c12ff84b87","isMergeCommit":true,"messageTitle":"Merge pull request #27 from haleemairfan/issue-adding-photo","messageBody":"Add Haleema\u0027s photo","fileTypesAndContributionMap":{}},{"hash":"8fe0c870fbf72bf27c0846ffd41f1bd1bf8c2455","isMergeCommit":false,"messageTitle":"Update AboutUs.md","messageBody":"","fileTypesAndContributionMap":{"docs":{"insertions":12,"deletions":0}}},{"hash":"a29a4bf0f18c21003b951329fbbded400111c915","isMergeCommit":false,"messageTitle":"Update AboutUs.md","messageBody":"","fileTypesAndContributionMap":{"docs":{"insertions":1,"deletions":1}}},{"hash":"d07f88dc2f459c339773678d62a991a87e2b7605","isMergeCommit":true,"messageTitle":"Merge pull request #29 from haleemairfan/issue-update-about-us-page","messageBody":"Update about us page","fileTypesAndContributionMap":{}},{"hash":"cdc3cd24ccd62b742c30eb835d4da0b7f67bb66e","isMergeCommit":false,"messageTitle":"Update README.md","messageBody":"","fileTypesAndContributionMap":{"docs":{"insertions":1,"deletions":1}}},{"hash":"5b06cb58970cd3db6ef374e1aba28bd4c79c0f89","isMergeCommit":false,"messageTitle":"Update DeveloperGuide.md","messageBody":"","fileTypesAndContributionMap":{"docs":{"insertions":78,"deletions":22}}},{"hash":"18233113dff7965574731296dec4849ae8a9ccbf","isMergeCommit":false,"messageTitle":"Update AboutUs.md","messageBody":"","fileTypesAndContributionMap":{"docs":{"insertions":5,"deletions":16}}},{"hash":"3554e5a46044908958d4e63a387b685d50721fe0","isMergeCommit":true,"messageTitle":"Merge pull request #35 from MinkhantEain/branch-add-photo","messageBody":"Update Java CI and Add Paing\u0027s github link","fileTypesAndContributionMap":{}}]},{"date":"2024-10-13","commitResults":[{"hash":"f914d75fea8c0e3d2036a11301aa05bcbd69c7d9","isMergeCommit":false,"messageTitle":"add new remark command","messageBody":"","fileTypesAndContributionMap":{"functional-code":{"insertions":218,"deletions":68},"test-code":{"insertions":115,"deletions":14}}},{"hash":"fc286ca788b6bbf3ad88e20dab9c8ab9da95b506","isMergeCommit":true,"messageTitle":"Merge branch \u0027AY2425S1-CS2103T-W13-1:master\u0027 into master","messageBody":"","fileTypesAndContributionMap":{}}]},{"date":"2024-10-15","commitResults":[{"hash":"e07bfa332371b79cbda675d5bff8cf1387dc71f1","isMergeCommit":false,"messageTitle":"Add delete by name functionality","messageBody":"","fileTypesAndContributionMap":{"functional-code":{"insertions":71,"deletions":11}}}]},{"date":"2024-10-16","commitResults":[{"hash":"74df529e8a498959cdd7c66b0bb1f5927c44f9da","isMergeCommit":false,"messageTitle":"Add tutorial-2","messageBody":"","fileTypesAndContributionMap":{"functional-code":{"insertions":0,"deletions":1}}},{"hash":"ae4cc47d15b89d68032f489feab51ea8e5de3ed0","isMergeCommit":true,"messageTitle":"Revert changes","messageBody":"","fileTypesAndContributionMap":{}},{"hash":"164550119ceaaa39e5a41a4587d294aebb5d2a00","isMergeCommit":false,"messageTitle":"Revert changes","messageBody":"","fileTypesAndContributionMap":{"functional-code":{"insertions":17,"deletions":63}}}]},{"date":"2024-10-17","commitResults":[{"hash":"f12873667ad3223dc1daeafa8205a01efbcd0ae5","isMergeCommit":false,"messageTitle":"Add delete by name functionality","messageBody":"","fileTypesAndContributionMap":{"functional-code":{"insertions":160,"deletions":237},"test-code":{"insertions":0,"deletions":94}}},{"hash":"74187e66c0644b147659877ab1e66c780b8dc0ec","isMergeCommit":false,"messageTitle":"Fix checkstyle errors","messageBody":"","fileTypesAndContributionMap":{"functional-code":{"insertions":0,"deletions":1},"docs":{"insertions":5,"deletions":5}}},{"hash":"0c163f2cfff789da22569f2eb208184a459cb70c","isMergeCommit":false,"messageTitle":"Fix checkstyle","messageBody":"","fileTypesAndContributionMap":{"functional-code":{"insertions":1,"deletions":1}}},{"hash":"c7a4c28527ee8e610f9300892fb8f81c3ffd310d","isMergeCommit":false,"messageTitle":"Fix checkstyle","messageBody":"","fileTypesAndContributionMap":{"functional-code":{"insertions":136,"deletions":85}}},{"hash":"865fda07720638cca372f1dd46d618776e5b50a8","isMergeCommit":false,"messageTitle":"Fix checkstyle","messageBody":"","fileTypesAndContributionMap":{"functional-code":{"insertions":35,"deletions":25}}},{"hash":"bdc27fdcf4dedb6e21b39d70df4f4fa627fa3498","isMergeCommit":false,"messageTitle":"Fix Checkstyle","messageBody":"","fileTypesAndContributionMap":{"functional-code":{"insertions":1,"deletions":0}}},{"hash":"04f74e33c71d7741a2f56dd8a02f1a6d9bede0ee","isMergeCommit":false,"messageTitle":"Fix checkstyle","messageBody":"","fileTypesAndContributionMap":{"functional-code":{"insertions":1,"deletions":2},"test-code":{"insertions":1,"deletions":17}}},{"hash":"15b7994e7808d95a365040dee5e893e52cf00ec0","isMergeCommit":false,"messageTitle":"Fix Checkstyle","messageBody":"","fileTypesAndContributionMap":{"test-code":{"insertions":14,"deletions":2}}},{"hash":"463e14ff5b850d178ac7e4185decdc244219ecbe","isMergeCommit":false,"messageTitle":"Fix checkstyle","messageBody":"","fileTypesAndContributionMap":{"test-code":{"insertions":0,"deletions":5}}},{"hash":"f64b62ccfb5c2fcf1edb51cc3d92720c3d0b6bf1","isMergeCommit":false,"messageTitle":"Fix checkstyle","messageBody":"","fileTypesAndContributionMap":{"test-code":{"insertions":0,"deletions":2}}},{"hash":"a1b3b0fc7131d53f7f819551dc5ca4e8e23281a8","isMergeCommit":false,"messageTitle":"Remove remark","messageBody":"","fileTypesAndContributionMap":{"functional-code":{"insertions":0,"deletions":3}}},{"hash":"86e15b8ce32ed214df03083cfc1804c4ad045f2b","isMergeCommit":false,"messageTitle":"Add testing","messageBody":"","fileTypesAndContributionMap":{"test-code":{"insertions":96,"deletions":8}}},{"hash":"f98f511cf3687df97ee52a8d31ea74157482f97d","isMergeCommit":false,"messageTitle":"Revert tests","messageBody":"","fileTypesAndContributionMap":{"test-code":{"insertions":10,"deletions":98}}},{"hash":"f8e05cf13b28edad8bffb6c5181e9c8a8f91df1f","isMergeCommit":false,"messageTitle":"Fix checkstyle","messageBody":"","fileTypesAndContributionMap":{"test-code":{"insertions":2,"deletions":2}}},{"hash":"90ef80b04e6e3c3d6fc2672f83395131f2753a3a","isMergeCommit":true,"messageTitle":"Merge branch \u0027master\u0027 into master","messageBody":"","fileTypesAndContributionMap":{}},{"hash":"5b2d4c640ee70102783293dd30376b32eca67506","isMergeCommit":false,"messageTitle":"Update UserGuide.md","messageBody":"","fileTypesAndContributionMap":{"docs":{"insertions":18,"deletions":0}}},{"hash":"a6271747b0a2ede572b78349bbdd47801d972b7a","isMergeCommit":true,"messageTitle":"Merge pull request #77 from haleemairfan/master","messageBody":"Add delete by name functionality, if duplicates are present return a list to users","fileTypesAndContributionMap":{}},{"hash":"c39fd712359e3af8a8c3727c711e9e4bcf2c28ed","isMergeCommit":true,"messageTitle":"Merge branch \u0027master\u0027 into issue-edit-delete-ug","messageBody":"","fileTypesAndContributionMap":{}}]},{"date":"2024-10-20","commitResults":[{"hash":"6d85806d81e2be292d57e0b29f3967ecfff91675","isMergeCommit":false,"messageTitle":"Add partial search","messageBody":"","fileTypesAndContributionMap":{"functional-code":{"insertions":10,"deletions":11}}},{"hash":"1e32255749c0760fc7de846d985a7933c3d45215","isMergeCommit":false,"messageTitle":"Add partial search","messageBody":"","fileTypesAndContributionMap":{"functional-code":{"insertions":28,"deletions":8}}},{"hash":"6476e914544999a14d7513aa84f7c519c2b28655","isMergeCommit":false,"messageTitle":"Fix checkstyle","messageBody":"","fileTypesAndContributionMap":{"functional-code":{"insertions":2,"deletions":6}}},{"hash":"d9549c95f75b2185280914da0b627ee2abfed5ee","isMergeCommit":false,"messageTitle":"Fix testing","messageBody":"","fileTypesAndContributionMap":{"test-code":{"insertions":4,"deletions":22}}},{"hash":"aa5111e50eb91af937bc0c7141738d0aed23fb68","isMergeCommit":false,"messageTitle":"Fix testing","messageBody":"","fileTypesAndContributionMap":{"test-code":{"insertions":11,"deletions":8}}},{"hash":"adfbc8247ea41885289567d61061aefa8139a2c0","isMergeCommit":false,"messageTitle":"Fix checkstyle","messageBody":"","fileTypesAndContributionMap":{"docs":{"insertions":1,"deletions":1},"test-code":{"insertions":1,"deletions":1}}},{"hash":"ceddecc3e42891c361a0b49a77986e159f5ab100","isMergeCommit":false,"messageTitle":"Fix checkstyle","messageBody":"","fileTypesAndContributionMap":{"test-code":{"insertions":2,"deletions":2}}},{"hash":"d1e1853dc2ed65b1f7ba9f72431a31b5f0a09ec8","isMergeCommit":false,"messageTitle":"Revert changes","messageBody":"","fileTypesAndContributionMap":{"test-code":{"insertions":20,"deletions":13}}},{"hash":"ed84683af387b89d9850dbb0f02f65803fb8a818","isMergeCommit":false,"messageTitle":"Add test coverage","messageBody":"","fileTypesAndContributionMap":{"test-code":{"insertions":42,"deletions":41}}},{"hash":"7c63778e9cf5a8b119fe26ab2a0b059e3251d9c0","isMergeCommit":false,"messageTitle":"Add testing","messageBody":"","fileTypesAndContributionMap":{"functional-code":{"insertions":4,"deletions":2},"test-code":{"insertions":18,"deletions":14}}}]},{"date":"2024-10-21","commitResults":[{"hash":"3e4380351039f3de784291a0b95c6ab485e26fd7","isMergeCommit":false,"messageTitle":"Fix checkstyle","messageBody":"","fileTypesAndContributionMap":{"test-code":{"insertions":8,"deletions":23}}},{"hash":"8ae72529015c657437dc9d5f3d7e0d882227ca26","isMergeCommit":true,"messageTitle":"Merge pull request #95 from haleemairfan/master","messageBody":"Add test coverage for delete command v1.3","fileTypesAndContributionMap":{}}]},{"date":"2024-10-24","commitResults":[{"hash":"27d8948ad0a2604cdd6cd5ed311158a1fda7d1f9","isMergeCommit":false,"messageTitle":"Add prefixes to delete command","messageBody":"","fileTypesAndContributionMap":{"functional-code":{"insertions":218,"deletions":65}}},{"hash":"57efc460dde7523e9c6a1bd82b31d895f2b87e27","isMergeCommit":false,"messageTitle":"Fix checkstyle","messageBody":"","fileTypesAndContributionMap":{"functional-code":{"insertions":141,"deletions":81}}},{"hash":"a9c698debd0626cb9702130116f997b27c807e45","isMergeCommit":true,"messageTitle":"Merge branch \u0027AY2425S1-CS2103T-W13-1:master\u0027 into master","messageBody":"","fileTypesAndContributionMap":{}},{"hash":"8bf1dd791e20b993d6337990b555569b1b2ea8cb","isMergeCommit":false,"messageTitle":"Add testing","messageBody":"","fileTypesAndContributionMap":{"test-code":{"insertions":37,"deletions":2}}},{"hash":"d700c75a1739ecc650fb55cb47ce35326f4ca4f9","isMergeCommit":false,"messageTitle":"Add testing","messageBody":"","fileTypesAndContributionMap":{"functional-code":{"insertions":11,"deletions":3},"test-code":{"insertions":9,"deletions":8}}},{"hash":"54facb5913b8a57c16adf873767f19607a09c54c","isMergeCommit":false,"messageTitle":"Fix checkstyle","messageBody":"","fileTypesAndContributionMap":{"test-code":{"insertions":11,"deletions":4}}},{"hash":"98f59e7631d65b16fa5905132c4c3a67d1f49d72","isMergeCommit":false,"messageTitle":"Fix checkstyle","messageBody":"","fileTypesAndContributionMap":{"test-code":{"insertions":1,"deletions":1}}},{"hash":"a565e1d1ce01c87d6cf03a2dc672b0f55c0b3eca","isMergeCommit":false,"messageTitle":"Add testing","messageBody":"","fileTypesAndContributionMap":{"test-code":{"insertions":86,"deletions":1}}},{"hash":"28276f17fbaa0de44f645babd31f25dc701ec91c","isMergeCommit":false,"messageTitle":"Add testing","messageBody":"","fileTypesAndContributionMap":{"test-code":{"insertions":5,"deletions":4}}},{"hash":"345152fe4ea4fbc35350d1bd7e3bdee55f6b2f1f","isMergeCommit":false,"messageTitle":"Fix instructions","messageBody":"","fileTypesAndContributionMap":{"functional-code":{"insertions":1,"deletions":1}}}]}],"MinkhantEain":[{"date":"2024-09-29","commitResults":[{"hash":"ec0a3af2d2ebc26e01501ad2fe9ce07449d91da5","isMergeCommit":false,"messageTitle":"Add Paing Photo","messageBody":"","fileTypesAndContributionMap":{"docs":{"insertions":2,"deletions":2}}}]},{"date":"2024-10-02","commitResults":[{"hash":"d36b1875a081b70214837c164b9ee0c9efb98ea2","isMergeCommit":false,"messageTitle":"Add github account link to Paing\u0027s AboutUs section","messageBody":"","fileTypesAndContributionMap":{"docs":{"insertions":1,"deletions":1}}},{"hash":"6fd6158e91248b9979f8499449804f8cf3215303","isMergeCommit":false,"messageTitle":"Add Java CI status on index.md and README.md","messageBody":"","fileTypesAndContributionMap":{"docs":{"insertions":2,"deletions":3}}}]},{"date":"2024-10-03","commitResults":[{"hash":"ecb9921536b1646b6450acfaf41b080222d4a559","isMergeCommit":false,"messageTitle":"Add Add and Delete contact usecases","messageBody":"","fileTypesAndContributionMap":{"docs":{"insertions":32,"deletions":29}}},{"hash":"d96c5d8003a932ab4da3af7bbcfbc92b33ed94c5","isMergeCommit":false,"messageTitle":"Add UC3 and UC4","messageBody":"","fileTypesAndContributionMap":{"docs":{"insertions":35,"deletions":22}}},{"hash":"43fecff7c945736e06116cb8029785487c4b9712","isMergeCommit":true,"messageTitle":"Merge pull request #44 from zhou-colla/update-references","messageBody":"Update website references","fileTypesAndContributionMap":{}},{"hash":"26788ad71f096c8525684b84b8a0271da698a16a","isMergeCommit":false,"messageTitle":"Fix UC1,2,3","messageBody":"","fileTypesAndContributionMap":{"docs":{"insertions":30,"deletions":33}}},{"hash":"6a7f6f9f0c8be047de5c050e2559f757becd992d","isMergeCommit":true,"messageTitle":"Merge pull request #43 from zhou-colla/update-user-stories","messageBody":"Update the user stories","fileTypesAndContributionMap":{}}]},{"date":"2024-10-05","commitResults":[{"hash":"3c7e8249510781907a21b965b8a76186d79c5d15","isMergeCommit":true,"messageTitle":"Merge pull request #50 from zhou-colla/update-xingye-info","messageBody":"update zhouxingye.md","fileTypesAndContributionMap":{}}]},{"date":"2024-10-09","commitResults":[{"hash":"bec0f05ef22d4b36e6a72f7ffdbb8867c0be28a7","isMergeCommit":false,"messageTitle":"Change isSamePerson functionality to make phone number unique","messageBody":"","fileTypesAndContributionMap":{"functional-code":{"insertions":3,"deletions":2},"test-code":{"insertions":9,"deletions":17}}},{"hash":"1aad0600ab1e1457bfaa6335b5f39813b7d140f1","isMergeCommit":false,"messageTitle":"Correct PersonTest imports","messageBody":"","fileTypesAndContributionMap":{"test-code":{"insertions":3,"deletions":1}}}]},{"date":"2024-10-10","commitResults":[{"hash":"4f7bd5f6a76f9f4fda19aaa01d42c67d17a8a220","isMergeCommit":false,"messageTitle":"Update usecases for delete and list","messageBody":"","fileTypesAndContributionMap":{"docs":{"insertions":34,"deletions":60}}},{"hash":"0c80f231e99d669b06074f963c7363c982ccc2f6","isMergeCommit":false,"messageTitle":"Change wording for delete use case","messageBody":"","fileTypesAndContributionMap":{"docs":{"insertions":1,"deletions":1}}},{"hash":"249e81afc845cd16ef226e74621cb6e3802ec52b","isMergeCommit":true,"messageTitle":"Merge pull request #61 from MinkhantEain/branch-unique-phonenumber","messageBody":"Make phone number unique","fileTypesAndContributionMap":{}}]},{"date":"2024-10-15","commitResults":[{"hash":"6cfb32f9759bc44e3327f87b3683a9f625b8caa5","isMergeCommit":true,"messageTitle":"Merge pull request #73 from miuna9890/branch-revertdelete","messageBody":"Revert to before deleting by phone number","fileTypesAndContributionMap":{}}]},{"date":"2024-10-16","commitResults":[{"hash":"7ac8e41d606f7ddcdb680bc9cfc459cada3d0d34","isMergeCommit":false,"messageTitle":"Update UseCases","messageBody":"","fileTypesAndContributionMap":{"docs":{"insertions":3,"deletions":9}}}]},{"date":"2024-10-17","commitResults":[{"hash":"dcaf77939dd12481ee2a342ae53aa7318568c07d","isMergeCommit":false,"messageTitle":"Add batch delete command and person contains predicate","messageBody":"","fileTypesAndContributionMap":{"functional-code":{"insertions":127,"deletions":0}}},{"hash":"2330f3a53b96de729c8b36afb3b2d1203a4d2815","isMergeCommit":false,"messageTitle":"Add batch delete command parser","messageBody":"","fileTypesAndContributionMap":{"functional-code":{"insertions":39,"deletions":0}}},{"hash":"0d112b26ba43439b23b3ebc9ac72ea3666d0cc63","isMergeCommit":false,"messageTitle":"Add BatchDelete functionality","messageBody":"","fileTypesAndContributionMap":{"functional-code":{"insertions":14,"deletions":15}}},{"hash":"906858a7e7b738795f5f7f51116b217b27a6977d","isMergeCommit":false,"messageTitle":"Add PersonContainsTagsPredicateTest.java","messageBody":"","fileTypesAndContributionMap":{"test-code":{"insertions":101,"deletions":0}}},{"hash":"7ff84a1662d74e0f18715542a36a1e0d9baf0270","isMergeCommit":false,"messageTitle":"Add BatchDeleteParserTest","messageBody":"","fileTypesAndContributionMap":{"test-code":{"insertions":43,"deletions":0}}},{"hash":"75a85376c53d29ea9b1281352d7e4f6ca22c36c8","isMergeCommit":false,"messageTitle":"Correct style","messageBody":"","fileTypesAndContributionMap":{"functional-code":{"insertions":51,"deletions":37},"test-code":{"insertions":139,"deletions":14}}},{"hash":"e7344d1f3cac54c685d74d71e31d730e42dfd293","isMergeCommit":true,"messageTitle":"Fix merge","messageBody":"","fileTypesAndContributionMap":{}},{"hash":"ccca09075315f7c45be30b3242e458cd976bbed0","isMergeCommit":true,"messageTitle":"Merge pull request #80 from yyueyii/branch-update_ug_add","messageBody":"Update UG and name change","fileTypesAndContributionMap":{}},{"hash":"c597465af793f88a6401389ddf73cf49269f2b31","isMergeCommit":false,"messageTitle":"Add more testcase for batch delete command","messageBody":"","fileTypesAndContributionMap":{"test-code":{"insertions":18,"deletions":14}}},{"hash":"c3b9c9b682eb5eeee2e3a6e1aa64520119f23321","isMergeCommit":true,"messageTitle":"Merge pull request #85 from zhou-colla/update-white-theme-input-field","messageBody":"Create a border for the input field","fileTypesAndContributionMap":{}},{"hash":"c4cbeb8c78fdbb7f995b096d5535702d5a44903d","isMergeCommit":true,"messageTitle":"Merge pull request #84 from MinkhantEain/branch-batch-delete","messageBody":"Batch delete implementation","fileTypesAndContributionMap":{}},{"hash":"93612d78942503d729d4d9ed3ca2f835182c5354","isMergeCommit":false,"messageTitle":"Update UG and UC for batch-delete","messageBody":"","fileTypesAndContributionMap":{"docs":{"insertions":24,"deletions":0}}},{"hash":"a0ecba48419da9529a31fbb8052a068b1ee86c1d","isMergeCommit":true,"messageTitle":"Merge pull request #87 from yyueyii/branch-edit_index","messageBody":"Change index page names and Ui.png to reflect current Ui","fileTypesAndContributionMap":{}},{"hash":"76aa93e8a19bbe620f64f654068c93e9ff40817b","isMergeCommit":false,"messageTitle":"Change for comment","messageBody":"","fileTypesAndContributionMap":{"docs":{"insertions":3,"deletions":3}}},{"hash":"c22a510a93449eca955579c819bf458f2c19718a","isMergeCommit":false,"messageTitle":"Change for comment","messageBody":"","fileTypesAndContributionMap":{"docs":{"insertions":4,"deletions":2}}},{"hash":"9e72975d6aff0d7c1f3e736c74e5716aa0ccb8f4","isMergeCommit":true,"messageTitle":"Merge pull request #88 from MinkhantEain/branch-ug-batch-delete","messageBody":"Update UG and UC for batch-delete","tags":["v1.3"],"fileTypesAndContributionMap":{}}]},{"date":"2024-10-21","commitResults":[{"hash":"027df49fb7b78538fcde99af74d29f08d4b8761b","isMergeCommit":false,"messageTitle":"Add sequence diagram for batch delete","messageBody":"","fileTypesAndContributionMap":{"functional-code":{"insertions":0,"deletions":1},"docs":{"insertions":110,"deletions":0}}}]},{"date":"2024-10-23","commitResults":[{"hash":"c213389f0a2015cbdd275d84fb9a1fd272eedd3d","isMergeCommit":false,"messageTitle":"Add batch-edit","messageBody":"","fileTypesAndContributionMap":{"functional-code":{"insertions":168,"deletions":1},"other":{"insertions":5,"deletions":0},"docs":{"insertions":0,"deletions":2}}},{"hash":"2853fc420ce12037b36a193c0076e12f10c6511c","isMergeCommit":false,"messageTitle":"Add batch-edit testcase","messageBody":"","fileTypesAndContributionMap":{"functional-code":{"insertions":3,"deletions":4},"test-code":{"insertions":225,"deletions":0}}},{"hash":"eeaacb0d96b539488471cac0c8b85ca966accddd","isMergeCommit":false,"messageTitle":"Complete batch-edit testcase","messageBody":"","fileTypesAndContributionMap":{"functional-code":{"insertions":0,"deletions":1}}},{"hash":"875493c10261294545c45e73355f9020be805a10","isMergeCommit":false,"messageTitle":"Remove prints from BatchEditCommand class","messageBody":"","fileTypesAndContributionMap":{"functional-code":{"insertions":0,"deletions":1}}},{"hash":"03f78ff6ffaf3ca8983c64a9c458b4cd7e1226d8","isMergeCommit":false,"messageTitle":"Add minor tweaks","messageBody":"","fileTypesAndContributionMap":{"functional-code":{"insertions":1,"deletions":1}}},{"hash":"7b41099af613bdd7bd8beef83d3103bfb664bca6","isMergeCommit":true,"messageTitle":"Resolve conflict","messageBody":"","fileTypesAndContributionMap":{}},{"hash":"0f7fc693980b79cb59674f6a8eafccba2fdd81c4","isMergeCommit":false,"messageTitle":"Fix typical persons","messageBody":"","fileTypesAndContributionMap":{"test-code":{"insertions":6,"deletions":2}}},{"hash":"9dbc5d09b2a891a0bbc95165c6dd2a740cbae198","isMergeCommit":false,"messageTitle":"Fix checkstyle","messageBody":"","fileTypesAndContributionMap":{"functional-code":{"insertions":0,"deletions":1}}},{"hash":"79e7ceb41a32d9be7df8fee81c74c7e441bab3ba","isMergeCommit":false,"messageTitle":"Fix checkstyle test","messageBody":"","fileTypesAndContributionMap":{"test-code":{"insertions":15,"deletions":13}}},{"hash":"21c21463435997d17df912c52c27d5e1d37dbe1f","isMergeCommit":false,"messageTitle":"Add shows change to","messageBody":"","fileTypesAndContributionMap":{"functional-code":{"insertions":4,"deletions":3},"test-code":{"insertions":40,"deletions":21}}},{"hash":"393e37c852b0c2483e8714a3d85a7e9cfb59ce5a","isMergeCommit":false,"messageTitle":"Add message when specified tag is not found","messageBody":"","fileTypesAndContributionMap":{"functional-code":{"insertions":8,"deletions":3},"test-code":{"insertions":16,"deletions":2}}}]},{"date":"2024-10-24","commitResults":[{"hash":"49c8221afcbe6f5d5fee2591a10c4eae578eb835","isMergeCommit":false,"messageTitle":"Change for yueyi request","messageBody":"","fileTypesAndContributionMap":{"functional-code":{"insertions":5,"deletions":9},"test-code":{"insertions":6,"deletions":39}}},{"hash":"ce790cd649ecb70c2faee8e7427524fc9af65c15","isMergeCommit":true,"messageTitle":"Resolve conflict","messageBody":"","fileTypesAndContributionMap":{}},{"hash":"14a8586a5e485dda5bc6a7c6d85a459644abf1a5","isMergeCommit":true,"messageTitle":"Merge pull request #99 from MinkhantEain/branch-batch-delete-sequence-diagram","messageBody":"Add sequence diagram for batch delete","fileTypesAndContributionMap":{}},{"hash":"060f7d922ed4ea06af1d4b935cb47a7a3612c508","isMergeCommit":true,"messageTitle":"Merge pull request #106 from MinkhantEain/branch-batch-edit","messageBody":"Branch batch edit","fileTypesAndContributionMap":{}},{"hash":"c375bf9928262cd97edb8b9b12d8c0cb3f3f62a7","isMergeCommit":true,"messageTitle":"Merge pull request #119 from zhou-colla/enable-assertions","messageBody":"Enable assertions","fileTypesAndContributionMap":{}},{"hash":"b874f89aef61a43c201d6d5d524aa69575b83843","isMergeCommit":true,"messageTitle":"Merge pull request #118 from zhou-colla/update-help-window","messageBody":"Update help window","tags":["v1.4"],"fileTypesAndContributionMap":{}}]},{"date":"2024-10-28","commitResults":[{"hash":"2d4a5b78aab9a7cc2f200eecb07e03aad959a993","isMergeCommit":false,"messageTitle":"Improve batch-delete for readability and tests","messageBody":"","fileTypesAndContributionMap":{"functional-code":{"insertions":5,"deletions":7},"test-code":{"insertions":72,"deletions":36}}},{"hash":"53d8aa78e6bd46703e2e61c8aa0b03cb2f96ef6d","isMergeCommit":false,"messageTitle":"Fix style","messageBody":"","fileTypesAndContributionMap":{"test-code":{"insertions":6,"deletions":3}}}]},{"date":"2024-10-31","commitResults":[{"hash":"57e42536685dfb8286d4a9dabeb3520f824ac372","isMergeCommit":false,"messageTitle":"Add message when no person found with specified tag","messageBody":"","fileTypesAndContributionMap":{"functional-code":{"insertions":7,"deletions":2},"test-code":{"insertions":16,"deletions":0}}},{"hash":"7c61a94c5b93b72a824a768355d2438dca17c4f6","isMergeCommit":true,"messageTitle":"Merge pull request #130 from MinkhantEain/branch-batch-delete","messageBody":"Improve batch-delete for readability and tests","fileTypesAndContributionMap":{}}]},{"date":"2024-11-01","commitResults":[{"hash":"7ffbd08d2c6c90ba08bba1e0f6f0d12051418061","isMergeCommit":false,"messageTitle":"Add user guide and developer guide for batch-delete","messageBody":"","fileTypesAndContributionMap":{"docs":{"insertions":23,"deletions":1}}}]},{"date":"2024-11-06","commitResults":[{"hash":"029c03e08f2938d0d14fb776842bcd9910934bfc","isMergeCommit":false,"messageTitle":"Add batch-edit to command summary","messageBody":"","fileTypesAndContributionMap":{"docs":{"insertions":1,"deletions":0}}},{"hash":"53aadf9d0d9eb4c7a57a06b4e76bf2246fd6d0c9","isMergeCommit":false,"messageTitle":"Correct grammer phrasing","messageBody":"","fileTypesAndContributionMap":{"docs":{"insertions":1,"deletions":1}}},{"hash":"7d79f99191f16683bd03aa5f917501b3b6ceac0d","isMergeCommit":true,"messageTitle":"Merge pull request #144 from MinkhantEain/branch-batch-edit","messageBody":"Add user guide and developer guide for batch-delete","fileTypesAndContributionMap":{}}]},{"date":"2024-11-07","commitResults":[{"hash":"39af385a8542ae9fca8e9212e8ee72e3741cf134","isMergeCommit":false,"messageTitle":"Tweak tag to make it possible to add space","messageBody":"","fileTypesAndContributionMap":{"functional-code":{"insertions":15,"deletions":2},"test-code":{"insertions":19,"deletions":1}}},{"hash":"e0228f1075bae5afbe2aecaef4edfdbc78d831e1","isMergeCommit":false,"messageTitle":"Fix style","messageBody":"","fileTypesAndContributionMap":{"test-code":{"insertions":0,"deletions":2}}},{"hash":"f411457713cb099f8f501b3a2da943cceb673443","isMergeCommit":true,"messageTitle":"Merge pull request #171 from MinkhantEain/branch-tag-spacable","messageBody":"Tweak tag to make it possible to add space","fileTypesAndContributionMap":{}}]}]},"authorFileTypeContributionMap":{"zhou-colla":{"docs":121,"functional-code":642,"test-code":371,"other":8},"yyueyii":{"docs":49,"functional-code":1001,"test-code":1336,"other":1},"miuna9890":{"docs":121,"functional-code":153,"test-code":514,"other":1},"haleemairfan":{"docs":38,"functional-code":396,"test-code":161},"MinkhantEain":{"docs":194,"functional-code":373,"test-code":578,"other":5}},"authorContributionVariance":{"zhou-colla":7929.5713,"yyueyii":47577.312,"miuna9890":7228.46,"haleemairfan":35441.99,"MinkhantEain":14723.482},"authorDisplayNameMap":{"zhou-colla":"CS2103T-W13-1 ZHOU..NGYE","yyueyii":"CS2103T-W13-1 LI Y..UEYI","miuna9890":"CS2103T-W13-1 VARA..HUNA","haleemairfan":"CS2103T-W13-1 HALE..RFAN","MinkhantEain":"CS2103T-W13-1 PAIN..KYAW"}}
