{"repoSenseVersion":"03dd38d625","reportGeneratedTime":"Sat, 5 Oct 2024 10:51:02 UTC+08:00","reportGenerationTime":" 56.98 second(s)","zoneId":"UTC+08:00","reportTitle":"CS2103 tP Code Dashboard","repos":[{"location":{"location":"https://github.com/AY2425S1-CS2103T-W08-1/tp.git","repoName":"tp","organization":"AY2425S1-CS2103T-W08-1","domainName":"github"},"branch":"master","displayName":"AY2425S1-CS2103T-W08-1/tp[master]","outputFolderName":"AY2425S1-CS2103T-W08-1_tp_master"},{"location":{"location":"https://github.com/AY2425S1-CS2103T-W08-2/tp.git","repoName":"tp","organization":"AY2425S1-CS2103T-W08-2","domainName":"github"},"branch":"master","displayName":"AY2425S1-CS2103T-W08-2/tp[master]","outputFolderName":"AY2425S1-CS2103T-W08-2_tp_master"},{"location":{"location":"https://github.com/AY2425S1-CS2103T-W08-3/tp.git","repoName":"tp","organization":"AY2425S1-CS2103T-W08-3","domainName":"github"},"branch":"master","displayName":"AY2425S1-CS2103T-W08-3/tp[master]","outputFolderName":"AY2425S1-CS2103T-W08-3_tp_master"},{"location":{"location":"https://github.com/AY2425S1-CS2103T-W08-4/tp.git","repoName":"tp","organization":"AY2425S1-CS2103T-W08-4","domainName":"github"},"branch":"master","displayName":"AY2425S1-CS2103T-W08-4/tp[master]","outputFolderName":"AY2425S1-CS2103T-W08-4_tp_master"},{"location":{"location":"https://github.com/AY2425S1-CS2103T-W09-1/tp.git","repoName":"tp","organization":"AY2425S1-CS2103T-W09-1","domainName":"github"},"branch":"master","displayName":"AY2425S1-CS2103T-W09-1/tp[master]","outputFolderName":"AY2425S1-CS2103T-W09-1_tp_master"},{"location":{"location":"https://github.com/AY2425S1-CS2103T-W09-2/tp.git","repoName":"tp","organization":"AY2425S1-CS2103T-W09-2","domainName":"github"},"branch":"master","displayName":"AY2425S1-CS2103T-W09-2/tp[master]","outputFolderName":"AY2425S1-CS2103T-W09-2_tp_master"},{"location":{"location":"https://github.com/AY2425S1-CS2103T-W09-3/tp.git","repoName":"tp","organization":"AY2425S1-CS2103T-W09-3","domainName":"github"},"branch":"master","displayName":"AY2425S1-CS2103T-W09-3/tp[master]","outputFolderName":"AY2425S1-CS2103T-W09-3_tp_master"},{"location":{"location":"https://github.com/AY2425S1-CS2103T-W09-4/tp.git","repoName":"tp","organization":"AY2425S1-CS2103T-W09-4","domainName":"github"},"branch":"master","displayName":"AY2425S1-CS2103T-W09-4/tp[master]","outputFolderName":"AY2425S1-CS2103T-W09-4_tp_master"},{"location":{"location":"https://github.com/AY2425S1-CS2103T-W10-1/tp.git","repoName":"tp","organization":"AY2425S1-CS2103T-W10-1","domainName":"github"},"branch":"master","displayName":"AY2425S1-CS2103T-W10-1/tp[master]","outputFolderName":"AY2425S1-CS2103T-W10-1_tp_master"},{"location":{"location":"https://github.com/AY2425S1-CS2103T-W10-2/tp.git","repoName":"tp","organization":"AY2425S1-CS2103T-W10-2","domainName":"github"},"branch":"master","displayName":"AY2425S1-CS2103T-W10-2/tp[master]","outputFolderName":"AY2425S1-CS2103T-W10-2_tp_master"},{"location":{"location":"https://github.com/AY2425S1-CS2103T-W10-3/tp.git","repoName":"tp","organization":"AY2425S1-CS2103T-W10-3","domainName":"github"},"branch":"master","displayName":"AY2425S1-CS2103T-W10-3/tp[master]","outputFolderName":"AY2425S1-CS2103T-W10-3_tp_master"},{"location":{"location":"https://github.com/AY2425S1-CS2103T-W10-4/tp.git","repoName":"tp","organization":"AY2425S1-CS2103T-W10-4","domainName":"github"},"branch":"master","displayName":"AY2425S1-CS2103T-W10-4/tp[master]","outputFolderName":"AY2425S1-CS2103T-W10-4_tp_master"},{"location":{"location":"https://github.com/AY2425S1-CS2103T-W11-1a/tp.git","repoName":"tp","organization":"AY2425S1-CS2103T-W11-1a","domainName":"github"},"branch":"master","displayName":"AY2425S1-CS2103T-W11-1a/tp[master]","outputFolderName":"AY2425S1-CS2103T-W11-1a_tp_master"},{"location":{"location":"https://github.com/AY2425S1-CS2103T-W11-2/tp.git","repoName":"tp","organization":"AY2425S1-CS2103T-W11-2","domainName":"github"},"branch":"master","displayName":"AY2425S1-CS2103T-W11-2/tp[master]","outputFolderName":"AY2425S1-CS2103T-W11-2_tp_master"},{"location":{"location":"https://github.com/AY2425S1-CS2103T-W11-3/tp.git","repoName":"tp","organization":"AY2425S1-CS2103T-W11-3","domainName":"github"},"branch":"master","displayName":"AY2425S1-CS2103T-W11-3/tp[master]","outputFolderName":"AY2425S1-CS2103T-W11-3_tp_master"},{"location":{"location":"https://github.com/AY2425S1-CS2103T-W11-4/tp.git","repoName":"tp","organization":"AY2425S1-CS2103T-W11-4","domainName":"github"},"branch":"master","displayName":"AY2425S1-CS2103T-W11-4/tp[master]","outputFolderName":"AY2425S1-CS2103T-W11-4_tp_master"},{"location":{"location":"https://github.com/AY2425S1-CS2103T-W12-1/tp.git","repoName":"tp","organization":"AY2425S1-CS2103T-W12-1","domainName":"github"},"branch":"master","displayName":"AY2425S1-CS2103T-W12-1/tp[master]","outputFolderName":"AY2425S1-CS2103T-W12-1_tp_master"},{"location":{"location":"https://github.com/AY2425S1-CS2103T-W12-2/tp.git","repoName":"tp","organization":"AY2425S1-CS2103T-W12-2","domainName":"github"},"branch":"master","displayName":"AY2425S1-CS2103T-W12-2/tp[master]","outputFolderName":"AY2425S1-CS2103T-W12-2_tp_master"},{"location":{"location":"https://github.com/AY2425S1-CS2103T-W12-3/tp.git","repoName":"tp","organization":"AY2425S1-CS2103T-W12-3","domainName":"github"},"branch":"master","displayName":"AY2425S1-CS2103T-W12-3/tp[master]","outputFolderName":"AY2425S1-CS2103T-W12-3_tp_master"},{"location":{"location":"https://github.com/AY2425S1-CS2103T-W12-4/tp.git","repoName":"tp","organization":"AY2425S1-CS2103T-W12-4","domainName":"github"},"branch":"master","displayName":"AY2425S1-CS2103T-W12-4/tp[master]","outputFolderName":"AY2425S1-CS2103T-W12-4_tp_master"},{"location":{"location":"https://github.com/AY2425S1-CS2103T-W13-1/tp.git","repoName":"tp","organization":"AY2425S1-CS2103T-W13-1","domainName":"github"},"branch":"master","displayName":"AY2425S1-CS2103T-W13-1/tp[master]","outputFolderName":"AY2425S1-CS2103T-W13-1_tp_master"},{"location":{"location":"https://github.com/AY2425S1-CS2103T-W13-2/tp.git","repoName":"tp","organization":"AY2425S1-CS2103T-W13-2","domainName":"github"},"branch":"master","displayName":"AY2425S1-CS2103T-W13-2/tp[master]","outputFolderName":"AY2425S1-CS2103T-W13-2_tp_master"},{"location":{"location":"https://github.com/AY2425S1-CS2103T-W13-3/tp.git","repoName":"tp","organization":"AY2425S1-CS2103T-W13-3","domainName":"github"},"branch":"master","displayName":"AY2425S1-CS2103T-W13-3/tp[master]","outputFolderName":"AY2425S1-CS2103T-W13-3_tp_master"},{"location":{"location":"https://github.com/AY2425S1-CS2103T-W13-4/tp.git","repoName":"tp","organization":"AY2425S1-CS2103T-W13-4","domainName":"github"},"branch":"master","displayName":"AY2425S1-CS2103T-W13-4/tp[master]","outputFolderName":"AY2425S1-CS2103T-W13-4_tp_master"},{"location":{"location":"https://github.com/AY2425S1-CS2103T-W14-1/tp.git","repoName":"tp","organization":"AY2425S1-CS2103T-W14-1","domainName":"github"},"branch":"master","displayName":"AY2425S1-CS2103T-W14-1/tp[master]","outputFolderName":"AY2425S1-CS2103T-W14-1_tp_master"},{"location":{"location":"https://github.com/AY2425S1-CS2103T-W14-2/tp.git","repoName":"tp","organization":"AY2425S1-CS2103T-W14-2","domainName":"github"},"branch":"master","displayName":"AY2425S1-CS2103T-W14-2/tp[master]","outputFolderName":"AY2425S1-CS2103T-W14-2_tp_master"},{"location":{"location":"https://github.com/AY2425S1-CS2103T-W14-3/tp.git","repoName":"tp","organization":"AY2425S1-CS2103T-W14-3","domainName":"github"},"branch":"master","displayName":"AY2425S1-CS2103T-W14-3/tp[master]","outputFolderName":"AY2425S1-CS2103T-W14-3_tp_master"},{"location":{"location":"https://github.com/AY2425S1-CS2103T-W14-4/tp.git","repoName":"tp","organization":"AY2425S1-CS2103T-W14-4","domainName":"github"},"branch":"master","displayName":"AY2425S1-CS2103T-W14-4/tp[master]","outputFolderName":"AY2425S1-CS2103T-W14-4_tp_master"},{"location":{"location":"https://github.com/AY2425S1-CS2103T-T08-1/tp.git","repoName":"tp","organization":"AY2425S1-CS2103T-T08-1","domainName":"github"},"branch":"master","displayName":"AY2425S1-CS2103T-T08-1/tp[master]","outputFolderName":"AY2425S1-CS2103T-T08-1_tp_master"},{"location":{"location":"https://github.com/AY2425S1-CS2103T-T08-2/tp.git","repoName":"tp","organization":"AY2425S1-CS2103T-T08-2","domainName":"github"},"branch":"master","displayName":"AY2425S1-CS2103T-T08-2/tp[master]","outputFolderName":"AY2425S1-CS2103T-T08-2_tp_master"},{"location":{"location":"https://github.com/AY2425S1-CS2103T-T08-3/tp.git","repoName":"tp","organization":"AY2425S1-CS2103T-T08-3","domainName":"github"},"branch":"master","displayName":"AY2425S1-CS2103T-T08-3/tp[master]","outputFolderName":"AY2425S1-CS2103T-T08-3_tp_master"},{"location":{"location":"https://github.com/AY2425S1-CS2103T-T08-4/tp.git","repoName":"tp","organization":"AY2425S1-CS2103T-T08-4","domainName":"github"},"branch":"master","displayName":"AY2425S1-CS2103T-T08-4/tp[master]","outputFolderName":"AY2425S1-CS2103T-T08-4_tp_master"},{"location":{"location":"https://github.com/AY2425S1-CS2103T-T09-1/tp.git","repoName":"tp","organization":"AY2425S1-CS2103T-T09-1","domainName":"github"},"branch":"master","displayName":"AY2425S1-CS2103T-T09-1/tp[master]","outputFolderName":"AY2425S1-CS2103T-T09-1_tp_master"},{"location":{"location":"https://github.com/AY2425S1-CS2103T-T09-2/tp.git","repoName":"tp","organization":"AY2425S1-CS2103T-T09-2","domainName":"github"},"branch":"master","displayName":"AY2425S1-CS2103T-T09-2/tp[master]","outputFolderName":"AY2425S1-CS2103T-T09-2_tp_master"},{"location":{"location":"https://github.com/AY2425S1-CS2103T-T09-3/tp.git","repoName":"tp","organization":"AY2425S1-CS2103T-T09-3","domainName":"github"},"branch":"master","displayName":"AY2425S1-CS2103T-T09-3/tp[master]","outputFolderName":"AY2425S1-CS2103T-T09-3_tp_master"},{"location":{"location":"https://github.com/AY2425S1-CS2103T-T09-4/tp.git","repoName":"tp","organization":"AY2425S1-CS2103T-T09-4","domainName":"github"},"branch":"master","displayName":"AY2425S1-CS2103T-T09-4/tp[master]","outputFolderName":"AY2425S1-CS2103T-T09-4_tp_master"},{"location":{"location":"https://github.com/AY2425S1-CS2103T-T10-1/tp.git","repoName":"tp","organization":"AY2425S1-CS2103T-T10-1","domainName":"github"},"branch":"master","displayName":"AY2425S1-CS2103T-T10-1/tp[master]","outputFolderName":"AY2425S1-CS2103T-T10-1_tp_master"},{"location":{"location":"https://github.com/AY2425S1-CS2103T-T10-2/tp.git","repoName":"tp","organization":"AY2425S1-CS2103T-T10-2","domainName":"github"},"branch":"master","displayName":"AY2425S1-CS2103T-T10-2/tp[master]","outputFolderName":"AY2425S1-CS2103T-T10-2_tp_master"},{"location":{"location":"https://github.com/AY2425S1-CS2103T-T10-3/tp.git","repoName":"tp","organization":"AY2425S1-CS2103T-T10-3","domainName":"github"},"branch":"master","displayName":"AY2425S1-CS2103T-T10-3/tp[master]","outputFolderName":"AY2425S1-CS2103T-T10-3_tp_master"},{"location":{"location":"https://github.com/AY2425S1-CS2103T-T10-4/tp.git","repoName":"tp","organization":"AY2425S1-CS2103T-T10-4","domainName":"github"},"branch":"master","displayName":"AY2425S1-CS2103T-T10-4/tp[master]","outputFolderName":"AY2425S1-CS2103T-T10-4_tp_master"},{"location":{"location":"https://github.com/AY2425S1-CS2103T-T11-1/tp.git","repoName":"tp","organization":"AY2425S1-CS2103T-T11-1","domainName":"github"},"branch":"master","displayName":"AY2425S1-CS2103T-T11-1/tp[master]","outputFolderName":"AY2425S1-CS2103T-T11-1_tp_master"},{"location":{"location":"https://github.com/AY2425S1-CS2103T-T11-2/tp.git","repoName":"tp","organization":"AY2425S1-CS2103T-T11-2","domainName":"github"},"branch":"master","displayName":"AY2425S1-CS2103T-T11-2/tp[master]","outputFolderName":"AY2425S1-CS2103T-T11-2_tp_master"},{"location":{"location":"https://github.com/AY2425S1-CS2103T-T11-3/tp.git","repoName":"tp","organization":"AY2425S1-CS2103T-T11-3","domainName":"github"},"branch":"master","displayName":"AY2425S1-CS2103T-T11-3/tp[master]","outputFolderName":"AY2425S1-CS2103T-T11-3_tp_master"},{"location":{"location":"https://github.com/AY2425S1-CS2103T-T11-4/tp.git","repoName":"tp","organization":"AY2425S1-CS2103T-T11-4","domainName":"github"},"branch":"master","displayName":"AY2425S1-CS2103T-T11-4/tp[master]","outputFolderName":"AY2425S1-CS2103T-T11-4_tp_master"},{"location":{"location":"https://github.com/AY2425S1-CS2103T-T12-1/tp.git","repoName":"tp","organization":"AY2425S1-CS2103T-T12-1","domainName":"github"},"branch":"master","displayName":"AY2425S1-CS2103T-T12-1/tp[master]","outputFolderName":"AY2425S1-CS2103T-T12-1_tp_master"},{"location":{"location":"https://github.com/AY2425S1-CS2103T-T12-2/tp.git","repoName":"tp","organization":"AY2425S1-CS2103T-T12-2","domainName":"github"},"branch":"master","displayName":"AY2425S1-CS2103T-T12-2/tp[master]","outputFolderName":"AY2425S1-CS2103T-T12-2_tp_master"},{"location":{"location":"https://github.com/AY2425S1-CS2103T-T12-3/tp.git","repoName":"tp","organization":"AY2425S1-CS2103T-T12-3","domainName":"github"},"branch":"master","displayName":"AY2425S1-CS2103T-T12-3/tp[master]","outputFolderName":"AY2425S1-CS2103T-T12-3_tp_master"},{"location":{"location":"https://github.com/AY2425S1-CS2103T-T12-4/tp.git","repoName":"tp","organization":"AY2425S1-CS2103T-T12-4","domainName":"github"},"branch":"master","displayName":"AY2425S1-CS2103T-T12-4/tp[master]","outputFolderName":"AY2425S1-CS2103T-T12-4_tp_master"},{"location":{"location":"https://github.com/AY2425S1-CS2103T-T13-1/tp.git","repoName":"tp","organization":"AY2425S1-CS2103T-T13-1","domainName":"github"},"branch":"master","displayName":"AY2425S1-CS2103T-T13-1/tp[master]","outputFolderName":"AY2425S1-CS2103T-T13-1_tp_master"},{"location":{"location":"https://github.com/AY2425S1-CS2103T-T13-2/tp.git","repoName":"tp","organization":"AY2425S1-CS2103T-T13-2","domainName":"github"},"branch":"master","displayName":"AY2425S1-CS2103T-T13-2/tp[master]","outputFolderName":"AY2425S1-CS2103T-T13-2_tp_master"},{"location":{"location":"https://github.com/AY2425S1-CS2103T-T13-3/tp.git","repoName":"tp","organization":"AY2425S1-CS2103T-T13-3","domainName":"github"},"branch":"master","displayName":"AY2425S1-CS2103T-T13-3/tp[master]","outputFolderName":"AY2425S1-CS2103T-T13-3_tp_master"},{"location":{"location":"https://github.com/AY2425S1-CS2103T-T13-4/tp.git","repoName":"tp","organization":"AY2425S1-CS2103T-T13-4","domainName":"github"},"branch":"master","displayName":"AY2425S1-CS2103T-T13-4/tp[master]","outputFolderName":"AY2425S1-CS2103T-T13-4_tp_master"},{"location":{"location":"https://github.com/AY2425S1-CS2103T-T14-1/tp.git","repoName":"tp","organization":"AY2425S1-CS2103T-T14-1","domainName":"github"},"branch":"master","displayName":"AY2425S1-CS2103T-T14-1/tp[master]","outputFolderName":"AY2425S1-CS2103T-T14-1_tp_master"},{"location":{"location":"https://github.com/AY2425S1-CS2103T-T14-2/tp.git","repoName":"tp","organization":"AY2425S1-CS2103T-T14-2","domainName":"github"},"branch":"master","displayName":"AY2425S1-CS2103T-T14-2/tp[master]","outputFolderName":"AY2425S1-CS2103T-T14-2_tp_master"},{"location":{"location":"https://github.com/AY2425S1-CS2103T-T14-3/tp.git","repoName":"tp","organization":"AY2425S1-CS2103T-T14-3","domainName":"github"},"branch":"master","displayName":"AY2425S1-CS2103T-T14-3/tp[master]","outputFolderName":"AY2425S1-CS2103T-T14-3_tp_master"},{"location":{"location":"https://github.com/AY2425S1-CS2103T-T14-4/tp.git","repoName":"tp","organization":"AY2425S1-CS2103T-T14-4","domainName":"github"},"branch":"master","displayName":"AY2425S1-CS2103T-T14-4/tp[master]","outputFolderName":"AY2425S1-CS2103T-T14-4_tp_master"},{"location":{"location":"https://github.com/AY2425S1-CS2103T-T15-1/tp.git","repoName":"tp","organization":"AY2425S1-CS2103T-T15-1","domainName":"github"},"branch":"master","displayName":"AY2425S1-CS2103T-T15-1/tp[master]","outputFolderName":"AY2425S1-CS2103T-T15-1_tp_master"},{"location":{"location":"https://github.com/AY2425S1-CS2103T-T15-2/tp.git","repoName":"tp","organization":"AY2425S1-CS2103T-T15-2","domainName":"github"},"branch":"master","displayName":"AY2425S1-CS2103T-T15-2/tp[master]","outputFolderName":"AY2425S1-CS2103T-T15-2_tp_master"},{"location":{"location":"https://github.com/AY2425S1-CS2103T-T15-3/tp.git","repoName":"tp","organization":"AY2425S1-CS2103T-T15-3","domainName":"github"},"branch":"master","displayName":"AY2425S1-CS2103T-T15-3/tp[master]","outputFolderName":"AY2425S1-CS2103T-T15-3_tp_master"},{"location":{"location":"https://github.com/AY2425S1-CS2103T-T15-4/tp.git","repoName":"tp","organization":"AY2425S1-CS2103T-T15-4","domainName":"github"},"branch":"master","displayName":"AY2425S1-CS2103T-T15-4/tp[master]","outputFolderName":"AY2425S1-CS2103T-T15-4_tp_master"},{"location":{"location":"https://github.com/AY2425S1-CS2103T-T16-1/tp.git","repoName":"tp","organization":"AY2425S1-CS2103T-T16-1","domainName":"github"},"branch":"master","displayName":"AY2425S1-CS2103T-T16-1/tp[master]","outputFolderName":"AY2425S1-CS2103T-T16-1_tp_master"},{"location":{"location":"https://github.com/AY2425S1-CS2103T-T16-2/tp.git","repoName":"tp","organization":"AY2425S1-CS2103T-T16-2","domainName":"github"},"branch":"master","displayName":"AY2425S1-CS2103T-T16-2/tp[master]","outputFolderName":"AY2425S1-CS2103T-T16-2_tp_master"},{"location":{"location":"https://github.com/AY2425S1-CS2103T-T16-3/tp.git","repoName":"tp","organization":"AY2425S1-CS2103T-T16-3","domainName":"github"},"branch":"master","displayName":"AY2425S1-CS2103T-T16-3/tp[master]","outputFolderName":"AY2425S1-CS2103T-T16-3_tp_master"},{"location":{"location":"https://github.com/AY2425S1-CS2103T-T16-4/tp.git","repoName":"tp","organization":"AY2425S1-CS2103T-T16-4","domainName":"github"},"branch":"master","displayName":"AY2425S1-CS2103T-T16-4/tp[master]","outputFolderName":"AY2425S1-CS2103T-T16-4_tp_master"},{"location":{"location":"https://github.com/AY2425S1-CS2103T-T17-1/tp.git","repoName":"tp","organization":"AY2425S1-CS2103T-T17-1","domainName":"github"},"branch":"master","displayName":"AY2425S1-CS2103T-T17-1/tp[master]","outputFolderName":"AY2425S1-CS2103T-T17-1_tp_master"},{"location":{"location":"https://github.com/AY2425S1-CS2103T-T17-2/tp.git","repoName":"tp","organization":"AY2425S1-CS2103T-T17-2","domainName":"github"},"branch":"master","displayName":"AY2425S1-CS2103T-T17-2/tp[master]","outputFolderName":"AY2425S1-CS2103T-T17-2_tp_master"},{"location":{"location":"https://github.com/AY2425S1-CS2103T-T17-3/tp.git","repoName":"tp","organization":"AY2425S1-CS2103T-T17-3","domainName":"github"},"branch":"master","displayName":"AY2425S1-CS2103T-T17-3/tp[master]","outputFolderName":"AY2425S1-CS2103T-T17-3_tp_master"},{"location":{"location":"https://github.com/AY2425S1-CS2103T-T17-4/tp.git","repoName":"tp","organization":"AY2425S1-CS2103T-T17-4","domainName":"github"},"branch":"master","displayName":"AY2425S1-CS2103T-T17-4/tp[master]","outputFolderName":"AY2425S1-CS2103T-T17-4_tp_master"},{"location":{"location":"https://github.com/AY2425S1-CS2103T-F08-1a/tp.git","repoName":"tp","organization":"AY2425S1-CS2103T-F08-1a","domainName":"github"},"branch":"master","displayName":"AY2425S1-CS2103T-F08-1a/tp[master]","outputFolderName":"AY2425S1-CS2103T-F08-1a_tp_master"},{"location":{"location":"https://github.com/AY2425S1-CS2103T-F08-2/tp.git","repoName":"tp","organization":"AY2425S1-CS2103T-F08-2","domainName":"github"},"branch":"master","displayName":"AY2425S1-CS2103T-F08-2/tp[master]","outputFolderName":"AY2425S1-CS2103T-F08-2_tp_master"},{"location":{"location":"https://github.com/AY2425S1-CS2103T-F08-3/tp.git","repoName":"tp","organization":"AY2425S1-CS2103T-F08-3","domainName":"github"},"branch":"master","displayName":"AY2425S1-CS2103T-F08-3/tp[master]","outputFolderName":"AY2425S1-CS2103T-F08-3_tp_master"},{"location":{"location":"https://github.com/AY2425S1-CS2103T-F08-4/tp.git","repoName":"tp","organization":"AY2425S1-CS2103T-F08-4","domainName":"github"},"branch":"master","displayName":"AY2425S1-CS2103T-F08-4/tp[master]","outputFolderName":"AY2425S1-CS2103T-F08-4_tp_master"},{"location":{"location":"https://github.com/AY2425S1-CS2103-F09-1/tp.git","repoName":"tp","organization":"AY2425S1-CS2103-F09-1","domainName":"github"},"branch":"master","displayName":"AY2425S1-CS2103-F09-1/tp[master]","outputFolderName":"AY2425S1-CS2103-F09-1_tp_master"},{"location":{"location":"https://github.com/AY2425S1-CS2103T-F09-1/tp.git","repoName":"tp","organization":"AY2425S1-CS2103T-F09-1","domainName":"github"},"branch":"master","displayName":"AY2425S1-CS2103T-F09-1/tp[master]","outputFolderName":"AY2425S1-CS2103T-F09-1_tp_master"},{"location":{"location":"https://github.com/AY2425S1-CS2103-F09-2/tp.git","repoName":"tp","organization":"AY2425S1-CS2103-F09-2","domainName":"github"},"branch":"master","displayName":"AY2425S1-CS2103-F09-2/tp[master]","outputFolderName":"AY2425S1-CS2103-F09-2_tp_master"},{"location":{"location":"https://github.com/AY2425S1-CS2103T-F09-2/tp.git","repoName":"tp","organization":"AY2425S1-CS2103T-F09-2","domainName":"github"},"branch":"master","displayName":"AY2425S1-CS2103T-F09-2/tp[master]","outputFolderName":"AY2425S1-CS2103T-F09-2_tp_master"},{"location":{"location":"https://github.com/AY2425S1-CS2103-F09-3/tp.git","repoName":"tp","organization":"AY2425S1-CS2103-F09-3","domainName":"github"},"branch":"master","displayName":"AY2425S1-CS2103-F09-3/tp[master]","outputFolderName":"AY2425S1-CS2103-F09-3_tp_master"},{"location":{"location":"https://github.com/AY2425S1-CS2103T-F09-3/tp.git","repoName":"tp","organization":"AY2425S1-CS2103T-F09-3","domainName":"github"},"branch":"master","displayName":"AY2425S1-CS2103T-F09-3/tp[master]","outputFolderName":"AY2425S1-CS2103T-F09-3_tp_master"},{"location":{"location":"https://github.com/AY2425S1-CS2103T-F09-4/tp.git","repoName":"tp","organization":"AY2425S1-CS2103T-F09-4","domainName":"github"},"branch":"master","displayName":"AY2425S1-CS2103T-F09-4/tp[master]","outputFolderName":"AY2425S1-CS2103T-F09-4_tp_master"},{"location":{"location":"https://github.com/AY2425S1-CS2103-F10-1/tp.git","repoName":"tp","organization":"AY2425S1-CS2103-F10-1","domainName":"github"},"branch":"master","displayName":"AY2425S1-CS2103-F10-1/tp[master]","outputFolderName":"AY2425S1-CS2103-F10-1_tp_master"},{"location":{"location":"https://github.com/AY2425S1-CS2103T-F10-1/tp.git","repoName":"tp","organization":"AY2425S1-CS2103T-F10-1","domainName":"github"},"branch":"master","displayName":"AY2425S1-CS2103T-F10-1/tp[master]","outputFolderName":"AY2425S1-CS2103T-F10-1_tp_master"},{"location":{"location":"https://github.com/AY2425S1-CS2103-F10-2/tp.git","repoName":"tp","organization":"AY2425S1-CS2103-F10-2","domainName":"github"},"branch":"master","displayName":"AY2425S1-CS2103-F10-2/tp[master]","outputFolderName":"AY2425S1-CS2103-F10-2_tp_master"},{"location":{"location":"https://github.com/AY2425S1-CS2103T-F10-2/tp.git","repoName":"tp","organization":"AY2425S1-CS2103T-F10-2","domainName":"github"},"branch":"master","displayName":"AY2425S1-CS2103T-F10-2/tp[master]","outputFolderName":"AY2425S1-CS2103T-F10-2_tp_master"},{"location":{"location":"https://github.com/AY2425S1-CS2103-F10-3/tp.git","repoName":"tp","organization":"AY2425S1-CS2103-F10-3","domainName":"github"},"branch":"master","displayName":"AY2425S1-CS2103-F10-3/tp[master]","outputFolderName":"AY2425S1-CS2103-F10-3_tp_master"},{"location":{"location":"https://github.com/AY2425S1-CS2103T-F10-3/tp.git","repoName":"tp","organization":"AY2425S1-CS2103T-F10-3","domainName":"github"},"branch":"master","displayName":"AY2425S1-CS2103T-F10-3/tp[master]","outputFolderName":"AY2425S1-CS2103T-F10-3_tp_master"},{"location":{"location":"https://github.com/AY2425S1-CS2103T-F10-4/tp.git","repoName":"tp","organization":"AY2425S1-CS2103T-F10-4","domainName":"github"},"branch":"master","displayName":"AY2425S1-CS2103T-F10-4/tp[master]","outputFolderName":"AY2425S1-CS2103T-F10-4_tp_master"},{"location":{"location":"https://github.com/AY2425S1-CS2103-F11-1/tp.git","repoName":"tp","organization":"AY2425S1-CS2103-F11-1","domainName":"github"},"branch":"master","displayName":"AY2425S1-CS2103-F11-1/tp[master]","outputFolderName":"AY2425S1-CS2103-F11-1_tp_master"},{"location":{"location":"https://github.com/AY2425S1-CS2103T-F11-1/tp.git","repoName":"tp","organization":"AY2425S1-CS2103T-F11-1","domainName":"github"},"branch":"master","displayName":"AY2425S1-CS2103T-F11-1/tp[master]","outputFolderName":"AY2425S1-CS2103T-F11-1_tp_master"},{"location":{"location":"https://github.com/AY2425S1-CS2103-F11-2/tp.git","repoName":"tp","organization":"AY2425S1-CS2103-F11-2","domainName":"github"},"branch":"master","displayName":"AY2425S1-CS2103-F11-2/tp[master]","outputFolderName":"AY2425S1-CS2103-F11-2_tp_master"},{"location":{"location":"https://github.com/AY2425S1-CS2103T-F11-2/tp.git","repoName":"tp","organization":"AY2425S1-CS2103T-F11-2","domainName":"github"},"branch":"master","displayName":"AY2425S1-CS2103T-F11-2/tp[master]","outputFolderName":"AY2425S1-CS2103T-F11-2_tp_master"},{"location":{"location":"https://github.com/AY2425S1-CS2103T-F11-3/tp.git","repoName":"tp","organization":"AY2425S1-CS2103T-F11-3","domainName":"github"},"branch":"master","displayName":"AY2425S1-CS2103T-F11-3/tp[master]","outputFolderName":"AY2425S1-CS2103T-F11-3_tp_master"},{"location":{"location":"https://github.com/AY2425S1-CS2103T-F11-4/tp.git","repoName":"tp","organization":"AY2425S1-CS2103T-F11-4","domainName":"github"},"branch":"master","displayName":"AY2425S1-CS2103T-F11-4/tp[master]","outputFolderName":"AY2425S1-CS2103T-F11-4_tp_master"},{"location":{"location":"https://github.com/AY2425S1-CS2103-F12-1/tp.git","repoName":"tp","organization":"AY2425S1-CS2103-F12-1","domainName":"github"},"branch":"master","displayName":"AY2425S1-CS2103-F12-1/tp[master]","outputFolderName":"AY2425S1-CS2103-F12-1_tp_master"},{"location":{"location":"https://github.com/AY2425S1-CS2103T-F12-1/tp.git","repoName":"tp","organization":"AY2425S1-CS2103T-F12-1","domainName":"github"},"branch":"master","displayName":"AY2425S1-CS2103T-F12-1/tp[master]","outputFolderName":"AY2425S1-CS2103T-F12-1_tp_master"},{"location":{"location":"https://github.com/AY2425S1-CS2103-F12-2/tp.git","repoName":"tp","organization":"AY2425S1-CS2103-F12-2","domainName":"github"},"branch":"master","displayName":"AY2425S1-CS2103-F12-2/tp[master]","outputFolderName":"AY2425S1-CS2103-F12-2_tp_master"},{"location":{"location":"https://github.com/AY2425S1-CS2103T-F12-2/tp.git","repoName":"tp","organization":"AY2425S1-CS2103T-F12-2","domainName":"github"},"branch":"master","displayName":"AY2425S1-CS2103T-F12-2/tp[master]","outputFolderName":"AY2425S1-CS2103T-F12-2_tp_master"},{"location":{"location":"https://github.com/AY2425S1-CS2103-F12-3/tp.git","repoName":"tp","organization":"AY2425S1-CS2103-F12-3","domainName":"github"},"branch":"master","displayName":"AY2425S1-CS2103-F12-3/tp[master]","outputFolderName":"AY2425S1-CS2103-F12-3_tp_master"},{"location":{"location":"https://github.com/AY2425S1-CS2103T-F12-3/tp.git","repoName":"tp","organization":"AY2425S1-CS2103T-F12-3","domainName":"github"},"branch":"master","displayName":"AY2425S1-CS2103T-F12-3/tp[master]","outputFolderName":"AY2425S1-CS2103T-F12-3_tp_master"},{"location":{"location":"https://github.com/AY2425S1-CS2103-F12-4/tp.git","repoName":"tp","organization":"AY2425S1-CS2103-F12-4","domainName":"github"},"branch":"master","displayName":"AY2425S1-CS2103-F12-4/tp[master]","outputFolderName":"AY2425S1-CS2103-F12-4_tp_master"},{"location":{"location":"https://github.com/AY2425S1-CS2103T-F12-4/tp.git","repoName":"tp","organization":"AY2425S1-CS2103T-F12-4","domainName":"github"},"branch":"master","displayName":"AY2425S1-CS2103T-F12-4/tp[master]","outputFolderName":"AY2425S1-CS2103T-F12-4_tp_master"},{"location":{"location":"https://github.com/AY2425S1-CS2103-F13-1/tp.git","repoName":"tp","organization":"AY2425S1-CS2103-F13-1","domainName":"github"},"branch":"master","displayName":"AY2425S1-CS2103-F13-1/tp[master]","outputFolderName":"AY2425S1-CS2103-F13-1_tp_master"},{"location":{"location":"https://github.com/AY2425S1-CS2103T-F13-1/tp.git","repoName":"tp","organization":"AY2425S1-CS2103T-F13-1","domainName":"github"},"branch":"master","displayName":"AY2425S1-CS2103T-F13-1/tp[master]","outputFolderName":"AY2425S1-CS2103T-F13-1_tp_master"},{"location":{"location":"https://github.com/AY2425S1-CS2103-F13-2/tp.git","repoName":"tp","organization":"AY2425S1-CS2103-F13-2","domainName":"github"},"branch":"master","displayName":"AY2425S1-CS2103-F13-2/tp[master]","outputFolderName":"AY2425S1-CS2103-F13-2_tp_master"},{"location":{"location":"https://github.com/AY2425S1-CS2103T-F13-2/tp.git","repoName":"tp","organization":"AY2425S1-CS2103T-F13-2","domainName":"github"},"branch":"master","displayName":"AY2425S1-CS2103T-F13-2/tp[master]","outputFolderName":"AY2425S1-CS2103T-F13-2_tp_master"},{"location":{"location":"https://github.com/AY2425S1-CS2103-F13-3/tp.git","repoName":"tp","organization":"AY2425S1-CS2103-F13-3","domainName":"github"},"branch":"master","displayName":"AY2425S1-CS2103-F13-3/tp[master]","outputFolderName":"AY2425S1-CS2103-F13-3_tp_master"},{"location":{"location":"https://github.com/AY2425S1-CS2103T-F13-3/tp.git","repoName":"tp","organization":"AY2425S1-CS2103T-F13-3","domainName":"github"},"branch":"master","displayName":"AY2425S1-CS2103T-F13-3/tp[master]","outputFolderName":"AY2425S1-CS2103T-F13-3_tp_master"},{"location":{"location":"https://github.com/AY2425S1-CS2103-F13-4/tp.git","repoName":"tp","organization":"AY2425S1-CS2103-F13-4","domainName":"github"},"branch":"master","displayName":"AY2425S1-CS2103-F13-4/tp[master]","outputFolderName":"AY2425S1-CS2103-F13-4_tp_master"},{"location":{"location":"https://github.com/AY2425S1-CS2103T-F13-4/tp.git","repoName":"tp","organization":"AY2425S1-CS2103T-F13-4","domainName":"github"},"branch":"master","displayName":"AY2425S1-CS2103T-F13-4/tp[master]","outputFolderName":"AY2425S1-CS2103T-F13-4_tp_master"},{"location":{"location":"https://github.com/AY2425S1-CS2103T-F14b-1/tp.git","repoName":"tp","organization":"AY2425S1-CS2103T-F14b-1","domainName":"github"},"branch":"master","displayName":"AY2425S1-CS2103T-F14b-1/tp[master]","outputFolderName":"AY2425S1-CS2103T-F14b-1_tp_master"},{"location":{"location":"https://github.com/AY2425S1-CS2103T-F14a-1/tp.git","repoName":"tp","organization":"AY2425S1-CS2103T-F14a-1","domainName":"github"},"branch":"master","displayName":"AY2425S1-CS2103T-F14a-1/tp[master]","outputFolderName":"AY2425S1-CS2103T-F14a-1_tp_master"},{"location":{"location":"https://github.com/AY2425S1-CS2103T-F14a-2/tp.git","repoName":"tp","organization":"AY2425S1-CS2103T-F14a-2","domainName":"github"},"branch":"master","displayName":"AY2425S1-CS2103T-F14a-2/tp[master]","outputFolderName":"AY2425S1-CS2103T-F14a-2_tp_master"},{"location":{"location":"https://github.com/AY2425S1-CS2103T-F14b-2/tp.git","repoName":"tp","organization":"AY2425S1-CS2103T-F14b-2","domainName":"github"},"branch":"master","displayName":"AY2425S1-CS2103T-F14b-2/tp[master]","outputFolderName":"AY2425S1-CS2103T-F14b-2_tp_master"},{"location":{"location":"https://github.com/AY2425S1-CS2103T-F14a-3/tp.git","repoName":"tp","organization":"AY2425S1-CS2103T-F14a-3","domainName":"github"},"branch":"master","displayName":"AY2425S1-CS2103T-F14a-3/tp[master]","outputFolderName":"AY2425S1-CS2103T-F14a-3_tp_master"},{"location":{"location":"https://github.com/AY2425S1-CS2103T-F14b-3/tp.git","repoName":"tp","organization":"AY2425S1-CS2103T-F14b-3","domainName":"github"},"branch":"master","displayName":"AY2425S1-CS2103T-F14b-3/tp[master]","outputFolderName":"AY2425S1-CS2103T-F14b-3_tp_master"},{"location":{"location":"https://github.com/AY2425S1-CS2103T-F14b-4/tp.git","repoName":"tp","organization":"AY2425S1-CS2103T-F14b-4","domainName":"github"},"branch":"master","displayName":"AY2425S1-CS2103T-F14b-4/tp[master]","outputFolderName":"AY2425S1-CS2103T-F14b-4_tp_master"},{"location":{"location":"https://github.com/AY2425S1-CS2103T-F14a-4/tp.git","repoName":"tp","organization":"AY2425S1-CS2103T-F14a-4","domainName":"github"},"branch":"master","displayName":"AY2425S1-CS2103T-F14a-4/tp[master]","outputFolderName":"AY2425S1-CS2103T-F14a-4_tp_master"},{"location":{"location":"https://github.com/AY2425S1-CS2103T-F15-1/tp.git","repoName":"tp","organization":"AY2425S1-CS2103T-F15-1","domainName":"github"},"branch":"master","displayName":"AY2425S1-CS2103T-F15-1/tp[master]","outputFolderName":"AY2425S1-CS2103T-F15-1_tp_master"},{"location":{"location":"https://github.com/AY2425S1-CS2103T-F15-2/tp.git","repoName":"tp","organization":"AY2425S1-CS2103T-F15-2","domainName":"github"},"branch":"master","displayName":"AY2425S1-CS2103T-F15-2/tp[master]","outputFolderName":"AY2425S1-CS2103T-F15-2_tp_master"},{"location":{"location":"https://github.com/AY2425S1-CS2103T-F15-3/tp.git","repoName":"tp","organization":"AY2425S1-CS2103T-F15-3","domainName":"github"},"branch":"master","displayName":"AY2425S1-CS2103T-F15-3/tp[master]","outputFolderName":"AY2425S1-CS2103T-F15-3_tp_master"},{"location":{"location":"https://github.com/AY2425S1-CS2103T-F15-4/tp.git","repoName":"tp","organization":"AY2425S1-CS2103T-F15-4","domainName":"github"},"branch":"master","displayName":"AY2425S1-CS2103T-F15-4/tp[master]","outputFolderName":"AY2425S1-CS2103T-F15-4_tp_master"}],"errorSet":[],"sinceDate":"2024-09-20","untilDate":"2024-10-05","isSinceDateProvided":true,"isUntilDateProvided":false,"supportedDomainUrlMap":{"NOT_RECOGNIZED":{"BRANCH":"","REPO_URL":"UNSUPPORTED","BASE_URL":"UNSUPPORTED","HISTORY_PATH":"","COMMIT_PATH":"","BLAME_PATH":""},"github":{"BRANCH":"tree/$BRANCH","REPO_URL":"https://github.com/$ORGANIZATION/$REPO_NAME/","BASE_URL":"https://github.com/","HISTORY_PATH":"commits/$BRANCH/$FILE_PATH","COMMIT_PATH":"commit/$COMMIT_HASH","BLAME_PATH":"blame/$BRANCH/$FILE_PATH"}},"isAuthorshipAnalyzed":false,"blurbs":{"urlBlurbMap":{"https://github.com/AY2425S1-CS2103T-W10-4/tp/tree/master":"**Product:** [StoreClass](https://ay2425s1-cs2103t-w10-4.github.io/tp)","https://github.com/AY2425S1-CS2103T-T14-4/tp/tree/master":"**Product:** [AgentAssist](https://ay2425s1-cs2103t-t14-4.github.io/tp)","https://github.com/AY2425S1-CS2103T-F11-4/tp/tree/master":"**Product:** [EZSTATES](https://ay2425s1-cs2103t-f11-4.github.io/tp)","https://github.com/AY2425S1-CS2103T-T12-1/tp/tree/master":"**Product:** [Eventory](https://ay2425s1-cs2103t-t12-1.github.io/tp)","https://github.com/AY2425S1-CS2103T-F09-3/tp/tree/master":"**Product:** [BridalBuddy](https://ay2425s1-cs2103t-f09-3.github.io/tp)","https://github.com/AY2425S1-CS2103T-W08-3/tp/tree/master":"**Product:** [EduManage](https://ay2425s1-cs2103t-w08-3.github.io/tp)","https://github.com/AY2425S1-CS2103T-T15-2/tp/tree/master":"**Product:** [EduTutu](https://ay2425s1-cs2103t-t15-2.github.io/tp)","https://github.com/AY2425S1-CS2103T-W11-2/tp/tree/master":"**Product:** [AB3-My-Guest](https://ay2425s1-cs2103t-w11-2.github.io/tp)","https://github.com/AY2425S1-CS2103T-W14-3/tp/tree/master":"**Product:** [Hall Pointer](https://ay2425s1-cs2103t-w14-3.github.io/tp)","https://github.com/AY2425S1-CS2103T-F11-1/tp/tree/master":"**Product:** [ContactHub](https://ay2425s1-cs2103t-f11-1.github.io/tp)","https://github.com/AY2425S1-CS2103-F12-2/tp/tree/master":"**Product:** [T_Assistant](https://ay2425s1-cs2103-f12-2.github.io/tp)","https://github.com/AY2425S1-CS2103T-T08-4/tp/tree/master":"**Product:** [TAHub](https://ay2425s1-cs2103t-t08-4.github.io/tp)","https://github.com/AY2425S1-CS2103T-F10-3/tp/tree/master":"**Product:** [NUStates](https://ay2425s1-cs2103t-f10-3.github.io/tp)","https://github.com/AY2425S1-CS2103T-T12-4/tp/tree/master":"**Product:** [GamerBook Pro Max](https://ay2425s1-cs2103t-t12-4.github.io/tp)","https://github.com/AY2425S1-CS2103T-F13-4/tp/tree/master":"**Product:** [Clientell](https://ay2425s1-cs2103t-f13-4.github.io/tp)","https://github.com/AY2425S1-CS2103T-W12-4/tp/tree/master":"**Product:** [TalentHub](https://ay2425s1-cs2103t-w12-4.github.io/tp)","https://github.com/AY2425S1-CS2103T-F14b-2/tp/tree/master":"**Product:** [TAHub Contacts](https://ay2425s1-cs2103t-f14b-2.github.io/tp)","https://github.com/AY2425S1-CS2103T-F14a-1/tp/tree/master":"**Product:** [UGTeach](https://ay2425s1-cs2103t-f14a-1.github.io/tp)","https://github.com/AY2425S1-CS2103-F11-1/tp/tree/master":"**Product:** [ConcertPhonebook](https://ay2425s1-cs2103-f11-1.github.io/tp)","https://github.com/AY2425S1-CS2103-F09-2/tp/tree/master":"**Product:** [RealConnect](https://ay2425s1-cs2103-f09-2.github.io/tp)","https://github.com/AY2425S1-CS2103T-W12-3/tp/tree/master":"**Product:** [UniLink](https://ay2425s1-cs2103t-w12-3.github.io/tp)","https://github.com/AY2425S1-CS2103T-T09-2/tp/tree/master":"**Product:** [TalentSG](https://ay2425s1-cs2103t-t09-2.github.io/tp)","https://github.com/AY2425S1-CS2103T-F12-2/tp/tree/master":"**Product:** [EduConnect](https://ay2425s1-cs2103t-f12-2.github.io/tp)","https://github.com/AY2425S1-CS2103T-T14-1/tp/tree/master":"**Product:** [Prudy](https://ay2425s1-cs2103t-t14-1.github.io/tp)","https://github.com/AY2425S1-CS2103T-T10-4/tp/tree/master":"**Product:** [LegacyLink](https://ay2425s1-cs2103t-t10-4.github.io/tp)","https://github.com/AY2425S1-CS2103T-F14b-3/tp/tree/master":"**Product:** [ContactMate](https://ay2425s1-cs2103t-f14b-3.github.io/tp)","https://github.com/AY2425S1-CS2103T-W09-1/tp/tree/master":"**Product:** [HiredFiredPro](https://ay2425s1-cs2103t-w09-1.github.io/tp)","https://github.com/AY2425S1-CS2103T-T17-2/tp/tree/master":"**Product:** [ServiceTrack](https://ay2425s1-cs2103t-t17-2.github.io/tp)","https://github.com/AY2425S1-CS2103T-F08-1a/tp/tree/master":"**Product:** [VolunTier](https://ay2425s1-cs2103t-f08-1a.github.io/tp)","https://github.com/AY2425S1-CS2103-F09-3/tp/tree/master":"**Product:** [Talentcy](https://ay2425s1-cs2103-f09-3.github.io/tp)","https://github.com/AY2425S1-CS2103T-F15-3/tp/tree/master":"**Product:** [PROperty](https://ay2425s1-cs2103t-f15-3.github.io/tp)","https://github.com/AY2425S1-CS2103T-W13-1/tp/tree/master":"**Product:** [Cher](https://ay2425s1-cs2103t-w13-1.github.io/tp)","https://github.com/AY2425S1-CS2103T-T09-1/tp/tree/master":"**Product:** [InternBuddy](https://ay2425s1-cs2103t-t09-1.github.io/tp)","https://github.com/AY2425S1-CS2103T-F12-3/tp/tree/master":"**Product:** [MediBase3](https://ay2425s1-cs2103t-f12-3.github.io/tp)","https://github.com/AY2425S1-CS2103T-T17-1/tp/tree/master":"**Product:** [UniVerse](https://ay2425s1-cs2103t-t17-1.github.io/tp)","https://github.com/AY2425S1-CS2103T-T11-2/tp/tree/master":"**Product:** [KonTActs](https://ay2425s1-cs2103t-t11-2.github.io/tp)","https://github.com/AY2425S1-CS2103T-W09-2/tp/tree/master":"**Product:** [EduLog](https://ay2425s1-cs2103t-w09-2.github.io/tp)","https://github.com/AY2425S1-CS2103T-T08-1/tp/tree/master":"**Product:** [DLTbook](https://ay2425s1-cs2103t-t08-1.github.io/tp)","https://github.com/AY2425S1-CS2103T-W14-4/tp/tree/master":"**Product:** [EventfulNUS](https://ay2425s1-cs2103t-w14-4.github.io/tp)","https://github.com/AY2425S1-CS2103-F10-3/tp/tree/master":"**Product:** [BizBook](https://ay2425s1-cs2103-f10-3.github.io/tp)","https://github.com/AY2425S1-CS2103T-T16-1/tp/tree/master":"**Product:** [HRHelper](https://ay2425s1-cs2103t-t16-1.github.io/tp)","https://github.com/AY2425S1-CS2103T-W10-3/tp/tree/master":"**Product:** [AgentConnect](https://ay2425s1-cs2103t-w10-3.github.io/tp)","https://github.com/AY2425S1-CS2103T-F09-2/tp/tree/master":"**Product:** [PlanPal](https://ay2425s1-cs2103t-f09-2.github.io/tp)","https://github.com/AY2425S1-CS2103-F13-1/tp/tree/master":"**Product:** [SpleetWaise](https://ay2425s1-cs2103-f13-1.github.io/tp)","https://github.com/AY2425S1-CS2103T-T17-4/tp/tree/master":"**Product:** [SalesContactPro](https://ay2425s1-cs2103t-t17-4.github.io/tp)","https://github.com/AY2425S1-CS2103T-F13-3/tp/tree/master":"**Product:** [Dream Day Designer](https://ay2425s1-cs2103t-f13-3.github.io/tp)","https://github.com/AY2425S1-CS2103T-W09-4/tp/tree/master":"**Product:** [DorManagerPro](https://ay2425s1-cs2103t-w09-4.github.io/tp)","https://github.com/AY2425S1-CS2103T-T10-1/tp/tree/master":"**Product:** [MediContact](https://ay2425s1-cs2103t-t10-1.github.io/tp)","https://github.com/AY2425S1-CS2103T-F11-2/tp/tree/master":"**Product:** [CCAConnect](https://ay2425s1-cs2103t-f11-2.github.io/tp)","https://github.com/AY2425S1-CS2103-F13-3/tp/tree/master":"**Product:** [SeeRee 2.0](https://ay2425s1-cs2103-f13-3.github.io/tp)","https://github.com/AY2425S1-CS2103T-T13-3/tp/tree/master":"**Product:** [PawPatrol](https://ay2425s1-cs2103t-t13-3.github.io/tp)","https://github.com/AY2425S1-CS2103T-W10-1/tp/tree/master":"**Product:** [Teacher’s Pet](https://ay2425s1-cs2103t-w10-1.github.io/tp)","https://github.com/AY2425S1-CS2103T-T09-4/tp/tree/master":"**Product:** [GOATS - Greatest Online Address-book for Tutoring Students](https://ay2425s1-cs2103t-t09-4.github.io/tp)","https://github.com/AY2425S1-CS2103T-W08-1/tp/tree/master":"**Product:** [TrackMate](https://ay2425s1-cs2103t-w08-1.github.io/tp)","https://github.com/AY2425S1-CS2103T-W13-3/tp/tree/master":"**Product:** [MindMap](https://ay2425s1-cs2103t-w13-3.github.io/tp)","https://github.com/AY2425S1-CS2103T-F14a-3/tp/tree/master":"**Product:** [Clientele+](https://ay2425s1-cs2103t-f14a-3.github.io/tp)","https://github.com/AY2425S1-CS2103-F10-1/tp/tree/master":"**Product:** [SupplyCentral](https://ay2425s1-cs2103-f10-1.github.io/tp)","https://github.com/AY2425S1-CS2103T-F09-4/tp/tree/master":"**Product:** [tuteez](https://ay2425s1-cs2103t-f09-4.github.io/tp)","https://github.com/AY2425S1-CS2103T-W11-4/tp/tree/master":"**Product:** [PhysioPal](https://ay2425s1-cs2103t-w11-4.github.io/tp)","https://github.com/AY2425S1-CS2103T-T08-3/tp/tree/master":"**Product:** [MedDict](https://ay2425s1-cs2103t-t08-3.github.io/tp)","https://github.com/AY2425S1-CS2103T-F13-1/tp/tree/master":"**Product:** [TAHub](https://ay2425s1-cs2103t-f13-1.github.io/tp)","https://github.com/AY2425S1-CS2103T-T11-4/tp/tree/master":"**Product:** [Health Connect](https://ay2425s1-cs2103t-t11-4.github.io/tp)","https://github.com/AY2425S1-CS2103T-T13-1/tp/tree/master":"**Product:** [MedConnect](https://ay2425s1-cs2103t-t13-1.github.io/tp)","https://github.com/AY2425S1-CS2103T-T16-3/tp/tree/master":"**Product:** [ContactsForGood (CFG)](https://ay2425s1-cs2103t-t16-3.github.io/tp)","https://github.com/AY2425S1-CS2103T-W12-2/tp/tree/master":"**Product:** [Volunteams](https://ay2425s1-cs2103t-w12-2.github.io/tp)","https://github.com/AY2425S1-CS2103T-T08-2/tp/tree/master":"**Product:** [KeyContacts](https://ay2425s1-cs2103t-t08-2.github.io/tp)","https://github.com/AY2425S1-CS2103-F09-1/tp/tree/master":"**Product:** [data coNdUctorS](https://ay2425s1-cs2103-f09-1.github.io/tp)","https://github.com/AY2425S1-CS2103T-F13-2/tp/tree/master":"**Product:** [ABCLI](https://ay2425s1-cs2103t-f13-2.github.io/tp)","https://github.com/AY2425S1-CS2103T-T16-2/tp/tree/master":"**Product:** [ClientGrid.](https://ay2425s1-cs2103t-t16-2.github.io/tp)","https://github.com/AY2425S1-CS2103T-T10-3/tp/tree/master":"**Product:** [TASync](https://ay2425s1-cs2103t-t10-3.github.io/tp)","https://github.com/AY2425S1-CS2103T-F10-1/tp/tree/master":"**Product:** [ClientHub](https://ay2425s1-cs2103t-f10-1.github.io/tp)","https://github.com/AY2425S1-CS2103T-F14b-4/tp/tree/master":"**Product:** [Financial Assurance Revolutionary Telemarketer](https://ay2425s1-cs2103t-f14b-4.github.io/tp)","https://github.com/AY2425S1-CS2103-F11-2/tp/tree/master":"**Product:** [TutorEase](https://ay2425s1-cs2103-f11-2.github.io/tp)","https://github.com/AY2425S1-CS2103T-T13-4/tp/tree/master":"**Product:** [CareLink](https://ay2425s1-cs2103t-t13-4.github.io/tp)","https://github.com/AY2425S1-CS2103T-T11-1/tp/tree/master":"**Product:** [BizBook Pro](https://ay2425s1-cs2103t-t11-1.github.io/tp)","https://github.com/AY2425S1-CS2103T-W09-3/tp/tree/master":"**Product:** [HireMe](https://ay2425s1-cs2103t-w09-3.github.io/tp)","https://github.com/AY2425S1-CS2103T-F08-3/tp/tree/master":"**Product:** [FindingbrUdders](https://ay2425s1-cs2103t-f08-3.github.io/tp)","https://github.com/AY2425S1-CS2103T-F12-4/tp/tree/master":"**Product:** [CipherContacts](https://ay2425s1-cs2103t-f12-4.github.io/tp)","https://github.com/AY2425S1-CS2103T-F14b-1/tp/tree/master":"**Product:** [SocialBook](https://ay2425s1-cs2103t-f14b-1.github.io/tp)","https://github.com/AY2425S1-CS2103T-F12-1/tp/tree/master":"**Product:** [ContactCS](https://ay2425s1-cs2103t-f12-1.github.io/tp)","https://github.com/AY2425S1-CS2103-F12-4/tp/tree/master":"**Product:** [StudentManagerPro](https://ay2425s1-cs2103-f12-4.github.io/tp)","https://github.com/AY2425S1-CS2103T-T14-2/tp/tree/master":"**Product:** [UniNet](https://ay2425s1-cs2103t-t14-2.github.io/tp)","https://github.com/AY2425S1-CS2103T-W11-1/tp/tree/master":"**Product:** [Murphy\u0027s List](https://ay2425s1-cs2103t-w11-1.github.io/tp)","https://github.com/AY2425S1-CS2103T-T17-3/tp/tree/master":"**Product:** [InvenTrack](https://ay2425s1-cs2103t-t17-3.github.io/tp)","https://github.com/AY2425S1-CS2103T-F15-2/tp/tree/master":"**Product:** [EduContacts](https://ay2425s1-cs2103t-f15-2.github.io/tp)","https://github.com/AY2425S1-CS2103T-F09-1/tp/tree/master":"**Product:** [ClubConnect](https://ay2425s1-cs2103t-f09-1.github.io/tp)","https://github.com/AY2425S1-CS2103T-W14-2/tp/tree/master":"**Product:** [BA€](https://ay2425s1-cs2103t-w14-2.github.io/tp)","https://github.com/AY2425S1-CS2103-F12-3/tp/tree/master":"**Product:** [Grub](https://ay2425s1-cs2103-f12-3.github.io/tp)","https://github.com/AY2425S1-CS2103T-W14-1/tp/tree/master":"**Product:** [VendorVault](https://ay2425s1-cs2103t-w14-1.github.io/tp)","https://github.com/AY2425S1-CS2103T-F10-4/tp/tree/master":"**Product:** [TechConnect](https://ay2425s1-cs2103t-f10-4.github.io/tp)","https://github.com/AY2425S1-CS2103T-T12-3/tp/tree/master":"**Product:** [LogiLink](https://ay2425s1-cs2103t-t12-3.github.io/tp)","https://github.com/AY2425S1-CS2103T-T12-2/tp/tree/master":"**Product:** [PlanPerfect](https://ay2425s1-cs2103t-t12-2.github.io/tp)","https://github.com/AY2425S1-CS2103T-T15-4/tp/tree/master":"**Product:** [HRConnect](https://ay2425s1-cs2103t-t15-4.github.io/tp)","https://github.com/AY2425S1-CS2103T-W11-3/tp/tree/master":"**Product:** [AcademyAssist](https://ay2425s1-cs2103t-w11-3.github.io/tp)","https://github.com/AY2425S1-CS2103T-T15-3/tp/tree/master":"**Product:** [Ward-Watch](https://ay2425s1-cs2103t-t15-3.github.io/tp)","https://github.com/AY2425S1-CS2103T-F08-4/tp/tree/master":"**Product:** [NetBook](https://ay2425s1-cs2103t-f08-4.github.io/tp)","https://github.com/AY2425S1-CS2103-F12-1/tp/tree/master":"**Product:** [InSUREance](https://ay2425s1-cs2103-f12-1.github.io/tp)","https://github.com/AY2425S1-CS2103T-F15-4/tp/tree/master":"**Product:** [WedLinker](https://ay2425s1-cs2103t-f15-4.github.io/tp)","https://github.com/AY2425S1-CS2103T-T14-3/tp/tree/master":"**Product:** [MATER](https://ay2425s1-cs2103t-t14-3.github.io/tp)","https://github.com/AY2425S1-CS2103T-T10-2/tp/tree/master":"**Product:** [StaffSync](https://ay2425s1-cs2103t-t10-2.github.io/tp)","https://github.com/AY2425S1-CS2103T-W08-4/tp/tree/master":"**Product:** [GoonBook](https://ay2425s1-cs2103t-w08-4.github.io/tp)","https://github.com/AY2425S1-CS2103T-W12-1/tp/tree/master":"**Product:** [BlitzBiz](https://ay2425s1-cs2103t-w12-1.github.io/tp)","https://github.com/AY2425S1-CS2103T-W13-4/tp/tree/master":"**Product:** [KnottyPlanners](https://ay2425s1-cs2103t-w13-4.github.io/tp)","https://github.com/AY2425S1-CS2103T-F10-2/tp/tree/master":"**Product:** [ClinicConnect](https://ay2425s1-cs2103t-f10-2.github.io/tp)","https://github.com/AY2425S1-CS2103T-T09-3/tp/tree/master":"**Product:** [MediContacts](https://ay2425s1-cs2103t-t09-3.github.io/tp)","https://github.com/AY2425S1-CS2103T-F15-1/tp/tree/master":"**Product:** [NovaCare](https://ay2425s1-cs2103t-f15-1.github.io/tp)","https://github.com/AY2425S1-CS2103T-F14a-2/tp/tree/master":"**Product:** [SellSavvy](https://ay2425s1-cs2103t-f14a-2.github.io/tp)","https://github.com/AY2425S1-CS2103T-T15-1/tp/tree/master":"**Product:** [TrueEstate](https://ay2425s1-cs2103t-t15-1.github.io/tp)","https://github.com/AY2425S1-CS2103T-W10-2/tp/tree/master":"**Product:** [DocTrack](https://ay2425s1-cs2103t-w10-2.github.io/tp)","https://github.com/AY2425S1-CS2103T-T16-4/tp/tree/master":"**Product:** [TeleTutors](https://ay2425s1-cs2103t-t16-4.github.io/tp)","https://github.com/AY2425S1-CS2103T-F08-2/tp/tree/master":"**Product:** [ResearchRoster](https://ay2425s1-cs2103t-f08-2.github.io/tp)","https://github.com/AY2425S1-CS2103-F13-2/tp/tree/master":"**Product:** [EventTory](https://ay2425s1-cs2103-f13-2.github.io/tp)","https://github.com/AY2425S1-CS2103-F10-2/tp/tree/master":"**Product:** [SocialBook](https://ay2425s1-cs2103-f10-2.github.io/tp)","https://github.com/AY2425S1-CS2103-F13-4/tp/tree/master":"**Product:** [TalentConnect](https://ay2425s1-cs2103-f13-4.github.io/tp)","https://github.com/AY2425S1-CS2103T-W13-2/tp/tree/master":"**Product:** [CareConnect](https://ay2425s1-cs2103t-w13-2.github.io/tp)","https://github.com/AY2425S1-CS2103T-F11-3/tp/tree/master":"**Product:** [ClinicBuddy](https://ay2425s1-cs2103t-f11-3.github.io/tp)","https://github.com/AY2425S1-CS2103T-T13-2/tp/tree/master":"**Product:** [NomNom Notifier](https://ay2425s1-cs2103t-t13-2.github.io/tp)","https://github.com/AY2425S1-CS2103T-T11-3/tp/tree/master":"**Product:** [Bridal Boss](https://ay2425s1-cs2103t-t11-3.github.io/tp)","https://github.com/AY2425S1-CS2103T-F14a-4/tp/tree/master":"**Product:** [CampusConnect](https://ay2425s1-cs2103t-f14a-4.github.io/tp)","https://github.com/AY2425S1-CS2103T-W08-2/tp/tree/master":"**Product:** [Eduvault](https://ay2425s1-cs2103t-w08-2.github.io/tp)"}}}
