{"authorDailyContributionsMap":{"raihahahan":[{"date":"2024-10-01","commitResults":[{"hash":"c53d87f496ad0fd80979f119e27b36cfbdbc70c2","isMergeCommit":true,"messageTitle":"Merge pull request #7 from rachelyeohm/AddPhoto","messageBody":"Add Rachel\u0027s Photo","fileTypesAndContributionMap":{}},{"hash":"f9b8caa10bc7537bc391d9ba1b682163bb17e2b6","isMergeCommit":false,"messageTitle":"Update About Us for Raihan","messageBody":"","fileTypesAndContributionMap":{"docs":{"insertions":5,"deletions":5}}},{"hash":"3ec43441b89d4635db7886a89f89f8fd764baeb4","isMergeCommit":false,"messageTitle":"Update About Us with markdown","messageBody":"","fileTypesAndContributionMap":{"docs":{"insertions":3,"deletions":1}}},{"hash":"72a3c294183ac0636b79355f26d6c4c32dd2c990","isMergeCommit":false,"messageTitle":"Update About Readme","messageBody":"","fileTypesAndContributionMap":{"docs":{"insertions":1,"deletions":1}}},{"hash":"adc3137511b665f7e8f00d06f14bfc8dcadcf63e","isMergeCommit":true,"messageTitle":"Merge remote-tracking branch \u0027upstream/master\u0027","messageBody":"","fileTypesAndContributionMap":{}},{"hash":"dd78d010d7c9d60c96d0363735a9dcb80551508c","isMergeCommit":false,"messageTitle":"Fix EOF issue","messageBody":"","fileTypesAndContributionMap":{"docs":{"insertions":2,"deletions":1}}},{"hash":"ec4b0a6e69eedf6ecde3a517eb5c2c0650acbbee","isMergeCommit":false,"messageTitle":"Add more details in AboutUs","messageBody":"","fileTypesAndContributionMap":{"docs":{"insertions":1,"deletions":1}}},{"hash":"ef789ad02257a3f4e0539ca0972eb7fa778cb4bd","isMergeCommit":true,"messageTitle":"Merge pull request #20 from leroytan/about-us-leroy","messageBody":"Update the AboutUs page [leroytan]","fileTypesAndContributionMap":{}}]},{"date":"2024-10-10","commitResults":[{"hash":"4413718aa99b3ba9ef8b5df27a5b79248b7a0f73","isMergeCommit":false,"messageTitle":"Add ls shorthand for List command","messageBody":"","fileTypesAndContributionMap":{"functional-code":{"insertions":3,"deletions":2}}},{"hash":"356ece55999b1644fdd9014ff3c41014b56f11d2","isMergeCommit":false,"messageTitle":"Fix checkstyle errors","messageBody":"","fileTypesAndContributionMap":{"functional-code":{"insertions":1,"deletions":1}}},{"hash":"56c2c9848bebfb73650cd45e782798897c0b7cf6","isMergeCommit":true,"messageTitle":"Merge pull request #39 from anselmlong/develop-remark-command","messageBody":"Change prefix of remark command","fileTypesAndContributionMap":{}}]},{"date":"2024-10-17","commitResults":[{"hash":"6af0d06f24f8c93e4d8b79c184ec56fe414863af","isMergeCommit":true,"messageTitle":"Merge branch \u0027master\u0027 into add-command-parameters","messageBody":"","fileTypesAndContributionMap":{}},{"hash":"b608e8314c006d041c261e4c9fc94bd3a3b65cd4","isMergeCommit":false,"messageTitle":"Add colon prefix for list command","messageBody":"","fileTypesAndContributionMap":{"functional-code":{"insertions":2,"deletions":2}}},{"hash":"6e9826ddc928a039034654efe0749d35e54aaad5","isMergeCommit":false,"messageTitle":"Update command variable names","messageBody":"","fileTypesAndContributionMap":{"functional-code":{"insertions":3,"deletions":3},"test-code":{"insertions":3,"deletions":3}}},{"hash":"a6cdc5bba71895fb943b1b1159362bc197afcbb5","isMergeCommit":false,"messageTitle":"Update shorthand commands for list in UG","messageBody":"","fileTypesAndContributionMap":{"docs":{"insertions":6,"deletions":6}}}]},{"date":"2024-10-22","commitResults":[{"hash":"c8293d211964cec61ef7e0df15a05acc48fae533","isMergeCommit":false,"messageTitle":"Create PasswordManager.java to handle reading, saving and validating password","messageBody":"","fileTypesAndContributionMap":{"functional-code":{"insertions":136,"deletions":0}}},{"hash":"006fef4edf24635c2172273e4084ff82b455e24b","isMergeCommit":false,"messageTitle":"Create PasswordPromptDialog.java for password prompt","messageBody":"","fileTypesAndContributionMap":{"functional-code":{"insertions":100,"deletions":0}}},{"hash":"10608354cfa65a8f13ba6a03fc0368037a8c20bb","isMergeCommit":false,"messageTitle":"Fix PasswordManager validation logic","messageBody":"","fileTypesAndContributionMap":{"functional-code":{"insertions":3,"deletions":6}}},{"hash":"10d968c7edf8a9117f5ebfde53f4015fb5779322","isMergeCommit":false,"messageTitle":"Create tests for PasswordManager","messageBody":"","fileTypesAndContributionMap":{"test-code":{"insertions":72,"deletions":0}}},{"hash":"6d06670f405010d185f756898ac496e4b488c294","isMergeCommit":false,"messageTitle":"Remove file permission addition to support Windows","messageBody":"","fileTypesAndContributionMap":{"functional-code":{"insertions":5,"deletions":9}}},{"hash":"4dd3171ce8228914029886f8ea748f9aff333a8a","isMergeCommit":false,"messageTitle":"Remove debugging statements","messageBody":"","fileTypesAndContributionMap":{"functional-code":{"insertions":1,"deletions":4}}},{"hash":"008ec0fc18beeab1c3f1d9c6aa7c8040552a65de","isMergeCommit":false,"messageTitle":"Add EncryptionManager to handle encrypting string data","messageBody":"","fileTypesAndContributionMap":{"functional-code":{"insertions":89,"deletions":0}}},{"hash":"115989dd0df8ab4822b2d3b2911fe19a304aabce","isMergeCommit":false,"messageTitle":"Add EncryptionManagerTest for EncryptionManager","messageBody":"","fileTypesAndContributionMap":{"test-code":{"insertions":87,"deletions":0}}},{"hash":"6477fcc80c9e068149fcfacd3dde9143de797b94","isMergeCommit":false,"messageTitle":"Add encryption and decryption for address book data","messageBody":"","fileTypesAndContributionMap":{"functional-code":{"insertions":47,"deletions":11}}}]},{"date":"2024-10-24","commitResults":[{"hash":"b57b5c5bdf8e5f4e4113a3f8dade79e455faa9ca","isMergeCommit":false,"messageTitle":"Add optional keyPath argument for EncryptionManager","messageBody":"","fileTypesAndContributionMap":{"functional-code":{"insertions":17,"deletions":8}}},{"hash":"eb6a89ff9b9e128d171a8b84688663234cbbd3ac","isMergeCommit":false,"messageTitle":"Add optional keyPath argument for EncryptionManager","messageBody":"","fileTypesAndContributionMap":{"functional-code":{"insertions":4,"deletions":1}}},{"hash":"0251f5d7753d0bb26220b269400e5390782771bd","isMergeCommit":false,"messageTitle":"Add build setup and cleanup for EncryptionManagerTest and ExportCommandTest","messageBody":"","fileTypesAndContributionMap":{"test-code":{"insertions":76,"deletions":26}}},{"hash":"a6f7db7056e4b3b6652add3944ad9383ff4ad9cd","isMergeCommit":false,"messageTitle":"Add optional keyPath for encryption","messageBody":"","fileTypesAndContributionMap":{"test-code":{"insertions":1,"deletions":1}}},{"hash":"77dbe0b96142f34751f06455ae02e27a09e1d20f","isMergeCommit":false,"messageTitle":"Add optional keyPath for encryption","messageBody":"","fileTypesAndContributionMap":{"functional-code":{"insertions":2,"deletions":2}}},{"hash":"5a4b152addf626998b4fd190051aba5667476eb3","isMergeCommit":false,"messageTitle":"Fix export command to add decryption on export","messageBody":"","fileTypesAndContributionMap":{"functional-code":{"insertions":54,"deletions":21}}},{"hash":"112cb499421a1dd92007ee44cb8df6ccc7ce6dc0","isMergeCommit":false,"messageTitle":"Fix changes","messageBody":"","fileTypesAndContributionMap":{"functional-code":{"insertions":0,"deletions":1}}},{"hash":"84a9695b60b3dc791f23b1b04251ffc3641b09c2","isMergeCommit":true,"messageTitle":"Merge pull request #98 from raihahahan/fix/export-command","messageBody":"Fix/export command","fileTypesAndContributionMap":{}},{"hash":"0e833411c17336d3e5d8515dd18cfcd0822a50f3","isMergeCommit":true,"messageTitle":"Merge pull request #99 from leroytan/update-undo-feature","messageBody":"Update undo feature","tags":["v1.4"],"fileTypesAndContributionMap":{}}]}],"anselmlong":[{"date":"2024-09-20","commitResults":[{"hash":"1dde0e42896f8daae9039ca32a556cb294b7e5af","isMergeCommit":false,"messageTitle":"Add Remark Command","messageBody":"","fileTypesAndContributionMap":{"functional-code":{"insertions":214,"deletions":21},"test-code":{"insertions":36,"deletions":17}}}]},{"date":"2024-10-01","commitResults":[{"hash":"f5212d77237987595498334aeaf156bbac577170","isMergeCommit":false,"messageTitle":"Fix no newline at EOF","messageBody":"","fileTypesAndContributionMap":{"functional-code":{"insertions":1,"deletions":0}}},{"hash":"10728fabd9bf4924fadd5188717a0d3abac7855d","isMergeCommit":false,"messageTitle":"Fix checkstyle issues","messageBody":"","fileTypesAndContributionMap":{"functional-code":{"insertions":33,"deletions":16},"test-code":{"insertions":2,"deletions":2}}},{"hash":"cabf9981170e90eadcad914b0f27cb6ab95d8e55","isMergeCommit":false,"messageTitle":"Fix checkstyle issues","messageBody":"","fileTypesAndContributionMap":{"test-code":{"insertions":5,"deletions":1}}},{"hash":"ad446f4202054ce1efb855ce519544610aa87f31","isMergeCommit":false,"messageTitle":"Fix checkstyle issues","messageBody":"","fileTypesAndContributionMap":{"test-code":{"insertions":2,"deletions":5}}},{"hash":"869554e00d777e5e578fd981d306e1e294221aa6","isMergeCommit":false,"messageTitle":"Add AboutUs and related information","messageBody":"","fileTypesAndContributionMap":{"docs":{"insertions":21,"deletions":6}}},{"hash":"7ca0c51aa92ae4fc6cef1eccabdb821cedbd8e39","isMergeCommit":true,"messageTitle":"Merge pull request #14 from raihahahan/master","messageBody":"Update About Us for Raihan","fileTypesAndContributionMap":{}},{"hash":"eab6ef425099f0824c807b45ba22c1061ab074f7","isMergeCommit":false,"messageTitle":"Update sitewide settings to include our title","messageBody":"","fileTypesAndContributionMap":{"other":{"insertions":2,"deletions":2}}}]},{"date":"2024-10-02","commitResults":[{"hash":"15e3da9df12ebe8117aa3eea7622a856dee10938","isMergeCommit":false,"messageTitle":"Update developer guide with new information","messageBody":"Added user stories, use cases and glossary.\n","fileTypesAndContributionMap":{"docs":{"insertions":112,"deletions":23}}},{"hash":"e52abca083961f8b8895740b21eeaf64b632995c","isMergeCommit":true,"messageTitle":"Merge pull request #25 from leroytan/ui-mockup","messageBody":"Update UI mockup","fileTypesAndContributionMap":{}}]},{"date":"2024-10-10","commitResults":[{"hash":"593620414fc38005290cbcaf0b6c1c3ae3b1e98d","isMergeCommit":false,"messageTitle":"Change prefix of remark command","messageBody":"","fileTypesAndContributionMap":{"functional-code":{"insertions":3,"deletions":3}}}]},{"date":"2024-10-16","commitResults":[{"hash":"9636830a1f5260f4120cf34315416a579bcf7100","isMergeCommit":true,"messageTitle":"Merge pull request #47 from leroytan/add-delete-prefix","messageBody":"Add delete prefix","fileTypesAndContributionMap":{}},{"hash":"a4aaaead32e3edbfb58d1ae7361930e2fb79e003","isMergeCommit":false,"messageTitle":"Fix extra space after name command","messageBody":"","fileTypesAndContributionMap":{"functional-code":{"insertions":1,"deletions":1},"docs":{"insertions":3,"deletions":1}}}]},{"date":"2024-10-17","commitResults":[{"hash":"783b2896df5e4d8958673adcd0e6036d0bc14a04","isMergeCommit":false,"messageTitle":"Add shorthand for edit command","messageBody":"Change prefix from using a slash to using a hyphen\nfor all commands. This is to make it consistent with\nthe intended end product.\nAdd remark field to edit command as well.\n","fileTypesAndContributionMap":{"functional-code":{"insertions":70,"deletions":15},"docs":{"insertions":16,"deletions":15},"test-code":{"insertions":3,"deletions":2}}},{"hash":"0fb7b943bba192232dfa4de78f0345f67fcb6851","isMergeCommit":false,"messageTitle":"Add colon notation for edit command","messageBody":"","fileTypesAndContributionMap":{"functional-code":{"insertions":2,"deletions":2},"docs":{"insertions":6,"deletions":5}}},{"hash":"807ed67d9d1cb5d6b9154aa4b96e24f21cb22d50","isMergeCommit":false,"messageTitle":"Fix checkstyle","messageBody":"","fileTypesAndContributionMap":{"functional-code":{"insertions":6,"deletions":4}}},{"hash":"80f3ded9f874510f09aa913f6ccdd851c4c92f11","isMergeCommit":true,"messageTitle":"Merge pull request #50 from anselmlong/add-edit-command","messageBody":"Refine edit command","fileTypesAndContributionMap":{}}]},{"date":"2024-10-20","commitResults":[{"hash":"ceab69d04546139d52b92f2ee68e86ef2bbea7c4","isMergeCommit":false,"messageTitle":"Enable assertions in build.gradle","messageBody":"","fileTypesAndContributionMap":{"other":{"insertions":4,"deletions":0}}},{"hash":"29e2b20098e0d8af1c32ff2b245a056f3473d249","isMergeCommit":false,"messageTitle":"Fix checkstyle","messageBody":"","fileTypesAndContributionMap":{"other":{"insertions":1,"deletions":1}}},{"hash":"34ee6500283c2d15d7a10e6a26b5e5a94f0bf651","isMergeCommit":true,"messageTitle":"Merge pull request #68 from anselmlong/demonstrate-assertion-failure","messageBody":"Enable assertions in build.gradle","fileTypesAndContributionMap":{}}]},{"date":"2024-10-21","commitResults":[{"hash":"4bb4df12721f8eea4842cf2472d1edf7290d44da","isMergeCommit":true,"messageTitle":"Merge pull request #71 from rachelyeohm/change-command-format","messageBody":"Changed commands to new format","fileTypesAndContributionMap":{}}]},{"date":"2024-10-22","commitResults":[{"hash":"afef5918352c800f50e6a4d0a736a90cccb584a3","isMergeCommit":false,"messageTitle":"Remove remark command","messageBody":"","fileTypesAndContributionMap":{"functional-code":{"insertions":0,"deletions":142},"docs":{"insertions":0,"deletions":33}}},{"hash":"763835411736719f5c86b0fc734453d3d55a6c21","isMergeCommit":false,"messageTitle":"Enhance help command","messageBody":"Create a command cheatsheet when help command is\nentered. This table will show the commmand and\nthe respective formats and examples.\n\nThis was created using FXML tables.\n","fileTypesAndContributionMap":{"functional-code":{"insertions":139,"deletions":4},"docs":{"insertions":11,"deletions":11}}},{"hash":"bee8237bba08436de0accc2dffac38ecf658d7e4","isMergeCommit":false,"messageTitle":"Fix checkstyle","messageBody":"","fileTypesAndContributionMap":{"functional-code":{"insertions":14,"deletions":17}}},{"hash":"22834f825349603f221d7ae3acc4ce2ba4d31522","isMergeCommit":false,"messageTitle":"Add import and export commands without implementation","messageBody":"","fileTypesAndContributionMap":{"functional-code":{"insertions":75,"deletions":1}}}]},{"date":"2024-10-23","commitResults":[{"hash":"12e7214e604aa44ce7aa98c0e55d5626f8cd0714","isMergeCommit":false,"messageTitle":"Develop export command","messageBody":"We want the user to be able to export data in VBook out\nto a JSON file. This allows the user to backup their data\nin a copy.\n\nUsing the export command, a copy of addressbook.json is\ncreated and save in a destination of the users choice.\n","fileTypesAndContributionMap":{"functional-code":{"insertions":101,"deletions":9},"test-code":{"insertions":39,"deletions":0}}},{"hash":"174312bc05b1aa11d4ed3ff49e6fa18072093b51","isMergeCommit":false,"messageTitle":"Add colon to clear command","messageBody":"","fileTypesAndContributionMap":{"functional-code":{"insertions":1,"deletions":1},"docs":{"insertions":2,"deletions":2}}},{"hash":"a436b9e9bb05196adc98e99cdb431c92a90cd55e","isMergeCommit":true,"messageTitle":"Merge pull request #80 from anselmlong/format-clear-command","messageBody":"Format clear command","fileTypesAndContributionMap":{}},{"hash":"20080fb8a261ca44ef6e6cba65e7072cae0fe08f","isMergeCommit":false,"messageTitle":"Revert \"Format clear command\"","messageBody":"","fileTypesAndContributionMap":{"functional-code":{"insertions":147,"deletions":303},"docs":{"insertions":46,"deletions":13},"test-code":{"insertions":0,"deletions":39}}},{"hash":"2dc67c6ff41f5b96bc6b2c7f03f0ca5428fe6187","isMergeCommit":true,"messageTitle":"Merge pull request #81 from AY2425S1-CS2103T-F12-4/revert-80-format-clear-command","messageBody":"Revert \"Format clear command\"","fileTypesAndContributionMap":{}},{"hash":"7f8d355c66a4e9c6f25b7d4e3157e29a13757fa9","isMergeCommit":true,"messageTitle":"Merge branch \u0027master\u0027 into edit-delete-command","messageBody":"","fileTypesAndContributionMap":{}},{"hash":"12d58bc935d6edd30356c5cf14e638b41d0770d6","isMergeCommit":true,"messageTitle":"Merge pull request #72 from leroytan/edit-delete-command","messageBody":"Edit delete command","fileTypesAndContributionMap":{}}]},{"date":"2024-10-24","commitResults":[{"hash":"7b92db77973e2950aa2e0ac55b6eebf8eedb5ce3","isMergeCommit":true,"messageTitle":"Merge pull request #74 from leroytan/undo-redo-feature","messageBody":"Undo redo feature","fileTypesAndContributionMap":{}},{"hash":"7e4dcd1c3f1b02e0d25ab544ee51d440d6cd6a54","isMergeCommit":true,"messageTitle":"Merge branch \u0027master\u0027 of https://github.com/AY2425S1-CS2103T-F12-4/tp","messageBody":"","fileTypesAndContributionMap":{}},{"hash":"da7b5c96f2112c6277ccf6f794f266131b2f4ca8","isMergeCommit":false,"messageTitle":"Trying to fix my revert revert","messageBody":"","fileTypesAndContributionMap":{"functional-code":{"insertions":158,"deletions":0},"test-code":{"insertions":39,"deletions":0}}},{"hash":"30f549bf57add6975d7c29304e592b1dbb0cf385","isMergeCommit":false,"messageTitle":"Fix checkstyle","messageBody":"","fileTypesAndContributionMap":{"functional-code":{"insertions":2,"deletions":2}}},{"hash":"b64ae119a65249b5ff2873cbe02681e4d275b67d","isMergeCommit":false,"messageTitle":"Fix checkstyle again","messageBody":"","fileTypesAndContributionMap":{"functional-code":{"insertions":0,"deletions":57},"test-code":{"insertions":7,"deletions":11}}},{"hash":"98ff3d2299656f91466a68683abde0f0aa50c984","isMergeCommit":false,"messageTitle":"Fix test","messageBody":"","fileTypesAndContributionMap":{"test-code":{"insertions":14,"deletions":4}}},{"hash":"5a41b20cb360c84edd0e66ad2b3d68dac0f8c94c","isMergeCommit":false,"messageTitle":"Fix again","messageBody":"","fileTypesAndContributionMap":{"functional-code":{"insertions":1,"deletions":1}}},{"hash":"b2305217c19589952da6ac3adb23c192e67c4abf","isMergeCommit":true,"messageTitle":"Merge pull request #83 from rachelyeohm/add-contacts-with-partial-details","messageBody":"Add contacts with partial details","fileTypesAndContributionMap":{}},{"hash":"12d267378073aa960630eeae70273f3056c7709f","isMergeCommit":false,"messageTitle":"Enhance help command","messageBody":"Create a command cheatsheet when help command is\nentered. This table will show the commmand and\nthe respective formats and examples.\n\nThis was created using FXML tables.\n","fileTypesAndContributionMap":{"functional-code":{"insertions":142,"deletions":4},"docs":{"insertions":11,"deletions":11}}},{"hash":"f502791bf1fc7491cf6fdd8842cad73e52bdd9a3","isMergeCommit":false,"messageTitle":"Fix help command and fix export command","messageBody":"","fileTypesAndContributionMap":{"functional-code":{"insertions":4,"deletions":0}}},{"hash":"841fae5700deb14be17efdd505940a12fd2df6ab","isMergeCommit":false,"messageTitle":"Fix checkstyle","messageBody":"","fileTypesAndContributionMap":{"functional-code":{"insertions":14,"deletions":17}}},{"hash":"355e2c0fe92c8638eb7caf04c03fe563ff448b12","isMergeCommit":false,"messageTitle":"Remove remark command","messageBody":"","fileTypesAndContributionMap":{"functional-code":{"insertions":0,"deletions":142},"docs":{"insertions":0,"deletions":33}}},{"hash":"a42413483cb2378a6e06211a4096a3adcddd4253","isMergeCommit":false,"messageTitle":"Add colon to clear command","messageBody":"","fileTypesAndContributionMap":{"functional-code":{"insertions":1,"deletions":1},"docs":{"insertions":2,"deletions":2}}},{"hash":"bee7c34894346f01d29a98d4c1d0773d65a67133","isMergeCommit":false,"messageTitle":"Update user guide and help command cheatsheet","messageBody":"","fileTypesAndContributionMap":{"functional-code":{"insertions":27,"deletions":8},"docs":{"insertions":34,"deletions":16}}},{"hash":"9c633b80a4539b97d6d604f1f652ca4798721ae4","isMergeCommit":false,"messageTitle":"Change find command example","messageBody":"","fileTypesAndContributionMap":{"docs":{"insertions":2,"deletions":3}}}]}],"rachelyeohm":[{"date":"2024-10-01","commitResults":[{"hash":"b247bc0d2e2e77c65c35eb878294b0d2bfb18fae","isMergeCommit":true,"messageTitle":"Merge pull request #8 from anselmlong/add-anselmlong-info","messageBody":"Add Anselm\u0027s photo","fileTypesAndContributionMap":{}},{"hash":"b4136a8055c17397541a72ed20f1065fb102ddfb","isMergeCommit":true,"messageTitle":"Merge pull request #15 from anselmlong/branch-fix-checkstyle","messageBody":"Fix Checkstyle and CI Issues","fileTypesAndContributionMap":{}},{"hash":"710438c32ad5fcef8588bf340cb91bb9ab568f2c","isMergeCommit":false,"messageTitle":"Add About Us section for Rachel","messageBody":"","fileTypesAndContributionMap":{"docs":{"insertions":50,"deletions":4}}},{"hash":"13f655f5aa3fc21147d13345f2bfb534b6a7602d","isMergeCommit":false,"messageTitle":"Add About Us section for Rachel","messageBody":"","fileTypesAndContributionMap":{"docs":{"insertions":1,"deletions":1}}},{"hash":"edd967c8ca1a74ca13a24167a61f79aa0662777b","isMergeCommit":false,"messageTitle":"Add About Us section for Rachel","messageBody":"","fileTypesAndContributionMap":{"docs":{"insertions":2,"deletions":38}}},{"hash":"6718dddea93b5e0d6ec75972f78f939d2c615569","isMergeCommit":false,"messageTitle":"Add About Us section for Rachel","messageBody":"","fileTypesAndContributionMap":{"docs":{"insertions":36,"deletions":0}}},{"hash":"ad216b9f5ac77700b44721a35bd87a60e7695cae","isMergeCommit":true,"messageTitle":"Merge branch \u0027master\u0027 into add-anselmlong-text","messageBody":"","fileTypesAndContributionMap":{}},{"hash":"1c6549c71be1df5472fb03dd961ab4e1bf3ddb8e","isMergeCommit":true,"messageTitle":"Merge pull request #21 from anselmlong/add-anselmlong-text","messageBody":"Update AboutUs page","fileTypesAndContributionMap":{}},{"hash":"e5f0dd60afc11c708842aeef18c054172576a5ce","isMergeCommit":false,"messageTitle":"Update README.md","messageBody":"","fileTypesAndContributionMap":{"docs":{"insertions":8,"deletions":11}}},{"hash":"0ed5d92e72b6c2f44dad56ec0c2d3b503a55e652","isMergeCommit":true,"messageTitle":"Merge pull request #23 from rachelyeohm/update-README","messageBody":"Update README.md to reflect the VBook project","fileTypesAndContributionMap":{}}]},{"date":"2024-10-02","commitResults":[{"hash":"f3f038aec7811368c1343e7155dc2398f602d804","isMergeCommit":false,"messageTitle":"Add workflow badge to README.md","messageBody":"","fileTypesAndContributionMap":{"docs":{"insertions":12,"deletions":9}}},{"hash":"c92efe07262cfa8dcd9174ae2128afdb3673f950","isMergeCommit":false,"messageTitle":"Add workflow badge to README.md","messageBody":"","fileTypesAndContributionMap":{"docs":{"insertions":1,"deletions":2}}},{"hash":"7a5dc45062d00bae889786e9c763fa82f17c3b48","isMergeCommit":true,"messageTitle":"Merge pull request #31 from rachelyeohm/update-README","messageBody":"Add workflow badge to README.md and acknowledge sources","fileTypesAndContributionMap":{}},{"hash":"2f473997e0e27388f6f5ea57b7184fa7cd017f53","isMergeCommit":false,"messageTitle":"Fix indentation in README.md","messageBody":"","fileTypesAndContributionMap":{"docs":{"insertions":1,"deletions":1}}},{"hash":"32f4109573e260a48792eef638a977482a4479ad","isMergeCommit":true,"messageTitle":"Merge pull request #33 from rachelyeohm/fix-README","messageBody":"Fix indentation in README.md","fileTypesAndContributionMap":{}},{"hash":"7a90ee609727bf4874a051f7d92fa88d361bef80","isMergeCommit":false,"messageTitle":"Fix indentation in README.md","messageBody":"","fileTypesAndContributionMap":{"docs":{"insertions":3,"deletions":1}}},{"hash":"bc1b5809bdfdb2252efda4a04794f29f2bec70a7","isMergeCommit":true,"messageTitle":"Merge pull request #34 from rachelyeohm/fix-README","messageBody":"Fix indentation in README.md","fileTypesAndContributionMap":{}}]},{"date":"2024-10-10","commitResults":[{"hash":"a2bcaf6d26b6a0786fbd2c3b3815c1d929f6dd9a","isMergeCommit":false,"messageTitle":"Update AddCommand commands","messageBody":"","fileTypesAndContributionMap":{"functional-code":{"insertions":23,"deletions":22},"test-code":{"insertions":15,"deletions":15}}},{"hash":"559ac8bff1cad5e5809b7798fde27fa624ac12e7","isMergeCommit":false,"messageTitle":"Update AddCommands","messageBody":"","fileTypesAndContributionMap":{"functional-code":{"insertions":1,"deletions":2},"test-code":{"insertions":1,"deletions":0}}},{"hash":"1c2352b53688be59c2b4516ceeb5c8ef76f3bb33","isMergeCommit":false,"messageTitle":"Fix CheckStyle","messageBody":"","fileTypesAndContributionMap":{"functional-code":{"insertions":2,"deletions":2},"test-code":{"insertions":2,"deletions":2}}},{"hash":"d9424e77fd415f065aac5869339e7f99f93064c9","isMergeCommit":false,"messageTitle":"Fix CheckStyle","messageBody":"","fileTypesAndContributionMap":{"functional-code":{"insertions":2,"deletions":2}}},{"hash":"5fc9a6be9bb37a0b6ab0639ba0815b96ba49fadf","isMergeCommit":false,"messageTitle":"Fix CheckStyle","messageBody":"","fileTypesAndContributionMap":{"test-code":{"insertions":2,"deletions":2}}},{"hash":"f817962f15ccb633ba23a364913804ebae5f1eff","isMergeCommit":false,"messageTitle":"Fix CheckStyle","messageBody":"","fileTypesAndContributionMap":{"functional-code":{"insertions":6,"deletions":6}}},{"hash":"b874540519a3abfff507d448c51b5c1b4775b535","isMergeCommit":true,"messageTitle":"Merge pull request #42 from raihahahan/master","messageBody":"Add ls shorthand for List command","fileTypesAndContributionMap":{}},{"hash":"d195bffc8f95a25729513d83d962aba93918ec70","isMergeCommit":true,"messageTitle":"Merge pull request #45 from leroytan/edit-delete-command","messageBody":"Edit delete command","fileTypesAndContributionMap":{}}]},{"date":"2024-10-16","commitResults":[{"hash":"037cf9f5a2f8209a6b56bc782d6ba640991bb923","isMergeCommit":false,"messageTitle":"Update parameters for AddCommand","messageBody":"","fileTypesAndContributionMap":{"functional-code":{"insertions":21,"deletions":9},"test-code":{"insertions":1,"deletions":1}}}]},{"date":"2024-10-17","commitResults":[{"hash":"0822830aff237cba9f1cc6054b9e7a199557c02f","isMergeCommit":false,"messageTitle":"Update User Guide","messageBody":"","fileTypesAndContributionMap":{"functional-code":{"insertions":19,"deletions":7},"docs":{"insertions":10,"deletions":9}}},{"hash":"d8654984fae9f8b097226e914538d313de9e3fa1","isMergeCommit":false,"messageTitle":"Fix bugs in Remark","messageBody":"","fileTypesAndContributionMap":{"functional-code":{"insertions":30,"deletions":18},"test-code":{"insertions":10,"deletions":2}}},{"hash":"0ff6d3be6d59690ed372c0ade7dcf1e41bf35b34","isMergeCommit":false,"messageTitle":"Fix Remark bug","messageBody":"","fileTypesAndContributionMap":{"functional-code":{"insertions":31,"deletions":13},"test-code":{"insertions":2,"deletions":7}}},{"hash":"3a9960c0166e2a8a06bd2ad224616bc55c8ad8b6","isMergeCommit":false,"messageTitle":"Fix bug","messageBody":"","fileTypesAndContributionMap":{"test-code":{"insertions":0,"deletions":1}}},{"hash":"d4926ff1da0729ec4850c83070c5e27411745975","isMergeCommit":false,"messageTitle":"Fix checkstyle error","messageBody":"","fileTypesAndContributionMap":{"functional-code":{"insertions":1,"deletions":5}}},{"hash":"9aee5e6810be0e5a10c76ec1008322fe577b3e3c","isMergeCommit":true,"messageTitle":"Merge pull request #52 from rachelyeohm/add-command-parameters","messageBody":"Refine add command","fileTypesAndContributionMap":{}}]},{"date":"2024-10-19","commitResults":[{"hash":"9fcb438294d7fdeabc52c2ae956c7642a6798fbf","isMergeCommit":false,"messageTitle":"Add partial details to AddCommand","messageBody":"","fileTypesAndContributionMap":{"functional-code":{"insertions":88,"deletions":25}}}]},{"date":"2024-10-20","commitResults":[{"hash":"20d73109132eaeab35de08d0e12153e55041432e","isMergeCommit":false,"messageTitle":"Fix failed tests","messageBody":"","fileTypesAndContributionMap":{"functional-code":{"insertions":83,"deletions":85},"test-code":{"insertions":5,"deletions":26}}},{"hash":"a1f4e70397f0f620e3fb5570823547464828750c","isMergeCommit":false,"messageTitle":"Fix failed tests","messageBody":"","fileTypesAndContributionMap":{"functional-code":{"insertions":3,"deletions":4}}},{"hash":"3448124e5f92d3e038c3cf597544b719c5547288","isMergeCommit":false,"messageTitle":"Add util functions","messageBody":"","fileTypesAndContributionMap":{"functional-code":{"insertions":5,"deletions":0}}}]},{"date":"2024-10-21","commitResults":[{"hash":"79ce9b45c1d4e8c07ed6af3595023d2bb49cd661","isMergeCommit":false,"messageTitle":"Add partial search function","messageBody":"","fileTypesAndContributionMap":{"functional-code":{"insertions":120,"deletions":5}}},{"hash":"73106189b779927d61401ec6cfded9040c3fffe4","isMergeCommit":false,"messageTitle":"Update search to make name optional","messageBody":"","fileTypesAndContributionMap":{"functional-code":{"insertions":1,"deletions":2}}},{"hash":"b3f9a6bab2f90edf31f90a4327e446406f03e8d5","isMergeCommit":false,"messageTitle":"Update test cases","messageBody":"","fileTypesAndContributionMap":{"functional-code":{"insertions":29,"deletions":14},"test-code":{"insertions":70,"deletions":30}}},{"hash":"705c66bd9dc13509a52526ed0cd4a9e96193a3a2","isMergeCommit":false,"messageTitle":"Add equals override for new classes","messageBody":"","fileTypesAndContributionMap":{"functional-code":{"insertions":38,"deletions":5}}},{"hash":"2b3477e273fd1e11dbd01ee34b48627f224c3abd","isMergeCommit":false,"messageTitle":"Fix checkstyle and test errors","messageBody":"","fileTypesAndContributionMap":{"functional-code":{"insertions":39,"deletions":35},"test-code":{"insertions":150,"deletions":102}}},{"hash":"c891dd2b1c3a152401f1964ba4ff4557dc62834e","isMergeCommit":false,"messageTitle":"Fix checkstyle issues","messageBody":"","fileTypesAndContributionMap":{"test-code":{"insertions":10,"deletions":8}}},{"hash":"c67439295226ebe68fa73e303c950763216239c4","isMergeCommit":false,"messageTitle":"Changed commands to new format","messageBody":"","fileTypesAndContributionMap":{"functional-code":{"insertions":3,"deletions":3}}},{"hash":"341046935a368c66c683d4954511ae45144a711f","isMergeCommit":false,"messageTitle":"Update user guide","messageBody":"","fileTypesAndContributionMap":{"docs":{"insertions":17,"deletions":12}}},{"hash":"d4c2e6bd0ca9a3a1bb9c9e71f8863b113d27e718","isMergeCommit":false,"messageTitle":"Update user guide","messageBody":"","fileTypesAndContributionMap":{"docs":{"insertions":11,"deletions":11}}},{"hash":"603d52de21ea41621e943b0df4786f95574dc2c7","isMergeCommit":false,"messageTitle":"Update developer guide","messageBody":"","fileTypesAndContributionMap":{"docs":{"insertions":6,"deletions":6}}}]},{"date":"2024-10-22","commitResults":[{"hash":"30c3d778e3c4efb51f6f2ea6537bcc8a6985932d","isMergeCommit":false,"messageTitle":"Add util functions","messageBody":"","fileTypesAndContributionMap":{"functional-code":{"insertions":5,"deletions":0}}},{"hash":"6803b039c731057ce2705394570fca9f6738d304","isMergeCommit":false,"messageTitle":"Add partial search function","messageBody":"","fileTypesAndContributionMap":{"functional-code":{"insertions":120,"deletions":5}}},{"hash":"e3db8f640c8cbaeeba9cb9bf5b626ab4830be38f","isMergeCommit":false,"messageTitle":"Update search to make name optional","messageBody":"","fileTypesAndContributionMap":{"functional-code":{"insertions":1,"deletions":2}}},{"hash":"02a36c1dea1ac3e87a43cb50641e3401037fdb78","isMergeCommit":false,"messageTitle":"Update test cases","messageBody":"","fileTypesAndContributionMap":{"functional-code":{"insertions":29,"deletions":14},"test-code":{"insertions":70,"deletions":30}}},{"hash":"71de01046b98a7c29c92d7eef5b0895f28b7e1df","isMergeCommit":false,"messageTitle":"Add equals override for new classes","messageBody":"","fileTypesAndContributionMap":{"functional-code":{"insertions":38,"deletions":5}}},{"hash":"383e51c47efd621f9fedbdcc53fa55467c87f91e","isMergeCommit":false,"messageTitle":"Fix checkstyle and test errors","messageBody":"","fileTypesAndContributionMap":{"functional-code":{"insertions":39,"deletions":35},"test-code":{"insertions":150,"deletions":102}}},{"hash":"9b61c02a0c1e19e645e024d8e106a437d99fa052","isMergeCommit":false,"messageTitle":"Fix checkstyle issues","messageBody":"","fileTypesAndContributionMap":{"test-code":{"insertions":10,"deletions":8}}},{"hash":"a20220c7b177fe964e4c74cdaf2cd4c39cb4575d","isMergeCommit":false,"messageTitle":"Update user guide","messageBody":"","fileTypesAndContributionMap":{"docs":{"insertions":16,"deletions":11}}},{"hash":"a7433147bd0106548ac13c8a612fec93ced9f6b7","isMergeCommit":false,"messageTitle":"Update find command format","messageBody":"","fileTypesAndContributionMap":{"docs":{"insertions":4,"deletions":4}}},{"hash":"5d718338bdd3bbe1bb47fc4276d3a357f5aabcc5","isMergeCommit":true,"messageTitle":"Update user guide","messageBody":"","fileTypesAndContributionMap":{}},{"hash":"bc68a1622396d9bef2ac2e9522887e583beef08a","isMergeCommit":false,"messageTitle":"Add invalid command variants","messageBody":"","fileTypesAndContributionMap":{"functional-code":{"insertions":26,"deletions":6}}},{"hash":"904e5047a0e4800f2fba1273dfd5b747e150b651","isMergeCommit":false,"messageTitle":"Update user guide and comments for clarity","messageBody":"","fileTypesAndContributionMap":{"functional-code":{"insertions":3,"deletions":1}}},{"hash":"ee3c48383695f175eb53545ab55e7f38fcc829c4","isMergeCommit":false,"messageTitle":"Add invalid argument handling in parser","messageBody":"","fileTypesAndContributionMap":{"functional-code":{"insertions":40,"deletions":1}}},{"hash":"b24423d15530249cdc242402c99ce2f470aae408","isMergeCommit":false,"messageTitle":"Add tests for invalid argument handling","messageBody":"","fileTypesAndContributionMap":{"test-code":{"insertions":42,"deletions":0}}},{"hash":"823b08f0864d6b444a45b0f273d7d16fcc00fcbf","isMergeCommit":false,"messageTitle":"Fix checkstyle issues","messageBody":"","fileTypesAndContributionMap":{"test-code":{"insertions":13,"deletions":5}}},{"hash":"dd7da66c8018a7f166b08c2854741fa55ca20003","isMergeCommit":false,"messageTitle":"Fix checkstyle issues","messageBody":"","fileTypesAndContributionMap":{"functional-code":{"insertions":36,"deletions":13},"test-code":{"insertions":2,"deletions":1}}},{"hash":"f513ea0522943f621267e07d62fe6c0d400cf379","isMergeCommit":false,"messageTitle":"Fix checkstyle issues","messageBody":"","fileTypesAndContributionMap":{"functional-code":{"insertions":2,"deletions":1}}}]},{"date":"2024-10-23","commitResults":[{"hash":"2e15ebd0787a494ca07b36fae9cdc70f6244bd0c","isMergeCommit":false,"messageTitle":"Remove unnecessary tests","messageBody":"","fileTypesAndContributionMap":{"test-code":{"insertions":1,"deletions":7}}},{"hash":"d72dc6b0cc10d9761a43bb58cd109adf81a87c4d","isMergeCommit":false,"messageTitle":"Fix checkstyle issues","messageBody":"","fileTypesAndContributionMap":{"functional-code":{"insertions":1,"deletions":1},"test-code":{"insertions":1,"deletions":3}}},{"hash":"6eda8ae46bdcae983af851411bbdf8a934302cb0","isMergeCommit":false,"messageTitle":"Move parsing function to ParserUtil","messageBody":"","fileTypesAndContributionMap":{"functional-code":{"insertions":20,"deletions":16}}},{"hash":"a6413a04b8aa60d5517864538cf7b38bf5bdd885","isMergeCommit":false,"messageTitle":"Fix checkstyle issues","messageBody":"","fileTypesAndContributionMap":{"functional-code":{"insertions":2,"deletions":2}}},{"hash":"718f3f35b3d4de59b59b99add7b341f72ebedb15","isMergeCommit":false,"messageTitle":"Add partial details to AddCommand","messageBody":"","fileTypesAndContributionMap":{"functional-code":{"insertions":88,"deletions":25}}},{"hash":"195ab7d2e6c41aae811c00c6aa14ab9ad98821ce","isMergeCommit":false,"messageTitle":"Fix failed tests","messageBody":"","fileTypesAndContributionMap":{"functional-code":{"insertions":83,"deletions":85},"test-code":{"insertions":5,"deletions":26}}},{"hash":"d14701933cedb767086c1470f9fea8ae0c8706c4","isMergeCommit":false,"messageTitle":"Fix failed tests","messageBody":"","fileTypesAndContributionMap":{"functional-code":{"insertions":3,"deletions":4}}},{"hash":"4f10599eff45f6a0470a441aff2863155f36428c","isMergeCommit":false,"messageTitle":"Remove unnecessary tests","messageBody":"","fileTypesAndContributionMap":{"test-code":{"insertions":1,"deletions":7}}},{"hash":"7c266dc79c0179fb248715815aa3f480e1a3c274","isMergeCommit":false,"messageTitle":"Fix checkstyle issues","messageBody":"","fileTypesAndContributionMap":{"functional-code":{"insertions":1,"deletions":1},"test-code":{"insertions":1,"deletions":3}}},{"hash":"7e86d4e3f1bf99dae8a88b3ac3138a2774af5930","isMergeCommit":false,"messageTitle":"Move parsing function to ParserUtil","messageBody":"","fileTypesAndContributionMap":{"functional-code":{"insertions":20,"deletions":16}}},{"hash":"005b1cfb57847fd1ff9949903f42003221d2e447","isMergeCommit":false,"messageTitle":"Fix checkstyle issues","messageBody":"","fileTypesAndContributionMap":{"functional-code":{"insertions":2,"deletions":2}}},{"hash":"5d3e345a8fcbd90912847ed7325379415b87a287","isMergeCommit":true,"messageTitle":"Merge branch \u0027add-contacts-with-partial-details\u0027 of https://github.com/rachelyeohm/tp into add-contacts-with-partial-details","messageBody":"","fileTypesAndContributionMap":{}},{"hash":"3f7db40778dfcb0134cab8da08fd094a4c8f7945","isMergeCommit":true,"messageTitle":"Merge branch \u0027master\u0027 into add-contacts-with-partial-details","messageBody":"","fileTypesAndContributionMap":{}}]},{"date":"2024-10-24","commitResults":[{"hash":"90dac1f69efa50ed69ca7bbfffd42888d52216a9","isMergeCommit":false,"messageTitle":"Add helper function for parsing invalid command","messageBody":"","fileTypesAndContributionMap":{"functional-code":{"insertions":44,"deletions":24}}},{"hash":"87448e0e9f997eca6ebab91aa00b29a363d445db","isMergeCommit":true,"messageTitle":"Merge branch \u0027master\u0027 into add-contacts-with-partial-details","messageBody":"","fileTypesAndContributionMap":{}},{"hash":"e9d18c049db7d2102e2571f6753ca3848536c26a","isMergeCommit":true,"messageTitle":"Merge pull request #77 from raihahahan/feat/encryption","messageBody":"File encryption","fileTypesAndContributionMap":{}},{"hash":"3a05b66812372ecf494e1c053f8a395755aa3e4e","isMergeCommit":true,"messageTitle":"Merge branch \u0027master\u0027 into feat/password-lock","messageBody":"","fileTypesAndContributionMap":{}},{"hash":"598a8cee30fbff0e6ac854a7c9f861d954e3b1d4","isMergeCommit":true,"messageTitle":"Merge pull request #76 from raihahahan/feat/password-lock","messageBody":"Password lock","fileTypesAndContributionMap":{}},{"hash":"f5b35ecc6af93e351aa9e4c24ac3842e6a11df1b","isMergeCommit":true,"messageTitle":"Merge branch \u0027master\u0027 into invalid-argument-handling","messageBody":"","fileTypesAndContributionMap":{}},{"hash":"ec35ee6fa281c742e56bce32078848ad5f575329","isMergeCommit":false,"messageTitle":"Fix wrong invalid variant","messageBody":"","fileTypesAndContributionMap":{"functional-code":{"insertions":1,"deletions":1}}},{"hash":"3ad5bff894195bded328f440cb56307504d56672","isMergeCommit":true,"messageTitle":"Merge branch \u0027invalid-argument-handling\u0027 of https://github.com/rachelyeohm/tp into invalid-argument-handling","messageBody":"","fileTypesAndContributionMap":{}},{"hash":"31f810580c5b93b1288fa530490cf5e81dd2ee47","isMergeCommit":false,"messageTitle":"Fix grammar errors in javadocs","messageBody":"","fileTypesAndContributionMap":{"functional-code":{"insertions":3,"deletions":3}}},{"hash":"7780951ce660fe1a1f06e4aae9dd74b0e84e45a5","isMergeCommit":true,"messageTitle":"Merge branch \u0027add-contacts-with-partial-details\u0027 of https://github.com/rachelyeohm/tp into add-contacts-with-partial-details","messageBody":"","fileTypesAndContributionMap":{}},{"hash":"1d7199964a0bf5291263169b8c0e86d746970a41","isMergeCommit":false,"messageTitle":"Fix grammar errors in javadocs","messageBody":"","fileTypesAndContributionMap":{"functional-code":{"insertions":1,"deletions":1}}},{"hash":"81ef88411e8642d73636dec5ebe60b29f464cfdc","isMergeCommit":true,"messageTitle":"Merge branch \u0027master\u0027 into add-contacts-with-partial-details","messageBody":"","fileTypesAndContributionMap":{}},{"hash":"44bb39d5625ecf78ab304a1a624f7ea514b094eb","isMergeCommit":false,"messageTitle":"Fix syntax error","messageBody":"","fileTypesAndContributionMap":{"functional-code":{"insertions":2,"deletions":1}}},{"hash":"2e172e585fccfdf61bb186084cf584cf850a26fb","isMergeCommit":false,"messageTitle":"Fix syntax error","messageBody":"","fileTypesAndContributionMap":{"functional-code":{"insertions":1,"deletions":2}}},{"hash":"e037151e8fde9a29e77a6ddcf2f968033aec0529","isMergeCommit":true,"messageTitle":"Merge pull request #88 from anselmlong/update-user-guide-and-help","messageBody":"Update user guide and help","fileTypesAndContributionMap":{}}]}],"leroytan":[{"date":"2024-10-01","commitResults":[{"hash":"873251a5dfc1eab2243254cfc12015fc87187d97","isMergeCommit":true,"messageTitle":"Merge pull request #10 from raihahahan/add-raihan-photo","messageBody":"Add Raihan\u0027s photo ","fileTypesAndContributionMap":{}},{"hash":"c91b719d05337fdb3e70d009735adde870c267d3","isMergeCommit":false,"messageTitle":"Update the AboutUs page","messageBody":"","fileTypesAndContributionMap":{"docs":{"insertions":16,"deletions":6}}},{"hash":"622e16ee8a699b2175a021e7e22d2b174e7cbdea","isMergeCommit":true,"messageTitle":"Merge pull request #19 from rachelyeohm/about-us-rachel","messageBody":"Update About Us [rachelyeohm]","fileTypesAndContributionMap":{}},{"hash":"bd1d6c3cb274be8f21e70986b1a1fe3fc9a8a8e1","isMergeCommit":true,"messageTitle":"Merge branch \u0027master\u0027 of https://github.com/AY2425S1-CS2103T-G19-4/tp","messageBody":"","fileTypesAndContributionMap":{}}]},{"date":"2024-10-02","commitResults":[{"hash":"53b320d3bb645ba228a0a15a33766e4b2e693367","isMergeCommit":true,"messageTitle":"Merge pull request #22 from anselmlong/update-sitewide-settings","messageBody":"Update sitewide settings to include our title","fileTypesAndContributionMap":{}},{"hash":"6a2a7784eb6e5635755bd1c533cda4778e3bf195","isMergeCommit":true,"messageTitle":"Merge pull request #30 from anselmlong/update-developer-guide","messageBody":"Update developer guide with new information","fileTypesAndContributionMap":{}}]},{"date":"2024-10-03","commitResults":[{"hash":"58d6b41b96cb444af96f6b748e3ba1d2ba8510bc","isMergeCommit":true,"messageTitle":"Merge branch \u0027master\u0027 of https://github.com/AY2425S1-CS2103T-G19-4/tp","messageBody":"","fileTypesAndContributionMap":{}}]},{"date":"2024-10-10","commitResults":[{"hash":"4add814442e11ff5fd774d914dc8b1acdf667bd0","isMergeCommit":false,"messageTitle":"Edit Delete Command","messageBody":"Changed edit command from \"delete \u003cindex\u003e\" to \":rm \u003cindex\u003e\".\nEdited the user guides and test to fit change.\n","fileTypesAndContributionMap":{"functional-code":{"insertions":1,"deletions":1},"docs":{"insertions":10,"deletions":10},"test-code":{"insertions":1,"deletions":1}}},{"hash":"b5180cafb730fe7b8eff8746bfb24b830f8a5426","isMergeCommit":true,"messageTitle":"Merge pull request #43 from rachelyeohm/improve-adding-contacts","messageBody":"Improve adding contacts","fileTypesAndContributionMap":{}}]},{"date":"2024-10-15","commitResults":[{"hash":"4f2a103227e747dcbf3cec1bdf06135f7ba43c5c","isMergeCommit":true,"messageTitle":"Merge branch \u0027master\u0027 of https://github.com/AY2425S1-CS2103T-G19-4/tp","messageBody":"","fileTypesAndContributionMap":{}}]},{"date":"2024-10-16","commitResults":[{"hash":"25121d08f317c2c704b7579d2b28dd224ca209c3","isMergeCommit":false,"messageTitle":"Update Delete Command","messageBody":"Update Delete command to take in both short(:rm -i INDEX) and long form\n(:remove -i INDEX).\nUpdate test to pass with the new delete command.\nUpdate user guide to include new delete command.\n","fileTypesAndContributionMap":{"functional-code":{"insertions":31,"deletions":16},"docs":{"insertions":4,"deletions":4},"test-code":{"insertions":6,"deletions":4}}},{"hash":"9e822c29d78b5c623108802a146b6a51ca7b6acb","isMergeCommit":false,"messageTitle":"Remove unnecessary import from AddCommandParser","messageBody":"","fileTypesAndContributionMap":{"functional-code":{"insertions":0,"deletions":1}}},{"hash":"781aec5ba9bc1bd70f9e4dc26c6297ea698aa3f0","isMergeCommit":false,"messageTitle":"Reformat test file to fit Checkstyle convention","messageBody":"","fileTypesAndContributionMap":{"test-code":{"insertions":2,"deletions":1}}}]},{"date":"2024-10-17","commitResults":[{"hash":"f7038da5f12d7a8baf89907f9c1bda6d09832d6d","isMergeCommit":true,"messageTitle":"Merge pull request #67 from raihahahan/task/list-colon","messageBody":"Add colon prefix for list command","tags":["v1.3"],"fileTypesAndContributionMap":{}},{"hash":"86126b0995162c122982f6f2f9d130353185f6e5","isMergeCommit":true,"messageTitle":"Merge branch \u0027master\u0027 of https://github.com/AY2425S1-CS2103T-G19-4/tp","messageBody":"","fileTypesAndContributionMap":{}}]},{"date":"2024-10-21","commitResults":[{"hash":"63914729dfd25a823c063d790cfe6c0870d79ded","isMergeCommit":true,"messageTitle":"Merge branch \u0027master\u0027 of https://github.com/AY2425S1-CS2103T-G19-4/tp","messageBody":"","fileTypesAndContributionMap":{}},{"hash":"c4ca8a90417aac82c677fb1469d34daf96393255","isMergeCommit":false,"messageTitle":"Update Delete Command to multiple delete","messageBody":"Delete Command only allows user to delete one person.\n\nA delete command that allows multiple index is more user-friendly\nbecause users do not have to type the delete command multiple times.\n\nLet\u0027s,\n* update the delete command to handle multiple index\n* add a few test for multiple delete command\n* update the user guide to new delete format\n","fileTypesAndContributionMap":{"functional-code":{"insertions":76,"deletions":14},"docs":{"insertions":9,"deletions":9},"test-code":{"insertions":21,"deletions":4}}},{"hash":"9087349419586c26a1feadb25e1294e11a33e460","isMergeCommit":false,"messageTitle":"Fix a bug where id is not in order","messageBody":"Change implementation to keep track of insertion order of\nindex.\n","fileTypesAndContributionMap":{"functional-code":{"insertions":2,"deletions":1}}},{"hash":"a31500051471607e285bc0a4b3fd9b699561b92f","isMergeCommit":false,"messageTitle":"Revert \"Fix a bug where id is not in order\"","messageBody":"This reverts commit 9087349419586c26a1feadb25e1294e11a33e460.\n","fileTypesAndContributionMap":{"functional-code":{"insertions":1,"deletions":2}}},{"hash":"28906497a8b8e392c31de8c2366b464b9ac17ce9","isMergeCommit":false,"messageTitle":"Fix a bug where delete command index is not in order","messageBody":"Change implementation to keep track of insertion order of\nindex.\n","fileTypesAndContributionMap":{"functional-code":{"insertions":2,"deletions":1}}}]},{"date":"2024-10-22","commitResults":[{"hash":"0c1739bad67989bb95900dcec0eb8b9be82ba26e","isMergeCommit":true,"messageTitle":"Merge branch \u0027master\u0027 into edit-delete-command","messageBody":"","fileTypesAndContributionMap":{}},{"hash":"0b95ccef4081d8c17bd8cdfb33ba198b950b62d7","isMergeCommit":false,"messageTitle":"Add undo and redo functionality to address book","messageBody":"* Implement new AddressBook with\nversion to track the history of changes.\n* Add \"commit\", \"undo\", and \"redo\" methods to AddressBook with version.\n* Update ModelManager to use AddressBook with version for\nundo/redo operations.\n* Create UndoCommand and RedoCommand classes.\n* Add tests for UndoCommand in UndoCommandTest.\n* Add tests for RedoCommand in RedoCommandTest.\n","fileTypesAndContributionMap":{"functional-code":{"insertions":210,"deletions":22},"test-code":{"insertions":171,"deletions":21}}},{"hash":"66bf5a9865fadffe52e11ceeaf20e43c4d9bf554","isMergeCommit":false,"messageTitle":"Add user guide documentation for undo and redo command","messageBody":"Add descriptions and examples for `:undo` and `:redo` commands.\nInclude concrete examples to illustrate the usage of undo and redo\nfunctionalities.\n","fileTypesAndContributionMap":{"docs":{"insertions":22,"deletions":0}}},{"hash":"7b541980886011fa33a9e1f5f2f1c32b3e795a3f","isMergeCommit":true,"messageTitle":"Merge branch \u0027master\u0027 into undo-redo-feature","messageBody":"","fileTypesAndContributionMap":{}}]},{"date":"2024-10-23","commitResults":[{"hash":"d08a5ae0f47fa6060e07e0b5d22bf7611fd397b4","isMergeCommit":true,"messageTitle":"Merge pull request #69 from rachelyeohm/add-partial-search-details","messageBody":"Add partial search details","fileTypesAndContributionMap":{}},{"hash":"41eb98f2093bad3993934907dfc42469b65b76bb","isMergeCommit":false,"messageTitle":"Add capacity test for undo and redo","messageBody":"Check for failure of undo and redo test when undo or redo\nbeyond the capacity.\nUpdate user guide to reduce confusion for undo and redo.\n","fileTypesAndContributionMap":{"functional-code":{"insertions":4,"deletions":0},"docs":{"insertions":7,"deletions":5},"test-code":{"insertions":66,"deletions":20}}},{"hash":"27933f699325404d0b4764169009de7a89f58895","isMergeCommit":true,"messageTitle":"Merge branch \u0027undo-redo-feature\u0027 of https://github.com/leroytan/tp into undo-redo-feature","messageBody":"","fileTypesAndContributionMap":{}},{"hash":"135fd218cf6c149a495005bbae4eb271e2109f67","isMergeCommit":true,"messageTitle":"Merge branch \u0027master\u0027 of https://github.com/AY2425S1-CS2103T-G19-4/tp into undo-redo-feature","messageBody":"","fileTypesAndContributionMap":{}},{"hash":"cba1b93766eeb9ebaeab976c04359585b9bc28d9","isMergeCommit":true,"messageTitle":"Merge branch \u0027master\u0027 of https://github.com/AY2425S1-CS2103T-G19-4/tp","messageBody":"","fileTypesAndContributionMap":{}},{"hash":"ea45fd4846259edb3e65ef7476305239574e6eeb","isMergeCommit":true,"messageTitle":"Merge branch \u0027master\u0027 into undo-redo-feature","messageBody":"","fileTypesAndContributionMap":{}}]},{"date":"2024-10-24","commitResults":[{"hash":"58647d5b5b3125e839744cb4dcd0b9041c8d86a0","isMergeCommit":false,"messageTitle":"Fix git conflict","messageBody":"Change the method name to resolve git conflict.\nModel uses the new method name.\n","fileTypesAndContributionMap":{"test-code":{"insertions":1,"deletions":1}}},{"hash":"40dabf890f8610171ef349720edd0936019df6cc","isMergeCommit":true,"messageTitle":"Merge pull request #78 from rachelyeohm/invalid-argument-handling","messageBody":"Invalid argument handling","fileTypesAndContributionMap":{}},{"hash":"7a591b0a14bf42b3857ad2d355e18222c0425393","isMergeCommit":true,"messageTitle":"Merge pull request #84 from anselmlong/develop-export-command","messageBody":"Develop export command","fileTypesAndContributionMap":{}},{"hash":"8da71fc4e9c1e089771112c0c0c818c1494c901a","isMergeCommit":true,"messageTitle":"Merge branch \u0027master\u0027 of https://github.com/AY2425S1-CS2103T-G19-4/tp","messageBody":"","fileTypesAndContributionMap":{}},{"hash":"d99654736cb73c44099a3b231d6ad4ed7b4b4cb0","isMergeCommit":true,"messageTitle":"Merge commit \u0027refs/pull/86/head\u0027 of https://github.com/AY2425S1-CS2103T-F12-4/tp","messageBody":"","fileTypesAndContributionMap":{}},{"hash":"852dbca1729346f20fbce1064aa6583db5f65b62","isMergeCommit":true,"messageTitle":"Merge branch \u0027master\u0027 of https://github.com/AY2425S1-CS2103T-G19-4/tp","messageBody":"","fileTypesAndContributionMap":{}},{"hash":"75a0e453bf58b268df3890004ead981aa4995142","isMergeCommit":false,"messageTitle":"Update the undo command to work with multiple delete feature","messageBody":"Commit the addressbook only after the for loop has finished.\n","fileTypesAndContributionMap":{"functional-code":{"insertions":3,"deletions":3}}},{"hash":"8c920aafc4b2796f409ec5a0874ebd98239c0563","isMergeCommit":false,"messageTitle":"Update the undo command to work with multiple delete feature","messageBody":"Commit the AddressBook only after the for loop has finished.\n","fileTypesAndContributionMap":{"test-code":{"insertions":92,"deletions":8}}}]},{"date":"2024-10-25","commitResults":[{"hash":"447a538cf6d1bd202e53d3316dbbc5b843fb2c03","isMergeCommit":true,"messageTitle":"Merge branch \u0027master\u0027 of https://github.com/AY2425S1-CS2103T-G19-4/tp","messageBody":"","fileTypesAndContributionMap":{}}]},{"date":"2024-10-26","commitResults":[{"hash":"e4daeff65fa998593302a7cbd3c1dc334f71b6fe","isMergeCommit":true,"messageTitle":"Merge branch \u0027switch-docs-to-markbind\u0027 of https://github.com/AY2425S1-CS2103T-G19-4/tp into update-documentation","messageBody":"Update user guide to fit our implementation\n","fileTypesAndContributionMap":{}},{"hash":"80de31f5e90ca5d762e3ebb7d6c84e1190f604d0","isMergeCommit":false,"messageTitle":"Update User Guide","messageBody":"Make user guide more reader friendly\n","fileTypesAndContributionMap":{"docs":{"insertions":38,"deletions":34}}},{"hash":"3b85614b0f616fa8f0da4392659432ffc6d87720","isMergeCommit":false,"messageTitle":"Update documentation","messageBody":"Update documentation to pass checkstyle\n","fileTypesAndContributionMap":{"docs":{"insertions":42,"deletions":42}}},{"hash":"536e342a41f12db1e0fb5cf699204c7e4fef3f2b","isMergeCommit":false,"messageTitle":"Update github action to work on documentation branch","messageBody":"This is to facilitate test on a branch.\n","fileTypesAndContributionMap":{"other":{"insertions":1,"deletions":0},"docs":{"insertions":2,"deletions":2}}},{"hash":"0f3508f6323cb43dc6ef85a55db0698de969531d","isMergeCommit":false,"messageTitle":"Add layout so that website can display properly","messageBody":"Website should be able to display properly\n","fileTypesAndContributionMap":{"docs":{"insertions":35,"deletions":22}}},{"hash":"919208b856c64f80ddddd6547d8d7a79e172ff17","isMergeCommit":false,"messageTitle":"Update docs to work on update-documentation branch","messageBody":"","fileTypesAndContributionMap":{"other":{"insertions":1,"deletions":2}}},{"hash":"ee207e708293817dc49ddbd47cf11911ddff3300","isMergeCommit":false,"messageTitle":"Update documentation to work with master branch","messageBody":"docs.yml runs after push to master branch\nGithub actions runs and commits to a new branch \u0027gh-pages\u0027\nGithub pages deploy from new branch update \u0027gh-pages\u0027\n","fileTypesAndContributionMap":{"other":{"insertions":1,"deletions":1}}}]},{"date":"2024-10-27","commitResults":[{"hash":"e8ac841c1609d07367f69aec326feb9e0fa4991a","isMergeCommit":false,"messageTitle":"Update Developer Guide","messageBody":"Edit undo and redo feature\nAdd delete feature and relevant UML diagrams\n- Class diagram\n- Sequence diagram\n- Activity diagram\n","fileTypesAndContributionMap":{"docs":{"insertions":255,"deletions":46}}},{"hash":"0b92d18816bcf54276bd0e816283b774af29dfee","isMergeCommit":false,"messageTitle":"Fix checkstyle","messageBody":"Add newline at EOF\nRemove trailing whitespace\n","fileTypesAndContributionMap":{"docs":{"insertions":3,"deletions":3}}},{"hash":"b8644c64a9a5037cbf58cdefd754f03193f08a70","isMergeCommit":false,"messageTitle":"Edit Developer Guide","messageBody":"* Fix puml diagram\n* Change add command format\n* Edit target user profile\n* Edit user stories\n","fileTypesAndContributionMap":{"docs":{"insertions":32,"deletions":14}}},{"hash":"a9f921d5e0edacd6902e324037bbed6faedb913b","isMergeCommit":true,"messageTitle":"Merge pull request #101 from leroytan/update-documentation","messageBody":"Update documentation to use markbind","fileTypesAndContributionMap":{}},{"hash":"550e1455a87fc3761cff091258c096084e11d1a8","isMergeCommit":true,"messageTitle":"Merge pull request #102 from leroytan/update-developer-guide","messageBody":"Update developer guide","fileTypesAndContributionMap":{}}]}]},"authorFileTypeContributionMap":{"raihahahan":{"docs":8,"functional-code":417,"test-code":229},"anselmlong":{"docs":28,"functional-code":354,"test-code":69,"other":4},"rachelyeohm":{"docs":78,"functional-code":452,"test-code":285},"leroytan":{"docs":343,"functional-code":309,"test-code":339,"other":3}},"authorContributionVariance":{"raihahahan":9300.043,"anselmlong":32645.674,"rachelyeohm":36939.57,"leroytan":9551.624},"authorDisplayNameMap":{"raihahahan":"CS2103T-F12-4 MUHA..LLAH","anselmlong":"CS2103T-F12-4 ANSE..LONG","rachelyeohm":"CS2103T-F12-4 RACH.. MIN","leroytan":"CS2103T-F12-4 LERO..IANG"}}
