{"authorDailyContributionsMap":{"raihahahan":[{"date":"2024-10-01","commitResults":[{"hash":"c53d87f496ad0fd80979f119e27b36cfbdbc70c2","isMergeCommit":true,"messageTitle":"Merge pull request #7 from rachelyeohm/AddPhoto","messageBody":"Add Rachel\u0027s Photo","fileTypesAndContributionMap":{}},{"hash":"f9b8caa10bc7537bc391d9ba1b682163bb17e2b6","isMergeCommit":false,"messageTitle":"Update About Us for Raihan","messageBody":"","fileTypesAndContributionMap":{"docs":{"insertions":5,"deletions":5}}},{"hash":"3ec43441b89d4635db7886a89f89f8fd764baeb4","isMergeCommit":false,"messageTitle":"Update About Us with markdown","messageBody":"","fileTypesAndContributionMap":{"docs":{"insertions":3,"deletions":1}}},{"hash":"72a3c294183ac0636b79355f26d6c4c32dd2c990","isMergeCommit":false,"messageTitle":"Update About Readme","messageBody":"","fileTypesAndContributionMap":{"docs":{"insertions":1,"deletions":1}}},{"hash":"adc3137511b665f7e8f00d06f14bfc8dcadcf63e","isMergeCommit":true,"messageTitle":"Merge remote-tracking branch \u0027upstream/master\u0027","messageBody":"","fileTypesAndContributionMap":{}},{"hash":"dd78d010d7c9d60c96d0363735a9dcb80551508c","isMergeCommit":false,"messageTitle":"Fix EOF issue","messageBody":"","fileTypesAndContributionMap":{"docs":{"insertions":2,"deletions":1}}},{"hash":"ec4b0a6e69eedf6ecde3a517eb5c2c0650acbbee","isMergeCommit":false,"messageTitle":"Add more details in AboutUs","messageBody":"","fileTypesAndContributionMap":{"docs":{"insertions":1,"deletions":1}}},{"hash":"ef789ad02257a3f4e0539ca0972eb7fa778cb4bd","isMergeCommit":true,"messageTitle":"Merge pull request #20 from leroytan/about-us-leroy","messageBody":"Update the AboutUs page [leroytan]","fileTypesAndContributionMap":{}}]},{"date":"2024-10-10","commitResults":[{"hash":"4413718aa99b3ba9ef8b5df27a5b79248b7a0f73","isMergeCommit":false,"messageTitle":"Add ls shorthand for List command","messageBody":"","fileTypesAndContributionMap":{"functional-code":{"insertions":3,"deletions":2}}},{"hash":"356ece55999b1644fdd9014ff3c41014b56f11d2","isMergeCommit":false,"messageTitle":"Fix checkstyle errors","messageBody":"","fileTypesAndContributionMap":{"functional-code":{"insertions":1,"deletions":1}}},{"hash":"56c2c9848bebfb73650cd45e782798897c0b7cf6","isMergeCommit":true,"messageTitle":"Merge pull request #39 from anselmlong/develop-remark-command","messageBody":"Change prefix of remark command","fileTypesAndContributionMap":{}}]},{"date":"2024-10-17","commitResults":[{"hash":"6af0d06f24f8c93e4d8b79c184ec56fe414863af","isMergeCommit":true,"messageTitle":"Merge branch \u0027master\u0027 into add-command-parameters","messageBody":"","fileTypesAndContributionMap":{}},{"hash":"b608e8314c006d041c261e4c9fc94bd3a3b65cd4","isMergeCommit":false,"messageTitle":"Add colon prefix for list command","messageBody":"","fileTypesAndContributionMap":{"functional-code":{"insertions":2,"deletions":2}}},{"hash":"6e9826ddc928a039034654efe0749d35e54aaad5","isMergeCommit":false,"messageTitle":"Update command variable names","messageBody":"","fileTypesAndContributionMap":{"functional-code":{"insertions":3,"deletions":3},"test-code":{"insertions":3,"deletions":3}}},{"hash":"a6cdc5bba71895fb943b1b1159362bc197afcbb5","isMergeCommit":false,"messageTitle":"Update shorthand commands for list in UG","messageBody":"","fileTypesAndContributionMap":{"docs":{"insertions":6,"deletions":6}}}]}],"anselmlong":[{"date":"2024-09-20","commitResults":[{"hash":"1dde0e42896f8daae9039ca32a556cb294b7e5af","isMergeCommit":false,"messageTitle":"Add Remark Command","messageBody":"","fileTypesAndContributionMap":{"functional-code":{"insertions":214,"deletions":21},"test-code":{"insertions":36,"deletions":17}}}]},{"date":"2024-10-01","commitResults":[{"hash":"f5212d77237987595498334aeaf156bbac577170","isMergeCommit":false,"messageTitle":"Fix no newline at EOF","messageBody":"","fileTypesAndContributionMap":{"functional-code":{"insertions":1,"deletions":0}}},{"hash":"10728fabd9bf4924fadd5188717a0d3abac7855d","isMergeCommit":false,"messageTitle":"Fix checkstyle issues","messageBody":"","fileTypesAndContributionMap":{"functional-code":{"insertions":33,"deletions":16},"test-code":{"insertions":2,"deletions":2}}},{"hash":"cabf9981170e90eadcad914b0f27cb6ab95d8e55","isMergeCommit":false,"messageTitle":"Fix checkstyle issues","messageBody":"","fileTypesAndContributionMap":{"test-code":{"insertions":5,"deletions":1}}},{"hash":"ad446f4202054ce1efb855ce519544610aa87f31","isMergeCommit":false,"messageTitle":"Fix checkstyle issues","messageBody":"","fileTypesAndContributionMap":{"test-code":{"insertions":2,"deletions":5}}},{"hash":"869554e00d777e5e578fd981d306e1e294221aa6","isMergeCommit":false,"messageTitle":"Add AboutUs and related information","messageBody":"","fileTypesAndContributionMap":{"docs":{"insertions":21,"deletions":6}}},{"hash":"7ca0c51aa92ae4fc6cef1eccabdb821cedbd8e39","isMergeCommit":true,"messageTitle":"Merge pull request #14 from raihahahan/master","messageBody":"Update About Us for Raihan","fileTypesAndContributionMap":{}},{"hash":"eab6ef425099f0824c807b45ba22c1061ab074f7","isMergeCommit":false,"messageTitle":"Update sitewide settings to include our title","messageBody":"","fileTypesAndContributionMap":{"other":{"insertions":2,"deletions":2}}}]},{"date":"2024-10-02","commitResults":[{"hash":"15e3da9df12ebe8117aa3eea7622a856dee10938","isMergeCommit":false,"messageTitle":"Update developer guide with new information","messageBody":"Added user stories, use cases and glossary.\n","fileTypesAndContributionMap":{"docs":{"insertions":112,"deletions":23}}},{"hash":"e52abca083961f8b8895740b21eeaf64b632995c","isMergeCommit":true,"messageTitle":"Merge pull request #25 from leroytan/ui-mockup","messageBody":"Update UI mockup","fileTypesAndContributionMap":{}}]},{"date":"2024-10-10","commitResults":[{"hash":"593620414fc38005290cbcaf0b6c1c3ae3b1e98d","isMergeCommit":false,"messageTitle":"Change prefix of remark command","messageBody":"","fileTypesAndContributionMap":{"functional-code":{"insertions":3,"deletions":3}}}]},{"date":"2024-10-16","commitResults":[{"hash":"9636830a1f5260f4120cf34315416a579bcf7100","isMergeCommit":true,"messageTitle":"Merge pull request #47 from leroytan/add-delete-prefix","messageBody":"Add delete prefix","fileTypesAndContributionMap":{}},{"hash":"a4aaaead32e3edbfb58d1ae7361930e2fb79e003","isMergeCommit":false,"messageTitle":"Fix extra space after name command","messageBody":"","fileTypesAndContributionMap":{"functional-code":{"insertions":1,"deletions":1},"docs":{"insertions":3,"deletions":1}}}]},{"date":"2024-10-17","commitResults":[{"hash":"783b2896df5e4d8958673adcd0e6036d0bc14a04","isMergeCommit":false,"messageTitle":"Add shorthand for edit command","messageBody":"Change prefix from using a slash to using a hyphen\nfor all commands. This is to make it consistent with\nthe intended end product.\nAdd remark field to edit command as well.\n","fileTypesAndContributionMap":{"functional-code":{"insertions":70,"deletions":15},"docs":{"insertions":16,"deletions":15},"test-code":{"insertions":3,"deletions":2}}},{"hash":"0fb7b943bba192232dfa4de78f0345f67fcb6851","isMergeCommit":false,"messageTitle":"Add colon notation for edit command","messageBody":"","fileTypesAndContributionMap":{"functional-code":{"insertions":2,"deletions":2},"docs":{"insertions":6,"deletions":5}}},{"hash":"807ed67d9d1cb5d6b9154aa4b96e24f21cb22d50","isMergeCommit":false,"messageTitle":"Fix checkstyle","messageBody":"","fileTypesAndContributionMap":{"functional-code":{"insertions":6,"deletions":4}}},{"hash":"80f3ded9f874510f09aa913f6ccdd851c4c92f11","isMergeCommit":true,"messageTitle":"Merge pull request #50 from anselmlong/add-edit-command","messageBody":"Refine edit command","fileTypesAndContributionMap":{}}]},{"date":"2024-10-20","commitResults":[{"hash":"ceab69d04546139d52b92f2ee68e86ef2bbea7c4","isMergeCommit":false,"messageTitle":"Enable assertions in build.gradle","messageBody":"","fileTypesAndContributionMap":{"other":{"insertions":4,"deletions":0}}},{"hash":"29e2b20098e0d8af1c32ff2b245a056f3473d249","isMergeCommit":false,"messageTitle":"Fix checkstyle","messageBody":"","fileTypesAndContributionMap":{"other":{"insertions":1,"deletions":1}}},{"hash":"34ee6500283c2d15d7a10e6a26b5e5a94f0bf651","isMergeCommit":true,"messageTitle":"Merge pull request #68 from anselmlong/demonstrate-assertion-failure","messageBody":"Enable assertions in build.gradle","fileTypesAndContributionMap":{}}]},{"date":"2024-10-21","commitResults":[{"hash":"4bb4df12721f8eea4842cf2472d1edf7290d44da","isMergeCommit":true,"messageTitle":"Merge pull request #71 from rachelyeohm/change-command-format","messageBody":"Changed commands to new format","fileTypesAndContributionMap":{}}]},{"date":"2024-10-22","commitResults":[{"hash":"afef5918352c800f50e6a4d0a736a90cccb584a3","isMergeCommit":false,"messageTitle":"Remove remark command","messageBody":"","fileTypesAndContributionMap":{"functional-code":{"insertions":0,"deletions":142},"docs":{"insertions":0,"deletions":33}}},{"hash":"763835411736719f5c86b0fc734453d3d55a6c21","isMergeCommit":false,"messageTitle":"Enhance help command","messageBody":"Create a command cheatsheet when help command is\nentered. This table will show the commmand and\nthe respective formats and examples.\n\nThis was created using FXML tables.\n","fileTypesAndContributionMap":{"functional-code":{"insertions":139,"deletions":4},"docs":{"insertions":11,"deletions":11}}},{"hash":"bee8237bba08436de0accc2dffac38ecf658d7e4","isMergeCommit":false,"messageTitle":"Fix checkstyle","messageBody":"","fileTypesAndContributionMap":{"functional-code":{"insertions":14,"deletions":17}}},{"hash":"22834f825349603f221d7ae3acc4ce2ba4d31522","isMergeCommit":false,"messageTitle":"Add import and export commands without implementation","messageBody":"","fileTypesAndContributionMap":{"functional-code":{"insertions":75,"deletions":1}}}]},{"date":"2024-10-23","commitResults":[{"hash":"12e7214e604aa44ce7aa98c0e55d5626f8cd0714","isMergeCommit":false,"messageTitle":"Develop export command","messageBody":"We want the user to be able to export data in VBook out\nto a JSON file. This allows the user to backup their data\nin a copy.\n\nUsing the export command, a copy of addressbook.json is\ncreated and save in a destination of the users choice.\n","fileTypesAndContributionMap":{"functional-code":{"insertions":101,"deletions":9},"test-code":{"insertions":39,"deletions":0}}},{"hash":"174312bc05b1aa11d4ed3ff49e6fa18072093b51","isMergeCommit":false,"messageTitle":"Add colon to clear command","messageBody":"","fileTypesAndContributionMap":{"functional-code":{"insertions":1,"deletions":1},"docs":{"insertions":2,"deletions":2}}},{"hash":"a436b9e9bb05196adc98e99cdb431c92a90cd55e","isMergeCommit":true,"messageTitle":"Merge pull request #80 from anselmlong/format-clear-command","messageBody":"Format clear command","fileTypesAndContributionMap":{}},{"hash":"20080fb8a261ca44ef6e6cba65e7072cae0fe08f","isMergeCommit":false,"messageTitle":"Revert \"Format clear command\"","messageBody":"","fileTypesAndContributionMap":{"functional-code":{"insertions":147,"deletions":303},"docs":{"insertions":46,"deletions":13},"test-code":{"insertions":0,"deletions":39}}},{"hash":"2dc67c6ff41f5b96bc6b2c7f03f0ca5428fe6187","isMergeCommit":true,"messageTitle":"Merge pull request #81 from AY2425S1-CS2103T-F12-4/revert-80-format-clear-command","messageBody":"Revert \"Format clear command\"","fileTypesAndContributionMap":{}}]}],"rachelyeohm":[{"date":"2024-10-01","commitResults":[{"hash":"b247bc0d2e2e77c65c35eb878294b0d2bfb18fae","isMergeCommit":true,"messageTitle":"Merge pull request #8 from anselmlong/add-anselmlong-info","messageBody":"Add Anselm\u0027s photo","fileTypesAndContributionMap":{}},{"hash":"b4136a8055c17397541a72ed20f1065fb102ddfb","isMergeCommit":true,"messageTitle":"Merge pull request #15 from anselmlong/branch-fix-checkstyle","messageBody":"Fix Checkstyle and CI Issues","fileTypesAndContributionMap":{}},{"hash":"710438c32ad5fcef8588bf340cb91bb9ab568f2c","isMergeCommit":false,"messageTitle":"Add About Us section for Rachel","messageBody":"","fileTypesAndContributionMap":{"docs":{"insertions":50,"deletions":4}}},{"hash":"13f655f5aa3fc21147d13345f2bfb534b6a7602d","isMergeCommit":false,"messageTitle":"Add About Us section for Rachel","messageBody":"","fileTypesAndContributionMap":{"docs":{"insertions":1,"deletions":1}}},{"hash":"edd967c8ca1a74ca13a24167a61f79aa0662777b","isMergeCommit":false,"messageTitle":"Add About Us section for Rachel","messageBody":"","fileTypesAndContributionMap":{"docs":{"insertions":2,"deletions":38}}},{"hash":"6718dddea93b5e0d6ec75972f78f939d2c615569","isMergeCommit":false,"messageTitle":"Add About Us section for Rachel","messageBody":"","fileTypesAndContributionMap":{"docs":{"insertions":36,"deletions":0}}},{"hash":"ad216b9f5ac77700b44721a35bd87a60e7695cae","isMergeCommit":true,"messageTitle":"Merge branch \u0027master\u0027 into add-anselmlong-text","messageBody":"","fileTypesAndContributionMap":{}},{"hash":"1c6549c71be1df5472fb03dd961ab4e1bf3ddb8e","isMergeCommit":true,"messageTitle":"Merge pull request #21 from anselmlong/add-anselmlong-text","messageBody":"Update AboutUs page","fileTypesAndContributionMap":{}},{"hash":"e5f0dd60afc11c708842aeef18c054172576a5ce","isMergeCommit":false,"messageTitle":"Update README.md","messageBody":"","fileTypesAndContributionMap":{"docs":{"insertions":8,"deletions":11}}},{"hash":"0ed5d92e72b6c2f44dad56ec0c2d3b503a55e652","isMergeCommit":true,"messageTitle":"Merge pull request #23 from rachelyeohm/update-README","messageBody":"Update README.md to reflect the VBook project","fileTypesAndContributionMap":{}}]},{"date":"2024-10-02","commitResults":[{"hash":"f3f038aec7811368c1343e7155dc2398f602d804","isMergeCommit":false,"messageTitle":"Add workflow badge to README.md","messageBody":"","fileTypesAndContributionMap":{"docs":{"insertions":12,"deletions":9}}},{"hash":"c92efe07262cfa8dcd9174ae2128afdb3673f950","isMergeCommit":false,"messageTitle":"Add workflow badge to README.md","messageBody":"","fileTypesAndContributionMap":{"docs":{"insertions":1,"deletions":2}}},{"hash":"7a5dc45062d00bae889786e9c763fa82f17c3b48","isMergeCommit":true,"messageTitle":"Merge pull request #31 from rachelyeohm/update-README","messageBody":"Add workflow badge to README.md and acknowledge sources","fileTypesAndContributionMap":{}},{"hash":"2f473997e0e27388f6f5ea57b7184fa7cd017f53","isMergeCommit":false,"messageTitle":"Fix indentation in README.md","messageBody":"","fileTypesAndContributionMap":{"docs":{"insertions":1,"deletions":1}}},{"hash":"32f4109573e260a48792eef638a977482a4479ad","isMergeCommit":true,"messageTitle":"Merge pull request #33 from rachelyeohm/fix-README","messageBody":"Fix indentation in README.md","fileTypesAndContributionMap":{}},{"hash":"7a90ee609727bf4874a051f7d92fa88d361bef80","isMergeCommit":false,"messageTitle":"Fix indentation in README.md","messageBody":"","fileTypesAndContributionMap":{"docs":{"insertions":3,"deletions":1}}},{"hash":"bc1b5809bdfdb2252efda4a04794f29f2bec70a7","isMergeCommit":true,"messageTitle":"Merge pull request #34 from rachelyeohm/fix-README","messageBody":"Fix indentation in README.md","fileTypesAndContributionMap":{}}]},{"date":"2024-10-10","commitResults":[{"hash":"a2bcaf6d26b6a0786fbd2c3b3815c1d929f6dd9a","isMergeCommit":false,"messageTitle":"Update AddCommand commands","messageBody":"","fileTypesAndContributionMap":{"functional-code":{"insertions":23,"deletions":22},"test-code":{"insertions":15,"deletions":15}}},{"hash":"559ac8bff1cad5e5809b7798fde27fa624ac12e7","isMergeCommit":false,"messageTitle":"Update AddCommands","messageBody":"","fileTypesAndContributionMap":{"functional-code":{"insertions":1,"deletions":2},"test-code":{"insertions":1,"deletions":0}}},{"hash":"1c2352b53688be59c2b4516ceeb5c8ef76f3bb33","isMergeCommit":false,"messageTitle":"Fix CheckStyle","messageBody":"","fileTypesAndContributionMap":{"functional-code":{"insertions":2,"deletions":2},"test-code":{"insertions":2,"deletions":2}}},{"hash":"d9424e77fd415f065aac5869339e7f99f93064c9","isMergeCommit":false,"messageTitle":"Fix CheckStyle","messageBody":"","fileTypesAndContributionMap":{"functional-code":{"insertions":2,"deletions":2}}},{"hash":"5fc9a6be9bb37a0b6ab0639ba0815b96ba49fadf","isMergeCommit":false,"messageTitle":"Fix CheckStyle","messageBody":"","fileTypesAndContributionMap":{"test-code":{"insertions":2,"deletions":2}}},{"hash":"f817962f15ccb633ba23a364913804ebae5f1eff","isMergeCommit":false,"messageTitle":"Fix CheckStyle","messageBody":"","fileTypesAndContributionMap":{"functional-code":{"insertions":6,"deletions":6}}},{"hash":"b874540519a3abfff507d448c51b5c1b4775b535","isMergeCommit":true,"messageTitle":"Merge pull request #42 from raihahahan/master","messageBody":"Add ls shorthand for List command","fileTypesAndContributionMap":{}},{"hash":"d195bffc8f95a25729513d83d962aba93918ec70","isMergeCommit":true,"messageTitle":"Merge pull request #45 from leroytan/edit-delete-command","messageBody":"Edit delete command","fileTypesAndContributionMap":{}}]},{"date":"2024-10-16","commitResults":[{"hash":"037cf9f5a2f8209a6b56bc782d6ba640991bb923","isMergeCommit":false,"messageTitle":"Update parameters for AddCommand","messageBody":"","fileTypesAndContributionMap":{"functional-code":{"insertions":21,"deletions":9},"test-code":{"insertions":1,"deletions":1}}}]},{"date":"2024-10-17","commitResults":[{"hash":"0822830aff237cba9f1cc6054b9e7a199557c02f","isMergeCommit":false,"messageTitle":"Update User Guide","messageBody":"","fileTypesAndContributionMap":{"functional-code":{"insertions":19,"deletions":7},"docs":{"insertions":10,"deletions":9}}},{"hash":"d8654984fae9f8b097226e914538d313de9e3fa1","isMergeCommit":false,"messageTitle":"Fix bugs in Remark","messageBody":"","fileTypesAndContributionMap":{"functional-code":{"insertions":30,"deletions":18},"test-code":{"insertions":10,"deletions":2}}},{"hash":"0ff6d3be6d59690ed372c0ade7dcf1e41bf35b34","isMergeCommit":false,"messageTitle":"Fix Remark bug","messageBody":"","fileTypesAndContributionMap":{"functional-code":{"insertions":31,"deletions":13},"test-code":{"insertions":2,"deletions":7}}},{"hash":"3a9960c0166e2a8a06bd2ad224616bc55c8ad8b6","isMergeCommit":false,"messageTitle":"Fix bug","messageBody":"","fileTypesAndContributionMap":{"test-code":{"insertions":0,"deletions":1}}},{"hash":"d4926ff1da0729ec4850c83070c5e27411745975","isMergeCommit":false,"messageTitle":"Fix checkstyle error","messageBody":"","fileTypesAndContributionMap":{"functional-code":{"insertions":1,"deletions":5}}},{"hash":"9aee5e6810be0e5a10c76ec1008322fe577b3e3c","isMergeCommit":true,"messageTitle":"Merge pull request #52 from rachelyeohm/add-command-parameters","messageBody":"Refine add command","fileTypesAndContributionMap":{}}]},{"date":"2024-10-20","commitResults":[{"hash":"3448124e5f92d3e038c3cf597544b719c5547288","isMergeCommit":false,"messageTitle":"Add util functions","messageBody":"","fileTypesAndContributionMap":{"functional-code":{"insertions":5,"deletions":0}}}]},{"date":"2024-10-21","commitResults":[{"hash":"79ce9b45c1d4e8c07ed6af3595023d2bb49cd661","isMergeCommit":false,"messageTitle":"Add partial search function","messageBody":"","fileTypesAndContributionMap":{"functional-code":{"insertions":120,"deletions":5}}},{"hash":"73106189b779927d61401ec6cfded9040c3fffe4","isMergeCommit":false,"messageTitle":"Update search to make name optional","messageBody":"","fileTypesAndContributionMap":{"functional-code":{"insertions":1,"deletions":2}}},{"hash":"b3f9a6bab2f90edf31f90a4327e446406f03e8d5","isMergeCommit":false,"messageTitle":"Update test cases","messageBody":"","fileTypesAndContributionMap":{"functional-code":{"insertions":29,"deletions":14},"test-code":{"insertions":70,"deletions":30}}},{"hash":"705c66bd9dc13509a52526ed0cd4a9e96193a3a2","isMergeCommit":false,"messageTitle":"Add equals override for new classes","messageBody":"","fileTypesAndContributionMap":{"functional-code":{"insertions":38,"deletions":5}}},{"hash":"2b3477e273fd1e11dbd01ee34b48627f224c3abd","isMergeCommit":false,"messageTitle":"Fix checkstyle and test errors","messageBody":"","fileTypesAndContributionMap":{"functional-code":{"insertions":39,"deletions":35},"test-code":{"insertions":150,"deletions":102}}},{"hash":"c891dd2b1c3a152401f1964ba4ff4557dc62834e","isMergeCommit":false,"messageTitle":"Fix checkstyle issues","messageBody":"","fileTypesAndContributionMap":{"test-code":{"insertions":10,"deletions":8}}},{"hash":"c67439295226ebe68fa73e303c950763216239c4","isMergeCommit":false,"messageTitle":"Changed commands to new format","messageBody":"","fileTypesAndContributionMap":{"functional-code":{"insertions":3,"deletions":3}}},{"hash":"341046935a368c66c683d4954511ae45144a711f","isMergeCommit":false,"messageTitle":"Update user guide","messageBody":"","fileTypesAndContributionMap":{"docs":{"insertions":17,"deletions":12}}},{"hash":"d4c2e6bd0ca9a3a1bb9c9e71f8863b113d27e718","isMergeCommit":false,"messageTitle":"Update user guide","messageBody":"","fileTypesAndContributionMap":{"docs":{"insertions":11,"deletions":11}}},{"hash":"603d52de21ea41621e943b0df4786f95574dc2c7","isMergeCommit":false,"messageTitle":"Update developer guide","messageBody":"","fileTypesAndContributionMap":{"docs":{"insertions":6,"deletions":6}}}]},{"date":"2024-10-22","commitResults":[{"hash":"30c3d778e3c4efb51f6f2ea6537bcc8a6985932d","isMergeCommit":false,"messageTitle":"Add util functions","messageBody":"","fileTypesAndContributionMap":{"functional-code":{"insertions":5,"deletions":0}}},{"hash":"6803b039c731057ce2705394570fca9f6738d304","isMergeCommit":false,"messageTitle":"Add partial search function","messageBody":"","fileTypesAndContributionMap":{"functional-code":{"insertions":120,"deletions":5}}},{"hash":"e3db8f640c8cbaeeba9cb9bf5b626ab4830be38f","isMergeCommit":false,"messageTitle":"Update search to make name optional","messageBody":"","fileTypesAndContributionMap":{"functional-code":{"insertions":1,"deletions":2}}},{"hash":"02a36c1dea1ac3e87a43cb50641e3401037fdb78","isMergeCommit":false,"messageTitle":"Update test cases","messageBody":"","fileTypesAndContributionMap":{"functional-code":{"insertions":29,"deletions":14},"test-code":{"insertions":70,"deletions":30}}},{"hash":"71de01046b98a7c29c92d7eef5b0895f28b7e1df","isMergeCommit":false,"messageTitle":"Add equals override for new classes","messageBody":"","fileTypesAndContributionMap":{"functional-code":{"insertions":38,"deletions":5}}},{"hash":"383e51c47efd621f9fedbdcc53fa55467c87f91e","isMergeCommit":false,"messageTitle":"Fix checkstyle and test errors","messageBody":"","fileTypesAndContributionMap":{"functional-code":{"insertions":39,"deletions":35},"test-code":{"insertions":150,"deletions":102}}},{"hash":"9b61c02a0c1e19e645e024d8e106a437d99fa052","isMergeCommit":false,"messageTitle":"Fix checkstyle issues","messageBody":"","fileTypesAndContributionMap":{"test-code":{"insertions":10,"deletions":8}}},{"hash":"a20220c7b177fe964e4c74cdaf2cd4c39cb4575d","isMergeCommit":false,"messageTitle":"Update user guide","messageBody":"","fileTypesAndContributionMap":{"docs":{"insertions":16,"deletions":11}}},{"hash":"a7433147bd0106548ac13c8a612fec93ced9f6b7","isMergeCommit":false,"messageTitle":"Update find command format","messageBody":"","fileTypesAndContributionMap":{"docs":{"insertions":4,"deletions":4}}},{"hash":"5d718338bdd3bbe1bb47fc4276d3a357f5aabcc5","isMergeCommit":true,"messageTitle":"Update user guide","messageBody":"","fileTypesAndContributionMap":{}},{"hash":"904e5047a0e4800f2fba1273dfd5b747e150b651","isMergeCommit":false,"messageTitle":"Update user guide and comments for clarity","messageBody":"","fileTypesAndContributionMap":{"functional-code":{"insertions":3,"deletions":1}}},{"hash":"f513ea0522943f621267e07d62fe6c0d400cf379","isMergeCommit":false,"messageTitle":"Fix checkstyle issues","messageBody":"","fileTypesAndContributionMap":{"functional-code":{"insertions":2,"deletions":1}}}]}],"leroytan":[{"date":"2024-10-01","commitResults":[{"hash":"873251a5dfc1eab2243254cfc12015fc87187d97","isMergeCommit":true,"messageTitle":"Merge pull request #10 from raihahahan/add-raihan-photo","messageBody":"Add Raihan\u0027s photo ","fileTypesAndContributionMap":{}},{"hash":"c91b719d05337fdb3e70d009735adde870c267d3","isMergeCommit":false,"messageTitle":"Update the AboutUs page","messageBody":"","fileTypesAndContributionMap":{"docs":{"insertions":16,"deletions":6}}},{"hash":"622e16ee8a699b2175a021e7e22d2b174e7cbdea","isMergeCommit":true,"messageTitle":"Merge pull request #19 from rachelyeohm/about-us-rachel","messageBody":"Update About Us [rachelyeohm]","fileTypesAndContributionMap":{}},{"hash":"bd1d6c3cb274be8f21e70986b1a1fe3fc9a8a8e1","isMergeCommit":true,"messageTitle":"Merge branch \u0027master\u0027 of https://github.com/AY2425S1-CS2103T-G19-4/tp","messageBody":"","fileTypesAndContributionMap":{}}]},{"date":"2024-10-02","commitResults":[{"hash":"53b320d3bb645ba228a0a15a33766e4b2e693367","isMergeCommit":true,"messageTitle":"Merge pull request #22 from anselmlong/update-sitewide-settings","messageBody":"Update sitewide settings to include our title","fileTypesAndContributionMap":{}},{"hash":"6a2a7784eb6e5635755bd1c533cda4778e3bf195","isMergeCommit":true,"messageTitle":"Merge pull request #30 from anselmlong/update-developer-guide","messageBody":"Update developer guide with new information","fileTypesAndContributionMap":{}}]},{"date":"2024-10-03","commitResults":[{"hash":"58d6b41b96cb444af96f6b748e3ba1d2ba8510bc","isMergeCommit":true,"messageTitle":"Merge branch \u0027master\u0027 of https://github.com/AY2425S1-CS2103T-G19-4/tp","messageBody":"","fileTypesAndContributionMap":{}}]},{"date":"2024-10-10","commitResults":[{"hash":"4add814442e11ff5fd774d914dc8b1acdf667bd0","isMergeCommit":false,"messageTitle":"Edit Delete Command","messageBody":"Changed edit command from \"delete \u003cindex\u003e\" to \":rm \u003cindex\u003e\".\nEdited the user guides and test to fit change.\n","fileTypesAndContributionMap":{"functional-code":{"insertions":1,"deletions":1},"docs":{"insertions":10,"deletions":10},"test-code":{"insertions":1,"deletions":1}}},{"hash":"b5180cafb730fe7b8eff8746bfb24b830f8a5426","isMergeCommit":true,"messageTitle":"Merge pull request #43 from rachelyeohm/improve-adding-contacts","messageBody":"Improve adding contacts","fileTypesAndContributionMap":{}}]},{"date":"2024-10-15","commitResults":[{"hash":"4f2a103227e747dcbf3cec1bdf06135f7ba43c5c","isMergeCommit":true,"messageTitle":"Merge branch \u0027master\u0027 of https://github.com/AY2425S1-CS2103T-G19-4/tp","messageBody":"","fileTypesAndContributionMap":{}}]},{"date":"2024-10-16","commitResults":[{"hash":"25121d08f317c2c704b7579d2b28dd224ca209c3","isMergeCommit":false,"messageTitle":"Update Delete Command","messageBody":"Update Delete command to take in both short(:rm -i INDEX) and long form\n(:remove -i INDEX).\nUpdate test to pass with the new delete command.\nUpdate user guide to include new delete command.\n","fileTypesAndContributionMap":{"functional-code":{"insertions":31,"deletions":16},"docs":{"insertions":4,"deletions":4},"test-code":{"insertions":6,"deletions":4}}},{"hash":"9e822c29d78b5c623108802a146b6a51ca7b6acb","isMergeCommit":false,"messageTitle":"Remove unnecessary import from AddCommandParser","messageBody":"","fileTypesAndContributionMap":{"functional-code":{"insertions":0,"deletions":1}}},{"hash":"781aec5ba9bc1bd70f9e4dc26c6297ea698aa3f0","isMergeCommit":false,"messageTitle":"Reformat test file to fit Checkstyle convention","messageBody":"","fileTypesAndContributionMap":{"test-code":{"insertions":2,"deletions":1}}}]},{"date":"2024-10-17","commitResults":[{"hash":"f7038da5f12d7a8baf89907f9c1bda6d09832d6d","isMergeCommit":true,"messageTitle":"Merge pull request #67 from raihahahan/task/list-colon","messageBody":"Add colon prefix for list command","tags":["v1.3"],"fileTypesAndContributionMap":{}}]},{"date":"2024-10-23","commitResults":[{"hash":"d08a5ae0f47fa6060e07e0b5d22bf7611fd397b4","isMergeCommit":true,"messageTitle":"Merge pull request #69 from rachelyeohm/add-partial-search-details","messageBody":"Add partial search details","fileTypesAndContributionMap":{}}]}]},"authorFileTypeContributionMap":{"raihahahan":{"docs":15,"functional-code":4,"test-code":3},"anselmlong":{"docs":145,"functional-code":259,"test-code":41,"other":6},"rachelyeohm":{"docs":106,"functional-code":266,"test-code":234},"leroytan":{"docs":21,"functional-code":30,"test-code":6}},"authorContributionVariance":{"raihahahan":34.757782,"anselmlong":21387.62,"rachelyeohm":28833.191,"leroytan":159.76558},"authorDisplayNameMap":{"raihahahan":"CS2103T-F12-4 MUHA..LLAH","anselmlong":"CS2103T-F12-4 ANSE..LONG","rachelyeohm":"CS2103T-F12-4 RACH.. MIN","leroytan":"CS2103T-F12-4 LERO..IANG"}}
