{"authorDailyContributionsMap":{"MiloTruck":[{"date":"2024-09-27","commitResults":[{"hash":"f435f91bd840af9e0a2990bda2b6183921d3b48e","isMergeCommit":false,"messageTitle":"Update AboutUs with details","messageBody":"","fileTypesAndContributionMap":{"docs":{"insertions":51,"deletions":44}}},{"hash":"f5dc47a37dc3a75d1b8121d0b52d6cfe8cfd249e","isMergeCommit":true,"messageTitle":"Merge branch \u0027master\u0027 into update-about-us","messageBody":"","fileTypesAndContributionMap":{}},{"hash":"c3e054e651928aa97f511938a98b82a65915818b","isMergeCommit":true,"messageTitle":"Merge pull request #29 from taniathng/update-about-us","messageBody":"Update AboutUs for Tania","fileTypesAndContributionMap":{}},{"hash":"29890b6582c85fcbef1d7c30995e6772506aea86","isMergeCommit":false,"messageTitle":"Update navigation bar and index.md","messageBody":"","fileTypesAndContributionMap":{"other":{"insertions":2,"deletions":2},"docs":{"insertions":4,"deletions":3}}},{"hash":"799a226eccc6321fa296fac48eab55cb6afc1bd9","isMergeCommit":false,"messageTitle":"Fix typo","messageBody":"","fileTypesAndContributionMap":{"other":{"insertions":1,"deletions":1}}},{"hash":"37b78b01b532421f8729a7fb40e77d5189021c05","isMergeCommit":false,"messageTitle":"Add newline at EOF","messageBody":"","fileTypesAndContributionMap":{"docs":{"insertions":1,"deletions":1}}}]},{"date":"2024-09-29","commitResults":[{"hash":"6f415a758760aadcb74ba07c89de2a8b036d9f35","isMergeCommit":true,"messageTitle":"Merge pull request #35 from MiloTruck/Update-site-settings","messageBody":"Update site settings","fileTypesAndContributionMap":{}},{"hash":"c40a3f6b430b2ebdda893816a0d369313cc9e375","isMergeCommit":false,"messageTitle":"Fix typo","messageBody":"","fileTypesAndContributionMap":{"other":{"insertions":1,"deletions":1}}}]},{"date":"2024-10-08","commitResults":[{"hash":"508a515f25d8e1b061d0e7d024b5d8070b674208","isMergeCommit":false,"messageTitle":"Add doctor and patient classes","messageBody":"","fileTypesAndContributionMap":{"functional-code":{"insertions":425,"deletions":0}}}]},{"date":"2024-10-09","commitResults":[{"hash":"634b128953a88c6755403346b86ca77089fc83b1","isMergeCommit":false,"messageTitle":"Add tests for patient and doctor data classes","messageBody":"","fileTypesAndContributionMap":{"test-code":{"insertions":293,"deletions":0}}},{"hash":"c8480eee71196819a7f2b50c7f0e9f15fa849348","isMergeCommit":false,"messageTitle":"Add doctor and patient class tests","messageBody":"","fileTypesAndContributionMap":{"functional-code":{"insertions":1,"deletions":1},"test-code":{"insertions":409,"deletions":1}}},{"hash":"2dd207e635aeed7d218c5806ba1db638fb6c1807","isMergeCommit":false,"messageTitle":"Remove unused import","messageBody":"","fileTypesAndContributionMap":{"test-code":{"insertions":0,"deletions":1}}}]},{"date":"2024-10-15","commitResults":[{"hash":"4a43a411c513c6cb39935ac30594353ff5e2f044","isMergeCommit":false,"messageTitle":"Modify Person class to contain all fields","messageBody":"","fileTypesAndContributionMap":{"functional-code":{"insertions":93,"deletions":37}}},{"hash":"3b1299f4b82e14ab8f95d5d0b391fc24222db970","isMergeCommit":false,"messageTitle":"Edit comment","messageBody":"","fileTypesAndContributionMap":{"functional-code":{"insertions":1,"deletions":1}}},{"hash":"0f822ebbb67fe92ba695665098aec1d7fb9362f6","isMergeCommit":false,"messageTitle":"Modify Person class to contain all fields","messageBody":"","fileTypesAndContributionMap":{"functional-code":{"insertions":93,"deletions":37}}},{"hash":"1369583b8dcff9677695d2db481e4f58a22785f8","isMergeCommit":false,"messageTitle":"Edit comment","messageBody":"","fileTypesAndContributionMap":{"functional-code":{"insertions":1,"deletions":1}}}]},{"date":"2024-10-22","commitResults":[{"hash":"9886d866bad59522359d6514504b49e621ac1864","isMergeCommit":false,"messageTitle":"Add Appointment class","messageBody":"","fileTypesAndContributionMap":{"functional-code":{"insertions":335,"deletions":42},"test-code":{"insertions":120,"deletions":3}}},{"hash":"1e0bc67d317871bfd06f08aa9076eb46041ed3f4","isMergeCommit":false,"messageTitle":"Add appointment tests","messageBody":"","fileTypesAndContributionMap":{"functional-code":{"insertions":3,"deletions":0},"test-code":{"insertions":18,"deletions":2}}}]},{"date":"2024-10-23","commitResults":[{"hash":"3021152131cb54f1ee69ab1fb3f4988f1df372a8","isMergeCommit":false,"messageTitle":"Add Appointment class","messageBody":"","fileTypesAndContributionMap":{"functional-code":{"insertions":335,"deletions":42},"test-code":{"insertions":120,"deletions":3}}},{"hash":"5b1ccf7a08817008c46fcb40827181d043b81d10","isMergeCommit":false,"messageTitle":"Add appointment tests","messageBody":"","fileTypesAndContributionMap":{"functional-code":{"insertions":3,"deletions":0},"test-code":{"insertions":18,"deletions":2}}}]},{"date":"2024-10-31","commitResults":[{"hash":"091f0ec24dddeb0bb7a655295ab7c4c378ada854","isMergeCommit":false,"messageTitle":"Update find-doctor and find-patient description","messageBody":"","fileTypesAndContributionMap":{"docs":{"insertions":3,"deletions":5}}},{"hash":"1a05a0317bef208e99311696c8eb5dcde1470b25","isMergeCommit":false,"messageTitle":"Add newline at EOF","messageBody":"","fileTypesAndContributionMap":{"docs":{"insertions":1,"deletions":1}}},{"hash":"4a2890d6f7709f3537068c8d9ad82e89703a9c24","isMergeCommit":false,"messageTitle":"Fix duplicate check","messageBody":"","fileTypesAndContributionMap":{"functional-code":{"insertions":32,"deletions":5},"test-code":{"insertions":6,"deletions":1}}},{"hash":"d372940e09a19eb15a925f688960dfc8d6746be6","isMergeCommit":false,"messageTitle":"Modify AddAppointmentCommand to read from the address book","messageBody":"","fileTypesAndContributionMap":{"functional-code":{"insertions":1,"deletions":1}}}]},{"date":"2024-11-07","commitResults":[{"hash":"84b29c518d67a2c506496e472efe9501ecb93e1a","isMergeCommit":false,"messageTitle":"Implement upper bound for appointment IDs","messageBody":"","fileTypesAndContributionMap":{"functional-code":{"insertions":5,"deletions":2}}},{"hash":"e43f067ac4d2162083e625b15af20e6f7562baf0","isMergeCommit":false,"messageTitle":"Minor cleanup for User Guide","messageBody":"","fileTypesAndContributionMap":{"docs":{"insertions":9,"deletions":7}}},{"hash":"5507a072e25176bcae9a3c99fc125a9e6ef55481","isMergeCommit":false,"messageTitle":"Fix indentation","messageBody":"","fileTypesAndContributionMap":{"docs":{"insertions":1,"deletions":2}}}]}],"bmanara":[{"date":"2024-09-27","commitResults":[{"hash":"5f0eb1a474f03bc73f4a1034e198ffdad86e0963","isMergeCommit":false,"messageTitle":"Update Brian\u0027s details","messageBody":"","fileTypesAndContributionMap":{"docs":{"insertions":46,"deletions":44}}},{"hash":"1c9032f89e2956eb51f3385a3135b47fcfb8ec80","isMergeCommit":false,"messageTitle":"Resolve issues with stylecheck","messageBody":"","fileTypesAndContributionMap":{"docs":{"insertions":2,"deletions":2}}},{"hash":"65f5d701c505c4872c2793e1499fce555e7c7acc","isMergeCommit":true,"messageTitle":"Merge pull request #24 from MiloTruck/feat/AboutUs","messageBody":"Update AboutUs with details","fileTypesAndContributionMap":{}},{"hash":"81e209bdb815b0e2f733c608a4d2153851ea39dd","isMergeCommit":true,"messageTitle":"Merge branch \u0027master\u0027 into update-aboutus","messageBody":"","fileTypesAndContributionMap":{}},{"hash":"d7792493c520b752b3fc560c8758014b4dfdca3f","isMergeCommit":true,"messageTitle":"Merge pull request #27 from sam-theman88/branch-AboutUs","messageBody":"Merge branch-AboutUs to master branch in team repo","fileTypesAndContributionMap":{}}]},{"date":"2024-09-29","commitResults":[{"hash":"7dcca2032e3f700aec502116cb73b5fb6f32f19f","isMergeCommit":false,"messageTitle":"Update link of GitHub Actions badge","messageBody":"","fileTypesAndContributionMap":{"docs":{"insertions":1,"deletions":1}}},{"hash":"df8272f138f650276047242af2247c51039299d9","isMergeCommit":false,"messageTitle":"Update README.md","messageBody":"Add target user and value proposition.\n","fileTypesAndContributionMap":{"docs":{"insertions":10,"deletions":12}}},{"hash":"b62139c9e92503d6ddc5be1bea6710a0323fca53","isMergeCommit":true,"messageTitle":"Merge pull request #39 from MiloTruck/Update-site-settings","messageBody":"Fix typo","fileTypesAndContributionMap":{}},{"hash":"602bdc676f0c5d0ed49ff3985a5cee85967af523","isMergeCommit":false,"messageTitle":"Update README.md","messageBody":"","fileTypesAndContributionMap":{"docs":{"insertions":1,"deletions":0}}}]},{"date":"2024-10-06","commitResults":[{"hash":"a32cf3bbb6fdb07bdb8eb7c05dab515a9f43e01f","isMergeCommit":false,"messageTitle":"Add basic parser support for find-patient","messageBody":"","fileTypesAndContributionMap":{"functional-code":{"insertions":16,"deletions":0}}},{"hash":"78f753ad263311a479a041c7c9504ca95c0e2416","isMergeCommit":false,"messageTitle":"Add FindPatientCommandTest","messageBody":"","fileTypesAndContributionMap":{"functional-code":{"insertions":3,"deletions":2},"test-code":{"insertions":22,"deletions":0}}},{"hash":"bd27823202014e37323e9bbf5a6c500b594ddef4","isMergeCommit":false,"messageTitle":"Change code to follow style guide","messageBody":"","fileTypesAndContributionMap":{"functional-code":{"insertions":6,"deletions":2}}},{"hash":"aa8ba36a90ba2020d105cfe19bb0c1d4153905b7","isMergeCommit":false,"messageTitle":"Add basic parser support for find-doctor","messageBody":"","fileTypesAndContributionMap":{"functional-code":{"insertions":4,"deletions":0}}},{"hash":"40d676ebf22bdb556fb6e847f35ea6cc0429d06e","isMergeCommit":false,"messageTitle":"Improve code in tests for new find commands","messageBody":"","fileTypesAndContributionMap":{"functional-code":{"insertions":22,"deletions":3},"test-code":{"insertions":25,"deletions":1}}}]},{"date":"2024-10-07","commitResults":[{"hash":"145f1eb8292a36e16f1e25576c31f181e86fb050","isMergeCommit":false,"messageTitle":"Add parser support for find-patient","messageBody":"","fileTypesAndContributionMap":{"functional-code":{"insertions":70,"deletions":3},"test-code":{"insertions":29,"deletions":2}}},{"hash":"04e4137964b2348f9532fe541a26aa73be153115","isMergeCommit":false,"messageTitle":"Reformat code","messageBody":"Ensure style guide is followed to pass CI\n","fileTypesAndContributionMap":{"functional-code":{"insertions":3,"deletions":3}}},{"hash":"f7edd5fa6b777f58a8dae83c6b242afc7c491bca","isMergeCommit":false,"messageTitle":"Reorder import statements","messageBody":"","fileTypesAndContributionMap":{"test-code":{"insertions":2,"deletions":4}}},{"hash":"564173340653520ea24888bf56d24e7e4a472efa","isMergeCommit":false,"messageTitle":"Add tests for find-patient parser","messageBody":"","fileTypesAndContributionMap":{"functional-code":{"insertions":1,"deletions":1},"test-code":{"insertions":33,"deletions":0}}},{"hash":"8d7c74640970886141f851c1cf3edaae078aeb40","isMergeCommit":false,"messageTitle":"Adhere to character limit","messageBody":"","fileTypesAndContributionMap":{"test-code":{"insertions":2,"deletions":1}}}]},{"date":"2024-10-08","commitResults":[{"hash":"de3d6fc2479ee4e56c9d56c9c1171391bdae29fc","isMergeCommit":false,"messageTitle":"Add execute testcase for FindPatientCommand","messageBody":"","fileTypesAndContributionMap":{"functional-code":{"insertions":1,"deletions":1},"test-code":{"insertions":9,"deletions":0}}}]},{"date":"2024-10-09","commitResults":[{"hash":"c3d4164f659d83ccfc07e814106970cdc1631f7c","isMergeCommit":false,"messageTitle":"Add FindDoctorCommandParser","messageBody":"","fileTypesAndContributionMap":{"functional-code":{"insertions":69,"deletions":1}}},{"hash":"7e983d439cfd387ce3a3f8efebaf8226a7952897","isMergeCommit":false,"messageTitle":"Add testcases to FindDoctorCommandTest","messageBody":"","fileTypesAndContributionMap":{"test-code":{"insertions":36,"deletions":1}}},{"hash":"e2558ac00ccf0da6fe710e53c8f22992c8706037","isMergeCommit":false,"messageTitle":"Add testcases for FindDoctoerCommandParser","messageBody":"","fileTypesAndContributionMap":{"test-code":{"insertions":34,"deletions":0}}},{"hash":"1f6d39cf93d7a826c0f02ae091d024a583bf9666","isMergeCommit":false,"messageTitle":"Reformat code","messageBody":"","fileTypesAndContributionMap":{"test-code":{"insertions":1,"deletions":1}}}]},{"date":"2024-10-10","commitResults":[{"hash":"58af3dc1b47e958b5e425421aec559ce4af79218","isMergeCommit":true,"messageTitle":"Merge pull request #48 from bmanara/parser-find","messageBody":"Add basic parser support for find","fileTypesAndContributionMap":{}},{"hash":"e0918c86df97c3697cc7c98ac69d8283b6830310","isMergeCommit":true,"messageTitle":"Merge pull request #52 from sam-theman88/branch-AddPatient","messageBody":"Adding AddPatient command","fileTypesAndContributionMap":{}}]},{"date":"2024-10-13","commitResults":[{"hash":"64240741be573859479b655f698fdc38e8a6c65f","isMergeCommit":false,"messageTitle":"Implement execute for ListPatientCommand","messageBody":"ListPatientCommand now filters the list to only show patients.\nPatientPredicate class made to facilitate this feature.\n","fileTypesAndContributionMap":{"functional-code":{"insertions":24,"deletions":1}}},{"hash":"a0c2d7e94e703a5dcd7f78faac22a1412a327552","isMergeCommit":false,"messageTitle":"Add tests for ListPatientCommand","messageBody":"","fileTypesAndContributionMap":{"functional-code":{"insertions":2,"deletions":2},"test-code":{"insertions":59,"deletions":11}}},{"hash":"d37cb8c341775b6e346f49fc85d1fa0002dfd354","isMergeCommit":false,"messageTitle":"Reorder imports","messageBody":"","fileTypesAndContributionMap":{"test-code":{"insertions":2,"deletions":2}}},{"hash":"877ea126ed9128b48dd46ea192f8cfce9242b724","isMergeCommit":false,"messageTitle":"Implement execute for ListDoctorCommand","messageBody":"ListDoctorCommand now filters the list to only show doctors.\nDoctorPredicate class created to facilitate this feature.\n","fileTypesAndContributionMap":{"functional-code":{"insertions":27,"deletions":9},"other":{"insertions":2,"deletions":2},"test-code":{"insertions":1,"deletions":1}}},{"hash":"d818ef912ac95e6c5659d359904cc099d6f3b0be","isMergeCommit":false,"messageTitle":"Reformat code to follow style","messageBody":"","fileTypesAndContributionMap":{"functional-code":{"insertions":7,"deletions":6}}},{"hash":"d714382b9e5253397482e5e7c6742c81a12a5912","isMergeCommit":false,"messageTitle":"Add tests for ListDoctorCommand","messageBody":"","fileTypesAndContributionMap":{"test-code":{"insertions":54,"deletions":8}}},{"hash":"abf409986b696ebaf674866992d8ab6ca59fbb6f","isMergeCommit":false,"messageTitle":"Reorder imports","messageBody":"","fileTypesAndContributionMap":{"test-code":{"insertions":2,"deletions":1}}}]},{"date":"2024-10-14","commitResults":[{"hash":"8bad52886f874f5457c1ff80bca2d09b5261d42d","isMergeCommit":true,"messageTitle":"Merge pull request #61 from bmanara/list-command","messageBody":"Implement execute for ListPatientCommand and ListDoctorCommand","fileTypesAndContributionMap":{}},{"hash":"65ffaffbdf1df6485961702306eae895ddf5caeb","isMergeCommit":false,"messageTitle":"Implement execute for FindDoctorCommand","messageBody":"FindDoctorCommand filters the list by Doctors, and finds\nbased on keywords given.\nFindDoctorPredicate implemented to help facilitate this.\n","fileTypesAndContributionMap":{"functional-code":{"insertions":54,"deletions":5},"test-code":{"insertions":9,"deletions":9}}},{"hash":"0137f96fe9c352137d5bc15c7133ad289494187f","isMergeCommit":false,"messageTitle":"Add tests for FindDoctorCommand","messageBody":"","fileTypesAndContributionMap":{"test-code":{"insertions":41,"deletions":10}}},{"hash":"84bf33601fee032c4a6c93fa1771e093bd6d5f98","isMergeCommit":false,"messageTitle":"Add input validation for find-doctor","messageBody":"Tests added as well to ensure input validation is done correctly.\nNew error message for invalid arguments added too.\n","fileTypesAndContributionMap":{"functional-code":{"insertions":9,"deletions":1},"test-code":{"insertions":10,"deletions":0}}},{"hash":"a035b4b1bc9fa92e43fb4c8de96b6d85e22b6f40","isMergeCommit":false,"messageTitle":"Reformat code to follow style guide","messageBody":"","fileTypesAndContributionMap":{"functional-code":{"insertions":4,"deletions":4}}},{"hash":"f42f613feb6804156cc8874b12accf27ae385f23","isMergeCommit":false,"messageTitle":"Add FindPatientPredicate","messageBody":"","fileTypesAndContributionMap":{"functional-code":{"insertions":44,"deletions":0},"test-code":{"insertions":0,"deletions":1}}},{"hash":"a4d88f125e0cf190bb23d9f0872e232e3d24ba26","isMergeCommit":false,"messageTitle":"Implement FindPatientCommand execute","messageBody":"","fileTypesAndContributionMap":{"functional-code":{"insertions":12,"deletions":6},"test-code":{"insertions":9,"deletions":7}}},{"hash":"c4bf37dabcc34bb6801a34d8a89407a02f91be5f","isMergeCommit":false,"messageTitle":"Add input validation for find-patient","messageBody":"","fileTypesAndContributionMap":{"functional-code":{"insertions":6,"deletions":0}}},{"hash":"f46afa851483c7350becd0d4550a7864b8cb0923","isMergeCommit":false,"messageTitle":"Add tests to FindPatientCommand","messageBody":"","fileTypesAndContributionMap":{"test-code":{"insertions":40,"deletions":10}}},{"hash":"a34ad5d25a6c567c0d2374b5472a991cbfa9b7a9","isMergeCommit":false,"messageTitle":"Add tests to FindPatientCommandParser","messageBody":"","fileTypesAndContributionMap":{"test-code":{"insertions":9,"deletions":1}}}]},{"date":"2024-10-15","commitResults":[{"hash":"dd3ccbaa99ed3ae63c62f4dce4331fe6608bd147","isMergeCommit":true,"messageTitle":"Merge pull request #62 from bmanara/find-command","messageBody":"Implement execute for FindDoctorCommand and FindPatientCommmand","fileTypesAndContributionMap":{}},{"hash":"a9ba642be6c00e138da7216e5cba55ed139785f7","isMergeCommit":false,"messageTitle":"Implement execute for FindDoctorCommand","messageBody":"FindDoctorCommand filters the list by Doctors, and finds\nbased on keywords given.\nFindDoctorPredicate implemented to help facilitate this.\n","fileTypesAndContributionMap":{"functional-code":{"insertions":54,"deletions":5},"test-code":{"insertions":9,"deletions":9}}},{"hash":"aac2e226d2d30e7c585981a7acd5f26cdcd6031c","isMergeCommit":false,"messageTitle":"Add tests for FindDoctorCommand","messageBody":"","fileTypesAndContributionMap":{"test-code":{"insertions":41,"deletions":10}}},{"hash":"548af650641aa030830a038ecea0ddea11360fab","isMergeCommit":false,"messageTitle":"Add input validation for find-doctor","messageBody":"Tests added as well to ensure input validation is done correctly.\nNew error message for invalid arguments added too.\n","fileTypesAndContributionMap":{"functional-code":{"insertions":9,"deletions":1},"test-code":{"insertions":10,"deletions":0}}},{"hash":"11b9af10644218e6b25ad69ff9c194844a1d669e","isMergeCommit":false,"messageTitle":"Reformat code to follow style guide","messageBody":"","fileTypesAndContributionMap":{"functional-code":{"insertions":4,"deletions":4}}},{"hash":"7c05c3ad99659658c3c6533b1d795f5a85ccf6e0","isMergeCommit":false,"messageTitle":"Add FindPatientPredicate","messageBody":"","fileTypesAndContributionMap":{"functional-code":{"insertions":44,"deletions":0},"test-code":{"insertions":0,"deletions":1}}},{"hash":"25b655c245fe0ee77b4a5d8cd9a097e4e50a4f20","isMergeCommit":false,"messageTitle":"Implement FindPatientCommand execute","messageBody":"","fileTypesAndContributionMap":{"functional-code":{"insertions":12,"deletions":6},"test-code":{"insertions":9,"deletions":7}}},{"hash":"093421c096d7c3965cd9c224794b73053eed59ca","isMergeCommit":false,"messageTitle":"Add input validation for find-patient","messageBody":"","fileTypesAndContributionMap":{"functional-code":{"insertions":6,"deletions":0}}},{"hash":"c1f9a054ad95c576d10f918d404e96112fb1709c","isMergeCommit":false,"messageTitle":"Add tests to FindPatientCommand","messageBody":"","fileTypesAndContributionMap":{"test-code":{"insertions":40,"deletions":10}}},{"hash":"6cffa770f6a747ce5116e7fdcc9f16db8c3553ba","isMergeCommit":false,"messageTitle":"Add tests to FindPatientCommandParser","messageBody":"","fileTypesAndContributionMap":{"test-code":{"insertions":9,"deletions":1}}}]},{"date":"2024-10-16","commitResults":[{"hash":"8e0270f18cb45e3b6a06834320b7ceca942255c6","isMergeCommit":true,"messageTitle":"Merge pull request #68 from sam-theman88/branch-PatientGui","messageBody":"Updating GUI for patient contacts","fileTypesAndContributionMap":{}},{"hash":"d4fb9bff1aee52dd530e2dfd46286966d19fdb1d","isMergeCommit":true,"messageTitle":"Merge pull request #69 from sam-theman88/branch-DoctorGui","messageBody":"Updating GUI for doctor contacts","fileTypesAndContributionMap":{}}]},{"date":"2024-10-17","commitResults":[{"hash":"aae1f16b13c3c815b85b29f7577145f3fed8037c","isMergeCommit":true,"messageTitle":"Merge pull request #72 from taniathng/Add-command-user-guide","messageBody":"Remove Dr. for add command","tags":["v0.1"],"fileTypesAndContributionMap":{}}]},{"date":"2024-10-20","commitResults":[{"hash":"8caa8d8770d84a07f7c8bea763f60339342d475a","isMergeCommit":false,"messageTitle":"Update UML for Ui component","messageBody":"","fileTypesAndContributionMap":{"docs":{"insertions":6,"deletions":0}}}]},{"date":"2024-10-22","commitResults":[{"hash":"ccbdcbf6d45862c3fb379b2b70ef96de20226a9b","isMergeCommit":false,"messageTitle":"Update user guide","messageBody":"","fileTypesAndContributionMap":{"docs":{"insertions":59,"deletions":21}}},{"hash":"2ec4e5953cf81a214e9df0970d419a4e5f244bc9","isMergeCommit":false,"messageTitle":"Change UML diagram for Ui","messageBody":"","fileTypesAndContributionMap":{"docs":{"insertions":2,"deletions":0}}}]},{"date":"2024-10-24","commitResults":[{"hash":"5224285dfc335dcc6c9cf3b79ff1b62e6f70da24","isMergeCommit":true,"messageTitle":"Merge pull request #89 from sam-theman88/branch-AddAppointment","messageBody":"Adding AddAppointment Command","fileTypesAndContributionMap":{}},{"hash":"dd28def389698567583adbe2eb94518e54aa6fc5","isMergeCommit":false,"messageTitle":"Add ui elements for Patient","messageBody":"","fileTypesAndContributionMap":{"functional-code":{"insertions":57,"deletions":0}}},{"hash":"c8c965a7e6e43dd6423b15c520f534fd1654d33d","isMergeCommit":false,"messageTitle":"Add ui elements for Doctor","messageBody":"","fileTypesAndContributionMap":{"functional-code":{"insertions":32,"deletions":2}}},{"hash":"c6d53cf3d7fc169e3d060d971a0c9c377defbe02","isMergeCommit":false,"messageTitle":"Change styling of patient and doctor flags","messageBody":"","fileTypesAndContributionMap":{"functional-code":{"insertions":6,"deletions":6}}},{"hash":"2ac6274e20a22a810a71ef9b6b6aa8d9bd9d27c5","isMergeCommit":true,"messageTitle":"Merge pull request #95 from bmanara/gui-appointments","messageBody":"Update UI to show Appointments ","fileTypesAndContributionMap":{}},{"hash":"322aa1ae349c3e95cdd2b8245a4a59e9d73f7ea0","isMergeCommit":true,"messageTitle":"Merge pull request #97 from sam-theman88/branch-UMLDiagrams","messageBody":"Updating UML diagrams","fileTypesAndContributionMap":{}},{"hash":"8fc788b621f3c674c539ce0b98d4612dcb4a2254","isMergeCommit":true,"messageTitle":"Merge pull request #96 from taniathng/merge-appt-commands","messageBody":"Delete Appointment Command","fileTypesAndContributionMap":{}},{"hash":"f8240076349566e1e348edb94590e01a5cd2bcc6","isMergeCommit":false,"messageTitle":"Update build.gradle to enable assertions","messageBody":"","fileTypesAndContributionMap":{"other":{"insertions":5,"deletions":1}}},{"hash":"864cae7d138cddaf70ed61aa798474e1fcbef1e2","isMergeCommit":true,"messageTitle":"Merge pull request #102 from bmanara/change-build-settings","messageBody":"Update build.gradle to enable assertions","fileTypesAndContributionMap":{}}]},{"date":"2024-10-26","commitResults":[{"hash":"bcdc36d3a89f5b5b3542ae2f09d7c5f32aa96a98","isMergeCommit":false,"messageTitle":"Improve find-doctor command","messageBody":"Stronger search implemented. Will not split user input into keywords and\nsearch seperately anymore.\nTakes user input as a whole and searches for matches with it.\n","fileTypesAndContributionMap":{"functional-code":{"insertions":29,"deletions":11},"test-code":{"insertions":8,"deletions":18}}},{"hash":"df2acaf08a526cd9633e27a9ad8c5c2f67ffe0e2","isMergeCommit":false,"messageTitle":"Improve find-patient command","messageBody":"","fileTypesAndContributionMap":{"functional-code":{"insertions":8,"deletions":11},"test-code":{"insertions":7,"deletions":17}}},{"hash":"7842e0205c9a268a6e01ca44a26fb313422f7a32","isMergeCommit":false,"messageTitle":"Remove unused imports","messageBody":"","fileTypesAndContributionMap":{"functional-code":{"insertions":0,"deletions":6}}},{"hash":"98ffa63ca3b90acd8514eaf99ccbd848713b8870","isMergeCommit":false,"messageTitle":"Remove unused imports part 2","messageBody":"","fileTypesAndContributionMap":{"test-code":{"insertions":0,"deletions":7}}}]},{"date":"2024-10-28","commitResults":[{"hash":"92540669c449190e9417816c0fef028085a86238","isMergeCommit":false,"messageTitle":"Update SampleDataUtil.java","messageBody":"Sample data now consists of 3 Doctors and 3 Patients. Better\ndemonstrates the use of our app.\n","fileTypesAndContributionMap":{"functional-code":{"insertions":31,"deletions":18}}},{"hash":"5cffbdd17b57953076ebc18a917db9cf8477d074","isMergeCommit":false,"messageTitle":"Remove unused import","messageBody":"","fileTypesAndContributionMap":{"functional-code":{"insertions":0,"deletions":1}}},{"hash":"a4fc05f9919f8e122bc78e4115dccadd59811f82","isMergeCommit":false,"messageTitle":"Update SampleDataUtil.java with Appointments","messageBody":"Added appointments into our sample data for first launch of the app.\n","fileTypesAndContributionMap":{"functional-code":{"insertions":50,"deletions":19}}},{"hash":"87a5eec96c5c0b84f83806c91113d92fa6a6d568","isMergeCommit":true,"messageTitle":"Merge pull request #116 from chiangqinkang/branch-update-UG","messageBody":"Fix UG for find-patient/find-doctor","fileTypesAndContributionMap":{}}]},{"date":"2024-10-29","commitResults":[{"hash":"bbaa1019531840801e3cb5fcbc0fbbfa794abdfa","isMergeCommit":false,"messageTitle":"Update MainWindow.fxml","messageBody":"","fileTypesAndContributionMap":{"functional-code":{"insertions":1,"deletions":2}}},{"hash":"d530ba5e09d9eb974175079d26bc1f26e3c16baa","isMergeCommit":false,"messageTitle":"Change PatientFlag","messageBody":"","fileTypesAndContributionMap":{"functional-code":{"insertions":5,"deletions":3}}},{"hash":"ed04e06e9b16bcc4ab28577312fb73cbcc1157e1","isMergeCommit":false,"messageTitle":"Change DoctorFlag","messageBody":"","fileTypesAndContributionMap":{"functional-code":{"insertions":8,"deletions":4}}},{"hash":"5fe957cd723729d52a47cdd9a4f39a0b7baf93df","isMergeCommit":true,"messageTitle":"Merge pull request #118 from chiangqinkang/branch-update-DG","messageBody":"Add appointment references to DG","fileTypesAndContributionMap":{}}]},{"date":"2024-10-30","commitResults":[{"hash":"b9d09f3ac8e1b55af5ee71cb183eb277e1302edd","isMergeCommit":false,"messageTitle":"Change AppointmentList view","messageBody":"","fileTypesAndContributionMap":{"functional-code":{"insertions":7,"deletions":7}}},{"hash":"0c2af98e1e25a3dae7cf9f3b36958f34d04b52cb","isMergeCommit":true,"messageTitle":"Merge pull request #123 from bmanara/change-sample-data","messageBody":"Update SampleDataUtil.java","fileTypesAndContributionMap":{}},{"hash":"0588e2185be7bf5ee6dac333427c483d1c0fca6f","isMergeCommit":false,"messageTitle":"Change appointment text","messageBody":"","fileTypesAndContributionMap":{"functional-code":{"insertions":4,"deletions":4}}},{"hash":"ccdc8c501819ed01da703c69091190104e1c6d78","isMergeCommit":false,"messageTitle":"Change app icon","messageBody":"","fileTypesAndContributionMap":{"functional-code":{"insertions":2,"deletions":2},"test-code":{"insertions":1,"deletions":1}}},{"hash":"3229a950f11c613904c0f43773867697d6778593","isMergeCommit":false,"messageTitle":"Remove whitespace","messageBody":"","fileTypesAndContributionMap":{"functional-code":{"insertions":1,"deletions":1}}},{"hash":"68977e23d0dc061b985ffef64dc55b2b19f5bdd9","isMergeCommit":true,"messageTitle":"Merge pull request #127 from taniathng/dev-guide-manual-testing","messageBody":"Add tests for manual testing","fileTypesAndContributionMap":{}}]},{"date":"2024-10-31","commitResults":[{"hash":"e092a8d500cd8b989b395c56e92362480c1e8c5b","isMergeCommit":true,"messageTitle":"Merge pull request #128 from bmanara/update-ui","messageBody":"Update UI","fileTypesAndContributionMap":{}},{"hash":"4722abd140c099e5bb1eef68ee9abb3db624ff8c","isMergeCommit":false,"messageTitle":"Add appt commands to Quick Start","messageBody":"","fileTypesAndContributionMap":{"docs":{"insertions":4,"deletions":0}}},{"hash":"c0b8ba46c67c20773e39d3e22f50f79d79fcddc3","isMergeCommit":true,"messageTitle":"Merge pull request #150 from sam-theman88/branch-util","messageBody":"Updating sample data for app booting up","fileTypesAndContributionMap":{}}]},{"date":"2024-11-01","commitResults":[{"hash":"fc5dfc6375300e3c9cc7436e3b764c2dcce34849","isMergeCommit":true,"messageTitle":"Merge pull request #151 from MiloTruck/fix-duplicate-appointment","messageBody":"Fix duplicate check for appointments","fileTypesAndContributionMap":{}},{"hash":"f996a79ad1c7e5d58f7789282e92585b3f4947fd","isMergeCommit":true,"messageTitle":"Merge pull request #152 from MiloTruck/fix-add-appointment-displayed-list","messageBody":"Modify AddAppointmentCommand to read from the address book","fileTypesAndContributionMap":{}},{"hash":"0fc46bb880d1b633b601d8e871a37afa61eafdc2","isMergeCommit":false,"messageTitle":"Fix bug regarding Optional","messageBody":"","fileTypesAndContributionMap":{"functional-code":{"insertions":8,"deletions":2}}},{"hash":"e5fd9e0d154d5c8b1180bc24c0a90cd334845149","isMergeCommit":false,"messageTitle":"Reformat code for checkstyle","messageBody":"","fileTypesAndContributionMap":{"functional-code":{"insertions":4,"deletions":4}}}]},{"date":"2024-11-04","commitResults":[{"hash":"0a31f26a4b72ce2a03aba3cf66824729f7b3379c","isMergeCommit":false,"messageTitle":"Change MESSAGE_USAGE for find-doctor","messageBody":"","fileTypesAndContributionMap":{"functional-code":{"insertions":5,"deletions":3}}},{"hash":"1f1ff42a8ead88f7040ed72e3d3159cb44e32539","isMergeCommit":false,"messageTitle":"Change MESSAGE_USAGE for both find commands","messageBody":"","fileTypesAndContributionMap":{"functional-code":{"insertions":6,"deletions":4}}},{"hash":"42b0638c1e8a65b58b8ea7cdd978798100b45e36","isMergeCommit":false,"messageTitle":"Change functionality of find","messageBody":"find command now works similarly to how its find-patient and\nfind-doctor works.\n","fileTypesAndContributionMap":{"functional-code":{"insertions":8,"deletions":11}}},{"hash":"214def5d92164a7d5115092fd3087eb97dfed472","isMergeCommit":false,"messageTitle":"Update tests for new functionality","messageBody":"","fileTypesAndContributionMap":{"test-code":{"insertions":42,"deletions":46}}},{"hash":"451eb55d804db5b3c3f0e3bf86f52087e9925a63","isMergeCommit":false,"messageTitle":"Remove unused imports","messageBody":"","fileTypesAndContributionMap":{"functional-code":{"insertions":0,"deletions":3}}},{"hash":"a5aad3ae41de342c08530bb7ad887a665563bd7d","isMergeCommit":false,"messageTitle":"Update UG for find command","messageBody":"","fileTypesAndContributionMap":{"docs":{"insertions":4,"deletions":4}}},{"hash":"cd164b3ebb83c1a7e6748b4ab0476cd97bce2f0e","isMergeCommit":false,"messageTitle":"Remove unused imports","messageBody":"","fileTypesAndContributionMap":{"test-code":{"insertions":0,"deletions":14}}}]},{"date":"2024-11-05","commitResults":[{"hash":"9e69b9879f753cb9a0e88f2d25336c54d6aa8234","isMergeCommit":true,"messageTitle":"Merge pull request #157 from chiangqinkang/branch-update-dg","messageBody":"Fix API links in DG","fileTypesAndContributionMap":{}},{"hash":"ad2d5b0ff3007920d5cd8d69c82d864cbc85e1d4","isMergeCommit":true,"messageTitle":"Merge pull request #154 from sam-theman88/branch-AddAppt-test","messageBody":"Adding test coverage for AddAppointment","fileTypesAndContributionMap":{}},{"hash":"a6f1ea9e9065af7a39811a44e9dd568a798f7fde","isMergeCommit":true,"messageTitle":"Merge pull request #155 from bmanara/add-appt-bug","messageBody":"Fix bug regarding Optional","fileTypesAndContributionMap":{}},{"hash":"3481bb2cfb227665aed274e022805e863b991fbc","isMergeCommit":false,"messageTitle":"Add methods for add patient/doctor","messageBody":"","fileTypesAndContributionMap":{"functional-code":{"insertions":138,"deletions":6}}},{"hash":"4b7a29b281a0123a2966a3e208b7b2b1d1280e73","isMergeCommit":false,"messageTitle":"Update ModelStub","messageBody":"","fileTypesAndContributionMap":{"test-code":{"insertions":88,"deletions":0}}},{"hash":"04fe61069ba7346401202626c74dbfd16b36313b","isMergeCommit":false,"messageTitle":"Update tests to make use of new add functions","messageBody":"","fileTypesAndContributionMap":{"test-code":{"insertions":18,"deletions":19}}},{"hash":"90b8224bcffaf4db04e6b8b3f773cb00fc874f24","isMergeCommit":false,"messageTitle":"Add isSameDoctor to Doctor Class","messageBody":"","fileTypesAndContributionMap":{"functional-code":{"insertions":5,"deletions":5}}},{"hash":"a2ff672a2abc15350e21fa716daca515a32548de","isMergeCommit":true,"messageTitle":"Merge pull request #159 from chiangqinkang/branch-update-UG","messageBody":"Add date parameter to user guide","fileTypesAndContributionMap":{}},{"hash":"18b996b44cdaae98bfe269793faea77d0cc0abbc","isMergeCommit":false,"messageTitle":"Add tests for new methods","messageBody":"","fileTypesAndContributionMap":{"test-code":{"insertions":144,"deletions":0}}},{"hash":"599de4c7e18d9f84d5e35113a604b979d16f3734","isMergeCommit":false,"messageTitle":"Change duplicate handling for Patient and Doctor","messageBody":"","fileTypesAndContributionMap":{"functional-code":{"insertions":4,"deletions":6}}},{"hash":"391d4e7dbe398d4615725d6f08305db90b33182b","isMergeCommit":false,"messageTitle":"Update tests","messageBody":"","fileTypesAndContributionMap":{"test-code":{"insertions":4,"deletions":4}}},{"hash":"990a7e280f08d8a6f15076ae5d62389d5fc1d53e","isMergeCommit":true,"messageTitle":"Merge pull request #161 from taniathng/delete-doctor-with-appt-bug","messageBody":"Fix deleting persons with appts bug","fileTypesAndContributionMap":{}}]},{"date":"2024-11-06","commitResults":[{"hash":"96be4227970c1ae8f263eeb52a67f8bcff0a1c17","isMergeCommit":true,"messageTitle":"Merge pull request #165 from sam-theman88/branch-UG-CommandSummary","messageBody":"Updating command summary in UG","fileTypesAndContributionMap":{}},{"hash":"06181db5196c0ae66e8fe71873c9127d7238df50","isMergeCommit":true,"messageTitle":"Merge pull request #167 from sam-theman88/branch-UG-QuickStart","messageBody":"Updating Quick Start in UG","fileTypesAndContributionMap":{}},{"hash":"40dac741c2efd7ad3b295f8b6e97a3f3d2bf95ea","isMergeCommit":true,"messageTitle":"Merge pull request #173 from sam-theman88/branch-UG-UpcomingFeatures","messageBody":"Updating upcoming features in the UG","fileTypesAndContributionMap":{}},{"hash":"04f2f4b7d056b9e41fbe8f7d5b8da419bac906b3","isMergeCommit":true,"messageTitle":"Merge pull request #171 from sam-theman88/branch-UG-FAQ","messageBody":"Updating FAQ section of the UG","fileTypesAndContributionMap":{}},{"hash":"b398a99b116c93191abfcb1e9f5944d15c41dfab","isMergeCommit":false,"messageTitle":"Update regex for Name","messageBody":"Input validations is updated. Now it does not accept numbers. Only\nalphabets and spaces for valid name.\n","fileTypesAndContributionMap":{"functional-code":{"insertions":2,"deletions":2}}},{"hash":"9f5189135c065629d64cd3015a5694b13250f202","isMergeCommit":false,"messageTitle":"Update tests for Name","messageBody":"","fileTypesAndContributionMap":{"test-code":{"insertions":1,"deletions":3}}},{"hash":"2a907d8c4f530cc4c57ce475e982c850d99f62e0","isMergeCommit":false,"messageTitle":"Add tests for input validation","messageBody":"","fileTypesAndContributionMap":{"test-code":{"insertions":13,"deletions":60}}},{"hash":"b78db2a1c609f7a88804f6ca251efa8d29dd1656","isMergeCommit":false,"messageTitle":"Change import statements","messageBody":"","fileTypesAndContributionMap":{"test-code":{"insertions":60,"deletions":2}}},{"hash":"2055cd95d2547de433fcbe0b1e5e834fd72ea1cc","isMergeCommit":true,"messageTitle":"Merge pull request #164 from chiangqinkang/branch-fix-clash","messageBody":"Branch fix clash","fileTypesAndContributionMap":{}},{"hash":"dc1b3eeb0431603337788715493f1853cf775e86","isMergeCommit":true,"messageTitle":"Merge pull request #169 from sam-theman88/branch-UG-Features","messageBody":"Updating command details in features section of UG","fileTypesAndContributionMap":{}}]},{"date":"2024-11-07","commitResults":[{"hash":"5e1d9a2417c0b0ed4f1f9235dba467367067b71e","isMergeCommit":false,"messageTitle":"Change URL for help window","messageBody":"","fileTypesAndContributionMap":{"functional-code":{"insertions":1,"deletions":1}}},{"hash":"da8d51ae8b1e3fba00484ca0c5a2a835c6290aa2","isMergeCommit":true,"messageTitle":"Merge pull request #177 from MiloTruck/UG-minor-edits","messageBody":"Minor cleanup for User Guide","fileTypesAndContributionMap":{}},{"hash":"26879705ac6c8d301a9dbf20814564973f519338","isMergeCommit":true,"messageTitle":"Merge pull request #176 from MiloTruck/enhancement-id-upper-bound","messageBody":"Implement upper bound for appointment IDs","fileTypesAndContributionMap":{}},{"hash":"993bb50d8bc072ab606a43382efcffbb31b6e31e","isMergeCommit":false,"messageTitle":"Fix bug regarding clashing appt","messageBody":"","fileTypesAndContributionMap":{"functional-code":{"insertions":17,"deletions":14}}},{"hash":"ec32d919be07e85c7db906ed780563e6327a9f02","isMergeCommit":true,"messageTitle":"Merge pull request #180 from bmanara/add-clash-appt","messageBody":"Fix bug regarding clashing appt","fileTypesAndContributionMap":{}},{"hash":"bace7fccf8cc7418ae45932e87277fc09b8c264b","isMergeCommit":false,"messageTitle":"Remove appointments from SampleDataUtil","messageBody":"","fileTypesAndContributionMap":{"functional-code":{"insertions":0,"deletions":4}}}]}],"chiangqinkang":[{"date":"2024-09-27","commitResults":[{"hash":"d2e6518487913a6aa23eb5397d5c7ef3ed34d13b","isMergeCommit":false,"messageTitle":"Add Aboutus","messageBody":"","fileTypesAndContributionMap":{"docs":{"insertions":5,"deletions":45}}},{"hash":"17be5bd30146bc8e80419aad3c792014df1c1170","isMergeCommit":false,"messageTitle":"Fix AboutUs","messageBody":"","fileTypesAndContributionMap":{"docs":{"insertions":1,"deletions":1}}},{"hash":"d8c3128ba6aa2cc059c15e60f4430ce5b8fb0938","isMergeCommit":false,"messageTitle":"Fix AboutUs portfolio","messageBody":"","fileTypesAndContributionMap":{"docs":{"insertions":1,"deletions":1}}},{"hash":"07db5d2d85da17e36468211ab81e4272d1b1c16a","isMergeCommit":false,"messageTitle":"Fix AboutUs portfolio","messageBody":"","fileTypesAndContributionMap":{"docs":{"insertions":0,"deletions":0}}},{"hash":"3fcba753dfb660dd513594efe22bc0185a2f9b56","isMergeCommit":true,"messageTitle":"Merge branch \u0027master\u0027 into branch-about-us","messageBody":"","fileTypesAndContributionMap":{}}]},{"date":"2024-09-29","commitResults":[{"hash":"79fef89e1971442ba2dacf457b4e46805d878218","isMergeCommit":false,"messageTitle":"Add Target user profile, value proposition and  user stories","messageBody":"","fileTypesAndContributionMap":{"docs":{"insertions":37,"deletions":11}}},{"hash":"e9a3b64842d5f5a35e8ecff3b10115534f9aa43d","isMergeCommit":false,"messageTitle":"Add missing user story","messageBody":"","fileTypesAndContributionMap":{"docs":{"insertions":1,"deletions":0}}},{"hash":"77e80c904f76256777a6e43385a107f5c38362e5","isMergeCommit":true,"messageTitle":"Merge pull request #37 from chiangqinkang/branch-dev-guide","messageBody":"Add Target user profile, value proposition and user stories","fileTypesAndContributionMap":{}}]},{"date":"2024-09-30","commitResults":[{"hash":"d8790d8c1d729b3a13a5fd302f12accbd305519b","isMergeCommit":true,"messageTitle":"Merge pull request #42 from sam-theman88/branch-UseCases","messageBody":"Update use cases in the developer guide","fileTypesAndContributionMap":{}},{"hash":"5733d7ce4d5d0021b127b7ec25a42f9cfc227804","isMergeCommit":false,"messageTitle":"Add more user stories","messageBody":"","fileTypesAndContributionMap":{"docs":{"insertions":3,"deletions":1}}},{"hash":"0ce61e6c43549ae53ba7dc6f03dd688f50eade88","isMergeCommit":false,"messageTitle":"Fix issue in user stories","messageBody":"","fileTypesAndContributionMap":{"docs":{"insertions":3,"deletions":3}}},{"hash":"7ac583abd7749e18508eea8b0ce064e64f816082","isMergeCommit":false,"messageTitle":"Fix priority","messageBody":"","fileTypesAndContributionMap":{"docs":{"insertions":3,"deletions":3}}}]},{"date":"2024-10-01","commitResults":[{"hash":"55bb38c24b5f4013ad761a98133285c3bee6f0c5","isMergeCommit":false,"messageTitle":"Add to user stories","messageBody":"","fileTypesAndContributionMap":{"docs":{"insertions":1,"deletions":1}}},{"hash":"7e7e7405975800cde848c0fdf98ff6803292ee67","isMergeCommit":true,"messageTitle":"Merge pull request #45 from chiangqinkang/branch-add-user-stories","messageBody":"Add more user stories","fileTypesAndContributionMap":{}}]},{"date":"2024-10-09","commitResults":[{"hash":"d71b55023961d7b3ac49eb22622844508fb7a10e","isMergeCommit":true,"messageTitle":"Merge pull request #49 from MiloTruck/doctor-patient-classes","messageBody":"Add doctor and patient classes","fileTypesAndContributionMap":{}},{"hash":"c44e7ef33a0e194eb72aba6e9bf93ae13a09fa7c","isMergeCommit":false,"messageTitle":"Add parser support for delete-patient and delete-doctor","messageBody":"","fileTypesAndContributionMap":{"functional-code":{"insertions":192,"deletions":0},"test-code":{"insertions":168,"deletions":0}}},{"hash":"0e579f09657be7e47a722fa37e7765d6d4ea0411","isMergeCommit":false,"messageTitle":"Fix codestyle","messageBody":"","fileTypesAndContributionMap":{"functional-code":{"insertions":0,"deletions":7}}},{"hash":"a1b74aeddd3402d1cc43cf70419575236bbb64a9","isMergeCommit":false,"messageTitle":"Fix more style issue","messageBody":"","fileTypesAndContributionMap":{"functional-code":{"insertions":2,"deletions":14},"test-code":{"insertions":50,"deletions":27}}}]},{"date":"2024-10-10","commitResults":[{"hash":"8070aaed9233bd073086ffea3056acd385015d53","isMergeCommit":true,"messageTitle":"Merge pull request #55 from chiangqinkang/branch-parser-delete","messageBody":"Add parser support for delete-patient and delete-doctor","fileTypesAndContributionMap":{}}]},{"date":"2024-10-14","commitResults":[{"hash":"f15e97414c9caadb1bdc493a4eddd504fdd14957","isMergeCommit":false,"messageTitle":"Add JsonAdapted Doctor and Patient","messageBody":"","fileTypesAndContributionMap":{"functional-code":{"insertions":257,"deletions":0}}},{"hash":"23bf3c04187840423f3a63f5767542edd317c38a","isMergeCommit":false,"messageTitle":"Add doctor and patient list","messageBody":"","fileTypesAndContributionMap":{"functional-code":{"insertions":405,"deletions":2}}},{"hash":"171bcd9b56c8f0548bc748cab1271e1a69f60b6b","isMergeCommit":false,"messageTitle":"Add JSON and exceptions","messageBody":"","fileTypesAndContributionMap":{"functional-code":{"insertions":42,"deletions":31},"test-code":{"insertions":31,"deletions":3}}}]},{"date":"2024-10-15","commitResults":[{"hash":"f37928bc7249f6712ac4e4510248b15845741f58","isMergeCommit":true,"messageTitle":"Merge pull request #65 from MiloTruck/modify-person-fields","messageBody":"Modify Person class to contain all fields","fileTypesAndContributionMap":{}},{"hash":"468b6cda5c1defeda948949d9d34a03c40d5dcad","isMergeCommit":false,"messageTitle":"Change JSONAdaptedPerson, remove JSONAdaptedPatient and Doctor","messageBody":"","fileTypesAndContributionMap":{"functional-code":{"insertions":39,"deletions":286},"test-code":{"insertions":132,"deletions":36}}},{"hash":"d792932c2c16a68b294a5a840acc27d185e43db7","isMergeCommit":false,"messageTitle":"Remove unused functions","messageBody":"","fileTypesAndContributionMap":{"functional-code":{"insertions":0,"deletions":382},"test-code":{"insertions":4,"deletions":32}}},{"hash":"f537a3ccd759a79676739a7f20fd36383e9ef3fe","isMergeCommit":false,"messageTitle":"Remove imports","messageBody":"","fileTypesAndContributionMap":{"functional-code":{"insertions":0,"deletions":2}}}]},{"date":"2024-10-16","commitResults":[{"hash":"61f11a89b24b1d0792c72edb8632bf09acec7a1d","isMergeCommit":true,"messageTitle":"Merge pull request #64 from chiangqinkang/branch-storage","messageBody":"Adding storage","fileTypesAndContributionMap":{}}]},{"date":"2024-10-22","commitResults":[{"hash":"ec80a919434cef00fdb1ebdaa9b648b22b6746a0","isMergeCommit":false,"messageTitle":"Add UML and PNG","messageBody":"Add png\n","fileTypesAndContributionMap":{"docs":{"insertions":44,"deletions":16}}},{"hash":"e8ff8f430e43b2c23d345f33ffd5c8f89148e344","isMergeCommit":true,"messageTitle":"Merge pull request #80 from taniathng/update-uml","messageBody":"Update UML diagram","fileTypesAndContributionMap":{}}]},{"date":"2024-10-23","commitResults":[{"hash":"3cbed144b1ff2ce91f8ba181179600d6cb130de9","isMergeCommit":false,"messageTitle":"B","messageBody":"Add JSONAdaptedAppointment and relevant tests\n","fileTypesAndContributionMap":{"functional-code":{"insertions":349,"deletions":1},"test-code":{"insertions":201,"deletions":3}}},{"hash":"479303c320660e415a4887cf7127e78c2e9cfadc","isMergeCommit":false,"messageTitle":"Add Appointment, JSONAdaptedAppointment and JSONSerializableAddressBook tests","messageBody":"","fileTypesAndContributionMap":{"functional-code":{"insertions":20,"deletions":21},"test-code":{"insertions":259,"deletions":2}}},{"hash":"4d4d61ea42a64006e66e004bbbd830ead097332c","isMergeCommit":false,"messageTitle":"Add more tests","messageBody":"","fileTypesAndContributionMap":{"test-code":{"insertions":36,"deletions":1}}},{"hash":"0cbd3ca9259468c074b6a9edd0da9fbc640b5130","isMergeCommit":true,"messageTitle":"Merge branch \u0027master\u0027 into branch-appointment-storage","messageBody":"","fileTypesAndContributionMap":{}}]},{"date":"2024-10-24","commitResults":[{"hash":"123c28a8ca7a6c27433d17b975b8c0f620622486","isMergeCommit":false,"messageTitle":"Add to current testcases","messageBody":"","fileTypesAndContributionMap":{"test-code":{"insertions":125,"deletions":38}}}]},{"date":"2024-10-28","commitResults":[{"hash":"456a8e9ec4e40805662a28113e2e78acf9aa1e58","isMergeCommit":false,"messageTitle":"Fix issue in storage","messageBody":"","fileTypesAndContributionMap":{"functional-code":{"insertions":9,"deletions":0}}},{"hash":"072a8a0ee63e917e4c6b0cfb92faeda315d0da0c","isMergeCommit":false,"messageTitle":"Fix UG","messageBody":"","fileTypesAndContributionMap":{"docs":{"insertions":10,"deletions":10}}},{"hash":"7e12cb3cf390f268247559512ff1e8c6e0b95894","isMergeCommit":false,"messageTitle":"Add appointment references to DG","messageBody":"","fileTypesAndContributionMap":{"docs":{"insertions":2,"deletions":2}}},{"hash":"664d5992d74508a82b2706e4b7763eb83cf4090d","isMergeCommit":true,"messageTitle":"Merge pull request #108 from taniathng/user-guide","messageBody":"Remove add and find command from UG","fileTypesAndContributionMap":{}},{"hash":"be41e1e4dc1905a29121d35ffe9aaeb9d155fed7","isMergeCommit":false,"messageTitle":"Made changes to match implementation","messageBody":"","fileTypesAndContributionMap":{"docs":{"insertions":2,"deletions":2}}},{"hash":"defc544319b0bbaa6a938ad582323e569f0c5c2c","isMergeCommit":true,"messageTitle":"Merge pull request #107 from bmanara/improve-find-command","messageBody":"Improve find command","fileTypesAndContributionMap":{}},{"hash":"a7ebdeed0b9811f04423e08ea52db6938c33869a","isMergeCommit":true,"messageTitle":"Merge pull request #111 from taniathng/remove-add-command","messageBody":"Remove add command","fileTypesAndContributionMap":{}},{"hash":"5599a1f883f36fd94b18f2d951d978a929d982ee","isMergeCommit":true,"messageTitle":"Merge pull request #119 from taniathng/remove-edit-command","messageBody":"Remove edit command","fileTypesAndContributionMap":{}},{"hash":"6dd21576c26f626ef8e3cccc6db47d05ebb73a69","isMergeCommit":true,"messageTitle":"Merge pull request #120 from taniathng/test-coverage-delete-appt","messageBody":"Fix test for delete-appt-successfully","fileTypesAndContributionMap":{}}]},{"date":"2024-10-31","commitResults":[{"hash":"83a16098b1630229089d11f5522a64125963d0a1","isMergeCommit":true,"messageTitle":"Merge pull request #146 from sam-theman88/branch-UG-AddAppt","messageBody":"Updating UG with AddAppointment command","fileTypesAndContributionMap":{}},{"hash":"73e2d1a9790bb0505a0652d10cc1e4bb31a5a0e7","isMergeCommit":true,"messageTitle":"Merge pull request #147 from bmanara/update-tutorial-ug","messageBody":"Update tutorial ug","fileTypesAndContributionMap":{}}]},{"date":"2024-11-04","commitResults":[{"hash":"79b16b2c39c014d468d6fde915a2844a293fa007","isMergeCommit":false,"messageTitle":"Fix API links","messageBody":"","fileTypesAndContributionMap":{"docs":{"insertions":6,"deletions":6}}},{"hash":"6c503eb2bab9204a46e5c8a00f0e248258de8132","isMergeCommit":true,"messageTitle":"Merge pull request #156 from bmanara/find-bug","messageBody":"Change `find` command functionality","fileTypesAndContributionMap":{}}]},{"date":"2024-11-05","commitResults":[{"hash":"740a5e2342ebec990cc1f2ce3179e20736f28732","isMergeCommit":false,"messageTitle":"Add date parameter to user guide","messageBody":"","fileTypesAndContributionMap":{"docs":{"insertions":2,"deletions":0}}},{"hash":"7e93c0dea18d6844fe4460ce946c12ca2bfb4816","isMergeCommit":false,"messageTitle":"Fix clashing appointments","messageBody":"","fileTypesAndContributionMap":{"functional-code":{"insertions":34,"deletions":7}}},{"hash":"73ccba4f5f531262061657898a5c1148144a1725","isMergeCommit":false,"messageTitle":"Add tests","messageBody":"","fileTypesAndContributionMap":{"test-code":{"insertions":22,"deletions":0}}},{"hash":"43b5592bbf53ef1d2b41935971f41083faa3b129","isMergeCommit":false,"messageTitle":"Undo reformat","messageBody":"","fileTypesAndContributionMap":{"functional-code":{"insertions":10,"deletions":10}}},{"hash":"748894535008a62d08a0ca33100ab10c5d8be076","isMergeCommit":true,"messageTitle":"Merge pull request #163 from taniathng/remove-delete-patient/doctor-command","messageBody":"remove delete-patient/doctor classes","fileTypesAndContributionMap":{}}]},{"date":"2024-11-07","commitResults":[{"hash":"5532b05a9175ec6d01d6dd8e49f9a1cc72626e4d","isMergeCommit":true,"messageTitle":"Merge pull request #178 from bmanara/update-help","messageBody":"Update help","fileTypesAndContributionMap":{}},{"hash":"7a9482e16a7c7fe34a766f1aa694ee3a312ca575","isMergeCommit":true,"messageTitle":"Merge pull request #182 from sam-theman88/branch-UG-Screenshot","messageBody":"Updating screenshot for Find feature in UG","fileTypesAndContributionMap":{}},{"hash":"89ad55bd16c681c8d2c087e0eed15c2da45bdd63","isMergeCommit":true,"messageTitle":"Merge pull request #184 from bmanara/sample-data-bug","messageBody":"Remove appointments from SampleDataUtil","fileTypesAndContributionMap":{}},{"hash":"0a7eb38b501e5b8aca23d7619bfbbc6c45b5d00c","isMergeCommit":true,"messageTitle":"Merge pull request #186 from sam-theman88/branch-UG-grammar","messageBody":"Fixing grammar error in UG","fileTypesAndContributionMap":{}},{"hash":"5abc3bd7838cedc14a6bf84896b8062762bdf2f4","isMergeCommit":false,"messageTitle":"Update UG again","messageBody":"","fileTypesAndContributionMap":{"docs":{"insertions":4,"deletions":2}}}]}],"taniathng":[{"date":"2024-09-27","commitResults":[{"hash":"b03df394d47eadad2f959e57f2f74f494bb26d9a","isMergeCommit":false,"messageTitle":"Update AboutUs","messageBody":"","fileTypesAndContributionMap":{"docs":{"insertions":3,"deletions":45}}},{"hash":"c6099a52ad1200280f02d78ec259d9a2b229e6ac","isMergeCommit":false,"messageTitle":"Add team file","messageBody":"","fileTypesAndContributionMap":{"docs":{"insertions":46,"deletions":0}}}]},{"date":"2024-09-29","commitResults":[{"hash":"edb3cbe6361e2890113277b36f7dd78d03cc8ef1","isMergeCommit":false,"messageTitle":"Update NFRs and Glossary in DG","messageBody":"","fileTypesAndContributionMap":{"docs":{"insertions":7,"deletions":3}}}]},{"date":"2024-10-09","commitResults":[{"hash":"e684bbc3c038226e08b92191dc962b7f2b8ab62c","isMergeCommit":false,"messageTitle":"Implement ListDoctorCommand, ListPatientCommand, and their parsers","messageBody":"","fileTypesAndContributionMap":{"functional-code":{"insertions":148,"deletions":0}}},{"hash":"c2894436ff6ce6f8ceafdb74293ec133e29c8773","isMergeCommit":false,"messageTitle":"Implement test for ListDoctorCommand ListPatientCommand and their parser","messageBody":"","fileTypesAndContributionMap":{"test-code":{"insertions":164,"deletions":0}}},{"hash":"9da5cf393a1c5c7312404926f9b30f3161ae9130","isMergeCommit":false,"messageTitle":"Fix trailing whitespace","messageBody":"","fileTypesAndContributionMap":{"functional-code":{"insertions":3,"deletions":3}}},{"hash":"dea9925935575b9e4a36d1175f8dc26c2e907291","isMergeCommit":false,"messageTitle":"Remove trailing whitespace","messageBody":"","fileTypesAndContributionMap":{"functional-code":{"insertions":1,"deletions":1}}},{"hash":"6de763f1fe757f4b0589bbd4c2756c2a087119c9","isMergeCommit":false,"messageTitle":"Remove trailing whitespace","messageBody":"","fileTypesAndContributionMap":{"functional-code":{"insertions":1,"deletions":1}}},{"hash":"a738e05bcdecd44a3a7b0937607ff06df7c71dd8","isMergeCommit":false,"messageTitle":"Fix checkstyle","messageBody":"","fileTypesAndContributionMap":{"functional-code":{"insertions":1,"deletions":1},"test-code":{"insertions":12,"deletions":28}}},{"hash":"0fc9df1b3abe7f01e9cdde867c56b167fde85b25","isMergeCommit":false,"messageTitle":"Update equals method","messageBody":"","fileTypesAndContributionMap":{"functional-code":{"insertions":46,"deletions":0}}},{"hash":"a07dcdba48cebde8efaf6fa5b114017b17a23c66","isMergeCommit":false,"messageTitle":"Handle invalid arguments in ListDoctorCommandParser and ListPatientCommandParser","messageBody":"","fileTypesAndContributionMap":{"functional-code":{"insertions":15,"deletions":2}}},{"hash":"4dabcdb5d2d7c9e19cf699dbd7e543f8f04ca18b","isMergeCommit":false,"messageTitle":"Add test for toString","messageBody":"","fileTypesAndContributionMap":{"functional-code":{"insertions":2,"deletions":2},"test-code":{"insertions":26,"deletions":0}}}]},{"date":"2024-10-10","commitResults":[{"hash":"785e349bd6c2fd8ca215c536654a455abad7187b","isMergeCommit":false,"messageTitle":"Remove redundant constructors","messageBody":"","fileTypesAndContributionMap":{"functional-code":{"insertions":0,"deletions":14}}},{"hash":"9c47c19cbdc1502ae58d049223fe642f7137fd17","isMergeCommit":true,"messageTitle":"Merge pull request #57 from sam-theman88/branch-AddDoctor","messageBody":"Adding AddDoctor command","fileTypesAndContributionMap":{}}]},{"date":"2024-10-16","commitResults":[{"hash":"0750605680973cd2ff1cee6d234adfceaec77eae","isMergeCommit":false,"messageTitle":"Update user guide with doctor and patient commands","messageBody":"","fileTypesAndContributionMap":{"docs":{"insertions":9,"deletions":1}}},{"hash":"737ca4fbc42f78efa179503a942352da05185e75","isMergeCommit":false,"messageTitle":"Update features portion of user guide","messageBody":"","fileTypesAndContributionMap":{"docs":{"insertions":53,"deletions":0}}},{"hash":"e9da9a10eff9bd747108f61dedb1ac0e363402c1","isMergeCommit":false,"messageTitle":"Add find in user guide","messageBody":"","fileTypesAndContributionMap":{"docs":{"insertions":6,"deletions":0}}}]},{"date":"2024-10-17","commitResults":[{"hash":"56092d9e8dba9f3715739c9ce459b8779b2b8bc2","isMergeCommit":false,"messageTitle":"Remove Dr. for add command","messageBody":"","fileTypesAndContributionMap":{"docs":{"insertions":3,"deletions":3}}}]},{"date":"2024-10-22","commitResults":[{"hash":"d7aa868a52019f333550397d0482f2fe47b06b50","isMergeCommit":true,"messageTitle":"Merge pull request #79 from chiangqinkang/branch-update-UML","messageBody":"Update UML for Model","fileTypesAndContributionMap":{}},{"hash":"2a924abb6783c9ec9ea2f15d104e0d37bee1c39b","isMergeCommit":false,"messageTitle":"Update UML diagram","messageBody":"","fileTypesAndContributionMap":{"docs":{"insertions":4,"deletions":0}}}]},{"date":"2024-10-23","commitResults":[{"hash":"52458dfdb4f5722b7f8deeec6a31eec8e57aec11","isMergeCommit":false,"messageTitle":"Add DeleteAppointmentCommand and its parser class","messageBody":"","fileTypesAndContributionMap":{"functional-code":{"insertions":126,"deletions":0}}},{"hash":"18f42a8d092002d78a74822291a60c8825a7d020","isMergeCommit":false,"messageTitle":"Add javadocs","messageBody":"","fileTypesAndContributionMap":{"functional-code":{"insertions":21,"deletions":9}}},{"hash":"74a01f40cf0d97d910413ed657a31e1c6d53d381","isMergeCommit":false,"messageTitle":"Add TypicalAppointment and tests for deleteAppointmentCommand and parser","messageBody":"","fileTypesAndContributionMap":{"test-code":{"insertions":162,"deletions":0}}},{"hash":"794bb0de58b8644ca3aa86883d895461a88cd901","isMergeCommit":false,"messageTitle":"Add javadocs","messageBody":"","fileTypesAndContributionMap":{"test-code":{"insertions":47,"deletions":3}}},{"hash":"46f7014d7fe034e14efaee31ea79ec58e556e798","isMergeCommit":false,"messageTitle":"Fix Checkstyle","messageBody":"","fileTypesAndContributionMap":{"functional-code":{"insertions":8,"deletions":7},"test-code":{"insertions":0,"deletions":3}}},{"hash":"8404f80ea6098127b0d954dc4174bf8191604b79","isMergeCommit":false,"messageTitle":"Fix Checkstyle","messageBody":"","fileTypesAndContributionMap":{"functional-code":{"insertions":1,"deletions":1}}},{"hash":"e9c24da827c63840add5f382ecf212484b1f04d2","isMergeCommit":false,"messageTitle":"Edit tests","messageBody":"","fileTypesAndContributionMap":{"test-code":{"insertions":10,"deletions":8}}},{"hash":"af1188e47620bdb86c06515885d87f284217da75","isMergeCommit":false,"messageTitle":"Add AppointmentBuilder class","messageBody":"","fileTypesAndContributionMap":{"test-code":{"insertions":238,"deletions":74}}}]},{"date":"2024-10-24","commitResults":[{"hash":"9b234fb15eaf5f9fe6719c87e9f8ce5fd20f0d0d","isMergeCommit":false,"messageTitle":"Change expected message","messageBody":"","fileTypesAndContributionMap":{"test-code":{"insertions":2,"deletions":3}}},{"hash":"326fc7158a0e91da2306ec41c0a0a727269c25dc","isMergeCommit":true,"messageTitle":"Merge pull request #92 from chiangqinkang/branch-appointment-storage","messageBody":"Add JSONAdaptedAppointment","fileTypesAndContributionMap":{}},{"hash":"e013735b0bc6dd7784ed87783c9f8e6f3fe851e6","isMergeCommit":false,"messageTitle":"Fix Tests","messageBody":"","fileTypesAndContributionMap":{"functional-code":{"insertions":5,"deletions":2},"test-code":{"insertions":42,"deletions":16}}},{"hash":"9bc9adcbaa4d08c8ad1140d573269ce8508e88d4","isMergeCommit":false,"messageTitle":"Fix Tests","messageBody":"","fileTypesAndContributionMap":{"functional-code":{"insertions":0,"deletions":18}}},{"hash":"cdbd0456ffd39a012f798021329e8c85963ba47b","isMergeCommit":false,"messageTitle":"Appointment test","messageBody":"","fileTypesAndContributionMap":{"test-code":{"insertions":9,"deletions":0}}},{"hash":"f8ab85970c1bc03d92fd4c2749dce54731bcc80c","isMergeCommit":true,"messageTitle":"merge-conflict","messageBody":"","fileTypesAndContributionMap":{}},{"hash":"ebf500a01ae74dcb1300d60f4874b6f7a3d88e01","isMergeCommit":true,"messageTitle":"merge-conflict","messageBody":"","fileTypesAndContributionMap":{}},{"hash":"1078cc2c90b2b455c2f8411d69434c20bf476607","isMergeCommit":false,"messageTitle":"Integrate DeleteAppointmentCommand","messageBody":"","fileTypesAndContributionMap":{"functional-code":{"insertions":82,"deletions":8},"test-code":{"insertions":33,"deletions":18}}},{"hash":"557ecdafeed5c0628cf62ce27f407466367edf28","isMergeCommit":false,"messageTitle":"change ID to always positive","messageBody":"","fileTypesAndContributionMap":{"functional-code":{"insertions":2,"deletions":1}}},{"hash":"ba6b1e11ee459dd1681cf20ebb0b22371b0bcd61","isMergeCommit":false,"messageTitle":"Correct output message for invalidId","messageBody":"","fileTypesAndContributionMap":{"functional-code":{"insertions":11,"deletions":9}}}]},{"date":"2024-10-28","commitResults":[{"hash":"6335d127ceaa184e7615035540bbd18bfc0ee261","isMergeCommit":false,"messageTitle":"Remove add and fine command from UG","messageBody":"","fileTypesAndContributionMap":{"docs":{"insertions":1,"deletions":37}}},{"hash":"a2a6e4f78da4236068f323d60168c49555e7fefc","isMergeCommit":false,"messageTitle":"Remove add command","messageBody":"","fileTypesAndContributionMap":{"functional-code":{"insertions":0,"deletions":148},"test-code":{"insertions":0,"deletions":416}}},{"hash":"dcd7d65303aa547bfc511c6700f833a4a2f478f9","isMergeCommit":true,"messageTitle":"Merge pull request #112 from chiangqinkang/branch-appointment-storage","messageBody":"Fix appointment issue in storage","fileTypesAndContributionMap":{}},{"hash":"08460d30352e882e8a57c3c6fe49f1c26a7b9066","isMergeCommit":false,"messageTitle":"Remove add tests","messageBody":"","fileTypesAndContributionMap":{"functional-code":{"insertions":0,"deletions":1},"test-code":{"insertions":9,"deletions":71}}},{"hash":"adf27832ec4c5ec24a5b995f0e2ba44a1faceabf","isMergeCommit":false,"messageTitle":"Remove edit command","messageBody":"","fileTypesAndContributionMap":{"functional-code":{"insertions":0,"deletions":331},"test-code":{"insertions":0,"deletions":599}}},{"hash":"98b358192cc2dde9a5253ca18a84dea0843b0010","isMergeCommit":true,"messageTitle":"Merge branch \u0027master\u0027 into remove-edit-command","messageBody":"","fileTypesAndContributionMap":{}},{"hash":"ddcae01046b4ddd7a1b0090893337bb48655a6d6","isMergeCommit":true,"messageTitle":"Fix merge conflicts","messageBody":"","fileTypesAndContributionMap":{}},{"hash":"0a0bba2e09b7b77021edd06365bedc291c4f78cb","isMergeCommit":true,"messageTitle":"Fix merge conflicts","messageBody":"","fileTypesAndContributionMap":{}},{"hash":"d18a68ed75f6cb5b425abe9df3fa3e6ae83b5c3c","isMergeCommit":false,"messageTitle":"Fix test for delete appt succesfully","messageBody":"","fileTypesAndContributionMap":{"test-code":{"insertions":32,"deletions":21}}}]},{"date":"2024-10-29","commitResults":[{"hash":"05fc8e8ef3398b2d229e959dd9358b6707c6f854","isMergeCommit":false,"messageTitle":"Add tests for manual testing","messageBody":"","fileTypesAndContributionMap":{"docs":{"insertions":32,"deletions":0}}}]},{"date":"2024-11-05","commitResults":[{"hash":"ab7b2d06288143a1defc2737bfba075ed4831143","isMergeCommit":false,"messageTitle":"Fix deleting persons with appts bug","messageBody":"","fileTypesAndContributionMap":{"functional-code":{"insertions":7,"deletions":0}}},{"hash":"cac69b496f3df41a12780656ef82f4b6c33a3bd3","isMergeCommit":false,"messageTitle":"remove delete-patient/doctor classes","messageBody":"","fileTypesAndContributionMap":{"functional-code":{"insertions":0,"deletions":173},"test-code":{"insertions":0,"deletions":191}}}]}],"sam-theman88":[{"date":"2024-09-27","commitResults":[{"hash":"cc11b447ba76041951810288b7b07849e5ccd214","isMergeCommit":false,"messageTitle":"Revert \"Merge pull request #2 from bmanara/master\"","messageBody":"This reverts commit d33ba4161d15885fe1067e83f48b72e6eeb417e6, reversing\nchanges made to ded5f5e55a25c7f858e7e550c9111641bfb2db71.\n","fileTypesAndContributionMap":{"docs":{"insertions":0,"deletions":1}}},{"hash":"e87ca16bcf59cfe03463059d3a593ec67525a350","isMergeCommit":false,"messageTitle":"Update readme doc","messageBody":"","fileTypesAndContributionMap":{"docs":{"insertions":1,"deletions":0}}},{"hash":"bc7a3dc8612df51bee7dba435a4843a3d7ced916","isMergeCommit":false,"messageTitle":"Update AboutUs page","messageBody":"","fileTypesAndContributionMap":{"docs":{"insertions":4,"deletions":43}}},{"hash":"c107483ec16c777d96e8ec074c4a364e2150a2ba","isMergeCommit":false,"messageTitle":"Update AboutUs page","messageBody":"","fileTypesAndContributionMap":{"docs":{"insertions":1,"deletions":1}}},{"hash":"bdc5cd029da74343579655fa0e8caab0a21ca451","isMergeCommit":false,"messageTitle":"Update the portfolio and AboutUs page","messageBody":"","fileTypesAndContributionMap":{"docs":{"insertions":47,"deletions":1}}},{"hash":"6a2a1cd8f2eec06e31ecd70e14f5651b034d4e0e","isMergeCommit":true,"messageTitle":"Merge pull request #25 from bmanara/update-aboutus","messageBody":"Update Brian\u0027s details","fileTypesAndContributionMap":{}},{"hash":"384a973871425507a276da3fb7f4dc51ed81597f","isMergeCommit":true,"messageTitle":"Merge branch \u0027master\u0027 into branch-AboutUs","messageBody":"","fileTypesAndContributionMap":{}},{"hash":"808a232fedc4f2eefa11b456e7680b45a4433da9","isMergeCommit":true,"messageTitle":"Merge pull request #26 from chiangqinkang/branch-about-us","messageBody":"Update AboutUs details for Qin Kang","fileTypesAndContributionMap":{}}]},{"date":"2024-09-29","commitResults":[{"hash":"8124607763e5a161d3115425b1223237d060913b","isMergeCommit":true,"messageTitle":"Merge pull request #40 from bmanara/update-readme","messageBody":"Update readme","fileTypesAndContributionMap":{}}]},{"date":"2024-09-30","commitResults":[{"hash":"a607520c84f5eb368c58f73b2a55ee8812e83636","isMergeCommit":true,"messageTitle":"Merge pull request #38 from taniathng/branch-update-dev-guide","messageBody":"Update NFRs and Glossary in DG","fileTypesAndContributionMap":{}},{"hash":"31a016203f34942bdabfc3f83bae55af0abb9260","isMergeCommit":false,"messageTitle":"Update use cases in developer guide","messageBody":"","fileTypesAndContributionMap":{"docs":{"insertions":356,"deletions":8}}}]},{"date":"2024-10-09","commitResults":[{"hash":"a3be0112b6ecd8361bf6c4fd4a10e35478e3e74d","isMergeCommit":false,"messageTitle":"Add prefixes for user input for addpatient command","messageBody":"","fileTypesAndContributionMap":{"functional-code":{"insertions":4,"deletions":0},"test-code":{"insertions":2,"deletions":0}}},{"hash":"3cbe33f0e57363a226b043f86c85a26bac19210f","isMergeCommit":false,"messageTitle":"Update prefix for date of birth","messageBody":"","fileTypesAndContributionMap":{"functional-code":{"insertions":1,"deletions":1}}},{"hash":"b35c545f431ca20e339edc77fdc474c1b0a08989","isMergeCommit":false,"messageTitle":"Add skeleton for addpatient command","messageBody":"","fileTypesAndContributionMap":{"functional-code":{"insertions":83,"deletions":1}}},{"hash":"1c1005249e72dae20018dae2520dcfd7c10a2326","isMergeCommit":false,"messageTitle":"Add parser support for addpatient command","messageBody":"","fileTypesAndContributionMap":{"functional-code":{"insertions":4,"deletions":0}}},{"hash":"18dba73832ebb7e85ac31fe0e05cc1d6bc3c5c76","isMergeCommit":false,"messageTitle":"Add parser support for dob and gender fields","messageBody":"","fileTypesAndContributionMap":{"functional-code":{"insertions":35,"deletions":0}}},{"hash":"216e48658ed20bcc2c69f339cd92071a948d85cc","isMergeCommit":false,"messageTitle":"Update parser support for addpatient command","messageBody":"","fileTypesAndContributionMap":{"functional-code":{"insertions":62,"deletions":1}}},{"hash":"5f1ba723e6de019b18996a201681763cf5af4925","isMergeCommit":false,"messageTitle":"Update equals method for addpatient command","messageBody":"","fileTypesAndContributionMap":{"functional-code":{"insertions":3,"deletions":3}}},{"hash":"7d56aa0efd652b94b430a638477feab15dfcad1c","isMergeCommit":false,"messageTitle":"Add relevant strings for dob and gender","messageBody":"","fileTypesAndContributionMap":{"test-code":{"insertions":4,"deletions":0}}},{"hash":"afd28b5c68c546ab1bc517418164110bc3ce81b7","isMergeCommit":false,"messageTitle":"Add parser test for adding patient","messageBody":"","fileTypesAndContributionMap":{"test-code":{"insertions":12,"deletions":0}}},{"hash":"de77bab7d410a4ccd6307198ce0af530bf4a9df1","isMergeCommit":false,"messageTitle":"Update equals method for addpatient command","messageBody":"","fileTypesAndContributionMap":{"functional-code":{"insertions":1,"deletions":1}}},{"hash":"d79d57cfe91519253b9b8babb00bd9ff20432223","isMergeCommit":false,"messageTitle":"Update code quality(naming) for addpatient command","messageBody":"","fileTypesAndContributionMap":{"functional-code":{"insertions":7,"deletions":7}}},{"hash":"c2167ae28077b9790174dd4bf0f14c50e8d2815b","isMergeCommit":false,"messageTitle":"Update code quality(naming) for addpatient command","messageBody":"","fileTypesAndContributionMap":{"functional-code":{"insertions":2,"deletions":2}}},{"hash":"da61aca53db7cd83555eb84c0ccc554b69cf3de6","isMergeCommit":false,"messageTitle":"Update testing for addpatient but yet to implement relevant stubs","messageBody":"","fileTypesAndContributionMap":{"test-code":{"insertions":86,"deletions":1}}},{"hash":"20ccc329a9ac5ec0220ec3c885a3710d8f379670","isMergeCommit":false,"messageTitle":"Add relevant stubs for testing addpatient","messageBody":"","fileTypesAndContributionMap":{"test-code":{"insertions":119,"deletions":0}}}]},{"date":"2024-10-10","commitResults":[{"hash":"d12cd2810e66305b234a66d8f6e2cacc373d3136","isMergeCommit":false,"messageTitle":"Update relevant strings for dob and gender","messageBody":"","fileTypesAndContributionMap":{"test-code":{"insertions":7,"deletions":5}}},{"hash":"573dd039037bb45ee4db5ec7ced4423a851a2715","isMergeCommit":false,"messageTitle":"Update parser test for adding patient","messageBody":"","fileTypesAndContributionMap":{"test-code":{"insertions":250,"deletions":1}}},{"hash":"3a359df0f451d8ddeca4b2f55a7e26eb6036d7af","isMergeCommit":false,"messageTitle":"Fix checkstyle errors with imports","messageBody":"","fileTypesAndContributionMap":{"functional-code":{"insertions":7,"deletions":1}}},{"hash":"7a6724628036f93201c13d836d3ba3baecf6e8ef","isMergeCommit":false,"messageTitle":"Fix checkstyle errors with imports","messageBody":"","fileTypesAndContributionMap":{"functional-code":{"insertions":7,"deletions":1}}},{"hash":"00ec9fb5a608079380a5b463cec2cc1b6fed2beb","isMergeCommit":false,"messageTitle":"Fix checkstyle errors with imports","messageBody":"","fileTypesAndContributionMap":{"functional-code":{"insertions":0,"deletions":1}}},{"hash":"f085c1459d74fd4a23ec27e45d8c967909362977","isMergeCommit":false,"messageTitle":"Fix checkstyle errors with imports","messageBody":"","fileTypesAndContributionMap":{"test-code":{"insertions":13,"deletions":5}}},{"hash":"0c6a91aa152f32e5ae58ea37af110b02b0639ac0","isMergeCommit":false,"messageTitle":"Fix checkstyle errors with imports","messageBody":"","fileTypesAndContributionMap":{"test-code":{"insertions":2,"deletions":2}}},{"hash":"f516f6830a7e7b487b5123022f24415d100c54e5","isMergeCommit":false,"messageTitle":"Update parser test","messageBody":"","fileTypesAndContributionMap":{"test-code":{"insertions":2,"deletions":2}}},{"hash":"dd67f01bf570b21a871f343c5ce4a4462318e298","isMergeCommit":false,"messageTitle":"Add prefix for user input for AddDoctor command","messageBody":"","fileTypesAndContributionMap":{"functional-code":{"insertions":1,"deletions":0}}},{"hash":"912b92615817df2dd419162151157fc0829b2014","isMergeCommit":false,"messageTitle":"Add main logic for AddDoctor command","messageBody":"","fileTypesAndContributionMap":{"functional-code":{"insertions":87,"deletions":0}}},{"hash":"1b892f83a92fd623c739603c96bab7641607a3de","isMergeCommit":false,"messageTitle":"Update code quality(naming) for addpatient command","messageBody":"","fileTypesAndContributionMap":{"functional-code":{"insertions":1,"deletions":1}}},{"hash":"915080b811b8e490493e1cecee36002ad167c22e","isMergeCommit":false,"messageTitle":"Add parser support for specialty field","messageBody":"","fileTypesAndContributionMap":{"functional-code":{"insertions":18,"deletions":0}}},{"hash":"ccebcfd2acd2798857f3521491162f432818f70d","isMergeCommit":false,"messageTitle":"Add parser support for AddDoctor command","messageBody":"","fileTypesAndContributionMap":{"functional-code":{"insertions":65,"deletions":1}}},{"hash":"ac7a69af636c448c8ee4c39fd4f8b4bb6ac6d05f","isMergeCommit":false,"messageTitle":"Update parser support for AddDoctor command","messageBody":"","fileTypesAndContributionMap":{"functional-code":{"insertions":4,"deletions":0}}},{"hash":"dd5ceef137f6456e86645a3fc9b275ec96366fde","isMergeCommit":false,"messageTitle":"Add relevant strings for specialty","messageBody":"","fileTypesAndContributionMap":{"test-code":{"insertions":7,"deletions":0}}},{"hash":"20aa443c28417cd2b8e32e0a6f3a14a6664b4dce","isMergeCommit":false,"messageTitle":"Update parser test for adding doctor","messageBody":"","fileTypesAndContributionMap":{"test-code":{"insertions":10,"deletions":0}}},{"hash":"747c602944250250c2f3fd598898351c1cd9fe49","isMergeCommit":false,"messageTitle":"Update testing for AddDoctor","messageBody":"","fileTypesAndContributionMap":{"test-code":{"insertions":209,"deletions":0}}},{"hash":"46c80643df25af39f7de6c7f3b8f047c22ee583e","isMergeCommit":false,"messageTitle":"Update parser test for adding doctor","messageBody":"","fileTypesAndContributionMap":{"test-code":{"insertions":224,"deletions":1}}},{"hash":"04b4121d1c391f1fea2c5e51bffb949e56876a76","isMergeCommit":false,"messageTitle":"Fix checkstyle errors with imports","messageBody":"","fileTypesAndContributionMap":{"test-code":{"insertions":2,"deletions":2}}},{"hash":"4b621ede70e45130bf06d8a704507821d8c73728","isMergeCommit":true,"messageTitle":"Merge branch \u0027master\u0027 into branch-AddDoctor","messageBody":"","fileTypesAndContributionMap":{}},{"hash":"e854648855317e80fa7ea1ad8693ba8a0ea74fd3","isMergeCommit":true,"messageTitle":"Merge pull request #54 from taniathng/list-command","messageBody":"List command for doctor and patient","fileTypesAndContributionMap":{}}]},{"date":"2024-10-16","commitResults":[{"hash":"1f7aae4e90cdafc4d57efd0f9a1d4f6b6053fa76","isMergeCommit":false,"messageTitle":"Update DateOfBirth to allow access to its string representation","messageBody":"","fileTypesAndContributionMap":{"functional-code":{"insertions":5,"deletions":0}}},{"hash":"3a9934501e586d7f7399bfa190cea19062212ea6","isMergeCommit":false,"messageTitle":"Update UI to display patients as a PatientCard","messageBody":"","fileTypesAndContributionMap":{"functional-code":{"insertions":34,"deletions":1}}},{"hash":"8402ccb7721673957ad8458db04a8cd95725696f","isMergeCommit":false,"messageTitle":"Update UI to distinguish between person and patient contacts","messageBody":"","fileTypesAndContributionMap":{"functional-code":{"insertions":4,"deletions":0}}},{"hash":"c5d714c849afec88765a65766b7fb409614dcb8a","isMergeCommit":false,"messageTitle":"Update GUI to uniquely display patients","messageBody":"","fileTypesAndContributionMap":{"functional-code":{"insertions":38,"deletions":0}}},{"hash":"9a20d69f248774e196ee7db78d3a8f088a39c1d3","isMergeCommit":false,"messageTitle":"Update UI to display doctors as a DoctorCard","messageBody":"","fileTypesAndContributionMap":{"functional-code":{"insertions":32,"deletions":0}}},{"hash":"cad2ae32e290f6860bff75b87c3a0e2a055b2738","isMergeCommit":false,"messageTitle":"Update UI to distinguish between person and doctor contacts","messageBody":"","fileTypesAndContributionMap":{"functional-code":{"insertions":4,"deletions":0}}},{"hash":"e5a609f165d639a39811f6a464e28d06e4cc9250","isMergeCommit":false,"messageTitle":"Update GUI to uniquely display doctors","messageBody":"","fileTypesAndContributionMap":{"functional-code":{"insertions":37,"deletions":0}}},{"hash":"b198b66415508e7adfe8e140bff8b20e8bbd7836","isMergeCommit":false,"messageTitle":"Update GUI to have a flag for patient contacts","messageBody":"","fileTypesAndContributionMap":{"functional-code":{"insertions":44,"deletions":2}}},{"hash":"b8eefaa39260fbeab6af492895c56726e7bfbe21","isMergeCommit":false,"messageTitle":"Update GUI to have a flag for doctor contacts","messageBody":"","fileTypesAndContributionMap":{"functional-code":{"insertions":43,"deletions":2}}},{"hash":"3a4bb0256a8e98aca3749428aeb9c6308189123f","isMergeCommit":false,"messageTitle":"Fix checkstyle errors with imports","messageBody":"","fileTypesAndContributionMap":{"functional-code":{"insertions":0,"deletions":1}}},{"hash":"cfca9cd673673254361b7541e96c243c606106d9","isMergeCommit":false,"messageTitle":"Update naming for code quality","messageBody":"","fileTypesAndContributionMap":{"functional-code":{"insertions":2,"deletions":2}}},{"hash":"247e16ef8cf2e9d08f96c2f1ea4e991ba1cb56b3","isMergeCommit":true,"messageTitle":"Merge branch \u0027master\u0027 into branch-DoctorGui","messageBody":"","fileTypesAndContributionMap":{}},{"hash":"597cf5644e5e8a67a738351264e231a3a9b54fa5","isMergeCommit":true,"messageTitle":"Merge pull request #71 from taniathng/update-user-guide","messageBody":"Update user guide","fileTypesAndContributionMap":{}}]},{"date":"2024-10-20","commitResults":[{"hash":"9bbced77319f8e6298ae9c8ae6571190d6b33462","isMergeCommit":true,"messageTitle":"Merge pull request #76 from bmanara/uml-ui-component","messageBody":"Update UML for Ui component","fileTypesAndContributionMap":{}}]},{"date":"2024-10-23","commitResults":[{"hash":"7af306b81bda8037a43045874c0493dca6f3ccdf","isMergeCommit":true,"messageTitle":"Merge pull request #87 from MiloTruck/appointment-class","messageBody":"Add Appointment class","fileTypesAndContributionMap":{}},{"hash":"d442da8f565c35696b3176470601cbff32a55d14","isMergeCommit":false,"messageTitle":"Update javadoc comments","messageBody":"","fileTypesAndContributionMap":{"functional-code":{"insertions":4,"deletions":2}}},{"hash":"091222f048d3f37d24b33c436342f2275221ebde","isMergeCommit":false,"messageTitle":"Update formatting of messages for appointments","messageBody":"","fileTypesAndContributionMap":{"functional-code":{"insertions":18,"deletions":0}}},{"hash":"45a3cc4b9ea274c11ce08ecd17a4ad5f8dfc5290","isMergeCommit":false,"messageTitle":"Add prefix for user input for AddAppointment command","messageBody":"","fileTypesAndContributionMap":{"functional-code":{"insertions":4,"deletions":0}}},{"hash":"a12d4d05b56c0a891766301a7abed6d33d40f2af","isMergeCommit":false,"messageTitle":"Add main logic for AddAppointment command","messageBody":"","fileTypesAndContributionMap":{"functional-code":{"insertions":94,"deletions":1}}},{"hash":"52682af58775e886104b27d6cd90fbfc99041502","isMergeCommit":false,"messageTitle":"Fix checkstyle errors with imports","messageBody":"","fileTypesAndContributionMap":{"functional-code":{"insertions":4,"deletions":2}}},{"hash":"1ac75cd3ae150527910f882183a97f13db94e294","isMergeCommit":false,"messageTitle":"Add parser support for AddAppointment command","messageBody":"","fileTypesAndContributionMap":{"functional-code":{"insertions":36,"deletions":0}}},{"hash":"50fd2d195a50558d2fac73074a1b74392a08e4f8","isMergeCommit":false,"messageTitle":"Update parser support for AddAppointment command","messageBody":"","fileTypesAndContributionMap":{"functional-code":{"insertions":85,"deletions":7}}},{"hash":"7f9d4c975bdf35720e91dcba0be868b227f2177a","isMergeCommit":false,"messageTitle":"Fix checkstyle errors with imports","messageBody":"","fileTypesAndContributionMap":{"functional-code":{"insertions":9,"deletions":8}}},{"hash":"ff194815aff940d351d3b9fbfb526fd23a0f9667","isMergeCommit":false,"messageTitle":"Update parser test for adding appointment","messageBody":"","fileTypesAndContributionMap":{"test-code":{"insertions":24,"deletions":3}}},{"hash":"8abd03d4e79e4b377163b098b7a5898131b5c545","isMergeCommit":false,"messageTitle":"Add utility support for test involving appointments","messageBody":"","fileTypesAndContributionMap":{"test-code":{"insertions":30,"deletions":1}}}]},{"date":"2024-10-24","commitResults":[{"hash":"eb411b511f8cf0548a2cc2048aa740282e3d45f8","isMergeCommit":false,"messageTitle":"Remove logic for adding appts between ppl from constructor","messageBody":"","fileTypesAndContributionMap":{"functional-code":{"insertions":0,"deletions":3}}},{"hash":"d543b8e0d41d4a956569488cb0529c4db2be3afc","isMergeCommit":false,"messageTitle":"Update command logic to check for duplicate appt","messageBody":"","fileTypesAndContributionMap":{"functional-code":{"insertions":2,"deletions":2}}},{"hash":"7dbff23c4756b00fd0e3eae67bf1ea301adcf12c","isMergeCommit":false,"messageTitle":"Update logic for equality check of the command","messageBody":"","fileTypesAndContributionMap":{"functional-code":{"insertions":5,"deletions":1}}},{"hash":"49b257c2f85155f270e345433b2785544c044b4b","isMergeCommit":true,"messageTitle":"Merge branch \u0027master\u0027 into branch-AddAppointment","messageBody":"","fileTypesAndContributionMap":{}},{"hash":"9f892400c21aaf5554e72b88812153a28e9fd01e","isMergeCommit":false,"messageTitle":"Update constructor logic","messageBody":"","fileTypesAndContributionMap":{"functional-code":{"insertions":3,"deletions":0}}},{"hash":"c4a35ae61ba7091ffdc4d362a2cf84928a321752","isMergeCommit":false,"messageTitle":"Update duplicate checking logic of appts","messageBody":"","fileTypesAndContributionMap":{"functional-code":{"insertions":18,"deletions":6}}},{"hash":"acbe9f642d17025d5e0c3b46e4dce6d48449a003","isMergeCommit":false,"messageTitle":"Update logic to save appts into Model","messageBody":"","fileTypesAndContributionMap":{"functional-code":{"insertions":13,"deletions":0}}},{"hash":"fc7db042080420ac5312a88b7d074e7c0466e9fd","isMergeCommit":false,"messageTitle":"Move testing of AddAppointment to a separate PR","messageBody":"","fileTypesAndContributionMap":{"test-code":{"insertions":0,"deletions":4}}},{"hash":"fa15158e9979932cef776d97f6ffbf34874d2d1b","isMergeCommit":false,"messageTitle":"Update model stubs for testing","messageBody":"","fileTypesAndContributionMap":{"test-code":{"insertions":33,"deletions":0}}},{"hash":"58b8a3d0a43991d8cf859af0f386788c98622cae","isMergeCommit":false,"messageTitle":"Update class diagram for Model component","messageBody":"","fileTypesAndContributionMap":{"docs":{"insertions":19,"deletions":1}}},{"hash":"8772e91b54bd4dc3d49e02f5a31a59d75de757f5","isMergeCommit":false,"messageTitle":"Correct the type of arrows used","messageBody":"","fileTypesAndContributionMap":{"docs":{"insertions":2,"deletions":2}}},{"hash":"7ef65efe9039d8b10ef2c7a307f3cf8ec7a14596","isMergeCommit":false,"messageTitle":"Update alternative Model class diagram","messageBody":"","fileTypesAndContributionMap":{"docs":{"insertions":5,"deletions":0}}},{"hash":"45d825f3981bb36fa33b393ded7f673f395698d9","isMergeCommit":false,"messageTitle":"Update alternative Model class diagram","messageBody":"","fileTypesAndContributionMap":{"docs":{"insertions":3,"deletions":0}}},{"hash":"8ebf9782c1f6d6a859f4192773b4e8ca6913ed1e","isMergeCommit":true,"messageTitle":"Merge pull request #86 from bmanara/update-user-guide-1","messageBody":"Update user guide","tags":["v0.2"],"fileTypesAndContributionMap":{}}]},{"date":"2024-10-31","commitResults":[{"hash":"6c28b7432a4c755c104b52981ed4af981fccfb28","isMergeCommit":false,"messageTitle":"Reformat command summary in UG","messageBody":"","fileTypesAndContributionMap":{"docs":{"insertions":13,"deletions":13}}},{"hash":"738f8ea845d54a31aaf0ec75c1b540f09809871c","isMergeCommit":false,"messageTitle":"Update UG command summary with AddAppt","messageBody":"","fileTypesAndContributionMap":{"docs":{"insertions":1,"deletions":0}}},{"hash":"95df010d5a258d5e517f713cd724d76f1df96ac4","isMergeCommit":false,"messageTitle":"Update notes about command format","messageBody":"","fileTypesAndContributionMap":{"docs":{"insertions":2,"deletions":2}}},{"hash":"9239d79b40cb049e6382709078412e48028201ac","isMergeCommit":false,"messageTitle":"Update features section","messageBody":"","fileTypesAndContributionMap":{"docs":{"insertions":5,"deletions":5}}},{"hash":"f0aad25f157882b43b69f0e8521b96ed60d786e5","isMergeCommit":false,"messageTitle":"Update UG with AddAppt command","messageBody":"","fileTypesAndContributionMap":{"docs":{"insertions":29,"deletions":21}}},{"hash":"d38b3b8d1c78a64eb903c4f30df05a85147452a1","isMergeCommit":false,"messageTitle":"Update warnings in UG","messageBody":"","fileTypesAndContributionMap":{"docs":{"insertions":16,"deletions":3}}},{"hash":"76a1403d98af21d64ddfc4cd7330be11f0141187","isMergeCommit":false,"messageTitle":"Update UG with DeleteAppt command","messageBody":"","fileTypesAndContributionMap":{"docs":{"insertions":11,"deletions":0}}},{"hash":"b2d16ff6d2b24944c17a874a2a94c267e37d0362","isMergeCommit":true,"messageTitle":"Merge branch \u0027master\u0027 into branch-UG-DeleteAppt","messageBody":"","fileTypesAndContributionMap":{}},{"hash":"860152211c3b4153a2e7186606e72ee15e335976","isMergeCommit":false,"messageTitle":"Update sample data for contacts and appts","messageBody":"","fileTypesAndContributionMap":{"functional-code":{"insertions":7,"deletions":4}}},{"hash":"3a550e2f7b33aa833ba15c36b18694ef9babfe7e","isMergeCommit":true,"messageTitle":"Merge pull request #148 from sam-theman88/branch-UG-DeleteAppt","messageBody":"Updating UG with DeleteAppointment command","fileTypesAndContributionMap":{}},{"hash":"6f5bc4abd56848a5a8ded0e937f357ba3e5780f9","isMergeCommit":true,"messageTitle":"Merge pull request #149 from MiloTruck/update-ug-find-partial-match","messageBody":"Update find-doctor and find-patient description","fileTypesAndContributionMap":{}},{"hash":"d84e9802fcb72950405771a5f681ccb3496359c0","isMergeCommit":false,"messageTitle":"Update javadocs for appt related methods","messageBody":"","fileTypesAndContributionMap":{"functional-code":{"insertions":5,"deletions":5}}},{"hash":"b4ed2f318b77f47b23b3653743ec123b25356072","isMergeCommit":false,"messageTitle":"Update javadoc comments","messageBody":"","fileTypesAndContributionMap":{"test-code":{"insertions":8,"deletions":0}}}]},{"date":"2024-11-01","commitResults":[{"hash":"06e27a122499a7c89113494837f78f5466806dc5","isMergeCommit":false,"messageTitle":"Update logic for equality check","messageBody":"","fileTypesAndContributionMap":{"functional-code":{"insertions":1,"deletions":5}}},{"hash":"ff1a15a7bb98f2d665d24e1311e794765573646a","isMergeCommit":false,"messageTitle":"Update testing for AddAppt","messageBody":"","fileTypesAndContributionMap":{"test-code":{"insertions":227,"deletions":1}}},{"hash":"633985fbe3d1829e59654c56aaf0823ac360475e","isMergeCommit":false,"messageTitle":"Fix checkstyle error","messageBody":"","fileTypesAndContributionMap":{"test-code":{"insertions":4,"deletions":2}}},{"hash":"a10ed18f19ba7e8a6ab2dd8052190efba26cbf49","isMergeCommit":false,"messageTitle":"Add parser test for adding appointment","messageBody":"","fileTypesAndContributionMap":{"test-code":{"insertions":196,"deletions":1}}},{"hash":"0c089fdb888bf67e19ca245e2845363ceb05346c","isMergeCommit":false,"messageTitle":"Fix checkstyle error with imports","messageBody":"","fileTypesAndContributionMap":{"test-code":{"insertions":1,"deletions":1}}},{"hash":"e22441718aa08c7927ba9df214f784a0b97b1d3f","isMergeCommit":false,"messageTitle":"Update parser test for AddAppt","messageBody":"","fileTypesAndContributionMap":{"test-code":{"insertions":23,"deletions":23}}},{"hash":"acfbcb443b14854db15aa7c6f1d027e0504053b3","isMergeCommit":true,"messageTitle":"Merge branch \u0027master\u0027 into branch-AddAppt-test","messageBody":"","fileTypesAndContributionMap":{}},{"hash":"823b636b8a7e58eced71ba321c6e262023bf66bd","isMergeCommit":false,"messageTitle":"Update parser test for AddAppt","messageBody":"","fileTypesAndContributionMap":{"test-code":{"insertions":46,"deletions":50}}},{"hash":"c4feba1ce8731c8e746e2d49328b276166e77fc0","isMergeCommit":false,"messageTitle":"Update logic for equality check","messageBody":"","fileTypesAndContributionMap":{"functional-code":{"insertions":5,"deletions":1}}},{"hash":"250a8ca21da29af3ed682292c70e23b707f27722","isMergeCommit":false,"messageTitle":"Update test for AddAppt","messageBody":"","fileTypesAndContributionMap":{"test-code":{"insertions":1,"deletions":32}}}]},{"date":"2024-11-06","commitResults":[{"hash":"f6ff8cd2396ffc95a6529b45d3b7577f2ffab37a","isMergeCommit":false,"messageTitle":"Update command summary in UG","messageBody":"","fileTypesAndContributionMap":{"docs":{"insertions":4,"deletions":4}}},{"hash":"9579df835f3576cfc63dc2225839a059a56cfd5c","isMergeCommit":true,"messageTitle":"Merge pull request #160 from bmanara/duplicate-person-bug","messageBody":"Fix duplicate person bug","fileTypesAndContributionMap":{}},{"hash":"a3925d6fb8bf948d5437c924a18c1b966f8869d3","isMergeCommit":false,"messageTitle":"Update quick start in UG","messageBody":"","fileTypesAndContributionMap":{"docs":{"insertions":24,"deletions":20}}},{"hash":"f903f8d44d00c03c19059dac36378bb979dc9ab0","isMergeCommit":false,"messageTitle":"Update the command details in the UG","messageBody":"","fileTypesAndContributionMap":{"docs":{"insertions":42,"deletions":40}}},{"hash":"6faf2e745441897941f4a8f515a94626a1d35ccc","isMergeCommit":false,"messageTitle":"Update FAQ section of the UG","messageBody":"","fileTypesAndContributionMap":{"docs":{"insertions":2,"deletions":2}}},{"hash":"0a178f484dd2be8dc0428f63e0cde3072970c3a5","isMergeCommit":false,"messageTitle":"Update upcoming features in the UG","messageBody":"","fileTypesAndContributionMap":{"docs":{"insertions":12,"deletions":0}}},{"hash":"074e784a33fd48da6af07acabe952680ffd11be3","isMergeCommit":false,"messageTitle":"Update notes about NAME parameter for Add and Find","messageBody":"","fileTypesAndContributionMap":{"docs":{"insertions":8,"deletions":4}}},{"hash":"488a35256464e3d45f1594733019312840307a96","isMergeCommit":true,"messageTitle":"Merge pull request #175 from bmanara/add-appt-input-validation","messageBody":"Change input validation for `NAME` ","fileTypesAndContributionMap":{}}]},{"date":"2024-11-07","commitResults":[{"hash":"bf9c1f867d60f4ea8d309e07de021a69e4c3778e","isMergeCommit":false,"messageTitle":"Update screenshot used in UG","messageBody":"","fileTypesAndContributionMap":{"docs":{"insertions":1,"deletions":1}}},{"hash":"9218c1102ff5bec6f81b5a71fca0c64c224aef60","isMergeCommit":false,"messageTitle":"Fix grammar error in UG","messageBody":"","fileTypesAndContributionMap":{"docs":{"insertions":2,"deletions":2}}},{"hash":"a9cd656eb2afbc51401daaa89f365aa50f154662","isMergeCommit":true,"messageTitle":"Merge pull request #187 from chiangqinkang/branch-update-UG","messageBody":"Add date parameter info to UG","fileTypesAndContributionMap":{}}]}]},"authorFileTypeContributionMap":{"MiloTruck":{"docs":64,"functional-code":798,"test-code":810,"other":2},"bmanara":{"docs":87,"functional-code":691,"test-code":676,"other":5},"chiangqinkang":{"docs":84,"functional-code":418,"test-code":765},"taniathng":{"docs":137,"functional-code":392,"test-code":559},"sam-theman88":{"docs":546,"functional-code":746,"test-code":1160}},"authorContributionVariance":{"MiloTruck":23878.201,"bmanara":9014.604,"chiangqinkang":45481.047,"taniathng":70223.89,"sam-theman88":32500.518},"authorDisplayNameMap":{"MiloTruck":"CS2103T-T09-3 BRAN..KIAT","bmanara":"CS2103T-T09-3 MA C..RIAN","chiangqinkang":"CS2103T-T09-3 CHIA..KANG","taniathng":"CS2103T-T09-3 THNG..ANIA","sam-theman88":"CS2103T-T09-3 SAMU.. LEE"}}
