{"authorDailyContributionsMap":{"arnav12344":[{"date":"2024-10-01","commitResults":[{"hash":"e75ae55dee0eeef6adf3398cf6cf5f139391b320","isMergeCommit":false,"messageTitle":"Edit about us page with Arnav details","messageBody":"","fileTypesAndContributionMap":{"docs":{"insertions":3,"deletions":3}}},{"hash":"8e9283e15549638e897ccef4ef8b77e8f2563de3","isMergeCommit":false,"messageTitle":"Edit About us with Arnav\u0027s information","messageBody":"","fileTypesAndContributionMap":{"docs":{"insertions":7,"deletions":7}}}]},{"date":"2024-10-03","commitResults":[{"hash":"c43c560d8a1578142e163b02d4133a6fb2d80085","isMergeCommit":true,"messageTitle":"Merge pull request #23 from AY2425S1-CS2103T-T17-1/branch-tzecheng-AboutUs","messageBody":"Update AboutUs page with Tze Cheng\u0027s Details","fileTypesAndContributionMap":{}},{"hash":"4b22e9e68fc9622f9ada245f8e76b00029a598b1","isMergeCommit":true,"messageTitle":"Merge pull request #6 from chenle228/update-about-us-page","messageBody":"Update AboutUs Page with Chen Le\u0027s Details","fileTypesAndContributionMap":{}},{"hash":"7927031a32e74e39e928cb530bd11aef92090590","isMergeCommit":false,"messageTitle":"Edit Jeremy name in About us","messageBody":"","fileTypesAndContributionMap":{"docs":{"insertions":1,"deletions":1}}}]}],"verakohh":[{"date":"2024-10-01","commitResults":[{"hash":"8baa461539fc4ac54027ebd3645a7c92d1e90d11","isMergeCommit":true,"messageTitle":"Merge pull request #4 from chenle228/add-profile-photo","messageBody":"Add Chen Le\u0027s Photo","fileTypesAndContributionMap":{}},{"hash":"3ab89d04d2fb964c24678a94887c03db56f92255","isMergeCommit":true,"messageTitle":"Merge pull request #12 from arnav12344/addArnavPhoto","messageBody":"Add arnav photo to docs","fileTypesAndContributionMap":{}},{"hash":"dd73eb993826712bd058ec068c1c7d7aedeeec00","isMergeCommit":false,"messageTitle":"Update AboutUs Page with Vera\u0027s Details","messageBody":"","fileTypesAndContributionMap":{"docs":{"insertions":4,"deletions":4}}}]},{"date":"2024-10-03","commitResults":[{"hash":"b0318cca76f93ffa1e8a53d43ba28f16cb84cdff","isMergeCommit":true,"messageTitle":"Merge pull request #24 from jeremychiaaaaa/Add-About-Us","messageBody":"Update AboutUs Page with Jeremy\u0027s Details","fileTypesAndContributionMap":{}},{"hash":"5a2b2d91d8de34ff57babb5ee98db620a1fcef91","isMergeCommit":false,"messageTitle":"Update DG with use cases, glossary, and NFRs","messageBody":"","fileTypesAndContributionMap":{"docs":{"insertions":135,"deletions":31}}},{"hash":"5cfa49717fd0e2c2cef9139b9f9f859a05642ed2","isMergeCommit":true,"messageTitle":"Merge pull request #29 from chenle228/add-profile-photo","messageBody":"Add profile photo in png","fileTypesAndContributionMap":{}}]},{"date":"2024-10-04","commitResults":[{"hash":"8d093024205f4bb095241649f6787fd648490dbe","isMergeCommit":true,"messageTitle":"Merge pull request #31 from chenle228/update-developer-guide","messageBody":"Update developer guide: user profile, value proposition, user stories","fileTypesAndContributionMap":{}},{"hash":"03ca820e204ff5b7c1ac4c87b902a95bfb17f5bf","isMergeCommit":true,"messageTitle":"Merge pull request #33 from chenle228/update-about-us-page","messageBody":"Update profile photo with correct name","fileTypesAndContributionMap":{}}]},{"date":"2024-10-10","commitResults":[{"hash":"4a0719af5728770ab9ecaa7c4ffa12132f0ce7f5","isMergeCommit":true,"messageTitle":"Merge pull request #45 from chenle228/add-new-contact","messageBody":"Add new contact","fileTypesAndContributionMap":{}},{"hash":"61f00361cfd3ac37e2aee4cfb83fed7d7010491f","isMergeCommit":true,"messageTitle":"Merge pull request #46 from chenle228/add-new-contact","messageBody":"Update UI for add new contact feature","fileTypesAndContributionMap":{}},{"hash":"e4f83aa12e6763a991041d2daad6de6638a1a306","isMergeCommit":false,"messageTitle":"Add \u0027FindByUniversity\u0027 command and related tests","messageBody":"- Implemented `FindByUniversityCommand` and\n`FindByUniversityCommandParser` to allow searching for persons by\nuniversity.\n- Added tests for `FindByUniversityCommand` and\n`FindByUniversityCommandParser`.\n- Updated `UniversityContainsKeywordsPredicate` to filter persons by\nuniversity.\n- Updated `Person`, `PersonBuilder`, and `EditPersonDescriptorBuilder`\nto include university and major fields.\n- Added handling for `university` and `major` fields in\n`JsonAdaptedPersonTest`.\n- Minor adjustments in `EditCommand` to ensure university and\nmajor fields are accounted for during edits.\n\nTests:\n- Added integration and unit tests for `FindByUniversityCommand`.\n- Verified JSON adaptations for university and major fields.\n","fileTypesAndContributionMap":{"functional-code":{"insertions":149,"deletions":3},"test-code":{"insertions":260,"deletions":12}}},{"hash":"ea054f446a59a84fc96764e8dc49a48f26ae749c","isMergeCommit":true,"messageTitle":"Merge pull request #49 from jeremychiaaaaa/find-by-major-","messageBody":"Add find by major functionality","fileTypesAndContributionMap":{}},{"hash":"a04258c8c754e3bcba1957cc946157590aafc626","isMergeCommit":false,"messageTitle":"Fix logic manager test and find by university command test","messageBody":"","fileTypesAndContributionMap":{"functional-code":{"insertions":1,"deletions":1},"test-code":{"insertions":44,"deletions":13}}}]},{"date":"2024-10-13","commitResults":[{"hash":"3e80c97d355f41b767bb4ffc132a24d1b1153786","isMergeCommit":false,"messageTitle":"Fix logic manager bugs and json bugs","messageBody":"","fileTypesAndContributionMap":{"functional-code":{"insertions":45,"deletions":16},"test-code":{"insertions":239,"deletions":24}}}]},{"date":"2024-10-14","commitResults":[{"hash":"936ba398e408813102294038559ff5cbf50c7396","isMergeCommit":false,"messageTitle":"Fix edit command","messageBody":"","fileTypesAndContributionMap":{"functional-code":{"insertions":10,"deletions":5},"test-code":{"insertions":4,"deletions":3}}},{"hash":"3cd0f096bb3556ed8ab94b940ec82eccc4a85d46","isMergeCommit":true,"messageTitle":"Merge branch \u0027master\u0027 into Fix-test-cases","messageBody":"","fileTypesAndContributionMap":{}}]},{"date":"2024-10-16","commitResults":[{"hash":"276ae1e9f22d37b063483f89058f53538d91ffea","isMergeCommit":true,"messageTitle":"Merge branch \u0027master\u0027 into add_interest_feature","messageBody":"","fileTypesAndContributionMap":{}}]},{"date":"2024-10-17","commitResults":[{"hash":"29ee7ae6fc2b7825f11b973ed48703af4c836bd3","isMergeCommit":true,"messageTitle":"Merge pull request #59 from chenle228/edit-person","messageBody":"Add the missing workexp field in AddCommand.java","fileTypesAndContributionMap":{}},{"hash":"416686084177903685a2ab3bd56985309ea7decd","isMergeCommit":true,"messageTitle":"Merge pull request #61 from jeremychiaaaaa/fix-test-cases","messageBody":"","fileTypesAndContributionMap":{}},{"hash":"296c30571ef6ec97bc772b25a8de2260b7824a7e","isMergeCommit":true,"messageTitle":"Merge pull request #62 from jeremychiaaaaa/fix-test-cases","messageBody":"Fix Parser Tests","fileTypesAndContributionMap":{}},{"hash":"6049238c0738d8b56ae68ff7c64ba61e198bca0f","isMergeCommit":false,"messageTitle":"Fix checkstyle and addcommandparser test case","messageBody":"","fileTypesAndContributionMap":{"functional-code":{"insertions":29,"deletions":30},"test-code":{"insertions":116,"deletions":49}}},{"hash":"ecf8723fb2909d5a9409b542668beec0221cb058","isMergeCommit":true,"messageTitle":"Merge pull request #66 from kuiktzecheng/fix-workExp-input","messageBody":"Fix work experience validation regex","fileTypesAndContributionMap":{}}]}],"kuiktzecheng":[{"date":"2024-09-25","commitResults":[{"hash":"8d096a3119c660ff1ff6a1d0d3367bdb45324238","isMergeCommit":true,"messageTitle":"Merge pull request #1 from AY2425S1-CS2103T-T17-1/switch-docs-to-markbind","messageBody":"Merge switch-docs-to-markbind branch for website","fileTypesAndContributionMap":{}},{"hash":"3b243eb38286e2403fbacc83aec1a3279561fefd","isMergeCommit":false,"messageTitle":"Edit some changes to the files required","messageBody":"","fileTypesAndContributionMap":{"docs":{"insertions":1,"deletions":1}}}]},{"date":"2024-10-02","commitResults":[{"hash":"668795eb65ef776f2eb782fae1afb4f9f171bfd5","isMergeCommit":false,"messageTitle":"Update AboutUs page with Tze Cheng\u0027s Details","messageBody":"","fileTypesAndContributionMap":{"docs":{"insertions":4,"deletions":4}}}]},{"date":"2024-10-04","commitResults":[{"hash":"54edff5838846bccca5eb95c6acdf9dbfb84a52f","isMergeCommit":false,"messageTitle":"Update README.md","messageBody":"","fileTypesAndContributionMap":{"docs":{"insertions":16,"deletions":11}}},{"hash":"795a6557c76aea52347851d61c1a7a4aeece244d","isMergeCommit":false,"messageTitle":"Update project website","messageBody":"","fileTypesAndContributionMap":{"docs":{"insertions":14,"deletions":6}}}]},{"date":"2024-10-10","commitResults":[{"hash":"df7d77f8d6b51dd0774a1195dcc29a33bfde6753","isMergeCommit":false,"messageTitle":"Add WorkExp Feature","messageBody":"","fileTypesAndContributionMap":{"functional-code":{"insertions":146,"deletions":16},"test-code":{"insertions":72,"deletions":17}}}]},{"date":"2024-10-13","commitResults":[{"hash":"ad9ac8131786773a069fb90ee86becf635ae48fd","isMergeCommit":false,"messageTitle":"Add WorkExp Feature","messageBody":"","fileTypesAndContributionMap":{"functional-code":{"insertions":10,"deletions":8},"test-code":{"insertions":53,"deletions":23}}},{"hash":"8742dc526a7fbba8b9fc4f44df17db8111516843","isMergeCommit":true,"messageTitle":"Merge branch \u0027master\u0027 into MVP-feature-workexp","messageBody":"","fileTypesAndContributionMap":{}}]},{"date":"2024-10-17","commitResults":[{"hash":"b7819c5ffa36e011a7fb09e863234223c22d9ade","isMergeCommit":false,"messageTitle":"Fix work experience validation regex","messageBody":"","fileTypesAndContributionMap":{"functional-code":{"insertions":1,"deletions":1}}}]},{"date":"2024-10-20","commitResults":[{"hash":"214a6a59c492829436c09b4319672daba06ea447","isMergeCommit":false,"messageTitle":"Update user guide","messageBody":"","fileTypesAndContributionMap":{"docs":{"insertions":29,"deletions":7}}}]}],"chenle228":[{"date":"2024-09-30","commitResults":[{"hash":"9fa61ef28030c8d34bf8ad16b6ff421e805749ba","isMergeCommit":false,"messageTitle":"Update AboutUs page with chen le\u0027s details","messageBody":"","fileTypesAndContributionMap":{"docs":{"insertions":5,"deletions":5}}}]},{"date":"2024-10-01","commitResults":[{"hash":"376c37c12148c9fa002943dd4c083f26ec12d0e1","isMergeCommit":true,"messageTitle":"Merge pull request #11 from verakohh/Add-Vera-photo","messageBody":"Add Vera\u0027s photo","fileTypesAndContributionMap":{}}]},{"date":"2024-10-03","commitResults":[{"hash":"2b400e45eb16e5de6884b5bf5a9c0223c5139b80","isMergeCommit":true,"messageTitle":"Merge pull request #15 from arnav12344/editAboutUsPage","messageBody":"Edit about us page with Arnav\u0027s details","fileTypesAndContributionMap":{}},{"hash":"58387e42faab2b4a9136257bc723ee03a0e04609","isMergeCommit":true,"messageTitle":"Merge pull request #28 from verakohh/Update-DG","messageBody":"Update DG with use cases, glossary, and NFRs","fileTypesAndContributionMap":{}}]},{"date":"2024-10-04","commitResults":[{"hash":"e970aaf0fe6f6a2fb0ccce8e5a71ab115afc81a0","isMergeCommit":false,"messageTitle":"Update user profile and stories, value proposition","messageBody":"","fileTypesAndContributionMap":{"docs":{"insertions":12,"deletions":12}}},{"hash":"5303c8f40a236810fbd9d0f090f68289c7f18009","isMergeCommit":false,"messageTitle":"Update profile photo with correct name","messageBody":"","fileTypesAndContributionMap":{"docs":{"insertions":1,"deletions":1}}}]},{"date":"2024-10-10","commitResults":[{"hash":"dd5ba65b919849d795cbdfe01cf0949df0544565","isMergeCommit":false,"messageTitle":"Add new fields to person class","messageBody":"","fileTypesAndContributionMap":{"functional-code":{"insertions":40,"deletions":4}}},{"hash":"535fdf16ac755d2878cee6f8ade821443927f860","isMergeCommit":false,"messageTitle":"Update add-command class with new fields","messageBody":"","fileTypesAndContributionMap":{"functional-code":{"insertions":9,"deletions":0}}},{"hash":"054c1ae048d41230f73fa745501c36d65e0f03f9","isMergeCommit":false,"messageTitle":"Update add-command-parser class with new fields","messageBody":"","fileTypesAndContributionMap":{"functional-code":{"insertions":22,"deletions":4}}},{"hash":"25931aed8b6d57b6ef12c0288b4bacc499aeaec0","isMergeCommit":false,"messageTitle":"Add new attributes as classes under person","messageBody":"","fileTypesAndContributionMap":{"functional-code":{"insertions":232,"deletions":0}}},{"hash":"02babbb3b800b352128332bf38add670d7c46f37","isMergeCommit":false,"messageTitle":"Update parserutil class to parse new attributes","messageBody":"","fileTypesAndContributionMap":{"functional-code":{"insertions":64,"deletions":0}}},{"hash":"1de6725400f67f36df201b93eaab6622d368f008","isMergeCommit":false,"messageTitle":"Update person constructor and add-command with new attribute classes","messageBody":"","fileTypesAndContributionMap":{"functional-code":{"insertions":13,"deletions":16}}},{"hash":"dd3e52f1fdf12d8dc7f41fcb60b26288a16c74fe","isMergeCommit":false,"messageTitle":"Update edit command with new attribute classes","messageBody":"","fileTypesAndContributionMap":{"functional-code":{"insertions":6,"deletions":1}}},{"hash":"c5cdc915adfac76259d29195dbbede3b30a869c3","isMergeCommit":false,"messageTitle":"Update sample data util with new fields","messageBody":"","fileTypesAndContributionMap":{"functional-code":{"insertions":8,"deletions":6}}},{"hash":"6e19791f25236000775d5b053fca2f371feefc67","isMergeCommit":false,"messageTitle":"Update jason adapted person with new fields","messageBody":"","fileTypesAndContributionMap":{"functional-code":{"insertions":24,"deletions":2}}},{"hash":"6a0010591cd3768ffd866c82661a67dee7440f45","isMergeCommit":false,"messageTitle":"Fix checkstyle issues","messageBody":"","fileTypesAndContributionMap":{"functional-code":{"insertions":17,"deletions":17}}},{"hash":"f76e7d745e97d4aecd8c6ddd014621c6b6928c07","isMergeCommit":false,"messageTitle":"Update PersonCard.java with new fields","messageBody":"","fileTypesAndContributionMap":{"functional-code":{"insertions":11,"deletions":0}}},{"hash":"475f5fde6800e424024290757ce8d63fe1fbd33a","isMergeCommit":false,"messageTitle":"Update PersonListCard.fxml with new fields","messageBody":"","fileTypesAndContributionMap":{"functional-code":{"insertions":3,"deletions":0}}},{"hash":"4704252cd3f666b82905d2fc53ef3dcadb7449cc","isMergeCommit":false,"messageTitle":"Fix argument errors in AddCommandParser.java","messageBody":"","fileTypesAndContributionMap":{"functional-code":{"insertions":1,"deletions":1}}},{"hash":"bf797440f6de2209656f47179dce2e26938de76f","isMergeCommit":false,"messageTitle":"Fix placeholder values in Person.java","messageBody":"","fileTypesAndContributionMap":{"functional-code":{"insertions":2,"deletions":4}}}]},{"date":"2024-10-13","commitResults":[{"hash":"09ddbab6bd9b28926e500efa96ba34a53b926681","isMergeCommit":true,"messageTitle":"Merge pull request #52 from verakohh/Fix-test-cases","messageBody":"Fix logic manager bugs and json bugs","fileTypesAndContributionMap":{}}]},{"date":"2024-10-14","commitResults":[{"hash":"9447f2a5894a9a638fdb098faa4581d35297b871","isMergeCommit":true,"messageTitle":"Merge pull request #53 from kuiktzecheng/MVP-feature-workexp","messageBody":"MVP feature WorkExp","fileTypesAndContributionMap":{}},{"hash":"64957383b35ad0a9621474e7ea3c3d7afc70e5fd","isMergeCommit":true,"messageTitle":"Merge pull request #55 from verakohh/Fix-test-cases","messageBody":"Fix edit command","fileTypesAndContributionMap":{}}]},{"date":"2024-10-17","commitResults":[{"hash":"018d6d066974f225866b2c1bed3042658d26131f","isMergeCommit":true,"messageTitle":"Merge pull request #57 from arnav12344/add_interest_feature","messageBody":"Add interest feature (Fix)","fileTypesAndContributionMap":{}},{"hash":"1330675e429f4b9b0d9c7898ae0fb103f96b0015","isMergeCommit":false,"messageTitle":"Add the missing field in AddCommand.java","messageBody":"","fileTypesAndContributionMap":{"functional-code":{"insertions":1,"deletions":2},"test-code":{"insertions":1,"deletions":31}}}]},{"date":"2024-10-20","commitResults":[{"hash":"141c784e6d1d3a3ebccb40c21aeaa334827f07ed","isMergeCommit":true,"messageTitle":"Merge pull request #67 from kuiktzecheng/branch-update-UG","messageBody":"Update user guide","fileTypesAndContributionMap":{}}]}],"jeremychiaaaaa":[{"date":"2024-10-03","commitResults":[{"hash":"9d6ac00c3fff591b6d302ed0765e52f8b818b7e0","isMergeCommit":false,"messageTitle":"Update AboutUs Page with Jeremy\u0027s Details","messageBody":"","fileTypesAndContributionMap":{"docs":{"insertions":3,"deletions":3}}},{"hash":"a4c15cde772b5972ebd28c93516cc24e5e8911d0","isMergeCommit":true,"messageTitle":"Merge pull request #21 from AY2425S1-CS2103T-T17-1/branch-add-tzecheng-photo","messageBody":"Add tzecheng photo","fileTypesAndContributionMap":{}},{"hash":"e7498b1c74407299f413188c06c96a1f98b432e3","isMergeCommit":true,"messageTitle":"Merge pull request #16 from verakohh/Update-the-AboutUs-Page-with-Vera-Details","messageBody":"Update AboutUs Page with Vera\u0027s Details","fileTypesAndContributionMap":{}},{"hash":"425c059b2b30e6e4ec279e7fb082d7e7ecf68343","isMergeCommit":true,"messageTitle":"Merge pull request #26 from arnav12344/EditArnavPhoto","messageBody":"Edit arnav photo","fileTypesAndContributionMap":{}}]},{"date":"2024-10-10","commitResults":[{"hash":"14150352af1a60785eda07aeb775afc04dbaa587","isMergeCommit":true,"messageTitle":"Merge pull request #48 from verakohh/Add-findByUniversityCommand","messageBody":"Add \u0027FindByUniversity\u0027 command and related tests","fileTypesAndContributionMap":{}},{"hash":"390bc9cc4d3eb4d2a9f343c0aa2e53ecafd931d9","isMergeCommit":false,"messageTitle":"Add find by major functionality","messageBody":"","fileTypesAndContributionMap":{"functional-code":{"insertions":144,"deletions":13},"test-code":{"insertions":28,"deletions":29}}},{"hash":"dedbad250380d9c0aa93502491974a8980b5220c","isMergeCommit":true,"messageTitle":"Merge pull request #51 from verakohh/Fix-test-cases","messageBody":"Fix logic manager test and find by university command test","fileTypesAndContributionMap":{}}]},{"date":"2024-10-17","commitResults":[{"hash":"976df1e200f96a6a5eff81ba4c45f5436d9cb421","isMergeCommit":false,"messageTitle":"Ammend default person descriptor","messageBody":"","fileTypesAndContributionMap":{"test-code":{"insertions":4,"deletions":4}}},{"hash":"5bf03e0506a25b459c8d86d8d4d82a0d1e59d749","isMergeCommit":false,"messageTitle":"Fix Parser Tests","messageBody":"","fileTypesAndContributionMap":{"functional-code":{"insertions":11,"deletions":7},"test-code":{"insertions":11,"deletions":10}}},{"hash":"5a1c48f56e361e5d60dda0c711cc24c5253c0b51","isMergeCommit":true,"messageTitle":"Merge pull request #64 from verakohh/checkstyle-fixes","messageBody":"Fix checkstyle and addcommandparser test case","tags":["v1.3"],"fileTypesAndContributionMap":{}}]}]},"authorFileTypeContributionMap":{"arnav12344":{"docs":5,"functional-code":0,"test-code":0},"verakohh":{"docs":121,"functional-code":209,"test-code":543},"kuiktzecheng":{"docs":56,"functional-code":131,"test-code":83},"chenle228":{"docs":16,"functional-code":344,"test-code":0},"jeremychiaaaaa":{"docs":3,"functional-code":144,"test-code":20}},"authorContributionVariance":{"arnav12344":12.528612,"verakohh":11870.308,"kuiktzecheng":2231.2522,"chenle228":8008.809,"jeremychiaaaaa":1475.5281},"authorDisplayNameMap":{"arnav12344":"CS2103T-T17-1 MALH..RNAV","verakohh":"CS2103T-T17-1 KOH ..VERA","kuiktzecheng":"CS2103T-T17-1 KUIK..HENG","chenle228":"CS2103T-T17-1 CHEN..N LE","jeremychiaaaaa":"CS2103T-T17-1 CHIA..REMY"}}
