{"authorDailyContributionsMap":{"gohqingkhang":[{"date":"2024-10-03","commitResults":[{"hash":"47af90cdfaaeef1dd7abdfcdf26156f2ea8b6f75","isMergeCommit":false,"messageTitle":"Add my details to AboutUs","messageBody":"","fileTypesAndContributionMap":{"docs":{"insertions":3,"deletions":3}}},{"hash":"2e42cfa01c4a084d81a324cdd29af5842dbaebe5","isMergeCommit":true,"messageTitle":"Merge pull request #28 from BunnyHoppp/branch-AboutUs","messageBody":"Update Wei Loon\u0027s Details","fileTypesAndContributionMap":{}}]},{"date":"2024-10-04","commitResults":[{"hash":"3fa73767e7bd019b278681660cfab1abbd711a6c","isMergeCommit":false,"messageTitle":"Update README to match tp project","messageBody":"","fileTypesAndContributionMap":{"docs":{"insertions":7,"deletions":11}}},{"hash":"5275f028f53bf3c71a2ff1f2c78664f858226c21","isMergeCommit":false,"messageTitle":"Edit README according to checkstyle","messageBody":"","fileTypesAndContributionMap":{"docs":{"insertions":1,"deletions":1}}},{"hash":"298d247be7b16c2f453dd84e69391bafdbefbd24","isMergeCommit":false,"messageTitle":"Update UserStories in DG","messageBody":"","fileTypesAndContributionMap":{"docs":{"insertions":32,"deletions":11}}}]},{"date":"2024-10-05","commitResults":[{"hash":"ee1e994af6adbd991bfd1a92072a7c0f619fc378","isMergeCommit":true,"messageTitle":"Merge pull request #41 from BunnyHoppp/branch-UpdateSiteWideSettings","messageBody":"Update site-wide settings","fileTypesAndContributionMap":{}}]},{"date":"2024-10-06","commitResults":[{"hash":"988df97becf82a768c793c60abbe6430658ce33d","isMergeCommit":false,"messageTitle":"Amend user story","messageBody":"","fileTypesAndContributionMap":{"docs":{"insertions":1,"deletions":1}}},{"hash":"f3acfc2fb77bb4b53f0254118cb898c5a387283d","isMergeCommit":false,"messageTitle":"Amend user story","messageBody":"","fileTypesAndContributionMap":{"docs":{"insertions":1,"deletions":1}}},{"hash":"7fb063bab768f43443475bfc1312b6f7562b14bc","isMergeCommit":true,"messageTitle":"Merge pull request #44 from BunnyHoppp/branch-FixSiteWideSettingsBug","messageBody":"Fix bug where non-functional requirements tab is not shown","fileTypesAndContributionMap":{}},{"hash":"e186d16fe4ee9c3221b297c457721fd08f563118","isMergeCommit":true,"messageTitle":"Merge pull request #43 from Tanziyanghenry/branch-Add-Glossary","messageBody":"Update DG: Add Glossary","fileTypesAndContributionMap":{}},{"hash":"20972a24040071f485963897cd5daf9fef50b44a","isMergeCommit":true,"messageTitle":"Merge pull request #42 from Shruthiiii03/branch-Use-Cases","messageBody":"Update DG : Add Use Cases","fileTypesAndContributionMap":{}}]},{"date":"2024-10-09","commitResults":[{"hash":"35ebc063bf088101f6e1e48d71e11204686ab0fe","isMergeCommit":true,"messageTitle":"Merge pull request #53 from Tanziyanghenry/branch-Add-Student\u0027s-Sex","messageBody":"Branch add student\u0027s sex","fileTypesAndContributionMap":{}},{"hash":"da9eb4057aceb43a0186e8fa62cc9f8861c3f983","isMergeCommit":true,"messageTitle":"Merge branch \u0027master\u0027 into branch-Add-Student\u0027s-Class","messageBody":"","fileTypesAndContributionMap":{}},{"hash":"387eb7c72261c7eedb555e2a48d74e1f8e32c1d7","isMergeCommit":false,"messageTitle":"Add student\u0027s class into attributes of a person","messageBody":"","fileTypesAndContributionMap":{"functional-code":{"insertions":164,"deletions":22},"test-code":{"insertions":280,"deletions":66}}}]},{"date":"2024-10-10","commitResults":[{"hash":"956477d269657abe6a5515baa6a0f27666687c62","isMergeCommit":false,"messageTitle":"Add label to show student class","messageBody":"","fileTypesAndContributionMap":{"functional-code":{"insertions":1,"deletions":0}}},{"hash":"1d87da93d8751ec49ca102f5653b4665ab165688","isMergeCommit":false,"messageTitle":"Reorder lines in CliSyntax","messageBody":"","fileTypesAndContributionMap":{"functional-code":{"insertions":1,"deletions":1}}},{"hash":"d4a6333028c182c2efd452f2ff4c09de0e461e3d","isMergeCommit":false,"messageTitle":"Update json property name","messageBody":"","fileTypesAndContributionMap":{"functional-code":{"insertions":1,"deletions":1}}},{"hash":"28d8c76a0df74046d36350215969afec2243e83c","isMergeCommit":true,"messageTitle":"Merge pull request #56 from Tanziyanghenry/branch-Update-DG-Case-Numbering","messageBody":"Update DG: Use case numbering UC11","fileTypesAndContributionMap":{}}]}],"jason-chuah":[{"date":"2024-10-03","commitResults":[{"hash":"ac16bf089afbfd3e10e728b52b770ed1e5fb4e8e","isMergeCommit":false,"messageTitle":"Update Jason\u0027s details","messageBody":"","fileTypesAndContributionMap":{"docs":{"insertions":4,"deletions":5}}},{"hash":"07ac9011a6e86b7196233991f629d0644a6dfb16","isMergeCommit":true,"messageTitle":"Merge pull request #27 from gohqingkhang/branch-AboutUs","messageBody":"Update Qing Khang\u0027s details","fileTypesAndContributionMap":{}},{"hash":"c53eeae8edc1444b55c805d2daec18dc615f5bc6","isMergeCommit":true,"messageTitle":"Merge pull request #30 from Shruthiiii03/branch-secondUpdate","messageBody":"Updated branch-update","fileTypesAndContributionMap":{}}]},{"date":"2024-10-04","commitResults":[{"hash":"82e8f62de8a70001e13891a362970a5d6efe0550","isMergeCommit":false,"messageTitle":"Update NFRs in DG","messageBody":"","fileTypesAndContributionMap":{"docs":{"insertions":15,"deletions":2}}}]}],"Shruthiiii03":[{"date":"2024-10-03","commitResults":[{"hash":"d2bf1cae6779b7e6f20230fd1cea9ba2328f638d","isMergeCommit":false,"messageTitle":"branch-Update","messageBody":"","fileTypesAndContributionMap":{"docs":{"insertions":4,"deletions":4}}},{"hash":"30269ffc91d07a61334b773cb455f54ed7fd3e24","isMergeCommit":true,"messageTitle":"Merge pull request #26 from jason-chuah/branch-AboutUs","messageBody":"Update Jason\u0027s details","fileTypesAndContributionMap":{}},{"hash":"b5a257642ef8aebfbb0457455de0733400191a77","isMergeCommit":false,"messageTitle":"Updated update branch","messageBody":"","fileTypesAndContributionMap":{"docs":{"insertions":2,"deletions":2}}}]},{"date":"2024-10-06","commitResults":[{"hash":"31b7f194c7515ceb7271bb1d2106513d3c27bfaf","isMergeCommit":false,"messageTitle":"Add Use Cases for current product features","messageBody":"","fileTypesAndContributionMap":{"docs":{"insertions":334,"deletions":11}}},{"hash":"1146ee847c8fe02992f5656f9e540bcf3324d1d7","isMergeCommit":false,"messageTitle":"Update the DG Use Cases regarding PR comments","messageBody":"","fileTypesAndContributionMap":{"docs":{"insertions":110,"deletions":134}}},{"hash":"6854bababad1123b5ac733ce885dda2fa90afc56","isMergeCommit":false,"messageTitle":"Fix alignment issues for Use Cases","messageBody":"","fileTypesAndContributionMap":{"docs":{"insertions":40,"deletions":0}}}]}],"BunnyHoppp":[{"date":"2024-10-03","commitResults":[{"hash":"7c3abd3e854fe739aa11218a714dc6047cccab9e","isMergeCommit":false,"messageTitle":"Update Wei Loon\u0027s Details","messageBody":"","fileTypesAndContributionMap":{"docs":{"insertions":6,"deletions":6}}},{"hash":"10ec49a3545401d23095a2e1a2708a605c8870fb","isMergeCommit":true,"messageTitle":"Merge branch \u0027master\u0027 into branch-Update-AboutUs","messageBody":"","fileTypesAndContributionMap":{}},{"hash":"784e0fbe6d0f79ea8cd0c0c6c3b9d2a41770675a","isMergeCommit":true,"messageTitle":"Merge pull request #29 from Tanziyanghenry/branch-Update-AboutUs","messageBody":"Update Henry\u0027s details","fileTypesAndContributionMap":{}}]},{"date":"2024-10-05","commitResults":[{"hash":"e46ecfd65aa3c8e1f7b898fd4b6881f7a445e518","isMergeCommit":false,"messageTitle":"Update site-wide settings","messageBody":"Change name of product to StudentManagerPro throughout website\n\nRemove Tutorial section as it is irrelevant to our product\n\nAdd some subsections for requirements like use cases and user stories\n","fileTypesAndContributionMap":{"docs":{"insertions":15,"deletions":12}}},{"hash":"2a91431a949b36fd2bb8e1a3372d80ba067a8919","isMergeCommit":true,"messageTitle":"Merge pull request #39 from jason-chuah/branch-NFR","messageBody":"Update the DG: Non-Functional Requirements","fileTypesAndContributionMap":{}},{"hash":"b278c96039fb0c4a05dd0e0b7a342818524fcdc3","isMergeCommit":false,"messageTitle":"Update docs/_markbind/layouts/default.md","messageBody":"Co-authored-by: gohqingkhang \u003c143182152+gohqingkhang@users.noreply.github.com\u003e","fileTypesAndContributionMap":{"docs":{"insertions":5,"deletions":5}}},{"hash":"50a8e18e2832cb3a31d7af4c57a34b2aa7cac255","isMergeCommit":false,"messageTitle":"Update docs/index.md","messageBody":"Co-authored-by: gohqingkhang \u003c143182152+gohqingkhang@users.noreply.github.com\u003e","fileTypesAndContributionMap":{"docs":{"insertions":2,"deletions":2}}},{"hash":"74933988f56bd20eebe1d2399e92215cca293651","isMergeCommit":false,"messageTitle":"Update website link in default.md","messageBody":"","fileTypesAndContributionMap":{"docs":{"insertions":1,"deletions":1}}},{"hash":"56b6459bc8b76e0565622c871e0de32ef7854850","isMergeCommit":true,"messageTitle":"Merge branch \u0027master\u0027 of https://github.com/AY2425S1-CS2103-F12-4/tp into branch-UpdateSiteWideSettings","messageBody":"","fileTypesAndContributionMap":{}},{"hash":"de7eee389ea246d85317d77bdfb310c16189523d","isMergeCommit":true,"messageTitle":"Merge branch \u0027branch-UpdateSiteWideSettings\u0027 of https://github.com/BunnyHoppp/tp into branch-UpdateSiteWideSettings","messageBody":"","fileTypesAndContributionMap":{}}]},{"date":"2024-10-06","commitResults":[{"hash":"c0f1284e74dbe1140d47862282a2851d83e4ed0f","isMergeCommit":false,"messageTitle":"Fix bug where non-functional requirements tab is not shown","messageBody":"","fileTypesAndContributionMap":{"docs":{"insertions":1,"deletions":1}}}]}],"Tanziyanghenry":[{"date":"2024-10-03","commitResults":[{"hash":"f91e5ca1f2adac88186fd8eb33926e4a77bb2632","isMergeCommit":false,"messageTitle":"Add AboutUs","messageBody":"","fileTypesAndContributionMap":{"docs":{"insertions":5,"deletions":5}}},{"hash":"043000f05e07c9fcbcfc7b67fc0c812e0c7e5f9c","isMergeCommit":true,"messageTitle":"Merge pull request #25 from Shruthiiii03/branch-Update","messageBody":"Update Shruthi\u0027s details","fileTypesAndContributionMap":{}}]},{"date":"2024-10-05","commitResults":[{"hash":"1f3b511635243429822bd100e0cbc26e92c23c58","isMergeCommit":true,"messageTitle":"Merge pull request #37 from gohqingkhang/branch-Update-README","messageBody":"Branch update readme","fileTypesAndContributionMap":{}}]},{"date":"2024-10-06","commitResults":[{"hash":"f8951a7e54eac467f23949d998451164e91dd087","isMergeCommit":true,"messageTitle":"Merge pull request #38 from gohqingkhang/branch-Update-DG-UserStories","messageBody":"Branch update dg user stories","fileTypesAndContributionMap":{}},{"hash":"681fcbcfc2157ab211fe945731d39a6c2b0a6a28","isMergeCommit":false,"messageTitle":"Update glossary","messageBody":"","fileTypesAndContributionMap":{"docs":{"insertions":8,"deletions":1}}}]},{"date":"2024-10-09","commitResults":[{"hash":"1926bf7b32299d2a27b52a67fc862cf90599d1ed","isMergeCommit":false,"messageTitle":"Add Student\u0027s Sex","messageBody":"","fileTypesAndContributionMap":{"functional-code":{"insertions":155,"deletions":18}}},{"hash":"5cbcf341a2a88c97f13a5cf36a5f85b53bc36407","isMergeCommit":false,"messageTitle":"Update compileTestJava","messageBody":"","fileTypesAndContributionMap":{"test-code":{"insertions":248,"deletions":58}}},{"hash":"afe4e9d852781281a411807cbb92a9a319bd2fbb","isMergeCommit":false,"messageTitle":"Update src/test/java/seedu/address/model/person/SexTest.java","messageBody":"Co-authored-by: gohqingkhang \u003c143182152+gohqingkhang@users.noreply.github.com\u003e","fileTypesAndContributionMap":{"test-code":{"insertions":1,"deletions":1}}},{"hash":"53e1de50279de39d95942686d221f432951ec0b4","isMergeCommit":false,"messageTitle":"Update src/test/java/seedu/address/model/person/SexTest.java","messageBody":"Co-authored-by: gohqingkhang \u003c143182152+gohqingkhang@users.noreply.github.com\u003e","fileTypesAndContributionMap":{"test-code":{"insertions":1,"deletions":1}}},{"hash":"bed6662f94722823289e3b627b1ae1fa1937b0e1","isMergeCommit":false,"messageTitle":"Update src/test/java/seedu/address/model/person/SexTest.java","messageBody":"Co-authored-by: gohqingkhang \u003c143182152+gohqingkhang@users.noreply.github.com\u003e","fileTypesAndContributionMap":{"test-code":{"insertions":1,"deletions":1}}},{"hash":"20cf0e7a563760f5b9974bd4840d4bd39281092d","isMergeCommit":false,"messageTitle":"Update src/test/java/seedu/address/logic/parser/AddCommandParserTest.java","messageBody":"Co-authored-by: gohqingkhang \u003c143182152+gohqingkhang@users.noreply.github.com\u003e","fileTypesAndContributionMap":{"test-code":{"insertions":1,"deletions":1}}}]},{"date":"2024-10-10","commitResults":[{"hash":"280b9d8ffedde96674d78b74b8738484d635c79b","isMergeCommit":true,"messageTitle":"Merge pull request #55 from gohqingkhang/branch-Add-Student\u0027s-Class","messageBody":"Branch add student\u0027s class","fileTypesAndContributionMap":{}},{"hash":"2f76f5963140fd7d8128fd6893f93e33637522f2","isMergeCommit":false,"messageTitle":"Update DG by changing case numbering","messageBody":"","fileTypesAndContributionMap":{"docs":{"insertions":2,"deletions":2}}}]}]},"authorFileTypeContributionMap":{"gohqingkhang":{"docs":41,"functional-code":164,"test-code":277},"jason-chuah":{"docs":19,"functional-code":0,"test-code":0},"Shruthiiii03":{"docs":325,"functional-code":0,"test-code":0},"BunnyHoppp":{"docs":25,"functional-code":0,"test-code":0},"Tanziyanghenry":{"docs":15,"functional-code":136,"test-code":191}},"authorContributionVariance":{"gohqingkhang":12826.236,"jason-chuah":16.086164,"Shruthiiii03":17915.2,"BunnyHoppp":87.72788,"Tanziyanghenry":10713.348},"authorDisplayNameMap":{"gohqingkhang":"CS2103-F12-4 GOH ..HANG","jason-chuah":"CS2103-F12-4 CHUA.. HEE","Shruthiiii03":"CS2103-F12-4 MURA..UTHI","BunnyHoppp":"CS2103-F12-4 TENG..LOON","Tanziyanghenry":"CS2103-F12-4 TAN ..ENRY"}}
