{"authorDailyContributionsMap":{"gohqingkhang":[{"date":"2024-10-03","commitResults":[{"hash":"47af90cdfaaeef1dd7abdfcdf26156f2ea8b6f75","isMergeCommit":false,"messageTitle":"Add my details to AboutUs","messageBody":"","fileTypesAndContributionMap":{"docs":{"insertions":3,"deletions":3}}},{"hash":"2e42cfa01c4a084d81a324cdd29af5842dbaebe5","isMergeCommit":true,"messageTitle":"Merge pull request #28 from BunnyHoppp/branch-AboutUs","messageBody":"Update Wei Loon\u0027s Details","fileTypesAndContributionMap":{}}]},{"date":"2024-10-04","commitResults":[{"hash":"3fa73767e7bd019b278681660cfab1abbd711a6c","isMergeCommit":false,"messageTitle":"Update README to match tp project","messageBody":"","fileTypesAndContributionMap":{"docs":{"insertions":7,"deletions":11}}},{"hash":"5275f028f53bf3c71a2ff1f2c78664f858226c21","isMergeCommit":false,"messageTitle":"Edit README according to checkstyle","messageBody":"","fileTypesAndContributionMap":{"docs":{"insertions":1,"deletions":1}}},{"hash":"298d247be7b16c2f453dd84e69391bafdbefbd24","isMergeCommit":false,"messageTitle":"Update UserStories in DG","messageBody":"","fileTypesAndContributionMap":{"docs":{"insertions":32,"deletions":11}}}]},{"date":"2024-10-05","commitResults":[{"hash":"ee1e994af6adbd991bfd1a92072a7c0f619fc378","isMergeCommit":true,"messageTitle":"Merge pull request #41 from BunnyHoppp/branch-UpdateSiteWideSettings","messageBody":"Update site-wide settings","fileTypesAndContributionMap":{}}]},{"date":"2024-10-06","commitResults":[{"hash":"988df97becf82a768c793c60abbe6430658ce33d","isMergeCommit":false,"messageTitle":"Amend user story","messageBody":"","fileTypesAndContributionMap":{"docs":{"insertions":1,"deletions":1}}},{"hash":"f3acfc2fb77bb4b53f0254118cb898c5a387283d","isMergeCommit":false,"messageTitle":"Amend user story","messageBody":"","fileTypesAndContributionMap":{"docs":{"insertions":1,"deletions":1}}},{"hash":"7fb063bab768f43443475bfc1312b6f7562b14bc","isMergeCommit":true,"messageTitle":"Merge pull request #44 from BunnyHoppp/branch-FixSiteWideSettingsBug","messageBody":"Fix bug where non-functional requirements tab is not shown","fileTypesAndContributionMap":{}},{"hash":"e186d16fe4ee9c3221b297c457721fd08f563118","isMergeCommit":true,"messageTitle":"Merge pull request #43 from Tanziyanghenry/branch-Add-Glossary","messageBody":"Update DG: Add Glossary","fileTypesAndContributionMap":{}},{"hash":"20972a24040071f485963897cd5daf9fef50b44a","isMergeCommit":true,"messageTitle":"Merge pull request #42 from Shruthiiii03/branch-Use-Cases","messageBody":"Update DG : Add Use Cases","fileTypesAndContributionMap":{}}]},{"date":"2024-10-09","commitResults":[{"hash":"35ebc063bf088101f6e1e48d71e11204686ab0fe","isMergeCommit":true,"messageTitle":"Merge pull request #53 from Tanziyanghenry/branch-Add-Student\u0027s-Sex","messageBody":"Branch add student\u0027s sex","fileTypesAndContributionMap":{}},{"hash":"da9eb4057aceb43a0186e8fa62cc9f8861c3f983","isMergeCommit":true,"messageTitle":"Merge branch \u0027master\u0027 into branch-Add-Student\u0027s-Class","messageBody":"","fileTypesAndContributionMap":{}},{"hash":"387eb7c72261c7eedb555e2a48d74e1f8e32c1d7","isMergeCommit":false,"messageTitle":"Add student\u0027s class into attributes of a person","messageBody":"","fileTypesAndContributionMap":{"functional-code":{"insertions":164,"deletions":22},"test-code":{"insertions":280,"deletions":66}}}]},{"date":"2024-10-10","commitResults":[{"hash":"956477d269657abe6a5515baa6a0f27666687c62","isMergeCommit":false,"messageTitle":"Add label to show student class","messageBody":"","fileTypesAndContributionMap":{"functional-code":{"insertions":1,"deletions":0}}},{"hash":"1d87da93d8751ec49ca102f5653b4665ab165688","isMergeCommit":false,"messageTitle":"Reorder lines in CliSyntax","messageBody":"","fileTypesAndContributionMap":{"functional-code":{"insertions":1,"deletions":1}}},{"hash":"d4a6333028c182c2efd452f2ff4c09de0e461e3d","isMergeCommit":false,"messageTitle":"Update json property name","messageBody":"","fileTypesAndContributionMap":{"functional-code":{"insertions":1,"deletions":1}}},{"hash":"28d8c76a0df74046d36350215969afec2243e83c","isMergeCommit":true,"messageTitle":"Merge pull request #56 from Tanziyanghenry/branch-Update-DG-Case-Numbering","messageBody":"Update DG: Use case numbering UC11","fileTypesAndContributionMap":{}},{"hash":"bba10b8ac054c9ee6848be6d764206ffebe460f6","isMergeCommit":false,"messageTitle":"Update DG with MVP: Add student\u0027s class","messageBody":"","fileTypesAndContributionMap":{"docs":{"insertions":7,"deletions":7}}},{"hash":"445448063be3e8cd6f3b5e666afdeb288423bc0c","isMergeCommit":true,"messageTitle":"Merge branch \u0027master\u0027 into branch-AddRegisterNo","messageBody":"","fileTypesAndContributionMap":{}},{"hash":"ea996036bd059e032d08eb752e4f187892e413b5","isMergeCommit":false,"messageTitle":"Update AddCommandParserTest.java","messageBody":"","fileTypesAndContributionMap":{"test-code":{"insertions":11,"deletions":11}}},{"hash":"630785c6559f20699ebd5b62926b3b01310c462a","isMergeCommit":false,"messageTitle":"Update PersonTest.java","messageBody":"","fileTypesAndContributionMap":{"test-code":{"insertions":1,"deletions":1}}},{"hash":"68a8fe6b2ff49de3ba8cf0afd72e9d88bf8dcdb8","isMergeCommit":false,"messageTitle":"Update EditCommand.java","messageBody":"","fileTypesAndContributionMap":{"functional-code":{"insertions":1,"deletions":1}}},{"hash":"4e5d77a7a81b52326ad4bfe940b2f103cfb98ece","isMergeCommit":false,"messageTitle":"Update Person.java","messageBody":"","fileTypesAndContributionMap":{"functional-code":{"insertions":1,"deletions":1}}},{"hash":"5c956d822ce6c42dd04a59156cc6f93beb85e5d5","isMergeCommit":false,"messageTitle":"Update JsonAdaptedPerson.java","messageBody":"","fileTypesAndContributionMap":{"functional-code":{"insertions":1,"deletions":1}}},{"hash":"b3ae4e707f4fc1ac6ab4837bda4bcd912d8af7ad","isMergeCommit":false,"messageTitle":"Update JsonAdaptedPerson.java","messageBody":"","fileTypesAndContributionMap":{"functional-code":{"insertions":1,"deletions":1}}},{"hash":"c1e9623602f2813ffbe61adb737015d6f5ca5dde","isMergeCommit":false,"messageTitle":"Update JsonAdaptedPersonTest.java","messageBody":"","fileTypesAndContributionMap":{"test-code":{"insertions":1,"deletions":1}}},{"hash":"189e256dfd4ad543d984866c9c117c9966d81b95","isMergeCommit":false,"messageTitle":"Update JsonAdaptedPersonTest.java","messageBody":"","fileTypesAndContributionMap":{"test-code":{"insertions":3,"deletions":3}}},{"hash":"5b981fb5be575728cda1edc9058e06882cd0868b","isMergeCommit":true,"messageTitle":"Merge branch \u0027master\u0027 into branch-AddRegisterNo","messageBody":"","fileTypesAndContributionMap":{}},{"hash":"dda23145573c5a5475bd0cba918d4fa6759f6f73","isMergeCommit":false,"messageTitle":"Update CommandTestUtil.java","messageBody":"","fileTypesAndContributionMap":{"test-code":{"insertions":2,"deletions":2}}},{"hash":"f96f1f7d2fa66d91a24616f73ed48557f41f0766","isMergeCommit":false,"messageTitle":"Update EditPersonDescriptorTest.java","messageBody":"","fileTypesAndContributionMap":{"test-code":{"insertions":1,"deletions":1}}},{"hash":"8b5a3b4eafaac22fd66b8d0ecadeadd6b54bd746","isMergeCommit":false,"messageTitle":"Update AddCommandParserTest.java","messageBody":"","fileTypesAndContributionMap":{"test-code":{"insertions":3,"deletions":3}}},{"hash":"21eeb00c87ca9d48d8f606f1300d8585c991ed8a","isMergeCommit":false,"messageTitle":"Update EditCommandParserTest.java","messageBody":"","fileTypesAndContributionMap":{"test-code":{"insertions":2,"deletions":2}}},{"hash":"878cc88f0f471887cbe7c7e3c8958621345afbd0","isMergeCommit":false,"messageTitle":"Update PersonTest.java","messageBody":"","fileTypesAndContributionMap":{"test-code":{"insertions":1,"deletions":1}}},{"hash":"14b1cf428ae53727a00cc693ed7e54a2e5f94f08","isMergeCommit":false,"messageTitle":"Update TypicalPersons.java","messageBody":"","fileTypesAndContributionMap":{"test-code":{"insertions":3,"deletions":3}}},{"hash":"e59dc5ae6694d448a92f17fd6c44220f2b67db1d","isMergeCommit":false,"messageTitle":"Update AddCommandParserTest.java","messageBody":"","fileTypesAndContributionMap":{"test-code":{"insertions":3,"deletions":3}}},{"hash":"881150b86b5fd19958cd53d095c5317f0f476fa3","isMergeCommit":false,"messageTitle":"Update AddCommandParserTest.java","messageBody":"","fileTypesAndContributionMap":{"test-code":{"insertions":1,"deletions":1}}},{"hash":"604d5cb20fd7aebd3f9387f93d98d774e5786759","isMergeCommit":false,"messageTitle":"Update EditCommandParserTest.java","messageBody":"","fileTypesAndContributionMap":{"test-code":{"insertions":1,"deletions":1}}},{"hash":"ed37f8353fe0158a113c6f844f35029d6fe7a99b","isMergeCommit":false,"messageTitle":"Update TypicalPersons.java","messageBody":"","fileTypesAndContributionMap":{"test-code":{"insertions":5,"deletions":5}}},{"hash":"2fcfca90b66bb8ff39aa3564968cc48c1ba6dc1a","isMergeCommit":false,"messageTitle":"Update AddCommandParserTest.java","messageBody":"","fileTypesAndContributionMap":{"test-code":{"insertions":2,"deletions":2}}},{"hash":"f481f0c413c2a60e020ba30dcae7341ec6dbdca3","isMergeCommit":false,"messageTitle":"Update EditCommandParserTest.java","messageBody":"","fileTypesAndContributionMap":{"test-code":{"insertions":1,"deletions":1}}},{"hash":"5f95a3c6fff7c51ab22d43e71240f2b26317e744","isMergeCommit":false,"messageTitle":"Update TypicalPersons.java","messageBody":"","fileTypesAndContributionMap":{"test-code":{"insertions":1,"deletions":1}}},{"hash":"82f590e3456850077c0881eb64b698b0a4ec60b3","isMergeCommit":false,"messageTitle":"Update AddCommandParserTest.java","messageBody":"","fileTypesAndContributionMap":{"test-code":{"insertions":7,"deletions":7}}},{"hash":"789e159ad8cdbdb5f569362bfdae8bfe752251dc","isMergeCommit":true,"messageTitle":"Merge pull request #54 from jason-chuah/branch-AddRegisterNo","messageBody":"Add student\u0027s register number","fileTypesAndContributionMap":{}}]},{"date":"2024-10-11","commitResults":[{"hash":"494e7266f3ae7172481e818e324008f50abc04dd","isMergeCommit":false,"messageTitle":"Resolve error in PersonListCard","messageBody":"","fileTypesAndContributionMap":{"functional-code":{"insertions":3,"deletions":3}}}]},{"date":"2024-10-15","commitResults":[{"hash":"3e0ebc814bde1d0f2172151f167b1179015fdfb4","isMergeCommit":false,"messageTitle":"Edit UG to include Add Student\u0027s Class functionality","messageBody":"","fileTypesAndContributionMap":{"docs":{"insertions":14,"deletions":14}}},{"hash":"7036d7e198d7250b10cc6a48473cdbe79d50a2bd","isMergeCommit":true,"messageTitle":"Merge pull request #67 from Tanziyanghenry/branch-Update-UG-Student\u0027s-Sex","messageBody":"Edit UG to include Add Student\u0027s Sex functionality","fileTypesAndContributionMap":{}}]},{"date":"2024-10-17","commitResults":[{"hash":"ba43d1b20d620563feffca5dac0f7b72b10149ff","isMergeCommit":true,"messageTitle":"Merge pull request #68 from Shruthiiii03/branch-EmergencyNameCommand","messageBody":"Complete Emergency Contact Name functionality","tags":["v1.3"],"fileTypesAndContributionMap":{}},{"hash":"951bde3ddd996e0f0d153134663bafa4259caf53","isMergeCommit":false,"messageTitle":"Amend code to standardize","messageBody":"","fileTypesAndContributionMap":{"functional-code":{"insertions":76,"deletions":76},"other":{"insertions":192,"deletions":193},"docs":{"insertions":5,"deletions":5},"test-code":{"insertions":206,"deletions":203}}}]},{"date":"2024-10-18","commitResults":[{"hash":"f85f51827d6f29dab8b186beb507263a356d895e","isMergeCommit":false,"messageTitle":"Amend code to pass tests","messageBody":"","fileTypesAndContributionMap":{"functional-code":{"insertions":3,"deletions":4},"test-code":{"insertions":9,"deletions":9}}},{"hash":"8ab33c619879acb22df47ef388e0880f10bc0a85","isMergeCommit":false,"messageTitle":"Update UG for addECName and addECNumber","messageBody":"","fileTypesAndContributionMap":{"docs":{"insertions":13,"deletions":13}}}]},{"date":"2024-10-21","commitResults":[{"hash":"4789cfdc74e313ec88d0b29a4d70e328bc29f7b6","isMergeCommit":false,"messageTitle":"Update src/main/java/seedu/address/logic/commands/AddEcNumberCommand.java","messageBody":"Co-authored-by: Tanziyanghenry \u003c142252801+Tanziyanghenry@users.noreply.github.com\u003e","fileTypesAndContributionMap":{"functional-code":{"insertions":1,"deletions":1}}},{"hash":"d1ab971ddef5f644719c8b892570e96c003ee2ed","isMergeCommit":false,"messageTitle":"Update src/main/java/seedu/address/logic/commands/AddEcNameCommand.java","messageBody":"Co-authored-by: Tanziyanghenry \u003c142252801+Tanziyanghenry@users.noreply.github.com\u003e","fileTypesAndContributionMap":{"functional-code":{"insertions":1,"deletions":1}}},{"hash":"8eba06985b2e1e0ad62a4cb4160feb9723878c9b","isMergeCommit":false,"messageTitle":"Update docs/UserGuide.md","messageBody":"Co-authored-by: Tanziyanghenry \u003c142252801+Tanziyanghenry@users.noreply.github.com\u003e","fileTypesAndContributionMap":{"docs":{"insertions":1,"deletions":1}}},{"hash":"934656fb8779f7162419853b838707be5e3da541","isMergeCommit":false,"messageTitle":"Update docs/UserGuide.md","messageBody":"Co-authored-by: Tanziyanghenry \u003c142252801+Tanziyanghenry@users.noreply.github.com\u003e","fileTypesAndContributionMap":{"docs":{"insertions":1,"deletions":1}}},{"hash":"0b49c071b9ec40f8cbe9393e4ebdcacbba371306","isMergeCommit":false,"messageTitle":"Update docs/UserGuide.md","messageBody":"Co-authored-by: Tanziyanghenry \u003c142252801+Tanziyanghenry@users.noreply.github.com\u003e","fileTypesAndContributionMap":{"docs":{"insertions":1,"deletions":1}}},{"hash":"eab959da6e4ad80ceacc0175c25ef473eeeb664b","isMergeCommit":false,"messageTitle":"Update docs/UserGuide.md","messageBody":"Co-authored-by: Tanziyanghenry \u003c142252801+Tanziyanghenry@users.noreply.github.com\u003e","fileTypesAndContributionMap":{"docs":{"insertions":1,"deletions":1}}},{"hash":"006f4bbd0dce221219edcd2a191dce1d659cfc1c","isMergeCommit":false,"messageTitle":"Update docs/UserGuide.md","messageBody":"Co-authored-by: Tanziyanghenry \u003c142252801+Tanziyanghenry@users.noreply.github.com\u003e","fileTypesAndContributionMap":{"docs":{"insertions":1,"deletions":1}}},{"hash":"6b940bb5fd3fd74c55c3ef677e783f2962cc6906","isMergeCommit":false,"messageTitle":"Update docs/UserGuide.md","messageBody":"Co-authored-by: Tanziyanghenry \u003c142252801+Tanziyanghenry@users.noreply.github.com\u003e","fileTypesAndContributionMap":{"docs":{"insertions":1,"deletions":1}}},{"hash":"0b59d8f2312e444240d3166be52a90bda01f7fed","isMergeCommit":false,"messageTitle":"Update docs/UserGuide.md","messageBody":"Co-authored-by: Tanziyanghenry \u003c142252801+Tanziyanghenry@users.noreply.github.com\u003e","fileTypesAndContributionMap":{"docs":{"insertions":1,"deletions":1}}},{"hash":"b7229912e36c8e3ec0411a2015b6817cff6ca987","isMergeCommit":false,"messageTitle":"Update docs/UserGuide.md","messageBody":"Co-authored-by: Tanziyanghenry \u003c142252801+Tanziyanghenry@users.noreply.github.com\u003e","fileTypesAndContributionMap":{"docs":{"insertions":1,"deletions":1}}},{"hash":"c0b1b61386b304e831c8da75041e2c1e74c3f0ef","isMergeCommit":false,"messageTitle":"Update docs/UserGuide.md","messageBody":"Co-authored-by: Tanziyanghenry \u003c142252801+Tanziyanghenry@users.noreply.github.com\u003e","fileTypesAndContributionMap":{"docs":{"insertions":1,"deletions":1}}}]},{"date":"2024-10-23","commitResults":[{"hash":"607fc8a13e0adcdd3ae2e2aba9442abb795ebcb2","isMergeCommit":false,"messageTitle":"Add addSubmission functionality","messageBody":"","fileTypesAndContributionMap":{"functional-code":{"insertions":519,"deletions":14}}},{"hash":"db278a78681a18e229bc50764a4ffb6a8bc30e33","isMergeCommit":false,"messageTitle":"Add tests for AddSubmission functionality","messageBody":"","fileTypesAndContributionMap":{"functional-code":{"insertions":20,"deletions":20},"test-code":{"insertions":450,"deletions":35}}},{"hash":"ff828c120b13c8ab6d83934f843ad1f35736c5ec","isMergeCommit":false,"messageTitle":"Update user guide","messageBody":"","fileTypesAndContributionMap":{"docs":{"insertions":35,"deletions":2}}},{"hash":"061d2639db8a4dedbdffab1f4a521f74dd94e00f","isMergeCommit":false,"messageTitle":"Add ui for submissions","messageBody":"","fileTypesAndContributionMap":{"functional-code":{"insertions":51,"deletions":11}}},{"hash":"2d18e32f369d8f5a6792f9ea0f2f7ce8dfd6cd3e","isMergeCommit":false,"messageTitle":"Amend UG for checkstyle","messageBody":"","fileTypesAndContributionMap":{"docs":{"insertions":1,"deletions":1}}},{"hash":"25e0f1f7e53031f1c1aa8d534b6aae6679828281","isMergeCommit":false,"messageTitle":"Amend files for checkstyle","messageBody":"","fileTypesAndContributionMap":{"functional-code":{"insertions":1,"deletions":1},"docs":{"insertions":7,"deletions":7}}}]},{"date":"2024-10-24","commitResults":[{"hash":"18ae498342ac407d7169c892cc0abcd5ba78cbad","isMergeCommit":true,"messageTitle":"Merge pull request #89 from Tanziyanghenry/branch-Add-Attendance-Functionality","messageBody":"Add attendance functionality","fileTypesAndContributionMap":{}},{"hash":"636130c7adfc50032977d00b8bed666dc6a6abf1","isMergeCommit":false,"messageTitle":"Add assertion for run","messageBody":"","fileTypesAndContributionMap":{"other":{"insertions":4,"deletions":0}}},{"hash":"e6244ceeb2c962ec20cd81a4d47f002d6d7122f4","isMergeCommit":true,"messageTitle":"Merge pull request #85 from Shruthiiii03/branch-filterCommand","messageBody":"Branch filter command","fileTypesAndContributionMap":{}},{"hash":"4823dda1b53c7a29420f7ddb42f678a50ea6c9c4","isMergeCommit":true,"messageTitle":"Merge branch \u0027master\u0027 into branch-Add-Submission","messageBody":"# Conflicts:\n#\tdocs/UserGuide.md\n#\tsrc/main/java/seedu/address/logic/commands/AddEcNameCommand.java\n#\tsrc/main/java/seedu/address/logic/commands/AddEcNumberCommand.java\n#\tsrc/main/java/seedu/address/logic/commands/EditCommand.java\n#\tsrc/main/java/seedu/address/logic/parser/AddCommandParser.java\n#\tsrc/main/java/seedu/address/logic/parser/AddressBookParser.java\n#\tsrc/main/java/seedu/address/logic/parser/CliSyntax.java\n#\tsrc/main/java/seedu/address/logic/parser/ParserUtil.java\n#\tsrc/main/java/seedu/address/model/person/Person.java\n#\tsrc/main/java/seedu/address/model/util/SampleDataUtil.java\n#\tsrc/main/java/seedu/address/storage/JsonAdaptedPerson.java\n#\tsrc/main/java/seedu/address/ui/PersonCard.java\n#\tsrc/main/resources/view/PersonListCard.fxml\n#\tsrc/test/data/JsonSerializableAddressBookTest/typicalPersonsAddressBook.json\n#\tsrc/test/java/seedu/address/logic/commands/CommandTestUtil.java\n#\tsrc/test/java/seedu/address/model/person/PersonTest.java\n#\tsrc/test/java/seedu/address/storage/JsonAdaptedPersonTest.java\n#\tsrc/test/java/seedu/address/testutil/PersonBuilder.java\n#\tsrc/test/java/seedu/address/testutil/TypicalPersons.java\n","fileTypesAndContributionMap":{}},{"hash":"5a60b18dac7d2b3dcab5ea7c24d7680c49e5e5b2","isMergeCommit":false,"messageTitle":"Edit file name for css","messageBody":"","fileTypesAndContributionMap":{"functional-code":{"insertions":3,"deletions":3}}},{"hash":"e3b659525ec74a9c1342b1160e8450bb92f488d3","isMergeCommit":false,"messageTitle":"Update UG","messageBody":"","fileTypesAndContributionMap":{"docs":{"insertions":47,"deletions":53}}},{"hash":"fc1c202adc3605733ee0e2a4f8e79a21d1e63f52","isMergeCommit":true,"messageTitle":"Merge pull request #91 from BunnyHoppp/branch-SortCommand","messageBody":"Branch sort command","tags":["v1.4"],"fileTypesAndContributionMap":{}}]},{"date":"2024-10-25","commitResults":[{"hash":"5d8c0dabfc6c383dd779c65a82916501f6f293ad","isMergeCommit":false,"messageTitle":"Add studentClass into DG UML","messageBody":"","fileTypesAndContributionMap":{"docs":{"insertions":3,"deletions":0}}},{"hash":"08a5a4a53ce0c367ee79e678dd071cb777a475c4","isMergeCommit":false,"messageTitle":"Update UG for submission status","messageBody":"","fileTypesAndContributionMap":{"docs":{"insertions":3,"deletions":3}}},{"hash":"5f3061048476299ada30d04b1a7d987d48d1307e","isMergeCommit":false,"messageTitle":"Update UG for submission status in summary","messageBody":"","fileTypesAndContributionMap":{"docs":{"insertions":2,"deletions":2}}},{"hash":"6d592e5fd3ecf31a6526a3e785d4b9fa0861a0cd","isMergeCommit":false,"messageTitle":"Update docs/diagrams/ModelClassDiagram.puml","messageBody":"Co-authored-by: Tanziyanghenry \u003c142252801+Tanziyanghenry@users.noreply.github.com\u003e","fileTypesAndContributionMap":{"docs":{"insertions":1,"deletions":1}}},{"hash":"5176c43e2134e6a2864cc25440a883aba57217fc","isMergeCommit":false,"messageTitle":"Update docs/diagrams/BetterModelClassDiagram.puml","messageBody":"Co-authored-by: Tanziyanghenry \u003c142252801+Tanziyanghenry@users.noreply.github.com\u003e","fileTypesAndContributionMap":{"docs":{"insertions":1,"deletions":1}}},{"hash":"cf4d764c87dfb690d30e54ce73078b96088569e9","isMergeCommit":false,"messageTitle":"Update docs/diagrams/ModelClassDiagram.puml","messageBody":"Co-authored-by: Tanziyanghenry \u003c142252801+Tanziyanghenry@users.noreply.github.com\u003e","fileTypesAndContributionMap":{"docs":{"insertions":1,"deletions":1}}}]},{"date":"2024-10-26","commitResults":[{"hash":"a37b830d4c613201826ba9ec4c2fbaddf8f03642","isMergeCommit":true,"messageTitle":"Merge pull request #98 from Tanziyanghenry/branch-AddSex-DG-UML","messageBody":"Add sex to UML","fileTypesAndContributionMap":{}}]}],"jason-chuah":[{"date":"2024-10-03","commitResults":[{"hash":"ac16bf089afbfd3e10e728b52b770ed1e5fb4e8e","isMergeCommit":false,"messageTitle":"Update Jason\u0027s details","messageBody":"","fileTypesAndContributionMap":{"docs":{"insertions":4,"deletions":5}}},{"hash":"07ac9011a6e86b7196233991f629d0644a6dfb16","isMergeCommit":true,"messageTitle":"Merge pull request #27 from gohqingkhang/branch-AboutUs","messageBody":"Update Qing Khang\u0027s details","fileTypesAndContributionMap":{}},{"hash":"c53eeae8edc1444b55c805d2daec18dc615f5bc6","isMergeCommit":true,"messageTitle":"Merge pull request #30 from Shruthiiii03/branch-secondUpdate","messageBody":"Updated branch-update","fileTypesAndContributionMap":{}}]},{"date":"2024-10-04","commitResults":[{"hash":"82e8f62de8a70001e13891a362970a5d6efe0550","isMergeCommit":false,"messageTitle":"Update NFRs in DG","messageBody":"","fileTypesAndContributionMap":{"docs":{"insertions":15,"deletions":2}}}]},{"date":"2024-10-09","commitResults":[{"hash":"4108593dea26af661cba5e37dea2381f7b595666","isMergeCommit":false,"messageTitle":"Add register number","messageBody":"","fileTypesAndContributionMap":{"functional-code":{"insertions":167,"deletions":30},"test-code":{"insertions":8,"deletions":8}}},{"hash":"57c2c355fcfce8beff9f13af6fdcfe43f91c1661","isMergeCommit":false,"messageTitle":"Update tests","messageBody":"","fileTypesAndContributionMap":{"test-code":{"insertions":269,"deletions":71}}},{"hash":"76dc3dfe0b5fc6c77c8ac30c45ee7550f75c8acc","isMergeCommit":false,"messageTitle":"Fix a small checkstyle error","messageBody":"","fileTypesAndContributionMap":{"functional-code":{"insertions":5,"deletions":1}}},{"hash":"1e2038a41633998bdeb230a3c0979c49607399f2","isMergeCommit":false,"messageTitle":"Fix more checkstyle errors","messageBody":"","fileTypesAndContributionMap":{"test-code":{"insertions":16,"deletions":6}}},{"hash":"bb2cdd800acea0229620599ec4e398f811b8fdaa","isMergeCommit":false,"messageTitle":"Fix some errors causing tests to fail","messageBody":"","fileTypesAndContributionMap":{"functional-code":{"insertions":3,"deletions":3}}},{"hash":"a92628175eab6126c4dd968d6d1f36e1722edd0f","isMergeCommit":true,"messageTitle":"Resolve conflicts","messageBody":"","fileTypesAndContributionMap":{}},{"hash":"92bd1bd81fa0f0d8751f2622963f72a543d481f0","isMergeCommit":false,"messageTitle":"Fix some small errors","messageBody":"","fileTypesAndContributionMap":{"test-code":{"insertions":3,"deletions":3}}},{"hash":"491ff034dca3c9ec33cd1486dc0895b6bdf8919e","isMergeCommit":false,"messageTitle":"Fix checkstyle error","messageBody":"","fileTypesAndContributionMap":{"test-code":{"insertions":1,"deletions":1}}}]},{"date":"2024-10-10","commitResults":[{"hash":"53cef22279ccbe6f4f36cfc6fe567946f96b6620","isMergeCommit":false,"messageTitle":"Update src/main/java/seedu/address/commons/core/Version.java","messageBody":"Co-authored-by: gohqingkhang \u003c143182152+gohqingkhang@users.noreply.github.com\u003e","fileTypesAndContributionMap":{"functional-code":{"insertions":1,"deletions":1}}},{"hash":"47c4e518640cba046c84ade967f66d73f19e5b44","isMergeCommit":false,"messageTitle":"Update src/main/java/seedu/address/commons/core/Version.java","messageBody":"Co-authored-by: gohqingkhang \u003c143182152+gohqingkhang@users.noreply.github.com\u003e","fileTypesAndContributionMap":{"functional-code":{"insertions":2,"deletions":2}}},{"hash":"7428af067e3216933e0bbb282081c34b19383367","isMergeCommit":false,"messageTitle":"Update src/main/java/seedu/address/logic/commands/DeleteCommand.java","messageBody":"Co-authored-by: gohqingkhang \u003c143182152+gohqingkhang@users.noreply.github.com\u003e","fileTypesAndContributionMap":{"functional-code":{"insertions":1,"deletions":1}}},{"hash":"f6ba09a3c114661b4bfd974939588f7aa6ccbe78","isMergeCommit":false,"messageTitle":"Update src/main/java/seedu/address/model/person/Phone.java","messageBody":"Co-authored-by: gohqingkhang \u003c143182152+gohqingkhang@users.noreply.github.com\u003e","fileTypesAndContributionMap":{"functional-code":{"insertions":1,"deletions":1}}},{"hash":"e55bc2fc78b99c3c10b48c84cf3fcfe154824671","isMergeCommit":false,"messageTitle":"Update src/main/java/seedu/address/model/person/Phone.java","messageBody":"Co-authored-by: gohqingkhang \u003c143182152+gohqingkhang@users.noreply.github.com\u003e","fileTypesAndContributionMap":{"functional-code":{"insertions":1,"deletions":1}}},{"hash":"3768ef041624e6e47a6be42482f51ef5175bc552","isMergeCommit":false,"messageTitle":"Update src/test/java/seedu/address/commons/util/StringUtilTest.java","messageBody":"Co-authored-by: gohqingkhang \u003c143182152+gohqingkhang@users.noreply.github.com\u003e","fileTypesAndContributionMap":{"test-code":{"insertions":1,"deletions":1}}},{"hash":"0f18923ef9aa9cf84d93da3df7d44b0b2e830ca4","isMergeCommit":false,"messageTitle":"Update src/main/java/seedu/address/model/person/Phone.java","messageBody":"Co-authored-by: gohqingkhang \u003c143182152+gohqingkhang@users.noreply.github.com\u003e","fileTypesAndContributionMap":{"functional-code":{"insertions":1,"deletions":1}}},{"hash":"769bcc6ce0802dcfed6e14b1e5db7131667eaf06","isMergeCommit":false,"messageTitle":"Update src/test/java/seedu/address/commons/core/VersionTest.java","messageBody":"Co-authored-by: gohqingkhang \u003c143182152+gohqingkhang@users.noreply.github.com\u003e","fileTypesAndContributionMap":{"test-code":{"insertions":1,"deletions":1}}},{"hash":"9cf2253efc538767192393edc7c8b9846feea9fa","isMergeCommit":false,"messageTitle":"Update src/test/java/seedu/address/commons/core/VersionTest.java","messageBody":"Co-authored-by: gohqingkhang \u003c143182152+gohqingkhang@users.noreply.github.com\u003e","fileTypesAndContributionMap":{"test-code":{"insertions":1,"deletions":1}}},{"hash":"41d60738fe728f0ff8b4182365d68984dab185bb","isMergeCommit":false,"messageTitle":"Update src/test/java/seedu/address/commons/core/VersionTest.java","messageBody":"Co-authored-by: gohqingkhang \u003c143182152+gohqingkhang@users.noreply.github.com\u003e","fileTypesAndContributionMap":{"test-code":{"insertions":1,"deletions":1}}},{"hash":"ac409ca5f368244582b567bbf5ca38b36afce73f","isMergeCommit":false,"messageTitle":"Update src/test/java/seedu/address/commons/util/StringUtilTest.java","messageBody":"Co-authored-by: gohqingkhang \u003c143182152+gohqingkhang@users.noreply.github.com\u003e","fileTypesAndContributionMap":{"test-code":{"insertions":1,"deletions":1}}},{"hash":"9d9e86a09266a3bc70a41d98932370bb6cfe33bb","isMergeCommit":false,"messageTitle":"Update src/test/java/seedu/address/commons/util/StringUtilTest.java","messageBody":"Co-authored-by: gohqingkhang \u003c143182152+gohqingkhang@users.noreply.github.com\u003e","fileTypesAndContributionMap":{"test-code":{"insertions":1,"deletions":1}}},{"hash":"8e93285f452328b0cc53b04bc495885d71bf8d69","isMergeCommit":false,"messageTitle":"Update src/test/java/seedu/address/logic/parser/ArgumentTokenizerTest.java","messageBody":"Co-authored-by: gohqingkhang \u003c143182152+gohqingkhang@users.noreply.github.com\u003e","fileTypesAndContributionMap":{"test-code":{"insertions":1,"deletions":1}}},{"hash":"42dc7d2c27c37c7b32987f66e40d2a88a931326d","isMergeCommit":false,"messageTitle":"Update src/test/java/seedu/address/model/person/PhoneTest.java","messageBody":"Co-authored-by: gohqingkhang \u003c143182152+gohqingkhang@users.noreply.github.com\u003e","fileTypesAndContributionMap":{"test-code":{"insertions":1,"deletions":1}}}]},{"date":"2024-10-16","commitResults":[{"hash":"fc7fe6a9872ed0ac42935e42754b67c54e418d72","isMergeCommit":false,"messageTitle":"Update UG to include register number","messageBody":"","fileTypesAndContributionMap":{"docs":{"insertions":7,"deletions":7}}},{"hash":"08f67a7b5f6b96d82d20b82c91c8b9b3b9253e53","isMergeCommit":true,"messageTitle":"Merge pull request #63 from BunnyHoppp/branch-EmergencyPhoneCommand","messageBody":"Finish Add Emergency Contact Number Command","fileTypesAndContributionMap":{}}]},{"date":"2024-10-21","commitResults":[{"hash":"14c2975e4990cc0edbbc1145711357c917433c21","isMergeCommit":false,"messageTitle":"Implement basic addExam functionality","messageBody":"","fileTypesAndContributionMap":{"functional-code":{"insertions":349,"deletions":15}}},{"hash":"82f19fa8d288b363588fd1a8718ea85715431a1c","isMergeCommit":false,"messageTitle":"Implement addExamScore functionality","messageBody":"","fileTypesAndContributionMap":{"functional-code":{"insertions":161,"deletions":9}}}]},{"date":"2024-10-22","commitResults":[{"hash":"72dc8c961d8ce7c671813c81a6e555bd064cb6ac","isMergeCommit":false,"messageTitle":"Update tests","messageBody":"","fileTypesAndContributionMap":{"functional-code":{"insertions":10,"deletions":1},"test-code":{"insertions":447,"deletions":51}}}]},{"date":"2024-10-23","commitResults":[{"hash":"8f7a4edef4c2c43518513c354c98d72aee101f17","isMergeCommit":false,"messageTitle":"Fix errors to pass tests","messageBody":"","fileTypesAndContributionMap":{"functional-code":{"insertions":4,"deletions":3},"test-code":{"insertions":6,"deletions":8}}},{"hash":"f621e894e730c4775555505a7fe2406617e72df8","isMergeCommit":true,"messageTitle":"Resolve conflicts","messageBody":"","fileTypesAndContributionMap":{}},{"hash":"337e21ac1badbe4d48cce0e2ef989c86535b54de","isMergeCommit":false,"messageTitle":"Fix formatting errors","messageBody":"","fileTypesAndContributionMap":{"functional-code":{"insertions":2,"deletions":4},"docs":{"insertions":8,"deletions":8}}},{"hash":"e605019667e71533a0fdd1ed04051619b07035ad","isMergeCommit":false,"messageTitle":"Fix checkstyle errors","messageBody":"","fileTypesAndContributionMap":{"functional-code":{"insertions":8,"deletions":8}}},{"hash":"a8239e3e5848b34528badd13f07d3282fb9bc40a","isMergeCommit":false,"messageTitle":"Fix more checkstyle errors","messageBody":"","fileTypesAndContributionMap":{"test-code":{"insertions":33,"deletions":23}}},{"hash":"de5cbac9fbd8e42ddebabb688481a97d38607f37","isMergeCommit":false,"messageTitle":"Fix even more checkstyle errors","messageBody":"","fileTypesAndContributionMap":{"test-code":{"insertions":3,"deletions":3}}},{"hash":"591a8198b65df5dbe9b7a7e618ed0ce0580f0016","isMergeCommit":false,"messageTitle":"Update UI","messageBody":"","fileTypesAndContributionMap":{"functional-code":{"insertions":48,"deletions":12}}},{"hash":"73b4d4875dcb4f16b4f909f2081fe4b7f46dac2f","isMergeCommit":false,"messageTitle":"Fix small checkstyle error","messageBody":"","fileTypesAndContributionMap":{"functional-code":{"insertions":1,"deletions":1}}},{"hash":"58f775c917aec39fa6185f6b60ebcf5df6e2cbb3","isMergeCommit":false,"messageTitle":"Update UG","messageBody":"","fileTypesAndContributionMap":{"docs":{"insertions":34,"deletions":1}}}]},{"date":"2024-10-24","commitResults":[{"hash":"e50a88a6ec5b728d48719b237b22f05139bf43b7","isMergeCommit":false,"messageTitle":"Update src/test/java/seedu/address/model/exam/ExamTest.java","messageBody":"Co-authored-by: Tanziyanghenry \u003c142252801+Tanziyanghenry@users.noreply.github.com\u003e","fileTypesAndContributionMap":{"test-code":{"insertions":1,"deletions":1}}},{"hash":"eb5aa5e98e074b69b964344e96a13350586c9b72","isMergeCommit":false,"messageTitle":"Update src/test/java/seedu/address/model/exam/ExamTest.java","messageBody":"Co-authored-by: Tanziyanghenry \u003c142252801+Tanziyanghenry@users.noreply.github.com\u003e","fileTypesAndContributionMap":{"test-code":{"insertions":1,"deletions":1}}},{"hash":"a1ab0a42143b1efa9975dea048a9b6a9d61bd75a","isMergeCommit":true,"messageTitle":"Merge branch \u0027master\u0027 into branch-AddTest","messageBody":"","fileTypesAndContributionMap":{}}]},{"date":"2024-10-27","commitResults":[{"hash":"aed8ca6a84892243211d8e9e0173a1975d543225","isMergeCommit":true,"messageTitle":"Merge pull request #99 from Shruthiiii03/branch-addEcName-UML","messageBody":"Add EcName in UML","fileTypesAndContributionMap":{}},{"hash":"79229a6ee7102bfc4706071521cce65be37b3219","isMergeCommit":false,"messageTitle":"Add RegisterNumber to UML","messageBody":"","fileTypesAndContributionMap":{"docs":{"insertions":3,"deletions":0}}}]}],"Shruthiiii03":[{"date":"2024-10-03","commitResults":[{"hash":"d2bf1cae6779b7e6f20230fd1cea9ba2328f638d","isMergeCommit":false,"messageTitle":"branch-Update","messageBody":"","fileTypesAndContributionMap":{"docs":{"insertions":4,"deletions":4}}},{"hash":"30269ffc91d07a61334b773cb455f54ed7fd3e24","isMergeCommit":true,"messageTitle":"Merge pull request #26 from jason-chuah/branch-AboutUs","messageBody":"Update Jason\u0027s details","fileTypesAndContributionMap":{}},{"hash":"b5a257642ef8aebfbb0457455de0733400191a77","isMergeCommit":false,"messageTitle":"Updated update branch","messageBody":"","fileTypesAndContributionMap":{"docs":{"insertions":2,"deletions":2}}}]},{"date":"2024-10-06","commitResults":[{"hash":"31b7f194c7515ceb7271bb1d2106513d3c27bfaf","isMergeCommit":false,"messageTitle":"Add Use Cases for current product features","messageBody":"","fileTypesAndContributionMap":{"docs":{"insertions":334,"deletions":11}}},{"hash":"1146ee847c8fe02992f5656f9e540bcf3324d1d7","isMergeCommit":false,"messageTitle":"Update the DG Use Cases regarding PR comments","messageBody":"","fileTypesAndContributionMap":{"docs":{"insertions":110,"deletions":134}}},{"hash":"6854bababad1123b5ac733ce885dda2fa90afc56","isMergeCommit":false,"messageTitle":"Fix alignment issues for Use Cases","messageBody":"","fileTypesAndContributionMap":{"docs":{"insertions":40,"deletions":0}}}]},{"date":"2024-10-10","commitResults":[{"hash":"69fc1e8729f06a9a834e35ffc3e3250542036eb1","isMergeCommit":false,"messageTitle":"Add ECName command and parser","messageBody":"","fileTypesAndContributionMap":{"functional-code":{"insertions":113,"deletions":0},"test-code":{"insertions":124,"deletions":2}}},{"hash":"c0a4c62c8fcdf2523e640e9478191e7ebd8b01ba","isMergeCommit":false,"messageTitle":"Resolve conflicts locally","messageBody":"","fileTypesAndContributionMap":{"functional-code":{"insertions":2,"deletions":2}}},{"hash":"2156ac350b74706eaa7332a36688247cad6a3416","isMergeCommit":false,"messageTitle":"Resolve conflicts in CliSyntax","messageBody":"","fileTypesAndContributionMap":{"functional-code":{"insertions":2,"deletions":1}}},{"hash":"df859730cfb6f0efa3160d44f9be69bd76b9edc7","isMergeCommit":false,"messageTitle":"Resolve CliSyntax conflicts again","messageBody":"","fileTypesAndContributionMap":{"functional-code":{"insertions":0,"deletions":1}}},{"hash":"b10a67f9a88b112c73e0dc73a1405c03031264bb","isMergeCommit":false,"messageTitle":"Resolve Checkstyle errors","messageBody":"","fileTypesAndContributionMap":{"functional-code":{"insertions":5,"deletions":3}}},{"hash":"5611f8d88be27d3f8ef35fc0514a0a64a3118a8a","isMergeCommit":true,"messageTitle":"Merge branch \u0027master\u0027 into branch-Emergency-Contact-Name","messageBody":"","fileTypesAndContributionMap":{}},{"hash":"fbb213c12daa352d775f7b7be2bd452f4e3fda94","isMergeCommit":false,"messageTitle":"Resolve Checkstyle errors in imports","messageBody":"","fileTypesAndContributionMap":{"functional-code":{"insertions":0,"deletions":4},"test-code":{"insertions":0,"deletions":3}}},{"hash":"7a3041b2c02d7429c49b4d3af999c2badee59408","isMergeCommit":false,"messageTitle":"Resolve checkstyle errors in Parser tests","messageBody":"","fileTypesAndContributionMap":{"test-code":{"insertions":4,"deletions":3}}},{"hash":"bdc1c988d7b5ea1dd5501446372a115f2ca94565","isMergeCommit":false,"messageTitle":"Resolve checkstyle errors in CommandTest","messageBody":"","fileTypesAndContributionMap":{"test-code":{"insertions":1,"deletions":1}}},{"hash":"825ed26d005cb6019fcfc1ede7fa2a367ecb5e8a","isMergeCommit":false,"messageTitle":"Add unknownCommand test and change EC-Prefix to \u0027en\u0027","messageBody":"","fileTypesAndContributionMap":{"functional-code":{"insertions":1,"deletions":1},"test-code":{"insertions":13,"deletions":7}}},{"hash":"add756cba0f7ff0ba9db73f157e6dc264884ec09","isMergeCommit":true,"messageTitle":"Merge pull request #59 from BunnyHoppp/branch-AddEmergencyContactNumber","messageBody":"Branch add emergency contact number","fileTypesAndContributionMap":{}}]},{"date":"2024-10-16","commitResults":[{"hash":"cd9f8f63b88c2e43501aaa6edbebc1322fc87215","isMergeCommit":false,"messageTitle":"Complete Emergency Contact Name functionality","messageBody":"","fileTypesAndContributionMap":{"functional-code":{"insertions":173,"deletions":37},"test-code":{"insertions":174,"deletions":44}}},{"hash":"56b87ac677ff8fe20ba3acf4eb714e700cbec674","isMergeCommit":false,"messageTitle":"Resolve errors from checkstyle","messageBody":"","fileTypesAndContributionMap":{"functional-code":{"insertions":12,"deletions":12}}},{"hash":"9e0de28521a7837cb6808b2d71d114a836c36aae","isMergeCommit":false,"messageTitle":"Add Javadoc comment in EmergencyContactName","messageBody":"","fileTypesAndContributionMap":{"functional-code":{"insertions":4,"deletions":0}}},{"hash":"f4e2472ffecf8328b3584e14cf0281793b7ef59c","isMergeCommit":false,"messageTitle":"Resolve ordering errors of imports","messageBody":"","fileTypesAndContributionMap":{"test-code":{"insertions":8,"deletions":11}}},{"hash":"9963c7e1df3fb7b7ba1992ca3ed22d1ea2b0482e","isMergeCommit":false,"messageTitle":"Resolve checkstyle errors in parser tests","messageBody":"","fileTypesAndContributionMap":{"test-code":{"insertions":5,"deletions":5}}},{"hash":"e237749a4b858da385c735690998df2d039eea01","isMergeCommit":false,"messageTitle":"Add unit tests to improve code coverage","messageBody":"","fileTypesAndContributionMap":{"test-code":{"insertions":32,"deletions":0}}},{"hash":"8268fe9174d6837c4de95fdcf49ade155d830286","isMergeCommit":false,"messageTitle":"Add null checks for emergency contact name","messageBody":"","fileTypesAndContributionMap":{"functional-code":{"insertions":17,"deletions":12},"test-code":{"insertions":26,"deletions":10}}},{"hash":"f462742f647d61ce3e10657c9f16e08f957f9dba","isMergeCommit":false,"messageTitle":"Add Emergency Contact Name command to User Guide","messageBody":"","fileTypesAndContributionMap":{"docs":{"insertions":20,"deletions":0}}}]},{"date":"2024-10-17","commitResults":[{"hash":"87cab3abcc4042d96abc1294647b11890d9d8526","isMergeCommit":false,"messageTitle":"Ensure consistent naming for ecName","messageBody":"","fileTypesAndContributionMap":{"functional-code":{"insertions":15,"deletions":15},"test-code":{"insertions":9,"deletions":10}}},{"hash":"81fa63b8d6f626d1edee215368afe62a2fc08206","isMergeCommit":true,"messageTitle":"Merge branch \u0027master\u0027 into branch-EmergencyNameCommand","messageBody":"","fileTypesAndContributionMap":{}},{"hash":"ceba2941afc7a43c709beab261e356d6139fc1a6","isMergeCommit":false,"messageTitle":"Resolve merge conflicts","messageBody":"","fileTypesAndContributionMap":{"functional-code":{"insertions":9,"deletions":7},"test-code":{"insertions":8,"deletions":2}}},{"hash":"32abd13e2bd421a4675a20dec6cf8fe6b86ddc9d","isMergeCommit":false,"messageTitle":"Clear trailing whitespaces","messageBody":"","fileTypesAndContributionMap":{"functional-code":{"insertions":10,"deletions":5},"test-code":{"insertions":2,"deletions":16}}},{"hash":"ea46d01ee45ff3599b56127235b917536b9ecc9d","isMergeCommit":false,"messageTitle":"Resolve whitespace errors","messageBody":"","fileTypesAndContributionMap":{"functional-code":{"insertions":0,"deletions":1},"test-code":{"insertions":2,"deletions":3}}},{"hash":"01eed0f83b1664935a690aa54ed8e92e63fb110d","isMergeCommit":false,"messageTitle":"Resolve checkstyle indentation errors","messageBody":"","fileTypesAndContributionMap":{"functional-code":{"insertions":3,"deletions":2}}},{"hash":"4f48c14bcec8e758aaf7d9c7a6b214473b350dfa","isMergeCommit":false,"messageTitle":"Resolve checkstyle errors","messageBody":"","fileTypesAndContributionMap":{"test-code":{"insertions":9,"deletions":6}}}]},{"date":"2024-10-21","commitResults":[{"hash":"e42a055b03fcbb1ec5cc7290c89dd2a21decc43b","isMergeCommit":false,"messageTitle":"Enable EcName editing in EditCommand","messageBody":"","fileTypesAndContributionMap":{"functional-code":{"insertions":31,"deletions":8},"test-code":{"insertions":87,"deletions":35}}},{"hash":"5c9cd46f706245ff5a727a372eecf6405a37bb57","isMergeCommit":false,"messageTitle":"Improve formatting in EditCommandParser","messageBody":"","fileTypesAndContributionMap":{"functional-code":{"insertions":2,"deletions":2}}},{"hash":"631db33ff347bb8f217cab32f76f0861d2c576bd","isMergeCommit":false,"messageTitle":"Update UserGuide about EcName editing","messageBody":"","fileTypesAndContributionMap":{"docs":{"insertions":2,"deletions":2}}}]},{"date":"2024-10-22","commitResults":[{"hash":"693e590aa5166f7601a029ddab6108c340ce97bf","isMergeCommit":false,"messageTitle":"Remove ecName during student profile creation","messageBody":"","fileTypesAndContributionMap":{"functional-code":{"insertions":5,"deletions":5},"test-code":{"insertions":53,"deletions":65}}},{"hash":"f533f631acccd4da076dda8e676a8ef3f303d36a","isMergeCommit":false,"messageTitle":"Remove unused imports","messageBody":"","fileTypesAndContributionMap":{"functional-code":{"insertions":0,"deletions":1},"test-code":{"insertions":0,"deletions":4}}},{"hash":"12aacedbc3499c5ea51dafb3b43f7ecac429825b","isMergeCommit":false,"messageTitle":"Resolve checkstyle errors","messageBody":"","fileTypesAndContributionMap":{"test-code":{"insertions":2,"deletions":3}}},{"hash":"401baed9fcf35f4b57e2cf2d756ed9269cb374a5","isMergeCommit":false,"messageTitle":"Remove EcName from AddCommandParserTest","messageBody":"","fileTypesAndContributionMap":{"test-code":{"insertions":0,"deletions":4}}},{"hash":"56c59159ff5a49ca147777f7697fc49449b28ede","isMergeCommit":false,"messageTitle":"Remove unecessary indentation","messageBody":"","fileTypesAndContributionMap":{"test-code":{"insertions":1,"deletions":1}}},{"hash":"ae4746ed36199538cec911946915b69032f84d5f","isMergeCommit":false,"messageTitle":"Remove unecessary empty line","messageBody":"","fileTypesAndContributionMap":{"test-code":{"insertions":0,"deletions":1}}},{"hash":"c2d98aba39590e27471c3440f2c9ef292d507cdb","isMergeCommit":true,"messageTitle":"Merge pull request #80 from BunnyHoppp/branch-AddEcNumberToEditCommand","messageBody":"Add edit ECNUMBER functionality","fileTypesAndContributionMap":{}}]},{"date":"2024-10-23","commitResults":[{"hash":"48b3287d920206211747c18baba1179b2071cc8e","isMergeCommit":false,"messageTitle":"Update UserGuide with changes","messageBody":"","fileTypesAndContributionMap":{"docs":{"insertions":2,"deletions":1}}},{"hash":"ffb43e60f51e0cf62c778a67ac879d6284095391","isMergeCommit":false,"messageTitle":"Add filter functionality","messageBody":"","fileTypesAndContributionMap":{"functional-code":{"insertions":179,"deletions":80},"other":{"insertions":51,"deletions":52},"test-code":{"insertions":9,"deletions":9}}}]},{"date":"2024-10-24","commitResults":[{"hash":"e108ce5ee8174de8068152ad387e0115280b0899","isMergeCommit":false,"messageTitle":"Fix tests to pass with updated predicates","messageBody":"","fileTypesAndContributionMap":{"functional-code":{"insertions":92,"deletions":43},"docs":{"insertions":8,"deletions":6},"test-code":{"insertions":115,"deletions":59}}},{"hash":"2f5f3511132a500c69a2933314e5c81ca539b923","isMergeCommit":false,"messageTitle":"Add unit tests in PersonPredicateTest","messageBody":"","fileTypesAndContributionMap":{"test-code":{"insertions":284,"deletions":7}}},{"hash":"03ffe0c04f5b260c12d10fb5b50e8ff61ebd3109","isMergeCommit":false,"messageTitle":"Improve code quality for filter functionality","messageBody":"","fileTypesAndContributionMap":{"functional-code":{"insertions":35,"deletions":27},"docs":{"insertions":5,"deletions":5},"test-code":{"insertions":2,"deletions":2}}},{"hash":"708df5501eab70d988efe19041adfa11efd368a6","isMergeCommit":false,"messageTitle":"Change naming of variable","messageBody":"","fileTypesAndContributionMap":{"test-code":{"insertions":4,"deletions":4}}},{"hash":"8be25c31062e18d690e6e01fce22058efcdcd821","isMergeCommit":true,"messageTitle":"Merge branch \u0027master\u0027 into branch-filterCommand","messageBody":"","fileTypesAndContributionMap":{}}]},{"date":"2024-10-27","commitResults":[{"hash":"86a81728d24aba032a01506402d73459f089c20e","isMergeCommit":false,"messageTitle":"Add EcName in UML","messageBody":"","fileTypesAndContributionMap":{"docs":{"insertions":4,"deletions":1}}},{"hash":"93a8ce35658ca5640bee64e00add6fe94c421b8f","isMergeCommit":true,"messageTitle":"Merge pull request #100 from jason-chuah/branch-UpdateUML","messageBody":"Add RegisterNumber to UML","fileTypesAndContributionMap":{}}]}],"BunnyHoppp":[{"date":"2024-10-03","commitResults":[{"hash":"7c3abd3e854fe739aa11218a714dc6047cccab9e","isMergeCommit":false,"messageTitle":"Update Wei Loon\u0027s Details","messageBody":"","fileTypesAndContributionMap":{"docs":{"insertions":6,"deletions":6}}},{"hash":"10ec49a3545401d23095a2e1a2708a605c8870fb","isMergeCommit":true,"messageTitle":"Merge branch \u0027master\u0027 into branch-Update-AboutUs","messageBody":"","fileTypesAndContributionMap":{}},{"hash":"784e0fbe6d0f79ea8cd0c0c6c3b9d2a41770675a","isMergeCommit":true,"messageTitle":"Merge pull request #29 from Tanziyanghenry/branch-Update-AboutUs","messageBody":"Update Henry\u0027s details","fileTypesAndContributionMap":{}}]},{"date":"2024-10-05","commitResults":[{"hash":"e46ecfd65aa3c8e1f7b898fd4b6881f7a445e518","isMergeCommit":false,"messageTitle":"Update site-wide settings","messageBody":"Change name of product to StudentManagerPro throughout website\n\nRemove Tutorial section as it is irrelevant to our product\n\nAdd some subsections for requirements like use cases and user stories\n","fileTypesAndContributionMap":{"docs":{"insertions":15,"deletions":12}}},{"hash":"2a91431a949b36fd2bb8e1a3372d80ba067a8919","isMergeCommit":true,"messageTitle":"Merge pull request #39 from jason-chuah/branch-NFR","messageBody":"Update the DG: Non-Functional Requirements","fileTypesAndContributionMap":{}},{"hash":"b278c96039fb0c4a05dd0e0b7a342818524fcdc3","isMergeCommit":false,"messageTitle":"Update docs/_markbind/layouts/default.md","messageBody":"Co-authored-by: gohqingkhang \u003c143182152+gohqingkhang@users.noreply.github.com\u003e","fileTypesAndContributionMap":{"docs":{"insertions":5,"deletions":5}}},{"hash":"50a8e18e2832cb3a31d7af4c57a34b2aa7cac255","isMergeCommit":false,"messageTitle":"Update docs/index.md","messageBody":"Co-authored-by: gohqingkhang \u003c143182152+gohqingkhang@users.noreply.github.com\u003e","fileTypesAndContributionMap":{"docs":{"insertions":2,"deletions":2}}},{"hash":"74933988f56bd20eebe1d2399e92215cca293651","isMergeCommit":false,"messageTitle":"Update website link in default.md","messageBody":"","fileTypesAndContributionMap":{"docs":{"insertions":1,"deletions":1}}},{"hash":"56b6459bc8b76e0565622c871e0de32ef7854850","isMergeCommit":true,"messageTitle":"Merge branch \u0027master\u0027 of https://github.com/AY2425S1-CS2103-F12-4/tp into branch-UpdateSiteWideSettings","messageBody":"","fileTypesAndContributionMap":{}},{"hash":"de7eee389ea246d85317d77bdfb310c16189523d","isMergeCommit":true,"messageTitle":"Merge branch \u0027branch-UpdateSiteWideSettings\u0027 of https://github.com/BunnyHoppp/tp into branch-UpdateSiteWideSettings","messageBody":"","fileTypesAndContributionMap":{}}]},{"date":"2024-10-06","commitResults":[{"hash":"c0f1284e74dbe1140d47862282a2851d83e4ed0f","isMergeCommit":false,"messageTitle":"Fix bug where non-functional requirements tab is not shown","messageBody":"","fileTypesAndContributionMap":{"docs":{"insertions":1,"deletions":1}}}]},{"date":"2024-10-10","commitResults":[{"hash":"c94d78b59da9f8eef8e48092a30f4ed497dc72c9","isMergeCommit":false,"messageTitle":"Add AddEmergencyContactNumberCommand for users to add emergency contact number","messageBody":"Add a simple test case and some dummy values for the command.\n","fileTypesAndContributionMap":{"functional-code":{"insertions":20,"deletions":0},"test-code":{"insertions":23,"deletions":0}}},{"hash":"721e11405229ed61b933ad4bdb94725649756ca4","isMergeCommit":false,"messageTitle":"Make AddEmergencyContactNumberCommand functional by adding increments","messageBody":"Add more functionality for the command to take in inputs.\n\nAdd some basic test cases.\n","fileTypesAndContributionMap":{"functional-code":{"insertions":91,"deletions":3},"test-code":{"insertions":35,"deletions":9}}},{"hash":"820e98547d3d5a47fceb028a8bfc74e5280a918e","isMergeCommit":true,"messageTitle":"Merge pull request #58 from Shruthiiii03/branch-Emergency-Contact-Name","messageBody":"Add Emergency Contact Name Command and Parser","fileTypesAndContributionMap":{}},{"hash":"a100f2cd241a1a7260ce77c142e09b54927852b2","isMergeCommit":false,"messageTitle":"Change name of AddEmergencyContactNumberCommand.java to EmergencyPhoneCommand.java","messageBody":"Better readability of code.\n","fileTypesAndContributionMap":{"functional-code":{"insertions":3,"deletions":3},"other":{"insertions":13,"deletions":15},"test-code":{"insertions":3,"deletions":3}}},{"hash":"36985b0572142a4ed1fa71563ba108fffa768773","isMergeCommit":false,"messageTitle":"Modify prefix for add emergency phone command","messageBody":"","fileTypesAndContributionMap":{"functional-code":{"insertions":1,"deletions":1}}},{"hash":"7826937881435357afed3aa83bd3063a5dff0207","isMergeCommit":true,"messageTitle":"Merge pull request #57 from gohqingkhang/branch-UpdateDG-UserStories","messageBody":"Update DG with MVP: Add student\u0027s class","fileTypesAndContributionMap":{}},{"hash":"04d5f1336690b4807fec48b208a9b23d50d6f69b","isMergeCommit":false,"messageTitle":"Edit test for AddressBookParserTest","messageBody":"Modify the test body based on some syntax changes.\n","fileTypesAndContributionMap":{"test-code":{"insertions":11,"deletions":3}}},{"hash":"f7fa2b0fd80610241a231bb7bb24b32529cc5a9f","isMergeCommit":true,"messageTitle":"Merge branch \u0027master\u0027 into branch-AddEmergencyContactNumber","messageBody":"","fileTypesAndContributionMap":{}},{"hash":"89c8d39a7cb1ef8958c732177cb11d694ca9cd67","isMergeCommit":false,"messageTitle":"Modify some code style issues","messageBody":"","fileTypesAndContributionMap":{"test-code":{"insertions":3,"deletions":2}}},{"hash":"29b9b3ef822b3ad66ee5db5e83288ed403efd048","isMergeCommit":false,"messageTitle":"Fix check style bugs","messageBody":"Some lines had wrong indentation\n\nRemove dead code\n","fileTypesAndContributionMap":{"test-code":{"insertions":1,"deletions":3}}}]},{"date":"2024-10-11","commitResults":[{"hash":"f5d66774fa2e2f0e0c4d69cfb07d9a82a9af6cd4","isMergeCommit":true,"messageTitle":"Merge pull request #60 from gohqingkhang/branch-ResolveError","messageBody":"Resolve error in PersonListCard","fileTypesAndContributionMap":{}}]},{"date":"2024-10-15","commitResults":[{"hash":"ae92ebfe1fbe72876af282eda1e9e7c01eb233a4","isMergeCommit":false,"messageTitle":"Add attribute EmergencyPhone to Person all tests","messageBody":"Create new person with attribute emergency phone.\n\nUpdate some test cases.\n\nUpdate some test utils.\n","fileTypesAndContributionMap":{"functional-code":{"insertions":89,"deletions":13},"test-code":{"insertions":44,"deletions":26}}},{"hash":"550a14605131657ed871f86be5c4f77c8855bc52","isMergeCommit":false,"messageTitle":"Add display of emergency phone in GUI","messageBody":"Users can see the emergency contact number if present.\n","fileTypesAndContributionMap":{"functional-code":{"insertions":4,"deletions":0}}},{"hash":"30a0baf7152da3e9fa84665d78cfdf5162f228cf","isMergeCommit":false,"messageTitle":"Add functionality of EmergencyPhoneCommand","messageBody":"Emergency Contact Number of student is updated after\nthe given command\n","fileTypesAndContributionMap":{"functional-code":{"insertions":46,"deletions":14},"test-code":{"insertions":10,"deletions":9}}},{"hash":"2f310d7dc2d3155170414a98145ac392a6414687","isMergeCommit":false,"messageTitle":"Modify EmergencyPhoneCommand to take in an index","messageBody":"Adding emergency phone by index is more user-friendly\nthan by using the name\n","fileTypesAndContributionMap":{"functional-code":{"insertions":48,"deletions":23},"test-code":{"insertions":73,"deletions":9}}},{"hash":"87eae11e9d540c7c56dd8e4f4dedef41c2d8560d","isMergeCommit":false,"messageTitle":"Add unit test for model","messageBody":"Add EmergencyPhone class for Person,\nand add unit tests for that class.\n\nModify unit test for Person class\n","fileTypesAndContributionMap":{"test-code":{"insertions":63,"deletions":0}}}]},{"date":"2024-10-16","commitResults":[{"hash":"412ae4965525da51352da8717f76d74d37298076","isMergeCommit":false,"messageTitle":"Complete testing for EmergencyPhoneCommand","messageBody":"Done all unit testing for the relevant classes\nrelated to EmergencyPhoneCommand\n","fileTypesAndContributionMap":{"functional-code":{"insertions":6,"deletions":10},"test-code":{"insertions":143,"deletions":28}}},{"hash":"0f15756181ec062d044b98611d82ddd76127a7eb","isMergeCommit":false,"messageTitle":"Fix some bugs","messageBody":"Remove some dead code\n","fileTypesAndContributionMap":{"functional-code":{"insertions":0,"deletions":2},"test-code":{"insertions":0,"deletions":5}}},{"hash":"d364c739b38800662dae91c53a0da072017711bf","isMergeCommit":false,"messageTitle":"Remove more dead code","messageBody":"Remove some unused imports from the test class\n","fileTypesAndContributionMap":{"test-code":{"insertions":0,"deletions":1}}},{"hash":"3137f9fd91eaf7228153d82a4103e401eccaffe5","isMergeCommit":false,"messageTitle":"Fix more bugs","messageBody":"Change some header comments\n\nAdd more code coverage\n","fileTypesAndContributionMap":{"functional-code":{"insertions":16,"deletions":16},"test-code":{"insertions":20,"deletions":1}}},{"hash":"05923b00c10a1b9846e74817c3a96ceb06947717","isMergeCommit":false,"messageTitle":"Add delete functionality to EmergencyPhoneCommand","messageBody":"Allow users to delete by entering a empty value\nfor the emergency phone.\n","fileTypesAndContributionMap":{"functional-code":{"insertions":18,"deletions":6},"test-code":{"insertions":19,"deletions":4}}},{"hash":"e37e5ff7f39b58921965813013e05d68f459e9ba","isMergeCommit":false,"messageTitle":"Add documentation to user guide","messageBody":"Users will know how to use the EmergencyPhoneCommand\n","fileTypesAndContributionMap":{"functional-code":{"insertions":1,"deletions":1},"docs":{"insertions":17,"deletions":0},"test-code":{"insertions":7,"deletions":0}}},{"hash":"ad133b9bd39e63fc1e0e0705278db14fcb457c53","isMergeCommit":false,"messageTitle":"Add more documentation to user guide","messageBody":"Add command format to the table of actions\n","fileTypesAndContributionMap":{"docs":{"insertions":1,"deletions":0}}},{"hash":"9c5dec72e52210482415dc56e48a74dab79ce146","isMergeCommit":true,"messageTitle":"Merge pull request #70 from jason-chuah/branch-UpdateUG-RegisterNo","messageBody":"Edit UG to include Add Student\u0027s Register Number functionality","fileTypesAndContributionMap":{}}]},{"date":"2024-10-21","commitResults":[{"hash":"acd02c353e52638b25229e1b2e1f73185cdca20f","isMergeCommit":false,"messageTitle":"Add edit ECNUMBER functionality","messageBody":"Users are allowed to edit the\nemergency contact number\nusing the edit command\n\nModified necessary tests\n","fileTypesAndContributionMap":{"functional-code":{"insertions":39,"deletions":19},"docs":{"insertions":2,"deletions":2},"test-code":{"insertions":50,"deletions":17}}}]},{"date":"2024-10-22","commitResults":[{"hash":"4817aec720ca0b903f37a5f9fade5436e7017ab8","isMergeCommit":true,"messageTitle":"Merge pull request #81 from Shruthiiii03/branch-EditEcName","messageBody":"Enable EcName editing in EditCommand","fileTypesAndContributionMap":{}},{"hash":"2d98cb3dd9180533fb4410c56e059339b68b6058","isMergeCommit":true,"messageTitle":"Fix merge conflict","messageBody":"Fix merge conflict with another PR\nthat has been merged into\nmaster repo\n","fileTypesAndContributionMap":{}},{"hash":"87ef53a264a77600064393eb9dff1ac94042c782","isMergeCommit":false,"messageTitle":"Fix slight bugs","messageBody":"Bug in how the emergency contact is represented\n\nFix some test cases\n","fileTypesAndContributionMap":{"functional-code":{"insertions":2,"deletions":2},"test-code":{"insertions":2,"deletions":2}}},{"hash":"2fc85dfa2b997206995f9de7d5650a0fd73f79b6","isMergeCommit":true,"messageTitle":"Merge branch \u0027master\u0027 into branch-SortCommand","messageBody":"","fileTypesAndContributionMap":{}}]},{"date":"2024-10-24","commitResults":[{"hash":"ce9447d501107c6265bdf8981277dfafb93bb934","isMergeCommit":true,"messageTitle":"Merge pull request #83 from Shruthiiii03/branch-updateUserGuide","messageBody":"Update UserGuide with changes","fileTypesAndContributionMap":{}},{"hash":"cdaa666c76b9917968fa3f89184e0f26226031b1","isMergeCommit":false,"messageTitle":"Add comparator for each person attribute","messageBody":"Allow user to compare each person\nbased on their different attribute\n","fileTypesAndContributionMap":{"functional-code":{"insertions":207,"deletions":7},"test-code":{"insertions":332,"deletions":0}}},{"hash":"7d9e3021e5f87741ebbe9ebf7b19ace91bb46c76","isMergeCommit":false,"messageTitle":"Add sorting functionality","messageBody":"Allow users to sort by any attribute that\nthe person has.\n","fileTypesAndContributionMap":{"functional-code":{"insertions":220,"deletions":3},"test-code":{"insertions":5,"deletions":2}}},{"hash":"9b9351d32da5ae9fe179c8814c8bbd19d5b11830","isMergeCommit":false,"messageTitle":"Add unit tests for the changes","messageBody":"Test code written for SortCommand\n","fileTypesAndContributionMap":{"test-code":{"insertions":238,"deletions":10}}},{"hash":"b74ada8330a6c08b95a90cb4d4f73013657590db","isMergeCommit":false,"messageTitle":"Update User Guide","messageBody":"Users will know how to use the sort command\n","fileTypesAndContributionMap":{"docs":{"insertions":19,"deletions":1}}},{"hash":"1c8fa354541314db80a3ebb6388a5c0d16cfacaf","isMergeCommit":true,"messageTitle":"Commit merge changes","messageBody":"Merge another PR that has been merged into master\n","fileTypesAndContributionMap":{}},{"hash":"6dad1f45b8314e44e16816e38a718e64ecf2ee0a","isMergeCommit":false,"messageTitle":"Add unsort feature","messageBody":"Allow users to see the original list\n\nUsers have the flexibility to change the\nsorting\n","fileTypesAndContributionMap":{"functional-code":{"insertions":24,"deletions":20},"docs":{"insertions":2,"deletions":0},"test-code":{"insertions":20,"deletions":17}}},{"hash":"653bb0634f044c937bfb14407c0607c1ff4a8dbf","isMergeCommit":false,"messageTitle":"Add more logging and assertion","messageBody":"Practise defensive coding\n","fileTypesAndContributionMap":{"functional-code":{"insertions":17,"deletions":2}}},{"hash":"1b46be2209950f593b3557ee82e3d1ad5d638f15","isMergeCommit":false,"messageTitle":"Add attribute label to each attribute","messageBody":"Users can clearly see the value of each\nattribute in the GUI\n","fileTypesAndContributionMap":{"functional-code":{"insertions":82,"deletions":12},"test-code":{"insertions":33,"deletions":0}}},{"hash":"581a55108b54938ed448f1fd92a089beb9948e5f","isMergeCommit":false,"messageTitle":"Fix codestyle","messageBody":"Some code style errors in ordering and imports\n","fileTypesAndContributionMap":{"functional-code":{"insertions":9,"deletions":11},"test-code":{"insertions":1,"deletions":2}}},{"hash":"e7729640280514249dc6b229457f6f899d9b07d1","isMergeCommit":true,"messageTitle":"Fix merge conflict","messageBody":"Some conflicts from another PR that has been merged\n","fileTypesAndContributionMap":{}},{"hash":"b53b4860366891d70bcaefc1b8f2b8da8b5e06a5","isMergeCommit":true,"messageTitle":"Merge pull request #90 from gohqingkhang/branch-Add-Submission","messageBody":"Branch add submission","fileTypesAndContributionMap":{}},{"hash":"44154fab9823165d93601b6ed6c0929a7633cf0e","isMergeCommit":true,"messageTitle":"Fix merge conflict","messageBody":"Some conflicts from another PR that has been merged\n","fileTypesAndContributionMap":{}},{"hash":"fb2cf89238875d73b783c0566c623f9a96e6f14c","isMergeCommit":false,"messageTitle":"Change name of jar file","messageBody":"Users are clear on the product they use\n","fileTypesAndContributionMap":{"other":{"insertions":1,"deletions":1}}},{"hash":"40dc0d2b4b6bafea9d41cb0fe337ab43b8d280bc","isMergeCommit":false,"messageTitle":"Change GUI","messageBody":"Modify the title when the GUI is open\nso users know it is StudentManagerPro\n","fileTypesAndContributionMap":{"functional-code":{"insertions":1,"deletions":1}}},{"hash":"11700f1d57ab43c420bbdec8b33faa96c23bc733","isMergeCommit":true,"messageTitle":"Merge branch \u0027master\u0027 of https://github.com/AY2425S1-CS2103-F12-4/tp","messageBody":"","fileTypesAndContributionMap":{}}]},{"date":"2024-10-26","commitResults":[{"hash":"850c3295eb9689be6bcb435988870767b11a1a8c","isMergeCommit":true,"messageTitle":"Merge branch \u0027master\u0027 of https://github.com/AY2425S1-CS2103-F12-4/tp","messageBody":"","fileTypesAndContributionMap":{}},{"hash":"1140c1b399d0172adb426ed6f2852647212262e3","isMergeCommit":false,"messageTitle":"Update UML Diagram","messageBody":"Add EcNumber into UML to show attributes of\nPerson\n","fileTypesAndContributionMap":{"docs":{"insertions":3,"deletions":0}}},{"hash":"0484f5a14fac122a397a7da22bea93ec0550d52f","isMergeCommit":true,"messageTitle":"Merge pull request #96 from Tanziyanghenry/branch-AddAttendance-DG-UML","messageBody":"Add attendance in UML","fileTypesAndContributionMap":{}},{"hash":"a44ae8f7dfdabac01b7b78481dc01ca734d0e346","isMergeCommit":true,"messageTitle":"Fix Merge Conflict","messageBody":"Fix merge conflict from another PR\n","fileTypesAndContributionMap":{}},{"hash":"cfb1600f17af948dd3b4b852d893422e4e040b9d","isMergeCommit":true,"messageTitle":"Fix Merge Conflict","messageBody":"Fix merge conflict from another PR\n","fileTypesAndContributionMap":{}}]}],"Tanziyanghenry":[{"date":"2024-10-03","commitResults":[{"hash":"f91e5ca1f2adac88186fd8eb33926e4a77bb2632","isMergeCommit":false,"messageTitle":"Add AboutUs","messageBody":"","fileTypesAndContributionMap":{"docs":{"insertions":5,"deletions":5}}},{"hash":"043000f05e07c9fcbcfc7b67fc0c812e0c7e5f9c","isMergeCommit":true,"messageTitle":"Merge pull request #25 from Shruthiiii03/branch-Update","messageBody":"Update Shruthi\u0027s details","fileTypesAndContributionMap":{}}]},{"date":"2024-10-05","commitResults":[{"hash":"1f3b511635243429822bd100e0cbc26e92c23c58","isMergeCommit":true,"messageTitle":"Merge pull request #37 from gohqingkhang/branch-Update-README","messageBody":"Branch update readme","fileTypesAndContributionMap":{}}]},{"date":"2024-10-06","commitResults":[{"hash":"f8951a7e54eac467f23949d998451164e91dd087","isMergeCommit":true,"messageTitle":"Merge pull request #38 from gohqingkhang/branch-Update-DG-UserStories","messageBody":"Branch update dg user stories","fileTypesAndContributionMap":{}},{"hash":"681fcbcfc2157ab211fe945731d39a6c2b0a6a28","isMergeCommit":false,"messageTitle":"Update glossary","messageBody":"","fileTypesAndContributionMap":{"docs":{"insertions":8,"deletions":1}}}]},{"date":"2024-10-09","commitResults":[{"hash":"1926bf7b32299d2a27b52a67fc862cf90599d1ed","isMergeCommit":false,"messageTitle":"Add Student\u0027s Sex","messageBody":"","fileTypesAndContributionMap":{"functional-code":{"insertions":155,"deletions":18}}},{"hash":"5cbcf341a2a88c97f13a5cf36a5f85b53bc36407","isMergeCommit":false,"messageTitle":"Update compileTestJava","messageBody":"","fileTypesAndContributionMap":{"test-code":{"insertions":248,"deletions":58}}},{"hash":"afe4e9d852781281a411807cbb92a9a319bd2fbb","isMergeCommit":false,"messageTitle":"Update src/test/java/seedu/address/model/person/SexTest.java","messageBody":"Co-authored-by: gohqingkhang \u003c143182152+gohqingkhang@users.noreply.github.com\u003e","fileTypesAndContributionMap":{"test-code":{"insertions":1,"deletions":1}}},{"hash":"53e1de50279de39d95942686d221f432951ec0b4","isMergeCommit":false,"messageTitle":"Update src/test/java/seedu/address/model/person/SexTest.java","messageBody":"Co-authored-by: gohqingkhang \u003c143182152+gohqingkhang@users.noreply.github.com\u003e","fileTypesAndContributionMap":{"test-code":{"insertions":1,"deletions":1}}},{"hash":"bed6662f94722823289e3b627b1ae1fa1937b0e1","isMergeCommit":false,"messageTitle":"Update src/test/java/seedu/address/model/person/SexTest.java","messageBody":"Co-authored-by: gohqingkhang \u003c143182152+gohqingkhang@users.noreply.github.com\u003e","fileTypesAndContributionMap":{"test-code":{"insertions":1,"deletions":1}}},{"hash":"20cf0e7a563760f5b9974bd4840d4bd39281092d","isMergeCommit":false,"messageTitle":"Update src/test/java/seedu/address/logic/parser/AddCommandParserTest.java","messageBody":"Co-authored-by: gohqingkhang \u003c143182152+gohqingkhang@users.noreply.github.com\u003e","fileTypesAndContributionMap":{"test-code":{"insertions":1,"deletions":1}}}]},{"date":"2024-10-10","commitResults":[{"hash":"280b9d8ffedde96674d78b74b8738484d635c79b","isMergeCommit":true,"messageTitle":"Merge pull request #55 from gohqingkhang/branch-Add-Student\u0027s-Class","messageBody":"Branch add student\u0027s class","fileTypesAndContributionMap":{}},{"hash":"2f76f5963140fd7d8128fd6893f93e33637522f2","isMergeCommit":false,"messageTitle":"Update DG by changing case numbering","messageBody":"","fileTypesAndContributionMap":{"docs":{"insertions":2,"deletions":2}}}]},{"date":"2024-10-15","commitResults":[{"hash":"9f459c5e141b8bfebcc70547f011b4afb135ae48","isMergeCommit":true,"messageTitle":"Merge pull request #65 from gohqingkhang/branch-UpdateUG-Add-Student\u0027s-Class","messageBody":"Edit UG to include Add Student\u0027s Class functionality","fileTypesAndContributionMap":{}},{"hash":"6a43ae2e0c7d1b5529f0e7a255b346692f379228","isMergeCommit":false,"messageTitle":"Edit UG to include Add Student\u0027s Sex functionality","messageBody":"","fileTypesAndContributionMap":{"docs":{"insertions":7,"deletions":7}}}]},{"date":"2024-10-21","commitResults":[{"hash":"da4b9839a8cae5ae7f1646aa586bb7dd9f42c233","isMergeCommit":true,"messageTitle":"Merge pull request #71 from gohqingkhang/branch-StandardizeCode","messageBody":"Branch standardize code","fileTypesAndContributionMap":{}}]},{"date":"2024-10-23","commitResults":[{"hash":"d3cbd34cdad4609723e5f450201e84b63846949f","isMergeCommit":false,"messageTitle":"Add attendance functionality","messageBody":"","fileTypesAndContributionMap":{"functional-code":{"insertions":467,"deletions":27},"other":{"insertions":4,"deletions":0},"test-code":{"insertions":686,"deletions":71}}},{"hash":"11ffb69756bb8d5f2a008defd2d682d8b97fc0db","isMergeCommit":true,"messageTitle":"Merge branch \u0027master\u0027 into branch-Add-Attendance-Functionality","messageBody":"# Conflicts:\n#\tsrc/main/java/seedu/address/logic/commands/EditCommand.java\n#\tsrc/test/java/seedu/address/logic/commands/CommandTestUtil.java\n#\tsrc/test/java/seedu/address/logic/commands/EditPersonDescriptorTest.java\n#\tsrc/test/java/seedu/address/logic/parser/EditCommandParserTest.java\n","fileTypesAndContributionMap":{}},{"hash":"1d668423db2e44f64ed9de28d851cea917598d3d","isMergeCommit":false,"messageTitle":"Fix areas that fail tests","messageBody":"","fileTypesAndContributionMap":{"functional-code":{"insertions":53,"deletions":38},"test-code":{"insertions":35,"deletions":57}}},{"hash":"704eb5763e5d3d8cf1c9914e4d0df848687ad92c","isMergeCommit":false,"messageTitle":"Edit TypicalPersons to be the same as typicalPersonsAddressBook","messageBody":"","fileTypesAndContributionMap":{"test-code":{"insertions":7,"deletions":15}}},{"hash":"5852aa4ebfba51b4af8d5d417e80c1f512cc2da5","isMergeCommit":false,"messageTitle":"Add table in ui to show absent dates and reasons","messageBody":"","fileTypesAndContributionMap":{"functional-code":{"insertions":110,"deletions":30},"test-code":{"insertions":2,"deletions":2}}},{"hash":"ec279be68496ed17c3ec08be5e94d726b604161c","isMergeCommit":false,"messageTitle":"Update UG on the Attendance Functionality","messageBody":"","fileTypesAndContributionMap":{"docs":{"insertions":23,"deletions":1}}},{"hash":"80ccbc06ca4201d134ba995a8d109364a3864dbd","isMergeCommit":false,"messageTitle":"Add newline at end of file","messageBody":"","fileTypesAndContributionMap":{"functional-code":{"insertions":2,"deletions":2},"docs":{"insertions":1,"deletions":1}}},{"hash":"329ecf07127d003865b413446806b93a38884ca6","isMergeCommit":false,"messageTitle":"Set attendance as empty hashmap in AddCommandParser","messageBody":"","fileTypesAndContributionMap":{"functional-code":{"insertions":0,"deletions":7},"test-code":{"insertions":10,"deletions":16}}},{"hash":"5e4ffd390a44b97c66b26a65a3b4821b443b0962","isMergeCommit":false,"messageTitle":"Remove unused imports and methods","messageBody":"","fileTypesAndContributionMap":{"functional-code":{"insertions":0,"deletions":25},"test-code":{"insertions":0,"deletions":2}}},{"hash":"247584517e8d436eb7f94c0743f0a71e87698d20","isMergeCommit":false,"messageTitle":"Fix error message","messageBody":"","fileTypesAndContributionMap":{"functional-code":{"insertions":6,"deletions":12},"test-code":{"insertions":5,"deletions":4}}},{"hash":"75bc7cd0e1defd0f07fe47af76c4c9a08604ecf3","isMergeCommit":false,"messageTitle":"Add test for AddAttendanceParserTest","messageBody":"","fileTypesAndContributionMap":{"test-code":{"insertions":11,"deletions":0}}},{"hash":"264b5ef62e9392fa40326139754a8a14c6bdc922","isMergeCommit":false,"messageTitle":"Remove unused import","messageBody":"","fileTypesAndContributionMap":{"test-code":{"insertions":0,"deletions":1}}},{"hash":"2a35bacdc267cac313224a10c5ae564a4a0c16c3","isMergeCommit":false,"messageTitle":"Remove unused methods","messageBody":"","fileTypesAndContributionMap":{"functional-code":{"insertions":0,"deletions":9}}}]},{"date":"2024-10-24","commitResults":[{"hash":"36081b8c228d218fffed450ba622efb81ebd1dba","isMergeCommit":true,"messageTitle":"Merge pull request #84 from jason-chuah/branch-AddTest","messageBody":"Add Exam Functionality","fileTypesAndContributionMap":{}},{"hash":"ce2d471026f8ef476c7a96de0c00d52b62d42ec2","isMergeCommit":true,"messageTitle":"Merge branch \u0027master\u0027 into branch-Add-Attendance-Functionality","messageBody":"# Conflicts:\n#\tdocs/UserGuide.md\n#\tsrc/main/java/seedu/address/logic/commands/AddEcNameCommand.java\n#\tsrc/main/java/seedu/address/logic/commands/AddEcNumberCommand.java\n#\tsrc/main/java/seedu/address/logic/commands/EditCommand.java\n#\tsrc/main/java/seedu/address/logic/parser/AddCommandParser.java\n#\tsrc/main/java/seedu/address/logic/parser/AddressBookParser.java\n#\tsrc/main/java/seedu/address/logic/parser/ParserUtil.java\n#\tsrc/main/java/seedu/address/model/person/Person.java\n#\tsrc/main/java/seedu/address/model/util/SampleDataUtil.java\n#\tsrc/main/java/seedu/address/storage/JsonAdaptedPerson.java\n#\tsrc/main/java/seedu/address/ui/PersonCard.java\n#\tsrc/main/resources/view/PersonListCard.fxml\n#\tsrc/test/java/seedu/address/storage/JsonAdaptedPersonTest.java\n#\tsrc/test/java/seedu/address/testutil/PersonBuilder.java\n#\tsrc/test/java/seedu/address/testutil/TypicalPersons.java\n","fileTypesAndContributionMap":{}},{"hash":"e1a1689017f8a6f44dda344c3076e5e8fbc9f6ba","isMergeCommit":false,"messageTitle":"Improve checkstyle","messageBody":"","fileTypesAndContributionMap":{"functional-code":{"insertions":1,"deletions":1},"test-code":{"insertions":6,"deletions":4}}},{"hash":"a1f0a697022c7cd820b850578715c381510aa81f","isMergeCommit":false,"messageTitle":"Add test for AddExamCommand","messageBody":"","fileTypesAndContributionMap":{"test-code":{"insertions":17,"deletions":0}}},{"hash":"4cce79e8d7b806928e5309b5b91697365befe0fa","isMergeCommit":false,"messageTitle":"Add test for AddExamScoreCommand","messageBody":"","fileTypesAndContributionMap":{"test-code":{"insertions":18,"deletions":0}}},{"hash":"197994bf1eb50e0be50b5ff0f617f0fc8ed96e3b","isMergeCommit":false,"messageTitle":"Add more test for AbsentReason","messageBody":"","fileTypesAndContributionMap":{"test-code":{"insertions":28,"deletions":1}}},{"hash":"4c615de96ba6c63604dc42ead6d9acf028c5cc25","isMergeCommit":false,"messageTitle":"Update src/main/java/seedu/address/logic/parser/AddAttendanceCommandParser.java","messageBody":"Co-authored-by: jason-chuah \u003c143066893+jason-chuah@users.noreply.github.com\u003e","fileTypesAndContributionMap":{"functional-code":{"insertions":2,"deletions":5}}},{"hash":"7d17aa95a35227ff04dee63ee2d4e57a26889d83","isMergeCommit":false,"messageTitle":"Update src/main/java/seedu/address/model/person/AbsentReason.java","messageBody":"Co-authored-by: jason-chuah \u003c143066893+jason-chuah@users.noreply.github.com\u003e","fileTypesAndContributionMap":{"functional-code":{"insertions":3,"deletions":2}}},{"hash":"0bd5c6eb9583cf301d1670c0e4e930a86c679d2b","isMergeCommit":false,"messageTitle":"Update src/main/java/seedu/address/model/person/AbsentReason.java","messageBody":"Co-authored-by: jason-chuah \u003c143066893+jason-chuah@users.noreply.github.com\u003e","fileTypesAndContributionMap":{"functional-code":{"insertions":1,"deletions":1}}},{"hash":"63d83035a5c7439559300bdcaf380e161fe95550","isMergeCommit":false,"messageTitle":"Remove unused import","messageBody":"","fileTypesAndContributionMap":{"functional-code":{"insertions":1,"deletions":3}}},{"hash":"70c26b0c635796499ec8e28853ea1c9861aed515","isMergeCommit":true,"messageTitle":"Merge pull request #92 from BunnyHoppp/branch-addAttributeLabel","messageBody":"Branch add attribute label","fileTypesAndContributionMap":{}}]},{"date":"2024-10-25","commitResults":[{"hash":"f858db52d4b7695dd07a13b9216dfbc64a3d6474","isMergeCommit":true,"messageTitle":"Merge pull request #95 from gohqingkhang/branch-Add-studentClass-DG-UML","messageBody":"Branch add student class dg uml","fileTypesAndContributionMap":{}}]},{"date":"2024-10-26","commitResults":[{"hash":"87279d433343036815f9288df2bf5e52b689def4","isMergeCommit":false,"messageTitle":"Add attendance in UML","messageBody":"","fileTypesAndContributionMap":{"docs":{"insertions":3,"deletions":0}}},{"hash":"1bf19fdfec2a71029a601123d83c503dfb5f7398","isMergeCommit":false,"messageTitle":"Add sex to UML","messageBody":"","fileTypesAndContributionMap":{"docs":{"insertions":3,"deletions":3}}},{"hash":"96f4125d55113c9dff478c8d956f1fc15153e927","isMergeCommit":true,"messageTitle":"Merge pull request #97 from BunnyHoppp/branch-updateUML","messageBody":"Add EcNumber into UML","fileTypesAndContributionMap":{}}]}]},"authorFileTypeContributionMap":{"gohqingkhang":{"docs":117,"functional-code":857,"test-code":938,"other":4},"jason-chuah":{"docs":58,"functional-code":658,"test-code":635},"Shruthiiii03":{"docs":350,"functional-code":457,"test-code":629},"BunnyHoppp":{"docs":59,"functional-code":726,"test-code":832,"other":1},"Tanziyanghenry":{"docs":37,"functional-code":598,"test-code":793,"other":4}},"authorContributionVariance":{"gohqingkhang":62136.617,"jason-chuah":22340.746,"Shruthiiii03":34144.062,"BunnyHoppp":50671.246,"Tanziyanghenry":82456.695},"authorDisplayNameMap":{"gohqingkhang":"CS2103-F12-4 GOH ..HANG","jason-chuah":"CS2103-F12-4 CHUA.. HEE","Shruthiiii03":"CS2103-F12-4 MURA..UTHI","BunnyHoppp":"CS2103-F12-4 TENG..LOON","Tanziyanghenry":"CS2103-F12-4 TAN ..ENRY"}}
