{"authorDailyContributionsMap":{"iamdiluxedbutcooler":[{"date":"2024-09-30","commitResults":[{"hash":"072d3de9939fbdbe6b826728dd9a641c6d492b12","isMergeCommit":false,"messageTitle":"Update AboutUs.md with new info for developer #4","messageBody":"","fileTypesAndContributionMap":{"docs":{"insertions":5,"deletions":5}}}]},{"date":"2024-10-03","commitResults":[{"hash":"c623d5182ce7cf716caec72b0f6cb6b79dd1bd95","isMergeCommit":true,"messageTitle":"Merge pull request #19 from iamdiluxedbutcooler/aboutus-page-pleng","messageBody":"AboutUs Page - Pleng","fileTypesAndContributionMap":{}},{"hash":"4adcfa1acb51a9dfbae7c2326ef2982afa0ae872","isMergeCommit":true,"messageTitle":"Merge pull request #20 from colinhia/A-AboutUs","messageBody":"AboutUs Page - Colin","fileTypesAndContributionMap":{}},{"hash":"618eb326a6a47a6fe1714682047c5531a5168dc6","isMergeCommit":false,"messageTitle":"Update NFRs in Developer Guide","messageBody":"","fileTypesAndContributionMap":{"docs":{"insertions":26,"deletions":4}}},{"hash":"d69d22de41962082a90920c4304db16fe2d91b7f","isMergeCommit":true,"messageTitle":"Merge pull request #26 from iamdiluxedbutcooler/edit-dg-nfrs","messageBody":"Add NFRs to DG","fileTypesAndContributionMap":{}}]}],"colinhia":[{"date":"2024-10-02","commitResults":[{"hash":"20527c70887b9a6690bde8350b616b3367941603","isMergeCommit":false,"messageTitle":"Update AboutUs Page - Colin","messageBody":"","fileTypesAndContributionMap":{"docs":{"insertions":5,"deletions":5}}},{"hash":"3d12cbd402186e4dbc240c81212d8b9de1d27d10","isMergeCommit":false,"messageTitle":"Update docs/AboutUs.md","messageBody":"Update AboutUs portfolio to align with other members\n\nCo-authored-by: leyew \u003c102467346+itsme-zeix@users.noreply.github.com\u003e","fileTypesAndContributionMap":{"docs":{"insertions":2,"deletions":1}}},{"hash":"c1236323f6e31b0af17fa1c62dccdb1122b7a807","isMergeCommit":false,"messageTitle":"Update docs/AboutUs.md","messageBody":"Update AboutUs roles and responsibilities for better alignment with other members\n\nCo-authored-by: leyew \u003c102467346+itsme-zeix@users.noreply.github.com\u003e","fileTypesAndContributionMap":{"docs":{"insertions":2,"deletions":2}}}]}],"itsme-zeix":[{"date":"2024-10-02","commitResults":[{"hash":"a06caf3656578a59cab6d0ff7a0ac5d314de38a6","isMergeCommit":false,"messageTitle":"Update AboutUs.md with Le Yew\u0027s info","messageBody":"","fileTypesAndContributionMap":{"docs":{"insertions":13,"deletions":13}}},{"hash":"5f27ea15d9e9441f4e0866bd8def4b308eaef25e","isMergeCommit":false,"messageTitle":"Update Quick Start in Userguide.md","messageBody":"","fileTypesAndContributionMap":{"docs":{"insertions":101,"deletions":66}}}]},{"date":"2024-10-03","commitResults":[{"hash":"25917a1f96e669507343a670e21cc4103348726f","isMergeCommit":true,"messageTitle":"Merge branch \u0027master\u0027 into add-about-us-leyew","messageBody":"","fileTypesAndContributionMap":{}}]},{"date":"2024-10-04","commitResults":[{"hash":"be727e71542327f49bf0747f74320f528b9a136e","isMergeCommit":true,"messageTitle":"Merge upstream master into current branch","messageBody":"","fileTypesAndContributionMap":{}},{"hash":"6c8ceb52a3cc94ea7bb2f688e6e842e20d568a77","isMergeCommit":false,"messageTitle":"Add example cd command and clarify example commands","messageBody":"","fileTypesAndContributionMap":{"docs":{"insertions":2,"deletions":2}}},{"hash":"ac450a73944d2f6756d1470fcb2d79a6b8dd3594","isMergeCommit":true,"messageTitle":"Merge pull request #27 from AY2425S1-CS2103T-T14-4/update-quick-start-guide","messageBody":"Update Quick Start section in User Guide","fileTypesAndContributionMap":{}}]}],"ZShunRen":[{"date":"2024-09-21","commitResults":[{"hash":"24bdab815da1f87d68d9588f29b466be837612fa","isMergeCommit":false,"messageTitle":"Update README.md with product name","messageBody":"","fileTypesAndContributionMap":{"docs":{"insertions":1,"deletions":1}}}]},{"date":"2024-09-28","commitResults":[{"hash":"17f25364334f5794e5288ba8af1876227c1dcf02","isMergeCommit":false,"messageTitle":"Add remark command","messageBody":"","fileTypesAndContributionMap":{"functional-code":{"insertions":212,"deletions":43},"test-code":{"insertions":140,"deletions":20}}},{"hash":"8d2259318901dc20eb1fda5b9f6f969a469e8ff2","isMergeCommit":false,"messageTitle":"Remove * import in EditCommand.java","messageBody":"","fileTypesAndContributionMap":{"functional-code":{"insertions":6,"deletions":1}}},{"hash":"bcf4223d86081082d9c5d71fab9c7fa18fe3a5c2","isMergeCommit":false,"messageTitle":"Update AboutUs.md","messageBody":"","fileTypesAndContributionMap":{"docs":{"insertions":5,"deletions":5}}},{"hash":"5ef81b91858f11f56b8d018d05fc25e5b0efc3af","isMergeCommit":false,"messageTitle":"Fix checkstyle issues","messageBody":"","fileTypesAndContributionMap":{"functional-code":{"insertions":45,"deletions":17},"test-code":{"insertions":2,"deletions":1}}}]},{"date":"2024-09-29","commitResults":[{"hash":"e97a3a5242fe003163177f5eb8311840eb777c91","isMergeCommit":true,"messageTitle":"Merge pull request #12 from AY2425S1-CS2103T-T14-4/add-personal-photo","messageBody":"Add Le Yew\u0027s Photo","fileTypesAndContributionMap":{}},{"hash":"a94421605362a27070257e207329dbdc6e0a6bb9","isMergeCommit":false,"messageTitle":"Fix constructor usage and add new test","messageBody":"Amend constructor usage in JsonAdaptedPersonTest.java file and\nJsonAdaptedPerson.java file.\n\nAs the JsonAdaptedPerson has an additional remark parameter, the lack of\nthis parameter in the test file\u0027s constructor calling led to an error.\n\nThus the constructor calls have the remark parameter specified now.\n","fileTypesAndContributionMap":{"functional-code":{"insertions":2,"deletions":2},"test-code":{"insertions":23,"deletions":9}}},{"hash":"9bd834d3f2086d7b71da1d9a76bef3ce7a41f088","isMergeCommit":false,"messageTitle":"Fix checkstyle issues in test files","messageBody":"","fileTypesAndContributionMap":{"test-code":{"insertions":19,"deletions":7}}},{"hash":"4f21f3f30d31fb7f778346f9bc56e4f3600947b3","isMergeCommit":false,"messageTitle":"Add message format in remark test file","messageBody":"","fileTypesAndContributionMap":{"test-code":{"insertions":6,"deletions":3}}}]},{"date":"2024-09-30","commitResults":[{"hash":"206dc1df99edb33e2d6243a1bbcd5f4297467278","isMergeCommit":false,"messageTitle":"Adjust test case files to addition of remark","messageBody":"","fileTypesAndContributionMap":{"test-code":{"insertions":7,"deletions":1}}},{"hash":"1871c9b808a0ccd612a40f6d6a1c0989bafd8b59","isMergeCommit":false,"messageTitle":"Change name in config file to product","messageBody":"","fileTypesAndContributionMap":{"other":{"insertions":2,"deletions":2}}},{"hash":"3bdc276c75d73fe4dc94a7becd3b0211f72bdaf5","isMergeCommit":false,"messageTitle":"Add spacing between lines","messageBody":"","fileTypesAndContributionMap":{"functional-code":{"insertions":1,"deletions":0},"test-code":{"insertions":11,"deletions":12}}},{"hash":"157ba53622395538b4648fccb2d9229546f9990e","isMergeCommit":false,"messageTitle":"Update Ui photo and product name","messageBody":"","fileTypesAndContributionMap":{"docs":{"insertions":15,"deletions":2}}},{"hash":"ad54498852930527120ab4d4dd13cff71cb1580e","isMergeCommit":false,"messageTitle":"Update product name and ui photo size","messageBody":"","fileTypesAndContributionMap":{"docs":{"insertions":11,"deletions":4}}},{"hash":"ad05ccd59aa0567468cc4d894882decfcf3294cc","isMergeCommit":false,"messageTitle":"Add user stories to dg","messageBody":"","fileTypesAndContributionMap":{"docs":{"insertions":25,"deletions":9}}}]},{"date":"2024-10-02","commitResults":[{"hash":"0b610eb712a372a8b877751eae55ae3667e10a64","isMergeCommit":true,"messageTitle":"Merge pull request #17 from FionaQY/edit-about-us","messageBody":"AboutUs Page - Fiona","fileTypesAndContributionMap":{}},{"hash":"3ccde45cebe547bb6ff6c64e0cd1e66595555922","isMergeCommit":false,"messageTitle":"Remove excess whitespace in remark parser","messageBody":"","fileTypesAndContributionMap":{"functional-code":{"insertions":0,"deletions":5}}},{"hash":"be4c3674d6a62ff41b5f53d8b63d4f56874c0ba6","isMergeCommit":false,"messageTitle":"Add whitespace between lines in remark test","messageBody":"","fileTypesAndContributionMap":{"test-code":{"insertions":19,"deletions":7}}},{"hash":"cecee4933ad2b85e213b406ec08ddd5af22eef5f","isMergeCommit":true,"messageTitle":"Merge branch \u0027AgentAssist-RemarkCommand-Dev\u0027 of https://github.com/ZShunRen/tp into AgentAssist-RemarkCommand-Dev","messageBody":"","fileTypesAndContributionMap":{}}]},{"date":"2024-10-03","commitResults":[{"hash":"e8cab9a46dcb252d8343e10376cc26aa129be147","isMergeCommit":true,"messageTitle":"Resolve merge conflict in AboutUs","messageBody":"","fileTypesAndContributionMap":{}},{"hash":"067a71da2cb0b1e71fbb1fd8c73d0a7170312696","isMergeCommit":true,"messageTitle":"Merge branch \u0027master\u0027 of https://github.com/AY2425S1-CS2103T-T14-4/tp into tutorial-adding-command","messageBody":"","fileTypesAndContributionMap":{}},{"hash":"b9caa6d8638f53989f1d4d3bbacc45911c406b15","isMergeCommit":false,"messageTitle":"Add note to edit command for remarks","messageBody":"","fileTypesAndContributionMap":{"docs":{"insertions":3,"deletions":0}}},{"hash":"6bb367e4f995dd9b897bceeb0d66929e7fa7d5c2","isMergeCommit":true,"messageTitle":"Merge pull request #32 from ZShunRen/tutorial-adding-command","messageBody":"Add remark command","fileTypesAndContributionMap":{}}]},{"date":"2024-10-04","commitResults":[{"hash":"572593038bf9fa310ae511817d2b7ff80d9ca5c7","isMergeCommit":true,"messageTitle":"Merge pull request #36 from FionaQY/update-readme","messageBody":"Update README.md to remove traces of AB3","fileTypesAndContributionMap":{}}]}],"FionaQY":[{"date":"2024-09-29","commitResults":[{"hash":"9f5b304716bd0cc128d26bc7f6e7f4619292a026","isMergeCommit":false,"messageTitle":"Edit AboutUs.md","messageBody":"","fileTypesAndContributionMap":{"docs":{"insertions":5,"deletions":5}}}]},{"date":"2024-10-02","commitResults":[{"hash":"3b650bd46f0f9de2e84b821cc0f39481a812b2a8","isMergeCommit":true,"messageTitle":"Merge pull request #18 from ZShunRen/website-dev","messageBody":"Change name in config file to product","fileTypesAndContributionMap":{}}]},{"date":"2024-10-03","commitResults":[{"hash":"76bd0d4916344e2591c6795501a15c1af62000fb","isMergeCommit":true,"messageTitle":"Merge pull request #22 from AY2425S1-CS2103T-T14-4/add-about-us-leyew","messageBody":"AboutUs Page - Le Yew","fileTypesAndContributionMap":{}},{"hash":"62e7263e85b58c8b4226002e27d44784249c8806","isMergeCommit":true,"messageTitle":"Merge pull request #14 from ZShunRen/aboutus-dev","messageBody":"AboutUs Page - Shun Ren","fileTypesAndContributionMap":{}},{"hash":"995f6691d36abca4c5113b26fdb83f4b055357ac","isMergeCommit":false,"messageTitle":"Edit glossary and user stories","messageBody":"","fileTypesAndContributionMap":{"docs":{"insertions":31,"deletions":9}}},{"hash":"1297c4990c75a4d72fdc5bf8303ebff17c3a0d3b","isMergeCommit":false,"messageTitle":"Resolve merge conflicts","messageBody":"","fileTypesAndContributionMap":{"docs":{"insertions":8,"deletions":10}}},{"hash":"33fd82c5bd51ac759f35ee29bc6f9184cebc37f5","isMergeCommit":false,"messageTitle":"Resolve merge conflicts","messageBody":"","fileTypesAndContributionMap":{"docs":{"insertions":2,"deletions":21}}},{"hash":"ca0bd63c96bc13e3c90fc1e9d386f37708c89469","isMergeCommit":false,"messageTitle":"Resolve merge conflicts","messageBody":"","fileTypesAndContributionMap":{"docs":{"insertions":2,"deletions":0}}},{"hash":"883774768018385ada0afd12d464fe80b8393294","isMergeCommit":false,"messageTitle":"Refine Glossary","messageBody":"","fileTypesAndContributionMap":{"docs":{"insertions":3,"deletions":4}}},{"hash":"3df486fbf6ee020bbb266da8a58582dd4f92adc5","isMergeCommit":true,"messageTitle":"Merge pull request #31 from FionaQY/edit-glossary","messageBody":"Edit glossary","fileTypesAndContributionMap":{}}]},{"date":"2024-10-04","commitResults":[{"hash":"23680b61543c435daab62877786238ee70cd7ad5","isMergeCommit":false,"messageTitle":"Update README.md","messageBody":"","fileTypesAndContributionMap":{"docs":{"insertions":3,"deletions":3}}},{"hash":"f3623fe8a37bf9de6aafb57853e46f4012e30a0c","isMergeCommit":false,"messageTitle":"Update README.md","messageBody":"","fileTypesAndContributionMap":{"docs":{"insertions":1,"deletions":1}}}]}]},"authorFileTypeContributionMap":{"iamdiluxedbutcooler":{"docs":28,"functional-code":0,"test-code":0},"colinhia":{"docs":5,"functional-code":0,"test-code":0},"itsme-zeix":{"docs":41,"functional-code":0,"test-code":0},"ZShunRen":{"docs":56,"functional-code":220,"test-code":188,"other":2},"FionaQY":{"docs":12,"functional-code":0,"test-code":0}},"authorContributionVariance":{"iamdiluxedbutcooler":59.555557,"colinhia":17.982225,"itsme-zeix":2311.8489,"ZShunRen":15346.596,"FionaQY":499.09338},"authorDisplayNameMap":{"iamdiluxedbutcooler":"CS2103T-T14-4 LITC..SORN","colinhia":"CS2103T-T14-4 COLI..XUAN","itsme-zeix":"CS2103T-T14-4 TAN .. YEW","ZShunRen":"CS2103T-T14-4 ZHEN.. REN","FionaQY":"CS2103T-T14-4 FION..QIAN"}}
