{"authorDailyContributionsMap":{"linette-g":[{"date":"2024-09-24","commitResults":[{"hash":"1abc3a3937542d2bf79dbc715f3835c2fc9ea96f","isMergeCommit":false,"messageTitle":"Update AboutUs for Linette","messageBody":"","fileTypesAndContributionMap":{"docs":{"insertions":51,"deletions":5}}},{"hash":"d7ad478a9335e999c9d06e3db5def178163b1758","isMergeCommit":true,"messageTitle":"Merge pull request #24 from brendanng7/branch-add-aboutus","messageBody":"Update AboutUs for Brendan","fileTypesAndContributionMap":{}},{"hash":"24b222e39e0f7871d698b3529e78d00940f682f5","isMergeCommit":false,"messageTitle":"Update email","messageBody":"","fileTypesAndContributionMap":{"docs":{"insertions":1,"deletions":1}}},{"hash":"14479f4ad297a2c238dd67985f382d20f9215b92","isMergeCommit":false,"messageTitle":"Update email in AboutUs","messageBody":"","fileTypesAndContributionMap":{"docs":{"insertions":1,"deletions":1}}},{"hash":"989253feb82de7ab49d86a1391e29b5e61f1e467","isMergeCommit":false,"messageTitle":"Update link","messageBody":"","fileTypesAndContributionMap":{"docs":{"insertions":1,"deletions":1}}}]},{"date":"2024-09-25","commitResults":[{"hash":"42f14fd98b42836fcb337a10e34ebc60fcc79061","isMergeCommit":true,"messageTitle":"Merge remote-tracking branch \u0027upstream/master\u0027","messageBody":"","fileTypesAndContributionMap":{}}]},{"date":"2024-10-02","commitResults":[{"hash":"cb2191565ee6907867ac23ab0b8fe062a90c5933","isMergeCommit":true,"messageTitle":"Merge remote-tracking branch \u0027upstream/master\u0027","messageBody":"","fileTypesAndContributionMap":{}},{"hash":"bf769100bf511a33f88a8d913ba49d0e7983a51e","isMergeCommit":false,"messageTitle":"Update mark and delete command to support NRIC","messageBody":"","fileTypesAndContributionMap":{"functional-code":{"insertions":94,"deletions":21}}},{"hash":"b3cac6bc4e4f0b9a1942304e5e2eb0477e28be1c","isMergeCommit":false,"messageTitle":"Update JavaDocs","messageBody":"","fileTypesAndContributionMap":{"functional-code":{"insertions":37,"deletions":5}}},{"hash":"d804de205bc84df25b53ae251f2f5ceefd2b56f5","isMergeCommit":false,"messageTitle":"Update MarkCommand tests to include NRIC","messageBody":"","fileTypesAndContributionMap":{"test-code":{"insertions":65,"deletions":3}}},{"hash":"f236e6c554f2e48874860b3edc55c71b7d270ce8","isMergeCommit":false,"messageTitle":"Update tests","messageBody":"","fileTypesAndContributionMap":{"test-code":{"insertions":55,"deletions":10}}},{"hash":"836eededd065c9b5ca10a9f0fb939abb1e7f233d","isMergeCommit":true,"messageTitle":"Merge remote-tracking branch \u0027upstream/master\u0027 into branch-extend-nric","messageBody":"","fileTypesAndContributionMap":{}},{"hash":"f21ed093ae8c586b8a240640210996fff64c7d31","isMergeCommit":false,"messageTitle":"Update code style","messageBody":"","fileTypesAndContributionMap":{"test-code":{"insertions":5,"deletions":1}}},{"hash":"dedd651d412e2d159c86525ae011096ec79cc88b","isMergeCommit":false,"messageTitle":"Update imports to single imports","messageBody":"","fileTypesAndContributionMap":{"test-code":{"insertions":1,"deletions":1}}}]},{"date":"2024-10-03","commitResults":[{"hash":"506e491c7c1f8581f38dd72a461bd287e1b4e43f","isMergeCommit":false,"messageTitle":"Update delete command tests","messageBody":"","fileTypesAndContributionMap":{"test-code":{"insertions":22,"deletions":0}}}]},{"date":"2024-10-04","commitResults":[{"hash":"1b9d3a8c5019fe08d1c897585cbbad72ada76cc5","isMergeCommit":false,"messageTitle":"Update EditCommand to support NRIC","messageBody":"","fileTypesAndContributionMap":{"functional-code":{"insertions":53,"deletions":16},"test-code":{"insertions":86,"deletions":8}}}]},{"date":"2024-10-09","commitResults":[{"hash":"7dfcbd72e4d9c023381895d658f63c7e8e5b7a20","isMergeCommit":true,"messageTitle":"Merge pull request #49 from zyng233/add-history-call","messageBody":"Add history call command with NRIC and Index","fileTypesAndContributionMap":{}}]},{"date":"2024-10-12","commitResults":[{"hash":"f60bb9f01dcd120d2e26ab74130d3d875dfcf84a","isMergeCommit":false,"messageTitle":"Refactor ContactDate to ContactRecord","messageBody":"","fileTypesAndContributionMap":{"functional-code":{"insertions":187,"deletions":187},"other":{"insertions":31,"deletions":31},"test-code":{"insertions":350,"deletions":349}}},{"hash":"1b263e963e8f19eff78350853759166e7ce56458","isMergeCommit":false,"messageTitle":"Update checkstyle","messageBody":"","fileTypesAndContributionMap":{"functional-code":{"insertions":2,"deletions":1}}}]},{"date":"2024-10-13","commitResults":[{"hash":"04144cf443042150fa8b37ba2e7be7ac8223e890","isMergeCommit":true,"messageTitle":"Merge pull request #60 from linette-g/branch-refactor","messageBody":"Refactor ContactDate to ContactRecord","fileTypesAndContributionMap":{}}]},{"date":"2024-10-17","commitResults":[{"hash":"81067dc291b1221ffaf60ef4e8cf6616bc27c8f9","isMergeCommit":false,"messageTitle":"Update name","messageBody":"","fileTypesAndContributionMap":{"functional-code":{"insertions":1,"deletions":1}}},{"hash":"57aa3a6fe9e64b4f610090556a533b091746e758","isMergeCommit":false,"messageTitle":"Minor fixes for comments","messageBody":"","fileTypesAndContributionMap":{"functional-code":{"insertions":3,"deletions":3}}},{"hash":"64ddaec08a5243f7104c472e59e560b7e75be951","isMergeCommit":false,"messageTitle":"Update person card to show next contact date","messageBody":"","fileTypesAndContributionMap":{"functional-code":{"insertions":3,"deletions":3}}}]},{"date":"2024-10-18","commitResults":[{"hash":"d4771e26dbc18ee30c58649d29121485c00c0c59","isMergeCommit":false,"messageTitle":"Update to display notes in call history","messageBody":"","fileTypesAndContributionMap":{"functional-code":{"insertions":47,"deletions":32},"test-code":{"insertions":24,"deletions":6}}},{"hash":"bc38648beef944bc4e8bcd28ec9609300bab7f68","isMergeCommit":false,"messageTitle":"Remove debug message","messageBody":"","fileTypesAndContributionMap":{"functional-code":{"insertions":0,"deletions":1}}},{"hash":"ef9931165def3f23ee99404521fc8722206f7180","isMergeCommit":false,"messageTitle":"Refactor add method to return a Local Date","messageBody":"","fileTypesAndContributionMap":{"functional-code":{"insertions":11,"deletions":5},"test-code":{"insertions":2,"deletions":2}}},{"hash":"c1f489bed8e3f98e63bb371d19c747c9ddae8784","isMergeCommit":false,"messageTitle":"Update message format","messageBody":"","fileTypesAndContributionMap":{"functional-code":{"insertions":2,"deletions":2},"test-code":{"insertions":1,"deletions":1}}},{"hash":"d789988c565dabfa8e1805753afb99922d140ce8","isMergeCommit":false,"messageTitle":"Remove next contact date","messageBody":"","fileTypesAndContributionMap":{"functional-code":{"insertions":0,"deletions":2}}},{"hash":"95716ff5a264796e2aa614981689554ff5ef1d1b","isMergeCommit":true,"messageTitle":"Merge pull request #64 from GabrielCWT/add-labels","messageBody":"Add labels to Person details","fileTypesAndContributionMap":{}},{"hash":"d2c6f2041b17438bc57c5bc48d6a04a2fb484e2d","isMergeCommit":true,"messageTitle":"Merge pull request #77 from GabrielCWT/reverse-listing-call-history","messageBody":"Implement reverse listing of call history","fileTypesAndContributionMap":{}}]},{"date":"2024-10-19","commitResults":[{"hash":"a1f4fde0f8d76ff222b789d900ab2c603db6e163","isMergeCommit":false,"messageTitle":"Update user guide","messageBody":"","fileTypesAndContributionMap":{"docs":{"insertions":65,"deletions":28}}},{"hash":"d01a9eaf58d7e7fcc718ab36b9147a6377fcd89c","isMergeCommit":false,"messageTitle":"Update documentation","messageBody":"","fileTypesAndContributionMap":{"docs":{"insertions":1,"deletions":1}}}]},{"date":"2024-10-20","commitResults":[{"hash":"dafb07d60df017bd1c4ad94f804468b96c9f10fc","isMergeCommit":false,"messageTitle":"Fix help window","messageBody":"","fileTypesAndContributionMap":{"functional-code":{"insertions":1,"deletions":1}}}]},{"date":"2024-10-21","commitResults":[{"hash":"14be0ba6aa1a2127a46ab6a61de1bd3628c1fc0b","isMergeCommit":false,"messageTitle":"Update date checking in help window","messageBody":"","fileTypesAndContributionMap":{"functional-code":{"insertions":4,"deletions":1}}},{"hash":"0c9777de37b754c7431e941cca5ca962c1f1d1dc","isMergeCommit":false,"messageTitle":"Update screenshot","messageBody":"","fileTypesAndContributionMap":{"functional-code":{"insertions":1,"deletions":1}}},{"hash":"53e1f9ff08fe826138521a8da3fbceb8e7f29172","isMergeCommit":false,"messageTitle":"Update dev guide","messageBody":"","fileTypesAndContributionMap":{"docs":{"insertions":4,"deletions":9}}},{"hash":"a8af98fc3ee17ea999d29198472e8a6fd397c424","isMergeCommit":true,"messageTitle":"Merge remote-tracking branch \u0027upstream/master\u0027 into branch-dgupdates","messageBody":"","fileTypesAndContributionMap":{}},{"hash":"c317cbcbae820ac033078b1f1c94360b9d704f5c","isMergeCommit":false,"messageTitle":"Fix checkstyle","messageBody":"","fileTypesAndContributionMap":{"functional-code":{"insertions":1,"deletions":1}}},{"hash":"50ba06c6c9ea8b41cbd40ea65af184fcbaced8a6","isMergeCommit":true,"messageTitle":"Merge pull request #101 from linette-g/branch-dgupdates","messageBody":"Update use case for delete command","fileTypesAndContributionMap":{}}]},{"date":"2024-10-23","commitResults":[{"hash":"bea14b3afde328276ee95f47053968cc792677b4","isMergeCommit":false,"messageTitle":"Update uml diagram","messageBody":"","fileTypesAndContributionMap":{"docs":{"insertions":3,"deletions":0}}},{"hash":"4cd98ca839d03223d2d0bfbd14ffd950fa197e0f","isMergeCommit":true,"messageTitle":"Merge remote-tracking branch \u0027upstream/master\u0027 into branch-uml","messageBody":"","fileTypesAndContributionMap":{}},{"hash":"161020e732d57728ca8b41c96db06a4e45c1ba10","isMergeCommit":true,"messageTitle":"Merge pull request #106 from linette-g/branch-uml","messageBody":"Update BetterModelClassDiagram","fileTypesAndContributionMap":{}}]},{"date":"2024-10-25","commitResults":[{"hash":"c1c439f512d2bdd7c2b4c9ab56b7358de483f893","isMergeCommit":false,"messageTitle":"Update use cases","messageBody":"","fileTypesAndContributionMap":{"docs":{"insertions":2,"deletions":2}}},{"hash":"c9b6f99d003942a6588e1bbe3068c554650aa5cb","isMergeCommit":false,"messageTitle":"Update JavaDocs","messageBody":"","fileTypesAndContributionMap":{"functional-code":{"insertions":3,"deletions":0}}}]},{"date":"2024-10-26","commitResults":[{"hash":"aabfae103b01293a027a6bac40a20002b7694cc3","isMergeCommit":false,"messageTitle":"Fix typo","messageBody":"","fileTypesAndContributionMap":{"docs":{"insertions":1,"deletions":1}}},{"hash":"f344cb606d4f202a2219af5335611a41c28cc7a4","isMergeCommit":false,"messageTitle":"Update user guide","messageBody":"","fileTypesAndContributionMap":{"docs":{"insertions":2,"deletions":1}}},{"hash":"31b01150d2a5cfe314111b7886157a2f76053412","isMergeCommit":true,"messageTitle":"Merge pull request #124 from linette-g/branch-usecases","messageBody":"Update use cases","fileTypesAndContributionMap":{}}]},{"date":"2024-10-29","commitResults":[{"hash":"7c0a9f312b2eed3e487230959fb34cf49deb075a","isMergeCommit":false,"messageTitle":"Fix minor bugs","messageBody":"","fileTypesAndContributionMap":{"functional-code":{"insertions":6,"deletions":5},"docs":{"insertions":44,"deletions":40}}},{"hash":"2f005e7784869b4a702bcf29af4c7dd2db5fbb2a","isMergeCommit":false,"messageTitle":"Update header","messageBody":"","fileTypesAndContributionMap":{"docs":{"insertions":38,"deletions":38}}},{"hash":"4b8a6c90b52507aebfd30310a0c96913f1a91556","isMergeCommit":false,"messageTitle":"Update user stories","messageBody":"","fileTypesAndContributionMap":{"docs":{"insertions":38,"deletions":38}}}]},{"date":"2024-10-30","commitResults":[{"hash":"6e70775509818f36d378d4bb003b2c39ea5120fe","isMergeCommit":false,"messageTitle":"Update user stories to use elderly","messageBody":"","fileTypesAndContributionMap":{"functional-code":{"insertions":5,"deletions":5},"docs":{"insertions":24,"deletions":24}}},{"hash":"a8efdda5ef7ee06fbba3bc2cbde2a36e5f595790","isMergeCommit":true,"messageTitle":"Merge remote-tracking branch \u0027upstream/master\u0027 into branch-bug-fixes","messageBody":"","fileTypesAndContributionMap":{}},{"hash":"9dcb71e78b8fb5f3be671d9423783fb653cd7bb1","isMergeCommit":false,"messageTitle":"Fix ug and dg","messageBody":"","fileTypesAndContributionMap":{"docs":{"insertions":10,"deletions":10}}},{"hash":"5254e8f3ab6bbaff8ebbffb74d74377bbc6ed2b8","isMergeCommit":true,"messageTitle":"Merge pull request #152 from linette-g/branch-bug-fixes","messageBody":"Update user stories and other minor fixes","fileTypesAndContributionMap":{}}]}],"Zenkoh1":[{"date":"2024-09-24","commitResults":[{"hash":"931d00dc64c2d592db8a58010912091e00941e52","isMergeCommit":false,"messageTitle":"Edit AboutUs for Zen","messageBody":"","fileTypesAndContributionMap":{"docs":{"insertions":52,"deletions":6}}},{"hash":"16f47042f0e1c951bcb73e1d035703e4e9f84ab0","isMergeCommit":true,"messageTitle":"Merge pull request #28 from linette-g/branch-aboutus","messageBody":"Update AboutUs for Linette","fileTypesAndContributionMap":{}},{"hash":"7fa2fd0fcba8ef4a63ff34b0de17efc1b0ed2945","isMergeCommit":true,"messageTitle":"Merge pull request #29 from zyng233/add-AboutUs","messageBody":"Update AboutUs for Ziying","fileTypesAndContributionMap":{}},{"hash":"618ca3a99ef60286641fada6401b475729e6adcd","isMergeCommit":true,"messageTitle":"Merge pull request #30 from brendanng7/branch-update-site-wide-settings","messageBody":"Update site wide settings for team F14b-3","fileTypesAndContributionMap":{}}]},{"date":"2024-09-25","commitResults":[{"hash":"d25242f82a29a9d9222ce6ab44911a5692f32f4f","isMergeCommit":true,"messageTitle":"Merge pull request #34 from GabrielCWT/update-developer-guide","messageBody":"Update developer guide","fileTypesAndContributionMap":{}}]},{"date":"2024-10-01","commitResults":[{"hash":"3dd6b394d92c800645c2d6bfcdfd49c18003438f","isMergeCommit":false,"messageTitle":"Add Nric field to person model","messageBody":"","fileTypesAndContributionMap":{"functional-code":{"insertions":233,"deletions":45},"test-code":{"insertions":282,"deletions":145}}},{"hash":"630524c0179ff9093d7c4c5960be13a678ad5c74","isMergeCommit":false,"messageTitle":"Fix checkstyle errors","messageBody":"","fileTypesAndContributionMap":{"functional-code":{"insertions":5,"deletions":1},"test-code":{"insertions":87,"deletions":15}}},{"hash":"f155b355016e7fe340951ef7bef67ec83bcb69d6","isMergeCommit":false,"messageTitle":"Revert some changes from SceneBuilder","messageBody":"","fileTypesAndContributionMap":{"functional-code":{"insertions":1,"deletions":5}}},{"hash":"2801d44eb9e0654a282f22839314430bc6f05dde","isMergeCommit":false,"messageTitle":"Add somemore nric validation tests","messageBody":"","fileTypesAndContributionMap":{"test-code":{"insertions":4,"deletions":0}}},{"hash":"3aff821cc0ba6f2c5b749cfd6616ef796505145f","isMergeCommit":true,"messageTitle":"Merge pull request #36 from GabrielCWT/mark-as-contacted","messageBody":"Implement mark elderly as contacted","fileTypesAndContributionMap":{}},{"hash":"e19cb0715e8b1f4b1b88e076c4ecfc57f7dcf493","isMergeCommit":false,"messageTitle":"Improve code style","messageBody":"","fileTypesAndContributionMap":{"functional-code":{"insertions":9,"deletions":10}}},{"hash":"9461f0a484e36bb865e6724de02185d31f2a31fd","isMergeCommit":true,"messageTitle":"Merge pull request #40 from Zenkoh1/improve-code-style-nric","messageBody":"Improve code style for nric implementation","fileTypesAndContributionMap":{}}]},{"date":"2024-10-08","commitResults":[{"hash":"3bb9e35359a930cb37275da7fc979c4589eded2c","isMergeCommit":false,"messageTitle":"Improve Nric test cases","messageBody":"","fileTypesAndContributionMap":{"test-code":{"insertions":5,"deletions":0}}},{"hash":"e0126b9520f0af0005fbe00332cd674123025a8e","isMergeCommit":true,"messageTitle":"Merge pull request #51 from Zenkoh1/improve-nric-test-cases","messageBody":"Improve Nric test cases","fileTypesAndContributionMap":{}}]},{"date":"2024-10-09","commitResults":[{"hash":"3ef0ff7da87d821bd72396fa73c72f7a0e24187d","isMergeCommit":true,"messageTitle":"Merge pull request #48 from brendanng7/branch-list-sort-priority","messageBody":"Add Call frequency field for branch list sorting in the future","fileTypesAndContributionMap":{}}]},{"date":"2024-10-11","commitResults":[{"hash":"ccd6700d5e147d4b66b29a3c0b16735921dfc253","isMergeCommit":false,"messageTitle":"Add similar persons functionality","messageBody":"","fileTypesAndContributionMap":{"functional-code":{"insertions":121,"deletions":4},"test-code":{"insertions":217,"deletions":1}}},{"hash":"a601385982de3a9cd146d2af9d2cf0fb8ee2f7b5","isMergeCommit":false,"messageTitle":"Touch up on JavaDocs","messageBody":"","fileTypesAndContributionMap":{"functional-code":{"insertions":3,"deletions":0}}},{"hash":"180978b1a142d23a33c8eb02320e058d245df121","isMergeCommit":false,"messageTitle":"Add more to JavaDocs","messageBody":"","fileTypesAndContributionMap":{"functional-code":{"insertions":7,"deletions":0}}},{"hash":"f209de1cf78aedf617e6ee3adcfc0eb59ca69261","isMergeCommit":false,"messageTitle":"Clean up code","messageBody":"","fileTypesAndContributionMap":{"functional-code":{"insertions":2,"deletions":2}}}]},{"date":"2024-10-16","commitResults":[{"hash":"db279b2665595180fe8fe4b5565e3a240b2cc0c1","isMergeCommit":true,"messageTitle":"Merge pull request #65 from brendanng7/branch-help-window","messageBody":"Improve Help Window ","fileTypesAndContributionMap":{}}]},{"date":"2024-10-17","commitResults":[{"hash":"0d9b383cbd2f687cab2bebc74255ed5ddee6367c","isMergeCommit":false,"messageTitle":"Remove AB3 references from UG","messageBody":"","fileTypesAndContributionMap":{"functional-code":{"insertions":3,"deletions":7},"other":{"insertions":1,"deletions":1},"docs":{"insertions":17,"deletions":17},"test-code":{"insertions":2,"deletions":2}}},{"hash":"900f8c090cfbb4263016b29a440c1c5c85576e3d","isMergeCommit":false,"messageTitle":"Revert help window changes","messageBody":"","fileTypesAndContributionMap":{"functional-code":{"insertions":6,"deletions":2}}}]},{"date":"2024-10-18","commitResults":[{"hash":"c6d0253bcff10fa70ecbc7e6452f8d1efc17ebb2","isMergeCommit":false,"messageTitle":"Merge master","messageBody":"","fileTypesAndContributionMap":{"functional-code":{"insertions":24,"deletions":1}}},{"hash":"6af5f90f4e77b96a145df707dbd643b5d366a996","isMergeCommit":false,"messageTitle":"Fix merge","messageBody":"","fileTypesAndContributionMap":{"functional-code":{"insertions":0,"deletions":14}}},{"hash":"fc30ef554526de882db06b8c3be840369cd08e47","isMergeCommit":false,"messageTitle":"Clean up code","messageBody":"","fileTypesAndContributionMap":{"functional-code":{"insertions":96,"deletions":24},"test-code":{"insertions":52,"deletions":16}}},{"hash":"0eb09fd0144e2899b73727c2223f6dd2974caa0e","isMergeCommit":false,"messageTitle":"Fix checkstyle errors","messageBody":"","fileTypesAndContributionMap":{"functional-code":{"insertions":18,"deletions":17},"test-code":{"insertions":5,"deletions":3}}},{"hash":"d7185cb90f66d695013b22c5801b0ee38acac28c","isMergeCommit":false,"messageTitle":"Update UG and command summary table in help window","messageBody":"","fileTypesAndContributionMap":{"functional-code":{"insertions":5,"deletions":2},"docs":{"insertions":20,"deletions":1}}}]},{"date":"2024-10-20","commitResults":[{"hash":"738cae7a251be9e12400590a81786eee06ddb2ec","isMergeCommit":true,"messageTitle":"Merge upstream","messageBody":"","fileTypesAndContributionMap":{}},{"hash":"9fa0cbbfc5f4d525910e2f01b0f250327b2ef2b9","isMergeCommit":true,"messageTitle":"Merge pull request #83 from Zenkoh1/add-date-param-to-mark-command","messageBody":"Add date param to mark command","fileTypesAndContributionMap":{}},{"hash":"3fa74a9f46146ad55f9c256b63a193514bdfac59","isMergeCommit":false,"messageTitle":"Add navigation of command history","messageBody":"","fileTypesAndContributionMap":{"functional-code":{"insertions":85,"deletions":0},"test-code":{"insertions":36,"deletions":0}}},{"hash":"177dc4d78c3ccd863e2f71451ee922acecc5d9ef","isMergeCommit":false,"messageTitle":"Rename method","messageBody":"","fileTypesAndContributionMap":{"functional-code":{"insertions":2,"deletions":2},"test-code":{"insertions":4,"deletions":4}}},{"hash":"82fca6e02d520bf287517e1763491ad98125e4b5","isMergeCommit":false,"messageTitle":"Refactor commandtexthistory and update DG","messageBody":"","fileTypesAndContributionMap":{"functional-code":{"insertions":81,"deletions":10},"other":{"insertions":1,"deletions":1},"docs":{"insertions":5,"deletions":1},"test-code":{"insertions":1,"deletions":0}}},{"hash":"e9537fa49f5fcc88f85bd31b4953da992c782966","isMergeCommit":false,"messageTitle":"Fix tests and checkstyle","messageBody":"","fileTypesAndContributionMap":{"functional-code":{"insertions":6,"deletions":7},"other":{"insertions":1,"deletions":2},"test-code":{"insertions":36,"deletions":0}}},{"hash":"a4977ec24c7f32e3b69814be38f6f328d81a68c4","isMergeCommit":false,"messageTitle":"Change UG numbering","messageBody":"","fileTypesAndContributionMap":{"docs":{"insertions":1,"deletions":1}}},{"hash":"a769dfefbe9b788410614db5b0d1517dd8b94279","isMergeCommit":false,"messageTitle":"Touch up on DG","messageBody":"","fileTypesAndContributionMap":{"docs":{"insertions":1,"deletions":1}}},{"hash":"d4f2e4bcce9a1a1c4d9c0a2ba1648178f9f53a87","isMergeCommit":false,"messageTitle":"Edit UserGuide","messageBody":"","fileTypesAndContributionMap":{"docs":{"insertions":3,"deletions":0}}}]},{"date":"2024-10-21","commitResults":[{"hash":"9630ee7b49af7ceb0974391f9fb5ac0b60d88ef1","isMergeCommit":true,"messageTitle":"Merge pull request #91 from Zenkoh1/add-command-history","messageBody":"Add command history feature","fileTypesAndContributionMap":{}}]},{"date":"2024-10-23","commitResults":[{"hash":"59bce8a4a9efce548413a4880e77f61b5c8f24fd","isMergeCommit":false,"messageTitle":"Remove portfolio link on AboutUs","messageBody":"","fileTypesAndContributionMap":{"docs":{"insertions":1,"deletions":5}}}]},{"date":"2024-10-25","commitResults":[{"hash":"ba0bfda83593f53c11bdfa1a4523d418ee20ffbe","isMergeCommit":false,"messageTitle":"Add mark sequence diagram","messageBody":"","fileTypesAndContributionMap":{"docs":{"insertions":111,"deletions":3}}},{"hash":"d8677a472eb096b387a565749dc9a0bc47e50285","isMergeCommit":true,"messageTitle":"Merge pull request #118 from GabrielCWT/enable-assertions","messageBody":"Enable assertions for gradle","fileTypesAndContributionMap":{}},{"hash":"6d779655e6ba9b47bcef9958bf9298c5da629e1c","isMergeCommit":false,"messageTitle":"Change return value","messageBody":"","fileTypesAndContributionMap":{"functional-code":{"insertions":2,"deletions":1},"other":{"insertions":4,"deletions":0},"docs":{"insertions":5,"deletions":5}}},{"hash":"f331c1b79129c872a3d033a8f0b5755a59ab700c","isMergeCommit":false,"messageTitle":"Revert assertion","messageBody":"","fileTypesAndContributionMap":{"functional-code":{"insertions":1,"deletions":2},"other":{"insertions":0,"deletions":4}}},{"hash":"4a8ec3f32fda207f08cfae6feef910aac8071169","isMergeCommit":true,"messageTitle":"Merge pull request #121 from Zenkoh1/add-sequence-diagram","messageBody":"Add mark sequence diagram","fileTypesAndContributionMap":{}},{"hash":"19cc086e33ee077111bd36fc0d43343f36599aa2","isMergeCommit":true,"messageTitle":"Merge pull request #123 from brendanng7/branch-change-date-mark","messageBody":"Update date to be more recent","fileTypesAndContributionMap":{}},{"hash":"f0bf22d98297e4700473bd5a233c80b85901e8f0","isMergeCommit":false,"messageTitle":"Make mark diagram smaller","messageBody":"","fileTypesAndContributionMap":{"docs":{"insertions":3,"deletions":30}}},{"hash":"6c4cbc0edd6da79b72da8b2ed49e1f9a473d7f86","isMergeCommit":false,"messageTitle":"Increase quality of seq","messageBody":"","fileTypesAndContributionMap":{"docs":{"insertions":2,"deletions":1}}},{"hash":"3348e768421de47ea734b99cdfeb071b1ea09938","isMergeCommit":true,"messageTitle":"Merge pull request #127 from Zenkoh1/make-sequence-diagram-clear","messageBody":"Increase quality of sequence diagram","fileTypesAndContributionMap":{}},{"hash":"5d2669c6caf98ccbcad1c7e04b86e31bb304a1b0","isMergeCommit":false,"messageTitle":"Fix sample data","messageBody":"","fileTypesAndContributionMap":{"functional-code":{"insertions":6,"deletions":6}}},{"hash":"be2b3e10038bd3ef3446593a1c62443e78f18862","isMergeCommit":false,"messageTitle":"Change other parts","messageBody":"","fileTypesAndContributionMap":{"test-code":{"insertions":3,"deletions":3}}}]},{"date":"2024-10-26","commitResults":[{"hash":"86bafb5082bfbaf9d298ac2799e49b62f722f870","isMergeCommit":true,"messageTitle":"Merge pull request #128 from Zenkoh1/fix-sample-data","messageBody":"Fix sample data","fileTypesAndContributionMap":{}}]},{"date":"2024-10-28","commitResults":[{"hash":"73987bcc2bf1541a086bfb3ed98b6a784cced3e1","isMergeCommit":true,"messageTitle":"Merge pull request #136 from brendanng7/branch-small-puml","messageBody":"Make activity diagram more compact","fileTypesAndContributionMap":{}},{"hash":"fad9ab224a7caa0f35321ed48694ac774ccd3a9e","isMergeCommit":false,"messageTitle":"Fix misc bugs","messageBody":"","fileTypesAndContributionMap":{"functional-code":{"insertions":62,"deletions":22},"docs":{"insertions":12,"deletions":1},"test-code":{"insertions":12,"deletions":1}}}]},{"date":"2024-10-29","commitResults":[{"hash":"79c8144a2338bc0544e02b588f929f7ba4cd86e9","isMergeCommit":false,"messageTitle":"Clarify NRIC UG","messageBody":"","fileTypesAndContributionMap":{"docs":{"insertions":8,"deletions":4}}}]},{"date":"2024-11-01","commitResults":[{"hash":"8bccd859ba8bd8ba5d51ff56b75d0f52be3f44de","isMergeCommit":false,"messageTitle":"Add person fields to UG","messageBody":"","fileTypesAndContributionMap":{"docs":{"insertions":30,"deletions":16}}},{"hash":"d64cdc253547cee93ebdd503b1ef9a101324bfe0","isMergeCommit":true,"messageTitle":"Merge master","messageBody":"","fileTypesAndContributionMap":{}},{"hash":"80d94fe0acdbb881f30de49a319ff4dcc38f7ecc","isMergeCommit":false,"messageTitle":"Make DG diagram text bigger","messageBody":"","fileTypesAndContributionMap":{"docs":{"insertions":3,"deletions":14}}},{"hash":"8801e888f12bbddcf287ef1f0a0fab8c7aa47e3f","isMergeCommit":false,"messageTitle":"Increase text size more","messageBody":"","fileTypesAndContributionMap":{"docs":{"insertions":2,"deletions":2}}},{"hash":"c34c68acd3dbddbc564997ace24872d92fbdb98a","isMergeCommit":false,"messageTitle":"Modify NFR","messageBody":"","fileTypesAndContributionMap":{"docs":{"insertions":2,"deletions":2}}},{"hash":"f63357d9ad6f092294d96687a0dc5751aad0a161","isMergeCommit":false,"messageTitle":"Standardise UG","messageBody":"","fileTypesAndContributionMap":{"docs":{"insertions":4,"deletions":4}}},{"hash":"ba4217b733ca03986c35d3a00739176baa4ce0fe","isMergeCommit":false,"messageTitle":"Fix misc issues","messageBody":"","fileTypesAndContributionMap":{"functional-code":{"insertions":1,"deletions":1},"docs":{"insertions":6,"deletions":7}}},{"hash":"2910da75a51a4bfef1d8cf7baa5d11b11b3ce62d","isMergeCommit":true,"messageTitle":"Merge pull request #171 from Zenkoh1/separate-person-fields-ug","messageBody":"Add person fields to UG and misc","fileTypesAndContributionMap":{}},{"hash":"7c989258f0ae0307eb82813f5ad27a90ecea91cc","isMergeCommit":false,"messageTitle":"Increase font and create new line","messageBody":"","fileTypesAndContributionMap":{"docs":{"insertions":6,"deletions":6}}},{"hash":"74777120413c0a661f8bb9517d5b1308bf4cd196","isMergeCommit":true,"messageTitle":"Merge pull request #174 from Zenkoh1/seq-diagram-small","messageBody":"Make sequence diagram font even bigger","fileTypesAndContributionMap":{}}]},{"date":"2024-11-03","commitResults":[{"hash":"dabfbcdffca631d0c6cb9e8ef3793a0b71b3c482","isMergeCommit":false,"messageTitle":"Update user stories and NFR","messageBody":"","fileTypesAndContributionMap":{"docs":{"insertions":55,"deletions":43}}},{"hash":"60de89e48136cc76aeaacb15b56a85cf18dc74e0","isMergeCommit":false,"messageTitle":"Revert random underscore","messageBody":"","fileTypesAndContributionMap":{"docs":{"insertions":1,"deletions":1}}},{"hash":"9c3b4b41cd786eee9f486a258c60fa897e5f22c6","isMergeCommit":false,"messageTitle":"Remove another underscore","messageBody":"","fileTypesAndContributionMap":{"docs":{"insertions":1,"deletions":1}}}]},{"date":"2024-11-04","commitResults":[{"hash":"e6c34307bd708e954d7768f118b4ac20fc9ccf80","isMergeCommit":false,"messageTitle":"Fix minor issues","messageBody":"","fileTypesAndContributionMap":{"docs":{"insertions":37,"deletions":38}}},{"hash":"e1a0a772f47f41e2676ebcde48a1322cf7f89dca","isMergeCommit":true,"messageTitle":"Merge pull request #177 from Zenkoh1/update-user-stories","messageBody":"Update user stories and NFR","fileTypesAndContributionMap":{}}]},{"date":"2024-11-06","commitResults":[{"hash":"b53098f9c1e56409e6df0eb0a9b5fe73eddc1cb9","isMergeCommit":true,"messageTitle":"Merge pull request #181 from zyng233/history-feature-flaw","messageBody":"Remove redundant extension in dg","fileTypesAndContributionMap":{}}]},{"date":"2024-11-07","commitResults":[{"hash":"f7c11f256049363951ae0e3a128b2c1674ae1d73","isMergeCommit":true,"messageTitle":"Merge pull request #184 from zyng233/history-feature-flaw","messageBody":"Add profile view in HistoryListPanel","fileTypesAndContributionMap":{}}]}],"GabrielCWT":[{"date":"2024-09-24","commitResults":[{"hash":"e5c72956b75f1e4e2d17b330574b82d6cefcfb7c","isMergeCommit":false,"messageTitle":"Update AboutUs.md","messageBody":"","fileTypesAndContributionMap":{"docs":{"insertions":5,"deletions":5}}},{"hash":"d043b43275c70bebc3823fcbfe09ccbadfaf709e","isMergeCommit":false,"messageTitle":"Add gabriel\u0027s portfolio","messageBody":"","fileTypesAndContributionMap":{"docs":{"insertions":44,"deletions":0}}},{"hash":"d2691ff8d48c90a5bca1d6325f576b349430b916","isMergeCommit":true,"messageTitle":"Merge pull request #25 from Zenkoh1/edit-aboutus-zen","messageBody":"Update AboutUs for Zen","fileTypesAndContributionMap":{}},{"hash":"b3ab93d3bc6653571733ae13cf4b3198cd345ae2","isMergeCommit":false,"messageTitle":"Update README.md","messageBody":"","fileTypesAndContributionMap":{"docs":{"insertions":17,"deletions":11}}},{"hash":"7ed84132cd834582ea30a86c49232d963a3deec6","isMergeCommit":false,"messageTitle":"Update value proposition and user profile","messageBody":"","fileTypesAndContributionMap":{"docs":{"insertions":2,"deletions":1}}},{"hash":"9213cf4a3bb74de0e94a199f05a0beb88704cd52","isMergeCommit":false,"messageTitle":"Update user stories","messageBody":"","fileTypesAndContributionMap":{"docs":{"insertions":35,"deletions":7}}}]},{"date":"2024-09-25","commitResults":[{"hash":"0b91794fbe7f116dc75673f48191afa8697f2369","isMergeCommit":false,"messageTitle":"Add use cases, NFR and glossary","messageBody":"","fileTypesAndContributionMap":{"docs":{"insertions":105,"deletions":22}}},{"hash":"18a19cafd34e5660c6b316694946e85647a19091","isMergeCommit":false,"messageTitle":"Add missing use case ends for use cases","messageBody":"","fileTypesAndContributionMap":{"docs":{"insertions":2,"deletions":0}}},{"hash":"99a16c8be5b45e8b513da187d47b8f992732ed9f","isMergeCommit":false,"messageTitle":"Add missing underlines for inclusions","messageBody":"","fileTypesAndContributionMap":{"docs":{"insertions":3,"deletions":3}}}]},{"date":"2024-09-30","commitResults":[{"hash":"d7065e1b1ebbbf1016ae183c40da5d173fc2beb3","isMergeCommit":false,"messageTitle":"Add mark command","messageBody":"","fileTypesAndContributionMap":{"functional-code":{"insertions":95,"deletions":0}}},{"hash":"713558f351ce379151a3c4a4aeefcbe7f130a0b3","isMergeCommit":false,"messageTitle":"Implement ContactDate and ContactDateList","messageBody":"","fileTypesAndContributionMap":{"functional-code":{"insertions":115,"deletions":0}}},{"hash":"cfa7426da5e718622be30c53f77cb1e00530a762","isMergeCommit":false,"messageTitle":"Add ContactDateList to Person","messageBody":"","fileTypesAndContributionMap":{"functional-code":{"insertions":35,"deletions":7}}},{"hash":"15c01bba71c79e0e06b6a4052b922342149a4f5a","isMergeCommit":false,"messageTitle":"Refactor files to accommodate for schema change","messageBody":"","fileTypesAndContributionMap":{"functional-code":{"insertions":81,"deletions":2}}},{"hash":"6e6a4466c6e8fc1217ed504d6bee1090e9340e01","isMergeCommit":false,"messageTitle":"Implement GUI for last contacted","messageBody":"","fileTypesAndContributionMap":{"functional-code":{"insertions":4,"deletions":0}}},{"hash":"d97916deaae9f64c65d8c439063efdb918f58410","isMergeCommit":false,"messageTitle":"Fix constructors for ContactDateList","messageBody":"","fileTypesAndContributionMap":{"functional-code":{"insertions":15,"deletions":10}}},{"hash":"53629d56cd478e05d336ab72a823a8ec66bce293","isMergeCommit":false,"messageTitle":"Implement JSON structure for contact dates","messageBody":"","fileTypesAndContributionMap":{"functional-code":{"insertions":9,"deletions":1}}},{"hash":"dfa0e5f1deddc9c8e2700ec539e6d12c164a9405","isMergeCommit":false,"messageTitle":"Remove contact date from toString","messageBody":"","fileTypesAndContributionMap":{"functional-code":{"insertions":0,"deletions":1}}},{"hash":"a2c7b411aa91ca13a4ed0f60fcbede3d49d85a7b","isMergeCommit":false,"messageTitle":"Fix isValidContactDate validation","messageBody":"","fileTypesAndContributionMap":{"functional-code":{"insertions":10,"deletions":1}}},{"hash":"d299e01a651a190a7eecf76b8570acdc2db91d72","isMergeCommit":false,"messageTitle":"Update tests to include contact dates","messageBody":"","fileTypesAndContributionMap":{"test-code":{"insertions":27,"deletions":9}}}]},{"date":"2024-10-01","commitResults":[{"hash":"8546f091ecdb592d66957eb65678af1ba9faa7de","isMergeCommit":false,"messageTitle":"Implement MarkCommand tests","messageBody":"","fileTypesAndContributionMap":{"test-code":{"insertions":143,"deletions":0}}},{"hash":"3e63e4f7f70dae7abd9acaca0dea00dfab3684d5","isMergeCommit":false,"messageTitle":"Implement test for Person markAsContacted","messageBody":"","fileTypesAndContributionMap":{"test-code":{"insertions":7,"deletions":0}}},{"hash":"ef49d22c2f7dc71a903836c14274069b4b8ef947","isMergeCommit":false,"messageTitle":"Implement tests for ContactDate and ContactDateList","messageBody":"","fileTypesAndContributionMap":{"test-code":{"insertions":67,"deletions":0}}},{"hash":"88a066008976a27503a6c358a55f083f74005d40","isMergeCommit":false,"messageTitle":"Fix formatting","messageBody":"","fileTypesAndContributionMap":{"functional-code":{"insertions":20,"deletions":2},"test-code":{"insertions":21,"deletions":17}}},{"hash":"ed7ad3bbdcc0d61ba6e52b39a9739f3ec627a2cf","isMergeCommit":false,"messageTitle":"Fix test for markAsContacted","messageBody":"","fileTypesAndContributionMap":{"test-code":{"insertions":2,"deletions":1}}},{"hash":"01128b86d8aebf358de86384514607b5be19dd6b","isMergeCommit":false,"messageTitle":"Add missing tests","messageBody":"","fileTypesAndContributionMap":{"test-code":{"insertions":14,"deletions":0}}},{"hash":"87a22df0c41af4f97350864e90b44f2effbbef4c","isMergeCommit":false,"messageTitle":"Fix list not updated upon marking as contacted","messageBody":"","fileTypesAndContributionMap":{"functional-code":{"insertions":2,"deletions":0},"test-code":{"insertions":0,"deletions":1}}},{"hash":"c5ba2ed57cbf244feda03497f57423c645272070","isMergeCommit":false,"messageTitle":"Add tests for equals method","messageBody":"","fileTypesAndContributionMap":{"functional-code":{"insertions":1,"deletions":7},"test-code":{"insertions":42,"deletions":0}}},{"hash":"86083ce2a1806f2ac23ca0c7ba9918c29a380578","isMergeCommit":false,"messageTitle":"Implement error when accessing empty ContactDateList","messageBody":"","fileTypesAndContributionMap":{"functional-code":{"insertions":4,"deletions":0},"test-code":{"insertions":7,"deletions":0}}},{"hash":"4111a1fa6797769cb78ca0aaca79709b64a417f5","isMergeCommit":true,"messageTitle":"Merge pull request #38 from Zenkoh1/add-person-nric","messageBody":"Add person NRIC field","fileTypesAndContributionMap":{}},{"hash":"aefb29376fb668b4668fe7b0409abb4476e7a6a0","isMergeCommit":true,"messageTitle":"Merge branch \u0027master\u0027 into mark-as-contacted","messageBody":"","fileTypesAndContributionMap":{}},{"hash":"15ad4a2f9c64b48f638fb52e1f4512fbd90215a0","isMergeCommit":false,"messageTitle":"Add mark as contact date with date provided","messageBody":"","fileTypesAndContributionMap":{"functional-code":{"insertions":8,"deletions":0},"test-code":{"insertions":9,"deletions":0}}}]},{"date":"2024-10-02","commitResults":[{"hash":"2873295415ccf6268ebc10507522903e7d4a789f","isMergeCommit":false,"messageTitle":"Implement handling of empty list when parsing JSON","messageBody":"","fileTypesAndContributionMap":{"functional-code":{"insertions":5,"deletions":0}}},{"hash":"025fdcab7674cf3719b826ce9de2404d5a251c5b","isMergeCommit":false,"messageTitle":"Implement test for empty contact date list","messageBody":"","fileTypesAndContributionMap":{"test-code":{"insertions":9,"deletions":0}}}]},{"date":"2024-10-09","commitResults":[{"hash":"26f3021d5398c351739e55eb58c7eedd72b8b62d","isMergeCommit":false,"messageTitle":"Add notes to the parser","messageBody":"","fileTypesAndContributionMap":{"functional-code":{"insertions":14,"deletions":7}}},{"hash":"b0be53d2230057d7b37224cc3bae9c8953093cef","isMergeCommit":false,"messageTitle":"Update functions to accept notes","messageBody":"","fileTypesAndContributionMap":{"functional-code":{"insertions":31,"deletions":17}}},{"hash":"1fe91aed23672b9f4ea62ebb6fb461e88c1508e1","isMergeCommit":false,"messageTitle":"Add notes prefix as static variable","messageBody":"","fileTypesAndContributionMap":{"functional-code":{"insertions":1,"deletions":1}}},{"hash":"00ff0b27914974cf1bcd19de9b533dd63e9e6259","isMergeCommit":false,"messageTitle":"Add notes to JSON helper for ContactDate","messageBody":"","fileTypesAndContributionMap":{"functional-code":{"insertions":15,"deletions":13}}},{"hash":"4eece4474446ddd08d9fe8b9e584844190529da2","isMergeCommit":false,"messageTitle":"Update sample data","messageBody":"","fileTypesAndContributionMap":{"functional-code":{"insertions":6,"deletions":6}}},{"hash":"e8ee62804e3d649ab7599377688c7c34e0430152","isMergeCommit":false,"messageTitle":"Implement ContactDateBuilder for testing","messageBody":"","fileTypesAndContributionMap":{"test-code":{"insertions":56,"deletions":0}}},{"hash":"f88961cea0e8cbc3be846de77b9cd8cca6401f6d","isMergeCommit":false,"messageTitle":"Update tests and use ContactDateBuilder","messageBody":"","fileTypesAndContributionMap":{"test-code":{"insertions":72,"deletions":34}}},{"hash":"b2a38dbc66841b6ab9b5998d796474ee4b123dc2","isMergeCommit":false,"messageTitle":"Improve tests for MarkCommand","messageBody":"","fileTypesAndContributionMap":{"test-code":{"insertions":10,"deletions":0}}},{"hash":"85624dab82c72ef63359ee1a200d9a3863694dbd","isMergeCommit":false,"messageTitle":"Improve tests for MarkCommandParser","messageBody":"","fileTypesAndContributionMap":{"test-code":{"insertions":5,"deletions":0}}},{"hash":"23df5d72e4812582e6f7eb515f498eae178aaf61","isMergeCommit":false,"messageTitle":"Implement more tests for ContactDate","messageBody":"","fileTypesAndContributionMap":{"test-code":{"insertions":20,"deletions":3}}},{"hash":"12655a80b9f7e2540be3c9ab28316680d0ddd794","isMergeCommit":false,"messageTitle":"Add null check for date in json","messageBody":"","fileTypesAndContributionMap":{"functional-code":{"insertions":3,"deletions":0}}},{"hash":"499441a23b2a3b3bf20096d103220582420cef7a","isMergeCommit":false,"messageTitle":"Implement tests for json ContactDate","messageBody":"","fileTypesAndContributionMap":{"test-code":{"insertions":46,"deletions":0}}},{"hash":"ce02e55716afba5e75abfdef1b5ca1891fa3a375","isMergeCommit":true,"messageTitle":"Merge branch \u0027master\u0027 into implement-notes","messageBody":"","fileTypesAndContributionMap":{}},{"hash":"515da4494cf5607463627a53646a76716668fb6e","isMergeCommit":false,"messageTitle":"Fix add function for ContactDate","messageBody":"","fileTypesAndContributionMap":{"functional-code":{"insertions":1,"deletions":1}}}]},{"date":"2024-10-12","commitResults":[{"hash":"702e6c49baed8258dea5239f5a530fffe8e1777f","isMergeCommit":true,"messageTitle":"Merge pull request #59 from Zenkoh1/soft-check-duplicates","messageBody":"Implement soft check for duplicate people","fileTypesAndContributionMap":{}}]},{"date":"2024-10-14","commitResults":[{"hash":"95d324032660bfffa3088e29eb5495f9577e246b","isMergeCommit":false,"messageTitle":"Fix person format method","messageBody":"","fileTypesAndContributionMap":{"functional-code":{"insertions":2,"deletions":2}}},{"hash":"17670c158a9464866f0a6da5cbc06ec91b1379c0","isMergeCommit":false,"messageTitle":"Add labels to Person details","messageBody":"","fileTypesAndContributionMap":{"functional-code":{"insertions":20,"deletions":5}}}]},{"date":"2024-10-17","commitResults":[{"hash":"e90e6cbafe77ea46eaa0e76ec239c21df5a9e749","isMergeCommit":true,"messageTitle":"Merge pull request #69 from Zenkoh1/remove-ab3-from-user-guide","messageBody":"Remove AB3 references from UG","fileTypesAndContributionMap":{}},{"hash":"5ae70b48e34813579eca060979bce5164c272c3a","isMergeCommit":true,"messageTitle":"Merge pull request #73 from brendanng7/branch-revert-help-window","messageBody":"Remove Webview dependencies","tags":["MVP"],"fileTypesAndContributionMap":{}},{"hash":"0410c4f05e6cce183ab866982ab491ca0c739012","isMergeCommit":false,"messageTitle":"Implement reverse listing of call history","messageBody":"","fileTypesAndContributionMap":{"functional-code":{"insertions":2,"deletions":1}}}]},{"date":"2024-10-18","commitResults":[{"hash":"88c2a0cbd06af7790facefce31d74b7489236d2b","isMergeCommit":true,"messageTitle":"Merge pull request #82 from linette-g/branch-history-notes","messageBody":"Update history card to include notes","fileTypesAndContributionMap":{}},{"hash":"7df1f4cd3c25618b83261bbec9b21cf1e2ef2d5f","isMergeCommit":true,"messageTitle":"Merge branch \u0027master\u0027 into reverse-listing-call-history","messageBody":"","fileTypesAndContributionMap":{}},{"hash":"2707c6f2f3895bb893bb1311723da1359631dfe1","isMergeCommit":false,"messageTitle":"Fix reversing of list for UI","messageBody":"","fileTypesAndContributionMap":{"functional-code":{"insertions":3,"deletions":3}}},{"hash":"0e1dc5dbecb945cf5a4d875fc1f169f149c83fba","isMergeCommit":true,"messageTitle":"Merge branch \u0027master\u0027 into add-labels","messageBody":"","fileTypesAndContributionMap":{}},{"hash":"c7e902f645728f390395684c09facc5644f8688b","isMergeCommit":false,"messageTitle":"Update label","messageBody":"","fileTypesAndContributionMap":{"functional-code":{"insertions":1,"deletions":1}}}]},{"date":"2024-10-21","commitResults":[{"hash":"c3998a414661edcd6b5a29039d9105720a93b7ba","isMergeCommit":false,"messageTitle":"Update index page","messageBody":"","fileTypesAndContributionMap":{"docs":{"insertions":6,"deletions":6}}},{"hash":"47caedacbb2470c2643cb93f04ad120a019f4872","isMergeCommit":false,"messageTitle":"Update UG","messageBody":"","fileTypesAndContributionMap":{"docs":{"insertions":13,"deletions":12}}},{"hash":"741971625620c8de49b7618c3880a26f407899ca","isMergeCommit":false,"messageTitle":"Update DG hyperlinks","messageBody":"","fileTypesAndContributionMap":{"docs":{"insertions":6,"deletions":10}}},{"hash":"4d91ccbcd5991e22198abbe88757aba280a52c00","isMergeCommit":false,"messageTitle":"Update ModelClassDiagram","messageBody":"","fileTypesAndContributionMap":{"docs":{"insertions":4,"deletions":0}}},{"hash":"64680eb61e2ab7870880f8311978e6b500f140e1","isMergeCommit":false,"messageTitle":"Update StorageClassDiagram","messageBody":"","fileTypesAndContributionMap":{"docs":{"insertions":2,"deletions":0}}},{"hash":"812939317ca71b5c882191d0db448c927f5e1ad7","isMergeCommit":false,"messageTitle":"Update ModelClassDiagram","messageBody":"","fileTypesAndContributionMap":{"docs":{"insertions":2,"deletions":0}}}]},{"date":"2024-10-22","commitResults":[{"hash":"923f242b4bbf5dac52bbbd907c37681e0ecfc7ce","isMergeCommit":true,"messageTitle":"Merge branch \u0027master\u0027 into update-ug","messageBody":"","fileTypesAndContributionMap":{}}]},{"date":"2024-10-23","commitResults":[{"hash":"a40bb9c708f2c53ca0172f90c764a9ffb393c0b6","isMergeCommit":true,"messageTitle":"Merge pull request #98 from GabrielCWT/update-ug","messageBody":"Update github pages","fileTypesAndContributionMap":{}}]},{"date":"2024-10-25","commitResults":[{"hash":"89bd25d15f530926be0dad01a97fee01ab71d271","isMergeCommit":false,"messageTitle":"Enable assertions for gradle","messageBody":"","fileTypesAndContributionMap":{"other":{"insertions":4,"deletions":0}}},{"hash":"ca7a3fdd2b9e204f02ec6ff96398bb6e9586dece","isMergeCommit":true,"messageTitle":"Merge pull request #126 from Zenkoh1/make-seq-diagram-small","messageBody":"","fileTypesAndContributionMap":{}}]},{"date":"2024-10-29","commitResults":[{"hash":"e5b68d0df327914c48a0d843510f34796fa53211","isMergeCommit":true,"messageTitle":"Merge pull request #147 from Zenkoh1/fix-misc-bugs","messageBody":"Fix misc bugs","fileTypesAndContributionMap":{}},{"hash":"2a218cb4920e050ba704777f0dc4fe830d5a5cdf","isMergeCommit":false,"messageTitle":"Update manual test cases in DG","messageBody":"","fileTypesAndContributionMap":{"docs":{"insertions":73,"deletions":12}}},{"hash":"5ca6be5e6788e4ca69a3f3a8ef1db4ab1d875d36","isMergeCommit":false,"messageTitle":"Add newline at EOF","messageBody":"","fileTypesAndContributionMap":{"docs":{"insertions":1,"deletions":1}}},{"hash":"c11c7139bfd3f3a71e301047a4550e62075bf217","isMergeCommit":false,"messageTitle":"Refactor json to be named contactmate","messageBody":"","fileTypesAndContributionMap":{"functional-code":{"insertions":1,"deletions":1},"docs":{"insertions":2,"deletions":2}}}]},{"date":"2024-10-30","commitResults":[{"hash":"d3acf99929346740c4c9c1a0e35f3c7712233d93","isMergeCommit":false,"messageTitle":"Fix typo","messageBody":"","fileTypesAndContributionMap":{"docs":{"insertions":1,"deletions":1}}},{"hash":"b5af2b42ceb73773a9672ca7c9c2842db2d251c3","isMergeCommit":true,"messageTitle":"Merge branch \u0027master\u0027 into update-ug-test-cases","messageBody":"","fileTypesAndContributionMap":{}},{"hash":"aa0621d8f4fcab71a9358f937b17c6bef8e0e330","isMergeCommit":true,"messageTitle":"Merge pull request #151 from GabrielCWT/update-ug-test-cases","messageBody":"Update manual test cases in DG","fileTypesAndContributionMap":{}}]},{"date":"2024-11-04","commitResults":[{"hash":"0503a7df8586c207734ba81d7c26ab88a2c08119","isMergeCommit":false,"messageTitle":"Include personList definition in UG","messageBody":"","fileTypesAndContributionMap":{"docs":{"insertions":5,"deletions":1}}},{"hash":"c1a7d237204e080a4e1c22fcb63e74f0affa282c","isMergeCommit":false,"messageTitle":"Rename person to elderly in DG","messageBody":"","fileTypesAndContributionMap":{"docs":{"insertions":31,"deletions":31}}},{"hash":"24399bf6932ff4790d27f4b91714d7d964d0a733","isMergeCommit":false,"messageTitle":"Improve grammar in DG","messageBody":"","fileTypesAndContributionMap":{"docs":{"insertions":8,"deletions":8}}},{"hash":"8fcc444ccd6f023c53c8a3964995c2e080693e73","isMergeCommit":false,"messageTitle":"Fix typo in DG","messageBody":"","fileTypesAndContributionMap":{"docs":{"insertions":1,"deletions":1}}},{"hash":"1dbb2482a9faf76e687410739b412f371ddc4404","isMergeCommit":true,"messageTitle":"Merge pull request #178 from GabrielCWT/update-ug-gabe","messageBody":"Update UG and DG","fileTypesAndContributionMap":{}}]}],"zyng233":[{"date":"2024-09-24","commitResults":[{"hash":"eb93f87e49f4790a91ac25a9da354a7f19542522","isMergeCommit":false,"messageTitle":"add ziying AboutUs","messageBody":"","fileTypesAndContributionMap":{"docs":{"insertions":7,"deletions":7}}},{"hash":"194bfe9dbed7c2b6ec633c7ec96f0bccd237fce1","isMergeCommit":false,"messageTitle":"change the name of AboutUS","messageBody":"","fileTypesAndContributionMap":{"docs":{"insertions":1,"deletions":1}}},{"hash":"8afd1e674c1bd3f45fd5cdc25c53f69bee61aad1","isMergeCommit":false,"messageTitle":"change the name of AboutUS","messageBody":"","fileTypesAndContributionMap":{"docs":{"insertions":1,"deletions":1}}},{"hash":"cfde96c7e9b8b5d266d4bbe59657b075738f422c","isMergeCommit":false,"messageTitle":"add johndoe","messageBody":"","fileTypesAndContributionMap":{"docs":{"insertions":51,"deletions":51}}},{"hash":"4703457f800c621e5d468089ff510a436641b5d9","isMergeCommit":false,"messageTitle":"update the md","messageBody":"","fileTypesAndContributionMap":{"docs":{"insertions":1,"deletions":1}}},{"hash":"f94ac714e9a756d1c801f02918961fbbfe474b8a","isMergeCommit":false,"messageTitle":"update the all md","messageBody":"","fileTypesAndContributionMap":{"docs":{"insertions":4,"deletions":4}}}]},{"date":"2024-09-25","commitResults":[{"hash":"b2a4d50fcc75483db11792e8806355277fa60786","isMergeCommit":false,"messageTitle":"change the name of AboutUS","messageBody":"","fileTypesAndContributionMap":{"docs":{"insertions":1,"deletions":1}}}]},{"date":"2024-10-02","commitResults":[{"hash":"e43c6ae58c1fb8f7d53c834934a31e71aa9ca84b","isMergeCommit":true,"messageTitle":"fetch with the upstream","messageBody":"","fileTypesAndContributionMap":{}}]},{"date":"2024-10-06","commitResults":[{"hash":"8ec66548d987e1502ceab0fadb2919b3ec5d2999","isMergeCommit":true,"messageTitle":"Merge pull request #46 from linette-g/branch-extend-nric","messageBody":"Extend commands to support NRIC","fileTypesAndContributionMap":{}},{"hash":"3b238e62cdd1805f159674ab2955def8ddc6d1f8","isMergeCommit":false,"messageTitle":"Add history command with index","messageBody":"","fileTypesAndContributionMap":{"functional-code":{"insertions":370,"deletions":9},"test-code":{"insertions":211,"deletions":2}}},{"hash":"c3d7672cd54aeae740f3f109c11f1f7b9582e025","isMergeCommit":true,"messageTitle":"fetch from the upstream to implement history command","messageBody":"","fileTypesAndContributionMap":{}},{"hash":"506ee942faaa3b0686e15521d136f38489d65102","isMergeCommit":false,"messageTitle":"update the history command with NRIC","messageBody":"","fileTypesAndContributionMap":{"functional-code":{"insertions":30,"deletions":14},"test-code":{"insertions":150,"deletions":82}}}]},{"date":"2024-10-07","commitResults":[{"hash":"2186a93b3c747c180755e7192757df4328e38503","isMergeCommit":false,"messageTitle":"Update the HistoryCommandTest","messageBody":"","fileTypesAndContributionMap":{"functional-code":{"insertions":20,"deletions":3},"test-code":{"insertions":89,"deletions":38}}}]},{"date":"2024-10-08","commitResults":[{"hash":"ea185d12d54d15f7605800411fd159e86af4c264","isMergeCommit":false,"messageTitle":"Add back the EditCommandParserTest","messageBody":"","fileTypesAndContributionMap":{"test-code":{"insertions":16,"deletions":0}}}]},{"date":"2024-10-09","commitResults":[{"hash":"e2dc73c35e62425edea88536a0ee8e2853e95ccc","isMergeCommit":false,"messageTitle":"Fix the stackPane problem","messageBody":"can switch between personList panel and callHistory panel\n","fileTypesAndContributionMap":{"functional-code":{"insertions":25,"deletions":32}}},{"hash":"cd349cf61e1f2d956a84ffbf011f05cd4a3e9a4a","isMergeCommit":true,"messageTitle":"Merge branch \u0027master\u0027 into add-history-call","messageBody":"","fileTypesAndContributionMap":{}},{"hash":"2d0c06aa0ab49822b89f9c79f2fb630c04b186b5","isMergeCommit":false,"messageTitle":"add new line","messageBody":"","fileTypesAndContributionMap":{"functional-code":{"insertions":2,"deletions":0}}},{"hash":"d6fee1d6272a71bdc72bf3607e3ba6df99983886","isMergeCommit":true,"messageTitle":"Merge branch \u0027add-history-call\u0027 of https://github.com/zyng233/tp into add-history-call","messageBody":"","fileTypesAndContributionMap":{}},{"hash":"ab1c8d8dc2acf98b9f300a70ef9c4218c7df9550","isMergeCommit":false,"messageTitle":"add new line at EOF","messageBody":"","fileTypesAndContributionMap":{"functional-code":{"insertions":0,"deletions":2}}},{"hash":"869e03cc173a43a9ce7eae1f5572862166886fc5","isMergeCommit":false,"messageTitle":"add new line at EOF","messageBody":"","fileTypesAndContributionMap":{"functional-code":{"insertions":2,"deletions":2}}},{"hash":"88c3bee037449cd59da988071e0a3edb1ec8bd23","isMergeCommit":false,"messageTitle":"removing unused import","messageBody":"","fileTypesAndContributionMap":{"test-code":{"insertions":0,"deletions":1}}},{"hash":"6d8d993735c58aa40033f01dccbef9109d03a342","isMergeCommit":false,"messageTitle":"adding tests for new created methods","messageBody":"","fileTypesAndContributionMap":{"functional-code":{"insertions":7,"deletions":33},"test-code":{"insertions":37,"deletions":0}}},{"hash":"32153b86e0cf28a9fef6dbd18fd3dd7a47a3aa34","isMergeCommit":true,"messageTitle":"Merge branch \u0027master\u0027 into add-history-call","messageBody":"","fileTypesAndContributionMap":{}},{"hash":"146c2e120c235e3ed3431bb0c48f6c23fccd4ccf","isMergeCommit":true,"messageTitle":"merge the upstream","messageBody":"","fileTypesAndContributionMap":{}},{"hash":"7aa5aa3af086af23a60d76b44eb3c17639f21cf6","isMergeCommit":true,"messageTitle":"merge the upstream","messageBody":"","fileTypesAndContributionMap":{}},{"hash":"1cadb5a4fc90227a54a7df188cfdab0223c14833","isMergeCommit":false,"messageTitle":"merge the upstream","messageBody":"","fileTypesAndContributionMap":{"functional-code":{"insertions":1,"deletions":1},"test-code":{"insertions":3,"deletions":2}}},{"hash":"80569e404a806b54120e25b0c13d39b8fde1ce6e","isMergeCommit":false,"messageTitle":"update more test","messageBody":"","fileTypesAndContributionMap":{"functional-code":{"insertions":0,"deletions":3},"test-code":{"insertions":3,"deletions":2}}}]},{"date":"2024-10-15","commitResults":[{"hash":"85a719caa3e38e825d12a18d63d99ec845b07ff9","isMergeCommit":false,"messageTitle":"refactoring switch panel","messageBody":"","fileTypesAndContributionMap":{"functional-code":{"insertions":11,"deletions":14}}}]},{"date":"2024-10-16","commitResults":[{"hash":"67cd7145a4aec554c581db4b45937e5a91f2401c","isMergeCommit":false,"messageTitle":"update the personList after mark command","messageBody":"","fileTypesAndContributionMap":{"functional-code":{"insertions":3,"deletions":0}}},{"hash":"69156a55229e25261761ea76329388e2a7edaa79","isMergeCommit":true,"messageTitle":"Merge pull request #67 from zyng233/add-history-test","messageBody":"Refactoring panel switching and update PersonList after mark command","fileTypesAndContributionMap":{}}]},{"date":"2024-10-17","commitResults":[{"hash":"0172195cd8ea0f75f0e131c2ad294f83d51ec4fc","isMergeCommit":false,"messageTitle":"Add empty list checking for history","messageBody":"","fileTypesAndContributionMap":{"functional-code":{"insertions":4,"deletions":0}}}]},{"date":"2024-10-19","commitResults":[{"hash":"7e8cdbb63b89141f679bd80c63fd5dea718bde9b","isMergeCommit":true,"messageTitle":"Merge pull request #86 from linette-g/branch-ug","messageBody":"Update user guide ","fileTypesAndContributionMap":{}},{"hash":"d5b307f7d5fb5377a0e7eaa607e47f279d7e7d1f","isMergeCommit":true,"messageTitle":"pull the upstream","messageBody":"","fileTypesAndContributionMap":{}},{"hash":"f249f511285c39081b6d9fbf18f8ac186270c86a","isMergeCommit":true,"messageTitle":"Merge branch \u0027master\u0027 into add-history-test","messageBody":"","fileTypesAndContributionMap":{}},{"hash":"583abf6e5fbcfb286f2dc338f336565e9bac2dd0","isMergeCommit":false,"messageTitle":"adding trailing whitespace","messageBody":"","fileTypesAndContributionMap":{"functional-code":{"insertions":1,"deletions":0}}},{"hash":"37ef7cd312dbe8d3f850bc052b26d71858bd2e20","isMergeCommit":true,"messageTitle":"Merge remote-tracking branch \u0027origin/add-history-test\u0027 into add-history-test","messageBody":"# Conflicts:\n#\tsrc/main/java/seedu/address/logic/commands/HistoryCommand.java\n","fileTypesAndContributionMap":{}},{"hash":"e77d6c111766db82a54d0ab1368fb7fe2f0a1052","isMergeCommit":false,"messageTitle":"adding trailing whitespace","messageBody":"","fileTypesAndContributionMap":{"functional-code":{"insertions":1,"deletions":0}}},{"hash":"6f850c1ce4c064a6f01f1a4590820a2a03d08b26","isMergeCommit":false,"messageTitle":"delete trailing whitespace","messageBody":"","fileTypesAndContributionMap":{"functional-code":{"insertions":0,"deletions":1}}},{"hash":"f46d0ab20955f5938e0db277c90234613c2c8827","isMergeCommit":true,"messageTitle":"Merge pull request #79 from zyng233/add-history-test","messageBody":"Add empty list checking for history","fileTypesAndContributionMap":{}},{"hash":"8a235ef939164a51a2d5d688f283cc1980fea899","isMergeCommit":false,"messageTitle":"Add empty list checking for history","messageBody":"","fileTypesAndContributionMap":{"functional-code":{"insertions":4,"deletions":0}}}]},{"date":"2024-10-20","commitResults":[{"hash":"6889f62db95ec9d479b7561112a6d8832171bf27","isMergeCommit":false,"messageTitle":"Change the ug description","messageBody":"","fileTypesAndContributionMap":{"docs":{"insertions":3,"deletions":2}}},{"hash":"c90e96831f8ec03ec7172672538b7ded99255dd3","isMergeCommit":true,"messageTitle":"Merge branch \u0027master\u0027 of https://github.com/AY2425S1-CS2103T-F14b-3/tp into add-history-test","messageBody":"","fileTypesAndContributionMap":{}},{"hash":"29e6331393675f3b11478e9c22337a838fb12b95","isMergeCommit":false,"messageTitle":"Update the ug and dg descriptions","messageBody":"","fileTypesAndContributionMap":{"docs":{"insertions":6,"deletions":5}}}]},{"date":"2024-10-21","commitResults":[{"hash":"0780418c68ccd00ea541760917f6aa5f6ed30ce2","isMergeCommit":false,"messageTitle":"Update the ug add descriptions","messageBody":"","fileTypesAndContributionMap":{"docs":{"insertions":1,"deletions":1}}},{"hash":"84595b71442f0e983f30dd8934594a42759de319","isMergeCommit":true,"messageTitle":"Merge pull request #96 from zyng233/add-history-test","messageBody":"Update ug and dg descriptions","fileTypesAndContributionMap":{}},{"hash":"8c9e03daf70b1c43d4144b3a1f13be775fb8ab3c","isMergeCommit":true,"messageTitle":"Merge pull request #94 from linette-g/branch-helpwindow","messageBody":"Fix help window","fileTypesAndContributionMap":{}},{"hash":"6e9c27b624a8c228c24d7bf2c567b1e61dcb4347","isMergeCommit":false,"messageTitle":"Add duplicate prefixes check in mark","messageBody":"","fileTypesAndContributionMap":{"functional-code":{"insertions":1,"deletions":0}}},{"hash":"168f42709282ab46b6e38a91cf9d469f20bc0cfe","isMergeCommit":true,"messageTitle":"Merge branch \u0027master\u0027 of https://github.com/AY2425S1-CS2103T-F14b-3/tp into add-history-test","messageBody":"","fileTypesAndContributionMap":{}},{"hash":"0b0adc64b5e05dc88e48143e5551f6909eabbbea","isMergeCommit":false,"messageTitle":"Refactor CallHistoryPanel and CallHistoryCard","messageBody":"","fileTypesAndContributionMap":{"functional-code":{"insertions":7,"deletions":9},"other":{"insertions":9,"deletions":9}}},{"hash":"8c02c22961773a272c30baa1ab11c8f34ca1fd70","isMergeCommit":false,"messageTitle":"Update the UiClassDiagram","messageBody":"","fileTypesAndContributionMap":{"docs":{"insertions":12,"deletions":3}}}]},{"date":"2024-10-23","commitResults":[{"hash":"17a24238c9e3e54e1d07c09161fb1812e817b05a","isMergeCommit":true,"messageTitle":"Merge pull request #104 from zyng233/add-history-test","messageBody":"Update Ui class diagram and add duplicate prefixes check for mark","fileTypesAndContributionMap":{}},{"hash":"587ac0e71cb18b08643a71be9b6e7104ecbaea9d","isMergeCommit":false,"messageTitle":"Change the tags to be more specific","messageBody":"","fileTypesAndContributionMap":{"functional-code":{"insertions":2,"deletions":2},"docs":{"insertions":9,"deletions":9}}}]},{"date":"2024-10-24","commitResults":[{"hash":"a4631f1532e82b3cdbd94c6d8f993ed922e767e2","isMergeCommit":false,"messageTitle":"Update UserGuide.md","messageBody":"Update the details in edit command","fileTypesAndContributionMap":{"docs":{"insertions":1,"deletions":1}}}]},{"date":"2024-10-25","commitResults":[{"hash":"568b1aad6ff55cede7ebf043fee0da67472cad74","isMergeCommit":false,"messageTitle":"Update docs/UserGuide.md call frequency description","messageBody":"Co-authored-by: Zenkoh1 \u003c76705864+Zenkoh1@users.noreply.github.com\u003e","fileTypesAndContributionMap":{"docs":{"insertions":1,"deletions":1}}},{"hash":"cc1389b29b36dc67ee579a33046e34fccb1bc81d","isMergeCommit":false,"messageTitle":"Update find description","messageBody":"","fileTypesAndContributionMap":{"docs":{"insertions":2,"deletions":2}}},{"hash":"03a5b53fe7e0fda67cd2d0b375c4d5cd4a7d14e8","isMergeCommit":false,"messageTitle":"Add History command detection in CommandResult","messageBody":"","fileTypesAndContributionMap":{"functional-code":{"insertions":19,"deletions":18},"other":{"insertions":4,"deletions":0},"docs":{"insertions":1,"deletions":1},"test-code":{"insertions":14,"deletions":31}}},{"hash":"9a51d6aac20bbe1ff44e6f99e984e15009c1bfe0","isMergeCommit":false,"messageTitle":"Remove duplicated methods","messageBody":"","fileTypesAndContributionMap":{"functional-code":{"insertions":0,"deletions":3}}},{"hash":"39192ef3ae9855649f2d0eda5fefe122e38ec4b0","isMergeCommit":true,"messageTitle":"Remove duplicated methods","messageBody":"","fileTypesAndContributionMap":{}},{"hash":"a5c91b10e53b60e2226baa9e70c7a7cc77325bb6","isMergeCommit":false,"messageTitle":"Remove typo","messageBody":"","fileTypesAndContributionMap":{"functional-code":{"insertions":1,"deletions":1}}}]},{"date":"2024-10-26","commitResults":[{"hash":"cf7b798b5cd578d2ab38a82c43360e7ec5ce1e60","isMergeCommit":false,"messageTitle":"Update find description","messageBody":"","fileTypesAndContributionMap":{"docs":{"insertions":1,"deletions":1}}},{"hash":"d3a81acd82b9d28c6805b84cd2a81609e2f8dab7","isMergeCommit":true,"messageTitle":"Merge pull request #116 from zyng233/add-history-test","messageBody":"Change the phrasing of call frequency and update the tags","fileTypesAndContributionMap":{}},{"hash":"3484c8809a4d998a9db03bb0afa937a4068a2f78","isMergeCommit":true,"messageTitle":"Merge branch \u0027master\u0027 of https://github.com/AY2425S1-CS2103T-F14b-3/tp into history-feature-flaw","messageBody":"","fileTypesAndContributionMap":{}},{"hash":"273dd134d2b3bd0827458fa0a257729d482a7307","isMergeCommit":false,"messageTitle":"Add space between lines","messageBody":"","fileTypesAndContributionMap":{"functional-code":{"insertions":2,"deletions":0}}},{"hash":"d17d50b80da2438538f4dc66ec8bef0c54098fd0","isMergeCommit":true,"messageTitle":"Merge pull request #130 from zyng233/history-feature-flaw","messageBody":"Refactor command detection for History command","fileTypesAndContributionMap":{}},{"hash":"d3ce60a50a71af16424f73c0eaa066be47c47040","isMergeCommit":false,"messageTitle":"Fix feature flaw of history command","messageBody":"","fileTypesAndContributionMap":{"functional-code":{"insertions":41,"deletions":1},"test-code":{"insertions":33,"deletions":0}}}]},{"date":"2024-10-27","commitResults":[{"hash":"169302edb5c28e5cd842ef79991a4da71e239b6f","isMergeCommit":false,"messageTitle":"Update message for restricted usage commands","messageBody":"","fileTypesAndContributionMap":{"functional-code":{"insertions":3,"deletions":2}}},{"hash":"63311508249f2d76c4e3660b4c99ee727f5b4aca","isMergeCommit":true,"messageTitle":"Merge pull request #134 from zyng233/history-feature-flaw","messageBody":"Fix feature flaw of history command","fileTypesAndContributionMap":{}}]},{"date":"2024-10-28","commitResults":[{"hash":"088511f8839bee1b5e339879805e5ad160a68b15","isMergeCommit":false,"messageTitle":"Update ug and dg about the history feature","messageBody":"","fileTypesAndContributionMap":{"docs":{"insertions":46,"deletions":37}}},{"hash":"c57bd4c9a2f1c8f1b913db4ef3c5682412fcf7fa","isMergeCommit":true,"messageTitle":"Pull from upstreams","messageBody":"","fileTypesAndContributionMap":{}}]},{"date":"2024-10-30","commitResults":[{"hash":"4647bcf4ef4983e630745dd3308bed4cad822c01","isMergeCommit":true,"messageTitle":"Merge branch \u0027master\u0027 into history-feature-flaw","messageBody":"","fileTypesAndContributionMap":{}},{"hash":"01fa0f2b8d00a851323f3671f8fd6c01099792f1","isMergeCommit":true,"messageTitle":"Merge pull request #138 from zyng233/history-feature-flaw","messageBody":"Update UG and DG regarding to the history feature flaw","fileTypesAndContributionMap":{}},{"hash":"89603d90b0756d5213562ad01ebd0609af8144b1","isMergeCommit":false,"messageTitle":"Update ug and dg","messageBody":"","fileTypesAndContributionMap":{"docs":{"insertions":10,"deletions":6}}},{"hash":"bd7dd2876ae1f6a2aba347cdced6c440012cf6cb","isMergeCommit":true,"messageTitle":"Merge branch \u0027master\u0027 into history-feature-flaw","messageBody":"","fileTypesAndContributionMap":{}},{"hash":"aa70b6fb4bea704974850bd36d4f6409f0918139","isMergeCommit":true,"messageTitle":"Merge pull request #157 from zyng233/history-feature-flaw","messageBody":"Update ug and dg to address minor issues","fileTypesAndContributionMap":{}}]},{"date":"2024-11-06","commitResults":[{"hash":"144ec2a0588de54e83d10649e3326b6ce70bb084","isMergeCommit":false,"messageTitle":"Remove redundant extension in dg","messageBody":"","fileTypesAndContributionMap":{"docs":{"insertions":2,"deletions":12}}},{"hash":"4aa420323e0a737191a44597ef5994f16af135e3","isMergeCommit":false,"messageTitle":"Remove redundant extension in dg","messageBody":"","fileTypesAndContributionMap":{"docs":{"insertions":0,"deletions":1}}},{"hash":"0dac5677b57398c071e63d784159280fecd56527","isMergeCommit":true,"messageTitle":"Merge remote-tracking branch \u0027origin/history-feature-flaw\u0027 into history-feature-flaw","messageBody":"# Conflicts:\n#\tdocs/DeveloperGuide.md\n","fileTypesAndContributionMap":{}},{"hash":"ffb89d9bfe8a5e5cf39d472f08e0fb7e973141e3","isMergeCommit":false,"messageTitle":"Remove redundant extension in dg","messageBody":"","fileTypesAndContributionMap":{"docs":{"insertions":1,"deletions":2}}},{"hash":"ba7d4ee90608a09a824f97759cfad137c9595686","isMergeCommit":false,"messageTitle":"Fix quick start","messageBody":"","fileTypesAndContributionMap":{"docs":{"insertions":2,"deletions":2}}},{"hash":"fe3da4b62584047b373c45fe32c190c7b53857b9","isMergeCommit":false,"messageTitle":"Add profile view in HistoryListPanel","messageBody":"","fileTypesAndContributionMap":{"functional-code":{"insertions":182,"deletions":5},"test-code":{"insertions":5,"deletions":0}}}]}],"brendanng7":[{"date":"2024-09-24","commitResults":[{"hash":"672b9bdb66c8c1f60e9fcd89e80f4d50168700d5","isMergeCommit":false,"messageTitle":"Update AboutUs for Brendan","messageBody":"","fileTypesAndContributionMap":{"docs":{"insertions":0,"deletions":0}}},{"hash":"a42e261af49f6058965f62fa4a643a255e498c6f","isMergeCommit":false,"messageTitle":"Update AboutUs for Brendan","messageBody":"","fileTypesAndContributionMap":{"docs":{"insertions":50,"deletions":4}}},{"hash":"c7f6cf241fb0136f131efd74033b0a73fa62ae19","isMergeCommit":true,"messageTitle":"Merge pull request #23 from GabrielCWT/update-about-us","messageBody":"Update AboutUs.md","fileTypesAndContributionMap":{}},{"hash":"1617de524329c4d2efbd7c4daf0bce6bd2ec11e4","isMergeCommit":false,"messageTitle":"Update site wide settings for team F14b-3","messageBody":"","fileTypesAndContributionMap":{"other":{"insertions":2,"deletions":2}}},{"hash":"05d6200185af9794aeee54e5306d5e6e86fef961","isMergeCommit":true,"messageTitle":"Merge pull request #32 from GabrielCWT/update-readme","messageBody":"Update README.md","fileTypesAndContributionMap":{}}]},{"date":"2024-10-02","commitResults":[{"hash":"e23c326af00b07d74f0d0b8020502256ec1c8494","isMergeCommit":true,"messageTitle":"Merge pull request #44 from GabrielCWT/fix-unhandled-empty-list","messageBody":"Implement handling of empty list when parsing JSON","fileTypesAndContributionMap":{}}]},{"date":"2024-10-03","commitResults":[{"hash":"d3fcfb484dc8628d832f523f31c7011ade5a997d","isMergeCommit":false,"messageTitle":"Implement CallFrequency","messageBody":"","fileTypesAndContributionMap":{"functional-code":{"insertions":55,"deletions":0}}},{"hash":"efdb354d5b266966458b4a68451f8434c6e3259e","isMergeCommit":false,"messageTitle":"Add CallFrequency to Person","messageBody":"","fileTypesAndContributionMap":{"functional-code":{"insertions":14,"deletions":3}}},{"hash":"f1ea6070d40186bb9a139a09757a94ccff9d63f7","isMergeCommit":false,"messageTitle":"Add CallFrequency field to AddCommand and EditCommand","messageBody":"","fileTypesAndContributionMap":{"functional-code":{"insertions":24,"deletions":20}}},{"hash":"3e02fe1490dfece625914427690d2b9c0fedde7f","isMergeCommit":false,"messageTitle":"Update logic in parsers","messageBody":"","fileTypesAndContributionMap":{"functional-code":{"insertions":39,"deletions":30}}},{"hash":"fd48e50e3fb4278d745fcbe436d2b8c795c860e9","isMergeCommit":false,"messageTitle":"Update SampleDataUtil.java","messageBody":"","fileTypesAndContributionMap":{"functional-code":{"insertions":13,"deletions":12}}},{"hash":"7da55b8a3ea46b2039151162ca7e588efbca0038","isMergeCommit":false,"messageTitle":"Update UI components and Json handler","messageBody":"","fileTypesAndContributionMap":{"functional-code":{"insertions":21,"deletions":8}}},{"hash":"76dc743d3ae909c89d8f0922209b2847efe461a3","isMergeCommit":false,"messageTitle":"Add more get methods to Person","messageBody":"","fileTypesAndContributionMap":{"functional-code":{"insertions":21,"deletions":4},"test-code":{"insertions":14,"deletions":8}}}]},{"date":"2024-10-05","commitResults":[{"hash":"2101475cc547b701d2dd892db6e39ba59f8598a8","isMergeCommit":false,"messageTitle":"Update equality for Person to not include call frequency","messageBody":"","fileTypesAndContributionMap":{"functional-code":{"insertions":1,"deletions":2}}},{"hash":"d99e918d854fc99a7277a5e9ed4f586d0806f473","isMergeCommit":false,"messageTitle":"Update test cases","messageBody":"","fileTypesAndContributionMap":{"test-code":{"insertions":142,"deletions":71}}},{"hash":"c912f03cbb56252acd073050365fd50c520aa8ae","isMergeCommit":false,"messageTitle":"Fix on EditCommand\u0027s parse sending error message incorrectly","messageBody":"","fileTypesAndContributionMap":{"functional-code":{"insertions":2,"deletions":2}}},{"hash":"7fc0593e12e5d04c175533fa1aabc5baf88c3788","isMergeCommit":false,"messageTitle":"Update remaining test cases","messageBody":"","fileTypesAndContributionMap":{"test-code":{"insertions":35,"deletions":60}}},{"hash":"0a92bb4cc517d715e1d5d4c6608393f0ab0868ba","isMergeCommit":false,"messageTitle":"Add new line at EOF","messageBody":"","fileTypesAndContributionMap":{"test-code":{"insertions":2,"deletions":1}}},{"hash":"026badead32d0a75359d18037211a1ee0070c8ca","isMergeCommit":false,"messageTitle":"Fix code style issues","messageBody":"","fileTypesAndContributionMap":{"functional-code":{"insertions":69,"deletions":11},"test-code":{"insertions":109,"deletions":14}}}]},{"date":"2024-10-09","commitResults":[{"hash":"5e91e31e15e489caeb92243450cedc15859d07b8","isMergeCommit":false,"messageTitle":"Update and add test cases","messageBody":"","fileTypesAndContributionMap":{"test-code":{"insertions":22,"deletions":3}}},{"hash":"494666387dd19ec4451a6c554dac2b8e7ba4ad66","isMergeCommit":false,"messageTitle":"Fix code style","messageBody":"","fileTypesAndContributionMap":{"test-code":{"insertions":2,"deletions":1}}},{"hash":"3497e5da6ed274c0cc01c4a312d250b7a03c636d","isMergeCommit":true,"messageTitle":"Merge pull request #53 from GabrielCWT/implement-notes","messageBody":"Implement notes field for mark command","fileTypesAndContributionMap":{}}]},{"date":"2024-10-14","commitResults":[{"hash":"7573c980f45174fcf55d9bbc377e0968c3fe1604","isMergeCommit":false,"messageTitle":"Add CommonMark dependencies","messageBody":"","fileTypesAndContributionMap":{"other":{"insertions":2,"deletions":0}}},{"hash":"dcefa02b723e8b8b9acc0d374a7e0f90888e6433","isMergeCommit":false,"messageTitle":"Add skeleton functionality for user guide display","messageBody":"","fileTypesAndContributionMap":{"functional-code":{"insertions":65,"deletions":22}}},{"hash":"6391d503be94141da23aefe85a0d38a02f86e4f6","isMergeCommit":true,"messageTitle":"Merge pull request #63 from GabrielCWT/fix-person-message","messageBody":"","fileTypesAndContributionMap":{}},{"hash":"f7aa68bb5d09369bfced96de59aa98f0f9492391","isMergeCommit":false,"messageTitle":"Remove CommonMark dependencies","messageBody":"","fileTypesAndContributionMap":{"other":{"insertions":0,"deletions":2}}},{"hash":"5eb2bfa69fcc82e6d57d14b2210fda8ccbf5a21c","isMergeCommit":false,"messageTitle":"Reconfigure loadUserGuide to show website","messageBody":"","fileTypesAndContributionMap":{"functional-code":{"insertions":3,"deletions":24}}},{"hash":"7e89c71a81dfd26b42cc3c09654793327e0e22e5","isMergeCommit":false,"messageTitle":"Update UserGuide.md","messageBody":"","fileTypesAndContributionMap":{"docs":{"insertions":13,"deletions":12}}}]},{"date":"2024-10-17","commitResults":[{"hash":"c0d1d4f5d7d3cc00539992c5bd673448a250e628","isMergeCommit":false,"messageTitle":"Remove Webview dependencies","messageBody":"","fileTypesAndContributionMap":{"functional-code":{"insertions":29,"deletions":25}}},{"hash":"3e5cb2114825383c599507e165b1fe96b41d5130","isMergeCommit":false,"messageTitle":"Fix codestyle issues","messageBody":"","fileTypesAndContributionMap":{"functional-code":{"insertions":0,"deletions":2}}}]},{"date":"2024-10-18","commitResults":[{"hash":"1a7cee119877910fbfced618ed6dc36c53772ca1","isMergeCommit":false,"messageTitle":"Modify getFilteredPersonList to getSortedFilteredPersonList","messageBody":"","fileTypesAndContributionMap":{"functional-code":{"insertions":28,"deletions":16},"test-code":{"insertions":41,"deletions":40}}}]},{"date":"2024-10-19","commitResults":[{"hash":"dc1a17e8947a575cce39dfc320c5b40b98e98306","isMergeCommit":false,"messageTitle":"Add margin to gridpane of help window","messageBody":"","fileTypesAndContributionMap":{"functional-code":{"insertions":38,"deletions":34}}},{"hash":"8d110d7c2d0599b9abe6dddca21fd893a75b4a27","isMergeCommit":false,"messageTitle":"Add padding to helpMessageContainer","messageBody":"","fileTypesAndContributionMap":{"functional-code":{"insertions":3,"deletions":2}}},{"hash":"acd18681ecb08289a2e1c6d04ce53fab9ace74ab","isMergeCommit":false,"messageTitle":"Add labelling to PersonCard","messageBody":"","fileTypesAndContributionMap":{"functional-code":{"insertions":2,"deletions":2}}},{"hash":"e987f8a9f3234b126a689b3a35b734813c2ca451","isMergeCommit":false,"messageTitle":"Fix merge conflict","messageBody":"","fileTypesAndContributionMap":{"functional-code":{"insertions":20,"deletions":5}}}]},{"date":"2024-10-20","commitResults":[{"hash":"b0ed27d116c1051d77a92ba2b24f86fa7f8507b2","isMergeCommit":true,"messageTitle":"Merge branch \u0027master\u0027 into branch-sort-feature","messageBody":"","fileTypesAndContributionMap":{}},{"hash":"d66e9f5db377f7212e58e89bcc4b9e88e18aaf97","isMergeCommit":true,"messageTitle":"Merge pull request #84 from brendanng7/branch-sort-feature","messageBody":"Add sorting feature","fileTypesAndContributionMap":{}},{"hash":"60dbdcacb6465dc145368b940ea2d8fe20753d49","isMergeCommit":false,"messageTitle":"Fix on double labelling","messageBody":"","fileTypesAndContributionMap":{"functional-code":{"insertions":2,"deletions":2}}},{"hash":"ca37373442d56071f2fa0ab57e09d45fe561e3dd","isMergeCommit":false,"messageTitle":"Change HelpWindow to have a TableView","messageBody":"","fileTypesAndContributionMap":{"functional-code":{"insertions":303,"deletions":30},"docs":{"insertions":1,"deletions":0}}},{"hash":"4816edb099ed64d34644337f3bb9df823e6d7695","isMergeCommit":false,"messageTitle":"Fix codestyle issues","messageBody":"","fileTypesAndContributionMap":{"functional-code":{"insertions":3,"deletions":3}}},{"hash":"5b2ee3497eaca3a6ae77bc00da2069c4c71a07db","isMergeCommit":true,"messageTitle":"Merge branch \u0027master\u0027 into branch-update-userguide","messageBody":"","fileTypesAndContributionMap":{}},{"hash":"4eefa878a080c72bb71267cace7f9b48773b12ec","isMergeCommit":false,"messageTitle":"Fix trailing whitespace","messageBody":"","fileTypesAndContributionMap":{"functional-code":{"insertions":1,"deletions":6}}},{"hash":"0dc797cc125eda8a417377580b05a8fe47bfa0fa","isMergeCommit":false,"messageTitle":"Fix on EOF issue","messageBody":"","fileTypesAndContributionMap":{"functional-code":{"insertions":1,"deletions":1}}},{"hash":"0e22da00818f1af9d880b9c94606553641c88bf5","isMergeCommit":false,"messageTitle":"Fix error on creating MarkCommand","messageBody":"","fileTypesAndContributionMap":{"functional-code":{"insertions":9,"deletions":2}}},{"hash":"e8199064d18b5a9cefb190f9b4d84d7a0872b8dd","isMergeCommit":false,"messageTitle":"Remove unnecessary try-catch","messageBody":"","fileTypesAndContributionMap":{"functional-code":{"insertions":3,"deletions":6}}},{"hash":"a02e2599f5964b6cac3645355c354b4a839d0462","isMergeCommit":false,"messageTitle":"Fix codestyle issue","messageBody":"","fileTypesAndContributionMap":{"functional-code":{"insertions":0,"deletions":2}}},{"hash":"7d69d7c373545fbfe3b5f3a52a41c613393f15b1","isMergeCommit":true,"messageTitle":"Merge pull request #88 from brendanng7/branch-update-userguide","messageBody":"update userguide","fileTypesAndContributionMap":{}},{"hash":"d6337f4f49740a5b20c1add2546a72c19b7b95a6","isMergeCommit":false,"messageTitle":"Add find by Nric functionality to relevant class","messageBody":"","fileTypesAndContributionMap":{"other":{"insertions":8,"deletions":7}}}]},{"date":"2024-10-21","commitResults":[{"hash":"528e2bcdcb47b767b360286523057b8697b5a575","isMergeCommit":false,"messageTitle":"Update test cases","messageBody":"","fileTypesAndContributionMap":{"functional-code":{"insertions":7,"deletions":7},"test-code":{"insertions":100,"deletions":38}}},{"hash":"a881d1f2d3bfdb642e32c8ebc75fe39d535331e5","isMergeCommit":false,"messageTitle":"Fix codestyle and test cases","messageBody":"","fileTypesAndContributionMap":{"functional-code":{"insertions":2,"deletions":1},"test-code":{"insertions":14,"deletions":10}}},{"hash":"4d60d5c11812bf3451c2c4b1ff4559ff4ad5009f","isMergeCommit":false,"messageTitle":"Update UserGuide and message usage of find command","messageBody":"","fileTypesAndContributionMap":{"functional-code":{"insertions":4,"deletions":3},"docs":{"insertions":7,"deletions":5}}},{"hash":"5fc15e387f8b83ec3be464b77a0574e3fcd5c947","isMergeCommit":false,"messageTitle":"Remove TODO and fix Javadocs","messageBody":"","fileTypesAndContributionMap":{"functional-code":{"insertions":0,"deletions":1},"test-code":{"insertions":1,"deletions":1}}},{"hash":"7776f99e59b6a0b88982f5fdf28ea61ee5e1f3ca","isMergeCommit":false,"messageTitle":"Update header of find command","messageBody":"","fileTypesAndContributionMap":{"docs":{"insertions":1,"deletions":1}}}]},{"date":"2024-10-22","commitResults":[{"hash":"e4020e834f799becf96fb642efbdc49d92c25360","isMergeCommit":true,"messageTitle":"Merge pull request #97 from brendanng7/branch-find-nric","messageBody":"","fileTypesAndContributionMap":{}}]},{"date":"2024-10-23","commitResults":[{"hash":"33ff203c57b2078cc20735228148d2f34af71b4a","isMergeCommit":true,"messageTitle":"Merge pull request #115 from Zenkoh1/remove-portfolio-link","messageBody":"Remove portfolio link on AboutUs","tags":["v1.4"],"fileTypesAndContributionMap":{}}]},{"date":"2024-10-25","commitResults":[{"hash":"6c35d969f68a0da3da647051dab2e83ecf069a9d","isMergeCommit":false,"messageTitle":"Update date to be more recent","messageBody":"","fileTypesAndContributionMap":{"docs":{"insertions":3,"deletions":3}}}]},{"date":"2024-10-26","commitResults":[{"hash":"358446c2e6f063f24cf09438b963593d3fd2ae3f","isMergeCommit":false,"messageTitle":"Add sequence diagram for CommandTextHistory","messageBody":"","fileTypesAndContributionMap":{"docs":{"insertions":48,"deletions":0}}},{"hash":"1e08efb5015db20a4197a11ba7b7a3732aad16b5","isMergeCommit":false,"messageTitle":"Update activity diagram of CommandTextHistory","messageBody":"","fileTypesAndContributionMap":{"docs":{"insertions":29,"deletions":2}}},{"hash":"12769cd4dfcb8dcf9a01593846ee17da0c1284fa","isMergeCommit":false,"messageTitle":"Add draft of CommandHistory implementation in DG","messageBody":"","fileTypesAndContributionMap":{"docs":{"insertions":87,"deletions":1}}}]},{"date":"2024-10-27","commitResults":[{"hash":"834c8ea5a82541401fffa7ecf68054632a8a2612","isMergeCommit":false,"messageTitle":"Update CommandTextHistory portion of DG after clarification","messageBody":"","fileTypesAndContributionMap":{"docs":{"insertions":60,"deletions":15}}},{"hash":"19b512a481bc26d0701f9318c9f843b675bd37d2","isMergeCommit":false,"messageTitle":"Add missing space","messageBody":"","fileTypesAndContributionMap":{"docs":{"insertions":1,"deletions":1}}},{"hash":"870efebdf1bb0a7cd42d5680e533dbdcec2d7bc2","isMergeCommit":false,"messageTitle":"Update currentCommandIndex to initialise with 0","messageBody":"","fileTypesAndContributionMap":{"functional-code":{"insertions":1,"deletions":1},"docs":{"insertions":9,"deletions":7}}},{"hash":"78444a084677fc935788a3dc3f0ac711d890ca9a","isMergeCommit":false,"messageTitle":"Fix error on method name of LogicManager and Model","messageBody":"","fileTypesAndContributionMap":{"docs":{"insertions":2,"deletions":2}}},{"hash":"785d480f30f2456d04ffa5b0549d7a71845e2dba","isMergeCommit":false,"messageTitle":"Fix minor typo errors","messageBody":"","fileTypesAndContributionMap":{"docs":{"insertions":9,"deletions":7}}},{"hash":"ce65224b20772b57f9fab0db4cb3b9c70cb22f97","isMergeCommit":false,"messageTitle":"Fix small issues on puml files","messageBody":"","fileTypesAndContributionMap":{"docs":{"insertions":7,"deletions":17}}},{"hash":"a28887e4e9f0a309467e595365bd2dd6d2f670a9","isMergeCommit":true,"messageTitle":"Merge pull request #133 from brendanng7/branch-command-text-history-dg","messageBody":"Update DG to include implementation of CommandTextHistory","fileTypesAndContributionMap":{}},{"hash":"c9c5f078bdbc3b006f9f9d954621c85e5c32e7eb","isMergeCommit":false,"messageTitle":"Make activity diagram more compact","messageBody":"","fileTypesAndContributionMap":{"docs":{"insertions":8,"deletions":5}}},{"hash":"2f8d59be5adbe5bfea0edbbd80d089302c9a13c3","isMergeCommit":false,"messageTitle":"Fix small issue","messageBody":"","fileTypesAndContributionMap":{"docs":{"insertions":2,"deletions":1}}},{"hash":"f8c4a261b8d19720c7c5a8cca03dd604ca07b343","isMergeCommit":false,"messageTitle":"Fix small issue","messageBody":"","fileTypesAndContributionMap":{"docs":{"insertions":2,"deletions":1}}}]},{"date":"2024-10-28","commitResults":[{"hash":"9e69dd839c8d757c7412032ec33ee3264463d9bb","isMergeCommit":false,"messageTitle":"Fix on big future improvements text","messageBody":"","fileTypesAndContributionMap":{"docs":{"insertions":2,"deletions":1}}}]},{"date":"2024-10-31","commitResults":[{"hash":"6e71c7f8ded91e65d1a11ea39b7a321c5bda5a70","isMergeCommit":false,"messageTitle":"Fix message usage and update examples of commands","messageBody":"","fileTypesAndContributionMap":{"functional-code":{"insertions":2,"deletions":2},"docs":{"insertions":3,"deletions":3}}},{"hash":"2153b8dd4b2180bb2aa62519eca2f31271ca5410","isMergeCommit":false,"messageTitle":"Add edit command manual testing in DG","messageBody":"","fileTypesAndContributionMap":{"docs":{"insertions":14,"deletions":3}}}]},{"date":"2024-11-04","commitResults":[{"hash":"07ce7d5e7c88eed1315f1910400f8347b339fc8b","isMergeCommit":false,"messageTitle":"Seperate testcases into index and nric","messageBody":"","fileTypesAndContributionMap":{"docs":{"insertions":12,"deletions":3}}},{"hash":"fc79c932dd611df4b34bc95a404de24e4903b104","isMergeCommit":false,"messageTitle":"Change person to elderly for edit testcase","messageBody":"","fileTypesAndContributionMap":{"docs":{"insertions":8,"deletions":8}}}]},{"date":"2024-11-06","commitResults":[{"hash":"358291df161d85b612a029259078b77a055bfbef","isMergeCommit":true,"messageTitle":"Merge remote-tracking branch \u0027upstream/master\u0027 into branch-bug-fix","messageBody":"","fileTypesAndContributionMap":{}},{"hash":"eef8da4d465f7b5da9ff7b18ede0121115b54675","isMergeCommit":false,"messageTitle":"Add prerequisites for manual test cases","messageBody":"","fileTypesAndContributionMap":{"docs":{"insertions":107,"deletions":41}}},{"hash":"47a7b41a8d54774253b9b0c544453631a4b0d39a","isMergeCommit":false,"messageTitle":"Add bold to DG","messageBody":"","fileTypesAndContributionMap":{"docs":{"insertions":5,"deletions":5}}},{"hash":"2e6e1337378698863689a23ef1ccd18abc58410e","isMergeCommit":true,"messageTitle":"Merge pull request #168 from brendanng7/branch-bug-fix","messageBody":"","fileTypesAndContributionMap":{}},{"hash":"06246e5de006d6485357b654d1ce607c05a81906","isMergeCommit":false,"messageTitle":"Update logo naming to be contactmate","messageBody":"","fileTypesAndContributionMap":{"functional-code":{"insertions":2,"deletions":2},"test-code":{"insertions":1,"deletions":1}}},{"hash":"1695cebf666a4195b624f03c84ae60f9e55ffab3","isMergeCommit":false,"messageTitle":"Copy DarkTheme.css to LightTheme.css","messageBody":"","fileTypesAndContributionMap":{"functional-code":{"insertions":352,"deletions":0}}}]},{"date":"2024-11-07","commitResults":[{"hash":"ce124befca3aedda0333442210932558155a70b1","isMergeCommit":false,"messageTitle":"Update UI of ContactMate","messageBody":"","fileTypesAndContributionMap":{"functional-code":{"insertions":69,"deletions":63}}},{"hash":"2349fa4e93e0b16b8051356b2361573214da643f","isMergeCommit":false,"messageTitle":"Fix on empty list cell UI","messageBody":"","fileTypesAndContributionMap":{"functional-code":{"insertions":3,"deletions":3}}},{"hash":"f1afa4f962ac8de8138f7c15a93a8d00994b97d0","isMergeCommit":false,"messageTitle":"Add new line at EOF","messageBody":"","fileTypesAndContributionMap":{"functional-code":{"insertions":1,"deletions":1}}},{"hash":"d34a7c962592eb12d7691dec7a1810803327189c","isMergeCommit":true,"messageTitle":"Merge remote-tracking branch \u0027upstream/master\u0027 into branch-update-ui","messageBody":"","fileTypesAndContributionMap":{}},{"hash":"85f3e38c126425b83fef7f3d6b5a246802fc3496","isMergeCommit":false,"messageTitle":"Update UI of profile view","messageBody":"","fileTypesAndContributionMap":{"functional-code":{"insertions":96,"deletions":25}}},{"hash":"67fa09783831273d805ca9f1a1ab790e12534b97","isMergeCommit":false,"messageTitle":"Style profile view","messageBody":"","fileTypesAndContributionMap":{"functional-code":{"insertions":12,"deletions":7}}},{"hash":"75c2cc28ce7a5b5d44227e007bfd9026589b557b","isMergeCommit":false,"messageTitle":"Change colour and border radius of profile view","messageBody":"","fileTypesAndContributionMap":{"functional-code":{"insertions":2,"deletions":2}}},{"hash":"420a37bf2feb47d8841ca6c9822bdfb9d1d200a2","isMergeCommit":true,"messageTitle":"Merge pull request #185 from brendanng7/branch-update-ui","messageBody":"Update UI colours","fileTypesAndContributionMap":{}}]}]},"authorFileTypeContributionMap":{"linette-g":{"docs":103,"functional-code":394,"test-code":557},"Zenkoh1":{"docs":241,"functional-code":667,"test-code":607,"other":1},"GabrielCWT":{"docs":248,"functional-code":242,"test-code":186,"other":2},"zyng233":{"docs":44,"functional-code":502,"test-code":328},"brendanng7":{"docs":359,"functional-code":996,"test-code":341,"other":3}},"authorContributionVariance":{"linette-g":28638.309,"Zenkoh1":19689.035,"GabrielCWT":9072.602,"zyng233":16602.465,"brendanng7":16438.86},"authorDisplayNameMap":{"linette-g":"CS2103T-F14b-3 LINE.. GOH","Zenkoh1":"CS2103T-F14b-3 ZEN .. KOH","GabrielCWT":"CS2103T-F14b-3 CHAN..RIEL","zyng233":"CS2103T-F14b-3 TAN ..YING","brendanng7":"CS2103T-F14b-3 BREN..GJIE"}}
