{"authorDailyContributionsMap":{"yxtan02":[{"date":"2024-09-24","commitResults":[{"hash":"d45846482e5b94df6bafc285920bcab18a7b1e6c","isMergeCommit":false,"messageTitle":"Update info","messageBody":"","fileTypesAndContributionMap":{"docs":{"insertions":16,"deletions":6}}},{"hash":"b48211342cfcc6171fb841c8af6286ae5f562eb3","isMergeCommit":true,"messageTitle":"Merge branch \u0027master\u0027 of github.com:AY2425S1-CS2103T-F09-3/tp into branch-update-info","messageBody":"","fileTypesAndContributionMap":{}},{"hash":"084db288f7cdccb6a07631acb0369e7ac6b2e0ff","isMergeCommit":true,"messageTitle":"Merge branch \u0027master\u0027 into branch-update-info","messageBody":"","fileTypesAndContributionMap":{}},{"hash":"4197684ec00e60e953b73de654718b490555d603","isMergeCommit":true,"messageTitle":"Merge pull request #26 from weibinlim/Update-ReadME","messageBody":"Update contents of ReadME to match project","fileTypesAndContributionMap":{}},{"hash":"6d85d91c4c2e04ea1ef9de2b15b48fcb90735c43","isMergeCommit":true,"messageTitle":"Merge branch \u0027master\u0027 into branch-update-readme","messageBody":"","fileTypesAndContributionMap":{}},{"hash":"878b9d60f5bb891eaf1c589d77f3193aa772cbad","isMergeCommit":false,"messageTitle":"Update Developer Guide","messageBody":"","fileTypesAndContributionMap":{"docs":{"insertions":2,"deletions":1}}}]},{"date":"2024-09-26","commitResults":[{"hash":"e886e1aec43463d12c60149ffeca92be381bdb05","isMergeCommit":true,"messageTitle":"Merge branch \u0027master\u0027 into branch-update-readme","messageBody":"","fileTypesAndContributionMap":{}},{"hash":"e34a9f23ae2de39ab5996a5ec1357f254c9f49bf","isMergeCommit":false,"messageTitle":"Edit user stories","messageBody":"","fileTypesAndContributionMap":{"docs":{"insertions":9,"deletions":10}}}]},{"date":"2024-09-30","commitResults":[{"hash":"cb61546de1ff0557d6d9fac9a25fae5c6898a593","isMergeCommit":false,"messageTitle":"Update Developer Guide","messageBody":"","fileTypesAndContributionMap":{"docs":{"insertions":8,"deletions":8}}},{"hash":"a8ffa8e5f030fc339b1f64d6c42bfa77e24ada0a","isMergeCommit":false,"messageTitle":"Update developer guide","messageBody":"","fileTypesAndContributionMap":{"docs":{"insertions":8,"deletions":8}}}]},{"date":"2024-10-02","commitResults":[{"hash":"bfe400496586a51ae6e7d5eb94ff699a4ae6e8f0","isMergeCommit":true,"messageTitle":"Merge pull request #45 from weibinlim/branch-guest-model","messageBody":"Branch guest model","fileTypesAndContributionMap":{}},{"hash":"29e898f48774b9bdd8c25df772c4dd34fc9a958a","isMergeCommit":false,"messageTitle":"Create add guest command and parser","messageBody":"- add rsvp prefix\n- add parseRsvp method\n- edit order of arguments for Guest constructor\n","fileTypesAndContributionMap":{"functional-code":{"insertions":159,"deletions":42},"other":{"insertions":16,"deletions":6}}},{"hash":"eb4156dc96a081e2b66cc8e2cbbe7d90050b00df","isMergeCommit":false,"messageTitle":"Add test for add guest command and parser","messageBody":"","fileTypesAndContributionMap":{"functional-code":{"insertions":32,"deletions":15},"other":{"insertions":84,"deletions":57},"test-code":{"insertions":391,"deletions":135}}},{"hash":"1c4f9302d9b2fa7bb40723edd700fa17368cc051","isMergeCommit":false,"messageTitle":"Change order of params for guest constructor","messageBody":"","fileTypesAndContributionMap":{"functional-code":{"insertions":14,"deletions":14},"test-code":{"insertions":2,"deletions":2}}},{"hash":"12bfe2db19b15b7862048a54d1b7ad0765ccffd3","isMergeCommit":false,"messageTitle":"Remove add command completely","messageBody":"","fileTypesAndContributionMap":{"functional-code":{"insertions":0,"deletions":84},"test-code":{"insertions":18,"deletions":21}}}]},{"date":"2024-10-03","commitResults":[{"hash":"d7b723e2014923e47506b9df97cf2901f0454630","isMergeCommit":false,"messageTitle":"Fix checkstyle errors","messageBody":"","fileTypesAndContributionMap":{"functional-code":{"insertions":14,"deletions":8},"test-code":{"insertions":44,"deletions":23}}},{"hash":"8518a59678ab3b6191b25c7d3daa24605fa956b6","isMergeCommit":false,"messageTitle":"Fix tests","messageBody":"","fileTypesAndContributionMap":{"test-code":{"insertions":168,"deletions":37}}},{"hash":"31ea49a5bf23a1f5ef356dcdf8a3cee10cde71fc","isMergeCommit":false,"messageTitle":"Fix test","messageBody":"","fileTypesAndContributionMap":{"test-code":{"insertions":2,"deletions":2}}},{"hash":"cfadb2e8be385e9811f6023da6172ccf2965b406","isMergeCommit":false,"messageTitle":"Fix checkstyle error","messageBody":"","fileTypesAndContributionMap":{"test-code":{"insertions":0,"deletions":1}}},{"hash":"a1ad3c7aa3d8e523a9ebda5de638f38ccf4fa6ff","isMergeCommit":false,"messageTitle":"Update vendor test","messageBody":"","fileTypesAndContributionMap":{"test-code":{"insertions":6,"deletions":6}}}]},{"date":"2024-10-10","commitResults":[{"hash":"a27cabee176eb8c2a75f6ad214d2e9092088b72c","isMergeCommit":true,"messageTitle":"Merge pull request #47 from slye20/branch-fix-company","messageBody":"Remove regex matching condition from Company","fileTypesAndContributionMap":{}},{"hash":"ef931fd066b6852d8671955a1ae9df55a039857c","isMergeCommit":true,"messageTitle":"Merge pull request #50 from YangQF2002/update-storage-component","messageBody":"Update storage component ","fileTypesAndContributionMap":{}}]},{"date":"2024-10-15","commitResults":[{"hash":"8de81df1ae3f72c8693acad7d812b5412a261823","isMergeCommit":true,"messageTitle":"Merge pull request #57 from YangQF2002/filter-person-list","messageBody":"Filter person list","fileTypesAndContributionMap":{}},{"hash":"ca33fb2cf93377e6f2d1a2cfcb9eb783473dc23f","isMergeCommit":false,"messageTitle":"Add edit_guest command","messageBody":"","fileTypesAndContributionMap":{"functional-code":{"insertions":3,"deletions":3},"other":{"insertions":93,"deletions":68}}}]},{"date":"2024-10-16","commitResults":[{"hash":"e53e872fa2a180100c24981dc81f1aef474dc2d6","isMergeCommit":false,"messageTitle":"Add tests for edit command","messageBody":"","fileTypesAndContributionMap":{"functional-code":{"insertions":220,"deletions":149},"other":{"insertions":67,"deletions":47},"test-code":{"insertions":306,"deletions":349}}},{"hash":"e50fda59b7f9852123a31c6215ac756e16b102d7","isMergeCommit":false,"messageTitle":"Increase test coverage","messageBody":"","fileTypesAndContributionMap":{"functional-code":{"insertions":1,"deletions":1},"test-code":{"insertions":1,"deletions":1}}},{"hash":"f677367a70a6e1d295a92067e07d1dbf0b46e04e","isMergeCommit":false,"messageTitle":"Clean up EditPersonDescriptor","messageBody":"","fileTypesAndContributionMap":{"functional-code":{"insertions":1,"deletions":13}}},{"hash":"9093a089b1b0ce003324f1d22b183471b169bdce","isMergeCommit":false,"messageTitle":"Edit location of typecasting","messageBody":"","fileTypesAndContributionMap":{"functional-code":{"insertions":3,"deletions":5}}},{"hash":"9a8463cfe2e950019ab8cf0da4a1349222fa0f92","isMergeCommit":false,"messageTitle":"Fix checkstyle errors","messageBody":"","fileTypesAndContributionMap":{"functional-code":{"insertions":0,"deletions":2}}},{"hash":"86acb187ebfb27a3e93952f937d8c612209155a4","isMergeCommit":true,"messageTitle":"Merge pull request #58 from weibinlim/branch-delete-feature","messageBody":"Branch delete feature","fileTypesAndContributionMap":{}},{"hash":"d86c67cda3c2621a3454c44a0b23be6990f11b16","isMergeCommit":true,"messageTitle":"Merge branch \u0027master\u0027 into branch-edit-guest-command","messageBody":"","fileTypesAndContributionMap":{}},{"hash":"1ff77aaa5d6832638244f3c9ba7a3308b3996fc2","isMergeCommit":false,"messageTitle":"Refactor test to use showGuestAtIndex","messageBody":"","fileTypesAndContributionMap":{"test-code":{"insertions":4,"deletions":4}}}]},{"date":"2024-10-23","commitResults":[{"hash":"cd47ef627e2457a9cdbfdd6e24208e0ac2cba25c","isMergeCommit":false,"messageTitle":"Extend find command to all fields","messageBody":"","fileTypesAndContributionMap":{"functional-code":{"insertions":427,"deletions":16},"other":{"insertions":2,"deletions":1},"test-code":{"insertions":25,"deletions":13}}},{"hash":"d93d2488b6b4b84b7ea9bffde4df82fa5981993c","isMergeCommit":false,"messageTitle":"Refactor code to follow SLAP","messageBody":"","fileTypesAndContributionMap":{"functional-code":{"insertions":147,"deletions":61},"other":{"insertions":18,"deletions":10},"test-code":{"insertions":85,"deletions":0}}},{"hash":"7a6849aabc7e15241412c1f636744947e085fb9f","isMergeCommit":false,"messageTitle":"Add tests for predicates and parsers","messageBody":"","fileTypesAndContributionMap":{"functional-code":{"insertions":30,"deletions":24},"test-code":{"insertions":737,"deletions":7}}},{"hash":"52e4d15419df9d1ade64f66f15a046f5f649662c","isMergeCommit":false,"messageTitle":"Fix checkstyle errors","messageBody":"","fileTypesAndContributionMap":{"test-code":{"insertions":4,"deletions":4}}}]},{"date":"2024-10-24","commitResults":[{"hash":"4b26df3246e071fc2bd2ceaaec6e344ee083a949","isMergeCommit":false,"messageTitle":"Add more tests to increase coverage","messageBody":"","fileTypesAndContributionMap":{"test-code":{"insertions":35,"deletions":0}}},{"hash":"5eeb7923bf3de245d1b5b54ed2748fc2e6055a45","isMergeCommit":true,"messageTitle":"Merge pull request #73 from hovanleong/branch-enhance-user-guide","messageBody":"Revamp and enhance User Guide","fileTypesAndContributionMap":{}},{"hash":"94d59acb1f379020e10a6e7bdabb728cb87cdca6","isMergeCommit":false,"messageTitle":"Enable assertions","messageBody":"","fileTypesAndContributionMap":{"other":{"insertions":4,"deletions":0}}},{"hash":"76199dc2a05de763acda1e36d361c837fefe6290","isMergeCommit":true,"messageTitle":"Merge pull request #76 from yxtan02/branch-find-command","messageBody":"Enable assertions","fileTypesAndContributionMap":{}},{"hash":"421376b515f6f60d4d3a87608398e4865bdf442c","isMergeCommit":true,"messageTitle":"Merge pull request #70 from weibinlim/branch-relation-field","messageBody":"Branch relation field","fileTypesAndContributionMap":{}}]}],"slye20":[{"date":"2024-09-24","commitResults":[{"hash":"720cebbe5e688bc6889aec8a2cda9d735172968f","isMergeCommit":false,"messageTitle":"Add samuelLim.md","messageBody":"","fileTypesAndContributionMap":{"docs":{"insertions":1,"deletions":0}}},{"hash":"15ccb6f0d0f604aa5ada4eb5a2338f1b218954bb","isMergeCommit":false,"messageTitle":"Add newlnie for samuelLim.md","messageBody":"","fileTypesAndContributionMap":{"docs":{"insertions":1,"deletions":1}}},{"hash":"6c209747ffa73565fc4082158b33179bb8706784","isMergeCommit":true,"messageTitle":"Merge pull request #8 from YangQF2002/add-qifeng-info","messageBody":"Add QF\u0027s photo ","fileTypesAndContributionMap":{}},{"hash":"08a354dd4869a76ffdac487bba400084c7bdc22b","isMergeCommit":false,"messageTitle":"Edit AboutUs.md with my information","messageBody":"","fileTypesAndContributionMap":{"docs":{"insertions":6,"deletions":46}}},{"hash":"911c1f6adb2650e2a34d6d6e79dec826d169214c","isMergeCommit":false,"messageTitle":"Edit slye20.md","messageBody":"","fileTypesAndContributionMap":{"docs":{"insertions":46,"deletions":1}}},{"hash":"327b9eeb0d47d0806434df2549e550e5695a79d7","isMergeCommit":false,"messageTitle":"Test merge conflict","messageBody":"","fileTypesAndContributionMap":{"docs":{"insertions":1,"deletions":1}}},{"hash":"d692ee6c4e760b89101cafbb62ca3bbd8d96b7e3","isMergeCommit":true,"messageTitle":"Merge branch \u0027master\u0027 of https://github.com/AY2425S1-CS2103T-F09-3/tp into branch-update-aboutus","messageBody":"","fileTypesAndContributionMap":{}},{"hash":"2857ebd13e9179d3477dc427404e17580c88ca36","isMergeCommit":false,"messageTitle":"Merge conflict test","messageBody":"","fileTypesAndContributionMap":{"docs":{"insertions":0,"deletions":61}}},{"hash":"464c68fc64e28949a4a43af73448f35c0d727cc7","isMergeCommit":true,"messageTitle":"Merge pull request #21 from yxtan02/branch-update-info","messageBody":"Looks good!","fileTypesAndContributionMap":{}},{"hash":"fa320ce806505873ff69c36c26bac063456c52e6","isMergeCommit":true,"messageTitle":"Resolve merge conflict","messageBody":"","fileTypesAndContributionMap":{}},{"hash":"7564d928feeb16b75da911ac7c5ea0963e0f45df","isMergeCommit":false,"messageTitle":"Add user stories, NFR, Glossary","messageBody":"","fileTypesAndContributionMap":{"docs":{"insertions":47,"deletions":14}}},{"hash":"7c84f0bf21058d3cfba05ff30746b753d6f039e9","isMergeCommit":true,"messageTitle":"Merge pull request #27 from YangQF2002/update-product-website","messageBody":"Update product website","fileTypesAndContributionMap":{}}]},{"date":"2024-09-26","commitResults":[{"hash":"c2e9fb9f06552f1421e8306c2c29a7450f16b4a6","isMergeCommit":true,"messageTitle":"Merge pull request #35 from yxtan02/branch-update-readme","messageBody":"Update user stories","fileTypesAndContributionMap":{}}]},{"date":"2024-10-01","commitResults":[{"hash":"7080ea9a280e2df5e63510df278ee2770cf47a73","isMergeCommit":false,"messageTitle":"Add Vendor class","messageBody":"","fileTypesAndContributionMap":{"functional-code":{"insertions":178,"deletions":9}}},{"hash":"1c4ab4d958e706592454188f2eb3efa51bfaacec","isMergeCommit":false,"messageTitle":"Edit PersonBuilder class to return Vendor by default","messageBody":"","fileTypesAndContributionMap":{"functional-code":{"insertions":1,"deletions":1},"test-code":{"insertions":19,"deletions":1}}},{"hash":"abc6a88f80b80ee18144fa1f55e009c6597b8606","isMergeCommit":false,"messageTitle":"Add VendorTest and CompanyTest","messageBody":"","fileTypesAndContributionMap":{"functional-code":{"insertions":2,"deletions":2},"test-code":{"insertions":298,"deletions":114}}},{"hash":"159a5f39af814d57bac60a048c60213c979b9c9c","isMergeCommit":false,"messageTitle":"Remove some instantiation of Person from getSamplePersons()","messageBody":"","fileTypesAndContributionMap":{"functional-code":{"insertions":16,"deletions":20}}},{"hash":"60c59eca07995b97260dd84b4d6afd106b9decdf","isMergeCommit":false,"messageTitle":"Update developer guide","messageBody":"","fileTypesAndContributionMap":{"docs":{"insertions":1,"deletions":0}}}]},{"date":"2024-10-04","commitResults":[{"hash":"df005f621a5c470fc8f5210d109bb97ff4e30847","isMergeCommit":false,"messageTitle":"Remove regex matching condition from Company","messageBody":"","fileTypesAndContributionMap":{"functional-code":{"insertions":3,"deletions":10},"test-code":{"insertions":3,"deletions":3}}},{"hash":"e78cd44e14f4fa39bbb6e41655ee5ba9c3bb2b12","isMergeCommit":false,"messageTitle":"Remove compliance with regulations from NFRs","messageBody":"","fileTypesAndContributionMap":{"docs":{"insertions":6,"deletions":9}}},{"hash":"89789faf01eb78ebfcb110630d0e92e8647082a2","isMergeCommit":false,"messageTitle":"Remove use case for reading entries","messageBody":"","fileTypesAndContributionMap":{"docs":{"insertions":0,"deletions":20}}},{"hash":"630bd66d1458100d342e49710c2ae87522d67d64","isMergeCommit":false,"messageTitle":"Fix typo","messageBody":"","fileTypesAndContributionMap":{"docs":{"insertions":1,"deletions":1}}},{"hash":"ef4483a2b6dd3c0da11a1c6aeee19316b902de10","isMergeCommit":false,"messageTitle":"Fix formatting","messageBody":"","fileTypesAndContributionMap":{"docs":{"insertions":1,"deletions":2}}}]},{"date":"2024-10-15","commitResults":[{"hash":"ca8ed8ab17ed40fb3b4bb7424cc0fbaaafa14008","isMergeCommit":false,"messageTitle":"Add separate guest and vendor list","messageBody":"","fileTypesAndContributionMap":{"functional-code":{"insertions":55,"deletions":12}}},{"hash":"e52c33c353c642edc946d0ab5e5843c97d9a7e17","isMergeCommit":false,"messageTitle":"Refactor PersonListPanel","messageBody":"","fileTypesAndContributionMap":{"functional-code":{"insertions":17,"deletions":12}}},{"hash":"27560df5778b7f36af9747908023d9c3eaf5b87b","isMergeCommit":false,"messageTitle":"Add separator between list and label","messageBody":"","fileTypesAndContributionMap":{"functional-code":{"insertions":2,"deletions":2}}},{"hash":"f719c7f40b901f3e5bc07ce9460dbf23df457309","isMergeCommit":false,"messageTitle":"Fix checksum","messageBody":"","fileTypesAndContributionMap":{"functional-code":{"insertions":2,"deletions":3}}},{"hash":"edb0ea0cbd03b495fa10faf2fc6d94d34356a09b","isMergeCommit":false,"messageTitle":"Add tests for LogicManager for guest and vendor lists","messageBody":"","fileTypesAndContributionMap":{"functional-code":{"insertions":0,"deletions":8},"test-code":{"insertions":7,"deletions":2}}}]},{"date":"2024-10-16","commitResults":[{"hash":"258cca3ba36c7cdf7b0338bb409a1df4e28438f1","isMergeCommit":false,"messageTitle":"Add Test for PersonListPanel","messageBody":"","fileTypesAndContributionMap":{"other":{"insertions":3,"deletions":0},"test-code":{"insertions":43,"deletions":0}}},{"hash":"5c4c3aa30dfa0d3747597adc38316e989dc40c56","isMergeCommit":false,"messageTitle":"Add CSS for Menu and ResultDisplay","messageBody":"","fileTypesAndContributionMap":{"functional-code":{"insertions":92,"deletions":19},"other":{"insertions":7,"deletions":94}}},{"hash":"f03c83cf6394ae4911b63351ffab962d7eac50fc","isMergeCommit":false,"messageTitle":"Add CSS for split-pane","messageBody":"","fileTypesAndContributionMap":{"functional-code":{"insertions":238,"deletions":234}}},{"hash":"3061b02b99b2a030d2caf2a15e3ec615e1da288f","isMergeCommit":true,"messageTitle":"Merge branch \u0027master\u0027 of https://github.com/AY2425S1-CS2103T-F09-3/tp into branch-ui-test","messageBody":"","fileTypesAndContributionMap":{}},{"hash":"ad47d19921c4b00f6aac098a55bf9906b2f5b152","isMergeCommit":false,"messageTitle":"Refactor code","messageBody":"","fileTypesAndContributionMap":{"functional-code":{"insertions":369,"deletions":19}}},{"hash":"3ab29dc6b5da61f881a0cc5d575a904ab5a4c541","isMergeCommit":false,"messageTitle":"Add css for PersonListPanel","messageBody":"","fileTypesAndContributionMap":{"functional-code":{"insertions":75,"deletions":378}}},{"hash":"4145fb101fdf2dae04fc447aba2ed8f0902f1d4d","isMergeCommit":false,"messageTitle":"Edit css of HelpWindow","messageBody":"","fileTypesAndContributionMap":{"functional-code":{"insertions":4,"deletions":4}}},{"hash":"9234752ae5dce75483f445c36fe351de1460bfd2","isMergeCommit":false,"messageTitle":"Fix checkstyle","messageBody":"","fileTypesAndContributionMap":{"functional-code":{"insertions":4,"deletions":4},"docs":{"insertions":5,"deletions":5},"test-code":{"insertions":3,"deletions":2}}},{"hash":"9b40ddca5a2153ed4593d30fb3a1054f8d68902e","isMergeCommit":false,"messageTitle":"Remove unused files","messageBody":"","fileTypesAndContributionMap":{"functional-code":{"insertions":0,"deletions":168},"test-code":{"insertions":0,"deletions":44}}},{"hash":"99d2452f193c6799158e68afbda0354804f620fe","isMergeCommit":true,"messageTitle":"Merge pull request #61 from hovanleong/branch-edit-vendor-command","messageBody":"Branch edit vendor command","fileTypesAndContributionMap":{}},{"hash":"17f9815320e31bca179cd9616021994e80e80c6a","isMergeCommit":true,"messageTitle":"Merge branch \u0027master\u0027 of https://github.com/AY2425S1-CS2103T-F09-3/tp into branch-ui-test","messageBody":"","fileTypesAndContributionMap":{}}]}],"YangQF2002":[{"date":"2024-09-24","commitResults":[{"hash":"6804e28004bc3312b56af39729add35b8eb047eb","isMergeCommit":false,"messageTitle":"Add personal info","messageBody":"","fileTypesAndContributionMap":{"docs":{"insertions":1,"deletions":0}}},{"hash":"18e503ccb9236781481377aa7e68ae1d198e6df5","isMergeCommit":true,"messageTitle":"Merge pull request #11 from hovanleong/branch-add-photo","messageBody":"Add Hovan\u0027s photo","fileTypesAndContributionMap":{}},{"hash":"0fc871c55b3e5810a0c02a1d5f0aace50bcb5ec5","isMergeCommit":false,"messageTitle":"Add personal info into AboutUs","messageBody":"","fileTypesAndContributionMap":{"docs":{"insertions":5,"deletions":5}}},{"hash":"3abfad605612a13de34f6a482b7ae3a5c8775864","isMergeCommit":false,"messageTitle":"Update personal details","messageBody":"","fileTypesAndContributionMap":{"docs":{"insertions":1,"deletions":2}}},{"hash":"8e430ab90af6dfd0f085ee83d508dbd075184a9d","isMergeCommit":true,"messageTitle":"Merge pull request #17 from slye20/branch-update-aboutus","messageBody":"Update Samuel\u0027s info on AboutUs page","fileTypesAndContributionMap":{}},{"hash":"dfed5d432ca25062b41c0436db52da4d4ccac78a","isMergeCommit":true,"messageTitle":"Merge branch \u0027master\u0027 into update-about-us-page","messageBody":"# Conflicts:\n#\tdocs/AboutUs.md\n#\tdocs/qifeng.md\n\nResolve merge conflicts\n","fileTypesAndContributionMap":{}},{"hash":"95c8ab1fab68c243cf2401f92d47fd28b50f33ae","isMergeCommit":false,"messageTitle":"Update product website","messageBody":"","fileTypesAndContributionMap":{"docs":{"insertions":4,"deletions":4}}},{"hash":"b4176342f5f19821d948e91c19e4f54d683e4a14","isMergeCommit":false,"messageTitle":"More update of product website","messageBody":"","fileTypesAndContributionMap":{"docs":{"insertions":6,"deletions":5}}},{"hash":"4c13f251f6ce1c0a506e7f22aa27e8bc47fbf88b","isMergeCommit":true,"messageTitle":"Merge pull request #25 from slye20/branch-edit-developerguide","messageBody":"Update user gudie with user stories, NFR, Glossary","fileTypesAndContributionMap":{}},{"hash":"1dcfd17512e1e05976938cf44bb5d90e88ac113b","isMergeCommit":true,"messageTitle":"Merge pull request #28 from hovanleong/branch-add-use-cases","messageBody":"Add use cases","fileTypesAndContributionMap":{}}]},{"date":"2024-10-06","commitResults":[{"hash":"bc326cd3d7510c60b7cfcda5014fbc42e83c394c","isMergeCommit":true,"messageTitle":"Merge pull request #48 from hovanleong/branch-add-vendor-command","messageBody":"Create add vendor command","fileTypesAndContributionMap":{}},{"hash":"ae28c48816f0ea5a7528e4163f5a15de74f6ca9b","isMergeCommit":false,"messageTitle":"Modify storage component","messageBody":"Key things done:\n* Add `JsonAdaptedVendor` and `JsonAdaptedGuest`\n* Create corresponding tests for both files\n* Add `reflectType` to Vendor and Guest to integrate with existing\n  code\n","fileTypesAndContributionMap":{"functional-code":{"insertions":196,"deletions":2},"other":{"insertions":28,"deletions":16},"test-code":{"insertions":267,"deletions":149}}},{"hash":"b4c1469d281977679e626a2a0ac3cc6dcbbf97cc","isMergeCommit":false,"messageTitle":"Modify Builder classes to align better with OOP","messageBody":"","fileTypesAndContributionMap":{"test-code":{"insertions":49,"deletions":159}}},{"hash":"875d2d993cd08a186585249761fe0c791ce90023","isMergeCommit":false,"messageTitle":"Fix some typos to ensure some test cases pass","messageBody":"","fileTypesAndContributionMap":{"test-code":{"insertions":22,"deletions":22}}},{"hash":"66358fb5cfeec54560a81cc27fec0b5a769cc6d5","isMergeCommit":false,"messageTitle":"Refine storage component","messageBody":"Modify deserializer to work with abstract JsonAdaptedPerson class\nEnsure that all test cases now pass\n","fileTypesAndContributionMap":{"functional-code":{"insertions":43,"deletions":11},"test-code":{"insertions":33,"deletions":72}}},{"hash":"a1ac76219efd0cb64d9b9f7617d16f8ed890646a","isMergeCommit":false,"messageTitle":"Resolve checkstyle errors","messageBody":"","fileTypesAndContributionMap":{"functional-code":{"insertions":0,"deletions":3}}},{"hash":"fe4e9108e287babe92d0e0087399bdee52b9a280","isMergeCommit":false,"messageTitle":"Update javadoc comments and edit json files","messageBody":"","fileTypesAndContributionMap":{"functional-code":{"insertions":10,"deletions":20},"test-code":{"insertions":3,"deletions":12}}}]},{"date":"2024-10-07","commitResults":[{"hash":"5105546e3bf4aa792ee4812d5c5af5f89ca1c22f","isMergeCommit":false,"messageTitle":"Update UI to reflect rsvp/company field for Guest/Vendor contact","messageBody":"","fileTypesAndContributionMap":{"functional-code":{"insertions":17,"deletions":1}}},{"hash":"be60520c3275d2bfe5f0d25da81946f254612a5b","isMergeCommit":false,"messageTitle":"Refine the check for duplicate names Made it case insensitive, and independent of Guest and Vendor","messageBody":"","fileTypesAndContributionMap":{"functional-code":{"insertions":5,"deletions":5}}},{"hash":"5bc0c38523a893df63bf2e7bc7a98a4300467a87","isMergeCommit":false,"messageTitle":"Update test cases on duplicate checks","messageBody":"","fileTypesAndContributionMap":{"test-code":{"insertions":4,"deletions":4}}}]},{"date":"2024-10-15","commitResults":[{"hash":"9e23fd4991da3adf9a5e5e9256161c735d131818","isMergeCommit":true,"messageTitle":"Merge pull request #56 from slye20/branch-ui-2lists","messageBody":"Separete UI for guest and vendor lists","fileTypesAndContributionMap":{}},{"hash":"55e59ac189dd9aad41093367bd1945a657f0b5d2","isMergeCommit":false,"messageTitle":"Filter personList to place into each PersonListPanel container","messageBody":"","fileTypesAndContributionMap":{"functional-code":{"insertions":30,"deletions":26}}},{"hash":"35d945035248595551dc61a385533f58398d9201","isMergeCommit":false,"messageTitle":"Remove footer element, update title and icon","messageBody":"","fileTypesAndContributionMap":{"functional-code":{"insertions":5,"deletions":49},"test-code":{"insertions":3,"deletions":8}}},{"hash":"d4d89be3894e8f840fc66838fdd76cdef65f5c4c","isMergeCommit":false,"messageTitle":"Remove remaining traces of address book file path Which concerns the removed footer element","messageBody":"","fileTypesAndContributionMap":{"functional-code":{"insertions":0,"deletions":13}}},{"hash":"36cb80c3bd8fbdced72c725ac1093c5feffc598c","isMergeCommit":false,"messageTitle":"Shift location of personList filtering Now moved to logicManager and modelManager","messageBody":"","fileTypesAndContributionMap":{"functional-code":{"insertions":35,"deletions":38},"test-code":{"insertions":38,"deletions":28}}},{"hash":"6156951888d5ff1bdbcacaaf954796a1b726dcab","isMergeCommit":false,"messageTitle":"Include new tests for vendorList","messageBody":"","fileTypesAndContributionMap":{"test-code":{"insertions":10,"deletions":0}}}]},{"date":"2024-10-17","commitResults":[{"hash":"b323ffe64531acf271117ed0589ea31830451fee","isMergeCommit":true,"messageTitle":"Merge pull request #60 from slye20/branch-ui-test","messageBody":"UI test and styling","fileTypesAndContributionMap":{}},{"hash":"dd1ed4e1ff0d4d465ec15564992b4c10c1ec0c1b","isMergeCommit":false,"messageTitle":"Update UI partially","messageBody":"","fileTypesAndContributionMap":{"functional-code":{"insertions":75,"deletions":64}}}]}],"hovanleong":[{"date":"2024-09-24","commitResults":[{"hash":"5eefaaf9c9a72ab2f82c029532ab5de4f72af346","isMergeCommit":true,"messageTitle":"Merge pull request #6 from slye20/branch-add-picture","messageBody":"Add Sam\u0027s photo","fileTypesAndContributionMap":{}},{"hash":"e1c0cf30bf13f1af4866f66fde8e34922a1cb81a","isMergeCommit":false,"messageTitle":"Add Hovan\u0027s info","messageBody":"","fileTypesAndContributionMap":{"docs":{"insertions":10,"deletions":6}}},{"hash":"d0d56e25bb21bcd602450d89aac85dee67147a00","isMergeCommit":true,"messageTitle":"Merge pull request #18 from YangQF2002/update-about-us-page","messageBody":"Update Qifeng\u0027s info on AboutUs page","fileTypesAndContributionMap":{}},{"hash":"357de83d441076098bfe48fa2dd046478ba19308","isMergeCommit":false,"messageTitle":"Resolve merge conflict on AboutUs","messageBody":"","fileTypesAndContributionMap":{"docs":{"insertions":10,"deletions":11}}},{"hash":"50841d6d03c311d51bb45b6c243bbb48d81c4c80","isMergeCommit":false,"messageTitle":"Resolve merge conflicts on AboutUs","messageBody":"","fileTypesAndContributionMap":{"docs":{"insertions":12,"deletions":10}}},{"hash":"f621ad45c3c9cb58d86fcfa898fad2a1fd440ca5","isMergeCommit":false,"messageTitle":"Resolve conflicts on AboutUs","messageBody":"","fileTypesAndContributionMap":{"docs":{"insertions":0,"deletions":1}}},{"hash":"7e3dd25ec4e3a9474f13cd8a6a72e6494104d811","isMergeCommit":false,"messageTitle":"Resolve conflicts on AboutUs","messageBody":"","fileTypesAndContributionMap":{"docs":{"insertions":1,"deletions":0}}},{"hash":"0e2af914064449f015a93082cc9fa95dd11f775c","isMergeCommit":false,"messageTitle":"Resolve conflicts on AboutUs","messageBody":"","fileTypesAndContributionMap":{"docs":{"insertions":1,"deletions":1}}},{"hash":"ee6adef573fafa2ea92d90d97fd459d0631a5338","isMergeCommit":false,"messageTitle":"Resolve conflicts on AboutUs","messageBody":"","fileTypesAndContributionMap":{"docs":{"insertions":2,"deletions":2}}},{"hash":"0e3aabf56932b61f8bd7c97c7064f4195a1fe3f6","isMergeCommit":false,"messageTitle":"Rectify error on AboutUs","messageBody":"","fileTypesAndContributionMap":{"docs":{"insertions":2,"deletions":2}}},{"hash":"7a9f68c1aed29a4a4c16ba3bc91d1b6381956eb9","isMergeCommit":true,"messageTitle":"Merge pull request #23 from hovanleong/branch-add-info","messageBody":"Rectify error on AboutUs","fileTypesAndContributionMap":{}},{"hash":"d682b9ce2b9f667a214e02ca7fa67bf8abe328da","isMergeCommit":false,"messageTitle":"Add use cases","messageBody":"","fileTypesAndContributionMap":{"docs":{"insertions":84,"deletions":12}}},{"hash":"e93a15d067afa7a8419e227fd43962cfe9b5cae1","isMergeCommit":true,"messageTitle":"Merge pull request #29 from weibinlim/Update-ValueProposition","messageBody":"Update value proposition and target user profile","fileTypesAndContributionMap":{}},{"hash":"0f4fee1fe10deac34ced8d397c455b77ed0a1049","isMergeCommit":false,"messageTitle":"Edit use cases","messageBody":"","fileTypesAndContributionMap":{"docs":{"insertions":25,"deletions":0}}},{"hash":"69ac8ede90eb167fe00dcb7c2cd659a8f8199bcb","isMergeCommit":false,"messageTitle":"Edit use cases","messageBody":"","fileTypesAndContributionMap":{"docs":{"insertions":8,"deletions":8}}}]},{"date":"2024-09-25","commitResults":[{"hash":"81e1ad0818e8383ec2bfd3b523f1a6224930a1d3","isMergeCommit":false,"messageTitle":"Rectify use cases","messageBody":"","fileTypesAndContributionMap":{"docs":{"insertions":1,"deletions":1}}},{"hash":"37a65a86978def9f1b21564361526693484591d9","isMergeCommit":true,"messageTitle":"Merge pull request #31 from hovanleong/branch-add-use-cases","messageBody":"Rectify use cases","fileTypesAndContributionMap":{}}]},{"date":"2024-09-26","commitResults":[{"hash":"ce40d8505f8f1821172651c4eaa8b2689f1da0a0","isMergeCommit":false,"messageTitle":"Rename group members\u0027 png file names","messageBody":"","fileTypesAndContributionMap":{"docs":{"insertions":2,"deletions":2}}},{"hash":"e0f47100bfd80a48d4690b70527b25180f181f5e","isMergeCommit":true,"messageTitle":"Merge pull request #33 from hovanleong/branch-add-photo","messageBody":"Rename group members\u0027 png file names","fileTypesAndContributionMap":{}}]},{"date":"2024-10-03","commitResults":[{"hash":"8cbbfdf3062adc39327852b1b61c4466f484f073","isMergeCommit":true,"messageTitle":"Merge pull request #46 from yxtan02/branch-add-guest-command","messageBody":"Create add guest command","fileTypesAndContributionMap":{}},{"hash":"2f9f32a0c16e115b31891174714ab52d8ce7f740","isMergeCommit":false,"messageTitle":"Fix bug in AddGuestCommand","messageBody":"","fileTypesAndContributionMap":{"functional-code":{"insertions":1,"deletions":1}}},{"hash":"d3732ebf447138871e1d540ca05f03effb8d2ee7","isMergeCommit":false,"messageTitle":"Change field name in Company.java","messageBody":"","fileTypesAndContributionMap":{"functional-code":{"insertions":5,"deletions":5}}},{"hash":"1c8027f8f61764d1fece2891eb76f7a2f3c75e8b","isMergeCommit":false,"messageTitle":"Add PREFIX_COMPANY in CliSyntax","messageBody":"","fileTypesAndContributionMap":{"functional-code":{"insertions":159,"deletions":0}}},{"hash":"e307ac5cad695411430a5316970f78409dac4b47","isMergeCommit":false,"messageTitle":"Edit AddressBookParser to take in AddVendor command word","messageBody":"","fileTypesAndContributionMap":{"functional-code":{"insertions":5,"deletions":2}}},{"hash":"b39a0810136c835f05ef527a99acd2372a421a06","isMergeCommit":false,"messageTitle":"Rectify AddressBookParser to take in AddVendor command word correctly","messageBody":"","fileTypesAndContributionMap":{"functional-code":{"insertions":2,"deletions":2}}},{"hash":"19f6f4d303b0a8847c5194daa580a3e682ed5fdd","isMergeCommit":false,"messageTitle":"Create and implement AddVendorCommand","messageBody":"","fileTypesAndContributionMap":{"functional-code":{"insertions":14,"deletions":14}}},{"hash":"99df33c060a1cc52bda90103977a32481a570612","isMergeCommit":false,"messageTitle":"Implement parseCompany in ParseUtil.java","messageBody":"","fileTypesAndContributionMap":{"functional-code":{"insertions":27,"deletions":8}}},{"hash":"365d2b449b13101f9eab67533aaafe9e74e4730a","isMergeCommit":false,"messageTitle":"Edit JavaDocs of parseCompany in ParseUtil.java","messageBody":"","fileTypesAndContributionMap":{"functional-code":{"insertions":1,"deletions":1}}},{"hash":"043671321d40574d0e119ae1b93602d61964024b","isMergeCommit":false,"messageTitle":"Create and implement AddVendorCommandParser","messageBody":"","fileTypesAndContributionMap":{"functional-code":{"insertions":4,"deletions":10}}},{"hash":"28a26432381283c060275127f20ded7d8616c370","isMergeCommit":false,"messageTitle":"Implement getSampleVendors in SampleDataUtil.java","messageBody":"","fileTypesAndContributionMap":{"functional-code":{"insertions":20,"deletions":0}}},{"hash":"c1f726035876903514823a9bcc764bcac9fbad80","isMergeCommit":false,"messageTitle":"Format vendors for display to users","messageBody":"","fileTypesAndContributionMap":{"functional-code":{"insertions":20,"deletions":0}}},{"hash":"73da14ad72d01920f6e6e4acb8682fe93d6147b2","isMergeCommit":false,"messageTitle":"Edit MESSAGE_USAGE of AddVendorCommand","messageBody":"","fileTypesAndContributionMap":{"functional-code":{"insertions":1,"deletions":1}}},{"hash":"17518ab043b1be83d44d4b561ca0e71536c14b2e","isMergeCommit":false,"messageTitle":"Edit parse method in AddVendorCommandParser","messageBody":"","fileTypesAndContributionMap":{"functional-code":{"insertions":1,"deletions":1}}},{"hash":"875ed7faa954a235853bff24c5916dec2a1d90d2","isMergeCommit":false,"messageTitle":"Debug tokenize method call in AddVendorCommandParser","messageBody":"","fileTypesAndContributionMap":{"functional-code":{"insertions":1,"deletions":1}}}]},{"date":"2024-10-04","commitResults":[{"hash":"7cafa54c29903ac0555643b6ea14fd1137419813","isMergeCommit":false,"messageTitle":"Implement AddGuestCommandIntegrationTest.java","messageBody":"","fileTypesAndContributionMap":{"test-code":{"insertions":48,"deletions":0}}},{"hash":"bba36faab4930d3e78075293710430eb88880a1f","isMergeCommit":false,"messageTitle":"Create and implement AddGuestCommandTest.java","messageBody":"","fileTypesAndContributionMap":{"test-code":{"insertions":207,"deletions":48}}},{"hash":"54751be3a25dd039ef4f8d3b6f848d25f6862545","isMergeCommit":false,"messageTitle":"Rectify AddVendorCommandIntegrationTest.java","messageBody":"","fileTypesAndContributionMap":{"test-code":{"insertions":49,"deletions":0}}},{"hash":"901a71d2c8ba170f177970af2268006c0bb13cae","isMergeCommit":false,"messageTitle":"Include INVALID_COMPANY_DESC constant in CommandTestUtil.java","messageBody":"","fileTypesAndContributionMap":{"test-code":{"insertions":224,"deletions":0}}},{"hash":"716cb1c4f45a9115956a3c00ec0be8e28b4cb898","isMergeCommit":false,"messageTitle":"Include constants COMPANY_DESC_AMY and COMPANY_DESC_BOB in CommandTestUtil","messageBody":"","fileTypesAndContributionMap":{"test-code":{"insertions":26,"deletions":18}}},{"hash":"38dbd4b6da3c24dafaeacbf91ff7f7c8ba4f2b1f","isMergeCommit":false,"messageTitle":"Create and implement AddVendorCommandParserTest.java","messageBody":"","fileTypesAndContributionMap":{"test-code":{"insertions":29,"deletions":21}}},{"hash":"8df9dbbb9c4a4e30337971f8542d3d6e1737307b","isMergeCommit":false,"messageTitle":"Add more tests to VendorUtil","messageBody":"","fileTypesAndContributionMap":{"test-code":{"insertions":65,"deletions":0}}},{"hash":"ac5e13554687c83e135618d7c2e40ad85e0cc42a","isMergeCommit":false,"messageTitle":"Edit AddVendorCommandIntegrationTest to import correct methods","messageBody":"","fileTypesAndContributionMap":{"test-code":{"insertions":100,"deletions":1}}},{"hash":"42dc3ddff8fd3dc099a951da0a2fdc4a0684a5c9","isMergeCommit":false,"messageTitle":"Edit all usage of ALICE to AMY in VendorTest","messageBody":"","fileTypesAndContributionMap":{"test-code":{"insertions":60,"deletions":68}}},{"hash":"0828f1839c47d31bfacaa71f4cc20299ec2ca05d","isMergeCommit":false,"messageTitle":"Add test cases to AddVendorIntegrationTest.java","messageBody":"","fileTypesAndContributionMap":{"test-code":{"insertions":1,"deletions":2}}},{"hash":"057fd37d4a3c7a6b1ce146b28a0eecded8b6988d","isMergeCommit":false,"messageTitle":"Fix style in AddVendorCommandParser","messageBody":"","fileTypesAndContributionMap":{"functional-code":{"insertions":1,"deletions":1}}},{"hash":"e7ba3b326a47bf93ffc33a76484f26b62117495b","isMergeCommit":false,"messageTitle":"Fix style in SampleDataUtil","messageBody":"","fileTypesAndContributionMap":{"functional-code":{"insertions":0,"deletions":20}}},{"hash":"7ede0684c4c88a6ea5d72a9229c02b9834de69b9","isMergeCommit":false,"messageTitle":"Fix more style errors in test files","messageBody":"","fileTypesAndContributionMap":{"test-code":{"insertions":8,"deletions":10}}},{"hash":"15add40d0bc4e4b966a830ea512a25f0ba9492a2","isMergeCommit":false,"messageTitle":"Add parseCommand_add_vendor() test case in AddressBookParserTest","messageBody":"","fileTypesAndContributionMap":{"test-code":{"insertions":11,"deletions":0}}}]},{"date":"2024-10-05","commitResults":[{"hash":"92152924248402a2aa7f2b46866dfda4c2d91580","isMergeCommit":true,"messageTitle":"Merge pull request #49 from slye20/branch-update-ug","messageBody":"Update UG","fileTypesAndContributionMap":{}}]},{"date":"2024-10-16","commitResults":[{"hash":"b94892fae1935175d5bd3338d826a36a617fc2fb","isMergeCommit":true,"messageTitle":"Merge pull request #59 from yxtan02/branch-edit-guest-command","messageBody":"Create edit guest command","fileTypesAndContributionMap":{}},{"hash":"a35393e904ad85dcbcd7e9dd869c5d5c7e672844","isMergeCommit":false,"messageTitle":"Create and implement EditVendorCommand and EditVendorDescriptor","messageBody":"","fileTypesAndContributionMap":{"functional-code":{"insertions":187,"deletions":0}}},{"hash":"fdda035b4d92133fc3e0583407000043ad5c67d0","isMergeCommit":false,"messageTitle":"Edit AddressBookParser","messageBody":"","fileTypesAndContributionMap":{"functional-code":{"insertions":4,"deletions":0}}},{"hash":"8fcfd0dcfecdc303afaa8db38f9ad5ab1e3e81bd","isMergeCommit":false,"messageTitle":"Create and implement EditVendorCommandParser","messageBody":"","fileTypesAndContributionMap":{"functional-code":{"insertions":92,"deletions":0}}},{"hash":"1a8d1682c03ca91864649de06910add66996c24c","isMergeCommit":false,"messageTitle":"Create and implement EditVendorDescriptorBuilder","messageBody":"","fileTypesAndContributionMap":{"test-code":{"insertions":97,"deletions":0}}},{"hash":"899cbf8c2962af79e98abda92a8505c7d9746702","isMergeCommit":false,"messageTitle":"Add static variables to CommandTestUtil","messageBody":"","fileTypesAndContributionMap":{"test-code":{"insertions":9,"deletions":0}}},{"hash":"d343d6bc9916c5c47c56542a7719421f4d00342b","isMergeCommit":false,"messageTitle":"Create and implement EditVendorCommandTest","messageBody":"","fileTypesAndContributionMap":{"test-code":{"insertions":159,"deletions":0}}},{"hash":"c789c412f8ae22b743cbab3003a7560055ed5563","isMergeCommit":false,"messageTitle":"Create and implement EditVendorDescriptorTest","messageBody":"","fileTypesAndContributionMap":{"test-code":{"insertions":78,"deletions":0}}},{"hash":"0840cdf70d5f80cec59a62f6673a1b329e748b1f","isMergeCommit":false,"messageTitle":"Rectify mistakes in VendorUtil","messageBody":"","fileTypesAndContributionMap":{"test-code":{"insertions":16,"deletions":2}}},{"hash":"f439304a71c6619781070637f9e5a45b3e2ce6c1","isMergeCommit":false,"messageTitle":"Add parseCommand_editVendor() in AddressBookParserTest and rectify EditVendorCommandTest","messageBody":"","fileTypesAndContributionMap":{"test-code":{"insertions":223,"deletions":1}}},{"hash":"54a4a6b101ec2d2488aaa52447641d6ff6edc996","isMergeCommit":false,"messageTitle":"Create and implement EditVendorCommandParserTest","messageBody":"","fileTypesAndContributionMap":{"test-code":{"insertions":44,"deletions":40}}},{"hash":"1ecb94a861b78dcc24e5958923d062723bcfae2f","isMergeCommit":false,"messageTitle":"Rectify style error in EditVendorCommandTest","messageBody":"","fileTypesAndContributionMap":{"test-code":{"insertions":1,"deletions":1}}}]},{"date":"2024-10-17","commitResults":[{"hash":"d63af1efbdca94c44311ccb7221faf883bd38e82","isMergeCommit":true,"messageTitle":"Merge pull request #62 from YangQF2002/update-ui-design","messageBody":"Update UI partially","tags":["v1.3"],"fileTypesAndContributionMap":{}}]},{"date":"2024-10-21","commitResults":[{"hash":"060828279bec853af5b0d52455e8825c6956d461","isMergeCommit":false,"messageTitle":"Edit viewing help in UG","messageBody":"","fileTypesAndContributionMap":{"docs":{"insertions":4,"deletions":2}}},{"hash":"903038346032db0d838f90d25570e27432356c8c","isMergeCommit":false,"messageTitle":"Edit viewing help in UG","messageBody":"","fileTypesAndContributionMap":{"docs":{"insertions":0,"deletions":1}}}]},{"date":"2024-10-23","commitResults":[{"hash":"888a367677d44401c5ee9ea29b754dfa4741cdb6","isMergeCommit":false,"messageTitle":"Edit introduction and table of contents","messageBody":"","fileTypesAndContributionMap":{"docs":{"insertions":39,"deletions":4}}},{"hash":"0582262e135701773f27c9f493cb959be8c4e5c5","isMergeCommit":false,"messageTitle":"Refine introduction","messageBody":"","fileTypesAndContributionMap":{"docs":{"insertions":4,"deletions":4}}},{"hash":"de3ff4aabba8211818310b624ed49f56463ef6c3","isMergeCommit":false,"messageTitle":"Finish introduction","messageBody":"","fileTypesAndContributionMap":{"docs":{"insertions":1,"deletions":1}}},{"hash":"62b22d16fa4dbc5c283877e61300c61d55458dc4","isMergeCommit":false,"messageTitle":"Add glossary","messageBody":"","fileTypesAndContributionMap":{"docs":{"insertions":11,"deletions":2}}},{"hash":"eae2205d8cf3b10f92d1029518d96c2924d10e7c","isMergeCommit":false,"messageTitle":"Start tutorial for beginners section","messageBody":"","fileTypesAndContributionMap":{"docs":{"insertions":6,"deletions":0}}},{"hash":"9f60fc67643662517bffa68d69b4ade72194e423","isMergeCommit":false,"messageTitle":"Rectify table of contents","messageBody":"","fileTypesAndContributionMap":{"docs":{"insertions":4,"deletions":2}}},{"hash":"126275c4a0ae6ad588287ba404c0768b2627e138","isMergeCommit":false,"messageTitle":"Change jar file link","messageBody":"","fileTypesAndContributionMap":{"docs":{"insertions":1,"deletions":1}}},{"hash":"129fde618ba8484a0ec32535c3a32498b8fddbea","isMergeCommit":false,"messageTitle":"Initialise section with guidelines on using the user guide","messageBody":"","fileTypesAndContributionMap":{"docs":{"insertions":6,"deletions":1}}},{"hash":"6e0002f37055df431036c4457729a973f8c0f0b1","isMergeCommit":false,"messageTitle":"Introduce and finish up User Guide additional tips","messageBody":"","fileTypesAndContributionMap":{"docs":{"insertions":22,"deletions":1}}},{"hash":"06c59586f330055aa95c8ccfdd43238b25f6e8c2","isMergeCommit":false,"messageTitle":"Edit symbol interpretations","messageBody":"","fileTypesAndContributionMap":{"docs":{"insertions":30,"deletions":22}}},{"hash":"c58e850546d56e20129c164f41daefcab1add0eb","isMergeCommit":false,"messageTitle":"Edit Quick Start section","messageBody":"","fileTypesAndContributionMap":{"docs":{"insertions":7,"deletions":6}}},{"hash":"db581d69bf0e1cb91d0a9fabc2146b2dbc09b6b8","isMergeCommit":false,"messageTitle":"Complete Quick Start section","messageBody":"","fileTypesAndContributionMap":{"docs":{"insertions":11,"deletions":6}}},{"hash":"012afaf743134fc328f1bd1ba19c7546b1ef291d","isMergeCommit":false,"messageTitle":"Split features into general, guest and vendor","messageBody":"","fileTypesAndContributionMap":{"docs":{"insertions":14,"deletions":3}}},{"hash":"28a2cfd3c120618648ee616cd4200795784072e5","isMergeCommit":false,"messageTitle":"Reformat features section","messageBody":"","fileTypesAndContributionMap":{"docs":{"insertions":19,"deletions":8}}},{"hash":"f516c4e338ffa2cee2dc17bf8b5655f0bb9efc51","isMergeCommit":false,"messageTitle":"Add in other sections of UG","messageBody":"","fileTypesAndContributionMap":{"docs":{"insertions":15,"deletions":9}}},{"hash":"e11574bd97f9586fa40be15fccb0a89d15e0d38b","isMergeCommit":false,"messageTitle":"Add in list feature","messageBody":"","fileTypesAndContributionMap":{"docs":{"insertions":19,"deletions":1}}},{"hash":"458422c61713f1cc8048228240dc3dad9ab9b0da","isMergeCommit":false,"messageTitle":"Add find feature","messageBody":"","fileTypesAndContributionMap":{"docs":{"insertions":9,"deletions":0}}}]},{"date":"2024-10-24","commitResults":[{"hash":"6c790a811de5b2d378a4bd783ecad79456e48e73","isMergeCommit":false,"messageTitle":"Organise AddVendorCommand","messageBody":"","fileTypesAndContributionMap":{"functional-code":{"insertions":12,"deletions":12}}},{"hash":"f70c4c16db02725025f8c403d64b567c426cca5e","isMergeCommit":false,"messageTitle":"Organise EditVendorDescriptorBuilder","messageBody":"","fileTypesAndContributionMap":{"test-code":{"insertions":8,"deletions":8}}},{"hash":"619467cf9b18f803e16557631b91a294e72753e9","isMergeCommit":false,"messageTitle":"Add find command to UG","messageBody":"","fileTypesAndContributionMap":{"docs":{"insertions":15,"deletions":1}}},{"hash":"2300165a14cc87f5f4b8996931616fcee932b7a1","isMergeCommit":false,"messageTitle":"Add clear and stats commands in UG","messageBody":"","fileTypesAndContributionMap":{"docs":{"insertions":20,"deletions":1}}},{"hash":"403010980004d54045dbb9da5385ad916771c7c7","isMergeCommit":false,"messageTitle":"Add exit command in UG","messageBody":"","fileTypesAndContributionMap":{"docs":{"insertions":9,"deletions":12}}},{"hash":"d54078ac6423f72ee9442aa196b74228eba98ad0","isMergeCommit":false,"messageTitle":"Organise UG","messageBody":"","fileTypesAndContributionMap":{"docs":{"insertions":11,"deletions":26}}},{"hash":"5379970c30c15b14fd403d66ca9bcc6912c891e6","isMergeCommit":false,"messageTitle":"Clear unused commands in UG","messageBody":"","fileTypesAndContributionMap":{"docs":{"insertions":0,"deletions":46}}},{"hash":"876cf1d6bfcc31289c40602fed209a72aeb7d2fa","isMergeCommit":false,"messageTitle":"Insert vendor commands into UG","messageBody":"","fileTypesAndContributionMap":{"docs":{"insertions":83,"deletions":2}}},{"hash":"ea6b53a122cda1ba176218cfa154f6e7e34b6dcf","isMergeCommit":false,"messageTitle":"Tidy up all current commands on UG","messageBody":"","fileTypesAndContributionMap":{"docs":{"insertions":15,"deletions":7}}},{"hash":"ab55ee11803e68923ebe05cc3258f1531267cd89","isMergeCommit":false,"messageTitle":"Change position of warning emote","messageBody":"","fileTypesAndContributionMap":{"docs":{"insertions":2,"deletions":2}}},{"hash":"e286d4168dc2311903b44c66e46ef31880899d43","isMergeCommit":false,"messageTitle":"Remove emotes that look out of place","messageBody":"","fileTypesAndContributionMap":{"docs":{"insertions":4,"deletions":4}}},{"hash":"00b778407552e3cca833ee175bb7008602351d04","isMergeCommit":false,"messageTitle":"Reflect command summary table accurately","messageBody":"","fileTypesAndContributionMap":{"docs":{"insertions":15,"deletions":9}}},{"hash":"d2058eae7546b62c589731e156b16ef774414dbf","isMergeCommit":false,"messageTitle":"Add in line breaks in UG","messageBody":"","fileTypesAndContributionMap":{"docs":{"insertions":3,"deletions":0}}},{"hash":"e5f1a86be97d3b8862991c44d8246dacc5a5f4cb","isMergeCommit":false,"messageTitle":"Change positions of line breaks in UG","messageBody":"","fileTypesAndContributionMap":{"docs":{"insertions":3,"deletions":3}}},{"hash":"1d5b4b6fd603b3dde9be27c2c6fff854f7f6b0f8","isMergeCommit":true,"messageTitle":"Merge pull request #72 from yxtan02/branch-find-command","messageBody":"Extend find command","fileTypesAndContributionMap":{}}]}],"weibinlim":[{"date":"2024-09-24","commitResults":[{"hash":"6cefb4f120286b3f1ecd2bccacb543680385860d","isMergeCommit":true,"messageTitle":"Merge pull request #9 from yxtan02/branch-add-photo","messageBody":"Add Yi Xuan\u0027s photo","fileTypesAndContributionMap":{}},{"hash":"8ae8d882be84dc7dbd24fe10ced8258279388bc7","isMergeCommit":false,"messageTitle":"Update AboutUs.md","messageBody":"","fileTypesAndContributionMap":{"docs":{"insertions":17,"deletions":44}}},{"hash":"896881cc104c760eb0d92eaba3e1d9251a4cf43c","isMergeCommit":true,"messageTitle":"Merge branch \u0027master\u0027 of https://github.com/AY2425S1-CS2103T-F09-3/tp into Update-AboutUs","messageBody":"","fileTypesAndContributionMap":{}},{"hash":"03b846ecceb819ba0187ca91750f8fc59a138fa8","isMergeCommit":true,"messageTitle":"Merge pull request #19 from weibinlim/Update-AboutUs","messageBody":"Update Weibin\u0027s Info on AboutUs page","fileTypesAndContributionMap":{}},{"hash":"a8ee501d6a37b356e03eb9dc703ab244ad33e73a","isMergeCommit":true,"messageTitle":"Merge pull request #20 from hovanleong/branch-add-info","messageBody":"Update Hovan\u0027s info on AboutUs page ","fileTypesAndContributionMap":{}},{"hash":"17059cc75d9ce58dbb6525819bd3eea1ba6bdb36","isMergeCommit":false,"messageTitle":"Update contents of page to match project","messageBody":"","fileTypesAndContributionMap":{"docs":{"insertions":10,"deletions":9}}},{"hash":"a6596adb239b08e096d0a7c8289b7a1bf98d4e4f","isMergeCommit":true,"messageTitle":"Merge pull request #1 from weibinlim/Update-AboutUs","messageBody":"Update about us","fileTypesAndContributionMap":{}},{"hash":"d38b3a3d0c264a7f5c09ab1a2668f925b8252c2b","isMergeCommit":false,"messageTitle":"Refactor value proposition and target user profile","messageBody":"","fileTypesAndContributionMap":{"docs":{"insertions":14,"deletions":6}}},{"hash":"bf2d667c291a5e640fd302a5ddf21fd2b28c3b98","isMergeCommit":true,"messageTitle":"Merge pull request #30 from yxtan02/branch-update-readme","messageBody":"Update developer guide","fileTypesAndContributionMap":{}}]},{"date":"2024-09-30","commitResults":[{"hash":"73fe6fcbfdfbf4b5eeb638cc4d4c445c21bf307f","isMergeCommit":true,"messageTitle":"Merge pull request #38 from yxtan02/branch-update-readme","messageBody":"Update glossary","fileTypesAndContributionMap":{}}]},{"date":"2024-10-01","commitResults":[{"hash":"391332655bfb46e85221451a8bfa94a83a89f3a4","isMergeCommit":false,"messageTitle":"feat: Add RSVP tracking to Guest class","messageBody":"- Implement Guest class extending Person with RSVP functionality\n- Implement Rsvp class with validation for \u0027ACCEPTED\u0027 or \u0027DECLINED\u0027 statuses\n- Enhance Person with toStringBuilder for custom string representations\n- Guest includes RSVP status checking (isComing) and equality overrides\n","fileTypesAndContributionMap":{"functional-code":{"insertions":138,"deletions":4}}},{"hash":"285d9bd38cc37c7e3e3b8738fe5c1818627849cb","isMergeCommit":false,"messageTitle":"refactor: Make RSVP field in Guest class final for immutability","messageBody":"","fileTypesAndContributionMap":{"functional-code":{"insertions":1,"deletions":1}}},{"hash":"96f41c2b5ceeef26743f917719302f280a9c76a1","isMergeCommit":false,"messageTitle":"feat: Extend RSVP statuses to include \u0027PENDING\u0027","messageBody":"SampleDataUtil.java: Replace Person instances with Guest instances\n","fileTypesAndContributionMap":{"functional-code":{"insertions":20,"deletions":18}}},{"hash":"5900b40f9c13b1d21986c93c2b762488d3ba514f","isMergeCommit":true,"messageTitle":"Merge pull request #43 from slye20/branch-vendor-model","messageBody":"Add Vendor model","fileTypesAndContributionMap":{}},{"hash":"daa5144b357e776b7b0a3acc1197123b18e153a7","isMergeCommit":false,"messageTitle":"feat: Add RSVP status constants and update CommandTestUtil for RSVP validation","messageBody":"refactor: Delete unused import in Guest class\n","fileTypesAndContributionMap":{"functional-code":{"insertions":0,"deletions":1},"test-code":{"insertions":2,"deletions":0}}},{"hash":"fbd63dd0893738f8d3035d911737c164e186530c","isMergeCommit":true,"messageTitle":"Merge branch \u0027master\u0027 into branch-guest-model","messageBody":"","fileTypesAndContributionMap":{}},{"hash":"dd8cd6f46976791e988d035be18a81157baaa8b9","isMergeCommit":false,"messageTitle":"Resolve Conflict","messageBody":"","fileTypesAndContributionMap":{"functional-code":{"insertions":23,"deletions":41}}},{"hash":"35275328499092bad97ec38742cd4805c3a7f4db","isMergeCommit":false,"messageTitle":"refactor: Add Guest data","messageBody":"- refactor PersonBuilder class to build Guests\n- refactor TypicalPersons\n  class to include Guest data set\n- add getTypicalAddressBookGuests\n  to create an address book of Guests\n- add getTypicalGuestPersons\n  to create a list of Guests\n","fileTypesAndContributionMap":{"test-code":{"insertions":51,"deletions":22}}},{"hash":"d8157246c23d0327af5640e7b5df35802db8b969","isMergeCommit":false,"messageTitle":"test: Test methods in Guest and Rsvp classes","messageBody":"","fileTypesAndContributionMap":{"functional-code":{"insertions":1,"deletions":1},"test-code":{"insertions":161,"deletions":0}}},{"hash":"359d213ed1992ec842675a621cd32c7f6e8b1895","isMergeCommit":false,"messageTitle":"refactor: Add JavaDocs for Guest and Rsvp classes","messageBody":"","fileTypesAndContributionMap":{"functional-code":{"insertions":85,"deletions":6}}}]},{"date":"2024-10-02","commitResults":[{"hash":"1de10448fea2b0ff2601c1496265039ec32c6af0","isMergeCommit":false,"messageTitle":"refactor: Edit Rsvp class constructor","messageBody":"- Stores the Rsvp status as a string of upper case letters\nfor uniformity.\n\nrefactor RsvpTest.java\n\n- remove trailing whitespace\n","fileTypesAndContributionMap":{"functional-code":{"insertions":1,"deletions":1},"test-code":{"insertions":1,"deletions":1}}},{"hash":"3bb806edbcb54203bc3d9887216ea2ce8c86dbf6","isMergeCommit":false,"messageTitle":"feat: Add a Guest class constructor","messageBody":"- if RSVP status not specified, the default RSVP status will be set to \"PENDING\"\n","fileTypesAndContributionMap":{"functional-code":{"insertions":17,"deletions":0}}}]},{"date":"2024-10-16","commitResults":[{"hash":"30099ebfe24ecf6587b12163320f5f02d1d193b4","isMergeCommit":false,"messageTitle":"refactor:","messageBody":"- add DeleteGuestCommand class\n- add DeleteVendorCommand class\n","fileTypesAndContributionMap":{"functional-code":{"insertions":146,"deletions":0}}},{"hash":"3a3d9a28e914beeeba0eb2d5bddeae7a21a90b4c","isMergeCommit":false,"messageTitle":"implement: Implement delete guest and vendor feature","messageBody":"- add new DeleteGuestCommandParser class\n- add new DeleteVendorCommandParser class\n- edit parseCommand(String) method in AddressBookParser class\n  to include the two new command word cases\n- refactor DeleteGuestCommand and DeleteVendorCommand for style\n","fileTypesAndContributionMap":{"functional-code":{"insertions":78,"deletions":31}}},{"hash":"5680f1f0f3cee7f9373a2bfd3013bf36bf351ab3","isMergeCommit":false,"messageTitle":"refactor: Remove usages of DeleteCommand class","messageBody":"- Edit success message in DeleteGuestCommand class\n- Edit success message in DeleteVendorCommand class\n- Edit DeleteGuestCommandParser to use DeleteGuestCommand success message\n- Edit DeleteVendorCommandParser to use DeleteVendorCommand success message\n","fileTypesAndContributionMap":{"functional-code":{"insertions":4,"deletions":6}}},{"hash":"d1e20db7bfc3ba4f9d7e026cfbb6625876821600","isMergeCommit":false,"messageTitle":"Add tests: Test the four new classes related to delete feature","messageBody":"- Add DeleteGuestCommandTest class\n- Add DeleteVendorCommandTest class\n- Add DeleteGuestCommandParserTest class\n- Add DeleteVendorCommandParserTest class\n- Add two new methods showGuestAtIndex() and showVendorAtIndex()\n  in CommandTestUtil class\n\nFix tests: Fix AddressBookParserTest to test the two new cases\n","fileTypesAndContributionMap":{"test-code":{"insertions":335,"deletions":5}}},{"hash":"dc86243ff5239c93e2486b6fd81cffc3b833613d","isMergeCommit":false,"messageTitle":"Delete: Delete unused DeleteCommand class and DeleteCommandParser class and its tests","messageBody":"","fileTypesAndContributionMap":{"functional-code":{"insertions":0,"deletions":99},"test-code":{"insertions":0,"deletions":152}}},{"hash":"fe2d430724d2c62c8fb5499d06e2bd9089416ded","isMergeCommit":false,"messageTitle":"Document: Update Javadocs","messageBody":"","fileTypesAndContributionMap":{"functional-code":{"insertions":7,"deletions":7},"test-code":{"insertions":6,"deletions":6}}},{"hash":"feddb341da1d1d9d20b59d9573c4fad51513627c","isMergeCommit":false,"messageTitle":"Fix Test: Fix execute_commandExecutionError_throwsCommandException() in LogicManagerTest class","messageBody":"Refactor: Fix checkstyle\n","fileTypesAndContributionMap":{"functional-code":{"insertions":20,"deletions":10},"test-code":{"insertions":38,"deletions":20}}}]},{"date":"2024-10-23","commitResults":[{"hash":"204a994470c12c13640552f9dc4209b1bcf9ada5","isMergeCommit":false,"messageTitle":"Add Relation class for new Relation field in Guest object","messageBody":"Integrate Relation into Guest class:\n- add new relation field\n- add new constructors to include cases when relation is\n  specified and not specified\n- add new method getRelation() to return the Guest\u0027s relation\n- edit toString(), equals(Object) and hashcode() methods to\n  include relation field\n","fileTypesAndContributionMap":{"functional-code":{"insertions":167,"deletions":3}}},{"hash":"fefaa1f3600b4b40805ab5ef35cfe0a798ad6a0d","isMergeCommit":false,"messageTitle":"Revert \"Add Relation class for new Relation field in Guest object\"","messageBody":"This reverts commit 204a994470c12c13640552f9dc4209b1bcf9ada5.\n","fileTypesAndContributionMap":{"functional-code":{"insertions":3,"deletions":167}}},{"hash":"601f73a047307fd4b9a5fb89d372c2b775231bdc","isMergeCommit":false,"messageTitle":"Add Relation class for new Relation field in Guest object","messageBody":"Integrate Relation into Guest class:\n- add new relation field\n- add new constructors to include cases when relation is\nspecified and not specified\n- add new method getRelation() to return the Guest\u0027s relation\n- edit toString(), equals(Object) and hashcode() methods to\ninclude relation field\n","fileTypesAndContributionMap":{"functional-code":{"insertions":174,"deletions":11}}},{"hash":"4ad75cb1f4705f6e68b068397fc8a48771cd76f0","isMergeCommit":false,"messageTitle":"Feat new Relation field for Guest: - edit CliSyntax class to include the prefix for Relation - add parseRelation(String) method in ParserUtil class to create new Relation object - edit parse(String) method in AddGuestCommandParser class allowing relation to be optionally included when creating a Guest - edit UI to display relation field for guest","messageBody":"","fileTypesAndContributionMap":{"functional-code":{"insertions":31,"deletions":6}}},{"hash":"270a7b8a00655a2e978429b04feae232ad52f2bc","isMergeCommit":false,"messageTitle":"Refactor Rsvp Class","messageBody":"- Replaced the array of RSVP statuses with an enum for better\n  type safety and clarity.\n- Improved code readability and maintainability by using enums\n  for predefined status values.\n","fileTypesAndContributionMap":{"functional-code":{"insertions":8,"deletions":7}}},{"hash":"9b34112a6dbba41494f53ea6984bb2ae455f362d","isMergeCommit":false,"messageTitle":"Refactor format of Guest display to include relation field","messageBody":"","fileTypesAndContributionMap":{"functional-code":{"insertions":2,"deletions":0}}},{"hash":"bb575d5793b4014155c9f3de48e6fb79807dad14","isMergeCommit":false,"messageTitle":"Add tests for Relation field in Guest","messageBody":"- Add RelationTest class\n- Edit EditGuestDescriptor to include relation field\n- Edit AddGuestCommandParser to check for duplicate relation tags\n- Add tests for Rsvp and Relation in ParserUtilTest\n- Edit EditDescriptorBuilder to include relation field\n\nInclude relation in stubs in the following classes:\n- CommandTestUtil\n- CommandParserTest\n- GuestTest\n- GuestBuilder\n- GuestUtil\n- TypicalGuests\n","fileTypesAndContributionMap":{"functional-code":{"insertions":13,"deletions":2},"test-code":{"insertions":186,"deletions":9}}},{"hash":"05eedff095299bfc1739d76dda3c9eb3b8439f13","isMergeCommit":false,"messageTitle":"Fix checkstyle","messageBody":"","fileTypesAndContributionMap":{"functional-code":{"insertions":28,"deletions":7},"test-code":{"insertions":9,"deletions":7}}}]},{"date":"2024-10-24","commitResults":[{"hash":"fca60d6b07635eeef8d6c30c2023a48c5de0e8c8","isMergeCommit":false,"messageTitle":"Refactor classes to include relation - EditGuestCommand - EditGuestDescriptor - EditGuestCommandParser - EditGuestDescriptorTest - EditGuestDescriptorBuilder","messageBody":"Edit feature is incomplete\n","fileTypesAndContributionMap":{"functional-code":{"insertions":16,"deletions":4},"test-code":{"insertions":3,"deletions":1}}},{"hash":"4244a985ac293e97dc3b6302562749f4f6d4f0ba","isMergeCommit":false,"messageTitle":"Edit tests and models to include Relation field - LogicManagerTest - JsonAdaptedGuestTest\\ - duplicatePersonAddressBook - typicalPersonAddressBook","messageBody":"Edit JsonAdaptedGuest to include Relation field\n","fileTypesAndContributionMap":{"functional-code":{"insertions":16,"deletions":1},"test-code":{"insertions":26,"deletions":14}}},{"hash":"4b0619762d8f6d5c17f507b4c4805fe0721dc95e","isMergeCommit":false,"messageTitle":"Add tests to increase test coverage","messageBody":"","fileTypesAndContributionMap":{"test-code":{"insertions":107,"deletions":1}}},{"hash":"4b9c165299c217cbbb2c7e20c8ac99b5baf2dfa6","isMergeCommit":false,"messageTitle":"Refactor input format for Relation and Rsvp classes","messageBody":"Add additional test case to RelationTest for improved coverage\n","fileTypesAndContributionMap":{"functional-code":{"insertions":2,"deletions":2},"test-code":{"insertions":1,"deletions":0}}},{"hash":"a7e920ab9f05f1c7bcd7a93dbe007fcf037ec052","isMergeCommit":true,"messageTitle":"Merge branch \u0027master\u0027 of https://github.com/AY2425S1-CS2103T-F09-3/tp","messageBody":"","fileTypesAndContributionMap":{}},{"hash":"28cbe723e910625e33a387968b619990069d1687","isMergeCommit":true,"messageTitle":"Merge branch \u0027master\u0027 into branch-relation-field","messageBody":"","fileTypesAndContributionMap":{}}]}]},"authorFileTypeContributionMap":{"yxtan02":{"docs":37,"functional-code":728,"test-code":1700,"other":4},"slye20":{"docs":77,"functional-code":340,"test-code":221,"other":3},"YangQF2002":{"docs":10,"functional-code":366,"test-code":343},"hovanleong":{"docs":381,"functional-code":367,"test-code":713},"weibinlim":{"docs":39,"functional-code":620,"test-code":673}},"authorContributionVariance":{"yxtan02":134952.0,"slye20":101737.25,"YangQF2002":36445.94,"hovanleong":57141.41,"weibinlim":51940.36},"authorDisplayNameMap":{"yxtan02":"CS2103T-F09-3 TAN ..XUAN","slye20":"CS2103T-F09-3 SAMU..G EN","YangQF2002":"CS2103T-F09-3 YANG..FENG","hovanleong":"CS2103T-F09-3 HOVA.. MAN","weibinlim":"CS2103T-F09-3 LIM .. BIN"}}
