{"authorDailyContributionsMap":{"ghos7ie":[{"date":"2024-09-23","commitResults":[{"hash":"c6b009918091e5ad464c3a88989dded90cd75451","isMergeCommit":false,"messageTitle":"Add Remark command","messageBody":"","fileTypesAndContributionMap":{"functional-code":{"insertions":283,"deletions":96},"test-code":{"insertions":238,"deletions":28}}},{"hash":"88f2f7e4af142a82e26560893321a89f5c0672ae","isMergeCommit":false,"messageTitle":"Add EOL","messageBody":"","fileTypesAndContributionMap":{"functional-code":{"insertions":10,"deletions":12},"test-code":{"insertions":6,"deletions":6}}},{"hash":"a7cf40025a0be1403c843cb5ef3b6d0c20c0fda1","isMergeCommit":false,"messageTitle":"Add EOL","messageBody":"","fileTypesAndContributionMap":{"test-code":{"insertions":1,"deletions":1}}},{"hash":"47f9fd4285fba79851e5b48d2e0b3875d904e9ba","isMergeCommit":false,"messageTitle":"Fix checkstyle issues","messageBody":"","fileTypesAndContributionMap":{"functional-code":{"insertions":31,"deletions":26},"test-code":{"insertions":4,"deletions":3}}},{"hash":"98fa304bbd47f091852baa84265764847bfab89c","isMergeCommit":false,"messageTitle":"Fix Test files","messageBody":"","fileTypesAndContributionMap":{"test-code":{"insertions":63,"deletions":146}}},{"hash":"599b1f186240c7475ca668d0c736cf5e9fa50986","isMergeCommit":false,"messageTitle":"Add EOL","messageBody":"","fileTypesAndContributionMap":{"test-code":{"insertions":4,"deletions":4}}}]},{"date":"2024-10-02","commitResults":[{"hash":"cd053ecb1681755db122354ce02b30fde917539b","isMergeCommit":false,"messageTitle":"remove commits from tutorial adding","messageBody":"","fileTypesAndContributionMap":{"functional-code":{"insertions":93,"deletions":283},"test-code":{"insertions":164,"deletions":292}}},{"hash":"d67796536c59b42ec9719c708f16f6264524bee2","isMergeCommit":false,"messageTitle":"Update AboutUs","messageBody":"","fileTypesAndContributionMap":{"docs":{"insertions":4,"deletions":4}}},{"hash":"10a85d8a82e62187490dce911a5d993c76af184f","isMergeCommit":true,"messageTitle":"Merge pull request #17 from YANYAN-w/branch-#14","messageBody":"Update yanyan\u0027s info in AboutUs.md","fileTypesAndContributionMap":{}}]},{"date":"2024-10-03","commitResults":[{"hash":"1e03f3b1fb7db8ca52f0f8d100ba6c9a6005c447","isMergeCommit":false,"messageTitle":"Update DG","messageBody":"","fileTypesAndContributionMap":{"docs":{"insertions":292,"deletions":86}}},{"hash":"2c2376767bc85693d356c5a85165dd19242e5447","isMergeCommit":false,"messageTitle":"Update product scope","messageBody":"","fileTypesAndContributionMap":{"docs":{"insertions":12,"deletions":2}}}]},{"date":"2024-10-04","commitResults":[{"hash":"79c124ba22b8dd44117759cce9e40c634e810c6d","isMergeCommit":false,"messageTitle":"Update readme.md and dg","messageBody":"","fileTypesAndContributionMap":{"docs":{"insertions":19,"deletions":16}}},{"hash":"4168f63358d2df6359a706471157fb52d770b8a0","isMergeCommit":true,"messageTitle":"Merge pull request #34 from ghos7ie/update-readme","messageBody":"Update readme.md and dg","fileTypesAndContributionMap":{}}]},{"date":"2024-10-07","commitResults":[{"hash":"9a6c24d18de65d9b2df2ca11b70394ec61baf364","isMergeCommit":false,"messageTitle":"Rename Person to Student all updated in main folder","messageBody":"","fileTypesAndContributionMap":{"functional-code":{"insertions":214,"deletions":448},"other":{"insertions":98,"deletions":115},"docs":{"insertions":30,"deletions":30},"test-code":{"insertions":184,"deletions":196}}},{"hash":"6bbd9d3b3b9e6600b5a8252c69ab4422a25f8f37","isMergeCommit":false,"messageTitle":"Update JUnit test","messageBody":"","fileTypesAndContributionMap":{"functional-code":{"insertions":33,"deletions":35},"other":{"insertions":6,"deletions":6},"test-code":{"insertions":180,"deletions":547}}},{"hash":"adafe7c0765fc4d7cccc80d229c8e420e41e549f","isMergeCommit":true,"messageTitle":"Merge pull request #37 from ghos7ie/rename-remove","messageBody":"Closes #36","fileTypesAndContributionMap":{}},{"hash":"a4a990c583d755b61ce99b6cbced1a619afda0f1","isMergeCommit":false,"messageTitle":"Fix checkstyle","messageBody":"","fileTypesAndContributionMap":{"functional-code":{"insertions":20,"deletions":16},"test-code":{"insertions":4,"deletions":12}}},{"hash":"12046f083772617a4d22c5242a4615fb67ab4de0","isMergeCommit":true,"messageTitle":"Merge pull request #40 from ghos7ie/rename-remove","messageBody":"Fix checkstyle","fileTypesAndContributionMap":{}}]},{"date":"2024-10-10","commitResults":[{"hash":"d345da05e2254b38577ac73a457ef8b8fcb5972e","isMergeCommit":true,"messageTitle":"Merge pull request #48 from dez2003/add-student","messageBody":"Add Student","fileTypesAndContributionMap":{}}]},{"date":"2024-10-12","commitResults":[{"hash":"c2716fbac10447c61c8bb957d0c3ea64b3fc95d8","isMergeCommit":false,"messageTitle":"Add Task class","messageBody":"Task package is kept in model, instead of group package to\naccommodate for future expansion, where students can have individual\ntasks.\n","fileTypesAndContributionMap":{"functional-code":{"insertions":245,"deletions":1}}},{"hash":"cae1dd577beae8facf6c3dfc284460e9f630dfa0","isMergeCommit":true,"messageTitle":"Merge pull request #60 from SooYap/update-gui","messageBody":"Update GUI","fileTypesAndContributionMap":{}},{"hash":"b9411b059d2732f68a4d695a6775034088372100","isMergeCommit":false,"messageTitle":"Remove List command","messageBody":"","fileTypesAndContributionMap":{"functional-code":{"insertions":0,"deletions":28},"test-code":{"insertions":5,"deletions":52}}},{"hash":"402e29c2e2e1127496482f47fea229a7feccd2c3","isMergeCommit":false,"messageTitle":"Use strict resolver style to prevent parsing of invalid dates","messageBody":"","fileTypesAndContributionMap":{"functional-code":{"insertions":4,"deletions":1}}}]},{"date":"2024-10-14","commitResults":[{"hash":"8fdca94ae4ddb63d76d8d85ea9c0ee908da3893b","isMergeCommit":false,"messageTitle":"Complete base functionality of delete group command","messageBody":"","fileTypesAndContributionMap":{"functional-code":{"insertions":224,"deletions":51},"test-code":{"insertions":5,"deletions":5}}},{"hash":"402a2e7935cd952574ef672dde299a6bc1b964b9","isMergeCommit":false,"messageTitle":"Fix checkstyle errors","messageBody":"","fileTypesAndContributionMap":{"functional-code":{"insertions":27,"deletions":26},"other":{"insertions":10,"deletions":8},"test-code":{"insertions":63,"deletions":103}}},{"hash":"7699ca854ac2da048af6542f291ac2cc6aeb1cb5","isMergeCommit":true,"messageTitle":"Merge pull request #74 from ghos7ie/delete-group","messageBody":"Delete Group Command ","fileTypesAndContributionMap":{}},{"hash":"61d0913d2d6b155d3ca40b61eca357495cf69127","isMergeCommit":false,"messageTitle":"Add test cases for components of Task class","messageBody":"","fileTypesAndContributionMap":{"functional-code":{"insertions":16,"deletions":5},"test-code":{"insertions":262,"deletions":0}}},{"hash":"ddd550dc04e2f212fb6d9eaf426c4fb2247ba84d","isMergeCommit":false,"messageTitle":"Fix checkstyle issue","messageBody":"","fileTypesAndContributionMap":{"functional-code":{"insertions":0,"deletions":4}}},{"hash":"47eac0f9aa172c8c429c9d563b8b9cd9d41fee85","isMergeCommit":false,"messageTitle":"Fix more checkstyle issues","messageBody":"","fileTypesAndContributionMap":{"test-code":{"insertions":18,"deletions":38}}},{"hash":"69a740d25635252b6b89bd639e3a71e4e1880e16","isMergeCommit":true,"messageTitle":"Merge pull request #91 from ghos7ie/add-test-case-tasks","messageBody":"Add test cases for components of Task class","fileTypesAndContributionMap":{}}]},{"date":"2024-10-15","commitResults":[{"hash":"de41b5e560d24431e5be58d21342dc77da94381c","isMergeCommit":true,"messageTitle":"Merge pull request #95 from SooYap/list-all-tasks-command","messageBody":"List all tasks command","fileTypesAndContributionMap":{}},{"hash":"07acfdc64e4a2b2d9aa9c6665d5f3fbaba51f7ba","isMergeCommit":false,"messageTitle":"Fix checkstyleMain issues","messageBody":"","fileTypesAndContributionMap":{"functional-code":{"insertions":66,"deletions":49},"test-code":{"insertions":104,"deletions":36}}},{"hash":"c2a85755aa410d093d9a9a8fdb2dc564ba3a5e70","isMergeCommit":false,"messageTitle":"Implement Delete Group feature","messageBody":"","fileTypesAndContributionMap":{"functional-code":{"insertions":131,"deletions":11}}},{"hash":"a1e10d5dc830240ab053c7fd365a74d2daf5dd0d","isMergeCommit":false,"messageTitle":"Fix checkstyle issues for main","messageBody":"","fileTypesAndContributionMap":{"functional-code":{"insertions":7,"deletions":2}}},{"hash":"128b703e66c9be3e91e8752315d278883001194f","isMergeCommit":true,"messageTitle":"Merge pull request #98 from ghos7ie/delete-group-2","messageBody":"Re-implement delete group function","fileTypesAndContributionMap":{}},{"hash":"7f51b85b4fad461dd73201367b970d878e896e6b","isMergeCommit":false,"messageTitle":"Update style of student text in list_group","messageBody":"","fileTypesAndContributionMap":{"functional-code":{"insertions":27,"deletions":11}}},{"hash":"9a51dbc7a516028192afea0ea66742ef551f729a","isMergeCommit":false,"messageTitle":"Fix checkstyle","messageBody":"","fileTypesAndContributionMap":{"functional-code":{"insertions":7,"deletions":4}}},{"hash":"c3617adf74169dac66fc464b949aff0d6ac50a1b","isMergeCommit":false,"messageTitle":"Add TaskTest","messageBody":"","fileTypesAndContributionMap":{"test-code":{"insertions":56,"deletions":0}}},{"hash":"12def5392ab76fabf00f769732b15c0635db8a5e","isMergeCommit":false,"messageTitle":"Fix errant test cases due to email validation change","messageBody":"","fileTypesAndContributionMap":{"functional-code":{"insertions":7,"deletions":7},"test-code":{"insertions":65,"deletions":48}}},{"hash":"2dfdc4a297d7e4cc02a9c49642e8f78aaccb2a4d","isMergeCommit":false,"messageTitle":"fix checkstyle","messageBody":"","fileTypesAndContributionMap":{"test-code":{"insertions":17,"deletions":17}}},{"hash":"3b83486cba5f156b1979572a325d7a246f6bb489","isMergeCommit":true,"messageTitle":"Merge pull request #105 from ghos7ie/finish-task-test-cases","messageBody":"Added TaskTest + Fix errant test cases due to update in Email validation","fileTypesAndContributionMap":{}},{"hash":"29aa524614e1534408a3be9b4543a92b7d9210bb","isMergeCommit":false,"messageTitle":"Update link in help command","messageBody":"","fileTypesAndContributionMap":{"functional-code":{"insertions":1,"deletions":1}}},{"hash":"683867a8cc5bbd4eea9a5658a8480094df561a30","isMergeCommit":false,"messageTitle":"Add basic test cases for Delete Group Command","messageBody":"","fileTypesAndContributionMap":{"test-code":{"insertions":111,"deletions":7}}}]},{"date":"2024-10-16","commitResults":[{"hash":"44076c893ba5915a39f28261dc4816d4dcb30f59","isMergeCommit":false,"messageTitle":"Update Save/Load feature + Student Class","messageBody":"","fileTypesAndContributionMap":{"functional-code":{"insertions":72,"deletions":36},"test-code":{"insertions":129,"deletions":28}}},{"hash":"8f93dfbad07225430e34d0e4f2e905f35e6caf78","isMergeCommit":false,"messageTitle":"Add cautionary comment","messageBody":"","fileTypesAndContributionMap":{"functional-code":{"insertions":1,"deletions":0}}},{"hash":"eaea2b3c0569bcd06189b116aaa7f9a650de250d","isMergeCommit":true,"messageTitle":"Merge pull request #112 from ghos7ie/delete-group-test","messageBody":"Add basic test cases for Delete Group Command","fileTypesAndContributionMap":{}},{"hash":"1af30309287cbc82dae57d578155612443bc9437","isMergeCommit":true,"messageTitle":"Merge branch \u0027master\u0027 into update-student-class","messageBody":"","fileTypesAndContributionMap":{}},{"hash":"1a09980c16b99052ca734aa5a1d468da69dcbe78","isMergeCommit":true,"messageTitle":"Merge pull request #121 from ghos7ie/update-student-class","messageBody":"Update Save/Load feature + Student Class","fileTypesAndContributionMap":{}},{"hash":"26d9e873504fa9383ac50194811317faf418d139","isMergeCommit":false,"messageTitle":"Fix checkstyle issues introduced by resolving merge conflict","messageBody":"","fileTypesAndContributionMap":{"test-code":{"insertions":8,"deletions":8}}},{"hash":"e09af1cf45f9d667b8262c40f3bfce1b30a6c443","isMergeCommit":true,"messageTitle":"Merge pull request #122 from ghos7ie/fix-issues-caused-by-merge","messageBody":"Fix checkstyle issues introduced by resolving merge conflict","fileTypesAndContributionMap":{}},{"hash":"1e350512e7e2525daac99a745f491bbf8d32dcde","isMergeCommit":false,"messageTitle":"Remove extra [] that appears in result","messageBody":"","fileTypesAndContributionMap":{"functional-code":{"insertions":0,"deletions":1}}}]},{"date":"2024-10-17","commitResults":[{"hash":"33f12f798b9486f89387dee83ebd06249fedead4","isMergeCommit":true,"messageTitle":"Merge pull request #127 from SooYap/fix-error-code","messageBody":"Fix code error in ListTaskCommand.java","fileTypesAndContributionMap":{}},{"hash":"6011905234051ded3c17a21585c081a0e4052c51","isMergeCommit":true,"messageTitle":"Merge pull request #128 from SooYap/update-student-optional-parameter","messageBody":"Update student optional parameter, task list now updates when deleting a group","fileTypesAndContributionMap":{}},{"hash":"a31c7a78683cd82bc66084fb82b80d8ca6a5efc8","isMergeCommit":false,"messageTitle":"Fix AddressBook not saving student with updated GroupName attribute","messageBody":"occurs after adding student to a group\n","fileTypesAndContributionMap":{"functional-code":{"insertions":2,"deletions":1}}},{"hash":"1bbcb1d78ce864cf95a67b24722e85e8e8ef1250","isMergeCommit":true,"messageTitle":"Merge pull request #131 from ghos7ie/fix_add_student_to_grp","messageBody":"Fix AddressBook not saving student with updated GroupName attribute","fileTypesAndContributionMap":{}},{"hash":"a3376c8da369cc8c7317815e894d1eee89592453","isMergeCommit":false,"messageTitle":"Fix errant test cases","messageBody":"Test cases were failing due to updated structure of JSON storage\n","fileTypesAndContributionMap":{"functional-code":{"insertions":3,"deletions":2},"test-code":{"insertions":106,"deletions":19}}},{"hash":"c215c90c245e8316e9eb649a0bd0e7ea0a1c2c4f","isMergeCommit":false,"messageTitle":"fix checkstyle","messageBody":"","fileTypesAndContributionMap":{"test-code":{"insertions":7,"deletions":7}}},{"hash":"31d7d7e4ff1a76c5193533ee05bd121125f1d9e6","isMergeCommit":false,"messageTitle":"Revert \"fix checkstyle\"","messageBody":"This reverts commit c215c90c245e8316e9eb649a0bd0e7ea0a1c2c4f.\n","fileTypesAndContributionMap":{"test-code":{"insertions":7,"deletions":7}}},{"hash":"06de447f44b97d841e4e44e67b4db80417074cc8","isMergeCommit":false,"messageTitle":"Fix checkstyle","messageBody":"","fileTypesAndContributionMap":{"test-code":{"insertions":7,"deletions":7}}},{"hash":"89bb3528de08743356c731925d5ad5aea6625ba6","isMergeCommit":true,"messageTitle":"Merge pull request #134 from ghos7ie/v1.3-prep","messageBody":"V1.3 prep","fileTypesAndContributionMap":{}},{"hash":"9bbeb5a974744e46de904c2f786c2a609c6734c4","isMergeCommit":false,"messageTitle":"Add codecov.yml to reduce coverage","messageBody":"","fileTypesAndContributionMap":{"other":{"insertions":6,"deletions":0}}},{"hash":"ebc3a908f9ddc57bfc8c5144e31c9fc7e74e0a64","isMergeCommit":true,"messageTitle":"Merge pull request #135 from ghos7ie/v1.3-prep","messageBody":"Add codecov.yml to reduce coverage","fileTypesAndContributionMap":{}},{"hash":"380ee6f6425e9865f78bdb63b993a555f6b1140e","isMergeCommit":false,"messageTitle":"Add EOL","messageBody":"","fileTypesAndContributionMap":{"other":{"insertions":2,"deletions":1}}},{"hash":"e85cbe20fa56881d3fafa93503839425a69cab96","isMergeCommit":false,"messageTitle":"Remove trailing whitespace","messageBody":"","fileTypesAndContributionMap":{"other":{"insertions":0,"deletions":1}}},{"hash":"f9e669670208c4f2cebe721cb6081534ad4f282a","isMergeCommit":true,"messageTitle":"Merge pull request #136 from ghos7ie/v1.3-prep","messageBody":"Add EOL","fileTypesAndContributionMap":{}}]},{"date":"2024-10-18","commitResults":[{"hash":"c17bc23c721e17210b2e22a490d9250c15125690","isMergeCommit":false,"messageTitle":"Update COMMAND_WORD and Add COMMAND_WORD_ALIAS","messageBody":"","fileTypesAndContributionMap":{"functional-code":{"insertions":170,"deletions":133},"test-code":{"insertions":1,"deletions":1}}},{"hash":"a9abd764a2df9c29acd217cefc1cdf97bb62b2d5","isMergeCommit":false,"messageTitle":"Make command usage messages more uniform","messageBody":"","fileTypesAndContributionMap":{"functional-code":{"insertions":20,"deletions":15}}},{"hash":"7c803aba84740f877c08b68ce7e4a13c1d71819f","isMergeCommit":true,"messageTitle":"Merge pull request #143 from ghos7ie/update-command-words","messageBody":"Update COMMAND_WORD and Add COMMAND_WORD_ALIAS","fileTypesAndContributionMap":{}}]},{"date":"2024-10-22","commitResults":[{"hash":"0fccb7c7aa8f7e07fef398bbfee183e335fd0d89","isMergeCommit":false,"messageTitle":"Enable assertions and import FuzzyWuzzy","messageBody":"","fileTypesAndContributionMap":{"other":{"insertions":7,"deletions":0}}},{"hash":"f3a0cb9760e4221d0126851bb34ddd09e410d434","isMergeCommit":true,"messageTitle":"Merge pull request #159 from ghos7ie/enable-assertions","messageBody":"Enable assertions and import FuzzyWuzzy","fileTypesAndContributionMap":{}},{"hash":"ff36ceba7e1cea46d6e1da3f18c247da46c5dca5","isMergeCommit":false,"messageTitle":"Sort respective additional commands and parsers to their packages","messageBody":"","fileTypesAndContributionMap":{"other":{"insertions":5,"deletions":5}}},{"hash":"1c71e6f4dfca0ead7984520980bf32061921812c","isMergeCommit":false,"messageTitle":"Sort more classes","messageBody":"","fileTypesAndContributionMap":{"functional-code":{"insertions":25,"deletions":13},"test-code":{"insertions":21,"deletions":15}}},{"hash":"57f4baa776a02221fabd5e38c529289935b3a06d","isMergeCommit":true,"messageTitle":"Merge remote-tracking branch \u0027upstream/master\u0027 into fix-gradle-issue-post-cleanup","messageBody":"","fileTypesAndContributionMap":{}},{"hash":"32a7cad800f7e2bbbda87a2eb1a0274488ea1f1b","isMergeCommit":false,"messageTitle":"Fix issues caused by merge","messageBody":"","fileTypesAndContributionMap":{"functional-code":{"insertions":12,"deletions":9}}},{"hash":"97643778451a9e160e30b10af3e12fef6d22b74f","isMergeCommit":true,"messageTitle":"Merge pull request #160 from ghos7ie/fix-gradle-issue-post-cleanup","messageBody":"Fix gradle issues post cleanup","fileTypesAndContributionMap":{}},{"hash":"e53a8ea81351f3e13b82fd8da5b32a4648f6feda","isMergeCommit":false,"messageTitle":"Update SampleDataUtil to suit our current data format","messageBody":"Additionally allowed hyphens in GroupName to suit naming convention\nin CS2103\n","fileTypesAndContributionMap":{"functional-code":{"insertions":78,"deletions":7}}}]},{"date":"2024-10-23","commitResults":[{"hash":"5911da5c406eb38791b2dfbd372ab84f3a20ce99","isMergeCommit":true,"messageTitle":"Merge pull request #163 from ghos7ie/update-sample-data","messageBody":"Update SampleDataUtil to suit our current data format","fileTypesAndContributionMap":{}},{"hash":"498a4c0fbcf155ee66db1d167c086d173e86ded2","isMergeCommit":true,"messageTitle":"Merge pull request #165 from ghos7ie/master","messageBody":"Delete versionhistory.json","fileTypesAndContributionMap":{}},{"hash":"5507966b84bf6d6d27e11d1d77f54e320ca68fcd","isMergeCommit":false,"messageTitle":"Add Find Student Command + Test Cases","messageBody":"","fileTypesAndContributionMap":{"functional-code":{"insertions":178,"deletions":9},"test-code":{"insertions":170,"deletions":0}}},{"hash":"10da11a572f0580129bd2233c34fd21f00022042","isMergeCommit":false,"messageTitle":"Fix checkstyle issues","messageBody":"","fileTypesAndContributionMap":{"test-code":{"insertions":2,"deletions":2}}},{"hash":"c5388197f4314e5e16b380f60698e7d9c5b4f7ec","isMergeCommit":false,"messageTitle":"Add testcase in AddressBookParserTest","messageBody":"","fileTypesAndContributionMap":{"test-code":{"insertions":24,"deletions":7}}},{"hash":"9d6baee2f47c0ae59430dc99ca4615badbe9d14a","isMergeCommit":true,"messageTitle":"Merge pull request #168 from ghos7ie/find_student_command","messageBody":"Add Find Student Command + Test Cases","fileTypesAndContributionMap":{}},{"hash":"84d325517fb95bfb09745ca1e87ac9e08943c940","isMergeCommit":false,"messageTitle":"Add FindGroupCommand + test cases","messageBody":"","fileTypesAndContributionMap":{"functional-code":{"insertions":171,"deletions":2},"test-code":{"insertions":190,"deletions":0}}},{"hash":"00c6d1c826b651335142c6da57d1947c249aa799","isMergeCommit":false,"messageTitle":"Add marker to update UI to Group display","messageBody":"","fileTypesAndContributionMap":{"functional-code":{"insertions":3,"deletions":1}}},{"hash":"46388f6979c2984bb3ed463e23cda40755eb42d9","isMergeCommit":false,"messageTitle":"Update FindStudent to also update UI","messageBody":"","fileTypesAndContributionMap":{"functional-code":{"insertions":5,"deletions":2}}},{"hash":"7aa8bd5ae6ee2e202b288b59967bcb7ec09f1d2f","isMergeCommit":false,"messageTitle":"Finish base code","messageBody":"","fileTypesAndContributionMap":{"functional-code":{"insertions":12,"deletions":0}}},{"hash":"6f21f8f6de03457e2274385468966256aabdd5a6","isMergeCommit":false,"messageTitle":"Finish base code but receiving error","messageBody":"","fileTypesAndContributionMap":{"functional-code":{"insertions":202,"deletions":18}}},{"hash":"357d43f7b13c88538643b8f0fe6f0b18eaf3cf54","isMergeCommit":false,"messageTitle":"Add test cases + minor bug fix","messageBody":"","fileTypesAndContributionMap":{"functional-code":{"insertions":5,"deletions":3},"test-code":{"insertions":206,"deletions":0}}},{"hash":"acec194e4254cd226bf549b70367588734c41f27","isMergeCommit":false,"messageTitle":"Remove unused import","messageBody":"","fileTypesAndContributionMap":{"test-code":{"insertions":0,"deletions":1}}},{"hash":"9a34eac92c0009b4a57505c44149c40e7d8befb4","isMergeCommit":false,"messageTitle":"Enhance FindGroupCommand to use query prefixes","messageBody":"","fileTypesAndContributionMap":{"functional-code":{"insertions":31,"deletions":10},"test-code":{"insertions":4,"deletions":6}}}]},{"date":"2024-10-24","commitResults":[{"hash":"1852b9a5d730e4e7ce3d0b4134dc6d354d0c3eca","isMergeCommit":true,"messageTitle":"Merge pull request #169 from ghos7ie/find-group-command","messageBody":"Add FindGroupCommand + test cases","fileTypesAndContributionMap":{}},{"hash":"ddac53f483b77a0fe040635c8863b28de91963b5","isMergeCommit":true,"messageTitle":"Merge branch \u0027master\u0027 into find-task-command","messageBody":"","fileTypesAndContributionMap":{}},{"hash":"2665d805980ad83ba316f5842f089527343447d7","isMergeCommit":true,"messageTitle":"Merge pull request #171 from ghos7ie/find-task-command","messageBody":"Add find task command + test cases","fileTypesAndContributionMap":{}},{"hash":"ec311a76afe164e639b1ec7c9ea86989c9c32f51","isMergeCommit":false,"messageTitle":"Enable text wrap for result display","messageBody":"","fileTypesAndContributionMap":{"functional-code":{"insertions":2,"deletions":1}}},{"hash":"80aecb04c4d9b55c3697fd02f89510c79e4caf30","isMergeCommit":true,"messageTitle":"Merge pull request #173 from ghos7ie/enable-result-textwrap","messageBody":"Enable text wrap for result display","fileTypesAndContributionMap":{}},{"hash":"a44418105790f7f01f9d9deb41830e3e92d3f353","isMergeCommit":true,"messageTitle":"Merge branch \u0027master\u0027 into sort-command-bug-fix","messageBody":"","fileTypesAndContributionMap":{}},{"hash":"e8ac79275f4e4c13fa0ed93acb0facbc4cc79110","isMergeCommit":true,"messageTitle":"Merge pull request #172 from SooYap/sort-command-bug-fix","messageBody":"Sort command bug fix","fileTypesAndContributionMap":{}},{"hash":"57a32581ea3218c342f7381921e885d90cc31f71","isMergeCommit":false,"messageTitle":"Fix checkstyle","messageBody":"","fileTypesAndContributionMap":{"functional-code":{"insertions":3,"deletions":3}}},{"hash":"7612a3972882db8a6169fa578298cf4152af922e","isMergeCommit":true,"messageTitle":"Merge pull request #174 from ghos7ie/update-gitignore","messageBody":"Post merge fixes","fileTypesAndContributionMap":{}},{"hash":"9d95612eb9c7f8d89679ee4c6105030ee74c0c18","isMergeCommit":false,"messageTitle":"Add .puml file and updated DG","messageBody":"","fileTypesAndContributionMap":{"docs":{"insertions":1,"deletions":0}}},{"hash":"e3ae2af021ad42947738c969035def4fd5cffc3a","isMergeCommit":false,"messageTitle":"Add delete group implementation and update other details","messageBody":"","fileTypesAndContributionMap":{"docs":{"insertions":141,"deletions":20}}},{"hash":"aeaa834837258795ff2333e2b468db00c4303921","isMergeCommit":true,"messageTitle":"Merge pull request #176 from ghos7ie/add-uml","messageBody":"Added DeleteGroupCommand implementation details","fileTypesAndContributionMap":{}},{"hash":"6faaa74062b6615150e66f07059da3a1e62cbbce","isMergeCommit":false,"messageTitle":"Fix mistake in DG","messageBody":"","fileTypesAndContributionMap":{"docs":{"insertions":1,"deletions":1}}},{"hash":"9f675f3cffa9eff56c9dfcd41b5be005ec899adc","isMergeCommit":true,"messageTitle":"Merge pull request #177 from ghos7ie/add-uml","messageBody":"Fix mistake in DG","tags":["v1.4"],"fileTypesAndContributionMap":{}}]},{"date":"2024-10-25","commitResults":[{"hash":"d31696a2918025dd99165af2b2094e51297fa3eb","isMergeCommit":false,"messageTitle":"Update app version","messageBody":"","fileTypesAndContributionMap":{"functional-code":{"insertions":1,"deletions":1}}},{"hash":"7f308ae02378fc1699847d9a785230d76d9b11c7","isMergeCommit":true,"messageTitle":"Merge pull request #181 from ghos7ie/v1.4","messageBody":"Update Version 1.3 to 1.4","fileTypesAndContributionMap":{}}]},{"date":"2024-10-29","commitResults":[{"hash":"73a0c12aba7d5f0718b8cac47e0ba17117ff1c20","isMergeCommit":false,"messageTitle":"Update command word matching to be case-insensitive","messageBody":"","fileTypesAndContributionMap":{"functional-code":{"insertions":1,"deletions":1}}},{"hash":"e085646b02de85a84181e403967a544bfc345ac4","isMergeCommit":false,"messageTitle":"Update necessary equals methods to ignoreCase","messageBody":"","fileTypesAndContributionMap":{"functional-code":{"insertions":16,"deletions":7}}},{"hash":"293d6afbfbf8ec0ddd3ba2e348e92f49d41b7875","isMergeCommit":false,"messageTitle":"Fix checkstyle","messageBody":"","fileTypesAndContributionMap":{"functional-code":{"insertions":0,"deletions":1}}},{"hash":"d8dae91700ee92073c0afcfcd0327757833baa50","isMergeCommit":false,"messageTitle":"Update constraint message","messageBody":"","fileTypesAndContributionMap":{"functional-code":{"insertions":1,"deletions":1}}},{"hash":"a4e5798a8d3c7fd290883a731d72dde9ee3e1578","isMergeCommit":false,"messageTitle":"Fix LOD errors","messageBody":"","fileTypesAndContributionMap":{"functional-code":{"insertions":16,"deletions":11}}},{"hash":"be261f8de9c7ed7faa146c1885a3c5dcd0aac741","isMergeCommit":false,"messageTitle":"Update ratio methods","messageBody":"","fileTypesAndContributionMap":{"functional-code":{"insertions":8,"deletions":8}}},{"hash":"ef7b47400c1395c114ac0f53701c05908a73b5f0","isMergeCommit":false,"messageTitle":"Fix checkstyle errors","messageBody":"","fileTypesAndContributionMap":{"functional-code":{"insertions":12,"deletions":6}}}]},{"date":"2024-10-30","commitResults":[{"hash":"fa2d9c6b97c6ffaa0bfe6bdb686d3d45ca746cca","isMergeCommit":true,"messageTitle":"Merge pull request #200 from ghos7ie/fix-coding-violations","messageBody":"Fix LOD errors","fileTypesAndContributionMap":{}},{"hash":"b97563afb1f717091b3c8aa62c7400c441a52e51","isMergeCommit":true,"messageTitle":"Merge pull request #197 from ghos7ie/command-word-case-insensitive","messageBody":"Update command word matching to be case-insensitive","fileTypesAndContributionMap":{}},{"hash":"e60e51c14ef1b05b665b4c60c34ae2b7b6083e1c","isMergeCommit":true,"messageTitle":"Merge pull request #198 from ghos7ie/fix-group-name-duplicate","messageBody":"Update necessary equals methods to ignoreCase","fileTypesAndContributionMap":{}}]}],"SooYap":[{"date":"2024-10-02","commitResults":[{"hash":"d3e8e03953102ccf1df328f842428539774e3aee","isMergeCommit":false,"messageTitle":"Update Soo Yap information","messageBody":"","fileTypesAndContributionMap":{"docs":{"insertions":5,"deletions":6}}},{"hash":"05d96815caf1fe22b2f8ab9d7676a12f6195795d","isMergeCommit":true,"messageTitle":"Merge pull request #15 from dez2003/branch-update-aboutus","messageBody":"Update Desiree\u0027s details on AboutUs page","fileTypesAndContributionMap":{}},{"hash":"a1d6e50bdde6cb4a287b42e56a41217063369e6d","isMergeCommit":true,"messageTitle":"Merge branch \u0027master\u0027 of https://github.com/AY2425S1-CS2103-F12-2/tp","messageBody":"","fileTypesAndContributionMap":{}}]},{"date":"2024-10-04","commitResults":[{"hash":"8a4664bdb931714dec1cc8ccbe5a05cdcee9e0fe","isMergeCommit":false,"messageTitle":"Update photo name","messageBody":"","fileTypesAndContributionMap":{"docs":{"insertions":1,"deletions":1}}},{"hash":"9ba059b91209b3ee6b594fd30ed6e2bad2d243bd","isMergeCommit":true,"messageTitle":"Merge pull request #27 from SooYap/Update-Photo","messageBody":"Update SooYap photo","fileTypesAndContributionMap":{}},{"hash":"f3c793fb8bfe5e4dc75a8896af6f0430ef16cbe3","isMergeCommit":true,"messageTitle":"Merge branch \u0027master\u0027 of https://github.com/AY2425S1-CS2103-F12-2/tp","messageBody":"","fileTypesAndContributionMap":{}},{"hash":"f1fdc01a090e0a3d01b91b61f11dc91dfb168e53","isMergeCommit":true,"messageTitle":"Merge pull request #26 from ghos7ie/update-dg","messageBody":"Update DG","fileTypesAndContributionMap":{}},{"hash":"7a32368bad961eeefd60a49a80c31502763590c3","isMergeCommit":true,"messageTitle":"Merge branch \u0027master\u0027 of https://github.com/AY2425S1-CS2103-F12-2/tp","messageBody":"","fileTypesAndContributionMap":{}},{"hash":"56ea28fc3d7ad2401f3e5bea6c1f27df5b865b89","isMergeCommit":false,"messageTitle":"Update Developer Guide with use cases","messageBody":"","fileTypesAndContributionMap":{"docs":{"insertions":130,"deletions":3}}},{"hash":"8493dbec077685550acd8907381f5df0e102fb83","isMergeCommit":true,"messageTitle":"Merge pull request #31 from SooYap/Update-DG","messageBody":"Update DG","fileTypesAndContributionMap":{}}]},{"date":"2024-10-07","commitResults":[{"hash":"086b955dc615c6a7d6244ac7604bf1ba16545d95","isMergeCommit":true,"messageTitle":"Merge branch \u0027master\u0027 of https://github.com/AY2425S1-CS2103-F12-2/tp","messageBody":"","fileTypesAndContributionMap":{}},{"hash":"f93d9778552398ed936f916dd0fdce5bdba8babd","isMergeCommit":false,"messageTitle":"Add optional group field in Student class","messageBody":"","fileTypesAndContributionMap":{"functional-code":{"insertions":15,"deletions":4}}},{"hash":"ecacda6aba7142b9e3fa19df4aeff9181f7d8bb9","isMergeCommit":false,"messageTitle":"Fix syntax errors","messageBody":"","fileTypesAndContributionMap":{"functional-code":{"insertions":1,"deletions":1}}},{"hash":"13c16f4894462b5755e86dacb87f81cd30a90341","isMergeCommit":false,"messageTitle":"Add Javadoc comment to new Student constructor","messageBody":"","fileTypesAndContributionMap":{"functional-code":{"insertions":8,"deletions":1}}},{"hash":"3bc340e59251630a928ddef20f8a93eb5b227a77","isMergeCommit":true,"messageTitle":"Merge pull request #43 from SooYap/update-student-fields","messageBody":"Update student fields","fileTypesAndContributionMap":{}},{"hash":"3f03d57b69798a0500ab7e1bc6d2549f571234c8","isMergeCommit":false,"messageTitle":"Add minimal test cases for new optional group field in Student","messageBody":"","fileTypesAndContributionMap":{"functional-code":{"insertions":1,"deletions":0},"test-code":{"insertions":18,"deletions":2}}},{"hash":"9337c6a5a92c8e6ad06730b71fff3358f9d8f911","isMergeCommit":true,"messageTitle":"Merge pull request #44 from SooYap/update-student-fields","messageBody":"Add minimal test cases for new optional group field in Student","fileTypesAndContributionMap":{}}]},{"date":"2024-10-09","commitResults":[{"hash":"0b3c3f410d79693473b0be0ef18ec928c5eed342","isMergeCommit":true,"messageTitle":"Merge branch \u0027master\u0027 of https://github.com/AY2425S1-CS2103-F12-2/tp","messageBody":"","fileTypesAndContributionMap":{}},{"hash":"9dad478a2f32e6566900639275b3dfb4d961e5e6","isMergeCommit":false,"messageTitle":"Add Group class","messageBody":"","fileTypesAndContributionMap":{"functional-code":{"insertions":170,"deletions":5},"test-code":{"insertions":7,"deletions":3}}},{"hash":"8279f6350d0fdebe57b41a9adf61cf895713b410","isMergeCommit":false,"messageTitle":"Include a UniqueGroupList, AddGroupCommand and AddGroupCommandParser class, and update the relevant fields in ModelManager, ReadOnlyAddressBook, CliSyntax, ParserUtil, and Messages classes to support the new function","messageBody":"","fileTypesAndContributionMap":{"functional-code":{"insertions":398,"deletions":5},"test-code":{"insertions":8,"deletions":8}}}]},{"date":"2024-10-10","commitResults":[{"hash":"b9e1e15581bbd64d87ac9b1503ea10d36b59e751","isMergeCommit":false,"messageTitle":"Correct checkstyle violations","messageBody":"","fileTypesAndContributionMap":{"functional-code":{"insertions":19,"deletions":12}}},{"hash":"d58892412642d2de1493749c67bed311bd810b07","isMergeCommit":false,"messageTitle":"Update test cases to cover the newly added fields","messageBody":"","fileTypesAndContributionMap":{"test-code":{"insertions":30,"deletions":1}}},{"hash":"3f26715ce96b116a99afaa91735ccb5123c96f02","isMergeCommit":false,"messageTitle":"Correct test checkstyle violations","messageBody":"","fileTypesAndContributionMap":{"test-code":{"insertions":3,"deletions":3}}},{"hash":"f3dd881071dee4c669969732b75b26764f80fc1e","isMergeCommit":false,"messageTitle":"Implement storage saving functionality for adding groups","messageBody":"","fileTypesAndContributionMap":{"functional-code":{"insertions":100,"deletions":3}}},{"hash":"9c0fabac77ca948c477e4c6dda7483877650b6d3","isMergeCommit":false,"messageTitle":"Fix error message which displays upon user entering an invalid group name","messageBody":"","fileTypesAndContributionMap":{"functional-code":{"insertions":5,"deletions":7}}},{"hash":"9394f64353154b81d858311cf0897dcd759bbb70","isMergeCommit":false,"messageTitle":"Update JUnit tests","messageBody":"","fileTypesAndContributionMap":{"functional-code":{"insertions":14,"deletions":2},"test-code":{"insertions":421,"deletions":0}}},{"hash":"80814164b076741d1d0c4b40c88d27fe649fceaf","isMergeCommit":true,"messageTitle":"Merge branch \u0027master\u0027 of https://github.com/AY2425S1-CS2103-F12-2/tp","messageBody":"","fileTypesAndContributionMap":{}},{"hash":"438dc11a07fa9b0993d49574fc10007f4abd7bf9","isMergeCommit":true,"messageTitle":"Merge branch \u0027create-group-class\u0027","messageBody":"# Conflicts:\n#\tsrc/test/data/JsonSerializableAddressBookTest/duplicatePersonAddressBook.json\n#\tsrc/test/data/JsonSerializableAddressBookTest/typicalPersonsAddressBook.json\n#\tsrc/test/java/seedu/address/logic/commands/CommandTestUtil.java\n","fileTypesAndContributionMap":{}},{"hash":"7d0a0886c8a39544e0d50d0d1ecf285cab98c3e3","isMergeCommit":true,"messageTitle":"Merge pull request #52 from SooYap/master","messageBody":"Add Student and Add Group Functionality","fileTypesAndContributionMap":{}},{"hash":"4ae35a31cf3b65762c3e6025aee99e9e573fe372","isMergeCommit":true,"messageTitle":"Merge branch \u0027master\u0027 into branch-delete-student","messageBody":"","fileTypesAndContributionMap":{}},{"hash":"fed9d9d637af7565a8062429c51bc67377191eae","isMergeCommit":true,"messageTitle":"Merge pull request #49 from YANYAN-w/branch-delete-student","messageBody":"Refactored DeleteCommand to DeleteStudentCommand","fileTypesAndContributionMap":{}},{"hash":"bacf4fba1d6a4ba1b66386d77fb4e6c696efc7c5","isMergeCommit":true,"messageTitle":"Merge branch \u0027master\u0027 of https://github.com/AY2425S1-CS2103-F12-2/tp","messageBody":"","fileTypesAndContributionMap":{}},{"hash":"60698b9cfabee2b27e6e99943696fcc329badc88","isMergeCommit":false,"messageTitle":"Fix bugs","messageBody":"","fileTypesAndContributionMap":{"functional-code":{"insertions":1,"deletions":32}}}]},{"date":"2024-10-11","commitResults":[{"hash":"bd6aaaebad06b381aaa107c03b5b9bf4956d296b","isMergeCommit":false,"messageTitle":"Fix JUnit test cases","messageBody":"","fileTypesAndContributionMap":{"functional-code":{"insertions":39,"deletions":120},"other":{"insertions":8,"deletions":7},"test-code":{"insertions":20,"deletions":139}}},{"hash":"c1a947915ae8e986c1b731c2979f6f997b6ddefc","isMergeCommit":true,"messageTitle":"Merge pull request #53 from SooYap/remove-current-bugs","messageBody":"Remove current bugs","fileTypesAndContributionMap":{}},{"hash":"c5ea404182fefb8b740fdcca6b71f241662c035f","isMergeCommit":true,"messageTitle":"Merge branch \u0027master\u0027 of https://github.com/AY2425S1-CS2103-F12-2/tp","messageBody":"","fileTypesAndContributionMap":{}},{"hash":"882d49fd9e7a0acd4e9899d12e4abaac68ce7e9b","isMergeCommit":false,"messageTitle":"Add and update more test cases","messageBody":"","fileTypesAndContributionMap":{"functional-code":{"insertions":2,"deletions":3},"test-code":{"insertions":52,"deletions":13}}}]},{"date":"2024-10-12","commitResults":[{"hash":"3b57bbc5d044907a1771d52f308b229400f1ae1f","isMergeCommit":false,"messageTitle":"Update JUnit test cases and fix checkstyle issues","messageBody":"","fileTypesAndContributionMap":{"functional-code":{"insertions":22,"deletions":22},"test-code":{"insertions":154,"deletions":10}}},{"hash":"d8894bd12b37c21020171f0045958ce3f2861ca1","isMergeCommit":false,"messageTitle":"Fix more checkstyle issues","messageBody":"","fileTypesAndContributionMap":{"functional-code":{"insertions":0,"deletions":1}}},{"hash":"f23d8880c0d5f397da149874d424e51d6b62af42","isMergeCommit":true,"messageTitle":"Merge pull request #57 from SooYap/update-more-test-cases","messageBody":"Update more test cases","fileTypesAndContributionMap":{}},{"hash":"a652975cb9ca4c675444e592120a8e75b5ee3408","isMergeCommit":true,"messageTitle":"Merge branch \u0027master\u0027 of https://github.com/AY2425S1-CS2103-F12-2/tp","messageBody":"","fileTypesAndContributionMap":{}},{"hash":"78cebfbff2eea62f41a32ca8077287acbe19cfeb","isMergeCommit":false,"messageTitle":"Create placeholder element to display group list and create State class to reflect different GUI display states","messageBody":"","fileTypesAndContributionMap":{"functional-code":{"insertions":271,"deletions":13},"other":{"insertions":4,"deletions":4}}}]},{"date":"2024-10-13","commitResults":[{"hash":"5f1e1152f1b0d18a241b2d31b0561833c89c44d9","isMergeCommit":false,"messageTitle":"Update GUI code to accomodate viewing of groups","messageBody":"","fileTypesAndContributionMap":{"functional-code":{"insertions":189,"deletions":15},"other":{"insertions":6,"deletions":1}}},{"hash":"fe452cc3d97bc3c02bbd22fe0cb2312da5b0ed7f","isMergeCommit":true,"messageTitle":"Merge pull request #66 from SooYap/update-gui","messageBody":"Update GUI code to accomodate viewing of groups","fileTypesAndContributionMap":{}},{"hash":"db99ee39e041313a74af5e0367b9674f72234d19","isMergeCommit":false,"messageTitle":"Remove ListCommand class","messageBody":"","fileTypesAndContributionMap":{"functional-code":{"insertions":1,"deletions":28},"test-code":{"insertions":0,"deletions":25}}},{"hash":"13a542e06b24a16af5b378d9ffc381d2a91e134a","isMergeCommit":false,"messageTitle":"Change command for listing students","messageBody":"","fileTypesAndContributionMap":{"functional-code":{"insertions":1,"deletions":1}}},{"hash":"549d1e1589977a881d4263cc3d1c24246d10a9fc","isMergeCommit":true,"messageTitle":"Merge pull request #67 from SooYap/update-gui","messageBody":"Update gui","fileTypesAndContributionMap":{}},{"hash":"8936d2615b016e5f8c3677cf5ef4297675d91638","isMergeCommit":true,"messageTitle":"Merge branch \u0027master\u0027 of https://github.com/AY2425S1-CS2103-F12-2/tp","messageBody":"","fileTypesAndContributionMap":{}},{"hash":"f8c64fee3b048b209a728aa52218b1ee8b5a7894","isMergeCommit":true,"messageTitle":"Merge pull request #62 from ghos7ie/task-class","messageBody":"Add Task class","fileTypesAndContributionMap":{}},{"hash":"800af6dfd41bf73b13a58f21b5e6e0adecaeaa47","isMergeCommit":true,"messageTitle":"Merge branch \u0027master\u0027 of https://github.com/AY2425S1-CS2103-F12-2/tp","messageBody":"","fileTypesAndContributionMap":{}},{"hash":"ef178661a412fe862f9c528de85b81e856a2c9ba","isMergeCommit":true,"messageTitle":"Merge branch \u0027remove-list-command\u0027","messageBody":"# Conflicts:\n#\tsrc/main/java/seedu/address/logic/parser/AddressBookParser.java\n#\tsrc/test/java/seedu/address/logic/LogicManagerTest.java\n#\tsrc/test/java/seedu/address/logic/commands/ListCommandTest.java\n","fileTypesAndContributionMap":{}},{"hash":"7565721ba8a47a1ea2bbe3ee65daa5cf47520562","isMergeCommit":true,"messageTitle":"Merge pull request #68 from SooYap/update-gui-list-tasks","messageBody":"Update gui list tasks","fileTypesAndContributionMap":{}}]},{"date":"2024-10-14","commitResults":[{"hash":"8b07ff699650b0bba570e259f358883916732ee5","isMergeCommit":false,"messageTitle":"Create UI for Task class","messageBody":"","fileTypesAndContributionMap":{"functional-code":{"insertions":140,"deletions":2}}},{"hash":"259eb4a7f6c5e892051d31ffbe41a439a0d173da","isMergeCommit":true,"messageTitle":"Merge pull request #82 from SooYap/update-gui-list-tasks","messageBody":"Update gui list tasks","fileTypesAndContributionMap":{}},{"hash":"44496e0dd7f6b48214bddf25d71a8111ab8fe466","isMergeCommit":true,"messageTitle":"Merge pull request #78 from dez2003/validate-email","messageBody":"Update the valid email format for Students","fileTypesAndContributionMap":{}},{"hash":"a9ef126f839dff1e07b59d86070893f3d2c42b08","isMergeCommit":true,"messageTitle":"Merge branch \u0027master\u0027 of https://github.com/AY2425S1-CS2103-F12-2/tp","messageBody":"","fileTypesAndContributionMap":{}},{"hash":"4e26e3303b8a9414c4f45a9c957726d913868128","isMergeCommit":false,"messageTitle":"Add dummy changes","messageBody":"","fileTypesAndContributionMap":{"functional-code":{"insertions":1,"deletions":1}}},{"hash":"2a2dc177e23d8e308aeb455f96fd8798e0e10696","isMergeCommit":false,"messageTitle":"More dummy changes","messageBody":"","fileTypesAndContributionMap":{"functional-code":{"insertions":3,"deletions":1}}},{"hash":"ced8d5522d031bbe616a59a75fdf8c71026a6bbe","isMergeCommit":true,"messageTitle":"Merge branch \u0027update-gui-tasks-2\u0027","messageBody":"# Conflicts:\n#\tsrc/main/java/seedu/address/ui/TaskCard.java\n#\tsrc/main/java/seedu/address/ui/TaskListPanel.java\n#\tsrc/main/resources/view/TaskListCard.fxml\n#\tsrc/main/resources/view/TaskListPanel.fxml\n","fileTypesAndContributionMap":{}},{"hash":"07dfa6a7fcf071148970f008035bd7bce2cbc825","isMergeCommit":true,"messageTitle":"Merge pull request #89 from SooYap/master","messageBody":"Fixing merge errors","fileTypesAndContributionMap":{}},{"hash":"aeb526b6dc3b58bef2ee445f2dda2ed13fe3529c","isMergeCommit":true,"messageTitle":"Merge pull request #90 from dez2003/add-student-to-group","messageBody":"Add Student to Group Command","fileTypesAndContributionMap":{}},{"hash":"d8a61fe84ae0c7facfaf4d0c74ab048fb20bc773","isMergeCommit":true,"messageTitle":"Merge branch \u0027master\u0027 of https://github.com/AY2425S1-CS2103-F12-2/tp","messageBody":"","fileTypesAndContributionMap":{}},{"hash":"6ad6a300bced916c5bb5d37b3d4281198cd5efd6","isMergeCommit":false,"messageTitle":"Fix bugs","messageBody":"","fileTypesAndContributionMap":{"functional-code":{"insertions":1,"deletions":1}}},{"hash":"ea91cd9f29fa255bae87985f2b6c87786de76509","isMergeCommit":false,"messageTitle":"Implement the function to view a specific group\u0027s tasks","messageBody":"","fileTypesAndContributionMap":{"functional-code":{"insertions":284,"deletions":1}}}]},{"date":"2024-10-15","commitResults":[{"hash":"0c76fc27c3945469ef3d19bb7e48c9262175055f","isMergeCommit":true,"messageTitle":"Merge pull request #94 from SooYap/list-tasks-command","messageBody":"List tasks command","fileTypesAndContributionMap":{}},{"hash":"b046c1f0e6324499c80e272c911d1beee37b200f","isMergeCommit":true,"messageTitle":"Merge branch \u0027master\u0027 of https://github.com/AY2425S1-CS2103-F12-2/tp","messageBody":"","fileTypesAndContributionMap":{}},{"hash":"0cd64d1554a0e4d76d1599c31c6b8d852b81772e","isMergeCommit":false,"messageTitle":"Add implementation for listing all tasks","messageBody":"","fileTypesAndContributionMap":{"functional-code":{"insertions":19,"deletions":7},"test-code":{"insertions":1,"deletions":1}}},{"hash":"b2ee01f85dc490a4cbc417098f7edc6ea5943f4c","isMergeCommit":false,"messageTitle":"Implement view all lists function","messageBody":"","fileTypesAndContributionMap":{"functional-code":{"insertions":235,"deletions":9}}},{"hash":"8f93235c8978860e2972052c7ab767f2ec95597c","isMergeCommit":true,"messageTitle":"Merge branch \u0027master\u0027 of https://github.com/AY2425S1-CS2103-F12-2/tp","messageBody":"","fileTypesAndContributionMap":{}},{"hash":"9f8d2c533601c19ecf2edcd0b1c79e17e30ff9fd","isMergeCommit":true,"messageTitle":"Merge pull request #102 from ghos7ie/update-list-student-ui","messageBody":"Update style of student text in list_group and student to include group","fileTypesAndContributionMap":{}},{"hash":"77b7914a021939ce01377bef1f2b1166dd61520f","isMergeCommit":false,"messageTitle":"Implement text changes","messageBody":"","fileTypesAndContributionMap":{"functional-code":{"insertions":4,"deletions":1}}},{"hash":"05e528bb20057416a1d8be34f41d015fb77cf205","isMergeCommit":true,"messageTitle":"Merge branch \u0027master\u0027 of https://github.com/AY2425S1-CS2103-F12-2/tp","messageBody":"# Conflicts:\n#\tsrc/main/java/seedu/address/ui/GroupCard.java\n","fileTypesAndContributionMap":{}},{"hash":"ff267eb918bb63d8ec8b4140ce96f0d28df845c1","isMergeCommit":false,"messageTitle":"Create Add Class to Group command","messageBody":"","fileTypesAndContributionMap":{"functional-code":{"insertions":86,"deletions":0}}},{"hash":"62d58a916a8d19a47f9b42e10976c118235ac4c9","isMergeCommit":false,"messageTitle":"Implement add task to group functionality","messageBody":"","fileTypesAndContributionMap":{"functional-code":{"insertions":353,"deletions":46},"test-code":{"insertions":3,"deletions":2}}},{"hash":"fa133f0e32ba1948a19efd617fe88b6c9d018d37","isMergeCommit":false,"messageTitle":"Fix message usage for AddTaskToGroupCommand and fix display problems for list_tasks","messageBody":"","fileTypesAndContributionMap":{"functional-code":{"insertions":25,"deletions":20}}},{"hash":"fe44c9bc2f18c0f298799735c7c0c60f6b19cc0b","isMergeCommit":true,"messageTitle":"Merge pull request #103 from SooYap/add-tasks-to-group-command","messageBody":"Add tasks to group command","fileTypesAndContributionMap":{}},{"hash":"cb704a58202160465c5e02ccfc28a14c6ce34bb6","isMergeCommit":true,"messageTitle":"Merge branch \u0027master\u0027 of https://github.com/AY2425S1-CS2103-F12-2/tp","messageBody":"","fileTypesAndContributionMap":{}},{"hash":"69e0d698ff04c28e79bd32c85e9f4e32eb3976aa","isMergeCommit":false,"messageTitle":"Fix UI display bug","messageBody":"","fileTypesAndContributionMap":{"functional-code":{"insertions":5,"deletions":1}}},{"hash":"1a2710d4feb5fed86203ebbbc7e9bc0f6bc4d512","isMergeCommit":false,"messageTitle":"Fix display bug for group task list and group student list, and change success message for adding tasks","messageBody":"","fileTypesAndContributionMap":{"functional-code":{"insertions":8,"deletions":4}}},{"hash":"0e57d73c85facf270037efaf41f6785b342e76e9","isMergeCommit":true,"messageTitle":"Merge pull request #111 from SooYap/fix-gui-bugs","messageBody":"Fix gui bugs","fileTypesAndContributionMap":{}},{"hash":"3a1041be17c8a9932b6d1a63d63f4f4fe321adac","isMergeCommit":true,"messageTitle":"Merge pull request #110 from ghos7ie/update-help-command","messageBody":"Update link in help command","fileTypesAndContributionMap":{}},{"hash":"7109470f83ff623a5033e9ecf7b68319f7f4d13d","isMergeCommit":true,"messageTitle":"Merge branch \u0027master\u0027 of https://github.com/AY2425S1-CS2103-F12-2/tp","messageBody":"","fileTypesAndContributionMap":{}},{"hash":"755c74451134e5df35e37615ba099d156fa81d49","isMergeCommit":false,"messageTitle":"Fix success message for adding task to group","messageBody":"","fileTypesAndContributionMap":{"functional-code":{"insertions":1,"deletions":1}}}]},{"date":"2024-10-16","commitResults":[{"hash":"994eac97ee09946e20fdfa4f402d7179d50cd5b1","isMergeCommit":false,"messageTitle":"Update GUI display functions","messageBody":"","fileTypesAndContributionMap":{"functional-code":{"insertions":80,"deletions":1}}},{"hash":"526ff186e911411b13ca3e2b23771f0e329fa430","isMergeCommit":false,"messageTitle":"Fix display errors","messageBody":"","fileTypesAndContributionMap":{"functional-code":{"insertions":1,"deletions":1}}},{"hash":"44e95cb413eb3dc8c3a75cdf1b22d25570fe5e71","isMergeCommit":false,"messageTitle":"Add error message for adding student to group, either or both of which are non-existent","messageBody":"","fileTypesAndContributionMap":{"functional-code":{"insertions":19,"deletions":2}}},{"hash":"3bdaa2075dd46bfc343f8d1b50f466b8ade62338","isMergeCommit":false,"messageTitle":"Fix the bug which allows duplicate students to be added","messageBody":"","fileTypesAndContributionMap":{"functional-code":{"insertions":1,"deletions":2}}},{"hash":"0855f7de0a37f5e9f839bbc18b4e7b7a0488fe11","isMergeCommit":false,"messageTitle":"Adhere to checkstyle restrictions","messageBody":"","fileTypesAndContributionMap":{"functional-code":{"insertions":20,"deletions":24}}}]},{"date":"2024-10-17","commitResults":[{"hash":"0850868530a11654d26c543b5e2ea433b2f445fc","isMergeCommit":true,"messageTitle":"Merge branch \u0027master\u0027 into fix-more-gui-bugs","messageBody":"","fileTypesAndContributionMap":{}},{"hash":"e3d3d1fc6728fa4eb8aed475e974f69d9c533246","isMergeCommit":true,"messageTitle":"Merge pull request #113 from SooYap/fix-more-gui-bugs","messageBody":"Fix more gui bugs","fileTypesAndContributionMap":{}},{"hash":"7639548eb09f02b8d4e5fb7e445d464dad35c0af","isMergeCommit":true,"messageTitle":"Merge branch \u0027master\u0027 of https://github.com/AY2425S1-CS2103-F12-2/tp","messageBody":"","fileTypesAndContributionMap":{}},{"hash":"e2762a6e75042c2523b25f351f711adcab166f38","isMergeCommit":false,"messageTitle":"Fix erroneous code","messageBody":"","fileTypesAndContributionMap":{"functional-code":{"insertions":2,"deletions":2}}},{"hash":"2c97a12d5bf3726f4c06c2cd9656acf455a063d1","isMergeCommit":true,"messageTitle":"Merge branch \u0027master\u0027 of https://github.com/AY2425S1-CS2103-F12-2/tp","messageBody":"","fileTypesAndContributionMap":{}},{"hash":"893f058be09ec1b773210557b1ffebbd1281b6bf","isMergeCommit":true,"messageTitle":"Merge pull request #124 from ghos7ie/fix-delete-group-result","messageBody":"Remove extra [] that appears in result","fileTypesAndContributionMap":{}},{"hash":"c9a2865056988d8417770095f4ecf5a611e0e2a9","isMergeCommit":true,"messageTitle":"Merge branch \u0027master\u0027 of https://github.com/AY2425S1-CS2103-F12-2/tp","messageBody":"","fileTypesAndContributionMap":{}},{"hash":"e2b510fa6afc59cc721808d0027d93c8ac306766","isMergeCommit":true,"messageTitle":"Merge pull request #125 from dez2003/mark-task","messageBody":"Implement Mark Task feature","fileTypesAndContributionMap":{}},{"hash":"6b83c23285777708f3d9f7c4f3919e01d2c7f085","isMergeCommit":true,"messageTitle":"Merge branch \u0027master\u0027 of https://github.com/AY2425S1-CS2103-F12-2/tp","messageBody":"","fileTypesAndContributionMap":{}},{"hash":"8c5cdf78a3fb6abc77b2ddd60186c75233974c25","isMergeCommit":false,"messageTitle":"Update implementation such that student\u0027s optional groupname parameter gets updated when student is added into a group","messageBody":"","fileTypesAndContributionMap":{"functional-code":{"insertions":12,"deletions":1}}},{"hash":"51863ffb522f97def5f2c48097e118338a8e8681","isMergeCommit":false,"messageTitle":"Fix code such that task list updates based on group deletion","messageBody":"","fileTypesAndContributionMap":{"functional-code":{"insertions":86,"deletions":9}}},{"hash":"4b5a31885cf5c5075d95da76e246a85fcb5b2874","isMergeCommit":false,"messageTitle":"Change student optional groupname parameter to final","messageBody":"","fileTypesAndContributionMap":{"functional-code":{"insertions":6,"deletions":4}}},{"hash":"2f39545b67804121aff7d5fb532eb9d8cd9a137b","isMergeCommit":true,"messageTitle":"Merge branch \u0027master\u0027 into fix-1.3-bugs","messageBody":"","fileTypesAndContributionMap":{}},{"hash":"d2f2c57c4e91715c0df3ab0beaf5bd62dbb92ab3","isMergeCommit":true,"messageTitle":"Merge pull request #129 from dez2003/fix-1.3-bugs","messageBody":"Update the index to be group specific for Mark Task Command","fileTypesAndContributionMap":{}},{"hash":"84218a2feb82e3ca448a319c09130c12c409815e","isMergeCommit":true,"messageTitle":"Merge branch \u0027master\u0027 of https://github.com/AY2425S1-CS2103-F12-2/tp","messageBody":"","fileTypesAndContributionMap":{}},{"hash":"26c4d000776f7f8cfd00212d04807150d3cb05dc","isMergeCommit":false,"messageTitle":"Fix error in MarkTaskCommand.java","messageBody":"","fileTypesAndContributionMap":{"functional-code":{"insertions":2,"deletions":1},"other":{"insertions":1,"deletions":1}}},{"hash":"7666262ded59cc1a6637988c8258787551307e7d","isMergeCommit":false,"messageTitle":"Change header bar to display T_Assistant","messageBody":"","fileTypesAndContributionMap":{"functional-code":{"insertions":3,"deletions":3}}}]},{"date":"2024-10-18","commitResults":[{"hash":"ff1b1578446ba42532f38ec0475779de782b6ebb","isMergeCommit":true,"messageTitle":"Merge branch \u0027master\u0027 of https://github.com/AY2425S1-CS2103-F12-2/tp","messageBody":"","fileTypesAndContributionMap":{}},{"hash":"d3821c7bb3f9a935d270906f419dd777371984fb","isMergeCommit":false,"messageTitle":"Add History class","messageBody":"","fileTypesAndContributionMap":{"functional-code":{"insertions":26,"deletions":0}}}]},{"date":"2024-10-19","commitResults":[{"hash":"0ae52d9f8ee5c478c7d79996a3fd171d9fbdb09f","isMergeCommit":false,"messageTitle":"Implement undo command","messageBody":"","fileTypesAndContributionMap":{"functional-code":{"insertions":511,"deletions":38},"test-code":{"insertions":1,"deletions":0}}}]},{"date":"2024-10-20","commitResults":[{"hash":"44b9a5647e846f5130517aff7cfed6f9f3abfa49","isMergeCommit":false,"messageTitle":"Fix bugs from undo command and implement redo function","messageBody":"","fileTypesAndContributionMap":{"functional-code":{"insertions":171,"deletions":39}}},{"hash":"b88ebc5edd4509d50cf9e0f7c6b145e6d9f91f01","isMergeCommit":false,"messageTitle":"Modify GUI display so that each command will bring the user to the desired panel","messageBody":"","fileTypesAndContributionMap":{"functional-code":{"insertions":37,"deletions":10}}}]},{"date":"2024-10-21","commitResults":[{"hash":"bff597db4e5cccb101ce992a8e7b46b19df0c636","isMergeCommit":false,"messageTitle":"Fix checkstyle issues","messageBody":"","fileTypesAndContributionMap":{"functional-code":{"insertions":1,"deletions":1}}}]},{"date":"2024-10-22","commitResults":[{"hash":"a41b0b05aebff040bc18a1ef287b3c6150980516","isMergeCommit":false,"messageTitle":"Fix checkstyle issues","messageBody":"","fileTypesAndContributionMap":{"functional-code":{"insertions":61,"deletions":27},"test-code":{"insertions":4,"deletions":3}}},{"hash":"f40bb4c468657861706f9f88de40c5fbbd0e9032","isMergeCommit":true,"messageTitle":"Resolve merge conflicts","messageBody":"","fileTypesAndContributionMap":{}},{"hash":"24fe3e5920097c4aed221413e7ad81c81a3526d4","isMergeCommit":true,"messageTitle":"Merge pull request #145 from SooYap/undo-redo-command-v2","messageBody":"Undo redo command v2","fileTypesAndContributionMap":{}},{"hash":"6c750a1c5afc2080f81c5660ab74bf67f15d18a4","isMergeCommit":true,"messageTitle":"Merge branch \u0027master\u0027 of https://github.com/AY2425S1-CS2103-F12-2/tp","messageBody":"","fileTypesAndContributionMap":{}}]},{"date":"2024-10-23","commitResults":[{"hash":"361d499a8e0bf51adf824683a97227bb2f080777","isMergeCommit":true,"messageTitle":"Merge branch \u0027master\u0027 of https://github.com/AY2425S1-CS2103-F12-2/tp","messageBody":"# Conflicts:\n#\tversionhistory.json\n","fileTypesAndContributionMap":{}},{"hash":"c872ccadc31774fc51a3e462dd157d9eb185aad6","isMergeCommit":true,"messageTitle":"Merge pull request #167 from dez2003/sort-feature","messageBody":"Implement Sort Feature","fileTypesAndContributionMap":{}},{"hash":"30ca07cba61482fd00c8fd63c25867ce30934cf7","isMergeCommit":false,"messageTitle":"Implement original FindCommand","messageBody":"","fileTypesAndContributionMap":{"functional-code":{"insertions":3,"deletions":2}}},{"hash":"d6bd409c5dbb6db77f6c81aa656441664ee6b9c8","isMergeCommit":true,"messageTitle":"Merge branch \u0027master\u0027 of https://github.com/AY2425S1-CS2103-F12-2/tp","messageBody":"# Conflicts:\n#\tsrc/main/java/seedu/address/logic/parser/AddressBookParser.java\n","fileTypesAndContributionMap":{}},{"hash":"0ab66e9db73d6e9e01c4ec5797bc3f0e68d7b92d","isMergeCommit":false,"messageTitle":"Fix bugs in sort commands","messageBody":"","fileTypesAndContributionMap":{"functional-code":{"insertions":8,"deletions":1}}}]},{"date":"2024-10-24","commitResults":[{"hash":"19b4d0e1bf059a5e5051a34d651f01b32cbdedb4","isMergeCommit":true,"messageTitle":"Merge branch \u0027master\u0027 of https://github.com/AY2425S1-CS2103-F12-2/tp","messageBody":"# Conflicts:\n#\tsrc/main/java/seedu/address/logic/parser/AddressBookParser.java\n","fileTypesAndContributionMap":{}},{"hash":"2bb1e2400566cd5287c2f3f9b431077850cfa1ab","isMergeCommit":true,"messageTitle":"Merge branch \u0027master\u0027 of https://github.com/AY2425S1-CS2103-F12-2/tp","messageBody":"","fileTypesAndContributionMap":{}},{"hash":"e0010038589d3cd3bd0da3b9ba63c686cf96b8da","isMergeCommit":false,"messageTitle":"Delete redundant find commands","messageBody":"","fileTypesAndContributionMap":{"functional-code":{"insertions":1,"deletions":111},"test-code":{"insertions":0,"deletions":141}}},{"hash":"a48b5c958e72fbd6ee1a0cf007046a98ccc52fc1","isMergeCommit":false,"messageTitle":"Add puml file for undo command","messageBody":"","fileTypesAndContributionMap":{"docs":{"insertions":90,"deletions":104}}},{"hash":"33e40c7a54fd462ca01da03051d1ffccafb4d1c7","isMergeCommit":true,"messageTitle":"Merge pull request #178 from SooYap/puml-undo-command","messageBody":"Puml undo command","fileTypesAndContributionMap":{}}]},{"date":"2024-10-25","commitResults":[{"hash":"bca5aef4cd517b3571bcc4ba4ad77d7e185ba79f","isMergeCommit":false,"messageTitle":"Fix list bugs associated with versionhistory","messageBody":"","fileTypesAndContributionMap":{"functional-code":{"insertions":5,"deletions":3}}},{"hash":"e730fa3d69a00b98630ef6a1cf6a6afe42496cee","isMergeCommit":true,"messageTitle":"Merge branch \u0027master\u0027 of https://github.com/AY2425S1-CS2103-F12-2/tp into fix-list-bugs","messageBody":"","fileTypesAndContributionMap":{}},{"hash":"21f47972ad55b24134b450f0b97522e77afa249c","isMergeCommit":true,"messageTitle":"Merge branch \u0027master\u0027 of https://github.com/AY2425S1-CS2103-F12-2/tp","messageBody":"","fileTypesAndContributionMap":{}}]},{"date":"2024-10-29","commitResults":[{"hash":"cb39a3dcba4cf34863db0b1e82ac0a08b32339a7","isMergeCommit":true,"messageTitle":"Merge branch \u0027master\u0027 of https://github.com/AY2425S1-CS2103-F12-2/tp","messageBody":"","fileTypesAndContributionMap":{}},{"hash":"f3b6db2a520c710ccefb667cb0bdcac3ad144635","isMergeCommit":false,"messageTitle":"Implement adding task to all groups function","messageBody":"","fileTypesAndContributionMap":{"functional-code":{"insertions":238,"deletions":1}}}]},{"date":"2024-10-30","commitResults":[{"hash":"eed91510a7d2a42f67cbfab442161ba8b733adc4","isMergeCommit":false,"messageTitle":"Fix checkstyle issues","messageBody":"","fileTypesAndContributionMap":{"functional-code":{"insertions":0,"deletions":2}}},{"hash":"c33704151d3940c268829930015d038194f9af48","isMergeCommit":false,"messageTitle":"Fix checkstyle issues","messageBody":"","fileTypesAndContributionMap":{"functional-code":{"insertions":2,"deletions":1}}},{"hash":"f42a4b184187c0ffd3afdc94a7bdd363405ef236","isMergeCommit":false,"messageTitle":"Fix unit test stubs","messageBody":"","fileTypesAndContributionMap":{"test-code":{"insertions":45,"deletions":0}}},{"hash":"003dd856dd2d638caff19f7e3db5b09d3aa19ff0","isMergeCommit":false,"messageTitle":"Fix checkstyle issues in unit tests","messageBody":"","fileTypesAndContributionMap":{"test-code":{"insertions":6,"deletions":6}}},{"hash":"9d59c84a4f3332e5c48df4824ad8ee8a5b219fea","isMergeCommit":true,"messageTitle":"Merge pull request #180 from SooYap/fix-list-bugs","messageBody":"Fix list bugs","fileTypesAndContributionMap":{}},{"hash":"9dcabee222d4a08ca7368b763881ae2f05628d7c","isMergeCommit":true,"messageTitle":"Merge pull request #184 from SooYap/add-tasks-all-groups","messageBody":"Add tasks all groups","fileTypesAndContributionMap":{}}]}],"YANYAN-w":[{"date":"2024-10-02","commitResults":[{"hash":"f02fe3b9de4b9ab7e6f73d58fa17286a11a6cde1","isMergeCommit":false,"messageTitle":"Update AboutUs.md","messageBody":"","fileTypesAndContributionMap":{"docs":{"insertions":7,"deletions":7}}},{"hash":"fa6e8ff4f450ce88aaa6fcc798d9046273ef2303","isMergeCommit":false,"messageTitle":"Update AboutUs.md","messageBody":"","fileTypesAndContributionMap":{"docs":{"insertions":3,"deletions":2}}},{"hash":"7a45d6c21a38d1f44c595d5c2451f25506ed9778","isMergeCommit":true,"messageTitle":"Merge branch \u0027master\u0027 into update-lewis-aboutus","messageBody":"","fileTypesAndContributionMap":{}},{"hash":"53f4d21ace3136fee65e764e3746a3d8c1796a38","isMergeCommit":true,"messageTitle":"Merge pull request #18 from ghos7ie/update-lewis-aboutus","messageBody":"Update AboutUs","fileTypesAndContributionMap":{}}]},{"date":"2024-10-03","commitResults":[{"hash":"bd338ec5ace4e3d80a50c54181fdf481a72e527c","isMergeCommit":false,"messageTitle":"Update README.md","messageBody":"","fileTypesAndContributionMap":{"docs":{"insertions":4,"deletions":3}}},{"hash":"9116dedd5e4ff95ed3aa78f6572f9102a1d0887c","isMergeCommit":true,"messageTitle":"Merge pull request #23 from YANYAN-w/branch-A","messageBody":"Update README.md","fileTypesAndContributionMap":{}},{"hash":"5b59b1f35b0cb35df6ff182a50b778abf89a6927","isMergeCommit":true,"messageTitle":"Merge pull request #25 from YANYAN-w/branch-A","messageBody":"Update README and Ui image","fileTypesAndContributionMap":{}}]},{"date":"2024-10-04","commitResults":[{"hash":"7b08e60b9b674e8360c1521962ee25c8643769a5","isMergeCommit":false,"messageTitle":"Update README.md","messageBody":"","fileTypesAndContributionMap":{"docs":{"insertions":4,"deletions":6}}},{"hash":"7fcccd8919051b2d02eaf64afbec9a8338a0d962","isMergeCommit":true,"messageTitle":"Merge pull request #28 from YANYAN-w/branch-A","messageBody":"Update README.md","fileTypesAndContributionMap":{}}]},{"date":"2024-10-09","commitResults":[{"hash":"e805953fc4b098faa77b871a482c51c2db5d111f","isMergeCommit":false,"messageTitle":"refactored DeleteCommand to DeleteStudentCommand, updated the test cases","messageBody":"","fileTypesAndContributionMap":{"functional-code":{"insertions":258,"deletions":27},"test-code":{"insertions":98,"deletions":4}}}]},{"date":"2024-10-10","commitResults":[{"hash":"14c9b89793a2054cd6251371675cccd0ac9ea720","isMergeCommit":true,"messageTitle":"Merge branch \u0027create-group-class\u0027 of https://github.com/SooYap/tp into SooYap-create-group-class","messageBody":"","fileTypesAndContributionMap":{}},{"hash":"81597ee6c0a131e58867812a9dcef96f02cc8137","isMergeCommit":true,"messageTitle":"Merge branch \u0027SooYap-create-group-class\u0027","messageBody":"","fileTypesAndContributionMap":{}}]},{"date":"2024-10-13","commitResults":[{"hash":"a778cf42c90137aba4655759bd4c2cd64179534e","isMergeCommit":false,"messageTitle":"Added function to delete student from given group","messageBody":"","fileTypesAndContributionMap":{"functional-code":{"insertions":135,"deletions":7}}},{"hash":"3dffd50c46ff651646fb3ad23f98c8aaa2ccf551","isMergeCommit":false,"messageTitle":"Updated the function of deleting student from group","messageBody":"","fileTypesAndContributionMap":{"functional-code":{"insertions":53,"deletions":1}}}]},{"date":"2024-10-14","commitResults":[{"hash":"63a878a00a41619308fc76f84ed8cfbb46cb257e","isMergeCommit":false,"messageTitle":"Update the delete student from group command","messageBody":"","fileTypesAndContributionMap":{"functional-code":{"insertions":52,"deletions":0}}},{"hash":"ff5189674e6ed663ff5658329e7684564c6b8a72","isMergeCommit":false,"messageTitle":"Update MESSAGE_UASGE for DeleteStudentCommand","messageBody":"","fileTypesAndContributionMap":{"functional-code":{"insertions":2,"deletions":2}}},{"hash":"8ebc504b8f806632e36ed7b3512e5dda3c63a899","isMergeCommit":false,"messageTitle":"Update MESSAGE_USAGE","messageBody":"","fileTypesAndContributionMap":{"functional-code":{"insertions":7,"deletions":7}}},{"hash":"59d91e347fd88e5358202cda38da355f0c86e6f9","isMergeCommit":true,"messageTitle":"Merge pull request #73 from YANYAN-w/update-usage-message","messageBody":"Update MESSAGE_UASGE for DeleteStudentCommand","fileTypesAndContributionMap":{}},{"hash":"060685f10561ac500db4b071e43d50b04444446c","isMergeCommit":false,"messageTitle":"Updated the field of group in PersonBuilder","messageBody":"","fileTypesAndContributionMap":{"test-code":{"insertions":6,"deletions":2}}},{"hash":"6df4a0b21e150f7f5a249f2d0d39d73d80a66bca","isMergeCommit":false,"messageTitle":"fixed checkstyle error","messageBody":"","fileTypesAndContributionMap":{"functional-code":{"insertions":9,"deletions":13},"docs":{"insertions":2,"deletions":2},"test-code":{"insertions":74,"deletions":1}}},{"hash":"5f07223a2c384c523b8ab32a5afa9b4a89adea89","isMergeCommit":false,"messageTitle":"saved changes after delete","messageBody":"","fileTypesAndContributionMap":{"functional-code":{"insertions":1,"deletions":0}}},{"hash":"8bf535fe30339f1b95ba3fca1008092d3f4ef4ad","isMergeCommit":true,"messageTitle":"Merge branch \u0027master\u0027 into branch-delete-student-from-group","messageBody":"","fileTypesAndContributionMap":{}},{"hash":"a2bde8b4ea38b9a1f0166365d2ae634b4be678ae","isMergeCommit":false,"messageTitle":"Fixed checkstyle errors","messageBody":"","fileTypesAndContributionMap":{"functional-code":{"insertions":2,"deletions":2}}},{"hash":"f63b53e53f763aa46c2fd99a924d2dec8f646072","isMergeCommit":true,"messageTitle":"Merge branch \u0027branch-delete-student-from-group\u0027 of https://github.com/YANYAN-w/tp into branch-delete-student-from-group","messageBody":"# Conflicts:\n#\tsrc/main/java/seedu/address/logic/Messages.java\n","fileTypesAndContributionMap":{}},{"hash":"50508fbd80e03fc2af028167bbdcfa2efb67e368","isMergeCommit":false,"messageTitle":"Revert \"Merge branch \u0027branch-delete-student-from-group\u0027 of https://github.com/YANYAN-w/tp into branch-delete-student-from-group\"","messageBody":"This reverts commit f63b53e53f763aa46c2fd99a924d2dec8f646072, reversing\nchanges made to a2bde8b4ea38b9a1f0166365d2ae634b4be678ae.\n","fileTypesAndContributionMap":{"functional-code":{"insertions":58,"deletions":380},"test-code":{"insertions":108,"deletions":26}}},{"hash":"9f62f6c3e052af21eded8646205bba5ef5004bd8","isMergeCommit":true,"messageTitle":"Merge pull request #77 from YANYAN-w/branch-delete-student-from-group","messageBody":"Delete student from group","fileTypesAndContributionMap":{}},{"hash":"e8f3c8faf0db54de84af8490691a8861159bf742","isMergeCommit":false,"messageTitle":"Added testcases for delete students from group commandw","messageBody":"","fileTypesAndContributionMap":{"functional-code":{"insertions":5,"deletions":1},"test-code":{"insertions":268,"deletions":0}}},{"hash":"b8c9bf6d3f0460f5c2df2ae71a2c67da992abe88","isMergeCommit":false,"messageTitle":"Added test cases for delete student from group command\u0027s parser","messageBody":"","fileTypesAndContributionMap":{"test-code":{"insertions":62,"deletions":1}}},{"hash":"d85cadddd907f461e3b76d044cfbe38ee099c0a8","isMergeCommit":true,"messageTitle":"Merge pull request #93 from YANYAN-w/testcase-for-delete-stu-grp","messageBody":"Testcase for delete student from group","fileTypesAndContributionMap":{}}]},{"date":"2024-10-16","commitResults":[{"hash":"b5692b2bd34be0957616ce1d9d990150541b3725","isMergeCommit":false,"messageTitle":"FIxed bugs in testcase for delete student from group command","messageBody":"","fileTypesAndContributionMap":{"functional-code":{"insertions":1,"deletions":2},"test-code":{"insertions":20,"deletions":8}}},{"hash":"67f2f2f204a02526e77b8f512f85ae230fc3be7d","isMergeCommit":false,"messageTitle":"fixed checkstyle errors","messageBody":"","fileTypesAndContributionMap":{"test-code":{"insertions":0,"deletions":5}}},{"hash":"0c060379af9007794043ee3e5aca6798c05feb3d","isMergeCommit":false,"messageTitle":"Fixed checkstyle error","messageBody":"","fileTypesAndContributionMap":{"functional-code":{"insertions":0,"deletions":1}}}]},{"date":"2024-10-17","commitResults":[{"hash":"9784caa3a6e329b40a6d1e2d77ab83fbd4950df7","isMergeCommit":true,"messageTitle":"Merge pull request #126 from YANYAN-w/fix-test-cases","messageBody":"Fix test cases for delete student from group command","fileTypesAndContributionMap":{}}]},{"date":"2024-10-19","commitResults":[{"hash":"313450d1613067b69b365752c6ea35c0a98ead3f","isMergeCommit":false,"messageTitle":"Implement edit student command","messageBody":"","fileTypesAndContributionMap":{"functional-code":{"insertions":5,"deletions":3},"other":{"insertions":57,"deletions":58},"test-code":{"insertions":235,"deletions":48}}}]},{"date":"2024-10-20","commitResults":[{"hash":"2eb28f50b21cfcc536f863b59c2b04faffdd5130","isMergeCommit":false,"messageTitle":"Impletement edit task function","messageBody":"","fileTypesAndContributionMap":{"functional-code":{"insertions":296,"deletions":0}}}]},{"date":"2024-10-21","commitResults":[{"hash":"b7cb4cb4ffef1d2151b1f600affe3779c5f7bed4","isMergeCommit":false,"messageTitle":"Update the command format for edit task funationality","messageBody":"","fileTypesAndContributionMap":{"functional-code":{"insertions":52,"deletions":52}}},{"hash":"3f5126b4789f8db22ce2f5b3e50573cd9087c6b3","isMergeCommit":false,"messageTitle":"Fix checkstyle errors","messageBody":"","fileTypesAndContributionMap":{"functional-code":{"insertions":11,"deletions":19}}},{"hash":"64806f337cee4d6fcbd181543c1fb4bf5bd97054","isMergeCommit":false,"messageTitle":"Update MESSAGE_USAGE","messageBody":"","fileTypesAndContributionMap":{"functional-code":{"insertions":1,"deletions":1}}},{"hash":"5fe0149c19ba3fd756e3c2ee5c6a0ea580d9ff2b","isMergeCommit":false,"messageTitle":"Implement edit group functionality","messageBody":"","fileTypesAndContributionMap":{"functional-code":{"insertions":221,"deletions":4}}},{"hash":"c3f548871585364a3296804416f1d930873b8b9f","isMergeCommit":false,"messageTitle":"Fix checkstyle errors","messageBody":"","fileTypesAndContributionMap":{"functional-code":{"insertions":2,"deletions":6}}},{"hash":"6af9c5cba5b968f9ecd733cc5c9c598e6894de9c","isMergeCommit":false,"messageTitle":"Fix checkstyle errors","messageBody":"","fileTypesAndContributionMap":{"functional-code":{"insertions":2,"deletions":2}}},{"hash":"4c849bc026471d6511932df7baa5a0e7b5c354ec","isMergeCommit":false,"messageTitle":"Fix checkstyle error by removing unused imports","messageBody":"","fileTypesAndContributionMap":{"functional-code":{"insertions":0,"deletions":4}}},{"hash":"20a39cf137ce60d93087f4e6a1b66d4d49f969a2","isMergeCommit":false,"messageTitle":"Update test cases for edit student command and parser","messageBody":"","fileTypesAndContributionMap":{"test-code":{"insertions":166,"deletions":520}}},{"hash":"d0535d35f6eca9227ff4427eaa975e590167ec73","isMergeCommit":false,"messageTitle":"Fix checkstyle errors","messageBody":"","fileTypesAndContributionMap":{"test-code":{"insertions":1,"deletions":3}}},{"hash":"804b1d917ab9361c86095ed86ce786290665836e","isMergeCommit":false,"messageTitle":"Fix more checkstyle error","messageBody":"","fileTypesAndContributionMap":{"test-code":{"insertions":12,"deletions":4}}}]},{"date":"2024-10-22","commitResults":[{"hash":"2affceea5ac710947775633ef5301a1a550fcb91","isMergeCommit":false,"messageTitle":"Fix checkstyle by removing unused imports","messageBody":"","fileTypesAndContributionMap":{"test-code":{"insertions":7,"deletions":2}}},{"hash":"766f6929584105f128d1ac2f2af4ee9cdb7cdcf6","isMergeCommit":false,"messageTitle":"Update the logic to increase and decrease count for groups having task","messageBody":"","fileTypesAndContributionMap":{"functional-code":{"insertions":6,"deletions":0}}},{"hash":"65b5cd198ddf67049484496bceeba736e3ae6d64","isMergeCommit":false,"messageTitle":"Update test cases for edit task for group","messageBody":"","fileTypesAndContributionMap":{"functional-code":{"insertions":1,"deletions":1},"test-code":{"insertions":92,"deletions":15}}},{"hash":"765fb86e9cfd0e56eee05198c5c7bd72ffa087cd","isMergeCommit":false,"messageTitle":"Add test case for the edit task parser","messageBody":"","fileTypesAndContributionMap":{"test-code":{"insertions":57,"deletions":0}}},{"hash":"aa291e6167e61a7fa05dc8065d5f292158d36fc7","isMergeCommit":false,"messageTitle":"Fix checkstyle errors","messageBody":"","fileTypesAndContributionMap":{"test-code":{"insertions":1,"deletions":1}}},{"hash":"cf46b78d9c8e56a7762565e9431b025d64fe88df","isMergeCommit":false,"messageTitle":"Update logic of edit group name","messageBody":"","fileTypesAndContributionMap":{"functional-code":{"insertions":1,"deletions":1},"test-code":{"insertions":0,"deletions":12}}},{"hash":"88221f1e7d014975323e6cec66d96e62e8646f26","isMergeCommit":true,"messageTitle":"Merge pull request #153 from YANYAN-w/edit-task-branch","messageBody":"Edit task functionlity","fileTypesAndContributionMap":{}},{"hash":"d77c61ac4e9ea616f446847d6f7284a72f246e74","isMergeCommit":false,"messageTitle":"Add text cases for edit group function","messageBody":"","fileTypesAndContributionMap":{"test-code":{"insertions":131,"deletions":0}}},{"hash":"b6e79b79000970662dbc43f755feadd9021bd4c3","isMergeCommit":true,"messageTitle":"Merge branch \u0027master\u0027 into edit-group","messageBody":"","fileTypesAndContributionMap":{}},{"hash":"8f7a34898c3a3fabf77a13f1ddd2224642ad26e9","isMergeCommit":false,"messageTitle":"Update javadoc comments","messageBody":"","fileTypesAndContributionMap":{"functional-code":{"insertions":8,"deletions":15}}},{"hash":"a9286c8129df4c7838c1a4830e548278062bf41f","isMergeCommit":true,"messageTitle":"Merge branch \u0027edit-group\u0027 of https://github.com/YANYAN-w/tp into edit-group","messageBody":"","fileTypesAndContributionMap":{}},{"hash":"b88f449e251c142f8e60f3ebe91126bb5ac8e8b7","isMergeCommit":false,"messageTitle":"Refine the message usage","messageBody":"","fileTypesAndContributionMap":{"functional-code":{"insertions":1,"deletions":3}}},{"hash":"d4fc45f6b6c4a56d75eda6119be69d03b3996f26","isMergeCommit":true,"messageTitle":"Merge branch \u0027master\u0027 into edit-group","messageBody":"","fileTypesAndContributionMap":{}},{"hash":"0c5fb96320bf11a70e5b0411c01b72312742062d","isMergeCommit":false,"messageTitle":"Reorganize command and parser into new packages","messageBody":"","fileTypesAndContributionMap":{"functional-code":{"insertions":0,"deletions":41}}},{"hash":"e233d4d8d256e5905688c928a4d3e8f950997ce2","isMergeCommit":false,"messageTitle":"Reorganize command and parser into packages","messageBody":"","fileTypesAndContributionMap":{"functional-code":{"insertions":47,"deletions":1},"other":{"insertions":3,"deletions":1},"test-code":{"insertions":3,"deletions":2}}},{"hash":"695d90f6c8788b95dbd813fa62037bd123d679e5","isMergeCommit":true,"messageTitle":"Solve merge conflicts","messageBody":"","fileTypesAndContributionMap":{}},{"hash":"55c6246b8cd67014d23641b0f2c4eb5fdda0eaa0","isMergeCommit":false,"messageTitle":"Fix bugs and imports","messageBody":"","fileTypesAndContributionMap":{"functional-code":{"insertions":1,"deletions":1},"test-code":{"insertions":5,"deletions":7}}},{"hash":"9cb54f4e222907534f4e14b6b193b5d75592fe5a","isMergeCommit":true,"messageTitle":"Merge pull request #154 from YANYAN-w/edit-group","messageBody":"Edit group function","fileTypesAndContributionMap":{}},{"hash":"fc9e7cfd6483da5de8ed1345f608b431a5fd01fe","isMergeCommit":true,"messageTitle":"Solve merge conflicts","messageBody":"","fileTypesAndContributionMap":{}},{"hash":"b71bb16f5dd72424974ac9100facc6265d73a094","isMergeCommit":true,"messageTitle":"Merge pull request #150 from YANYAN-w/edit-student","messageBody":"Implement edit student command","fileTypesAndContributionMap":{}},{"hash":"163049c91eeebef2c5b378748173b62079cb0824","isMergeCommit":false,"messageTitle":"Fix bug for input with invalid prefix for edit functions","messageBody":"","fileTypesAndContributionMap":{"functional-code":{"insertions":97,"deletions":24}}},{"hash":"b37712d5bae7566e1d77c93c552b44be16630fcf","isMergeCommit":false,"messageTitle":"Fix checkstyle errors","messageBody":"","fileTypesAndContributionMap":{"functional-code":{"insertions":42,"deletions":20}}},{"hash":"255be3dedfa0979b9646910d6b63b3807d9c6fc3","isMergeCommit":false,"messageTitle":"Fix checkstyle errors and refine output messages","messageBody":"","fileTypesAndContributionMap":{"functional-code":{"insertions":14,"deletions":14}}},{"hash":"ab802805daca10a178404a648bd1aa479c3f75a5","isMergeCommit":false,"messageTitle":"Fix checkstyle errors","messageBody":"","fileTypesAndContributionMap":{"functional-code":{"insertions":3,"deletions":1}}},{"hash":"f4536907021cd6d1bc1ff3f6f32f960e1c6d2de0","isMergeCommit":false,"messageTitle":"Add more test cases for edit parsers","messageBody":"","fileTypesAndContributionMap":{"test-code":{"insertions":27,"deletions":10}}}]},{"date":"2024-10-23","commitResults":[{"hash":"63a894c9fef9d7a1b9f8460f73676bdf40b1cd44","isMergeCommit":false,"messageTitle":"Update test case for edit student command parser","messageBody":"","fileTypesAndContributionMap":{"test-code":{"insertions":2,"deletions":2}}},{"hash":"1ea9c689980c0b6d97550c4d597da4f56cff742a","isMergeCommit":false,"messageTitle":"Update for checkstyle bugs","messageBody":"","fileTypesAndContributionMap":{"test-code":{"insertions":1,"deletions":1}}},{"hash":"10f3b0fdf8c54cd658ae49df4a90f70067463615","isMergeCommit":true,"messageTitle":"Merge pull request #164 from YANYAN-w/bug-fix-edit-group","messageBody":"Bug fix for edit functions","fileTypesAndContributionMap":{}},{"hash":"d5b113ac796124e170fdd0a2db9ad482b137054f","isMergeCommit":false,"messageTitle":"Fix checkstyle bugs","messageBody":"","fileTypesAndContributionMap":{"functional-code":{"insertions":3,"deletions":3},"test-code":{"insertions":4,"deletions":2}}},{"hash":"15227a80fd354034419b1d6a00b8599abbca37cb","isMergeCommit":false,"messageTitle":"Update test cases","messageBody":"","fileTypesAndContributionMap":{"functional-code":{"insertions":11,"deletions":11},"test-code":{"insertions":17,"deletions":14}}},{"hash":"1f60021757c3db3679db2f6b6ff1948aa9f54586","isMergeCommit":false,"messageTitle":"Fix more checkstyle errors","messageBody":"","fileTypesAndContributionMap":{"test-code":{"insertions":12,"deletions":8}}},{"hash":"dc832fc4a72df2f40305caba5c3415bb5b24beb0","isMergeCommit":true,"messageTitle":"Merge pull request #166 from YANYAN-w/checkstyle","messageBody":"Fix checkstyle bugs","fileTypesAndContributionMap":{}}]},{"date":"2024-10-27","commitResults":[{"hash":"464f8139e1ea7d03794e40e3447064cfb6191491","isMergeCommit":false,"messageTitle":"Add sequence diagram for delete student from group command","messageBody":"","fileTypesAndContributionMap":{"docs":{"insertions":42,"deletions":0}}},{"hash":"10b5da1f414d003c3d46f087c242881b7667fda6","isMergeCommit":true,"messageTitle":"Merge pull request #182 from YANYAN-w/puml","messageBody":"Add sequence diagram for delete student from group command","fileTypesAndContributionMap":{}}]}],"dez2003":[{"date":"2024-10-02","commitResults":[{"hash":"cef679ad04a1d10e3d0863011036ce737c5c8799","isMergeCommit":false,"messageTitle":"Update Desiree\u0027s details on AboutUs page","messageBody":"","fileTypesAndContributionMap":{"docs":{"insertions":4,"deletions":15}}},{"hash":"ddf4bc2806d8c4627280b0e07bd4378734af57a8","isMergeCommit":true,"messageTitle":"Merge branch \u0027master\u0027 into Update-AboutUs","messageBody":"","fileTypesAndContributionMap":{}},{"hash":"6f9f87d4462c06013b2831c09c3fadc80a95ac2b","isMergeCommit":true,"messageTitle":"Merge pull request #16 from SooYap/Update-AboutUs","messageBody":"Update Soo Yap information","fileTypesAndContributionMap":{}}]},{"date":"2024-10-04","commitResults":[{"hash":"3252f23ad23eea007cd78c6b393f0b42ce693a6d","isMergeCommit":false,"messageTitle":"Update site-wide settings using MarkBind","messageBody":"Renamed AB-3 with T_Assistant across all site pages, and removed\nplaceholder in AboutUs page.\n","fileTypesAndContributionMap":{"docs":{"insertions":7,"deletions":17}}},{"hash":"153915705ae5b94ab7738efb0c5c1d17b6b957ae","isMergeCommit":true,"messageTitle":"Merge pull request #32 from dez2003/branch-B","messageBody":"Update site-wide settings using MarkBind","fileTypesAndContributionMap":{}}]},{"date":"2024-10-09","commitResults":[{"hash":"682f5c7ab6bea03e164621ec08b10136e98572e1","isMergeCommit":false,"messageTitle":"Add studentNumber field to Student class","messageBody":"The Student class doesn\u0027t have a student number field, which is\nconsidered important information to have for tutors to uniquely\nidentify each student.\n\nLet\u0027s add a student number field and update other classes\nwhere necessary.\n","fileTypesAndContributionMap":{"functional-code":{"insertions":74,"deletions":6},"test-code":{"insertions":14,"deletions":1}}},{"hash":"cbce0f810453ec0ddc3557d0af6db977e7b4c666","isMergeCommit":false,"messageTitle":"Update Parser and AddCommand and its related classes","messageBody":"The parser and add command doesn\u0027t take into account the new argument\nstudent number when adding a new student to the system since it was a\nnew field added for Student class.\n\nLet\u0027s\n* add the student number prefix and rename the student name prefix\n* add the argument student number to AddCommand\n* implement the prefixes into the parser, command, and test classes\n* rename the command word to \"add_student\"\n","fileTypesAndContributionMap":{"functional-code":{"insertions":58,"deletions":22},"test-code":{"insertions":39,"deletions":22}}},{"hash":"3857e0df83268a63b54fc15bbb288750f501a05d","isMergeCommit":false,"messageTitle":"Modify GUI to show student number","messageBody":"","fileTypesAndContributionMap":{"functional-code":{"insertions":28,"deletions":10},"test-code":{"insertions":6,"deletions":7}}},{"hash":"c7cb20619af3ca4d58fe8824be5ff5c4bbb364d2","isMergeCommit":false,"messageTitle":"Refactor AddCommand class to AddStudentCommand","messageBody":"The class name AddCommand is too general since there\u0027ll be another\nfeature that will be adding groups.\n\nTo make the command more specific and easier to understand, let\u0027s\nrename the class name to AddStudentCommand and rename other related\nclass\u0027 names.\n","fileTypesAndContributionMap":{"functional-code":{"insertions":3,"deletions":3},"other":{"insertions":38,"deletions":38},"test-code":{"insertions":8,"deletions":8}}},{"hash":"016be2c20c514ed4812e66d29d9dea9d3eaaeef8","isMergeCommit":false,"messageTitle":"Fix checkstyle issues","messageBody":"","fileTypesAndContributionMap":{"functional-code":{"insertions":17,"deletions":8},"test-code":{"insertions":2,"deletions":1}}},{"hash":"28e2c5b69856aa5e51a51930440170c2adeec41e","isMergeCommit":false,"messageTitle":"Add JavaDoc comment to StudentNumber class","messageBody":"","fileTypesAndContributionMap":{"functional-code":{"insertions":6,"deletions":6}}},{"hash":"cfdaba6eb75d19c6033f2fbab8b7a6b4a956b76c","isMergeCommit":false,"messageTitle":"Fix more checkstyle issues","messageBody":"","fileTypesAndContributionMap":{"test-code":{"insertions":13,"deletions":6}}}]},{"date":"2024-10-10","commitResults":[{"hash":"2b9de41f0ce9384333acf6a714b2e8badcb48d5b","isMergeCommit":false,"messageTitle":"Update code to pass all tests","messageBody":"","fileTypesAndContributionMap":{"functional-code":{"insertions":21,"deletions":9},"test-code":{"insertions":52,"deletions":31}}}]},{"date":"2024-10-14","commitResults":[{"hash":"fa6247664e70619248dd0dd4a09922179faeaf92","isMergeCommit":false,"messageTitle":"Update the valid email format for Students","messageBody":"","fileTypesAndContributionMap":{"functional-code":{"insertions":2,"deletions":10}}},{"hash":"9e800470d2fb561d87377cc74109535b7e879abe","isMergeCommit":false,"messageTitle":"Update message constraint for student number","messageBody":"","fileTypesAndContributionMap":{"functional-code":{"insertions":1,"deletions":1}}},{"hash":"c3d7d4f2e40e9b7555916d84635c40d8673e52ca","isMergeCommit":true,"messageTitle":"Merge pull request #79 from dez2003/validate-student-number","messageBody":"Update message constraint for student number","fileTypesAndContributionMap":{}},{"hash":"1a095b9a8c1fb0f56b0d7892710cadeb9a6f6b41","isMergeCommit":false,"messageTitle":"Create a new class for Add Student to Group Command","messageBody":"","fileTypesAndContributionMap":{"functional-code":{"insertions":123,"deletions":0}}},{"hash":"1a3878a1199bfba7f49fbc4e66679f3f33941448","isMergeCommit":false,"messageTitle":"Create Parser for Add Student to Group Command","messageBody":"","fileTypesAndContributionMap":{"functional-code":{"insertions":139,"deletions":16}}},{"hash":"583f2eafc6f2726307c988e5da0b6826d9777300","isMergeCommit":false,"messageTitle":"Update test classes and success message for Add Student to Group Command","messageBody":"","fileTypesAndContributionMap":{"functional-code":{"insertions":1,"deletions":3},"test-code":{"insertions":44,"deletions":1}}},{"hash":"8bc4c3b3f0cfb0248032115bf4ec65894a314b11","isMergeCommit":true,"messageTitle":"Merge branch \u0027master\u0027 into add-student-to-group","messageBody":"","fileTypesAndContributionMap":{}}]},{"date":"2024-10-15","commitResults":[{"hash":"58f9b2adc42222dda88e0bd55cf9df69c02ed013","isMergeCommit":false,"messageTitle":"Add an Exception for exceeding the maximum group size","messageBody":"","fileTypesAndContributionMap":{"functional-code":{"insertions":14,"deletions":1}}},{"hash":"9fdde097552b3779e695cd9c83f1a15324497c5e","isMergeCommit":false,"messageTitle":"Reformat success messages for AddStudentToGroup and DeleteStudentFromGroup commands","messageBody":"","fileTypesAndContributionMap":{"functional-code":{"insertions":23,"deletions":2}}},{"hash":"68537546fa412a3f915d063981cab7f4539c1e93","isMergeCommit":true,"messageTitle":"Merge branch \u0027master\u0027 into add-student-to-group","messageBody":"","fileTypesAndContributionMap":{}},{"hash":"48344ebc6e1b0f82721bd074711fed590fc1eb34","isMergeCommit":true,"messageTitle":"Merge pull request #107 from dez2003/add-student-to-group","messageBody":"Add ExceedGroupSizeException and reformat success messages ","fileTypesAndContributionMap":{}},{"hash":"bf66ed0ecb2574cd7e28dafe832dc9903a208ea5","isMergeCommit":false,"messageTitle":"Implement Delete Task From Group feature","messageBody":"","fileTypesAndContributionMap":{"functional-code":{"insertions":127,"deletions":5}}},{"hash":"2a563dd555b1999dddf3bc8e6c1d7af891ef3658","isMergeCommit":false,"messageTitle":"Implement Parser for Delete Task From Group feature","messageBody":"","fileTypesAndContributionMap":{"functional-code":{"insertions":55,"deletions":2}}},{"hash":"54562ecf2a0e85059bc2cd8b494a62e7ffec7a03","isMergeCommit":false,"messageTitle":"Fix checkstyle issues","messageBody":"","fileTypesAndContributionMap":{"functional-code":{"insertions":10,"deletions":11},"test-code":{"insertions":2,"deletions":1}}}]},{"date":"2024-10-16","commitResults":[{"hash":"ca64bc1cf45e5dbbcf0c987638c0ad6d4bbeb547","isMergeCommit":false,"messageTitle":"Update command word and message usage for DeleteTaskFromGroupCommand","messageBody":"","fileTypesAndContributionMap":{"functional-code":{"insertions":2,"deletions":2}}},{"hash":"f36f69b15b12eb78447e9893ee8a87fb43ca89ac","isMergeCommit":true,"messageTitle":"Merge pull request #114 from dez2003/delete-task-from-group","messageBody":"Implement delete a task from group feature","fileTypesAndContributionMap":{}},{"hash":"4fc585cf87824668056b7cee8de0af265065407e","isMergeCommit":false,"messageTitle":"Implement Mark Task feature","messageBody":"","fileTypesAndContributionMap":{"functional-code":{"insertions":115,"deletions":2}}},{"hash":"f5abab09b5e040bd27cf6bac675c3d8ef06f595c","isMergeCommit":false,"messageTitle":"Implement Parser for Mark Task Command","messageBody":"","fileTypesAndContributionMap":{"functional-code":{"insertions":61,"deletions":0}}},{"hash":"a78783091ba6a7eeffa6bfaaee1ce06dcf92f98a","isMergeCommit":false,"messageTitle":"Fix remaining checkstyle issues","messageBody":"","fileTypesAndContributionMap":{"functional-code":{"insertions":2,"deletions":2}}},{"hash":"523b2bf4fd27054a660ad564a514d81b3d436f7b","isMergeCommit":false,"messageTitle":"Fix bugs in Mark Task Command","messageBody":"","fileTypesAndContributionMap":{"functional-code":{"insertions":6,"deletions":15}}},{"hash":"c6a9276eb95732b0d70903a9441279050e0b77ce","isMergeCommit":true,"messageTitle":"Merge branch \u0027master\u0027 into mark-task","messageBody":"","fileTypesAndContributionMap":{}}]},{"date":"2024-10-17","commitResults":[{"hash":"81207b43d9ae916b2e21c334663b9bf2e62b820c","isMergeCommit":false,"messageTitle":"Update the index to be group specific for Mark Task Command and Delete Task from Group","messageBody":"In the MarkTask and DeleteTaskFromGroup commands, they have an index\nparameter that refers to the task to update. Previously,\nthe execute method for both commands made the index refer to the\nposition of the task in a list of all tasks globally instead of the\nposition in a list of tasks for a specific group.\n\nSince being group specific is more intuitive as there is also a\nparameter for a group name, the index now refers to the position of a\ntask in a list of tasks for a specific group.\n","fileTypesAndContributionMap":{"functional-code":{"insertions":5,"deletions":9}}},{"hash":"f5db428babfc851c1e577c7668a4caab890a3cf1","isMergeCommit":false,"messageTitle":"Update Student\u0027s Optional parameter when AddStudentToGroupCommand is called","messageBody":"","fileTypesAndContributionMap":{"functional-code":{"insertions":11,"deletions":1}}},{"hash":"76e58e9381628cd8cba8128cfc10a186af21a4fe","isMergeCommit":false,"messageTitle":"Update task in Group\u0027s set of tasks for MarkTask Command","messageBody":"When calling MarkTaskCommand, it updated the status of the task in the\nlist of all tasks, but not in the group specific list of tasks. This\ncauses the status change to not be reflected when listing out the tasks\nfor a specific group.\n\nLet\u0027s update the command to change the status for both the global and\ngroup-specific list of tasks.\n","fileTypesAndContributionMap":{"functional-code":{"insertions":39,"deletions":13}}},{"hash":"8dcb371f61b3cfb66b1c9e8a03f062c4dcc147ce","isMergeCommit":false,"messageTitle":"Update JSON files and update test cases","messageBody":"","fileTypesAndContributionMap":{"test-code":{"insertions":64,"deletions":4}}},{"hash":"3a4b5055e17136507283c83595dd499e7a238786","isMergeCommit":true,"messageTitle":"Merge branch \u0027master\u0027 into fix-1.3-bugs","messageBody":"","fileTypesAndContributionMap":{}},{"hash":"ee4f5838f8fab577399df9c69bf93eae9dcc25fa","isMergeCommit":true,"messageTitle":"Merge pull request #137 from SooYap/release-v1.3","messageBody":"Release v1.3","tags":["v1.3"],"fileTypesAndContributionMap":{}}]},{"date":"2024-10-19","commitResults":[{"hash":"a45e52debc73d9d341ae2579639a3ae166ecbb3e","isMergeCommit":false,"messageTitle":"Add new packages and reorganize classes into packages","messageBody":"In the commands, parser, and ui packages, there are many classes inside\nand related classes aren\u0027t grouped together. It makes the code less\norganized and harder to manage without separating them into packages.\n\nLet\u0027s create packages to separate the kinds of commands for the parser\nand commands packages, and separate the ui cards and panels.\n","fileTypesAndContributionMap":{"functional-code":{"insertions":26,"deletions":11},"other":{"insertions":121,"deletions":41},"test-code":{"insertions":18,"deletions":9}}}]},{"date":"2024-10-20","commitResults":[{"hash":"0e2eb87e59d654346c62d3e51ce010ec910375a4","isMergeCommit":false,"messageTitle":"Update JavaDoc comments for public class and methods","messageBody":"The documentation for some classes and method don\u0027t accurately\nreflect their functionalities. This makes the code harder to understand\nfor other programmers and less maintainable.\n\nLet\u0027s revise the comments to accurately explain what the public methods\nand classes do.\n","fileTypesAndContributionMap":{"functional-code":{"insertions":235,"deletions":157}}},{"hash":"05673fc6795826174fb297a82f2a393b1e977508","isMergeCommit":false,"messageTitle":"Remove duplicate methods and organize messages for commands","messageBody":"","fileTypesAndContributionMap":{"functional-code":{"insertions":27,"deletions":51},"test-code":{"insertions":3,"deletions":2}}},{"hash":"eb934e3543d4cf52b8a9296263a6838efc8f6f85","isMergeCommit":false,"messageTitle":"Update Test classes with cleaned code","messageBody":"","fileTypesAndContributionMap":{"test-code":{"insertions":10,"deletions":20}}}]},{"date":"2024-10-22","commitResults":[{"hash":"0b54c1f03567b98e424c9af70a9a17b636a6ad95","isMergeCommit":true,"messageTitle":"Merge branch \u0027master\u0027 into clean-up-codebase","messageBody":"","fileTypesAndContributionMap":{}},{"hash":"8f4575927e62375bbd686d035d02a4d9cc9a772b","isMergeCommit":true,"messageTitle":"Merge pull request #152 from dez2003/clean-up-codebase","messageBody":"Clean up codebase","fileTypesAndContributionMap":{}},{"hash":"8edee316e6826663b9c528160eab6dcca75cfff0","isMergeCommit":false,"messageTitle":"Implement sort student by name feature","messageBody":"","fileTypesAndContributionMap":{"functional-code":{"insertions":129,"deletions":4},"test-code":{"insertions":20,"deletions":2}}},{"hash":"7d04c0ce604191ebb8a625f3bfd8aa4a78522569","isMergeCommit":false,"messageTitle":"Implement sort groups by group name feature","messageBody":"","fileTypesAndContributionMap":{"functional-code":{"insertions":90,"deletions":1}}},{"hash":"e713d8be77460813fe36dde2deace8d4597afe50","isMergeCommit":false,"messageTitle":"Implement sort tasks by deadline feature","messageBody":"","fileTypesAndContributionMap":{"functional-code":{"insertions":89,"deletions":2}}}]},{"date":"2024-10-23","commitResults":[{"hash":"3f2cf0a916ccfa416befb966bec05d994d19e134","isMergeCommit":true,"messageTitle":"Merge branch \u0027sort-feature\u0027 of https://github.com/dez2003/tp into dez2003-sort-feature","messageBody":"# Conflicts:\n#  src/main/java/seedu/address/logic/parser/AddressBookParser.java\n#  src/test/java/seedu/address/logic/LogicManagerTest.java\n#  src/test/java/seedu/address/logic/commands/AddGroupCommandTest.java\n#  versionhistory.json\n","fileTypesAndContributionMap":{}},{"hash":"2a6fe1a659f1ac739996dfa54e9aa42c5de2bf7e","isMergeCommit":true,"messageTitle":"Merge branch \u0027dez2003-sort-feature\u0027","messageBody":"","fileTypesAndContributionMap":{}},{"hash":"cdfa1d681b56bd3a7e68a74cd402661aafa765c3","isMergeCommit":true,"messageTitle":"Merge branch \u0027dez2003-sort-feature\u0027 into sort-feature","messageBody":"","fileTypesAndContributionMap":{}},{"hash":"568fb3d803797e20fbdb85fffa92853189e086d4","isMergeCommit":false,"messageTitle":"Fix checkstyle issue and test cases","messageBody":"","fileTypesAndContributionMap":{"test-code":{"insertions":32,"deletions":0}}}]},{"date":"2024-10-24","commitResults":[{"hash":"8b1250432b5d9066d0bb6c1341aecffe2b7464f4","isMergeCommit":true,"messageTitle":"Merge branch \u0027AY2425S1-CS2103-F12-2:master\u0027 into master","messageBody":"","fileTypesAndContributionMap":{}}]},{"date":"2024-10-25","commitResults":[{"hash":"1b711268d8bd2f1ccbee9f8a4e9285d22f85b29b","isMergeCommit":true,"messageTitle":"Merge branch \u0027AY2425S1-CS2103-F12-2:master\u0027 into master","messageBody":"","fileTypesAndContributionMap":{}}]},{"date":"2024-10-27","commitResults":[{"hash":"c086e5fb7555ee752383ad3acc251d0835143c46","isMergeCommit":true,"messageTitle":"Merge branch \u0027AY2425S1-CS2103-F12-2:master\u0027 into master","messageBody":"","fileTypesAndContributionMap":{}}]},{"date":"2024-10-28","commitResults":[{"hash":"fe1b7810e46415c2423d3e7fe30d33376ca65a33","isMergeCommit":false,"messageTitle":"Create a sequence diagram for add task to group feature","messageBody":"","fileTypesAndContributionMap":{"docs":{"insertions":78,"deletions":0}}},{"hash":"9e8d1bc027ed4370279e98dcca7fe9985664578a","isMergeCommit":true,"messageTitle":"Merge pull request #183 from dez2003/puml","messageBody":"Add sequence diagram for add task to group command","fileTypesAndContributionMap":{}}]}]},"authorFileTypeContributionMap":{"ghos7ie":{"docs":377,"functional-code":1520,"test-code":1479,"other":13},"SooYap":{"docs":224,"functional-code":3131,"test-code":681,"other":1},"YANYAN-w":{"docs":49,"functional-code":993,"test-code":958},"dez2003":{"docs":88,"functional-code":1408,"test-code":283}},"authorContributionVariance":{"ghos7ie":194153.81,"SooYap":49169.918,"YANYAN-w":69947.93,"dez2003":17096.639},"authorDisplayNameMap":{"ghos7ie":"CS2103-F12-2 LYE ..EWIS","SooYap":"CS2103-F12-2 TAN .. YAP","YANYAN-w":"CS2103-F12-2 WANG..NYAN","dez2003":"CS2103-F12-2 SNG ..IREE"}}
