{"authorDailyContributionsMap":{"tata32000":[{"date":"2024-09-21","commitResults":[{"hash":"806b3fb5895b4e33ad5109c39a7f28f87339cacc","isMergeCommit":true,"messageTitle":"Merge pull request #1 from AY2425S1-CS2103-F13-3/switch-docs-to-markbind","messageBody":"Switch docs to markbind","fileTypesAndContributionMap":{}},{"hash":"a9c572de48cedcf4d4274764cfcda7513ef353f3","isMergeCommit":false,"messageTitle":"Update product name","messageBody":"","fileTypesAndContributionMap":{"docs":{"insertions":1,"deletions":1}}}]},{"date":"2024-09-26","commitResults":[{"hash":"c99ae638bb01bac46b90cdd9f92c15711cdf7303","isMergeCommit":true,"messageTitle":"Merge pull request #10 from tata32000/branch-add-photo","messageBody":"Add tata32000.png to docs/images","fileTypesAndContributionMap":{}},{"hash":"19cd43dd635daa7ec6d1a0a189983d770bc0b1e0","isMergeCommit":false,"messageTitle":"Update AboutUs.md for Non","messageBody":"","fileTypesAndContributionMap":{"docs":{"insertions":5,"deletions":45}}},{"hash":"a5406af2867f060df02ee361bd38c5a7d87f9bcf","isMergeCommit":true,"messageTitle":"Merge branch \u0027master\u0027 of https://github.com/tata32000/tp","messageBody":"","fileTypesAndContributionMap":{}},{"hash":"3810dda7c9329756a252291283e76cedea752626","isMergeCommit":true,"messageTitle":"Merge branch \u0027master\u0027 into branch-update-aboutUs","messageBody":"","fileTypesAndContributionMap":{}},{"hash":"c00b7532640835e107d91e99d0ef726bb1fa6970","isMergeCommit":true,"messageTitle":"Merge pull request #17 from QuekBingHeng/branch-v1.1","messageBody":"Add AboutUs.md and quekbingheng.md","fileTypesAndContributionMap":{}},{"hash":"247c1a6bf3d172c36bc99b6168cc59333be3131a","isMergeCommit":true,"messageTitle":"Merge branch \u0027master\u0027 into branch-update-aboutUs","messageBody":"","fileTypesAndContributionMap":{}},{"hash":"3faa87c6ddb2a3de986fc65849e5684bd6239189","isMergeCommit":true,"messageTitle":"Merge pull request #21 from tata32000/branch-update-aboutUs","messageBody":"Branch update about us","fileTypesAndContributionMap":{}},{"hash":"ad04531354e57bc5f91863a2fa010d1083eb8344","isMergeCommit":true,"messageTitle":"Merge branch \u0027master\u0027 into branch-aboutus-page","messageBody":"","fileTypesAndContributionMap":{}},{"hash":"aae1e2d5a21c298b42c38daf84632200d1ac1048","isMergeCommit":true,"messageTitle":"Merge pull request #22 from jewiteo/branch-aboutus-page","messageBody":"Update the AboutUs Page for Jewi","fileTypesAndContributionMap":{}},{"hash":"ce536da414dbbe4c690437898072de5f3da54a05","isMergeCommit":true,"messageTitle":"Merge branch \u0027master\u0027 into branch-update-aboutus","messageBody":"","fileTypesAndContributionMap":{}},{"hash":"cb2d5d126fe40a876b5a67b988a30db7c43a00dd","isMergeCommit":true,"messageTitle":"Merge pull request #23 from LimKaiWei/branch-update-aboutus","messageBody":"Update AboutUs.md","fileTypesAndContributionMap":{}},{"hash":"031aba1f45e94bdde9d3f043a04fc0c43686fb45","isMergeCommit":true,"messageTitle":"Merge branch \u0027master\u0027 into Update_AboutUs","messageBody":"","fileTypesAndContributionMap":{}},{"hash":"a2a8b0f8a666fee6a8b24bb9b8102daf19d8a56d","isMergeCommit":true,"messageTitle":"Merge pull request #24 from Brendan8899/Update_AboutUs","messageBody":"Update AboutUs.md","fileTypesAndContributionMap":{}},{"hash":"669b78d7c0645472dc6850cc66e9c1b625583287","isMergeCommit":true,"messageTitle":"Merge branch \u0027master\u0027 of https://github.com/tata32000/tp","messageBody":"","fileTypesAndContributionMap":{}},{"hash":"cb12372e05bc56ea1efb924aab6b6bfa5b5d8b9d","isMergeCommit":false,"messageTitle":"Update GitHub actions build status link","messageBody":"","fileTypesAndContributionMap":{"docs":{"insertions":1,"deletions":1}}},{"hash":"ec4a29e5f36031c2a350518c11a5f0c75a09a0e7","isMergeCommit":false,"messageTitle":"Update GitHub actions build status link","messageBody":"","fileTypesAndContributionMap":{"docs":{"insertions":1,"deletions":2}}},{"hash":"a056546537fe06fe6af673543cd8b9437e5078b2","isMergeCommit":false,"messageTitle":"Update GitHub actions badge link","messageBody":"","fileTypesAndContributionMap":{"docs":{"insertions":1,"deletions":1}}}]}],"QuekBingHeng":[{"date":"2024-09-26","commitResults":[{"hash":"a6165b0e4f11e090b4954b074aebb4d9c9f54cb1","isMergeCommit":false,"messageTitle":"Add quekbingheng.png","messageBody":"","fileTypesAndContributionMap":{"other":{"insertions":50,"deletions":0}}},{"hash":"6c61f1ed73cb4e07c67e823ab631754c7cf5c2ce","isMergeCommit":false,"messageTitle":"Revert \"Add quekbingheng.png\"","messageBody":"This reverts commit a6165b0e4f11e090b4954b074aebb4d9c9f54cb1.\n","fileTypesAndContributionMap":{"other":{"insertions":0,"deletions":50}}},{"hash":"e209d111b6873e23f9e6f0d847b5999cedf08d8c","isMergeCommit":false,"messageTitle":"Add AboutUs.md and quekbingheng.md","messageBody":"","fileTypesAndContributionMap":{"docs":{"insertions":15,"deletions":15}}},{"hash":"ff0b92916ada9455c2c0df534cf3461d6cd222b8","isMergeCommit":false,"messageTitle":"Add quekbingheng.md suffix","messageBody":"","fileTypesAndContributionMap":{"docs":{"insertions":5,"deletions":5}}},{"hash":"e88b391a45ba07830c73d4db7587af085a54a933","isMergeCommit":false,"messageTitle":"Add README updates for steps A3 and A4","messageBody":"","fileTypesAndContributionMap":{"docs":{"insertions":2,"deletions":1}}}]}],"Brendan8899":[{"date":"2024-09-26","commitResults":[{"hash":"c0dc5d6b0fe2f0dd37a12ca181bbfa02fbab9c5a","isMergeCommit":false,"messageTitle":"update aboutus.md with my details","messageBody":"","fileTypesAndContributionMap":{"docs":{"insertions":4,"deletions":43}}},{"hash":"d1736c4b45b87ac3bbe826611c59a50f80e9f5ef","isMergeCommit":false,"messageTitle":"update aboutus.md with my details","messageBody":"","fileTypesAndContributionMap":{"docs":{"insertions":1,"deletions":1}}},{"hash":"5a3b2baf3b7ef459597861dbc8786f1a0b2f477a","isMergeCommit":false,"messageTitle":"Add One Line to avoid Checkstyle error","messageBody":"","fileTypesAndContributionMap":{"docs":{"insertions":2,"deletions":1}}},{"hash":"fd8363a219614592715dd446b217f29be6bcd8ce","isMergeCommit":false,"messageTitle":"Add One Line to avoid Checkstyle error","messageBody":"","fileTypesAndContributionMap":{"docs":{"insertions":0,"deletions":1}}},{"hash":"a497aa74afcc2d19e3965c76c68b939b4218f7b2","isMergeCommit":true,"messageTitle":"Merge pull request #32 from tata32000/branch-update-github-actions-link","messageBody":"Branch update GitHub actions link","fileTypesAndContributionMap":{}},{"hash":"883d330d9103f05feb72260dd9ea71f91aec7187","isMergeCommit":true,"messageTitle":"Merge pull request #33 from tata32000/branch-update-github-actions-link","messageBody":"Update GitHub actions build status link","fileTypesAndContributionMap":{}},{"hash":"ee355f280678ade9f18ebd74cd2c3bc00803a02d","isMergeCommit":true,"messageTitle":"Merge pull request #34 from QuekBingHeng/branch-v1.1","messageBody":"Add README updates for steps A3 and A4","fileTypesAndContributionMap":{}}]}],"LimKaiWei":[{"date":"2024-09-21","commitResults":[{"hash":"bd3b847f09cec7eb7ad6a9d0c386e9e91f69d601","isMergeCommit":true,"messageTitle":"Merge pull request #2 from AY2425S1-CS2103-F13-3/switch-docs-to-markbind","messageBody":"Update product name","fileTypesAndContributionMap":{}}]},{"date":"2024-09-26","commitResults":[{"hash":"11da4f673ee2b0e225f7d2210bcdcfc89537c3c4","isMergeCommit":false,"messageTitle":"Update AboutUs.md with kai wei\u0027s details","messageBody":"","fileTypesAndContributionMap":{"docs":{"insertions":6,"deletions":45}}}]}],"jewiteo":[{"date":"2024-09-26","commitResults":[{"hash":"cc7d44d7ac97ac94b5eba0905e7c8909e521e616","isMergeCommit":false,"messageTitle":"Update About Us page with Jewi\u0027s details","messageBody":"","fileTypesAndContributionMap":{"docs":{"insertions":0,"deletions":46}}},{"hash":"2721ba784861e3439ae84b0c487d4f3bdbb0665b","isMergeCommit":false,"messageTitle":"Update AboutUs Page with Jewi\u0027s details","messageBody":"","fileTypesAndContributionMap":{"docs":{"insertions":52,"deletions":42}}},{"hash":"dab729a75b1470013789b10ea995302ea127fb7f","isMergeCommit":false,"messageTitle":"Update the AboutUs Page with Jewi\u0027s details","messageBody":"","fileTypesAndContributionMap":{"docs":{"insertions":1,"deletions":1}}}]}]},"authorFileTypeContributionMap":{"tata32000":{"docs":7,"functional-code":0,"test-code":0},"QuekBingHeng":{"docs":5,"functional-code":0,"test-code":0},"Brendan8899":{"docs":5,"functional-code":0,"test-code":0},"LimKaiWei":{"docs":6,"functional-code":0,"test-code":0},"jewiteo":{"docs":53,"functional-code":0,"test-code":0}},"authorContributionVariance":{"tata32000":393.67343,"QuekBingHeng":2503.9592,"Brendan8899":343.95917,"LimKaiWei":318.4898,"jewiteo":2469.0613},"authorDisplayNameMap":{"tata32000":"CS2103-F13-3 NON ..ANON","QuekBingHeng":"CS2103-F13-3 QUEK..HENG","Brendan8899":"CS2103-F13-3 BREN..YANG","LimKaiWei":"CS2103-F13-3 LIM .. WEI","jewiteo":"CS2103-F13-3 TEO ..JEWI"}}
