{"authorDailyContributionsMap":{"tata32000":[{"date":"2024-09-21","commitResults":[{"hash":"806b3fb5895b4e33ad5109c39a7f28f87339cacc","isMergeCommit":true,"messageTitle":"Merge pull request #1 from AY2425S1-CS2103-F13-3/switch-docs-to-markbind","messageBody":"Switch docs to markbind","fileTypesAndContributionMap":{}},{"hash":"a9c572de48cedcf4d4274764cfcda7513ef353f3","isMergeCommit":false,"messageTitle":"Update product name","messageBody":"","fileTypesAndContributionMap":{"docs":{"insertions":1,"deletions":1}}}]},{"date":"2024-09-26","commitResults":[{"hash":"c99ae638bb01bac46b90cdd9f92c15711cdf7303","isMergeCommit":true,"messageTitle":"Merge pull request #10 from tata32000/branch-add-photo","messageBody":"Add tata32000.png to docs/images","fileTypesAndContributionMap":{}},{"hash":"19cd43dd635daa7ec6d1a0a189983d770bc0b1e0","isMergeCommit":false,"messageTitle":"Update AboutUs.md for Non","messageBody":"","fileTypesAndContributionMap":{"docs":{"insertions":5,"deletions":45}}},{"hash":"a5406af2867f060df02ee361bd38c5a7d87f9bcf","isMergeCommit":true,"messageTitle":"Merge branch \u0027master\u0027 of https://github.com/tata32000/tp","messageBody":"","fileTypesAndContributionMap":{}},{"hash":"3810dda7c9329756a252291283e76cedea752626","isMergeCommit":true,"messageTitle":"Merge branch \u0027master\u0027 into branch-update-aboutUs","messageBody":"","fileTypesAndContributionMap":{}},{"hash":"c00b7532640835e107d91e99d0ef726bb1fa6970","isMergeCommit":true,"messageTitle":"Merge pull request #17 from QuekBingHeng/branch-v1.1","messageBody":"Add AboutUs.md and quekbingheng.md","fileTypesAndContributionMap":{}},{"hash":"247c1a6bf3d172c36bc99b6168cc59333be3131a","isMergeCommit":true,"messageTitle":"Merge branch \u0027master\u0027 into branch-update-aboutUs","messageBody":"","fileTypesAndContributionMap":{}},{"hash":"3faa87c6ddb2a3de986fc65849e5684bd6239189","isMergeCommit":true,"messageTitle":"Merge pull request #21 from tata32000/branch-update-aboutUs","messageBody":"Branch update about us","fileTypesAndContributionMap":{}},{"hash":"ad04531354e57bc5f91863a2fa010d1083eb8344","isMergeCommit":true,"messageTitle":"Merge branch \u0027master\u0027 into branch-aboutus-page","messageBody":"","fileTypesAndContributionMap":{}},{"hash":"aae1e2d5a21c298b42c38daf84632200d1ac1048","isMergeCommit":true,"messageTitle":"Merge pull request #22 from jewiteo/branch-aboutus-page","messageBody":"Update the AboutUs Page for Jewi","fileTypesAndContributionMap":{}},{"hash":"ce536da414dbbe4c690437898072de5f3da54a05","isMergeCommit":true,"messageTitle":"Merge branch \u0027master\u0027 into branch-update-aboutus","messageBody":"","fileTypesAndContributionMap":{}},{"hash":"cb2d5d126fe40a876b5a67b988a30db7c43a00dd","isMergeCommit":true,"messageTitle":"Merge pull request #23 from LimKaiWei/branch-update-aboutus","messageBody":"Update AboutUs.md","fileTypesAndContributionMap":{}},{"hash":"031aba1f45e94bdde9d3f043a04fc0c43686fb45","isMergeCommit":true,"messageTitle":"Merge branch \u0027master\u0027 into Update_AboutUs","messageBody":"","fileTypesAndContributionMap":{}},{"hash":"a2a8b0f8a666fee6a8b24bb9b8102daf19d8a56d","isMergeCommit":true,"messageTitle":"Merge pull request #24 from Brendan8899/Update_AboutUs","messageBody":"Update AboutUs.md","fileTypesAndContributionMap":{}},{"hash":"669b78d7c0645472dc6850cc66e9c1b625583287","isMergeCommit":true,"messageTitle":"Merge branch \u0027master\u0027 of https://github.com/tata32000/tp","messageBody":"","fileTypesAndContributionMap":{}},{"hash":"cb12372e05bc56ea1efb924aab6b6bfa5b5d8b9d","isMergeCommit":false,"messageTitle":"Update GitHub actions build status link","messageBody":"","fileTypesAndContributionMap":{"docs":{"insertions":1,"deletions":1}}},{"hash":"ec4a29e5f36031c2a350518c11a5f0c75a09a0e7","isMergeCommit":false,"messageTitle":"Update GitHub actions build status link","messageBody":"","fileTypesAndContributionMap":{"docs":{"insertions":1,"deletions":2}}},{"hash":"a056546537fe06fe6af673543cd8b9437e5078b2","isMergeCommit":false,"messageTitle":"Update GitHub actions badge link","messageBody":"","fileTypesAndContributionMap":{"docs":{"insertions":1,"deletions":1}}}]},{"date":"2024-10-12","commitResults":[{"hash":"d6f35cb86ce5e8ffd44769ee6570c2136107fc68","isMergeCommit":true,"messageTitle":"Merge branch \u0027master\u0027 of https://github.com/AY2425S1-CS2103-F13-3/tp","messageBody":"","fileTypesAndContributionMap":{}},{"hash":"6f5220a636c88947a6f90425848068c29d73a2e5","isMergeCommit":true,"messageTitle":"Merge branch \u0027branch-v1.2-add\u0027 of https://github.com/QuekBingHeng/tp into branch-v1.2-edit-schedule","messageBody":"","fileTypesAndContributionMap":{}}]},{"date":"2024-10-16","commitResults":[{"hash":"292ace259d587d1fd9ce476a7e15d3e0e618d3ef","isMergeCommit":true,"messageTitle":"Merge branch \u0027schedule_json_database\u0027 of https://github.com/Brendan8899/tp into branch-schedule-json-fix","messageBody":"","fileTypesAndContributionMap":{}},{"hash":"a81a3a6a00dd7d98f8e3c4f87bce50e3f686de1e","isMergeCommit":false,"messageTitle":"Fix styling for UniqueMeetingList.java","messageBody":"","fileTypesAndContributionMap":{"functional-code":{"insertions":81,"deletions":32}}},{"hash":"070d2679e3a8330a4fc9c589126a133c29bdf144","isMergeCommit":false,"messageTitle":"Fix line break for UniqueMeetingList.java","messageBody":"","fileTypesAndContributionMap":{"functional-code":{"insertions":2,"deletions":1}}},{"hash":"50c1febb84c51a10bd7fb93d6f339988d1ffa09b","isMergeCommit":false,"messageTitle":"Fix styling for ScheduleList.java","messageBody":"","fileTypesAndContributionMap":{"functional-code":{"insertions":86,"deletions":38}}},{"hash":"0a4e563ef3a300bc21e907f779a45188165c4ee7","isMergeCommit":false,"messageTitle":"Fix styling for JsonAdaptedMeeting and JsonScheduleStorage","messageBody":"","fileTypesAndContributionMap":{"functional-code":{"insertions":88,"deletions":47}}},{"hash":"c2d0f90367a7d76a9a6597a331e08c557247f3d4","isMergeCommit":false,"messageTitle":"Fix styling and add javadoc for Meeting.java","messageBody":"","fileTypesAndContributionMap":{"functional-code":{"insertions":65,"deletions":13}}},{"hash":"ddda4bc58c6f46d10926ec6283e81d23442eff65","isMergeCommit":false,"messageTitle":"Fix styling and add javadoc for ModelManager.java","messageBody":"","fileTypesAndContributionMap":{"functional-code":{"insertions":29,"deletions":12}}},{"hash":"4c2af20425a40d13c7072a7c51a9b3963be23a5f","isMergeCommit":false,"messageTitle":"Fix styling and add javadoc for ScheduleStorage.java","messageBody":"","fileTypesAndContributionMap":{"functional-code":{"insertions":33,"deletions":16}}},{"hash":"11b0b59443fdda1d846e2d81ada67a8766018751","isMergeCommit":false,"messageTitle":"Fix styling and add javadoc for SeeScheduleCommand.java","messageBody":"","fileTypesAndContributionMap":{"functional-code":{"insertions":10,"deletions":7}}},{"hash":"824e045e4d8f07f7ade81abde3265f9de4c60757","isMergeCommit":false,"messageTitle":"Fix styling and add javadoc for JsonSerializableScheduleStorage.java","messageBody":"","fileTypesAndContributionMap":{"functional-code":{"insertions":9,"deletions":6}}},{"hash":"c24fc281aab9d12c0852a04b7dc369b579ebb32b","isMergeCommit":false,"messageTitle":"Fix styling and add javadoc for JsonSerializedScheduleStorage.java","messageBody":"","fileTypesAndContributionMap":{"functional-code":{"insertions":15,"deletions":6}}},{"hash":"0744394154b484603d51a1d858698d19e3832ab6","isMergeCommit":false,"messageTitle":"Fix styling for StorageManager.java","messageBody":"","fileTypesAndContributionMap":{"functional-code":{"insertions":10,"deletions":7}}},{"hash":"8f73a66a022f01c8aec7c957840abe8a3488321e","isMergeCommit":false,"messageTitle":"Fix styling for AddScheduleCommand.java","messageBody":"","fileTypesAndContributionMap":{"functional-code":{"insertions":9,"deletions":7}}},{"hash":"847b49532f7d951bbfb40339e0e6484a531b402c","isMergeCommit":false,"messageTitle":"Fix styling for AddressBookParser.java","messageBody":"","fileTypesAndContributionMap":{"functional-code":{"insertions":13,"deletions":3}}},{"hash":"f17d16af7677d1f3f3539732ff76d8f1382136ce","isMergeCommit":false,"messageTitle":"Fix styling and add javadoc for ReadOnlyScheduleList.java","messageBody":"","fileTypesAndContributionMap":{"functional-code":{"insertions":5,"deletions":2}}},{"hash":"1da3569d2bbcfc09e0ed28295b064dc034378b57","isMergeCommit":false,"messageTitle":"Fix styling for MainApp.java","messageBody":"","fileTypesAndContributionMap":{"functional-code":{"insertions":16,"deletions":3}}},{"hash":"a25d45db19a0afc08646278c36e672e7c1d9c9d2","isMergeCommit":false,"messageTitle":"Fix styling for Model.java","messageBody":"","fileTypesAndContributionMap":{"functional-code":{"insertions":15,"deletions":4}}},{"hash":"43c99adaf44650c683c49bea9ca33961afb96c93","isMergeCommit":false,"messageTitle":"Fix styling and add javadoc for ConflictMeetingException.java","messageBody":"","fileTypesAndContributionMap":{"functional-code":{"insertions":3,"deletions":0}}},{"hash":"3a28299bb9ca758edb1c8ba21af76b999a4b0afc","isMergeCommit":false,"messageTitle":"Fix styling and add javadoc for DuplicateMeetingException.java","messageBody":"","fileTypesAndContributionMap":{"functional-code":{"insertions":3,"deletions":0}}},{"hash":"4d07a018599c263ec7265bd3bb799ab24b1ae1e2","isMergeCommit":false,"messageTitle":"Fix styling for MeetingNotFoundException.java","messageBody":"","fileTypesAndContributionMap":{"functional-code":{"insertions":1,"deletions":1}}},{"hash":"34a737fe72063f82daea281a14e0e29e21a4e6b3","isMergeCommit":false,"messageTitle":"Delete trailing whitespace in DeveloperGuide.md","messageBody":"","fileTypesAndContributionMap":{"docs":{"insertions":2,"deletions":2}}},{"hash":"bd952c756d8cf7ae3572d1d22557986fc23ad872","isMergeCommit":false,"messageTitle":"Delete trailing whitespace in jewiteo.md","messageBody":"","fileTypesAndContributionMap":{"docs":{"insertions":1,"deletions":1}}},{"hash":"f310213e2aa4e9c016d70880d84c585a40acb44c","isMergeCommit":false,"messageTitle":"Fix style for LogicManagerTest.java","messageBody":"","fileTypesAndContributionMap":{"test-code":{"insertions":15,"deletions":6}}},{"hash":"f3bc8508dc5667ddea565603a7eb09facb975d7d","isMergeCommit":false,"messageTitle":"Fix styling for AddCommandTest.java","messageBody":"","fileTypesAndContributionMap":{"test-code":{"insertions":11,"deletions":6}}},{"hash":"91e47cb111b92d33b7d1b7c77feb976ac951eb56","isMergeCommit":false,"messageTitle":"Fix parameter in StorageManagerTest.java","messageBody":"","fileTypesAndContributionMap":{"test-code":{"insertions":2,"deletions":1}}},{"hash":"5f7deb86d4f2337b710ac5153cc6ad9c0c4dc3a3","isMergeCommit":true,"messageTitle":"Merge pull request #56 from Brendan8899/schedule_json_database","messageBody":"New Schedule Meetings are Saved upon closing of application","fileTypesAndContributionMap":{}}]},{"date":"2024-10-17","commitResults":[{"hash":"2acf73be373cddc64d24116468bf562cc1cecb69","isMergeCommit":false,"messageTitle":"Add edit schedule command to AddressBookParser","messageBody":"","fileTypesAndContributionMap":{"functional-code":{"insertions":4,"deletions":0}}},{"hash":"9d07ad01ac4de5cd2bc58a1d211a3554be36a8fc","isMergeCommit":false,"messageTitle":"Add parseDate and parseTime methods to ParserUtil","messageBody":"","fileTypesAndContributionMap":{"functional-code":{"insertions":41,"deletions":0}}},{"hash":"b90a886e7346eaa169557fc027b904c2fe955750","isMergeCommit":false,"messageTitle":"Add EditScheduleCommand and EditScheduleCommandParser","messageBody":"","fileTypesAndContributionMap":{"functional-code":{"insertions":245,"deletions":0}}},{"hash":"3fd91d4e9b19a3d9aa49a15c67f43475ebcffc7f","isMergeCommit":false,"messageTitle":"Fix index checking in EditScheduleCommandParser","messageBody":"","fileTypesAndContributionMap":{"functional-code":{"insertions":6,"deletions":4}}},{"hash":"60e706f476ce4760aacac22a2b1e1b26a18352aa","isMergeCommit":false,"messageTitle":"Refactor and add contactIndex to EditScheduleDescriptor","messageBody":"","fileTypesAndContributionMap":{"functional-code":{"insertions":30,"deletions":11}}},{"hash":"f305447ffe497071932728447f52464968d573c1","isMergeCommit":true,"messageTitle":"Merge branch \u0027master\u0027 into branch-v1.2-edit-schedule","messageBody":"","fileTypesAndContributionMap":{}},{"hash":"0a8014bfc25ea083a8f133da753123bc5f6e5b2e","isMergeCommit":true,"messageTitle":"Merge branch \u0027master\u0027 of https://github.com/AY2425S1-CS2103-F13-3/tp into branch-v1.2-edit-schedule","messageBody":"","fileTypesAndContributionMap":{}},{"hash":"fed7241e0dfa53a1477699d4581abe88f0291c4f","isMergeCommit":true,"messageTitle":"Merge branch \u0027master\u0027 of https://github.com/AY2425S1-CS2103-F13-3/tp","messageBody":"","fileTypesAndContributionMap":{}},{"hash":"0826dd421e4f6e7c6f52c6529f92eaa4e812a5a8","isMergeCommit":false,"messageTitle":"Add unit testing for EditScheduleCommandParser","messageBody":"","fileTypesAndContributionMap":{"test-code":{"insertions":87,"deletions":0}}},{"hash":"93b3c85e86f9f2a478a9b2fb7de13112449437f7","isMergeCommit":false,"messageTitle":"Add parseTime and parseDate test cases to ParserUtilTest","messageBody":"","fileTypesAndContributionMap":{"test-code":{"insertions":53,"deletions":1}}},{"hash":"0827b5460b7ba03a69858b28fd7f50e952d4561e","isMergeCommit":true,"messageTitle":"Merge branch \u0027master\u0027 of https://github.com/AY2425S1-CS2103-F13-3/tp","messageBody":"","fileTypesAndContributionMap":{}},{"hash":"8f6e8a2757a448b6597c448369141ce547ac8a0c","isMergeCommit":false,"messageTitle":"Fix the message usage in EditScheduleCommand","messageBody":"","fileTypesAndContributionMap":{"functional-code":{"insertions":2,"deletions":2}}}]},{"date":"2024-10-18","commitResults":[{"hash":"86df045ce1970ab8f061cf43132b26f6dc64a3b5","isMergeCommit":true,"messageTitle":"Merge branch \u0027master\u0027 of https://github.com/AY2425S1-CS2103-F13-3/tp","messageBody":"","fileTypesAndContributionMap":{}}]},{"date":"2024-10-22","commitResults":[{"hash":"7a30f58decb053417c5db9ba56f494edd5c19715","isMergeCommit":true,"messageTitle":"Merge branch \u0027AY2425S1-CS2103-F13-3:master\u0027 into master","messageBody":"","fileTypesAndContributionMap":{}},{"hash":"8ef56f945f159106b434a9f85ae18c960d77956d","isMergeCommit":false,"messageTitle":"Fix the optional field bug in EditScheduleCommand","messageBody":"","fileTypesAndContributionMap":{"functional-code":{"insertions":1,"deletions":1}}},{"hash":"177b7f3d8a4439d7e359b26e4c008166a89ac432","isMergeCommit":false,"messageTitle":"Remove unused variable in EditScheduleCommandParser","messageBody":"","fileTypesAndContributionMap":{"functional-code":{"insertions":0,"deletions":1}}},{"hash":"eaebef8032ed2b8c9f43c77fa0cf12896a15bebf","isMergeCommit":false,"messageTitle":"Add test case for partial field in EditScheduleCommandParserTest","messageBody":"","fileTypesAndContributionMap":{"test-code":{"insertions":16,"deletions":2}}}]},{"date":"2024-10-24","commitResults":[{"hash":"385530e4367ed0743de0c2b233effd4d248784e8","isMergeCommit":false,"messageTitle":"Fix Edit Schedule to support contact deletion","messageBody":"","fileTypesAndContributionMap":{"functional-code":{"insertions":71,"deletions":23},"test-code":{"insertions":3,"deletions":2}}},{"hash":"3abd986b7f93b8fc4f5145d6377e89b5d22950f8","isMergeCommit":false,"messageTitle":"Update edit schedule command in UserGuide","messageBody":"","fileTypesAndContributionMap":{"docs":{"insertions":20,"deletions":11}}},{"hash":"f25bbcdb531bb0e1ee18e0ac0498dc6acf7526a1","isMergeCommit":true,"messageTitle":"Merge pull request #103 from LimKaiWei/bug-fixing","messageBody":"Fix empty addressbook attempting to create sample schedule list","fileTypesAndContributionMap":{}},{"hash":"629e7b31e08ff4f993b6f63a2d53f9e1a9f771e5","isMergeCommit":true,"messageTitle":"Merge branch \u0027AY2425S1-CS2103-F13-3:master\u0027 into master","messageBody":"","fileTypesAndContributionMap":{}},{"hash":"4fb016143476ed7afc77a02c11e7687971c06f60","isMergeCommit":true,"messageTitle":"Merge branch \u0027master\u0027 of https://github.com/AY2425S1-CS2103-F13-3/tp into branch-add-edit-schedule-sequence-diagram","messageBody":"","fileTypesAndContributionMap":{}},{"hash":"47f96989193c5d8dcbe4a136908c2cceb200f8a4","isMergeCommit":false,"messageTitle":"Add edit schedule sequence diagram","messageBody":"","fileTypesAndContributionMap":{"docs":{"insertions":37,"deletions":0}}},{"hash":"f60d2812519eb31b5ec5901ee1a812a9842bd901","isMergeCommit":true,"messageTitle":"Merge branch \u0027master\u0027 of https://github.com/AY2425S1-CS2103-F13-3/tp into HEAD","messageBody":"","fileTypesAndContributionMap":{}},{"hash":"52d9536d8c5ab1b5fc6ffa7da9f617d451739050","isMergeCommit":false,"messageTitle":"Update user guide URL in HelpWindow","messageBody":"","fileTypesAndContributionMap":{"functional-code":{"insertions":1,"deletions":1}}}]},{"date":"2024-10-25","commitResults":[{"hash":"0279df3495925407035f55538a73df202f8bd2cd","isMergeCommit":true,"messageTitle":"Merge pull request #109 from LimKaiWei/branch-chores","messageBody":"Change output build jar file name and app title","fileTypesAndContributionMap":{}},{"hash":"e56a1b0aa345cefd172289c663d1ac6bc57e9e0e","isMergeCommit":true,"messageTitle":"Merge branch \u0027master\u0027 of https://github.com/AY2425S1-CS2103-F13-3/tp","messageBody":"","fileTypesAndContributionMap":{}}]},{"date":"2024-10-27","commitResults":[{"hash":"0b1831db47cb3e8f917e9796f8a32856066184ef","isMergeCommit":true,"messageTitle":"Merge branch \u0027AY2425S1-CS2103-F13-3:master\u0027 into master","messageBody":"","fileTypesAndContributionMap":{}}]},{"date":"2024-10-30","commitResults":[{"hash":"d264de462d5f6a88217e95f4590f530ec91fce09","isMergeCommit":false,"messageTitle":"Fix Exception in getMeeting method in EditScheduleCommand","messageBody":"","fileTypesAndContributionMap":{"functional-code":{"insertions":1,"deletions":1}}},{"hash":"52781b575ae029d98e3620687a8820aed63c87d3","isMergeCommit":false,"messageTitle":"Add MeetingBuilder to testutil","messageBody":"","fileTypesAndContributionMap":{"test-code":{"insertions":91,"deletions":0}}},{"hash":"e30e9ecb8b25bea768c28801668d8bcc55f869ca","isMergeCommit":false,"messageTitle":"Add Meeting indexes to TypicalIndexes","messageBody":"","fileTypesAndContributionMap":{"test-code":{"insertions":3,"deletions":0}}},{"hash":"1e87d6d5b88be3fd024ed9e134752bfb5a620456","isMergeCommit":false,"messageTitle":"Add TypicalMeetings to testutil","messageBody":"","fileTypesAndContributionMap":{"test-code":{"insertions":63,"deletions":0}}},{"hash":"1649fd4ade397ef4b7d4a5ce970345e1e9143032","isMergeCommit":false,"messageTitle":"Add EditScheduleDescriptorBuilder to testutil","messageBody":"","fileTypesAndContributionMap":{"test-code":{"insertions":70,"deletions":0}}},{"hash":"575c7f980b2ff7b7c5776cb1eb1c26f8e7071b74","isMergeCommit":false,"messageTitle":"Add test cases for EditScheduleCommand","messageBody":"","fileTypesAndContributionMap":{"test-code":{"insertions":189,"deletions":0}}}]},{"date":"2024-11-06","commitResults":[{"hash":"b7ff025b1e297bc0cbac0597ec24a198d0d52042","isMergeCommit":false,"messageTitle":"Add Edit schedule to DG","messageBody":"","fileTypesAndContributionMap":{"docs":{"insertions":217,"deletions":107}}},{"hash":"644a6671bce3517fbf1fc17ca2194b503cac8f1f","isMergeCommit":false,"messageTitle":"Fix Command Exception not thrown due to duplicate meeting","messageBody":"","fileTypesAndContributionMap":{"functional-code":{"insertions":6,"deletions":1}}},{"hash":"3f30f4104e1b9924b3a4cb35d38b7b49330eed68","isMergeCommit":false,"messageTitle":"Add edit to duplicate meeting test","messageBody":"","fileTypesAndContributionMap":{"functional-code":{"insertions":1,"deletions":0},"test-code":{"insertions":45,"deletions":7}}},{"hash":"7e25365f31a6c0686fc8dd2b43d4245bb3057868","isMergeCommit":false,"messageTitle":"Revert name check in hasConflictMeeting method","messageBody":"","fileTypesAndContributionMap":{"functional-code":{"insertions":0,"deletions":1}}},{"hash":"e2f87164f83163d7d2e6718096546df86ab302af","isMergeCommit":true,"messageTitle":"Merge branch \u0027master\u0027 of https://github.com/AY2425S1-CS2103-F13-3/tp into branch-unit-test-edit-schedule-command-parser","messageBody":"","fileTypesAndContributionMap":{}}]},{"date":"2024-11-07","commitResults":[{"hash":"39b5690636b9dacae32c55c3d7f2ba06a3064c30","isMergeCommit":true,"messageTitle":"Merge branch \u0027master\u0027 of https://github.com/AY2425S1-CS2103-F13-3/tp","messageBody":"","fileTypesAndContributionMap":{}},{"hash":"3bbe8fb1149aa388525dc2e67b83df1ab750dcee","isMergeCommit":false,"messageTitle":"Update DG title","messageBody":"","fileTypesAndContributionMap":{"docs":{"insertions":1,"deletions":1}}},{"hash":"172341d94729ce9af0aae0724354be546b8f7100","isMergeCommit":true,"messageTitle":"Merge pull request #151 from jewiteo/branch-UI","messageBody":"UI Enhancement and Minor Bug Fix","fileTypesAndContributionMap":{}},{"hash":"4c572d1a366228f2697ca39e1552a14eef35da41","isMergeCommit":true,"messageTitle":"Merge branch \u0027master\u0027 of https://github.com/AY2425S1-CS2103-F13-3/tp","messageBody":"","fileTypesAndContributionMap":{}},{"hash":"b6026a3ee0d123425a82feb01dbcdf42bee4ba97","isMergeCommit":false,"messageTitle":"Fix wildcard imports in PersonListCard.fxml","messageBody":"","fileTypesAndContributionMap":{"functional-code":{"insertions":10,"deletions":4}}}]},{"date":"2024-11-11","commitResults":[{"hash":"9c299afe61b27cad9854c95a800df34f587c85b1","isMergeCommit":true,"messageTitle":"Merge branch \u0027master\u0027 of https://github.com/AY2425S1-CS2103-F13-3/tp","messageBody":"","fileTypesAndContributionMap":{}},{"hash":"578be96f365abefb36cd19c5076ed1ce0d558ad4","isMergeCommit":false,"messageTitle":"Add error message when updated contact list is empty","messageBody":"","fileTypesAndContributionMap":{"functional-code":{"insertions":10,"deletions":3}}}]},{"date":"2024-11-12","commitResults":[{"hash":"716e8d6685c4883a03ea494086aaa41de6fe0fb9","isMergeCommit":true,"messageTitle":"Merge branch \u0027master\u0027 of https://github.com/AY2425S1-CS2103-F13-3/tp","messageBody":"","fileTypesAndContributionMap":{}},{"hash":"093e1e5c1decf84db603d88553d177b269ecffcd","isMergeCommit":false,"messageTitle":"Update tata32000.md","messageBody":"","fileTypesAndContributionMap":{"docs":{"insertions":11,"deletions":28}}},{"hash":"348cbf0ba970ffd468854cc97929f4a414ff1263","isMergeCommit":false,"messageTitle":"Fix EOF error","messageBody":"","fileTypesAndContributionMap":{"docs":{"insertions":1,"deletions":1}}},{"hash":"c74cf8fb7e54688a186cea9ce55dab68f092b5fa","isMergeCommit":true,"messageTitle":"Merge branch \u0027master\u0027 of https://github.com/AY2425S1-CS2103-F13-3/tp","messageBody":"","fileTypesAndContributionMap":{}},{"hash":"18e07af30c06ffa6503d669b76c2f6f0c2970868","isMergeCommit":false,"messageTitle":"Update clear command issue","messageBody":"","fileTypesAndContributionMap":{"docs":{"insertions":4,"deletions":0}}},{"hash":"7c01a96cf46a8a1ded1c3dd7912642c6f9312f11","isMergeCommit":false,"messageTitle":"Fix EOF error in DG","messageBody":"","fileTypesAndContributionMap":{"docs":{"insertions":1,"deletions":1}}},{"hash":"28ec8cd5c5016b2ffd63a8c35783eb8e73f2c910","isMergeCommit":true,"messageTitle":"Merge branch \u0027master\u0027 of https://github.com/AY2425S1-CS2103-F13-3/tp","messageBody":"","fileTypesAndContributionMap":{}},{"hash":"1ae35f41b3571361816475068e4268121d939e83","isMergeCommit":false,"messageTitle":"Fix runtime exception handler in EditScheduleCommandParser","messageBody":"","fileTypesAndContributionMap":{"functional-code":{"insertions":15,"deletions":9}}}]}],"QuekBingHeng":[{"date":"2024-09-26","commitResults":[{"hash":"a6165b0e4f11e090b4954b074aebb4d9c9f54cb1","isMergeCommit":false,"messageTitle":"Add quekbingheng.png","messageBody":"","fileTypesAndContributionMap":{"other":{"insertions":50,"deletions":0}}},{"hash":"6c61f1ed73cb4e07c67e823ab631754c7cf5c2ce","isMergeCommit":false,"messageTitle":"Revert \"Add quekbingheng.png\"","messageBody":"This reverts commit a6165b0e4f11e090b4954b074aebb4d9c9f54cb1.\n","fileTypesAndContributionMap":{"other":{"insertions":0,"deletions":50}}},{"hash":"e209d111b6873e23f9e6f0d847b5999cedf08d8c","isMergeCommit":false,"messageTitle":"Add AboutUs.md and quekbingheng.md","messageBody":"","fileTypesAndContributionMap":{"docs":{"insertions":15,"deletions":15}}},{"hash":"ff0b92916ada9455c2c0df534cf3461d6cd222b8","isMergeCommit":false,"messageTitle":"Add quekbingheng.md suffix","messageBody":"","fileTypesAndContributionMap":{"docs":{"insertions":5,"deletions":5}}},{"hash":"e88b391a45ba07830c73d4db7587af085a54a933","isMergeCommit":false,"messageTitle":"Add README updates for steps A3 and A4","messageBody":"","fileTypesAndContributionMap":{"docs":{"insertions":2,"deletions":1}}}]},{"date":"2024-10-10","commitResults":[{"hash":"7922b323aa3c9dcdd33909b240975889c8d41df8","isMergeCommit":false,"messageTitle":"Add add-schedule","messageBody":"","fileTypesAndContributionMap":{"functional-code":{"insertions":20,"deletions":0}}},{"hash":"701f057c6529d2cc85565f02ffc06c88b188762f","isMergeCommit":false,"messageTitle":"Add add-schedule implementation without gui","messageBody":"","fileTypesAndContributionMap":{"functional-code":{"insertions":151,"deletions":7}}}]},{"date":"2024-10-13","commitResults":[{"hash":"d915a778d1a197f6e6361184a9790ecb329159ad","isMergeCommit":false,"messageTitle":"Add checkstyle changes","messageBody":"","fileTypesAndContributionMap":{"functional-code":{"insertions":49,"deletions":25},"test-code":{"insertions":20,"deletions":7}}},{"hash":"1a8acd8eac369eb76da22c072a1430d918e2590b","isMergeCommit":false,"messageTitle":"Revert AddCommandTest changes","messageBody":"","fileTypesAndContributionMap":{"test-code":{"insertions":8,"deletions":21}}},{"hash":"029ec7316a32159b344c3ab2ef517d9354d1f7f7","isMergeCommit":false,"messageTitle":"Revert changes on Model and ModelManager","messageBody":"","fileTypesAndContributionMap":{"functional-code":{"insertions":0,"deletions":21},"test-code":{"insertions":1,"deletions":2}}}]},{"date":"2024-10-17","commitResults":[{"hash":"ac00e5bd8957ef78226d835518d9a6bf0484195f","isMergeCommit":false,"messageTitle":"Add duplicate meeting error","messageBody":"","fileTypesAndContributionMap":{"functional-code":{"insertions":34,"deletions":9}}},{"hash":"1f2fe8e666d69726e00bfff473fa8c510e9d389f","isMergeCommit":false,"messageTitle":"Add checkstyle changes","messageBody":"","fileTypesAndContributionMap":{"functional-code":{"insertions":6,"deletions":3}}},{"hash":"0efaa06326e8697eb31a66f519416859c61c4d5b","isMergeCommit":true,"messageTitle":"Merge branch \u0027branch-v1.3-add\u0027 of https://github.com/QuekBingHeng/tp into branch-v1.3-add","messageBody":"","fileTypesAndContributionMap":{}},{"hash":"044f9e9fe3eb5530dafcb7a9e96c09c0f24cbef4","isMergeCommit":false,"messageTitle":"Add further checkstyle change","messageBody":"","fileTypesAndContributionMap":{"test-code":{"insertions":3,"deletions":0}}},{"hash":"a4059c2e74fda5ea060479cbcac45f4d2ecdcc96","isMergeCommit":true,"messageTitle":"Merge pull request #57 from LimKaiWei/branch-mod-find-syntax","messageBody":"v1.3 - Revamp predicate and add find parameter","fileTypesAndContributionMap":{}},{"hash":"56436d082996b308d9317fb5883f678439d6fcfe","isMergeCommit":true,"messageTitle":"Merge pull request #63 from LimKaiWei/bug-see-command","messageBody":"Fix see command throwing errors","fileTypesAndContributionMap":{}},{"hash":"85dd79e7b97aec062dca0b44ca2bff1ad3fd0497","isMergeCommit":false,"messageTitle":"Add test cases and edits to Storage and Glossary","messageBody":"","fileTypesAndContributionMap":{"docs":{"insertions":32,"deletions":3}}},{"hash":"a0eb934f3adbf273279be6662401ae9fdaa780b0","isMergeCommit":false,"messageTitle":"Change add-schedule error and update developer guide","messageBody":"","fileTypesAndContributionMap":{"functional-code":{"insertions":18,"deletions":8},"docs":{"insertions":9,"deletions":9}}},{"hash":"cc0eb760885e72a6db832347bf61a0c8c6bfa4f4","isMergeCommit":false,"messageTitle":"Add checkstyle change","messageBody":"","fileTypesAndContributionMap":{"docs":{"insertions":1,"deletions":1}}},{"hash":"859ee498342aa0779d249a3a407b6bd8585fc3d9","isMergeCommit":false,"messageTitle":"Add edit and delete schedule test case headers","messageBody":"","fileTypesAndContributionMap":{"docs":{"insertions":12,"deletions":0}}},{"hash":"0defab6a9ac80a7e6552e3ea5a8e0e4776e2e901","isMergeCommit":true,"messageTitle":"Merge pull request #70 from tata32000/branch-v1.2-edit-schedule","messageBody":"Branch v1.2 edit schedule","fileTypesAndContributionMap":{}}]},{"date":"2024-10-23","commitResults":[{"hash":"10bfcbaaac58ad3078168145b1faa79e2240008c","isMergeCommit":true,"messageTitle":"Merge pull request #92 from LimKaiWei/branch-chores","messageBody":"Enable assertions in build file","fileTypesAndContributionMap":{}},{"hash":"4dfc35d73715b761d0e8d66da726a0a00022126c","isMergeCommit":true,"messageTitle":"Merge pull request #91 from LimKaiWei/enhance-datafile-errordetection","messageBody":"Enhance file error detection and handling","fileTypesAndContributionMap":{}},{"hash":"d239ef2eb81f3004dd7ced840cca2d57ad8dc5c3","isMergeCommit":false,"messageTitle":"Add multiple contact indexes to add-schedule","messageBody":"","fileTypesAndContributionMap":{"functional-code":{"insertions":23,"deletions":24}}},{"hash":"399cdc880b218c273888489a9f7154e3a88a9ddc","isMergeCommit":true,"messageTitle":"Merge pull request #94 from LimKaiWei/branch-update-docs","messageBody":"Update docs include UML diagram","fileTypesAndContributionMap":{}},{"hash":"5d854098a21c11ba149a6520d0edccfc8993b348","isMergeCommit":false,"messageTitle":"Add schedule into help command","messageBody":"","fileTypesAndContributionMap":{"functional-code":{"insertions":9,"deletions":1}}}]},{"date":"2024-10-24","commitResults":[{"hash":"730e6eb92be6fa90561f49f562c66e563fa7ed41","isMergeCommit":false,"messageTitle":"Add contact management to help command","messageBody":"","fileTypesAndContributionMap":{"functional-code":{"insertions":7,"deletions":1}}},{"hash":"d4942771dc7515aef0e91ec99f18aacd0e1157b9","isMergeCommit":false,"messageTitle":"Add UML sequence diagram and assertion to add-schedule","messageBody":"","fileTypesAndContributionMap":{"functional-code":{"insertions":3,"deletions":0},"docs":{"insertions":35,"deletions":0}}}]},{"date":"2024-11-02","commitResults":[{"hash":"c47e38eb824432cb472efbf5d486387685c9f4ac","isMergeCommit":true,"messageTitle":"Merge pull request #127 from LimKaiWei/branch-chores","messageBody":"Test coverage for Meeting stuff, remove unused code","fileTypesAndContributionMap":{}},{"hash":"fd81b8ba6814eb4196946f0d5f48bdca121545e0","isMergeCommit":false,"messageTitle":"Add schedule command test","messageBody":"","fileTypesAndContributionMap":{"test-code":{"insertions":99,"deletions":0}}},{"hash":"0e493eb0e7892686fdef6bcb3a9400c8d11b7481","isMergeCommit":false,"messageTitle":"Add schedule parser test","messageBody":"","fileTypesAndContributionMap":{"test-code":{"insertions":57,"deletions":0}}},{"hash":"db892c8cd7a9dbcac479650c42ca7de3900f403b","isMergeCommit":false,"messageTitle":"Add checkstyle change","messageBody":"","fileTypesAndContributionMap":{"test-code":{"insertions":2,"deletions":1}}},{"hash":"00e9df349d864969c7c22ef8e2ec2fa61e09bc85","isMergeCommit":false,"messageTitle":"Add user guide changes","messageBody":"","fileTypesAndContributionMap":{"docs":{"insertions":7,"deletions":2}}}]},{"date":"2024-11-06","commitResults":[{"hash":"b3eb75ed1fcb05386c3a000150ec8101bfdb25e3","isMergeCommit":false,"messageTitle":"Add alpha-bug fix to add-schedule","messageBody":"","fileTypesAndContributionMap":{"functional-code":{"insertions":11,"deletions":5}}},{"hash":"081b3355f9359c539d627144f2e96005a5a533d9","isMergeCommit":false,"messageTitle":"Edit tests for new hasConflictMeeting change","messageBody":"","fileTypesAndContributionMap":{"test-code":{"insertions":0,"deletions":17}}},{"hash":"2a21c2b01c518e7ed1a66215be3047bb6c87d63d","isMergeCommit":false,"messageTitle":"Add checkstyle change","messageBody":"","fileTypesAndContributionMap":{"test-code":{"insertions":0,"deletions":1}}}]},{"date":"2024-11-07","commitResults":[{"hash":"b2533615235cb098d02578267a1d29a8d160c699","isMergeCommit":false,"messageTitle":"Add PR comment changes","messageBody":"","fileTypesAndContributionMap":{"functional-code":{"insertions":3,"deletions":2}}},{"hash":"4b0464a88de18d98be85cab6fa70c6b35774ace3","isMergeCommit":true,"messageTitle":"Merge pull request #153 from QuekBingHeng/branch-v1.5-bugFix","messageBody":"Fix alpha-bug issues related to add-schedule","fileTypesAndContributionMap":{}},{"hash":"f902a9c526332a50f4186f80e40b009ae280f87a","isMergeCommit":true,"messageTitle":"Merge pull request #154 from LimKaiWei/branch-chores","messageBody":"Test coverage for jsonschedulestorage and storagemanager","fileTypesAndContributionMap":{}},{"hash":"68e460764d42ca293e6b431536190c677cb6bb9d","isMergeCommit":true,"messageTitle":"Merge pull request #162 from LimKaiWei/branch-update-docs","messageBody":"Update docs missing links to tutorial and aboutme page","fileTypesAndContributionMap":{}},{"hash":"4c5358e79be37868951c7fef1ed3c078326e6eb7","isMergeCommit":false,"messageTitle":"Add QuekBingHeng profile and edit LimKaiWei profile","messageBody":"","fileTypesAndContributionMap":{"docs":{"insertions":17,"deletions":32}}},{"hash":"3104ffceafcf029836b4588e07ef531b6b3cc823","isMergeCommit":true,"messageTitle":"Merge pull request #167 from QuekBingHeng/branch-v1.5-updateDocs","messageBody":"Add QuekBingHeng profile and edit LimKaiWei profile","fileTypesAndContributionMap":{}},{"hash":"66d64b2d58f6b25422fa02146afc16903c46e6f8","isMergeCommit":true,"messageTitle":"Merge pull request #165 from tata32000/branch-update-dg-title","messageBody":"Update DG title","fileTypesAndContributionMap":{}},{"hash":"a4ad77efb1365ec7907bf24d6c21a15331d3a996","isMergeCommit":true,"messageTitle":"Merge pull request #163 from LimKaiWei/branch-chores","messageBody":"Fix test cases due to meeting conflict conditions changing","fileTypesAndContributionMap":{}}]},{"date":"2024-11-11","commitResults":[{"hash":"e912c82f03e4ca0136bd1925cc29374b16284a08","isMergeCommit":true,"messageTitle":"Merge pull request #262 from LimKaiWei/branch-update-docs","messageBody":"Include planned enhancements in DG appendix section","fileTypesAndContributionMap":{}},{"hash":"215fd8097b1b74f9d8ef89841ca182545e2460ba","isMergeCommit":true,"messageTitle":"Merge pull request #263 from LimKaiWei/branch-chores","messageBody":"Fix message formatting and not showing favourite set to true","fileTypesAndContributionMap":{}},{"hash":"fc2ae50a87a21049c8fdfcb3ae00a4088251c919","isMergeCommit":false,"messageTitle":"Add duplicate detection for contact indices","messageBody":"","fileTypesAndContributionMap":{"functional-code":{"insertions":9,"deletions":0}}},{"hash":"f39470ef4d9262e61f40cc6753de0abd07f5ddee","isMergeCommit":false,"messageTitle":"Add checkstyle change","messageBody":"","fileTypesAndContributionMap":{"functional-code":{"insertions":0,"deletions":1}}},{"hash":"48d7d5e76410691e33079c09a91bca0740a527c2","isMergeCommit":false,"messageTitle":"Add checkstyle change","messageBody":"","fileTypesAndContributionMap":{"functional-code":{"insertions":0,"deletions":1}}},{"hash":"45284e6c3dadc4834710594afdc46a0177e380d6","isMergeCommit":false,"messageTitle":"Add specifications to add, close #194","messageBody":"","fileTypesAndContributionMap":{"docs":{"insertions":1,"deletions":0}}},{"hash":"91aec9cdc117704e30ffe986873ae807d0c2d765","isMergeCommit":false,"messageTitle":"Add latest prefix are used to UG. Close #220.","messageBody":"","fileTypesAndContributionMap":{"docs":{"insertions":1,"deletions":0}}},{"hash":"cc1c88c11df3645e9c96fbe7c283527002786b99","isMergeCommit":false,"messageTitle":"Add multiple contact specification. Close #227.","messageBody":"","fileTypesAndContributionMap":{"docs":{"insertions":1,"deletions":1}}},{"hash":"b461c580197dfaea0487ce81a053ee7cff249675","isMergeCommit":false,"messageTitle":"Change person to contact terminology. Close #237.","messageBody":"","fileTypesAndContributionMap":{"docs":{"insertions":57,"deletions":57}}},{"hash":"82a5fd8031591aee8354e96d0aa15beffb02c21a","isMergeCommit":false,"messageTitle":"Change person to contact terminology. Close #229.","messageBody":"","fileTypesAndContributionMap":{"docs":{"insertions":28,"deletions":28}}}]}],"Brendan8899":[{"date":"2024-09-26","commitResults":[{"hash":"c0dc5d6b0fe2f0dd37a12ca181bbfa02fbab9c5a","isMergeCommit":false,"messageTitle":"update aboutus.md with my details","messageBody":"","fileTypesAndContributionMap":{"docs":{"insertions":4,"deletions":43}}},{"hash":"d1736c4b45b87ac3bbe826611c59a50f80e9f5ef","isMergeCommit":false,"messageTitle":"update aboutus.md with my details","messageBody":"","fileTypesAndContributionMap":{"docs":{"insertions":1,"deletions":1}}},{"hash":"5a3b2baf3b7ef459597861dbc8786f1a0b2f477a","isMergeCommit":false,"messageTitle":"Add One Line to avoid Checkstyle error","messageBody":"","fileTypesAndContributionMap":{"docs":{"insertions":2,"deletions":1}}},{"hash":"fd8363a219614592715dd446b217f29be6bcd8ce","isMergeCommit":false,"messageTitle":"Add One Line to avoid Checkstyle error","messageBody":"","fileTypesAndContributionMap":{"docs":{"insertions":0,"deletions":1}}},{"hash":"a497aa74afcc2d19e3965c76c68b939b4218f7b2","isMergeCommit":true,"messageTitle":"Merge pull request #32 from tata32000/branch-update-github-actions-link","messageBody":"Branch update GitHub actions link","fileTypesAndContributionMap":{}},{"hash":"883d330d9103f05feb72260dd9ea71f91aec7187","isMergeCommit":true,"messageTitle":"Merge pull request #33 from tata32000/branch-update-github-actions-link","messageBody":"Update GitHub actions build status link","fileTypesAndContributionMap":{}},{"hash":"ee355f280678ade9f18ebd74cd2c3bc00803a02d","isMergeCommit":true,"messageTitle":"Merge pull request #34 from QuekBingHeng/branch-v1.1","messageBody":"Add README updates for steps A3 and A4","fileTypesAndContributionMap":{}}]},{"date":"2024-09-30","commitResults":[{"hash":"bdb0e745c8a5dbf7e904bf802dfb9b05b80d323d","isMergeCommit":false,"messageTitle":"Update the READ.me to customise it for SeeRee2.0","messageBody":"","fileTypesAndContributionMap":{"docs":{"insertions":8,"deletions":9}}},{"hash":"b35639d54d587767d1151b70976ae12deac25452","isMergeCommit":true,"messageTitle":"Merge pull request #35 from LimKaiWei/branch-update-dg","messageBody":"Update dg","fileTypesAndContributionMap":{}}]},{"date":"2024-10-01","commitResults":[{"hash":"d41aed4d95017246385ef95aac50561ce9bbade1","isMergeCommit":true,"messageTitle":"Merge pull request #38 from Brendan8899/SeeRee_Custom_READ.me","messageBody":"Update the READ.me to customise it for SeeRee2.0","fileTypesAndContributionMap":{}}]},{"date":"2024-10-13","commitResults":[{"hash":"615caffa7c9cbfd7144ce6a276ecf569d077ecdb","isMergeCommit":true,"messageTitle":"Merge pull request #51 from QuekBingHeng/branch-v1.2-add","messageBody":"Branch v1.2 add","fileTypesAndContributionMap":{}}]},{"date":"2024-10-16","commitResults":[{"hash":"45332fc09f3531ad7c0a786cb5fe83eb5b966097","isMergeCommit":false,"messageTitle":"New Schedule Meetings are saved upon closing of application","messageBody":"","fileTypesAndContributionMap":{"functional-code":{"insertions":812,"deletions":45},"test-code":{"insertions":40,"deletions":13}}},{"hash":"4864dc555dfd4cfebfbc62878d7225c2f78aec4a","isMergeCommit":true,"messageTitle":"Merge pull request #2 from tata32000/branch-schedule-json-fix","messageBody":"Branch schedule json fix","fileTypesAndContributionMap":{}},{"hash":"a305589f22e5634bbea8a373ef86756e7025bef7","isMergeCommit":true,"messageTitle":"Merge pull request #3 from tata32000/branch-schedule-json-fix","messageBody":"Branch schedule json fix","fileTypesAndContributionMap":{}},{"hash":"ff57f8cf9df426e908cf884f8e29be7f6f25cb9d","isMergeCommit":true,"messageTitle":"Merge pull request #4 from tata32000/branch-schedule-json-fix","messageBody":"Fix parameter in StorageManagerTest.java","fileTypesAndContributionMap":{}}]},{"date":"2024-10-17","commitResults":[{"hash":"79c6309f43f8392f32d39792b97bec13a1d5416d","isMergeCommit":true,"messageTitle":"Merge pull request #61 from jewiteo/branch-GUI","messageBody":"v1.3 - Add GUI and implement See Schedule Command","fileTypesAndContributionMap":{}},{"hash":"abdb8ea33921625c66c6522e40c724f6184f368a","isMergeCommit":true,"messageTitle":"Merge pull request #68 from jewiteo/branch-delete-schedule","messageBody":"v1.2 Add Delete Schedule Command","fileTypesAndContributionMap":{}},{"hash":"1d762fca0f0a6d6ccd082850539ccbce746afce1","isMergeCommit":true,"messageTitle":"Merge pull request #69 from LimKaiWei/branch-update-docs","messageBody":"Update user guide with new commands","fileTypesAndContributionMap":{}}]},{"date":"2024-10-21","commitResults":[{"hash":"1166ba5c161d5f0a1d52142f611a27fc35646a6e","isMergeCommit":false,"messageTitle":"Implement an automated meeting reminder for this week on App Start Up","messageBody":"","fileTypesAndContributionMap":{"functional-code":{"insertions":29,"deletions":1}}},{"hash":"2578dd71c9e5fa0b1e335d11837d5dcba7759f26","isMergeCommit":false,"messageTitle":"Fix all Checkstyle Errors","messageBody":"","fileTypesAndContributionMap":{"functional-code":{"insertions":2,"deletions":11},"test-code":{"insertions":6,"deletions":1}}},{"hash":"d0d2a81d6b34020d59ed32ddfd216f44f6e35cd6","isMergeCommit":false,"messageTitle":"Fix all Checkstyle Errors","messageBody":"","fileTypesAndContributionMap":{"functional-code":{"insertions":1,"deletions":2}}},{"hash":"450a4b6758e1162b1bf5a5182fc51d988daa5dc1","isMergeCommit":false,"messageTitle":"Remove Useless Comments","messageBody":"","fileTypesAndContributionMap":{"functional-code":{"insertions":0,"deletions":1}}}]},{"date":"2024-10-25","commitResults":[{"hash":"78150a25ee9956e26bb4a1e39fc683c29532c159","isMergeCommit":false,"messageTitle":"Initial commit now remedy Checkstyle","messageBody":"","fileTypesAndContributionMap":{"functional-code":{"insertions":206,"deletions":53},"test-code":{"insertions":11,"deletions":11}}},{"hash":"36cdb8a6002383b55776a86b65a0dc37240538af","isMergeCommit":false,"messageTitle":"All checkstyle problems are resolved","messageBody":"","fileTypesAndContributionMap":{"functional-code":{"insertions":8,"deletions":10}}},{"hash":"34f50d044caf76faa76cb713214f5e83cc556114","isMergeCommit":false,"messageTitle":"Fix Checkstyle for DG","messageBody":"","fileTypesAndContributionMap":{"docs":{"insertions":39,"deletions":35}}},{"hash":"58539900535c316d6db5c5b331b586ac2fa6d1ed","isMergeCommit":false,"messageTitle":"Fix Checkstyle for DG \u0026 json data dile","messageBody":"","fileTypesAndContributionMap":{"docs":{"insertions":2,"deletions":0}}},{"hash":"59610bc7d5798b719955a9b350de8966254d54a5","isMergeCommit":false,"messageTitle":"Add new line for DG","messageBody":"","fileTypesAndContributionMap":{"docs":{"insertions":1,"deletions":1}}},{"hash":"360692296b4f69b61a6b694685cec96531b46d90","isMergeCommit":false,"messageTitle":"Try for DG again","messageBody":"","fileTypesAndContributionMap":{"docs":{"insertions":1,"deletions":1}}}]},{"date":"2024-10-26","commitResults":[{"hash":"49b9fe912003f763f8ec0eb3dcb41836d0e84412","isMergeCommit":true,"messageTitle":"Merge pull request #110 from Brendan8899/Create-Favourite-Contact","messageBody":"Create favourite contact feature","fileTypesAndContributionMap":{}}]},{"date":"2024-10-29","commitResults":[{"hash":"4ff0cf92cf0a331ed565bb52826d01357b5726d5","isMergeCommit":false,"messageTitle":"Implement Test Cases for Favourite Command","messageBody":"","fileTypesAndContributionMap":{"functional-code":{"insertions":63,"deletions":8},"test-code":{"insertions":86,"deletions":1}}},{"hash":"a8fe519a9c4201328a57a73d41c146a3148d84a7","isMergeCommit":false,"messageTitle":"Fix all Checkstyle Problems","messageBody":"","fileTypesAndContributionMap":{"functional-code":{"insertions":8,"deletions":9}}}]},{"date":"2024-10-30","commitResults":[{"hash":"8038230561637893cf19ad9534242d127002ffe1","isMergeCommit":false,"messageTitle":"Complete the test cases for favourite attribute and favourite parser","messageBody":"","fileTypesAndContributionMap":{"functional-code":{"insertions":12,"deletions":0},"test-code":{"insertions":53,"deletions":0}}},{"hash":"59fc1991a75736cf0cc4b841963a124177bc8597","isMergeCommit":true,"messageTitle":"Merge pull request #119 from Brendan8899/Favourite_Command_Test_Complete","messageBody":"Implement Test Cases for Favourite Command","fileTypesAndContributionMap":{}}]},{"date":"2024-11-12","commitResults":[{"hash":"59c5b51cae6bae7cd0517ad3af39703cf2977ce2","isMergeCommit":false,"messageTitle":"Add UG for Invalid Date warning, Add UG for creation of Meeting for Past date, Add UG Duplicate Name, Email, Phone Number","messageBody":"","fileTypesAndContributionMap":{"functional-code":{"insertions":17,"deletions":9},"docs":{"insertions":13,"deletions":1}}},{"hash":"3bbbbba9de85ed28f0ca474199b42220fafe5337","isMergeCommit":false,"messageTitle":"Resolve Test Case error for person","messageBody":"","fileTypesAndContributionMap":{"functional-code":{"insertions":2,"deletions":1}}},{"hash":"a2d31606a3f8aaefaadde484a6f47ce920b9b1e5","isMergeCommit":false,"messageTitle":"Adapt to Teaching Guidelines","messageBody":"","fileTypesAndContributionMap":{"functional-code":{"insertions":3,"deletions":7},"docs":{"insertions":5,"deletions":4}}},{"hash":"49b98dfa9570a7b9d40234504158f79a94fbb42c","isMergeCommit":false,"messageTitle":"Update Project Portfolio","messageBody":"","fileTypesAndContributionMap":{"docs":{"insertions":23,"deletions":39}}},{"hash":"0fbdf85c2ba0f63ac56edcefd17508853c97aecb","isMergeCommit":false,"messageTitle":"Remove Unneccessary Word in UG","messageBody":"","fileTypesAndContributionMap":{"docs":{"insertions":2,"deletions":2}}},{"hash":"bcbeeb4899e8f31ba6f35a48685265d2924f7684","isMergeCommit":true,"messageTitle":"Merge branch \u0027master\u0027 into Address-Issues-raise-Dry-Run","messageBody":"","fileTypesAndContributionMap":{}},{"hash":"e339b3523118423e92a2f5b9ca42e94a2cffc596","isMergeCommit":true,"messageTitle":"Merge pull request #269 from tata32000/branch-update-ppp-non","messageBody":"Update Non\u0027s Portfolio","fileTypesAndContributionMap":{}},{"hash":"c67116d0acffd881a1039fadf82f27579e131ea9","isMergeCommit":true,"messageTitle":"Merge pull request #267 from Brendan8899/Address-Issues-raise-Dry-Run","messageBody":"Add UG for Invalid Date warning, Add UG for creation of Meeting for P…","fileTypesAndContributionMap":{}},{"hash":"7ce53eba0a75a7fc92988eaf7c6d713e3f07fc2b","isMergeCommit":true,"messageTitle":"Merge pull request #270 from jewiteo/branch-documentation","messageBody":"Update documentation of UI","fileTypesAndContributionMap":{}},{"hash":"108a2af67dcf55447cd980d6d90370304206a1e0","isMergeCommit":true,"messageTitle":"Merge pull request #268 from jewiteo/branch-bugfix","messageBody":"UI bug fix for commands not correctly updating index and details","fileTypesAndContributionMap":{}},{"hash":"3552f9b5b63a20c158d46f22e9f28175f9970375","isMergeCommit":true,"messageTitle":"Merge pull request #272 from tata32000/branch-fix-parser-edit-schedule","messageBody":"Fix edit schedule command parser exception","tags":["v1.3.0"],"fileTypesAndContributionMap":{}}]}],"LimKaiWei":[{"date":"2024-09-21","commitResults":[{"hash":"bd3b847f09cec7eb7ad6a9d0c386e9e91f69d601","isMergeCommit":true,"messageTitle":"Merge pull request #2 from AY2425S1-CS2103-F13-3/switch-docs-to-markbind","messageBody":"Update product name","fileTypesAndContributionMap":{}}]},{"date":"2024-09-26","commitResults":[{"hash":"11da4f673ee2b0e225f7d2210bcdcfc89537c3c4","isMergeCommit":false,"messageTitle":"Update AboutUs.md with kai wei\u0027s details","messageBody":"","fileTypesAndContributionMap":{"docs":{"insertions":6,"deletions":45}}},{"hash":"cc6e5512b0903b7057803a80d2ad2f774a02cf59","isMergeCommit":true,"messageTitle":"Merge branch \u0027AY2425S1-CS2103-F13-3:master\u0027 into master","messageBody":"","fileTypesAndContributionMap":{}},{"hash":"37b60d284fc34bb6da4af3d2660c6f7eaba5ce17","isMergeCommit":true,"messageTitle":"Merge branch \u0027AY2425S1-CS2103-F13-3:master\u0027 into master","messageBody":"","fileTypesAndContributionMap":{}},{"hash":"ec3105f9de418f796f1d7d06bd6a2e1664c1b42d","isMergeCommit":true,"messageTitle":"Merge branch \u0027master\u0027 of https://github.com/LimKaiWei/tp","messageBody":"","fileTypesAndContributionMap":{}},{"hash":"08b91a75122c6e5b6de77d87738ddcc2e6988fbe","isMergeCommit":true,"messageTitle":"Merge branch \u0027AY2425S1-CS2103-F13-3:master\u0027 into master","messageBody":"","fileTypesAndContributionMap":{}},{"hash":"8424d7a90b6ba0c69bcb44c88fc0194f4acf2f90","isMergeCommit":true,"messageTitle":"Merge branch \u0027master\u0027 of https://github.com/LimKaiWei/tp","messageBody":"","fileTypesAndContributionMap":{}},{"hash":"8b4f85174334357b7a9e03d5d9f2f03552acd295","isMergeCommit":false,"messageTitle":"Added user stories into dg from google documents","messageBody":"","fileTypesAndContributionMap":{"docs":{"insertions":47,"deletions":9}}}]},{"date":"2024-09-29","commitResults":[{"hash":"3b238321562f1e1ac4017007fcffb1a7d6f2d075","isMergeCommit":false,"messageTitle":"Add use cases, NFRs, and glossary terms to DG","messageBody":"","fileTypesAndContributionMap":{"docs":{"insertions":112,"deletions":7}}}]},{"date":"2024-09-30","commitResults":[{"hash":"a96d851bdea403c912e30b3bcfeb0108e48fdd78","isMergeCommit":false,"messageTitle":"Add UC2 and UC3 and codecov badges","messageBody":"","fileTypesAndContributionMap":{"docs":{"insertions":37,"deletions":6}}}]},{"date":"2024-10-08","commitResults":[{"hash":"5ecf28038df4598ea3516b59c7f0731a79aa5cb1","isMergeCommit":true,"messageTitle":"Merge branch \u0027master\u0027 of https://github.com/AY2425S1-CS2103-F13-3/tp","messageBody":"","fileTypesAndContributionMap":{}},{"hash":"7f522083cbcda9910b5c239003584a81f2d5acb7","isMergeCommit":true,"messageTitle":"Merge branch \u0027AY2425S1-CS2103-F13-3:master\u0027 into master","messageBody":"","fileTypesAndContributionMap":{}}]},{"date":"2024-10-13","commitResults":[{"hash":"48f5cf1307aa686183b38aa2df74b2936de4dcd3","isMergeCommit":false,"messageTitle":"Modify format of find command to use prefix","messageBody":"Current format does not have prefix.\n\nOther command also utilizes prefix.\n\nLet\u0027s\n- make it consistent and\n- modify format such that find use prefix n/ to search for name\n","fileTypesAndContributionMap":{"functional-code":{"insertions":26,"deletions":10},"test-code":{"insertions":5,"deletions":3}}},{"hash":"77bd7bd321fe36170055cbe9c643137765ed3ec1","isMergeCommit":false,"messageTitle":"Add test case to increase codecov","messageBody":"","fileTypesAndContributionMap":{"test-code":{"insertions":5,"deletions":0}}},{"hash":"472f62060fe980027a54559e2bd0a6a3ee844324","isMergeCommit":false,"messageTitle":"Remove unnecessary print line","messageBody":"","fileTypesAndContributionMap":{"functional-code":{"insertions":0,"deletions":1}}},{"hash":"8bc3ec316af08342f424ec02488fb6b66247b993","isMergeCommit":true,"messageTitle":"Merge pull request #53 from LimKaiWei/branch-mod-find-syntax","messageBody":"Modify format of find command to use prefix","fileTypesAndContributionMap":{}}]},{"date":"2024-10-15","commitResults":[{"hash":"499fd41645ba4e75067b83727e1fc4110a33e92d","isMergeCommit":true,"messageTitle":"Merge branch \u0027master\u0027 into branch-mod-find-syntax","messageBody":"","fileTypesAndContributionMap":{}}]},{"date":"2024-10-16","commitResults":[{"hash":"88ba15193aba5c8c3d1b39524cc5a23f2e55b642","isMergeCommit":false,"messageTitle":"Revamp predicate and add find parameter","messageBody":"Currently `NameContainsKeywordsPredicate.java` only include searching\nin name field. Currently `Find` command is limited to searching for\nnames.\n\nLet\u0027s\n- rename and improve `NameContainsKeywordsPredicate` to make it\n  search for any field.\n- modify find command and it\u0027s parser to find for name and tag\n","fileTypesAndContributionMap":{"functional-code":{"insertions":110,"deletions":52}}},{"hash":"4c1448fda2955046320ca5b1eb12288d11201024","isMergeCommit":false,"messageTitle":"Fix test cases affected by changes to `FieldContainsKeywordsPredicate`","messageBody":"","fileTypesAndContributionMap":{"functional-code":{"insertions":13,"deletions":7},"test-code":{"insertions":157,"deletions":118}}},{"hash":"08b0bfec34410eced41ade851c1936c5165e487f","isMergeCommit":false,"messageTitle":"Increase test coverage","messageBody":"","fileTypesAndContributionMap":{"functional-code":{"insertions":3,"deletions":2},"test-code":{"insertions":50,"deletions":2}}}]},{"date":"2024-10-17","commitResults":[{"hash":"d9035ab9ad23ce29b964639ef4744465f5bb1ca2","isMergeCommit":true,"messageTitle":"Merge branch \u0027AY2425S1-CS2103-F13-3:master\u0027 into branch-mod-find-syntax","messageBody":"","fileTypesAndContributionMap":{}},{"hash":"0752d50b3c9725e50c340fb6c1a3246305f603f0","isMergeCommit":false,"messageTitle":"Fix see command throwing errors","messageBody":"","fileTypesAndContributionMap":{"functional-code":{"insertions":32,"deletions":9}}},{"hash":"9f3aace07aadd8dbf0e299fe75d92120b1270d17","isMergeCommit":true,"messageTitle":"Merge branch \u0027master\u0027 into branch-v1.3-add","messageBody":"","fileTypesAndContributionMap":{}},{"hash":"fa42213e537a8f7cfce27ce6bfc3c36c94c6d4a7","isMergeCommit":true,"messageTitle":"Merge pull request #64 from QuekBingHeng/branch-v1.3-add","messageBody":"Add duplicate meeting error","fileTypesAndContributionMap":{}},{"hash":"44656c726dd9a57b1cd815878eb22cb20cd4ca60","isMergeCommit":true,"messageTitle":"Merge pull request #65 from QuekBingHeng/branch-v1.3-dg","messageBody":"v1.3: Developer guide update and invalid command error for add-schedule","fileTypesAndContributionMap":{}},{"hash":"fdc5dbd64d447e9390e201f4dd2272c39f594a5d","isMergeCommit":false,"messageTitle":"Update user guide with new commands","messageBody":"","fileTypesAndContributionMap":{"docs":{"insertions":68,"deletions":12}}},{"hash":"364f969a26e56f78cb891692a77fc376d41ec71f","isMergeCommit":true,"messageTitle":"Merge pull request #72 from tata32000/branch-1.3-schedule-unit-testing","messageBody":"Branch 1.3 schedule unit testing","fileTypesAndContributionMap":{}},{"hash":"d43a4173229bf7af1dae0b2847f7feac0a3ab3b7","isMergeCommit":true,"messageTitle":"Merge pull request #74 from tata32000/branch-1.3-fix-edit-schedule-message-usage","messageBody":"1.3 fix edit schedule message usage","tags":["v1.0.0-MVP"],"fileTypesAndContributionMap":{}}]},{"date":"2024-10-21","commitResults":[{"hash":"ced01b82f324ea185e553235f8127eaf0e3fd5d2","isMergeCommit":false,"messageTitle":"Add uid field for Person","messageBody":"Added new constructor which takes in additional uid field.\nFix edit command.\nFix saving of uid to json.\n","fileTypesAndContributionMap":{"functional-code":{"insertions":39,"deletions":3}}},{"hash":"f7698936fce4655e856fd0c8da89288b0bde559d","isMergeCommit":false,"messageTitle":"Amend meeting storing of contacts field","messageBody":"Currently meeting stores array of int.\nAlso contact index was parsed as a single int, but made into an\narray for meeting constructor.\n","fileTypesAndContributionMap":{"functional-code":{"insertions":60,"deletions":33}}},{"hash":"7fdf4071fa371ca6333de12871dbbc68386e3cd8","isMergeCommit":false,"messageTitle":"Fix checkstyle and test cases","messageBody":"Also added some coverage to `FileUtil`\n","fileTypesAndContributionMap":{"functional-code":{"insertions":8,"deletions":7},"test-code":{"insertions":70,"deletions":15}}},{"hash":"f3be72ee5d5d0b1615ea391c08095ccc20b28b5c","isMergeCommit":false,"messageTitle":"Fix checkstyle","messageBody":"","fileTypesAndContributionMap":{"test-code":{"insertions":1,"deletions":1}}},{"hash":"1ba4f066fbeb6c3fc1789e05c783429e654ac239","isMergeCommit":true,"messageTitle":"Merge pull request #80 from Brendan8899/Weekly-Meeting_Reminder","messageBody":"Implement an automated meeting reminder for this week on App Start Up","fileTypesAndContributionMap":{}},{"hash":"485541009a0e5c88dfc06ac2873e79f9ddd9d214","isMergeCommit":true,"messageTitle":"Merge remote-tracking branch \u0027team_tp_repo/master\u0027 into feature-uid","messageBody":"# Conflicts:\n#\tsrc/test/java/seedu/address/logic/commands/AddCommandTest.java\n","fileTypesAndContributionMap":{}},{"hash":"f8a668e3d5d26fe341c23a67a11275e197592904","isMergeCommit":true,"messageTitle":"Merge pull request #79 from LimKaiWei/feature-uid","messageBody":"UID for Person","fileTypesAndContributionMap":{}},{"hash":"4bea207666ed5534a0884a57d3d069d4459d119d","isMergeCommit":false,"messageTitle":"Implement checks before contact delete","messageBody":"","fileTypesAndContributionMap":{"functional-code":{"insertions":36,"deletions":0}}},{"hash":"be668665b80cae534f31125c74aa85b81e2e9ad3","isMergeCommit":false,"messageTitle":"Fix checkstyle and test stub","messageBody":"","fileTypesAndContributionMap":{"functional-code":{"insertions":14,"deletions":8},"test-code":{"insertions":5,"deletions":0}}},{"hash":"77fbe8b6e7027cbe403de3521fb8f795e93551e1","isMergeCommit":true,"messageTitle":"Merge pull request #83 from LimKaiWei/feature-uid","messageBody":"delete command to check if contact exist in schedue","fileTypesAndContributionMap":{}}]},{"date":"2024-10-22","commitResults":[{"hash":"e475dc1f39cedbec8d590c2e2edf6806a92a3265","isMergeCommit":true,"messageTitle":"Merge pull request #85 from tata32000/branch-edit-schedule-throwing-exception","messageBody":"Fix: Edit Schedule throw exception and fix optional fields","fileTypesAndContributionMap":{}}]},{"date":"2024-10-23","commitResults":[{"hash":"3292b32934e0c9ba45a7efcc4d0ec96edf5aa48d","isMergeCommit":false,"messageTitle":"Implement `meeting-contacts` command","messageBody":"","fileTypesAndContributionMap":{"functional-code":{"insertions":134,"deletions":7},"test-code":{"insertions":6,"deletions":0}}},{"hash":"9b6bef00d3958b11b197425e8957270fa6b73a31","isMergeCommit":true,"messageTitle":"Merge pull request #89 from LimKaiWei/feature-meeting-contacts","messageBody":"Implement `meeting-contacts` command","fileTypesAndContributionMap":{}},{"hash":"814052cd6de5f22ee8b0ecd7354e88f15e3c5c2a","isMergeCommit":false,"messageTitle":"Implement backup feature for corrupted schedule json","messageBody":"","fileTypesAndContributionMap":{"functional-code":{"insertions":66,"deletions":7}}},{"hash":"4ba485cfcf74a222a308d1c807930447cf12cd58","isMergeCommit":false,"messageTitle":"Implement backup feature for corrupted addressbook json and checkstyling","messageBody":"","fileTypesAndContributionMap":{"functional-code":{"insertions":58,"deletions":11},"test-code":{"insertions":27,"deletions":25}}},{"hash":"709c9a1667a0662f95cec4647052468de478ff31","isMergeCommit":false,"messageTitle":"Enable assertions in build file","messageBody":"","fileTypesAndContributionMap":{"other":{"insertions":4,"deletions":0}}},{"hash":"6ef815f5291d22d9f2357aff1bf0fc01936023b8","isMergeCommit":false,"messageTitle":"Update docs include UML diagram","messageBody":"","fileTypesAndContributionMap":{"docs":{"insertions":66,"deletions":0}}},{"hash":"eafab85f3b278c66afc2341ff00c049e2775354b","isMergeCommit":true,"messageTitle":"Merge pull request #93 from QuekBingHeng/branch-v1.4-add","messageBody":"Add multiple contact indexes to add-schedule","fileTypesAndContributionMap":{}},{"hash":"ade2d9f13dcba21d71e13713173db71524d0fe1f","isMergeCommit":false,"messageTitle":"Implement sample data for schedule for new users","messageBody":"","fileTypesAndContributionMap":{"functional-code":{"insertions":63,"deletions":2}}}]},{"date":"2024-10-24","commitResults":[{"hash":"e523e93b636a30b4863201cb6216fa8d6ce7e5bb","isMergeCommit":true,"messageTitle":"Merge pull request #97 from LimKaiWei/enhance-schedule-sampledata","messageBody":"Implement sample data for schedule for new users","fileTypesAndContributionMap":{}},{"hash":"47fdf8160db8091f17017d257436b1e66ec7f707","isMergeCommit":true,"messageTitle":"Merge pull request #98 from jewiteo/branch-GUI","messageBody":"Implement Daily Schedule List","fileTypesAndContributionMap":{}},{"hash":"dd915e6158061962f11a341135b41bee93b48da5","isMergeCommit":true,"messageTitle":"Merge pull request #95 from QuekBingHeng/branch-v1.4-help","messageBody":"Add schedule commands into help command","fileTypesAndContributionMap":{}},{"hash":"149b44c47eb5bc9bd1290bfa49b3e748530ba094","isMergeCommit":true,"messageTitle":"Merge pull request #100 from QuekBingHeng/branch-v1.4-uml","messageBody":"Add UML sequence diagram and assertion to add-schedule","fileTypesAndContributionMap":{}},{"hash":"aacc120684f77e142beb46d5a5f0ee9b64aa8044","isMergeCommit":false,"messageTitle":"Fix empty addressbook attempting to create sample schedule list","messageBody":"","fileTypesAndContributionMap":{"functional-code":{"insertions":6,"deletions":2}}},{"hash":"7c7af1fdc792f1d7475facff0fc827b66d6b3edc","isMergeCommit":true,"messageTitle":"Merge pull request #108 from tata32000/branch-update-user-guide-link","messageBody":"Update user guide link","fileTypesAndContributionMap":{}},{"hash":"1d12573674742c494e8033ac30739f97e22fe27d","isMergeCommit":true,"messageTitle":"Merge pull request #107 from tata32000/branch-add-edit-schedule-sequence-diagram","messageBody":"Add edit schedule sequence diagram","fileTypesAndContributionMap":{}},{"hash":"dfcbe62229d337f57c20b56d6bba9c25f64872d6","isMergeCommit":true,"messageTitle":"Merge pull request #102 from tata32000/branch-enhance-edit-schedule-command","messageBody":"Fix Edit Schedule to support contact deletion","tags":["v1.1.0-Alpha"],"fileTypesAndContributionMap":{}}]},{"date":"2024-10-25","commitResults":[{"hash":"d76ce3d2417d82180174f3d7ab55b10941837851","isMergeCommit":false,"messageTitle":"Change output build jar file name and app title","messageBody":"","fileTypesAndContributionMap":{"functional-code":{"insertions":1,"deletions":1},"other":{"insertions":1,"deletions":1}}}]},{"date":"2024-10-30","commitResults":[{"hash":"ac7b1acd3b26608703c326fcabedbbef5bb794f7","isMergeCommit":true,"messageTitle":"Merge pull request #120 from tata32000/branch-unit-test-edit-schedule","messageBody":"Unit test edit schedule command","fileTypesAndContributionMap":{}},{"hash":"68c2cd95dab1226018ebc74403ebf1605dce54b1","isMergeCommit":true,"messageTitle":"Merge pull request #122 from Brendan8899/Test_Favourite_Attribute_and_Favourite_Parser","messageBody":"Test favourite attribute and favourite parser","fileTypesAndContributionMap":{}}]},{"date":"2024-10-31","commitResults":[{"hash":"b16b7c151118baf10679342fa460ba3bea93392b","isMergeCommit":false,"messageTitle":"Test coverage for meeting-contacts command and parser and delete classes","messageBody":"","fileTypesAndContributionMap":{"functional-code":{"insertions":14,"deletions":0},"test-code":{"insertions":173,"deletions":8}}},{"hash":"fe915974314884dc975f37a3fc0b9965c369a380","isMergeCommit":false,"messageTitle":"Fix checkstyle","messageBody":"","fileTypesAndContributionMap":{"test-code":{"insertions":3,"deletions":3}}},{"hash":"ed901067793ac23a72b5026025a4e2692965030b","isMergeCommit":false,"messageTitle":"Fix test coverage gaps previous commit and jsonadpatedmeeting class","messageBody":"","fileTypesAndContributionMap":{"test-code":{"insertions":109,"deletions":0}}},{"hash":"d21eb691c40541d2a6c4b65bdf5770a99a075003","isMergeCommit":true,"messageTitle":"Merge pull request #123 from LimKaiWei/branch-chores","messageBody":"Test coverage for meeting-contacts command and parser and delete classes","fileTypesAndContributionMap":{}}]},{"date":"2024-11-01","commitResults":[{"hash":"96a404275d4c1379f0b4ae30d4ed90647af4252e","isMergeCommit":false,"messageTitle":"Change behavior for generating sample scheudlelist","messageBody":"","fileTypesAndContributionMap":{"functional-code":{"insertions":26,"deletions":8}}},{"hash":"a6e849c7cff278140b04278af54523ac4d01bfd9","isMergeCommit":false,"messageTitle":"Update DG for loading schedule list","messageBody":"","fileTypesAndContributionMap":{"docs":{"insertions":28,"deletions":0}}},{"hash":"55cbe96ee111bc787cff46e192d8c5f496c9bf6b","isMergeCommit":false,"messageTitle":"Fix checkstyle","messageBody":"","fileTypesAndContributionMap":{"docs":{"insertions":4,"deletions":4}}},{"hash":"6dc204ed16dbcc647e619445493a36d2b2beae87","isMergeCommit":true,"messageTitle":"Merge pull request #125 from LimKaiWei/bug-fixing","messageBody":"Fix sample schedule list implementation behvaiour","fileTypesAndContributionMap":{}},{"hash":"c336f92b0dcffa898831feff3ab3807308b555d1","isMergeCommit":false,"messageTitle":"Test coverage for Meeting stuff, remove unused code","messageBody":"","fileTypesAndContributionMap":{"functional-code":{"insertions":0,"deletions":17},"test-code":{"insertions":374,"deletions":0}}},{"hash":"46e30feb26d0e88efe1269fc429993e250a98194","isMergeCommit":false,"messageTitle":"Test coverage for ScheduleList and meeting components","messageBody":"","fileTypesAndContributionMap":{"functional-code":{"insertions":17,"deletions":53},"test-code":{"insertions":220,"deletions":0}}},{"hash":"38785e57e3f3abc3ab890d32f83054e357d390e0","isMergeCommit":false,"messageTitle":"Fix checkstyle","messageBody":"","fileTypesAndContributionMap":{"test-code":{"insertions":5,"deletions":4}}},{"hash":"e7831062803d9e16145335b8099569213218f589","isMergeCommit":false,"messageTitle":"Update command summary and help window and add `meeting-contacts` in UG","messageBody":"","fileTypesAndContributionMap":{"functional-code":{"insertions":0,"deletions":1},"docs":{"insertions":33,"deletions":9}}},{"hash":"0859bdecd822da5e2d134a5c0eb6f0922b8cca1e","isMergeCommit":true,"messageTitle":"Merge pull request #128 from LimKaiWei/branch-update-docs","messageBody":"Update command summary and help window and add `meeting-contacts` in UG","fileTypesAndContributionMap":{}}]},{"date":"2024-11-02","commitResults":[{"hash":"8c753d69e083212ee66b32fb89115e9aa30900ac","isMergeCommit":true,"messageTitle":"Merge pull request #134 from QuekBingHeng/branch-v1.5-ug","messageBody":"[UG] Add user guide changes","fileTypesAndContributionMap":{}},{"hash":"6b2c12436abbea79ca401653b7b23a0d8f7ae1fb","isMergeCommit":true,"messageTitle":"Merge pull request #131 from QuekBingHeng/branch-v1.5-addTest","messageBody":"v1.5: Add schedule command and parser tests","fileTypesAndContributionMap":{}}]},{"date":"2024-11-05","commitResults":[{"hash":"33a0b5fcbd080ae5a777191a1f12e94754a11e14","isMergeCommit":false,"messageTitle":"Update version number","messageBody":"","fileTypesAndContributionMap":{"functional-code":{"insertions":1,"deletions":1}}},{"hash":"64ec1ee8ade2211ec091ba2a098cc689f0384e86","isMergeCommit":false,"messageTitle":"Fix `see` command not catching datetimeparser exceptions","messageBody":"","fileTypesAndContributionMap":{"functional-code":{"insertions":10,"deletions":8}}}]},{"date":"2024-11-06","commitResults":[{"hash":"00dcb5660ae4c7a529ef4c585b6039e143fd929f","isMergeCommit":true,"messageTitle":"Merge pull request #140 from LimKaiWei/bug-fixing","messageBody":"Fix `see` command not catching datetimeparse exceptions","fileTypesAndContributionMap":{}},{"hash":"456f8dba5b52070de70173fe53f5b5bf814d8104","isMergeCommit":true,"messageTitle":"Merge pull request #137 from jewiteo/branch-DG","messageBody":"Update UML Diagrams and DG for delete schedule and UI","fileTypesAndContributionMap":{}},{"hash":"c2f0b354aabd46ec7e872e344a1bdfb68ed7021c","isMergeCommit":false,"messageTitle":"Test coverage for seeschedule, seeallschedule, and addressbookparser","messageBody":"","fileTypesAndContributionMap":{"functional-code":{"insertions":13,"deletions":3},"test-code":{"insertions":195,"deletions":0}}},{"hash":"e87c68df6304924d6366c8e0e3ddece263023156","isMergeCommit":false,"messageTitle":"Add ignore ui codecov","messageBody":"","fileTypesAndContributionMap":{"other":{"insertions":2,"deletions":0}}},{"hash":"ba958c5c445089b4db7b5dfdd08b94fd268f398d","isMergeCommit":true,"messageTitle":"Merge pull request #146 from LimKaiWei/branch-chores","messageBody":"Add ignore ui codecov","fileTypesAndContributionMap":{}},{"hash":"fb0508e44639939c81dacda1d35d0de93ca148ad","isMergeCommit":true,"messageTitle":"Merge pull request #145 from LimKaiWei/branch-testing","messageBody":"Test coverage for seeschedule, seeallschedule, and addressbookparser","fileTypesAndContributionMap":{}},{"hash":"78f457b360fd758500208d12402e545192cf528e","isMergeCommit":false,"messageTitle":"Fix spelling error","messageBody":"","fileTypesAndContributionMap":{"other":{"insertions":1,"deletions":1}}},{"hash":"00fd05a03e4cead85b897ef6a2a20445f36ae332","isMergeCommit":true,"messageTitle":"Merge pull request #149 from tata32000/branch-fix-edit-schedule-duplicate-bug","messageBody":"Fix edit schedule duplicate bug","fileTypesAndContributionMap":{}},{"hash":"a69ceb43c05605c5184d6525520c4decba02d0e6","isMergeCommit":true,"messageTitle":"Merge pull request #147 from LimKaiWei/branch-chores","messageBody":"Fix spelling error","fileTypesAndContributionMap":{}},{"hash":"61a8882069ebddc9a8a290d88cb04e4a4c9d316b","isMergeCommit":false,"messageTitle":"Test coverage for jsonschedulestorage and storagemanager","messageBody":"","fileTypesAndContributionMap":{"functional-code":{"insertions":1,"deletions":1},"test-code":{"insertions":138,"deletions":0}}}]},{"date":"2024-11-07","commitResults":[{"hash":"6730a1b5f08fabb3ef2847c26aa29ed7bcba92f9","isMergeCommit":false,"messageTitle":"Fix checkstyle","messageBody":"","fileTypesAndContributionMap":{"test-code":{"insertions":8,"deletions":15}}},{"hash":"b4667339c7166fc1452b99f50a88f9683164e489","isMergeCommit":false,"messageTitle":"Fix CI failing on file path assertion","messageBody":"","fileTypesAndContributionMap":{"test-code":{"insertions":1,"deletions":1}}},{"hash":"daa7c0ea8cb6c2e39c59c58f425448110707f74c","isMergeCommit":true,"messageTitle":"Merge pull request #156 from jewiteo/branch-test-coverage","messageBody":"Unit Testing for Delete Schedule Command and Delete Schedule Command Parser","fileTypesAndContributionMap":{}},{"hash":"b53288290991c927e85ee487f7e2aabad0fa777c","isMergeCommit":false,"messageTitle":"Update docs missing links to tutorial and aboutme page","messageBody":"","fileTypesAndContributionMap":{"docs":{"insertions":23,"deletions":36}}},{"hash":"4d7fcb383a8cadf009108e1c638ce9a66ab76edb","isMergeCommit":false,"messageTitle":"Fix links","messageBody":"","fileTypesAndContributionMap":{"docs":{"insertions":2,"deletions":2}}},{"hash":"048125f95a4f187baf3e2f0da99609c962753c8d","isMergeCommit":false,"messageTitle":"Fix test cases due to meeting conflict conditions changing","messageBody":"","fileTypesAndContributionMap":{"test-code":{"insertions":2,"deletions":1}}},{"hash":"9217fae42e2dc7a1ae6a0dffa0fb9727fa06346f","isMergeCommit":true,"messageTitle":"Merge pull request #170 from tata32000/branch-fix-wildcard-import","messageBody":"Fix wildcard import","tags":["v1.2.0"],"fileTypesAndContributionMap":{}}]},{"date":"2024-11-08","commitResults":[{"hash":"48c3799665573f41fbcc128aa37fef82bee52797","isMergeCommit":false,"messageTitle":"Update DG diagrams","messageBody":"","fileTypesAndContributionMap":{"docs":{"insertions":38,"deletions":5}}},{"hash":"a39d1253c885918e2f86a197dca6e58e8292e473","isMergeCommit":false,"messageTitle":"Test coverage for multiple more classes","messageBody":"","fileTypesAndContributionMap":{"test-code":{"insertions":124,"deletions":22}}}]},{"date":"2024-11-11","commitResults":[{"hash":"6014d08d541226650cbf003f8dab71afe60b058b","isMergeCommit":false,"messageTitle":"Fix multiple UG and DG bugs","messageBody":"","fileTypesAndContributionMap":{"docs":{"insertions":74,"deletions":30}}},{"hash":"91a13fdf68a48d86301b3f07e62d45730fab1958","isMergeCommit":true,"messageTitle":"Merge pull request #171 from LimKaiWei/branch-update-docs","messageBody":"Update DG diagrams","fileTypesAndContributionMap":{}},{"hash":"5ac922aaf6792fe4b5235fb62021da663ea8babb","isMergeCommit":true,"messageTitle":"Merge pull request #178 from LimKaiWei/branch-chores","messageBody":"Test coverage for multiple more classes","fileTypesAndContributionMap":{}},{"hash":"5cd4b51e5fc77ea834ba58906e08b0ce6d544f2a","isMergeCommit":false,"messageTitle":"Fix `meeting-contacts` error message formatting not on new line","messageBody":"","fileTypesAndContributionMap":{"functional-code":{"insertions":2,"deletions":2}}},{"hash":"bbe4eeda999ddf3ac6e22017277697ab703452dd","isMergeCommit":false,"messageTitle":"Include planned enhancements in DG appendix section","messageBody":"","fileTypesAndContributionMap":{"docs":{"insertions":14,"deletions":0}}},{"hash":"afd25b34c4bb09995278a18b4d36f798b31179e3","isMergeCommit":false,"messageTitle":"Fix message formatting and not showing favourite set to true","messageBody":"","fileTypesAndContributionMap":{"functional-code":{"insertions":11,"deletions":7},"test-code":{"insertions":3,"deletions":1}}},{"hash":"b4bcbf9539fbf0af2df2a37b2087625e639e4a37","isMergeCommit":true,"messageTitle":"Merge branch \u0027AY2425S1-CS2103-F13-3:master\u0027 into bug-fixing","messageBody":"","fileTypesAndContributionMap":{}},{"hash":"ea508c801cc199e2fc75ee3d92749a471f10bccd","isMergeCommit":false,"messageTitle":"Fix `meeting-contacts` error message formatting not on new line","messageBody":"","fileTypesAndContributionMap":{"functional-code":{"insertions":2,"deletions":2}}},{"hash":"af57f5714b3ca677587ee34ef14a290716a110a6","isMergeCommit":true,"messageTitle":"Merge pull request #265 from QuekBingHeng/branch-v1.6-issues","messageBody":"Add duplicate detection for contact indices","fileTypesAndContributionMap":{}},{"hash":"f6c84114693374e69181e1e2f1301389c33da619","isMergeCommit":true,"messageTitle":"Merge pull request #261 from LimKaiWei/bug-fixing","messageBody":"Fix `meeting-contacts` error message formatting not on new line typo","fileTypesAndContributionMap":{}},{"hash":"daad8e1bfcd9ed7917fb7b27667d05cb84b54625","isMergeCommit":true,"messageTitle":"Merge pull request #260 from tata32000/branch-add-error-message-edit-schedule","messageBody":"Add error message edit schedule when contact list is empty","fileTypesAndContributionMap":{}}]},{"date":"2024-11-12","commitResults":[{"hash":"306977158dfa29477f2484525eeac777e0febd70","isMergeCommit":true,"messageTitle":"Merge pull request #271 from tata32000/branch-update-clear-ug-dg","messageBody":"Update clear command description in UG and DG","fileTypesAndContributionMap":{}}]}],"jewiteo":[{"date":"2024-09-26","commitResults":[{"hash":"cc7d44d7ac97ac94b5eba0905e7c8909e521e616","isMergeCommit":false,"messageTitle":"Update About Us page with Jewi\u0027s details","messageBody":"","fileTypesAndContributionMap":{"docs":{"insertions":0,"deletions":46}}},{"hash":"2721ba784861e3439ae84b0c487d4f3bdbb0665b","isMergeCommit":false,"messageTitle":"Update AboutUs Page with Jewi\u0027s details","messageBody":"","fileTypesAndContributionMap":{"docs":{"insertions":52,"deletions":42}}},{"hash":"dab729a75b1470013789b10ea995302ea127fb7f","isMergeCommit":false,"messageTitle":"Update the AboutUs Page with Jewi\u0027s details","messageBody":"","fileTypesAndContributionMap":{"docs":{"insertions":1,"deletions":1}}}]},{"date":"2024-10-16","commitResults":[{"hash":"8e0c09fb04231490e5b3b2a77b82bac1fefcb64f","isMergeCommit":false,"messageTitle":"Add delete-schedule command, implementation still WIP","messageBody":"","fileTypesAndContributionMap":{"functional-code":{"insertions":113,"deletions":10}}},{"hash":"badadd315fc6156f24d89052c03b3cc888e9cb49","isMergeCommit":true,"messageTitle":"Merge branch \u0027master\u0027 into branch-GUI","messageBody":"","fileTypesAndContributionMap":{}}]},{"date":"2024-10-17","commitResults":[{"hash":"352ec9608e5b978175c7214316f0c7b51af89997","isMergeCommit":false,"messageTitle":"Add view of weekly task and implement see schedule command","messageBody":"","fileTypesAndContributionMap":{"functional-code":{"insertions":356,"deletions":30},"test-code":{"insertions":10,"deletions":0}}},{"hash":"9e328a73e6d5bd7ba5f16731a1e126286744513b","isMergeCommit":true,"messageTitle":"Merge changes to branch-delete-schedule","messageBody":"","fileTypesAndContributionMap":{}},{"hash":"9e5401bcac20575fbdc2243bfc8c16f9b0646e9f","isMergeCommit":false,"messageTitle":"Add delete schedule command","messageBody":"","fileTypesAndContributionMap":{"functional-code":{"insertions":12,"deletions":5}}},{"hash":"3e5ed619f87a399922a544778254bac2d167e260","isMergeCommit":true,"messageTitle":"Merge branch \u0027master\u0027 into branch-delete-schedule","messageBody":"","fileTypesAndContributionMap":{}},{"hash":"c71195625b1aba735b2f9d7330ba33ac5f32e46b","isMergeCommit":false,"messageTitle":"Fix code to follow check style","messageBody":"","fileTypesAndContributionMap":{"functional-code":{"insertions":9,"deletions":17}}}]},{"date":"2024-10-23","commitResults":[{"hash":"0b2fb787ee9059a43e07e181341acd622455df41","isMergeCommit":false,"messageTitle":"Add rows to show daily schedule in GUI","messageBody":"","fileTypesAndContributionMap":{"functional-code":{"insertions":128,"deletions":17}}},{"hash":"55abe026fbfe681d27612e6f5866adcee21892e8","isMergeCommit":false,"messageTitle":"Fix checkstyle errors","messageBody":"","fileTypesAndContributionMap":{"functional-code":{"insertions":14,"deletions":18}}}]},{"date":"2024-11-04","commitResults":[{"hash":"a6277732e2c1a0d50e924596ff9f1c4abfb49d61","isMergeCommit":false,"messageTitle":"Add and updated UML diagrams.","messageBody":"","fileTypesAndContributionMap":{"docs":{"insertions":93,"deletions":1}}},{"hash":"6222f479c0069fc44e1d37ebca367b5a0975385d","isMergeCommit":true,"messageTitle":"Merge branch \u0027master\u0027 into branch-DG","messageBody":"","fileTypesAndContributionMap":{}}]},{"date":"2024-11-05","commitResults":[{"hash":"d43ff995a08949a71e7b8ec7865f3220bdf071ee","isMergeCommit":false,"messageTitle":"Update DG to include delete schedule and also include manual test cases for deleting schedule","messageBody":"","fileTypesAndContributionMap":{"docs":{"insertions":37,"deletions":8}}},{"hash":"aef2c62a4ecb999a477d29bc56bc6b7bc14a2bdf","isMergeCommit":false,"messageTitle":"Refactor code that handles logic in UI to the correct respective class","messageBody":"","fileTypesAndContributionMap":{"functional-code":{"insertions":66,"deletions":35},"test-code":{"insertions":8,"deletions":2}}},{"hash":"477c9bb91efea158baed4c6fb45739c1366c796e","isMergeCommit":false,"messageTitle":"Bug fix: separate associated contacts in meetings","messageBody":"","fileTypesAndContributionMap":{"functional-code":{"insertions":14,"deletions":0}}}]},{"date":"2024-11-06","commitResults":[{"hash":"df5958fc9a7428eb7a27926f6188dc271c717d60","isMergeCommit":false,"messageTitle":"Adjust UI style and show current week of schedule on display","messageBody":"","fileTypesAndContributionMap":{"functional-code":{"insertions":106,"deletions":28},"test-code":{"insertions":6,"deletions":0}}},{"hash":"bcde93c94cb609e1252630895a6332398e6a31c5","isMergeCommit":true,"messageTitle":"Merge branch \u0027master\u0027 into branch-UI","messageBody":"","fileTypesAndContributionMap":{}},{"hash":"2439bdd411150f88e93f7455bd6f14645e61c0a9","isMergeCommit":true,"messageTitle":"Merge branch \u0027master\u0027 into branch-UI","messageBody":"","fileTypesAndContributionMap":{}},{"hash":"9ec10e48f0469b65c3c442e34cacbd245d9b8ba3","isMergeCommit":false,"messageTitle":"Bug fix for UI that limits length of name","messageBody":"","fileTypesAndContributionMap":{"functional-code":{"insertions":5,"deletions":1}}},{"hash":"effde7bb2af880806458707b862f8a64a0084382","isMergeCommit":false,"messageTitle":"Fix Wildcard import statements","messageBody":"","fileTypesAndContributionMap":{"functional-code":{"insertions":8,"deletions":4}}},{"hash":"c71639e2004d1577743bc74fedbdad99966d705f","isMergeCommit":false,"messageTitle":"Fix Checkstyle errors","messageBody":"","fileTypesAndContributionMap":{"functional-code":{"insertions":3,"deletions":3}}},{"hash":"e70868dad89ca52d43fc586f8a8985ecce9b8c97","isMergeCommit":true,"messageTitle":"Merge branch \u0027master\u0027 into branch-test-coverage","messageBody":"","fileTypesAndContributionMap":{}}]},{"date":"2024-11-07","commitResults":[{"hash":"e707f1736aeba65f951d6d6aeb45c1c1f3c7cf43","isMergeCommit":false,"messageTitle":"Add test coverage for delete schedule and delete schedule parser","messageBody":"","fileTypesAndContributionMap":{"functional-code":{"insertions":24,"deletions":7},"test-code":{"insertions":172,"deletions":1}}},{"hash":"33f10df8ca65a283d4358e97044b8bfbb9c33a06","isMergeCommit":false,"messageTitle":"Add test coverage for addressBook","messageBody":"","fileTypesAndContributionMap":{"test-code":{"insertions":27,"deletions":0}}},{"hash":"9a2eea9ae38e8b6447d7abc85f56e509bf520826","isMergeCommit":false,"messageTitle":"Add star to UI for favourite contacts","messageBody":"","fileTypesAndContributionMap":{"functional-code":{"insertions":33,"deletions":12}}},{"hash":"f0be2193101605eb1bc0f01bec58c358ba2b32ae","isMergeCommit":true,"messageTitle":"Merge pull request #141 from tata32000/branch-unit-test-edit-schedule-command-parser","messageBody":"Add Edit schedule to DG","fileTypesAndContributionMap":{}},{"hash":"dc6c62bb8839b6f9626c65b8dc26a028b5915c37","isMergeCommit":true,"messageTitle":"Merge branch \u0027master\u0027 into branch-UI","messageBody":"","fileTypesAndContributionMap":{}},{"hash":"fea461b8a2c9bb0f3943b5cd8a51c232524f5764","isMergeCommit":true,"messageTitle":"Merge branch \u0027master\u0027 into branch-test-coverage","messageBody":"","fileTypesAndContributionMap":{}},{"hash":"4b4900e381fa4617e314f5aec8ca103350f77d69","isMergeCommit":false,"messageTitle":"Update UG","messageBody":"","fileTypesAndContributionMap":{"docs":{"insertions":45,"deletions":41}}},{"hash":"2656d5e3ae380cf8b5e39fb0153fabbf56a5ece7","isMergeCommit":false,"messageTitle":"Update UG to include favourite command and update example photos","messageBody":"","fileTypesAndContributionMap":{"docs":{"insertions":25,"deletions":14}}},{"hash":"10719c7b98a7235a6d29ca4c0731b19f71ac4ce9","isMergeCommit":false,"messageTitle":"Update UG for meeting-contacts","messageBody":"","fileTypesAndContributionMap":{"docs":{"insertions":2,"deletions":2}}},{"hash":"8b4d62442cb1412cbbacd77dda698d79a8405bd9","isMergeCommit":true,"messageTitle":"Merge pull request #161 from jewiteo/branch-UG","messageBody":"[UG] Add Favourite Contact and Update Example Images","fileTypesAndContributionMap":{}},{"hash":"c1e5c02f602032bd1d27c34fd59eedb04cffdab5","isMergeCommit":true,"messageTitle":"Merge branch \u0027master\u0027 into branch-UI","messageBody":"","fileTypesAndContributionMap":{}}]},{"date":"2024-11-11","commitResults":[{"hash":"3d1fd5f64e124721060ec8a7ab6d933d309b00c8","isMergeCommit":false,"messageTitle":"Fix bug where Ui does not update indexes of all meetings and not reflect change in name","messageBody":"","fileTypesAndContributionMap":{"functional-code":{"insertions":8,"deletions":4}}},{"hash":"f8433aabdc50e1e89289cc8bb313838f0bb62614","isMergeCommit":true,"messageTitle":"Merge branch \u0027master\u0027 into branch-bugfix","messageBody":"","fileTypesAndContributionMap":{}}]},{"date":"2024-11-12","commitResults":[{"hash":"9bb37e935e34b6ebd30cdb1d22cf93cedf35e31f","isMergeCommit":true,"messageTitle":"Merge branch \u0027master\u0027 into branch-bugfix","messageBody":"","fileTypesAndContributionMap":{}},{"hash":"2ae23cec580be57bb7e23235538bf02bfacf4da5","isMergeCommit":false,"messageTitle":"Bug fix for showing meetings on same date with different years","messageBody":"","fileTypesAndContributionMap":{"functional-code":{"insertions":2,"deletions":1}}},{"hash":"a8e1fea9403e9a977c0f2b3bd03f8d836fb5a22b","isMergeCommit":false,"messageTitle":"Add test coverage for change to predicate","messageBody":"","fileTypesAndContributionMap":{"test-code":{"insertions":4,"deletions":0}}},{"hash":"6e9f39abe7b205ddb11ebec9844fc47cc8ce081a","isMergeCommit":true,"messageTitle":"Merge pull request #266 from QuekBingHeng/branch-v1.6-issues","messageBody":"UG and DG issues","fileTypesAndContributionMap":{}},{"hash":"8ef2bfb7cf9984d9cba13e23e9f30acb8334f778","isMergeCommit":true,"messageTitle":"Merge branch \u0027master\u0027 into branch-bugfix","messageBody":"","fileTypesAndContributionMap":{}},{"hash":"cce575133e2b0ba153170a4126630dd1dcf0d5fe","isMergeCommit":true,"messageTitle":"Merge branch \u0027master\u0027 into branch-bugfix","messageBody":"","fileTypesAndContributionMap":{}},{"hash":"86f2e3e7a1d1ea058559f64f4e401ba9f2b17b1c","isMergeCommit":false,"messageTitle":"Update jewiteo profile to reflect contribution to project","messageBody":"","fileTypesAndContributionMap":{"docs":{"insertions":19,"deletions":31}}},{"hash":"f867f7d42e1e934d290ee5be93854cb44e11d4cd","isMergeCommit":false,"messageTitle":"Update DG and UG for enhancements and known issues","messageBody":"","fileTypesAndContributionMap":{"docs":{"insertions":18,"deletions":5}}},{"hash":"c79818474f9f5239f12307b714b09c79796b2296","isMergeCommit":false,"messageTitle":"Update DG to remove archiving as a proposed feature","messageBody":"","fileTypesAndContributionMap":{"docs":{"insertions":0,"deletions":7}}}]}]},"authorFileTypeContributionMap":{"tata32000":{"docs":237,"functional-code":732,"test-code":605},"QuekBingHeng":{"docs":135,"functional-code":197,"test-code":159},"Brendan8899":{"docs":50,"functional-code":896,"test-code":188},"LimKaiWei":{"docs":471,"functional-code":668,"test-code":1609,"other":5},"jewiteo":{"docs":210,"functional-code":735,"test-code":226}},"authorContributionVariance":{"tata32000":19383.896,"QuekBingHeng":2674.4224,"Brendan8899":17967.56,"LimKaiWei":24275.852,"jewiteo":8052.653},"authorDisplayNameMap":{"tata32000":"CS2103-F13-3 NON ..ANON","QuekBingHeng":"CS2103-F13-3 QUEK..HENG","Brendan8899":"CS2103-F13-3 BREN..YANG","LimKaiWei":"CS2103-F13-3 LIM .. WEI","jewiteo":"CS2103-F13-3 TEO ..JEWI"}}
