{"authorDailyContributionsMap":{"yockcheng":[{"date":"2024-10-02","commitResults":[{"hash":"0e302902b6e8ad98aaeb66bfbefc7199f596d6df","isMergeCommit":true,"messageTitle":"Merge pull request #11 from yockcheng/add-yockcheng-photo","messageBody":"Add Yock Cheng\u0027s Photo","fileTypesAndContributionMap":{}},{"hash":"0851525c7cd16c886b3650e3c169aab0225fe589","isMergeCommit":false,"messageTitle":"Update yockcheng AboutUs","messageBody":"","fileTypesAndContributionMap":{"docs":{"insertions":16,"deletions":6}}},{"hash":"23140d85ffd3f86a0d4c351952b9afb196fe6f57","isMergeCommit":false,"messageTitle":"Fix checkstyle issues","messageBody":"","fileTypesAndContributionMap":{"docs":{"insertions":2,"deletions":2}}},{"hash":"84c36dd2ccd494c95f1f00480a426a4c50cf9e33","isMergeCommit":false,"messageTitle":"Update user stories","messageBody":"","fileTypesAndContributionMap":{"docs":{"insertions":23,"deletions":10}}},{"hash":"dbe7d14c63722fa67463a518fa19e4d69d33a848","isMergeCommit":false,"messageTitle":"Add NFR and Glossary in Developer Guide","messageBody":"","fileTypesAndContributionMap":{"docs":{"insertions":8,"deletions":4}}}]},{"date":"2024-10-03","commitResults":[{"hash":"5cd9a9da2471da2faca8aa5debec1c55ec756645","isMergeCommit":true,"messageTitle":"Merge pull request #35 from Domokunx/about-us","messageBody":"Update Cliff\u0027s About Us","fileTypesAndContributionMap":{}},{"hash":"0fb9d4cddc8ed32ccaea4b517e81355bbd66af99","isMergeCommit":true,"messageTitle":"Merge pull request #27 from yockcheng/add-user-stories","messageBody":"Update Developer Guide User Stories","fileTypesAndContributionMap":{}},{"hash":"66a7ea1f36c2fc7a1461fda998d7d4c2d7ef2597","isMergeCommit":false,"messageTitle":"Edit NFR and update glossary","messageBody":"","fileTypesAndContributionMap":{"docs":{"insertions":4,"deletions":2}}},{"hash":"e54bdc53a069a84f012d8dd68022386984dce7f4","isMergeCommit":false,"messageTitle":"Add and rephrase NFRs","messageBody":"","fileTypesAndContributionMap":{"docs":{"insertions":4,"deletions":1}}},{"hash":"2e57ee80c7c908d886f0c4114a5f3b1f2d60f95d","isMergeCommit":true,"messageTitle":"Merge pull request #33 from yockcheng/update-NFR-Glossary","messageBody":"Update Developer Guide NFRs \u0026 Glossary","fileTypesAndContributionMap":{}}]},{"date":"2024-10-10","commitResults":[{"hash":"504db6d3556ea636f9a1041f1aa113fee8dc580b","isMergeCommit":false,"messageTitle":"Improve Find Command to include substring check","messageBody":"","fileTypesAndContributionMap":{"functional-code":{"insertions":5,"deletions":1},"test-code":{"insertions":5,"deletions":2}}}]},{"date":"2024-10-11","commitResults":[{"hash":"80e4bc21ac0e1d89aeb27cfc6426e12428f00ffb","isMergeCommit":false,"messageTitle":"Fix wrong comment for StringUtilTest","messageBody":"","fileTypesAndContributionMap":{"test-code":{"insertions":1,"deletions":1}}},{"hash":"31e2d2f6e42738a0abff009d3bfe456e78d20c5d","isMergeCommit":true,"messageTitle":"Merge pull request #49 from yockcheng/improve-find-v1","messageBody":"Improve Find Command v1","fileTypesAndContributionMap":{}}]},{"date":"2024-10-15","commitResults":[{"hash":"99e2c183ef856e4d1c197299f4cb121ecf6e5603","isMergeCommit":false,"messageTitle":"Edit add command to not allow duplicate student IDs","messageBody":"","fileTypesAndContributionMap":{"functional-code":{"insertions":2,"deletions":1}}},{"hash":"e6d8370b091a37484f593bfe03a5d040c138b3cd","isMergeCommit":false,"messageTitle":"Fix duplicate contact bug for edit command","messageBody":"","fileTypesAndContributionMap":{"functional-code":{"insertions":40,"deletions":1},"test-code":{"insertions":5,"deletions":0}}},{"hash":"d0895509c16830af9c26040b68e3d492703f8677","isMergeCommit":false,"messageTitle":"Edit tests to adjust for duplicate student IDs","messageBody":"","fileTypesAndContributionMap":{"test-code":{"insertions":22,"deletions":12}}},{"hash":"3c5db0a55489d976051336457d9e3f7d027d4d24","isMergeCommit":true,"messageTitle":"Merge pull request #67 from yockcheng/improve-studentID-logic","messageBody":"Improve student ID logic to ensure duplicates are not used ","fileTypesAndContributionMap":{}}]},{"date":"2024-10-16","commitResults":[{"hash":"875725e1c0f0b88ebbc4e7c97dd2d92a902ca10a","isMergeCommit":false,"messageTitle":"Edit isSamePerson to check for duplicate emails","messageBody":"","fileTypesAndContributionMap":{"functional-code":{"insertions":2,"deletions":1},"test-code":{"insertions":26,"deletions":11}}},{"hash":"772a5090477d8a2057d298788c07246dc0911cfc","isMergeCommit":true,"messageTitle":"Merge pull request #70 from yockcheng/improve-email-logic","messageBody":"Improve Email Logic to reject duplicate email addresses ","fileTypesAndContributionMap":{}},{"hash":"38c45a38e9a45a07c8c7716940328e881019a542","isMergeCommit":false,"messageTitle":"Edit isSamePerson to detect duplicate phone numbers","messageBody":"","fileTypesAndContributionMap":{"functional-code":{"insertions":1,"deletions":0},"test-code":{"insertions":24,"deletions":9}}}]},{"date":"2024-10-21","commitResults":[{"hash":"6a06adad64b1e25a98d5256a34486bb450c73d61","isMergeCommit":false,"messageTitle":"Improve edit command to check for redundant edits","messageBody":"","fileTypesAndContributionMap":{"functional-code":{"insertions":5,"deletions":0},"test-code":{"insertions":7,"deletions":12}}},{"hash":"e8618fc1ffd0b250a32391fab4272e5bed4ea544","isMergeCommit":false,"messageTitle":"Wrap original person list in sortedList","messageBody":"","fileTypesAndContributionMap":{"functional-code":{"insertions":18,"deletions":2},"test-code":{"insertions":6,"deletions":0}}},{"hash":"e958505ea4229ba1f148eb624f9042629ca65fe2","isMergeCommit":true,"messageTitle":"Merge pull request #88 from yockcheng/update-edit-command","messageBody":"Prevent edit command from making no changes","fileTypesAndContributionMap":{}},{"hash":"aa898a26635db39ac68cfb27bc21970567000e0d","isMergeCommit":false,"messageTitle":"Add sort logic for name and student id","messageBody":"","fileTypesAndContributionMap":{"functional-code":{"insertions":144,"deletions":3}}}]},{"date":"2024-10-22","commitResults":[{"hash":"e81c001fd692561a51d5c2c1059ffafcfb2ab34a","isMergeCommit":false,"messageTitle":"Fix checkstyle and javadocs issues","messageBody":"","fileTypesAndContributionMap":{"functional-code":{"insertions":68,"deletions":19}}},{"hash":"92e2a31c5dc02445d5d6f3a8d241f4ff1dd7443c","isMergeCommit":false,"messageTitle":"Rearrange command format for sort","messageBody":"","fileTypesAndContributionMap":{"functional-code":{"insertions":15,"deletions":17}}},{"hash":"477161c854a51651072d41d37d893523592390f3","isMergeCommit":false,"messageTitle":"Add factory methods and tests for sort","messageBody":"","fileTypesAndContributionMap":{"functional-code":{"insertions":3,"deletions":6},"test-code":{"insertions":2,"deletions":0}}},{"hash":"ab2e2046bfca8e015c9bbe9b0137865cbd95800a","isMergeCommit":false,"messageTitle":"Add tests for SortCommandParser","messageBody":"","fileTypesAndContributionMap":{"functional-code":{"insertions":64,"deletions":29},"test-code":{"insertions":240,"deletions":1}}},{"hash":"d02acb130c496b7801c1a6a714ddda61e6f00f1a","isMergeCommit":false,"messageTitle":"Refactor checking of sortOrder in ParserUtil","messageBody":"","fileTypesAndContributionMap":{"functional-code":{"insertions":3,"deletions":21}}},{"hash":"31d6f40d2aecc77011316668a42ed21ccb2754aa","isMergeCommit":false,"messageTitle":"Add assertions and remove magic numbers","messageBody":"","fileTypesAndContributionMap":{"functional-code":{"insertions":6,"deletions":2},"test-code":{"insertions":19,"deletions":19}}},{"hash":"63ce456d5eccbdfcafda0cf5391b98d127c7a7e9","isMergeCommit":true,"messageTitle":"Resolve conflicts in ParserUtilTest","messageBody":"","fileTypesAndContributionMap":{}},{"hash":"d0ce3b18af623570f7d89ecfce61376326c66e0f","isMergeCommit":true,"messageTitle":"Merge pull request #93 from yockcheng/add-sort-command","messageBody":"Add sort command","fileTypesAndContributionMap":{}}]},{"date":"2024-10-23","commitResults":[{"hash":"372fe863db75f5adf915a079d4f9c0a418cc6160","isMergeCommit":false,"messageTitle":"Add TutorialComparator and improve sorting abstraction","messageBody":"","fileTypesAndContributionMap":{"functional-code":{"insertions":102,"deletions":25}}},{"hash":"4747883e59445652d035ba407d370a6122074209","isMergeCommit":false,"messageTitle":"Add tests for sorting based on tutorial attendance","messageBody":"","fileTypesAndContributionMap":{"functional-code":{"insertions":15,"deletions":1},"test-code":{"insertions":106,"deletions":2}}},{"hash":"2b1365d5c7c9730277c511527ed61d5bd75462aa","isMergeCommit":false,"messageTitle":"Add tests for tutorial parsing for sort command","messageBody":"","fileTypesAndContributionMap":{"functional-code":{"insertions":4,"deletions":0},"test-code":{"insertions":23,"deletions":0}}}]},{"date":"2024-10-24","commitResults":[{"hash":"e78a9a6af3f3f76544034221fe4c0f98fb32be66","isMergeCommit":true,"messageTitle":"Merge pull request #99 from yockcheng/improve-sort-tutorial","messageBody":"Allow TAs to be able to sort contacts based on tutorial attendance","fileTypesAndContributionMap":{}},{"hash":"5e511f6ab15691eb7bfc17ade9b9bb8b683f6a01","isMergeCommit":true,"messageTitle":"Merge pull request #98 from DKHB0207/mark-multiple-tutorials","messageBody":"Add function to allow mark/unmark of multiple tutorials","fileTypesAndContributionMap":{}},{"hash":"fb6434f5dd30a73769d4794af240d6d83e7f8042","isMergeCommit":false,"messageTitle":"Fix access modifier bug","messageBody":"","fileTypesAndContributionMap":{"functional-code":{"insertions":1,"deletions":1}}},{"hash":"1321362e95e8ccd8c84d2f59c812e81af3487915","isMergeCommit":false,"messageTitle":"Rename jar file to ConTActs.jar","messageBody":"","fileTypesAndContributionMap":{"other":{"insertions":1,"deletions":1}}},{"hash":"12ae2c9da1f64e8e201c559895336bf1e347374d","isMergeCommit":true,"messageTitle":"Merge pull request #106 from yockcheng/rename-jar","messageBody":"Rename Jar file to ConTActs.jar","tags":["v1.1"],"fileTypesAndContributionMap":{}}]},{"date":"2024-10-25","commitResults":[{"hash":"5b1a11920c85a12143df3ee4aeca3af649d58652","isMergeCommit":false,"messageTitle":"Add autofill sequence diagram","messageBody":"","fileTypesAndContributionMap":{"docs":{"insertions":43,"deletions":0}}},{"hash":"dafe08f31cfa040f0a4a812958345212b1d4aeee","isMergeCommit":true,"messageTitle":"Merge pull request #109 from yockcheng/add-autofill-sequence-diagram","messageBody":"Add autofill sequence diagram","fileTypesAndContributionMap":{}}]},{"date":"2024-10-29","commitResults":[{"hash":"f1c7e406b68f55f734d403b3b06a61402d282587","isMergeCommit":false,"messageTitle":"Improve find to allow finding by both tags and names","messageBody":"","fileTypesAndContributionMap":{"functional-code":{"insertions":95,"deletions":16}}},{"hash":"1073165882aa774acb37a6cc5e77a3b48cdb2d96","isMergeCommit":false,"messageTitle":"Add tests for relevant classes","messageBody":"","fileTypesAndContributionMap":{"functional-code":{"insertions":14,"deletions":8},"test-code":{"insertions":181,"deletions":26}}}]},{"date":"2024-10-30","commitResults":[{"hash":"e5e11f2b046787e332d497d61ef68a04f8c3546d","isMergeCommit":true,"messageTitle":"Merge pull request #113 from yockcheng/improve-find-v2-tag","messageBody":"Allow finding by tag","fileTypesAndContributionMap":{}}]},{"date":"2024-10-31","commitResults":[{"hash":"909d4baf5be479f2a29f508c42457ee1ea0cdb5e","isMergeCommit":false,"messageTitle":"Update UG","messageBody":"","fileTypesAndContributionMap":{"docs":{"insertions":7,"deletions":5}}},{"hash":"ed537300290bc158b91fd3a22278547f47dabfa9","isMergeCommit":false,"messageTitle":"Update sorting command description","messageBody":"","fileTypesAndContributionMap":{"docs":{"insertions":1,"deletions":1}}},{"hash":"9dec5bc96813baf461a7c731539097f317b5bcad","isMergeCommit":false,"messageTitle":"Update index and tutorial information","messageBody":"","fileTypesAndContributionMap":{"docs":{"insertions":14,"deletions":14}}}]},{"date":"2024-11-01","commitResults":[{"hash":"2327e79aba23b412e00a4ff7652de796b6d4df8c","isMergeCommit":false,"messageTitle":" Fix sorting bug","messageBody":"","fileTypesAndContributionMap":{"functional-code":{"insertions":29,"deletions":1}}},{"hash":"01d02e0d821b29da96a8fdf77c4a2292c52ec501","isMergeCommit":false,"messageTitle":"Add tests for getComparatorByCurrentIndex","messageBody":"","fileTypesAndContributionMap":{"test-code":{"insertions":31,"deletions":0}}},{"hash":"83d9c3ae022e4f8c129632fbc23f0b56785222af","isMergeCommit":false,"messageTitle":"Add AttendanceStatus tests","messageBody":"","fileTypesAndContributionMap":{"test-code":{"insertions":55,"deletions":0}}}]},{"date":"2024-11-02","commitResults":[{"hash":"ece70f5ad3785cdad29d03fdd07e70c66be83a59","isMergeCommit":true,"messageTitle":"Merge pull request #127 from yockcheng/update-UG-command-summary","messageBody":"Update UG Command Summary table","fileTypesAndContributionMap":{}},{"hash":"be2fe5217abfb9ec0b76b215deaf94acf7dbb9d6","isMergeCommit":true,"messageTitle":"Merge pull request #132 from yockcheng/fix-sorting-bug","messageBody":"Sorting Command does unnecessary reordering","fileTypesAndContributionMap":{}}]},{"date":"2024-11-06","commitResults":[{"hash":"1bb0cca3a501095ed534e645232c79cdffd1bf21","isMergeCommit":false,"messageTitle":"update sort result message","messageBody":"","fileTypesAndContributionMap":{"functional-code":{"insertions":18,"deletions":6},"test-code":{"insertions":2,"deletions":2}}},{"hash":"5911b57190376e5a8166040fb650fe8b4d82a204","isMergeCommit":false,"messageTitle":"Change sort tutorial message","messageBody":"","fileTypesAndContributionMap":{"functional-code":{"insertions":2,"deletions":2},"test-code":{"insertions":4,"deletions":2}}},{"hash":"c94dd4369d6ad1d996b55b1f3b23fa8179a52077","isMergeCommit":false,"messageTitle":"Improve sort error message for name and id fields","messageBody":"","fileTypesAndContributionMap":{"functional-code":{"insertions":15,"deletions":2}}},{"hash":"8b4b82522659b8818467dd4f8fbef3947bc5cf4c","isMergeCommit":false,"messageTitle":"Improve error message for empty tutorial sorting","messageBody":"","fileTypesAndContributionMap":{"functional-code":{"insertions":7,"deletions":3}}},{"hash":"01cff79fcfbcd927aa790181af97d58d7bdf8f83","isMergeCommit":false,"messageTitle":"Update sort error messages","messageBody":"","fileTypesAndContributionMap":{"functional-code":{"insertions":13,"deletions":8}}},{"hash":"4b779dc906e2d31bf38f76fb5b23d919266bde44","isMergeCommit":false,"messageTitle":"Add sort command parser tests","messageBody":"","fileTypesAndContributionMap":{"functional-code":{"insertions":4,"deletions":4},"test-code":{"insertions":28,"deletions":0}}},{"hash":"60343188c177eb64e5145b40607aee58ba526cc3","isMergeCommit":true,"messageTitle":"Merge pull request #146 from yockcheng/update-sort-error-message","messageBody":"Update Sort Error Messages","fileTypesAndContributionMap":{}}]},{"date":"2024-11-10","commitResults":[{"hash":"aa5b5e799d9781ffda7d9d7f3fd9ed44be991611","isMergeCommit":false,"messageTitle":"Fix dash error messages","messageBody":"","fileTypesAndContributionMap":{"functional-code":{"insertions":22,"deletions":7}}},{"hash":"13a6428f32cad8494626263f0fa910bbac9eb5ce","isMergeCommit":false,"messageTitle":"Add tests for parseTutorial","messageBody":"","fileTypesAndContributionMap":{"functional-code":{"insertions":0,"deletions":1},"test-code":{"insertions":26,"deletions":12}}},{"hash":"8fbba5d95bdda08baf5407cee0ec2672e22a2432","isMergeCommit":false,"messageTitle":"Add more parseTutorials tests","messageBody":"","fileTypesAndContributionMap":{"test-code":{"insertions":15,"deletions":2}}},{"hash":"91e97a75864ea6b27f35998867f0d78ad9a33724","isMergeCommit":true,"messageTitle":"Merge pull request #233 from yockcheng/fix-tutorial-command-bugs","messageBody":"Fix tutorial command silent errors and wrong error messages","fileTypesAndContributionMap":{}}]}],"raageth":[{"date":"2024-09-30","commitResults":[{"hash":"d5fb0089c2026f04a837b0f631fdb5b143a48806","isMergeCommit":true,"messageTitle":"Merge pull request #4 from raageth/add-photo","messageBody":"Add Gareth\u0027s photo","fileTypesAndContributionMap":{}}]},{"date":"2024-10-01","commitResults":[{"hash":"0f3fc28fa4e2825dc8a5e81ed86ee1ea54f0d297","isMergeCommit":false,"messageTitle":"Update name and picture in AboutUs","messageBody":"","fileTypesAndContributionMap":{"docs":{"insertions":4,"deletions":3}}}]},{"date":"2024-10-02","commitResults":[{"hash":"2beb1ed6e65b511571bd21434260a3aa1a8a6277","isMergeCommit":false,"messageTitle":"Add portfolio page","messageBody":"","fileTypesAndContributionMap":{"docs":{"insertions":9,"deletions":1}}},{"hash":"4340d98d37f25b578f13d081b3f8da541a8f9c76","isMergeCommit":false,"messageTitle":"Fix no newline at EOF error","messageBody":"","fileTypesAndContributionMap":{"docs":{"insertions":1,"deletions":1}}},{"hash":"b3d62c3fafa6cf9edb76430fe04fce7f91e5b08b","isMergeCommit":false,"messageTitle":"Update value prop and add use cases","messageBody":"","fileTypesAndContributionMap":{"docs":{"insertions":50,"deletions":4}}},{"hash":"10c6b818f6cb61ea7cb1a3663241fb948ff6b651","isMergeCommit":true,"messageTitle":"Merge pull request #14 from raageth/update-about-us","messageBody":"Update Gareth\u0027s AboutUs","fileTypesAndContributionMap":{}}]},{"date":"2024-10-03","commitResults":[{"hash":"6c8132e45e70244ad8b24af60061fe1567e720f4","isMergeCommit":false,"messageTitle":"Update user profile and use cases","messageBody":"","fileTypesAndContributionMap":{"docs":{"insertions":15,"deletions":20}}},{"hash":"123b40e6672ffa7bb5cec3951286531902a98a8f","isMergeCommit":true,"messageTitle":"Merge pull request #32 from raageth/update-developer-guide","messageBody":"Update Developer Guide Target User Profile, Value Proposition, Use Cases","fileTypesAndContributionMap":{}}]},{"date":"2024-10-10","commitResults":[{"hash":"696db9bc34f6849b685dfdf995a7b146564ed211","isMergeCommit":false,"messageTitle":"Add todo","messageBody":"","fileTypesAndContributionMap":{"functional-code":{"insertions":1,"deletions":0}}},{"hash":"da78c88ae34edf01f5ae01edd9f2cef5fe45b983","isMergeCommit":false,"messageTitle":"Update help message","messageBody":"","fileTypesAndContributionMap":{"functional-code":{"insertions":10,"deletions":2}}},{"hash":"107d67a10215e373d404328013b17751b530ed3b","isMergeCommit":true,"messageTitle":"Merge pull request #51 from raageth/improve-help-command","messageBody":"Improve \"Help\" Command","fileTypesAndContributionMap":{}}]},{"date":"2024-10-14","commitResults":[{"hash":"866caa67fe2b1a2385d0d1ed561b9bbf3ce99cd0","isMergeCommit":false,"messageTitle":"Fix find logic","messageBody":"","fileTypesAndContributionMap":{"functional-code":{"insertions":1,"deletions":0}}},{"hash":"3c10bd6c069c0e1d927476a3eb19660b27ca7358","isMergeCommit":false,"messageTitle":"Implement character search","messageBody":"","fileTypesAndContributionMap":{"functional-code":{"insertions":68,"deletions":9},"test-code":{"insertions":63,"deletions":2}}},{"hash":"f5eba293ef1ce04cfab7bd8c6deb79f06f8953a0","isMergeCommit":false,"messageTitle":"Add javadocs","messageBody":"","fileTypesAndContributionMap":{"functional-code":{"insertions":13,"deletions":0}}}]},{"date":"2024-10-15","commitResults":[{"hash":"651069bb5af1ba2cb27c04f488ae424a6d1478b2","isMergeCommit":false,"messageTitle":"Fix style issues","messageBody":"","fileTypesAndContributionMap":{"functional-code":{"insertions":3,"deletions":6},"test-code":{"insertions":0,"deletions":2}}},{"hash":"fc44c643ecaa59beb8fee09b757d527aa8969b44","isMergeCommit":true,"messageTitle":"Merge pull request #60 from raageth/fix-find","messageBody":"Fix find logic","fileTypesAndContributionMap":{}}]},{"date":"2024-10-16","commitResults":[{"hash":"cd24a55035cbfb26fb87681ce091472cf001fde3","isMergeCommit":false,"messageTitle":"Update help","messageBody":"","fileTypesAndContributionMap":{"functional-code":{"insertions":2,"deletions":2},"other":{"insertions":1,"deletions":1}}},{"hash":"6aa65da3e1dbab3a5003916c54a957c9713839a0","isMergeCommit":false,"messageTitle":"Fix wrong edit to workflow","messageBody":"","fileTypesAndContributionMap":{"other":{"insertions":1,"deletions":1}}},{"hash":"fb8ab164fc9e0ac02a71bd903c85c72a9d82a7f2","isMergeCommit":false,"messageTitle":"Add mark/unmark","messageBody":"","fileTypesAndContributionMap":{"functional-code":{"insertions":2,"deletions":0}}},{"hash":"ec2462d2aa98f8517f827dc6fd4beea0fdc445fc","isMergeCommit":false,"messageTitle":"Update add help message","messageBody":"","fileTypesAndContributionMap":{"functional-code":{"insertions":1,"deletions":1}}},{"hash":"2e5d34ba5ab5c0c356c94545be7669f3bebcc90f","isMergeCommit":true,"messageTitle":"Merge pull request #73 from raageth/update-help","messageBody":"Update help","fileTypesAndContributionMap":{}},{"hash":"0e28461cef67762dc4530bf4b5261241de5da69c","isMergeCommit":false,"messageTitle":"Update UG and readme","messageBody":"","fileTypesAndContributionMap":{"docs":{"insertions":50,"deletions":19}}}]},{"date":"2024-10-17","commitResults":[{"hash":"bb09916656487705d1662e9bcb4b83178c352f72","isMergeCommit":true,"messageTitle":"Merge pull request #76 from raageth/update-ug-readme","messageBody":"Update UG and README","fileTypesAndContributionMap":{}}]},{"date":"2024-10-19","commitResults":[{"hash":"8cdf8cc4f8dd1f59b7a4daeb4d95c418160d8a77","isMergeCommit":false,"messageTitle":"Update mark","messageBody":"","fileTypesAndContributionMap":{"functional-code":{"insertions":63,"deletions":18},"test-code":{"insertions":64,"deletions":0}}}]},{"date":"2024-10-21","commitResults":[{"hash":"f354513238c9051c0ee02d9523fb45d6ccdc0ae0","isMergeCommit":true,"messageTitle":"Merge changes from upstream","messageBody":"","fileTypesAndContributionMap":{}},{"hash":"13e036b8f4ed554cb4756c43089854f86341dc86","isMergeCommit":false,"messageTitle":"Fix conflicts","messageBody":"","fileTypesAndContributionMap":{"functional-code":{"insertions":97,"deletions":59},"docs":{"insertions":5,"deletions":3},"test-code":{"insertions":57,"deletions":11}}},{"hash":"12f86f4e24f82da85e2a6f53db2588227c2c4a52","isMergeCommit":false,"messageTitle":"Fix checkstyle","messageBody":"","fileTypesAndContributionMap":{"test-code":{"insertions":1,"deletions":1}}},{"hash":"b9c62475579093d1be98e2c550b840dacfdb9e28","isMergeCommit":false,"messageTitle":"Add tests","messageBody":"","fileTypesAndContributionMap":{"test-code":{"insertions":51,"deletions":0}}}]},{"date":"2024-10-22","commitResults":[{"hash":"edbbadf7589d3fd6f84eba3cc161317cdea529d8","isMergeCommit":true,"messageTitle":"Fix stupid ahh merge conflict","messageBody":"","fileTypesAndContributionMap":{}},{"hash":"0f4ac7bcb7a603218f9ec309210161ed01b6a57c","isMergeCommit":false,"messageTitle":"Refactor mark and unmark logic","messageBody":"","fileTypesAndContributionMap":{"functional-code":{"insertions":25,"deletions":46},"test-code":{"insertions":15,"deletions":24}}},{"hash":"191c5c216705ebe1a36ea3fd2be137ec05246e26","isMergeCommit":true,"messageTitle":"Merge pull request #85 from raageth/update-mark","messageBody":"Update mark/unmark commands to work on multiple students","fileTypesAndContributionMap":{}}]},{"date":"2024-10-24","commitResults":[{"hash":"c7d27c92e62e222befb7b7a6cf223c8427b63a01","isMergeCommit":true,"messageTitle":"Merge pull request #104 from DKHB0207/fix-stupid-bug","messageBody":"","fileTypesAndContributionMap":{}},{"hash":"50e440ecfe31acdac9f91d977451a60fa287c10d","isMergeCommit":false,"messageTitle":"Update model class diagram","messageBody":"","fileTypesAndContributionMap":{"docs":{"insertions":2,"deletions":1}}},{"hash":"bd18eef1c138d178eb090227d0c9eb8b00869012","isMergeCommit":false,"messageTitle":"Remove tag list","messageBody":"","fileTypesAndContributionMap":{"docs":{"insertions":1,"deletions":5}}},{"hash":"1a1bf9c4b2ee0175c0d1274dcd3f818a28169f5c","isMergeCommit":true,"messageTitle":"Merge pull request #107 from raageth/uml-update","messageBody":"Update model class diagram","fileTypesAndContributionMap":{}}]},{"date":"2024-10-30","commitResults":[{"hash":"63f8ae03c2a8c7b16bd759f0ae5119c33516be21","isMergeCommit":false,"messageTitle":"Update something","messageBody":"","fileTypesAndContributionMap":{"functional-code":{"insertions":1,"deletions":1},"docs":{"insertions":1,"deletions":1}}},{"hash":"8d3f6454916f530f1f9210771cce235351068973","isMergeCommit":true,"messageTitle":"Merge pull request #116 from raageth/fix-update","messageBody":"Update something","fileTypesAndContributionMap":{}}]},{"date":"2024-10-31","commitResults":[{"hash":"736aefb5dcd0f03a7d5989f14c80cb1d3b0ba906","isMergeCommit":false,"messageTitle":"Update diagram file","messageBody":"","fileTypesAndContributionMap":{"docs":{"insertions":2,"deletions":2}}},{"hash":"86e8bc2826be8c2898c84b3d25698110da77938b","isMergeCommit":false,"messageTitle":"Improve parse index","messageBody":"","fileTypesAndContributionMap":{"functional-code":{"insertions":22,"deletions":10},"test-code":{"insertions":18,"deletions":0}}},{"hash":"b0bcbf3326837def0c95251cfa32fa9530e3bd2d","isMergeCommit":false,"messageTitle":"Fix checkstyle","messageBody":"","fileTypesAndContributionMap":{"functional-code":{"insertions":1,"deletions":2}}},{"hash":"880f67445ce6a6948de2d07aeaef40e573fda975","isMergeCommit":false,"messageTitle":"Revamp wildcard index logic","messageBody":"","fileTypesAndContributionMap":{"functional-code":{"insertions":34,"deletions":11},"test-code":{"insertions":20,"deletions":1}}},{"hash":"9067341f92f83d34f1afdc4aa75ebeedaf10838b","isMergeCommit":false,"messageTitle":"Clean parse index with wildcard method","messageBody":"","fileTypesAndContributionMap":{"functional-code":{"insertions":1,"deletions":3},"test-code":{"insertions":2,"deletions":2}}},{"hash":"12d011026441b0829c2b5c7ee446cee3ba441acc","isMergeCommit":false,"messageTitle":"Update nits","messageBody":"","fileTypesAndContributionMap":{"functional-code":{"insertions":4,"deletions":8},"test-code":{"insertions":4,"deletions":3}}},{"hash":"b95dc8e28a37c14acedb7062bb8dd19b64599531","isMergeCommit":false,"messageTitle":"Implement method to check if instance is wildcard","messageBody":"","fileTypesAndContributionMap":{"functional-code":{"insertions":8,"deletions":1},"test-code":{"insertions":7,"deletions":0}}}]},{"date":"2024-11-01","commitResults":[{"hash":"0c740682f9603a9e6d6d8e62b6ed90e9c0aa5ec6","isMergeCommit":false,"messageTitle":"Replace checking of wildcard manually","messageBody":"","fileTypesAndContributionMap":{"functional-code":{"insertions":3,"deletions":3}}},{"hash":"5feb7b4b0a785701a967f4cc7d1c69a0b1c8fee0","isMergeCommit":true,"messageTitle":"Merge pull request #122 from raageth/fix-delete","messageBody":"Improve parse index function","fileTypesAndContributionMap":{}}]},{"date":"2024-11-03","commitResults":[{"hash":"62a4c98753ec2eeca36b14dd13c49f0546e0270d","isMergeCommit":true,"messageTitle":"Merge branch \u0027master\u0027 into dg-update","messageBody":"","fileTypesAndContributionMap":{}},{"hash":"9d0e9cd1670a2b45dc529d9e396f65c6912d934d","isMergeCommit":false,"messageTitle":"Add wildcard to dg","messageBody":"","fileTypesAndContributionMap":{"docs":{"insertions":13,"deletions":1}}},{"hash":"cfd15597a7c78bb67d610698b71cde9ba9ebc253","isMergeCommit":true,"messageTitle":"Merge pull request #123 from raageth/dg-update","messageBody":"Update DG","fileTypesAndContributionMap":{}}]},{"date":"2024-11-07","commitResults":[{"hash":"17dc5107532bafffdd568419ad5ab177897a2cdf","isMergeCommit":false,"messageTitle":"Update uml","messageBody":"","fileTypesAndContributionMap":{"docs":{"insertions":2,"deletions":0}}},{"hash":"df281761beba2488c005f1eb5f96ed8f91eed6a1","isMergeCommit":true,"messageTitle":"Merge pull request #148 from raageth/dg-update","messageBody":"Update uml","fileTypesAndContributionMap":{}},{"hash":"33fbd1f5ff8b0ee0f0d7aa16dc3446c17123c762","isMergeCommit":false,"messageTitle":"Add attendance wildcard","messageBody":"","fileTypesAndContributionMap":{"docs":{"insertions":14,"deletions":8}}}]},{"date":"2024-11-08","commitResults":[{"hash":"94c7dc3df1170dd6fdd2f703d288b575dc9b9e77","isMergeCommit":false,"messageTitle":"Update attendance status part","messageBody":"","fileTypesAndContributionMap":{"docs":{"insertions":32,"deletions":3}}},{"hash":"eea627cb4bb3bc50eabbfe4b0f8073278a1441b7","isMergeCommit":false,"messageTitle":"Update format","messageBody":"","fileTypesAndContributionMap":{"docs":{"insertions":25,"deletions":30}}},{"hash":"247a547d7a6e3f39981e890322655bab7cf87e2a","isMergeCommit":false,"messageTitle":"Update attendance testing dg","messageBody":"","fileTypesAndContributionMap":{"docs":{"insertions":9,"deletions":23}}},{"hash":"99652e6655306f5ffc3505ec3b87aed8b30505aa","isMergeCommit":true,"messageTitle":"Merge pull request #163 from raageth/dg-update","messageBody":"Update attendance status DG","tags":["v1.2.2"],"fileTypesAndContributionMap":{}}]},{"date":"2024-11-09","commitResults":[{"hash":"7b378a99bc8b4327e5e20531509b7395b44ff721","isMergeCommit":false,"messageTitle":"Update ug after ped","messageBody":"","fileTypesAndContributionMap":{"docs":{"insertions":91,"deletions":74}}},{"hash":"a177d952eb4f3de5849bac3e3c639360c2a25cec","isMergeCommit":false,"messageTitle":"Add missed out edits","messageBody":"","fileTypesAndContributionMap":{"docs":{"insertions":63,"deletions":46}}},{"hash":"471e10836695d216a4a50a169bc25c323d804263","isMergeCommit":false,"messageTitle":"Add info for sort command","messageBody":"","fileTypesAndContributionMap":{"docs":{"insertions":1,"deletions":0}}}]},{"date":"2024-11-10","commitResults":[{"hash":"90efc3c1c526fc5b2c2ba7163a64c5de072b2eac","isMergeCommit":false,"messageTitle":"Fix link","messageBody":"","fileTypesAndContributionMap":{"docs":{"insertions":3,"deletions":3}}},{"hash":"b66b6dd5c31b53a189d581ab8c57b0c3a956638e","isMergeCommit":false,"messageTitle":"Update more","messageBody":"","fileTypesAndContributionMap":{"docs":{"insertions":34,"deletions":10}}},{"hash":"9909a743a8d9a4df74a1dd5b9893009474dde0c7","isMergeCommit":false,"messageTitle":"Add imgs","messageBody":"","fileTypesAndContributionMap":{"docs":{"insertions":1,"deletions":1}}}]}],"sayglenn":[{"date":"2024-09-20","commitResults":[{"hash":"a44bcb6fd6218d9b9b632b92464ec02e8aa3b152","isMergeCommit":false,"messageTitle":"Amend name of address book in docs","messageBody":"","fileTypesAndContributionMap":{"docs":{"insertions":59,"deletions":57}}}]},{"date":"2024-10-02","commitResults":[{"hash":"b3a34250a785e79461a764897131d9b2a9a8906a","isMergeCommit":false,"messageTitle":"Update picture and information in AboutUs","messageBody":"","fileTypesAndContributionMap":{"docs":{"insertions":3,"deletions":3}}},{"hash":"c99e14376fb19924dbaf816630e4999d264934ef","isMergeCommit":false,"messageTitle":"Add portfolio page","messageBody":"","fileTypesAndContributionMap":{"docs":{"insertions":9,"deletions":1}}},{"hash":"f9420d72a9c6b300d33a9587aa8d32a3c389f0c0","isMergeCommit":false,"messageTitle":"Fix issues with build check","messageBody":"","fileTypesAndContributionMap":{"docs":{"insertions":1,"deletions":1}}},{"hash":"31408917d2b8880c5004a671ce87d0e81a92b63e","isMergeCommit":false,"messageTitle":"Amend links to reflect correct info","messageBody":"","fileTypesAndContributionMap":{"docs":{"insertions":2,"deletions":2}}},{"hash":"e28050fbdeb32c73b6aa12982534d87f88195e6e","isMergeCommit":true,"messageTitle":"Merge pull request #31 from sayglenn/update-about-us","messageBody":"Update Glenn\u0027s AboutUs","fileTypesAndContributionMap":{}}]},{"date":"2024-10-03","commitResults":[{"hash":"5d9efa9780ce171ed1270f136dbede9be7e2e70b","isMergeCommit":true,"messageTitle":"Merge pull request #26 from yockcheng/AboutUs-yockcheng","messageBody":"","fileTypesAndContributionMap":{}},{"hash":"1fb26a74a18ec0bec0a47fa3b9bd2683da3bf37a","isMergeCommit":true,"messageTitle":"Merge pull request #34 from Domokunx/readme-content","messageBody":"Update README content","fileTypesAndContributionMap":{}},{"hash":"fb27492497346e2312d124adeafc36182e021fa6","isMergeCommit":true,"messageTitle":"Merge pull request #40 from DKHB0207/add-photo","messageBody":"Add Daryl\u0027s photo","fileTypesAndContributionMap":{}},{"hash":"cd8f488e8704df4b254edf65bb76951c0101604f","isMergeCommit":true,"messageTitle":"Merge pull request #42 from DKHB0207/daryl-aboutus","messageBody":"Add Daryl\u0027s AboutUs","fileTypesAndContributionMap":{}}]},{"date":"2024-10-10","commitResults":[{"hash":"9d59f8b42c53536b8fac9a90cf950c4f1a086802","isMergeCommit":false,"messageTitle":"Add student id class and new parsing logic","messageBody":"","fileTypesAndContributionMap":{"functional-code":{"insertions":72,"deletions":3}}},{"hash":"17f10c9319f4d3d68315aa197ea4a9d9e76c75c8","isMergeCommit":false,"messageTitle":"Amend classes and data to align with new field","messageBody":"","fileTypesAndContributionMap":{"functional-code":{"insertions":68,"deletions":30}}},{"hash":"219cd60b37c7f60ad9cb5e579846f8a6ff418d20","isMergeCommit":false,"messageTitle":"Update tests to incorporate new student id field","messageBody":"","fileTypesAndContributionMap":{"test-code":{"insertions":110,"deletions":53}}},{"hash":"0adbd1b136f3a2877d6fbb6c6aed159beaea183e","isMergeCommit":false,"messageTitle":"Add student id unit tests to ensure function correctness","messageBody":"","fileTypesAndContributionMap":{"test-code":{"insertions":39,"deletions":0}}},{"hash":"857d8fc4d9f6d5f838450dc0add7a235b7399c21","isMergeCommit":false,"messageTitle":"Update PersonCard to display student id","messageBody":"","fileTypesAndContributionMap":{"functional-code":{"insertions":4,"deletions":0}}},{"hash":"32c784f5b65c0c43ec637d910774562af3ce684e","isMergeCommit":false,"messageTitle":"Complete edit logic and update relevant tests","messageBody":"","fileTypesAndContributionMap":{"functional-code":{"insertions":18,"deletions":3},"test-code":{"insertions":18,"deletions":2}}},{"hash":"1eed24e56727498432a6ceec457f1511a4e85eb0","isMergeCommit":true,"messageTitle":"Merge pull request #47 from Domokunx/add-mark-command","messageBody":"Add Mark Command","fileTypesAndContributionMap":{}},{"hash":"ac05d794753690013118fd833ac18ef9f534bfba","isMergeCommit":true,"messageTitle":"Merge branch \u0027master\u0027 into add-student-id-field","messageBody":"","fileTypesAndContributionMap":{}},{"hash":"d1d3a8c0f1607257637b200c929b2e70e5b16ddd","isMergeCommit":true,"messageTitle":"Merge pull request #48 from sayglenn/add-student-id-field","messageBody":"Add Student ID field","fileTypesAndContributionMap":{}}]},{"date":"2024-10-14","commitResults":[{"hash":"d83e3ba54bfd92b1073f8d08c10e0cc39e59a405","isMergeCommit":true,"messageTitle":"Merge pull request #52 from DKHB0207/remove-address-field","messageBody":"","fileTypesAndContributionMap":{}}]},{"date":"2024-10-15","commitResults":[{"hash":"81d5fa6688ee668352ae888d0dff87a7813f4f49","isMergeCommit":false,"messageTitle":"Amend tutorial regex and PersonCard to display tutorials","messageBody":"","fileTypesAndContributionMap":{"functional-code":{"insertions":34,"deletions":5}}},{"hash":"28d47c9ba52fa801e1dc00dac9f7f659cfc1c3db","isMergeCommit":false,"messageTitle":"Refactor PersonCard to use css classes, Person to check attendance","messageBody":"","fileTypesAndContributionMap":{"functional-code":{"insertions":33,"deletions":18},"test-code":{"insertions":14,"deletions":0}}},{"hash":"c43b46d84334165a6762869bc7c1c920623e166b","isMergeCommit":false,"messageTitle":"Add new line for PersonListCard","messageBody":"","fileTypesAndContributionMap":{"functional-code":{"insertions":1,"deletions":1}}},{"hash":"1565350cc2c75e1d63115b2f60c37234c54fb1de","isMergeCommit":true,"messageTitle":"Merge pull request #66 from sayglenn/update-contact-card","messageBody":"Amend PersonCard to display Tutorials","fileTypesAndContributionMap":{}}]},{"date":"2024-10-16","commitResults":[{"hash":"0b7132ce04d73b50a32bf0202187dc1672ff13fb","isMergeCommit":false,"messageTitle":"Customise contact card and tutorial display","messageBody":"","fileTypesAndContributionMap":{"functional-code":{"insertions":20,"deletions":16}}},{"hash":"62271f17c8389320689ae7e472c8c9db5da41a19","isMergeCommit":false,"messageTitle":"Add address book name and customise theme","messageBody":"","fileTypesAndContributionMap":{"functional-code":{"insertions":18,"deletions":9}}},{"hash":"0aff9b5405ab38ba6147b2d47e0218ea2ed45fbb","isMergeCommit":false,"messageTitle":"Amend css to not display empty contacts from find","messageBody":"","fileTypesAndContributionMap":{"functional-code":{"insertions":3,"deletions":3}}}]},{"date":"2024-10-17","commitResults":[{"hash":"d0b2132daa6841b5526741b84446c8663edf6a7a","isMergeCommit":true,"messageTitle":"Merge pull request #77 from sayglenn/customise-ui","messageBody":"","fileTypesAndContributionMap":{}},{"hash":"6d5175d1c064dcdeeea74739812589be41a5b53f","isMergeCommit":true,"messageTitle":"Merge pull request #72 from DKHB0207/improve-name-parsing","messageBody":"Refactor Name class to improve name parsing","tags":["v1.0"],"fileTypesAndContributionMap":{}}]},{"date":"2024-10-20","commitResults":[{"hash":"530c596e9a83b494bf1413767e216a3dbb222461","isMergeCommit":false,"messageTitle":"Amend tutorial logic in Person, add AttendanceStatus class","messageBody":"","fileTypesAndContributionMap":{"functional-code":{"insertions":102,"deletions":48},"test-code":{"insertions":96,"deletions":37}}},{"hash":"0df4349e8c7f2fb65a444eeca62fb905b2dd59a2","isMergeCommit":false,"messageTitle":"Add new line at EOF","messageBody":"","fileTypesAndContributionMap":{"functional-code":{"insertions":1,"deletions":1}}},{"hash":"07e0fabde510977ebb70e7378b2e2fc09814e58e","isMergeCommit":false,"messageTitle":"Amend test for JsonAdaptedPerson","messageBody":"","fileTypesAndContributionMap":{"test-code":{"insertions":5,"deletions":0}}},{"hash":"be67676cfafcf837a5ff5865abe5e0a3a2734b9a","isMergeCommit":false,"messageTitle":"Refactor tutorial map to store AttendanceStatus as value","messageBody":"","fileTypesAndContributionMap":{"functional-code":{"insertions":72,"deletions":59},"test-code":{"insertions":31,"deletions":24}}},{"hash":"1de7aeac78c784f9aa0fe57f2156da4ce77ec9e4","isMergeCommit":false,"messageTitle":"Remove magic number and reduce tutorial count to 12","messageBody":"","fileTypesAndContributionMap":{"functional-code":{"insertions":29,"deletions":13},"test-code":{"insertions":6,"deletions":6}}}]},{"date":"2024-10-21","commitResults":[{"hash":"1130d50f827e4433d8633b6a61d9ce71668c3318","isMergeCommit":false,"messageTitle":"Refactor PersonCard and Person to optimally retrieve css class","messageBody":"","fileTypesAndContributionMap":{"functional-code":{"insertions":19,"deletions":19},"test-code":{"insertions":8,"deletions":8}}},{"hash":"7d5093f5179814709b813c8fad6056a2c4d9aa59","isMergeCommit":true,"messageTitle":"Merge pull request #86 from sayglenn/uncompleted-tutorials","messageBody":"","fileTypesAndContributionMap":{}}]},{"date":"2024-10-23","commitResults":[{"hash":"bee10a746cc5a18c01d2c35d9266467cd956f6fd","isMergeCommit":false,"messageTitle":"Add ResetCommand to reset state of tutorials","messageBody":"","fileTypesAndContributionMap":{"functional-code":{"insertions":100,"deletions":0}}},{"hash":"9017255232aa64b6837a647b254472fede5a83cf","isMergeCommit":false,"messageTitle":"Implement ResetCommandParser and add ResetCommand tests","messageBody":"","fileTypesAndContributionMap":{"functional-code":{"insertions":76,"deletions":26},"test-code":{"insertions":197,"deletions":0}}},{"hash":"803d900c21e0294ff0dd3938f52074ecb58c6203","isMergeCommit":false,"messageTitle":"Add tests for ResetCommandParser","messageBody":"","fileTypesAndContributionMap":{"functional-code":{"insertions":1,"deletions":2},"test-code":{"insertions":61,"deletions":0}}},{"hash":"2b62cbfe650713d59f8e191c1f8c9dbea86f6ae8","isMergeCommit":false,"messageTitle":"Fix variable names and magic numbers","messageBody":"","fileTypesAndContributionMap":{"functional-code":{"insertions":14,"deletions":2},"test-code":{"insertions":19,"deletions":16}}},{"hash":"4c892b125cb68aac3b417615693fb701aa3a9179","isMergeCommit":false,"messageTitle":"Add spaces to align with code style","messageBody":"","fileTypesAndContributionMap":{"functional-code":{"insertions":2,"deletions":0}}},{"hash":"dd96c50568c0edf4b4a28869ff98c5af201d8520","isMergeCommit":true,"messageTitle":"Merge pull request #97 from sayglenn/reset-tutorials","messageBody":"Add commands to reset tutorials to not taken place ","fileTypesAndContributionMap":{}}]},{"date":"2024-10-25","commitResults":[{"hash":"875ce2f0008894f68b91d6835b896f18b4f5a915","isMergeCommit":false,"messageTitle":"Add SortCommand activity diagram","messageBody":"","fileTypesAndContributionMap":{"docs":{"insertions":58,"deletions":0}}},{"hash":"ad6fc16b1542a85c142e110f3ea223cf76dac781","isMergeCommit":true,"messageTitle":"Merge pull request #110 from sayglenn/add-sort-uml","messageBody":"Add SortCommand Activity Diagram","fileTypesAndContributionMap":{}}]},{"date":"2024-10-31","commitResults":[{"hash":"f3c19b41c74a4f3a5cf3103d585e7f48e84349ff","isMergeCommit":false,"messageTitle":"Update User Guide and Help Message","messageBody":"","fileTypesAndContributionMap":{"functional-code":{"insertions":1,"deletions":2},"docs":{"insertions":8,"deletions":5}}},{"hash":"39ca6ec6b7e0c097736784221dcb5b25421017db","isMergeCommit":true,"messageTitle":"Merge pull request #117 from sayglenn/update-help","messageBody":"Update User Guide and Help Message","fileTypesAndContributionMap":{}}]},{"date":"2024-11-06","commitResults":[{"hash":"e4b696c717e8e61e141befc1c93827ac9f0cfd8d","isMergeCommit":true,"messageTitle":"Merge pull request #144 from yockcheng/update-sort-result-message","messageBody":"Update Sort Result Message","fileTypesAndContributionMap":{}},{"hash":"c3a5c392bbe096a16203ce1650e9bc233e1155f8","isMergeCommit":false,"messageTitle":"Standardise message usage and update help message","messageBody":"","fileTypesAndContributionMap":{"functional-code":{"insertions":28,"deletions":38}}},{"hash":"47bddc7ac9906550f8bf9aaf8e5d7c6fd3ff136d","isMergeCommit":false,"messageTitle":"Fix incorrect formatting for find","messageBody":"","fileTypesAndContributionMap":{"functional-code":{"insertions":1,"deletions":2}}},{"hash":"448df90b0051aa657978ba1784198c0aaa57066d","isMergeCommit":false,"messageTitle":"Fix help window message","messageBody":"","fileTypesAndContributionMap":{"functional-code":{"insertions":1,"deletions":1}}}]},{"date":"2024-11-07","commitResults":[{"hash":"b6130442505cc9d93c26adabf7910ab0e00ddfa0","isMergeCommit":true,"messageTitle":"Merge pull request #147 from sayglenn/align-message-format","messageBody":"Standardise usage message and update help message","fileTypesAndContributionMap":{}},{"hash":"ae04aace55b614a9755e304260a031d1b98ee37d","isMergeCommit":true,"messageTitle":"Merge pull request #151 from raageth/ug-update","messageBody":"Update UG","fileTypesAndContributionMap":{}},{"hash":"2f7dbfe23280f9a4558b0812e13e528840b8673d","isMergeCommit":false,"messageTitle":"Minor wording fix for User Guide","messageBody":"","fileTypesAndContributionMap":{"docs":{"insertions":1,"deletions":1}}},{"hash":"a53a1b94573c66f7e8671d4f606f1a18ad37a052","isMergeCommit":true,"messageTitle":"Merge pull request #155 from sayglenn/ug-update","messageBody":"Minor wording fix for User Guide","fileTypesAndContributionMap":{}}]},{"date":"2024-11-08","commitResults":[{"hash":"2cc32509d3f6eaabd2994fcdcbf7e424bd8ae513","isMergeCommit":false,"messageTitle":"Fix error message formatting and outdated messages","messageBody":"","fileTypesAndContributionMap":{"functional-code":{"insertions":39,"deletions":9},"test-code":{"insertions":4,"deletions":3}}},{"hash":"a12ec33142e5a10cb67188218bf7939e0a33d00d","isMergeCommit":false,"messageTitle":"Change error messages to be more descriptive","messageBody":"","fileTypesAndContributionMap":{"functional-code":{"insertions":19,"deletions":46},"test-code":{"insertions":17,"deletions":14}}}]},{"date":"2024-11-11","commitResults":[{"hash":"506b1f95dcd86a227e3ea327208f90ea66ada36b","isMergeCommit":true,"messageTitle":"Merge pull request #231 from raageth/ug-update","messageBody":"Ug update","fileTypesAndContributionMap":{}}]}],"DKHB0207":[{"date":"2024-10-03","commitResults":[{"hash":"58d9985236f7383189c9d8dd1239b2009a5a9fde","isMergeCommit":false,"messageTitle":"Add Daryl\u0027s AboutUs","messageBody":"","fileTypesAndContributionMap":{"docs":{"insertions":13,"deletions":5}}}]},{"date":"2024-10-11","commitResults":[{"hash":"d62f611879726ed6c21894a3d520d7ac3c9f6be0","isMergeCommit":false,"messageTitle":"Remove Address Field","messageBody":"","fileTypesAndContributionMap":{"functional-code":{"insertions":13,"deletions":152},"test-code":{"insertions":56,"deletions":247}}}]},{"date":"2024-10-14","commitResults":[{"hash":"e9043146ccade98f9ea02e37988e888fb25976af","isMergeCommit":true,"messageTitle":"Resolve conflicts","messageBody":"","fileTypesAndContributionMap":{}},{"hash":"995f017377b0e4093c855a3808d0c94e0a64cdb0","isMergeCommit":false,"messageTitle":"Resolve merge conflicts","messageBody":"","fileTypesAndContributionMap":{"functional-code":{"insertions":6,"deletions":20},"test-code":{"insertions":3,"deletions":8}}},{"hash":"c2147e047e4f67ae300bd97bae018a363278d9f3","isMergeCommit":false,"messageTitle":"Amend repeated prefix","messageBody":"","fileTypesAndContributionMap":{"functional-code":{"insertions":1,"deletions":1}}}]},{"date":"2024-10-16","commitResults":[{"hash":"1a2fdb35af3a8c1f6f29511ca66e2281b795dfb7","isMergeCommit":true,"messageTitle":"Merge pull request #69 from sayglenn/customise-ui","messageBody":"Customise GUI display ","fileTypesAndContributionMap":{}},{"hash":"beb4e2a212f181df0c2c65c10ffd34937ac535b5","isMergeCommit":true,"messageTitle":"Merge pull request #71 from yockcheng/improve-phone-logic","messageBody":"Improve Phone Number Logic to reject duplicate phone numbers","fileTypesAndContributionMap":{}},{"hash":"3fecc009855ab991d14eff2826aee690eca4da3d","isMergeCommit":false,"messageTitle":"Refactor Name class to improve name parsing","messageBody":"","fileTypesAndContributionMap":{"functional-code":{"insertions":23,"deletions":2},"test-code":{"insertions":4,"deletions":4}}}]},{"date":"2024-10-22","commitResults":[{"hash":"e18ebd9043ec59b6e84e75a1371cf85e17114059","isMergeCommit":false,"messageTitle":"Add sort command to UG","messageBody":"","fileTypesAndContributionMap":{"other":{"insertions":4,"deletions":0},"docs":{"insertions":1,"deletions":0}}},{"hash":"8cec8f84835e4c8a89363def358effef5f286540","isMergeCommit":false,"messageTitle":"Add description of sort command in UG","messageBody":"","fileTypesAndContributionMap":{"docs":{"insertions":34,"deletions":17}}}]},{"date":"2024-10-23","commitResults":[{"hash":"8dd2a3b9d1b710eb2e53e404ea7cbaff1e80185c","isMergeCommit":false,"messageTitle":"Add function to allow mark/unmark of multiple tutorials","messageBody":"","fileTypesAndContributionMap":{"functional-code":{"insertions":162,"deletions":39},"test-code":{"insertions":42,"deletions":12}}},{"hash":"0861d7e07cb8daf9edc278454be47dee99022d56","isMergeCommit":true,"messageTitle":"Resolve merge conflicts","messageBody":"","fileTypesAndContributionMap":{}},{"hash":"66d317c9f74369f47965a93fcfdb8ec64b8c9e18","isMergeCommit":true,"messageTitle":"Merge master branch into mark-multiple-tutorial branch","messageBody":"","fileTypesAndContributionMap":{}},{"hash":"ab42544a6b24f0a46ddc56dda39f31e2e2d8efcb","isMergeCommit":false,"messageTitle":"Refactor ResetCommand class to incorporate resetting multiple tutorials","messageBody":"","fileTypesAndContributionMap":{"functional-code":{"insertions":73,"deletions":31},"test-code":{"insertions":4,"deletions":6}}},{"hash":"3f746d31f4c13c9427aef7c24481d6520ebd6cb6","isMergeCommit":false,"messageTitle":"Refactor tests to remove Magic Strings","messageBody":"","fileTypesAndContributionMap":{"test-code":{"insertions":9,"deletions":6}}},{"hash":"17af72869b23de9e7d17db18d18b424cc97b5dc1","isMergeCommit":false,"messageTitle":"Add reset command to command summary in UG","messageBody":"","fileTypesAndContributionMap":{"docs":{"insertions":18,"deletions":16}}},{"hash":"9bf99fec938cf78ffe118ad8e09732805da2979e","isMergeCommit":true,"messageTitle":"Merge branch \u0027master\u0027 of https://github.com/AY2425S1-CS2103T-T10-3/tp into add-ug-sortcommand","messageBody":"","fileTypesAndContributionMap":{}},{"hash":"7c4d08adf009a4f64d7e762777693db9d6249abc","isMergeCommit":false,"messageTitle":"Add description of reset command in UG","messageBody":"","fileTypesAndContributionMap":{"docs":{"insertions":45,"deletions":16}}}]},{"date":"2024-10-24","commitResults":[{"hash":"38280bddb756b16b61979da007dc3ebf5e1116b8","isMergeCommit":false,"messageTitle":"Modify inaccurate description in UG Sort Command","messageBody":"","fileTypesAndContributionMap":{"docs":{"insertions":3,"deletions":3}}},{"hash":"c6f699005f7eb3c0456913bfb73264b08f950378","isMergeCommit":true,"messageTitle":"Merge pull request #94 from DKHB0207/add-ug-sortcommand","messageBody":"Add UG Sort Command","fileTypesAndContributionMap":{}},{"hash":"1326018dd722000dacd3c302a1ba555d30eb141e","isMergeCommit":true,"messageTitle":"Merge pull request #101 from yockcheng/resolve-access-modifier-bug","messageBody":"Resolve access modifier bug","fileTypesAndContributionMap":{}},{"hash":"75c53c1badf991bc6f60b8295c2f6fe240f9126c","isMergeCommit":false,"messageTitle":"Fix Gareth bug","messageBody":"","fileTypesAndContributionMap":{"functional-code":{"insertions":1,"deletions":1}}},{"hash":"125e59221f59e38f0165e4184c608467e4dc499e","isMergeCommit":false,"messageTitle":"Fix minor sorting bug","messageBody":"","fileTypesAndContributionMap":{"functional-code":{"insertions":3,"deletions":3}}}]},{"date":"2024-10-31","commitResults":[{"hash":"e6399a82b49d428423253a85892d49add4fd8762","isMergeCommit":false,"messageTitle":"Add TutorialCommand abstract class","messageBody":"","fileTypesAndContributionMap":{"functional-code":{"insertions":151,"deletions":281}}}]},{"date":"2024-11-03","commitResults":[{"hash":"6f54011968c4c13130713ec05598db8057d53094","isMergeCommit":false,"messageTitle":"Abstract success message to tutorial command","messageBody":"","fileTypesAndContributionMap":{"functional-code":{"insertions":16,"deletions":14}}},{"hash":"a468afe44a2f6d9c1b1e782a14c5ed8ea099c90f","isMergeCommit":false,"messageTitle":"Amend checkstyle issues","messageBody":"","fileTypesAndContributionMap":{"functional-code":{"insertions":0,"deletions":3}}},{"hash":"a9e5a18d9420a8629c3ad02ba0d7b2aed0961983","isMergeCommit":true,"messageTitle":"Merge pull request #120 from DKHB0207/abstract-tutorail-command","messageBody":"Add TutorialCommand abstract class","fileTypesAndContributionMap":{}}]},{"date":"2024-11-07","commitResults":[{"hash":"f292a42067deabcc94e2800a377c9068c8abb1a0","isMergeCommit":false,"messageTitle":"Edit ModelClassDiagram to include new Person parameters","messageBody":"","fileTypesAndContributionMap":{"docs":{"insertions":7,"deletions":5}}},{"hash":"e1870c131d31e525ae2743f160bb58196f6394ee","isMergeCommit":false,"messageTitle":"Edit ModelClassDiagram image in DG","messageBody":"","fileTypesAndContributionMap":{"docs":{"insertions":0,"deletions":2}}},{"hash":"e31e410c7ac7b7b5338fb16ee822b4db8ce0c898","isMergeCommit":false,"messageTitle":"Change multiplicity of Tutorial Class","messageBody":"","fileTypesAndContributionMap":{"docs":{"insertions":1,"deletions":1}}},{"hash":"4e0af2611ad6c6d04a4af9e408d185761572d2a5","isMergeCommit":true,"messageTitle":"Merge pull request #150 from DKHB0207/edit-dg","messageBody":"Edit ModelClassDiagram in DG","fileTypesAndContributionMap":{}}]},{"date":"2024-11-10","commitResults":[{"hash":"63a325aadd033b0bae75ee29244120e701d95007","isMergeCommit":false,"messageTitle":"Standardise multiplicity of Tutorial class in DG","messageBody":"","fileTypesAndContributionMap":{"docs":{"insertions":72,"deletions":26}}}]},{"date":"2024-11-11","commitResults":[{"hash":"6bc03ab802e9bbdd70c9426777acb2c08b53af91","isMergeCommit":false,"messageTitle":"Add test cases for saving data in DG","messageBody":"","fileTypesAndContributionMap":{"docs":{"insertions":27,"deletions":8}}},{"hash":"8ce73c82ee36f9021803aa1a0689d29646db1e72","isMergeCommit":false,"messageTitle":"Add red X in sequence diagram in DG","messageBody":"","fileTypesAndContributionMap":{"docs":{"insertions":3,"deletions":0}}}]}],"Domokunx":[{"date":"2024-09-29","commitResults":[{"hash":"f0ae5ad4ae22210997b1eba6bd110aaf01e5e53e","isMergeCommit":false,"messageTitle":"Add Cliff\u0027s photo","messageBody":"","fileTypesAndContributionMap":{"docs":{"insertions":10,"deletions":0}}},{"hash":"6348bf7ff7fe9f8b86f1c79afe1e254cceec7e0b","isMergeCommit":false,"messageTitle":"Fix newline EOF test error","messageBody":"","fileTypesAndContributionMap":{"docs":{"insertions":1,"deletions":1}}},{"hash":"924a88be8d1af048cecd3d07f20d2b95ee2a412a","isMergeCommit":false,"messageTitle":"Rename photo to match requirements","messageBody":"","fileTypesAndContributionMap":{"docs":{"insertions":1,"deletions":1}}}]},{"date":"2024-09-30","commitResults":[{"hash":"d6bb4cf220aab5fa20f94005bd149414c1393ff7","isMergeCommit":true,"messageTitle":"Merge pull request #6 from AY2425S1-CS2103T-T10-3/add-photo-cliff","messageBody":"Add Cliff\u0027s photo","fileTypesAndContributionMap":{}}]},{"date":"2024-10-01","commitResults":[{"hash":"3f672f4739acccd25db246969d27897b30112553","isMergeCommit":false,"messageTitle":"Update Cliff info in About Us page","messageBody":"","fileTypesAndContributionMap":{"docs":{"insertions":8,"deletions":6}}}]},{"date":"2024-10-02","commitResults":[{"hash":"79d353967beb2bcb6904da089ec60cb3903fcbba","isMergeCommit":false,"messageTitle":"Update README content to fit TASync","messageBody":"","fileTypesAndContributionMap":{"docs":{"insertions":16,"deletions":12}}},{"hash":"2c48056eb5d9ad6a741fd46c18284bec46970da3","isMergeCommit":false,"messageTitle":"Fix newline format errors","messageBody":"","fileTypesAndContributionMap":{"docs":{"insertions":0,"deletions":2}}},{"hash":"cf3e43a63452a2e30651399fb52499d195173b42","isMergeCommit":false,"messageTitle":"Change title to TASync instead of AB-3","messageBody":"","fileTypesAndContributionMap":{"other":{"insertions":1,"deletions":1}}},{"hash":"e1087474fe8ad03f08db7ac0410f8cfa03585f47","isMergeCommit":false,"messageTitle":"Update UserGuide Link","messageBody":"","fileTypesAndContributionMap":{"docs":{"insertions":20,"deletions":0}}},{"hash":"0f009f6b64396308ee6f968c85aa48072f1c7b5e","isMergeCommit":true,"messageTitle":"Merge branch \u0027update-github-pages\u0027","messageBody":"","fileTypesAndContributionMap":{}},{"hash":"597af816a9ad12f93616bfc10690896996ba4fd9","isMergeCommit":true,"messageTitle":"Merge branch \u0027update-info-cliff\u0027","messageBody":"","fileTypesAndContributionMap":{}},{"hash":"7491a62d745470c2b0760584cc2a5165a4158d1a","isMergeCommit":false,"messageTitle":"Update build status badge to reflect TASync","messageBody":"","fileTypesAndContributionMap":{"docs":{"insertions":1,"deletions":1}}},{"hash":"47392151a7eb3dc97a483bbb1828e93d27af03d9","isMergeCommit":true,"messageTitle":"Merge branch \u0027update-readme\u0027","messageBody":"","fileTypesAndContributionMap":{}},{"hash":"98c14f45b3e1d032e01fe0419b744ab8394463fc","isMergeCommit":false,"messageTitle":"Rename TASync to ConTActs","messageBody":"","fileTypesAndContributionMap":{"other":{"insertions":1,"deletions":1}}},{"hash":"d120f4cf3e3e4b27893b8cfcf3045c8d326f57aa","isMergeCommit":false,"messageTitle":"Rename to ConTActs","messageBody":"","fileTypesAndContributionMap":{"docs":{"insertions":5,"deletions":24}}},{"hash":"6da79fbe533d17fe7b5e75423898e9602f3c8e67","isMergeCommit":false,"messageTitle":"Update Java CI badge","messageBody":"","fileTypesAndContributionMap":{"docs":{"insertions":1,"deletions":1}}},{"hash":"dda021e59ac05fe9a7c48c5a71fc3e910979ba70","isMergeCommit":false,"messageTitle":"Fix unchanged filler Title","messageBody":"","fileTypesAndContributionMap":{"docs":{"insertions":3,"deletions":3}}},{"hash":"a4d52684354be15ac4967555663e90171df49e14","isMergeCommit":false,"messageTitle":"Fix broken link to user guide","messageBody":"","fileTypesAndContributionMap":{"docs":{"insertions":1,"deletions":1}}},{"hash":"e1a2b73c5144484468960b9629c1f758bda19f0b","isMergeCommit":true,"messageTitle":"Merge branch \u0027update-readme\u0027","messageBody":"","fileTypesAndContributionMap":{}},{"hash":"abd888377aa292809694e59056651ea9cf8836c3","isMergeCommit":true,"messageTitle":"Merge branch \u0027update-info-cliff\u0027","messageBody":"","fileTypesAndContributionMap":{}},{"hash":"491479da054b6098ba377f4668a36bbc3000e421","isMergeCommit":true,"messageTitle":"Merge branch \u0027update-github-pages\u0027","messageBody":"","fileTypesAndContributionMap":{}},{"hash":"6b95d92a0c25d2622fa775c6bb46a749d28454ff","isMergeCommit":true,"messageTitle":"Merge branch \u0027upstream-master\u0027","messageBody":"","fileTypesAndContributionMap":{}},{"hash":"6b1b49ad746240fc53cdd1b27bd64fffb723bf2f","isMergeCommit":true,"messageTitle":"Merge branch \u0027master\u0027 into update-github-pages","messageBody":"","fileTypesAndContributionMap":{}},{"hash":"4ac7f2760d36e81a1779a10e93feab7db96bac16","isMergeCommit":false,"messageTitle":"Update reposity weblink","messageBody":"","fileTypesAndContributionMap":{"other":{"insertions":1,"deletions":1}}},{"hash":"8e465a70e65ebdfbad3f3aae50d1cc5caaa0ae35","isMergeCommit":false,"messageTitle":"Revert \"Merge branch \u0027master\u0027 into update-github-pages\"","messageBody":"This reverts commit 6b1b49ad746240fc53cdd1b27bd64fffb723bf2f, reversing\nchanges made to 6da79fbe533d17fe7b5e75423898e9602f3c8e67.\n","fileTypesAndContributionMap":{"docs":{"insertions":19,"deletions":24}}},{"hash":"3599b115e715935a1a3cf384cc7b2c4aaaf8c92d","isMergeCommit":false,"messageTitle":"Update codecov badge","messageBody":"","fileTypesAndContributionMap":{"docs":{"insertions":1,"deletions":1}}},{"hash":"f2c74bad40d3d5575c425285045412fa21b1ef12","isMergeCommit":true,"messageTitle":"Merge branch \u0027update-github-pages\u0027","messageBody":"","fileTypesAndContributionMap":{}},{"hash":"29ce095a0f8df1976e7256b612da5432f076f1a6","isMergeCommit":true,"messageTitle":"Merge pull request #21 from Domokunx/update-github-pages","messageBody":"Update GitHub Pages","fileTypesAndContributionMap":{}},{"hash":"c3ee9c703deaa18eea4f840777533c237c5b2155","isMergeCommit":true,"messageTitle":"Merge branch \u0027upstream-master\u0027","messageBody":"","fileTypesAndContributionMap":{}},{"hash":"a08b250641089b205d2db318d48cd2a17b886a24","isMergeCommit":false,"messageTitle":"Update README content","messageBody":"","fileTypesAndContributionMap":{"docs":{"insertions":14,"deletions":12}}},{"hash":"659d82c4bfa94ccff549d81ee77ee3a4d28488e9","isMergeCommit":false,"messageTitle":"Fix newline error","messageBody":"","fileTypesAndContributionMap":{"docs":{"insertions":2,"deletions":1}}},{"hash":"dbb60016aaa654dd80ba71cc0da1e2dc9527fbdb","isMergeCommit":false,"messageTitle":"Fix trailing whitespace issue","messageBody":"","fileTypesAndContributionMap":{"docs":{"insertions":0,"deletions":1}}},{"hash":"f78b0d6cde608e11e3e23962022e124af2f746ef","isMergeCommit":false,"messageTitle":"Update About Us with Cliff\u0027s info","messageBody":"","fileTypesAndContributionMap":{"docs":{"insertions":11,"deletions":8}}},{"hash":"34c0152e63ae6e557c0a4893652df6dae15a8917","isMergeCommit":false,"messageTitle":"Fix newline error","messageBody":"","fileTypesAndContributionMap":{"docs":{"insertions":3,"deletions":3}}},{"hash":"259cb2f6ed2e7ac273c8e806b8b9c7a92eb27368","isMergeCommit":false,"messageTitle":"Remove duplicate acknowledgement line","messageBody":"","fileTypesAndContributionMap":{"docs":{"insertions":1,"deletions":1}}}]},{"date":"2024-10-03","commitResults":[{"hash":"efa2e84b8b1ba5c83bf25c1e990dae150832d172","isMergeCommit":false,"messageTitle":"Add acknowledgement links","messageBody":"","fileTypesAndContributionMap":{"docs":{"insertions":3,"deletions":2}}}]},{"date":"2024-10-09","commitResults":[{"hash":"5d95b4171928df129c704ed2aa47ce082cff4850","isMergeCommit":false,"messageTitle":"Add Mark dummy class","messageBody":"","fileTypesAndContributionMap":{"functional-code":{"insertions":16,"deletions":0}}},{"hash":"8b411b26d5386f7c362463f72799903940f9c8d5","isMergeCommit":false,"messageTitle":"Add parser logic to detect Mark command","messageBody":"","fileTypesAndContributionMap":{"functional-code":{"insertions":6,"deletions":2}}},{"hash":"49f52716ae8dd2ec62e19c4f6cdc4718aee10f4a","isMergeCommit":false,"messageTitle":"Add error message for invalid mark commands","messageBody":"","fileTypesAndContributionMap":{"functional-code":{"insertions":46,"deletions":1}}},{"hash":"615e79ee83dfe20c3ff5946aaee9168545873e2f","isMergeCommit":false,"messageTitle":"Add argument parser logic for Mark arguments","messageBody":"","fileTypesAndContributionMap":{"functional-code":{"insertions":40,"deletions":11}}},{"hash":"6de049b6c60d88cc332d11dcb562f8638aa23923","isMergeCommit":false,"messageTitle":"Add tutorials attended attribute to Person class","messageBody":"","fileTypesAndContributionMap":{"functional-code":{"insertions":85,"deletions":9}}}]},{"date":"2024-10-10","commitResults":[{"hash":"e2a17dcf2ee2c40240ddbcbb8ae7d23706d6446a","isMergeCommit":false,"messageTitle":"Fix mark command invalid tutorial index error message","messageBody":"","fileTypesAndContributionMap":{"functional-code":{"insertions":28,"deletions":5}}},{"hash":"f7ce3083b3d6c93ea9c25106522dafe870fc31d1","isMergeCommit":false,"messageTitle":"Update equals check of Person class","messageBody":"","fileTypesAndContributionMap":{"functional-code":{"insertions":3,"deletions":2}}},{"hash":"5c4e333a6ca7ba5d8b3981067a80f43d80383f23","isMergeCommit":false,"messageTitle":"Update Person class to store tutorial info","messageBody":"","fileTypesAndContributionMap":{"functional-code":{"insertions":90,"deletions":14},"test-code":{"insertions":12,"deletions":9}}},{"hash":"98b96201937f741239b79c02774209a1fad06e2e","isMergeCommit":false,"messageTitle":"Add dummy UI to display tutorials attended","messageBody":"","fileTypesAndContributionMap":{"functional-code":{"insertions":48,"deletions":1}}},{"hash":"48c956b0c124af2e61059ab800feed82f77d25fd","isMergeCommit":false,"messageTitle":"Update EditPersonDescriptorTest and PersonTest for tutorials","messageBody":"","fileTypesAndContributionMap":{"functional-code":{"insertions":0,"deletions":2},"test-code":{"insertions":17,"deletions":3}}},{"hash":"5bbc29caaf95a9fa01ff162cff759e5c93af603e","isMergeCommit":false,"messageTitle":"Fix checkstyleMain errors","messageBody":"","fileTypesAndContributionMap":{"functional-code":{"insertions":3,"deletions":2}}},{"hash":"533020030a736dfee0dfb510860f429f844e2d45","isMergeCommit":false,"messageTitle":"Fix checkstyleTest errors","messageBody":"","fileTypesAndContributionMap":{"test-code":{"insertions":18,"deletions":9}}},{"hash":"6beff41262c2685c7ffeee775086f6e41a2d9fd0","isMergeCommit":false,"messageTitle":"Add MarkCommandTest execute tests","messageBody":"","fileTypesAndContributionMap":{"test-code":{"insertions":65,"deletions":0}}},{"hash":"cfe25bcdea93eb98bc17c770afe04b4210958149","isMergeCommit":false,"messageTitle":"Add TutorialTest tests","messageBody":"","fileTypesAndContributionMap":{"test-code":{"insertions":56,"deletions":1}}},{"hash":"d58eea8f9f0482364fdfdbe9665f0bc5e076c1e0","isMergeCommit":false,"messageTitle":"Update PersonTest to test tutorial edits","messageBody":"","fileTypesAndContributionMap":{"test-code":{"insertions":16,"deletions":1}}},{"hash":"c6e9c941911d732aa24902df7e3709e3051ecfe6","isMergeCommit":false,"messageTitle":"Add MarkCommandParserTest tests","messageBody":"","fileTypesAndContributionMap":{"functional-code":{"insertions":0,"deletions":2},"test-code":{"insertions":49,"deletions":9}}},{"hash":"60e512461083f472d9e4ef06b7e0d240be60274a","isMergeCommit":false,"messageTitle":"Update JsonAdaptedPersonTest to test for tutorial attribute","messageBody":"","fileTypesAndContributionMap":{"test-code":{"insertions":11,"deletions":0}}},{"hash":"f672cbeaaf450e1fffc12c54b203a9774ddf394b","isMergeCommit":false,"messageTitle":"Add TutorialTest to check for valid duplicates","messageBody":"","fileTypesAndContributionMap":{"test-code":{"insertions":21,"deletions":1}}},{"hash":"26139a8a5e10e6508dd92ae3f6c30190296ea362","isMergeCommit":false,"messageTitle":"Add null case tests for MarkCommand and Tutorial","messageBody":"","fileTypesAndContributionMap":{"test-code":{"insertions":18,"deletions":0}}},{"hash":"74633b8a487f0644f9b2fba87cc6dd93910ca397","isMergeCommit":false,"messageTitle":"Fix wrong testcases in MarkCommandTest and TutorialTest","messageBody":"","fileTypesAndContributionMap":{"test-code":{"insertions":18,"deletions":17}}}]},{"date":"2024-10-13","commitResults":[{"hash":"8446500ff1a40ef8c322a9b4aab827ae9d4d42b2","isMergeCommit":false,"messageTitle":"Fix tutorials not stored persistently into data file","messageBody":"","fileTypesAndContributionMap":{"functional-code":{"insertions":9,"deletions":6},"test-code":{"insertions":12,"deletions":0}}},{"hash":"1eb6dee2da5e40fa860f2d6460345c83d7e78b61","isMergeCommit":false,"messageTitle":"Make edit command independent of Tutorial class","messageBody":"","fileTypesAndContributionMap":{"functional-code":{"insertions":1,"deletions":12},"test-code":{"insertions":4,"deletions":4}}},{"hash":"ea5a9f2954c3c289130fa07367342dc58fde5e69","isMergeCommit":false,"messageTitle":"Fix incorrect comment","messageBody":"","fileTypesAndContributionMap":{"test-code":{"insertions":1,"deletions":1}}}]},{"date":"2024-10-14","commitResults":[{"hash":"f33c491d15c95fa0bc5013af6fbb18a5b7dbdd33","isMergeCommit":false,"messageTitle":"Resolve conflicts with master","messageBody":"","fileTypesAndContributionMap":{"functional-code":{"insertions":3,"deletions":5},"test-code":{"insertions":3,"deletions":4}}},{"hash":"40a08f56591c701cd4cc1639724b31c22a694f09","isMergeCommit":true,"messageTitle":"Merge branch \u0027master\u0027 into fix-tutorial-not-stored","messageBody":"","fileTypesAndContributionMap":{}}]},{"date":"2024-10-15","commitResults":[{"hash":"317f3bf36ff95523b6119c4fa8b4aea2d66f9d20","isMergeCommit":false,"messageTitle":"Add UnmarkCommand class","messageBody":"","fileTypesAndContributionMap":{"functional-code":{"insertions":95,"deletions":0}}},{"hash":"e84ab794f28318391e4de1578d0c135078f8eea3","isMergeCommit":false,"messageTitle":"Hook unmark command into parser","messageBody":"","fileTypesAndContributionMap":{"functional-code":{"insertions":42,"deletions":0}}},{"hash":"818cb799dc66f6da1a87ab2564573916372073c3","isMergeCommit":false,"messageTitle":"Add error message for unmark already absent person","messageBody":"","fileTypesAndContributionMap":{"functional-code":{"insertions":8,"deletions":3}}},{"hash":"20361979dcf0784d2fcbd5894ca8acf52acd5bcb","isMergeCommit":false,"messageTitle":"Fix feedback message for mark","messageBody":"","fileTypesAndContributionMap":{"functional-code":{"insertions":8,"deletions":5}}},{"hash":"294e43a9ec03ed7d992a4d4927492a95bf40a1b2","isMergeCommit":false,"messageTitle":"Update MarkCommandTest to handle marking twice","messageBody":"","fileTypesAndContributionMap":{"functional-code":{"insertions":3,"deletions":2},"test-code":{"insertions":22,"deletions":2}}},{"hash":"ac7a7aa2121735808f4f995f867812bbacd6c919","isMergeCommit":false,"messageTitle":"Add UnmarkCommandTest tests","messageBody":"","fileTypesAndContributionMap":{"test-code":{"insertions":102,"deletions":0}}},{"hash":"bed3b66cfa8f96da6c526d51bf2f11fa16e01c2b","isMergeCommit":false,"messageTitle":"Add AddressBookParserTest","messageBody":"","fileTypesAndContributionMap":{"test-code":{"insertions":6,"deletions":0}}},{"hash":"38d06ba9e302dd875d8d941a486b869885b68e91","isMergeCommit":false,"messageTitle":"Add UnmarkParserTest","messageBody":"","fileTypesAndContributionMap":{"test-code":{"insertions":52,"deletions":0}}},{"hash":"c3c1ff418b58823bb4b51501c2f8991e1685356b","isMergeCommit":false,"messageTitle":"Fix UnmarkCommand equals test","messageBody":"","fileTypesAndContributionMap":{"test-code":{"insertions":7,"deletions":7}}}]},{"date":"2024-10-16","commitResults":[{"hash":"126d7b87291ecb4d5c5c1e7775a022ce17fbbef0","isMergeCommit":true,"messageTitle":"Merge pull request #58 from Domokunx/fix-tutorial-not-stored","messageBody":"Fix tutorials not stored persistently into data file","fileTypesAndContributionMap":{}},{"hash":"5850c36ddb854d25667b1c02546dfc6b5a02b993","isMergeCommit":true,"messageTitle":"Merge pull request #64 from Domokunx/unmark-command","messageBody":"Add Unmark command","fileTypesAndContributionMap":{}}]},{"date":"2024-10-19","commitResults":[{"hash":"f9aa74ba65e78c760f86deb389578190fa651365","isMergeCommit":false,"messageTitle":"Move command summary to top","messageBody":"","fileTypesAndContributionMap":{"docs":{"insertions":25,"deletions":19}}},{"hash":"d5bcdeccbbddda8e9ee9665ceba0edda3db8479f","isMergeCommit":false,"messageTitle":"Add navigation to each command in command summary","messageBody":"","fileTypesAndContributionMap":{"docs":{"insertions":12,"deletions":12}}},{"hash":"8c2b9c5964acda9d01251d81a9cb5038a96af8f4","isMergeCommit":false,"messageTitle":"Fix invalid tutorial number showing wrong error message","messageBody":"","fileTypesAndContributionMap":{"functional-code":{"insertions":46,"deletions":11}}},{"hash":"d3e776bbc857b9b99ed9f58782c9c185dd65ed6b","isMergeCommit":false,"messageTitle":"Remove unused imports","messageBody":"","fileTypesAndContributionMap":{"functional-code":{"insertions":1,"deletions":3}}},{"hash":"903e5eb2d1c02385c7e61c56e8f7d1fb2ce878c0","isMergeCommit":false,"messageTitle":"Update MarkCommandParserTest","messageBody":"","fileTypesAndContributionMap":{"test-code":{"insertions":8,"deletions":5}}},{"hash":"e90ef3b4c171714747c393a28f5d1e36c3f6e38f","isMergeCommit":false,"messageTitle":"Fix unmark showing wrong error message for invalid tutorial","messageBody":"","fileTypesAndContributionMap":{"functional-code":{"insertions":15,"deletions":10}}},{"hash":"8f0ee4a5cd1611d6685d8f83889b5cd371f6b601","isMergeCommit":false,"messageTitle":"Update UnmarkCommandParserTest","messageBody":"","fileTypesAndContributionMap":{"test-code":{"insertions":8,"deletions":5}}},{"hash":"e2586b4df9229daa425a80d3ec77d7296e27488b","isMergeCommit":false,"messageTitle":"Update regex to only allow positive tutorial numbers","messageBody":"","fileTypesAndContributionMap":{"functional-code":{"insertions":1,"deletions":13},"test-code":{"insertions":28,"deletions":1}}}]},{"date":"2024-10-22","commitResults":[{"hash":"8a875d318fc31ee376bbf0f3643fdcac185cc495","isMergeCommit":true,"messageTitle":"Merge pull request #83 from Domokunx/update-userGuide-layout","messageBody":"Update user guide layout","fileTypesAndContributionMap":{}},{"hash":"ce26d1a8cf1678f300ec5c2753ef39153683e6fd","isMergeCommit":true,"messageTitle":"Merge branch \u0027master\u0027 into fix-mark-error-message","messageBody":"","fileTypesAndContributionMap":{}},{"hash":"f0608ade5f391d67a403b37c1ed514013494e135","isMergeCommit":false,"messageTitle":"Refactor arePrefixesPresent function into ArgumentMultimap","messageBody":"","fileTypesAndContributionMap":{"functional-code":{"insertions":11,"deletions":33}}},{"hash":"491adc530d293b2b252f9046437f182b5f92c822","isMergeCommit":false,"messageTitle":"Add keyPress event handler for input quick switch","messageBody":"","fileTypesAndContributionMap":{"functional-code":{"insertions":34,"deletions":0}}},{"hash":"69ea40d6b1acf435c2793ca4b136c8859850bfe2","isMergeCommit":true,"messageTitle":"Merge pull request #84 from Domokunx/fix-mark-error-message","messageBody":"","fileTypesAndContributionMap":{}}]},{"date":"2024-10-24","commitResults":[{"hash":"4c5a0b51aa8fbc68fa1181fd7aa5c2412e93b7c1","isMergeCommit":true,"messageTitle":"Merge pull request #92 from Domokunx/get-previous-inputs","messageBody":"Add autofill previous input feature","fileTypesAndContributionMap":{}}]},{"date":"2024-10-27","commitResults":[{"hash":"f6fc9f2ce07fc31a56ee6b413745c43a7f463fa5","isMergeCommit":false,"messageTitle":"Add Mark Attendance implementation section to DG","messageBody":"","fileTypesAndContributionMap":{"docs":{"insertions":36,"deletions":89}}}]},{"date":"2024-10-30","commitResults":[{"hash":"aa56adb03955cf331c64d682a727c5b8b0733b99","isMergeCommit":true,"messageTitle":"Merge pull request #111 from Domokunx/developerGuide-mark-implementation","messageBody":"","fileTypesAndContributionMap":{}}]},{"date":"2024-11-06","commitResults":[{"hash":"a8f2aa095443371911194bd9a7f3a391ad785223","isMergeCommit":false,"messageTitle":"Add name keyword check for find command","messageBody":"","fileTypesAndContributionMap":{"functional-code":{"insertions":31,"deletions":0}}},{"hash":"a871907cedc150cbf929fb6dd7ac16042a965dae","isMergeCommit":false,"messageTitle":"Fix find by tag throwing parse error with no name","messageBody":"","fileTypesAndContributionMap":{"functional-code":{"insertions":2,"deletions":5}}},{"hash":"58d2d9a83b87b3dafbeb98e8ddca218b6dc46f64","isMergeCommit":false,"messageTitle":"Refactor keyword check to constructor to preserve SLAP","messageBody":"","fileTypesAndContributionMap":{"functional-code":{"insertions":10,"deletions":9}}},{"hash":"454028b5cc4a297e841071c3c88fe86f8e2d545f","isMergeCommit":false,"messageTitle":"Refactor to use ParserUtil instead","messageBody":"","fileTypesAndContributionMap":{"functional-code":{"insertions":26,"deletions":10}}},{"hash":"968e2ebd3895a06a97e685f4a92f32b7d0647e23","isMergeCommit":false,"messageTitle":"Fix typo is parseNameKeywords header","messageBody":"","fileTypesAndContributionMap":{"functional-code":{"insertions":1,"deletions":1}}},{"hash":"4d60f05b1fed59b892321cdfc3e48912ca8c8e53","isMergeCommit":false,"messageTitle":"Update ParserUtilTest to test parseNameKeywords","messageBody":"","fileTypesAndContributionMap":{"functional-code":{"insertions":2,"deletions":0},"test-code":{"insertions":64,"deletions":0}}},{"hash":"5a6eda2e554f4ced33b26d9b1f4f24a3ae6514ba","isMergeCommit":false,"messageTitle":"Fix testcase","messageBody":"","fileTypesAndContributionMap":{"functional-code":{"insertions":0,"deletions":5}}},{"hash":"9e367c6120f914cffdcc9beab0397a69ffc1881b","isMergeCommit":false,"messageTitle":"Add result message for when command makes no changes","messageBody":"","fileTypesAndContributionMap":{"functional-code":{"insertions":3,"deletions":1}}},{"hash":"797e1bc0eb2f17fe9bd3dabb0437a20ae74c3804","isMergeCommit":false,"messageTitle":"Add tests for empty displayed list","messageBody":"","fileTypesAndContributionMap":{"functional-code":{"insertions":1,"deletions":1},"test-code":{"insertions":38,"deletions":26}}},{"hash":"130a712cacf73ff33f43232a0cdd5534105dcfa9","isMergeCommit":false,"messageTitle":"Fix typo in test command","messageBody":"","fileTypesAndContributionMap":{"test-code":{"insertions":1,"deletions":1}}}]},{"date":"2024-11-07","commitResults":[{"hash":"522a69ab32b1499161dd0663c637b21c61f99a1e","isMergeCommit":true,"messageTitle":"Merge pull request #145 from Domokunx/fix-attendance-wildcard-errorMessage","messageBody":"Fix Tutorial Commands no feedback when empty display list","fileTypesAndContributionMap":{}},{"hash":"c1daf4e51ce4f462968b05f4fb2f067ac3c8af31","isMergeCommit":true,"messageTitle":"Merge pull request #142 from Domokunx/fix-find-name-regex","messageBody":"Fix find by name accepting any input","fileTypesAndContributionMap":{}},{"hash":"5cfb76e67fb9fe73d21fcb09da824b1f7cc013a3","isMergeCommit":false,"messageTitle":"Update use cases to include attendance marking","messageBody":"","fileTypesAndContributionMap":{"docs":{"insertions":44,"deletions":2}}},{"hash":"55aebc51e4477f453c2fdff66f78e12e8d70acaa","isMergeCommit":false,"messageTitle":"Move Installation guide to top for new users","messageBody":"","fileTypesAndContributionMap":{"docs":{"insertions":19,"deletions":21}}},{"hash":"dbf1aff1cd9f28d837e3c2a2d871c88d7c8da8d8","isMergeCommit":true,"messageTitle":"Merge pull request #159 from Domokunx/update-ug-layout","messageBody":"Move Installation guide to top for new users","fileTypesAndContributionMap":{}},{"hash":"247c75498d3ded516ddaa319faad220fe95224b8","isMergeCommit":true,"messageTitle":"Merge pull request #157 from Domokunx/update-dg-useCases","messageBody":"Update DG use cases","tags":["v1.5","v1.2"],"fileTypesAndContributionMap":{}}]},{"date":"2024-11-08","commitResults":[{"hash":"c80899ef1cef30a2b496e8a6ca949dc19990d4b9","isMergeCommit":false,"messageTitle":"Fix incorrect User Guide header","messageBody":"","fileTypesAndContributionMap":{"functional-code":{"insertions":1,"deletions":1}}},{"hash":"ed7e3abc73230e8fa8eb727f3b44845992b1ad44","isMergeCommit":true,"messageTitle":"Merge pull request #161 from Domokunx/fix-UG-header","messageBody":"Fix incorrect User Guide header","fileTypesAndContributionMap":{}},{"hash":"c4766747a208fa20c5595dcd4b40fd0f1c817803","isMergeCommit":true,"messageTitle":"Merge pull request #160 from sayglenn/error-fixes","messageBody":"Align all error messages to reduce inconsistency","tags":["v1.2.1"],"fileTypesAndContributionMap":{}}]},{"date":"2024-11-11","commitResults":[{"hash":"832cbdb7e44712748e45b92a6233b09067965e59","isMergeCommit":true,"messageTitle":"Merge pull request #234 from DKHB0207/dg-issues","messageBody":"DG Issues","fileTypesAndContributionMap":{}}]}]},"authorFileTypeContributionMap":{"yockcheng":{"docs":88,"functional-code":549,"test-code":778,"other":1},"raageth":{"docs":256,"functional-code":158,"test-code":254},"sayglenn":{"docs":83,"functional-code":467,"test-code":500},"DKHB0207":{"docs":140,"functional-code":295,"test-code":94,"other":2},"Domokunx":{"docs":96,"functional-code":365,"test-code":511,"other":3}},"authorContributionVariance":{"yockcheng":9379.905,"raageth":4258.104,"sayglenn":13248.911,"DKHB0207":11276.776,"Domokunx":10779.434},"authorDisplayNameMap":{"yockcheng":"CS2103T-T10-3 TEO ..HENG","raageth":"CS2103T-T10-3 GARE..ARNG","sayglenn":"CS2103T-T10-3 SAY ..LENN","DKHB0207":"CS2103T-T10-3 DARY..BOON","Domokunx":"CS2103T-T10-3 CLIF..KOES"}}
