{"authorDailyContributionsMap":{"chuajunyu":[{"date":"2024-10-03","commitResults":[{"hash":"e6154d6a0352423e6c830a15970ee0bcae149a4a","isMergeCommit":false,"messageTitle":"Update about us page with chuajunyu\u0027s info","messageBody":"","fileTypesAndContributionMap":{"docs":{"insertions":4,"deletions":4}}},{"hash":"ba26f4fc59887431d98f60903c235ff007bf007a","isMergeCommit":true,"messageTitle":"Merge pull request #23 from shardhrv/22-add-dhruvs-photo","messageBody":"Add image of Dhruv to repo","fileTypesAndContributionMap":{}},{"hash":"73c8351d8f4d2d56a6ce79746f5ade22d4d6c95c","isMergeCommit":true,"messageTitle":"Merge pull request #17 from cshao02/branch-update-AboutUs","messageBody":"Update AboutUs page with Shaoheng\u0027s info","fileTypesAndContributionMap":{}},{"hash":"8e440768913a63d39b30007de8d573acfa13828d","isMergeCommit":true,"messageTitle":"Merge pull request #35 from brianchoon/brian/edit-readme","messageBody":"Include PlanPal information in readme","fileTypesAndContributionMap":{}},{"hash":"28e7dca7d2090b2a022b0ae7a0a000b962bfc576","isMergeCommit":true,"messageTitle":"Merge pull request #45 from cshao02/update-Developers-Guide","messageBody":"Add use cases to DG","fileTypesAndContributionMap":{}}]},{"date":"2024-10-10","commitResults":[{"hash":"44396ca5a8359a562fe56b4174fa1df441d9e4b5","isMergeCommit":false,"messageTitle":"Add TelegramUsername class and test file","messageBody":"","fileTypesAndContributionMap":{"functional-code":{"insertions":67,"deletions":1},"test-code":{"insertions":68,"deletions":0}}},{"hash":"3a25f6072deb6b43ca43ed46e677d4e7006d0de5","isMergeCommit":false,"messageTitle":"Fix Name regex check","messageBody":"","fileTypesAndContributionMap":{"functional-code":{"insertions":1,"deletions":1}}},{"hash":"8dd64d38d72eb8f48ab24e22c69774ad6ed085e2","isMergeCommit":false,"messageTitle":"Update header comments","messageBody":"","fileTypesAndContributionMap":{"functional-code":{"insertions":3,"deletions":3}}},{"hash":"54593bf5d38342914ba01d6da9a458a6a55b3818","isMergeCommit":false,"messageTitle":"Add more test cases for coverage","messageBody":"","fileTypesAndContributionMap":{"functional-code":{"insertions":2,"deletions":1},"test-code":{"insertions":17,"deletions":2}}}]},{"date":"2024-10-15","commitResults":[{"hash":"6ef0fe196ceb4021b91830a473f5db3636de1053","isMergeCommit":false,"messageTitle":"Rename app to PlanPal","messageBody":"","fileTypesAndContributionMap":{"functional-code":{"insertions":1,"deletions":1}}},{"hash":"4f7a201f445ea93769ee89471b0abf3916e62899","isMergeCommit":false,"messageTitle":"Update user guide link","messageBody":"","fileTypesAndContributionMap":{"functional-code":{"insertions":1,"deletions":1}}},{"hash":"c63aaf191b0274c31f60f4044f8812fccca76d06","isMergeCommit":false,"messageTitle":"Update jar build file name","messageBody":"","fileTypesAndContributionMap":{"other":{"insertions":1,"deletions":1}}},{"hash":"4f221d7a98a1f7459c0b70caec3499cd6e2241f1","isMergeCommit":true,"messageTitle":"Merge pull request #77 from cshao02/shaoheng/remove-tag-feature","messageBody":"Remove tag feature","fileTypesAndContributionMap":{}}]},{"date":"2024-10-16","commitResults":[{"hash":"b3fd7a41e5bcb70bca4de7bc29e0f1efc62d8751","isMergeCommit":false,"messageTitle":"Add test coverage for TelegramUsername null cases","messageBody":"","fileTypesAndContributionMap":{"functional-code":{"insertions":1,"deletions":1},"test-code":{"insertions":17,"deletions":0}}},{"hash":"413b22ae21fb9277d79c50c4e8d2ae059136d6f6","isMergeCommit":false,"messageTitle":"Add telegram username into equality checking for Person class","messageBody":"","fileTypesAndContributionMap":{"functional-code":{"insertions":27,"deletions":5},"test-code":{"insertions":10,"deletions":1}}},{"hash":"aefbe1e77e540771be16c245313b0f18e103867e","isMergeCommit":false,"messageTitle":"Add new line in add message usage for consistency","messageBody":"","fileTypesAndContributionMap":{"functional-code":{"insertions":1,"deletions":1}}},{"hash":"4c7adb3850c5968fcfbd39379a083db5b0b8eba7","isMergeCommit":false,"messageTitle":"Add more test coverage for isSamePerson dupe handling","messageBody":"","fileTypesAndContributionMap":{"test-code":{"insertions":33,"deletions":1}}},{"hash":"c1d591eb92fd345af8382fee355dc219ef3be309","isMergeCommit":false,"messageTitle":"Add dupe checking for EditCommand","messageBody":"","fileTypesAndContributionMap":{"functional-code":{"insertions":35,"deletions":9},"test-code":{"insertions":5,"deletions":0}}},{"hash":"f736d3095c979a87c3e51ee615c980bda76df84a","isMergeCommit":false,"messageTitle":"Add test coverage for new path","messageBody":"","fileTypesAndContributionMap":{"test-code":{"insertions":27,"deletions":0}}},{"hash":"20036e407cda26e0b3472d4ca784f56aa23b1d95","isMergeCommit":true,"messageTitle":"Merge branch \u0027master\u0027 into telegram-username-dupe-handling","messageBody":"","fileTypesAndContributionMap":{}},{"hash":"dd1e9f27429a7f1f5fc95c5b69fd29791c71fe47","isMergeCommit":false,"messageTitle":"Fix typos from merging","messageBody":"","fileTypesAndContributionMap":{"test-code":{"insertions":1,"deletions":1}}}]}],"brianchoon":[{"date":"2024-10-03","commitResults":[{"hash":"0cf0d3acd1a2d42073bb08e8dde02b193a043b3b","isMergeCommit":false,"messageTitle":"Add personal information to AboutUs","messageBody":"","fileTypesAndContributionMap":{"docs":{"insertions":4,"deletions":4}}},{"hash":"3e968ab3155e12b47406f88381e6d97e78544845","isMergeCommit":false,"messageTitle":"Include PlanPal informtion in readme","messageBody":"","fileTypesAndContributionMap":{"docs":{"insertions":8,"deletions":12}}},{"hash":"7c1fc7d7b3c070899edbc5fafb205be627c21d4c","isMergeCommit":false,"messageTitle":"Update title of readme","messageBody":"","fileTypesAndContributionMap":{"docs":{"insertions":1,"deletions":1}}},{"hash":"6ae1580e9607c523df6546da5e09f14ea2b88e8d","isMergeCommit":false,"messageTitle":"Add acknowledgement","messageBody":"","fileTypesAndContributionMap":{"docs":{"insertions":1,"deletions":1}}},{"hash":"77817815f1eb52245a08e8c1b58c7900dfef514e","isMergeCommit":true,"messageTitle":"Merge pull request #37 from cshao02/branch-update-site-wide-settings","messageBody":"Update site wide settings","fileTypesAndContributionMap":{}},{"hash":"ae706e9218659fc64bd786d53f39d6c032e65c3b","isMergeCommit":true,"messageTitle":"Merge pull request #42 from cshao02/update-shaoheng-info","messageBody":"Update AboutUs page","fileTypesAndContributionMap":{}},{"hash":"b8867e471b8a2d0bf9e3059cb198ae8d5840c17f","isMergeCommit":false,"messageTitle":"Fix some naming bugs","messageBody":"","fileTypesAndContributionMap":{"docs":{"insertions":2,"deletions":2}}},{"hash":"4a5b07ef2f65efa10abfcfc30c606a3abe4f3c4d","isMergeCommit":true,"messageTitle":"Merge pull request #44 from jan-kai1/NFR","messageBody":"Add NFR to DeveloperGuide","fileTypesAndContributionMap":{}},{"hash":"0ac7b3f8dcae324c3a45c9209d553b32a0611e29","isMergeCommit":true,"messageTitle":"Merge pull request #43 from shardhrv/40-update-the-developer-guide-glossary","messageBody":"Update Glossary Terms","fileTypesAndContributionMap":{}}]},{"date":"2024-10-04","commitResults":[{"hash":"76ab90b4b3e8d74636e74cea7306e782bae4cdde","isMergeCommit":true,"messageTitle":"Merge pull request #50 from cshao02/update-readme","messageBody":"Update README","fileTypesAndContributionMap":{}}]},{"date":"2024-10-10","commitResults":[{"hash":"2590b1842e93fa223c7da21b92180819580f994f","isMergeCommit":false,"messageTitle":"Change definition of duplicate person","messageBody":"","fileTypesAndContributionMap":{"functional-code":{"insertions":3,"deletions":2}}},{"hash":"dcafdf83fabe926bfe63ae939e8b270621a92bd9","isMergeCommit":false,"messageTitle":"Update tests","messageBody":"","fileTypesAndContributionMap":{"test-code":{"insertions":8,"deletions":8}}},{"hash":"8ab95f7901984cdd46ab5037cddd70514992b42d","isMergeCommit":true,"messageTitle":"Merge pull request #63 from cshao02/shaoheng/parser/tele","messageBody":"Add parser for telegram username","fileTypesAndContributionMap":{}}]},{"date":"2024-10-11","commitResults":[{"hash":"2792010f139e7969c491cda7944c457bbcb0b693","isMergeCommit":true,"messageTitle":"Merge pull request #69 from cshao02/shaoheng/parser/tele","messageBody":"Fix failing test cases from telegram username","fileTypesAndContributionMap":{}}]},{"date":"2024-10-14","commitResults":[{"hash":"901786c54f7e8ead2083ec41af98d3c45c3f73a1","isMergeCommit":false,"messageTitle":"Setup logic of duplicate handling","messageBody":"","fileTypesAndContributionMap":{"functional-code":{"insertions":85,"deletions":0}}}]},{"date":"2024-10-15","commitResults":[{"hash":"4af9f462dde16b17a3c6072749d625e87947d511","isMergeCommit":false,"messageTitle":"Add boolean variables","messageBody":"","fileTypesAndContributionMap":{"functional-code":{"insertions":8,"deletions":10}}},{"hash":"e511915a82728bb72987a0ca88d27b1adfd8c8b1","isMergeCommit":false,"messageTitle":"Fix checkstyle errors","messageBody":"","fileTypesAndContributionMap":{"functional-code":{"insertions":6,"deletions":6}}},{"hash":"b9654c170cad46c733cf5b128918787be12fdc95","isMergeCommit":false,"messageTitle":"Fix checkstyleTest violations and add some tests","messageBody":"","fileTypesAndContributionMap":{"test-code":{"insertions":48,"deletions":0}}},{"hash":"75cb36bb533eee0c7dc900a8662245c5b077f55d","isMergeCommit":false,"messageTitle":"Fix final tests","messageBody":"","fileTypesAndContributionMap":{"test-code":{"insertions":3,"deletions":0}}},{"hash":"7baf44f9c5161c09824fdc4fdc28833bb6c3e0bd","isMergeCommit":false,"messageTitle":"Update final tests","messageBody":"","fileTypesAndContributionMap":{"test-code":{"insertions":32,"deletions":0}}},{"hash":"abc1aa8a1e652eacfa47e7f484c6d5d434e338c0","isMergeCommit":true,"messageTitle":"Merge pull request #73 from brianchoon/brian/fix-dupe","messageBody":"Fix duplicate handling in Edit Person command","fileTypesAndContributionMap":{}}]},{"date":"2024-10-16","commitResults":[{"hash":"47dca6ee4609320d4f6bc3e9ae0836cdad9d6217","isMergeCommit":true,"messageTitle":"Merge pull request #82 from cshao02/shaoheng/small-bug-fixes","messageBody":"Add colours to roles","fileTypesAndContributionMap":{}},{"hash":"47d675a762a4a573fa2123b996cbda99fdc9098b","isMergeCommit":true,"messageTitle":"Merge pull request #84 from chuajunyu/telegram-username-dupe-handling","messageBody":"Telegram username dupe handling","fileTypesAndContributionMap":{}}]}],"shardhrv":[{"date":"2024-10-03","commitResults":[{"hash":"eadf147bee1b6df6e9b8ea406e70082c067a277c","isMergeCommit":false,"messageTitle":"Update AboutUs to include Dhruv","messageBody":"","fileTypesAndContributionMap":{"docs":{"insertions":4,"deletions":4}}},{"hash":"077dbfeb4e256eccc73d1aea99c689981f126116","isMergeCommit":true,"messageTitle":"Merge pull request #28 from cshao02/branch-update-Readme","messageBody":"Update the link of the GitHub Actions build status badge","fileTypesAndContributionMap":{}},{"hash":"002d69b22f906797e863c51c7f6a65d645a4e89e","isMergeCommit":true,"messageTitle":"Merge pull request #32 from jan-kai1/DevGuide","messageBody":"Update Developer Guide","fileTypesAndContributionMap":{}},{"hash":"fa47482d440dd0c4ce846f53b1147249d0ada825","isMergeCommit":false,"messageTitle":"Update Glossary Terms","messageBody":"","fileTypesAndContributionMap":{"docs":{"insertions":12,"deletions":0}}},{"hash":"9e0e9dc8e35831cc77d6543ce3bf3147f97d81d5","isMergeCommit":false,"messageTitle":"Resolving nit wrt #43","messageBody":"","fileTypesAndContributionMap":{"docs":{"insertions":1,"deletions":1}}}]},{"date":"2024-10-10","commitResults":[{"hash":"199e741ad11926298bc55f39699b828e8cb44c47","isMergeCommit":false,"messageTitle":"Update Prefix definitions","messageBody":"Updated prefix definitions to include\n\nnew role prefix\n","fileTypesAndContributionMap":{"functional-code":{"insertions":1,"deletions":0}}},{"hash":"6f2f2bfe6e0b9b257d1ce2b6f663fc74eae453e9","isMergeCommit":false,"messageTitle":"Update message constraints for RoleHandler","messageBody":"","fileTypesAndContributionMap":{"functional-code":{"insertions":5,"deletions":1}}},{"hash":"676015e3c443ce85a1bea39f676915c52308971e","isMergeCommit":false,"messageTitle":"Add method to check validity of role","messageBody":"","fileTypesAndContributionMap":{"functional-code":{"insertions":12,"deletions":0}}},{"hash":"b619590488fd117d01d24e3f4e70d8399f5215db","isMergeCommit":false,"messageTitle":"Add ability to parse role","messageBody":"ParserUtil will now be able to\n\nparse roles via parseRole\n","fileTypesAndContributionMap":{"functional-code":{"insertions":21,"deletions":0}}},{"hash":"4cb1ba999c13627918d32ff07b5de14a5efc12db","isMergeCommit":false,"messageTitle":"Add tests for ParserUtil#parseRoles","messageBody":"","fileTypesAndContributionMap":{"test-code":{"insertions":29,"deletions":0}}},{"hash":"790441cf93b1a8778f66753ccfaaabda6a90cdf4","isMergeCommit":false,"messageTitle":"Add tests for RoleHandler#isValidRoleName","messageBody":"","fileTypesAndContributionMap":{"functional-code":{"insertions":2,"deletions":0},"test-code":{"insertions":35,"deletions":0}}},{"hash":"49a987529ee5f171976b9e289339e19009677d0f","isMergeCommit":false,"messageTitle":"Refactor to pass checkstyle","messageBody":"","fileTypesAndContributionMap":{"functional-code":{"insertions":5,"deletions":0},"test-code":{"insertions":1,"deletions":3}}}]},{"date":"2024-10-11","commitResults":[{"hash":"a1f802c52b57643a7918f5075f605fe3a65ba366","isMergeCommit":false,"messageTitle":"Refactor isValidRoleName to enhance readability","messageBody":"","fileTypesAndContributionMap":{"functional-code":{"insertions":5,"deletions":9}}},{"hash":"f219925d21b5c1c506a56369c3ec4eccee20efed","isMergeCommit":false,"messageTitle":"Implement parseRoles for multiple strings of roles","messageBody":"","fileTypesAndContributionMap":{"functional-code":{"insertions":15,"deletions":0}}},{"hash":"489dc761ce4410014516bd4bd72306791dde725d","isMergeCommit":false,"messageTitle":"Add test cases for parseRoles","messageBody":"","fileTypesAndContributionMap":{"test-code":{"insertions":29,"deletions":4}}},{"hash":"711875169c82077db8963260550a07d384f94635","isMergeCommit":false,"messageTitle":"Update Person to include roles","messageBody":"","fileTypesAndContributionMap":{"functional-code":{"insertions":15,"deletions":2}}},{"hash":"d9395e7d44cf73e59326b329715b5161b39ef739","isMergeCommit":false,"messageTitle":"Update Sample Data to include roles","messageBody":"","fileTypesAndContributionMap":{"functional-code":{"insertions":37,"deletions":6}}},{"hash":"c07d5e995fdc65bcf90737b87e11fcec1e2d345c","isMergeCommit":false,"messageTitle":"Update PersonBuilder to add roles","messageBody":"","fileTypesAndContributionMap":{"test-code":{"insertions":13,"deletions":1}}},{"hash":"08bc89a93523323b4dafe803b63f3626c49744ec","isMergeCommit":false,"messageTitle":"Update Message Usage in AddCommand","messageBody":"","fileTypesAndContributionMap":{"functional-code":{"insertions":4,"deletions":1}}},{"hash":"805b0562a64a6a2face55a5579d29aa3239a1a2f","isMergeCommit":false,"messageTitle":"Update Message Usage in AddCommand","messageBody":"","fileTypesAndContributionMap":{"functional-code":{"insertions":1,"deletions":0}}},{"hash":"a9bef7519ddae25fce9db6ac0d4908881bf2f71f","isMergeCommit":false,"messageTitle":"Add /r prefix to AddCommandParser","messageBody":"","fileTypesAndContributionMap":{"functional-code":{"insertions":5,"deletions":2}}},{"hash":"5238d21912e8df24f0fe370fa1c915cc46c6033a","isMergeCommit":false,"messageTitle":"Update Message format to include roles","messageBody":"","fileTypesAndContributionMap":{"functional-code":{"insertions":2,"deletions":0}}},{"hash":"b9c32debe74a0c8c165c15ed4d30b40b4ea3f96b","isMergeCommit":false,"messageTitle":"Update EditCommand to include roles","messageBody":"","fileTypesAndContributionMap":{"functional-code":{"insertions":27,"deletions":2}}},{"hash":"a12d45920e694ac44b981c194d6005f80403a76a","isMergeCommit":false,"messageTitle":"Update EditCommandParser to include roles","messageBody":"","fileTypesAndContributionMap":{"functional-code":{"insertions":18,"deletions":1}}},{"hash":"c3f731759327c729079eacfd5d570147a507fc71","isMergeCommit":false,"messageTitle":"Add roles to PersonCard","messageBody":"","fileTypesAndContributionMap":{"functional-code":{"insertions":12,"deletions":1}}},{"hash":"42ac2017ee4f3c47fd506032d27f77ed0317b21e","isMergeCommit":false,"messageTitle":"Update PersonListCard fxml to include roles","messageBody":"","fileTypesAndContributionMap":{"functional-code":{"insertions":1,"deletions":0}}},{"hash":"16d8b25d5829aa4931805f6df17ee57b9f694769","isMergeCommit":false,"messageTitle":"Add ability to store Roles as JSON","messageBody":"Updated JsonAdaptedPerson to include roles\n\nand created JsonAdaptedRole to\n\nstore roles in storage\n","fileTypesAndContributionMap":{"functional-code":{"insertions":64,"deletions":1}}},{"hash":"22a741ba2ff181369cd8a8b260dc106d2988748f","isMergeCommit":false,"messageTitle":"Fixed role edit not registering","messageBody":"and also added CSS for displaying roles\n","fileTypesAndContributionMap":{"functional-code":{"insertions":20,"deletions":3}}},{"hash":"8629fb9ecf78b78dffee73ecef6ab4fa9339fdb3","isMergeCommit":false,"messageTitle":"Add test cases for role parser","messageBody":"","fileTypesAndContributionMap":{"functional-code":{"insertions":1,"deletions":0},"test-code":{"insertions":121,"deletions":17}}},{"hash":"f6b6f0df2876aab4dfdfa7b28fd324167ddb2f05","isMergeCommit":false,"messageTitle":"Refactor according to checkstyle","messageBody":"","fileTypesAndContributionMap":{"docs":{"insertions":7,"deletions":7},"test-code":{"insertions":1,"deletions":1}}},{"hash":"c83b7f0e4d1cf23bc02c6541881a6a4644a99f2a","isMergeCommit":false,"messageTitle":"Refactor according to checkstyle (pt 2)","messageBody":"","fileTypesAndContributionMap":{"test-code":{"insertions":3,"deletions":3}}}]}],"cshao02":[{"date":"2024-10-03","commitResults":[{"hash":"5901461bbe59edc97ac3fe0cb8621a2a7503e0fc","isMergeCommit":false,"messageTitle":"Update AboutUs page with Shaoheng\u0027s info","messageBody":"","fileTypesAndContributionMap":{"docs":{"insertions":5,"deletions":5}}},{"hash":"98e16b7a0d23e9d3c1a48577f31fe8453e3ffc73","isMergeCommit":false,"messageTitle":"Update the link of the GitHub Actions build status badge","messageBody":"","fileTypesAndContributionMap":{"docs":{"insertions":2,"deletions":2}}},{"hash":"97c3b34295b0e748ac02fbc647efa1bb7f77eda5","isMergeCommit":true,"messageTitle":"Merge pull request #15 from chuajunyu/update-chuajunyu-about-us","messageBody":"Update about us page with chuajunyu\u0027s info","fileTypesAndContributionMap":{}},{"hash":"fbf95c1c8f32a3edab08d03184062f400f69c173","isMergeCommit":false,"messageTitle":"Refine branch changes","messageBody":"","fileTypesAndContributionMap":{"docs":{"insertions":9,"deletions":5}}},{"hash":"0d73a7a11581f4320003708ae30212825057ac31","isMergeCommit":false,"messageTitle":"Refine branch changes","messageBody":"","fileTypesAndContributionMap":{"docs":{"insertions":0,"deletions":4}}},{"hash":"b5e45c63ba8848a9707d41066b865b08c03bdccf","isMergeCommit":true,"messageTitle":"Merge pull request #21 from jan-kai1/profile","messageBody":"Update AboutUs with Jan Kai information","fileTypesAndContributionMap":{}},{"hash":"1bd30d528a93f1a7853970e933de25fd7ad2027c","isMergeCommit":true,"messageTitle":"Merge pull request #29 from shardhrv/26-update-aboutus-with-dhruv-info","messageBody":"Update AboutUs to include Dhruv","fileTypesAndContributionMap":{}},{"hash":"8411789ba6a49305345442ae31008f9b18540153","isMergeCommit":false,"messageTitle":"Update site wide settings","messageBody":"","fileTypesAndContributionMap":{"other":{"insertions":2,"deletions":2}}},{"hash":"9e0e78ae234420ae3230fca7c2714fd123c91704","isMergeCommit":true,"messageTitle":"Merge pull request #33 from shardhrv/30-fix-dhruv-aboutus-image","messageBody":"Update image to follow aspect ratio","fileTypesAndContributionMap":{}},{"hash":"b9121306c9979cca32bbd54ac136c9d8fa6447b6","isMergeCommit":false,"messageTitle":"Update AboutUs page","messageBody":"","fileTypesAndContributionMap":{"docs":{"insertions":10,"deletions":10}}},{"hash":"f6a34a55c64a8acd7560afb2120828640f61f647","isMergeCommit":false,"messageTitle":"Add use cases to DG","messageBody":"","fileTypesAndContributionMap":{"docs":{"insertions":63,"deletions":8}}}]},{"date":"2024-10-04","commitResults":[{"hash":"1be5d24e776dd081c7e9e397d1ff7ea7a4040501","isMergeCommit":false,"messageTitle":"Update README","messageBody":"","fileTypesAndContributionMap":{"docs":{"insertions":1,"deletions":1}}}]},{"date":"2024-10-10","commitResults":[{"hash":"e85d4a47381f2ded4579109f178112438d89a0e1","isMergeCommit":true,"messageTitle":"Merge pull request #60 from chuajunyu/telegram-tag-command-logic","messageBody":"Add TelegramUsername class and test file","fileTypesAndContributionMap":{}},{"hash":"a8aafeaaedfc3c5dea86b1d73dc518e719b47641","isMergeCommit":false,"messageTitle":"Add Tele to CliSyntax","messageBody":"","fileTypesAndContributionMap":{"functional-code":{"insertions":2,"deletions":1}}},{"hash":"96b347d4334ffd8a4a420be905ef75f403395c9e","isMergeCommit":true,"messageTitle":"Merge branch \u0027master\u0027 into shaoheng/parser/tele","messageBody":"","fileTypesAndContributionMap":{}},{"hash":"d00b3314d85343c5ee3eca6d46a92b1ce133fc20","isMergeCommit":false,"messageTitle":"Add parser for tele handle","messageBody":"","fileTypesAndContributionMap":{"functional-code":{"insertions":30,"deletions":8}}},{"hash":"df2960b3dbc7ed140d83b22c5bd15673cd56c5f3","isMergeCommit":false,"messageTitle":"Integrate telegram username into model and storage","messageBody":"","fileTypesAndContributionMap":{"functional-code":{"insertions":45,"deletions":11},"test-code":{"insertions":16,"deletions":9}}},{"hash":"122f76b5298c9851aefb054a01311ed59f1b8399","isMergeCommit":false,"messageTitle":"Fix bug on loading Addressbook with null telegram username","messageBody":"","fileTypesAndContributionMap":{"functional-code":{"insertions":24,"deletions":8}}},{"hash":"0c73d0d5b214a32e9620b1369c0f73ec72c68085","isMergeCommit":true,"messageTitle":"Resolve merge conflict","messageBody":"","fileTypesAndContributionMap":{}},{"hash":"27b468157dfd46c87a3e03ab49c59b0c6b613d24","isMergeCommit":false,"messageTitle":"Fix style errors","messageBody":"","fileTypesAndContributionMap":{"functional-code":{"insertions":10,"deletions":5}}},{"hash":"d81e84e1a6c13f8897f3e873d32ce84c945be3b8","isMergeCommit":true,"messageTitle":"Merge pull request #64 from brianchoon/brian/duplicate-contact","messageBody":"Implement duplicate contact handling","fileTypesAndContributionMap":{}},{"hash":"ea1b5722db0de3351dec0830dcb30c76f5bf01a8","isMergeCommit":false,"messageTitle":"Disable failing test cases temporarily","messageBody":"","fileTypesAndContributionMap":{"test-code":{"insertions":59,"deletions":58}}},{"hash":"49a021570bf591d6feccbaeb5f83cbc41148cfbd","isMergeCommit":false,"messageTitle":"Attempt to fix test cases","messageBody":"","fileTypesAndContributionMap":{"functional-code":{"insertions":1,"deletions":1},"test-code":{"insertions":34,"deletions":26}}},{"hash":"5554fa16a3f7071eca9adaf8ae9728d6c21f2c37","isMergeCommit":true,"messageTitle":"Merge branch \u0027shaoheng/parser/tele\u0027 of https://github.com/cshao02/tp into shaoheng/parser/tele","messageBody":"","fileTypesAndContributionMap":{}},{"hash":"084a2e03e9fb2704243693d49c6d64508fe3e8a8","isMergeCommit":true,"messageTitle":"Merge branch \u0027master\u0027 into 59-implement-parser-for-role-tag","messageBody":"","fileTypesAndContributionMap":{}},{"hash":"f45b2a28beacbb21f69ca01fb147788456738db5","isMergeCommit":true,"messageTitle":"Merge pull request #67 from shardhrv/59-implement-parser-for-role-tag","messageBody":"59 implement parser for role tag","fileTypesAndContributionMap":{}}]},{"date":"2024-10-11","commitResults":[{"hash":"74cb6d3b4b05a4bb139c865f3f3d0dc2b3380922","isMergeCommit":false,"messageTitle":"Update EditCommand and EditCommandParser classes with telegram username","messageBody":"","fileTypesAndContributionMap":{"functional-code":{"insertions":13,"deletions":3},"test-code":{"insertions":12,"deletions":2}}},{"hash":"705fc587ae83342a821140c01d479555dff27699","isMergeCommit":true,"messageTitle":"Merge branch \u0027master\u0027 into shaoheng/parser/tele","messageBody":"","fileTypesAndContributionMap":{}},{"hash":"6385f79e87cb372a6756845768d271fdff8638a5","isMergeCommit":false,"messageTitle":"Update test cases for telegram username","messageBody":"","fileTypesAndContributionMap":{"functional-code":{"insertions":2,"deletions":0},"test-code":{"insertions":51,"deletions":43}}},{"hash":"8c6619731544f51123bc13212ce819a7742943f2","isMergeCommit":false,"messageTitle":"Reorder import statements for checkstyle","messageBody":"","fileTypesAndContributionMap":{"functional-code":{"insertions":1,"deletions":1}}},{"hash":"be131e282a4a3ec49e87bde6437bbe9795b91e2e","isMergeCommit":false,"messageTitle":"Add javadoc comments","messageBody":"","fileTypesAndContributionMap":{"test-code":{"insertions":21,"deletions":7}}}]},{"date":"2024-10-15","commitResults":[{"hash":"c75817ef1839e8bb1b6a584a8e3c767699ae6454","isMergeCommit":false,"messageTitle":"Remove tag class and associated functionalities","messageBody":"","fileTypesAndContributionMap":{"functional-code":{"insertions":27,"deletions":265},"test-code":{"insertions":0,"deletions":6}}},{"hash":"aa2f504d2ab8056025208245d8ff428de9c21c93","isMergeCommit":false,"messageTitle":"Update test cases to align to the removal of tag feature","messageBody":"","fileTypesAndContributionMap":{"functional-code":{"insertions":10,"deletions":29},"test-code":{"insertions":52,"deletions":280}}},{"hash":"e9c1b2d70178581b4ce30b11fb3aed16148de5f9","isMergeCommit":false,"messageTitle":"Correct error message","messageBody":"","fileTypesAndContributionMap":{"functional-code":{"insertions":1,"deletions":1}}},{"hash":"d9686ddd774c3e3571654d901ad95b0838358062","isMergeCommit":true,"messageTitle":"Merge pull request #76 from chuajunyu/update-name-and-links","messageBody":"Update app name and user guide links","fileTypesAndContributionMap":{}}]},{"date":"2024-10-16","commitResults":[{"hash":"1c68cacf0df13b916a596db1bcd4e57ce2d9dc10","isMergeCommit":true,"messageTitle":"Merge pull request #80 from jan-kai1/AddingRoleToPerson","messageBody":"Role implementation, resolves conflicts with Tag removal","fileTypesAndContributionMap":{}},{"hash":"c7a6fc6c11ec423c0c5c48e4bacd6bd17156450a","isMergeCommit":false,"messageTitle":"Add colours to roles","messageBody":"","fileTypesAndContributionMap":{"functional-code":{"insertions":35,"deletions":10},"test-code":{"insertions":0,"deletions":3}}},{"hash":"9b429587041c57622cbc3612f9f5684c43196794","isMergeCommit":false,"messageTitle":"Fix style","messageBody":"","fileTypesAndContributionMap":{"functional-code":{"insertions":2,"deletions":2}}}]}],"jan-kai1":[{"date":"2024-10-03","commitResults":[{"hash":"838bc99f56dccf6f33844dc53276459da5fcd10c","isMergeCommit":false,"messageTitle":"Update AboutUs developers","messageBody":"","fileTypesAndContributionMap":{"docs":{"insertions":3,"deletions":3}}},{"hash":"b035fa09948c7070a334999d52b6c8bbd481ed1e","isMergeCommit":true,"messageTitle":"Merge pull request #20 from brianchoon/brian/add-about","messageBody":"Add Brian\u0027s information to AboutUs","fileTypesAndContributionMap":{}},{"hash":"a23694d75bba4448fb528d6e41e1d8574c14e322","isMergeCommit":false,"messageTitle":"Fix Name for Jan Kai Profile","messageBody":"","fileTypesAndContributionMap":{"docs":{"insertions":1,"deletions":1}}},{"hash":"56a4ad4cb7b19ef729780b22644e0de191e74587","isMergeCommit":false,"messageTitle":"Change photo file type","messageBody":"","fileTypesAndContributionMap":{"docs":{"insertions":14,"deletions":12}}},{"hash":"cd126f68feb7b3434811234a6be1399ce96c1211","isMergeCommit":false,"messageTitle":"Undo changes to DeveloperGuide","messageBody":"","fileTypesAndContributionMap":{"docs":{"insertions":13,"deletions":15}}},{"hash":"61ef4775627f92d334bdaf0f61debe776eb435b2","isMergeCommit":false,"messageTitle":"Fix markdown formatting","messageBody":"","fileTypesAndContributionMap":{"docs":{"insertions":8,"deletions":8}}},{"hash":"c66a643ce8992367ee812f43b55818223aecbdfb","isMergeCommit":false,"messageTitle":"Fix markdown formatting","messageBody":"","fileTypesAndContributionMap":{"docs":{"insertions":2,"deletions":2}}},{"hash":"64ae838cd0313d44ae393ca0cf0e65331e64bef1","isMergeCommit":false,"messageTitle":"Change Target user profile, value proposition and User Stories in Developer Guide","messageBody":"","fileTypesAndContributionMap":{"docs":{"insertions":13,"deletions":11}}},{"hash":"d887c90ed738dc7c29157c525d7caf6ba596244e","isMergeCommit":false,"messageTitle":"Add user stories for MVP version","messageBody":"","fileTypesAndContributionMap":{"docs":{"insertions":9,"deletions":8}}},{"hash":"d564f4f43db9d3184a5f56cf9e7ae4e6400abac0","isMergeCommit":false,"messageTitle":"Add NFR to DeveloperGuide","messageBody":"","fileTypesAndContributionMap":{"docs":{"insertions":14,"deletions":3}}},{"hash":"227eb398088ee61d2939f9fe7eda50d75cfec028","isMergeCommit":false,"messageTitle":"Change Jan Kai png name to fit Github username","messageBody":"","fileTypesAndContributionMap":{"docs":{"insertions":1,"deletions":1}}},{"hash":"ce6d4814c2129bfdba15a02a1985f0ce7904882d","isMergeCommit":true,"messageTitle":"Merge pull request #47 from jan-kai1/profilePic","messageBody":"Change Jan Kai png name to fit Github username","fileTypesAndContributionMap":{}}]},{"date":"2024-10-10","commitResults":[{"hash":"cda083352cfc85679abedf4f0612536e881f6d5c","isMergeCommit":false,"messageTitle":"Testing parseCommand of addressbookparser","messageBody":"","fileTypesAndContributionMap":{"test-code":{"insertions":5,"deletions":0}}},{"hash":"eaf1064eadfc90909232641add1dda750bd97c94","isMergeCommit":false,"messageTitle":"Create basic Role classes","messageBody":"","fileTypesAndContributionMap":{"functional-code":{"insertions":256,"deletions":2}}},{"hash":"7ad7e5bb5b4c58dc70a9a1b4a600b5d009f4db5a","isMergeCommit":false,"messageTitle":"Removed unneeded constraints in Role subclasses","messageBody":"","fileTypesAndContributionMap":{"functional-code":{"insertions":0,"deletions":3}}},{"hash":"cdfdb510c5abd452aa5b5bda77df6ce85dd23eba","isMergeCommit":false,"messageTitle":"Add basic test cases for RoleHandler","messageBody":"","fileTypesAndContributionMap":{"functional-code":{"insertions":2,"deletions":2},"test-code":{"insertions":44,"deletions":0}}},{"hash":"4600e9f8157fe22612e687ff904b3f841e10f4f7","isMergeCommit":false,"messageTitle":"Fix checkstyle issues","messageBody":"","fileTypesAndContributionMap":{"functional-code":{"insertions":1,"deletions":2},"test-code":{"insertions":3,"deletions":1}}},{"hash":"03499653a99fbdaa9e35ef42978ce5ab1ef4c3c6","isMergeCommit":false,"messageTitle":"Add basic test cases for Name and Person compareTo","messageBody":"","fileTypesAndContributionMap":{"test-code":{"insertions":35,"deletions":0}}},{"hash":"931cb6a77af4437bad7d8ed1a68235c8ceaeb83c","isMergeCommit":false,"messageTitle":"Add additional test cases for RoleTest","messageBody":"","fileTypesAndContributionMap":{"functional-code":{"insertions":8,"deletions":2},"test-code":{"insertions":98,"deletions":0}}},{"hash":"d747b622bef7977940a04fe0fe977ae4f2afb3c3","isMergeCommit":false,"messageTitle":"Fix checkstyle","messageBody":"","fileTypesAndContributionMap":{"test-code":{"insertions":9,"deletions":7}}},{"hash":"1c49a4cc4008e8d3fe94a05881be3dd73609e30f","isMergeCommit":false,"messageTitle":"Fix Checkstyle issues in tests","messageBody":"","fileTypesAndContributionMap":{"test-code":{"insertions":1,"deletions":3}}},{"hash":"77560c1457b38eb9a7580a5a583f34cf0f84b4d8","isMergeCommit":false,"messageTitle":"Add Tests for RoleTest","messageBody":"","fileTypesAndContributionMap":{"test-code":{"insertions":66,"deletions":0}}},{"hash":"16aca29ebcf52a2ecc6b9481b05b49953772ef8e","isMergeCommit":false,"messageTitle":"Adds tests for RoleHandler","messageBody":"","fileTypesAndContributionMap":{"functional-code":{"insertions":4,"deletions":6},"test-code":{"insertions":81,"deletions":0}}},{"hash":"73cb90adbbbb990b3b1a9e0e125805762c65c062","isMergeCommit":false,"messageTitle":"Remove extra guard clause in RoleHandler isRole","messageBody":"","fileTypesAndContributionMap":{"functional-code":{"insertions":2,"deletions":3},"test-code":{"insertions":2,"deletions":0}}},{"hash":"21b78f2961b6cf1cf4b89f9cebb20b9dd7385fae","isMergeCommit":false,"messageTitle":"Remove assert for codecov","messageBody":"","fileTypesAndContributionMap":{"functional-code":{"insertions":1,"deletions":2}}},{"hash":"96ed7e2f354d1ab6f77046099084e6cac55ee141","isMergeCommit":false,"messageTitle":"Change constructor of Role subclasses to use static ROLE_WORD instead of string","messageBody":"","fileTypesAndContributionMap":{"functional-code":{"insertions":4,"deletions":4}}},{"hash":"80ae48d6419e412b7272da7df3f3f5368e794741","isMergeCommit":true,"messageTitle":"Merge pull request #54 from jan-kai1/RoleTag","messageBody":"Role tag","fileTypesAndContributionMap":{}},{"hash":"90b6606f88b9a1aa5858e7ee3b26633388e11da8","isMergeCommit":false,"messageTitle":"Add role flag and role set to Person","messageBody":"","fileTypesAndContributionMap":{"functional-code":{"insertions":25,"deletions":3}}},{"hash":"f62aff3ca119957f77aca38bb8ad48ca55de84be","isMergeCommit":false,"messageTitle":"Add test cases for tokenize understanding","messageBody":"","fileTypesAndContributionMap":{"test-code":{"insertions":14,"deletions":0}}},{"hash":"0ae8fc82c2a5d039b2af2eea6de29bab8a4bed18","isMergeCommit":false,"messageTitle":"Adds Role to Person object, change getRoles of RoleHandler to a static method","messageBody":"","fileTypesAndContributionMap":{"functional-code":{"insertions":10,"deletions":2},"test-code":{"insertions":38,"deletions":12}}},{"hash":"59065878d64370fb81fc0b36b1bb7943811a8daf","isMergeCommit":false,"messageTitle":"Changes to RoleHandler","messageBody":"","fileTypesAndContributionMap":{"functional-code":{"insertions":2,"deletions":3},"test-code":{"insertions":4,"deletions":4}}},{"hash":"200912903b0869c660c2dd0bd049fe661c5fc7dd","isMergeCommit":false,"messageTitle":"Add testcase for Roles in PersonTest","messageBody":"","fileTypesAndContributionMap":{"test-code":{"insertions":17,"deletions":1}}},{"hash":"bbbae27627b31184bee131501c71e210fffcf320","isMergeCommit":false,"messageTitle":"Fix Checkstyle errors","messageBody":"","fileTypesAndContributionMap":{"test-code":{"insertions":3,"deletions":1}}},{"hash":"34999cbf1ab8ca133f346b73d4d9f95276ddf780","isMergeCommit":false,"messageTitle":"Add additional testcases for PersonTest involving roles","messageBody":"","fileTypesAndContributionMap":{"functional-code":{"insertions":2,"deletions":2},"test-code":{"insertions":35,"deletions":12}}},{"hash":"857544fadaf679454e0dd2e702d6a64f1296d537","isMergeCommit":false,"messageTitle":"Remove change to CLIsyntax, not relevant to issue","messageBody":"","fileTypesAndContributionMap":{"functional-code":{"insertions":0,"deletions":2}}}]},{"date":"2024-10-11","commitResults":[{"hash":"81164beccfc24eb9c85f7a90414774a118fff9d1","isMergeCommit":true,"messageTitle":"Resolve merge conflicts with upstream master repo","messageBody":"","fileTypesAndContributionMap":{}},{"hash":"a19c0ab9587ddb750a9268a41a155ceda52b6b60","isMergeCommit":false,"messageTitle":"Fix Checkstyle","messageBody":"","fileTypesAndContributionMap":{"test-code":{"insertions":1,"deletions":1}}},{"hash":"44b6413d2113243bef22006bd398f021e7db64bc","isMergeCommit":false,"messageTitle":"Add JsonAdaptedRole class","messageBody":"","fileTypesAndContributionMap":{"functional-code":{"insertions":66,"deletions":2},"test-code":{"insertions":17,"deletions":18}}},{"hash":"5ea815f252f699873c9207d7ff7a4b5625bec74b","isMergeCommit":false,"messageTitle":"Add Roles to JsonAdaptedPerson","messageBody":"","fileTypesAndContributionMap":{"functional-code":{"insertions":30,"deletions":4},"test-code":{"insertions":8,"deletions":5}}},{"hash":"1e93d1dec1e0f20e1874f59b0829997c41a01654","isMergeCommit":false,"messageTitle":"Add Roles to Edit Command","messageBody":"","fileTypesAndContributionMap":{"functional-code":{"insertions":53,"deletions":17},"test-code":{"insertions":51,"deletions":24}}},{"hash":"dac6ee8d70ca11034861b09734e980ce5db5e67b","isMergeCommit":false,"messageTitle":"Change testcases","messageBody":"","fileTypesAndContributionMap":{"functional-code":{"insertions":2,"deletions":0},"test-code":{"insertions":20,"deletions":17}}},{"hash":"26f21f845b9dab104c6fa84ebf88cd392e28ccd6","isMergeCommit":false,"messageTitle":"Fix bug in EditPersonDescriptor","messageBody":"","fileTypesAndContributionMap":{"functional-code":{"insertions":1,"deletions":0},"test-code":{"insertions":1,"deletions":0}}},{"hash":"a66658d045c196b6426f9e98a8faa8a2a904ed7a","isMergeCommit":false,"messageTitle":"Fix in util","messageBody":"","fileTypesAndContributionMap":{"test-code":{"insertions":9,"deletions":0}}},{"hash":"324d3e37cfe22ad06e241383c0d08de7b43b6a77","isMergeCommit":false,"messageTitle":"Fix AddressBook Parsing bug","messageBody":"","fileTypesAndContributionMap":{"test-code":{"insertions":5,"deletions":9}}},{"hash":"3291ec6421671fc9558808a99b45a503b6194659","isMergeCommit":false,"messageTitle":"Add Role to Edit command and checkstyle fixes","messageBody":"","fileTypesAndContributionMap":{"functional-code":{"insertions":21,"deletions":3},"test-code":{"insertions":37,"deletions":26}}},{"hash":"d236b31cccebdb6455d3273cd51c9527b117a6a4","isMergeCommit":false,"messageTitle":"Add Role to Add Command","messageBody":"","fileTypesAndContributionMap":{"functional-code":{"insertions":9,"deletions":15}}},{"hash":"fcf370ecd2f145c122b4c46aee2ab5242cff48d6","isMergeCommit":false,"messageTitle":"Checkstyle fixes","messageBody":"","fileTypesAndContributionMap":{"functional-code":{"insertions":14,"deletions":2}}},{"hash":"cd68ff9f6df45eb8e5bb8021319561db163c8ae6","isMergeCommit":false,"messageTitle":"Add additional test cases for coverage","messageBody":"","fileTypesAndContributionMap":{"functional-code":{"insertions":14,"deletions":7},"test-code":{"insertions":110,"deletions":0}}},{"hash":"af90541d8d66af39e88874701a3ff22f1732e273","isMergeCommit":false,"messageTitle":"Fix checkstyle errors","messageBody":"","fileTypesAndContributionMap":{"test-code":{"insertions":6,"deletions":13}}},{"hash":"860baabe496cb1605a766435c76417d7b8ea513a","isMergeCommit":false,"messageTitle":"Remove duplicate checks in JsonAdaptedRole","messageBody":"","fileTypesAndContributionMap":{"functional-code":{"insertions":0,"deletions":3}}}]},{"date":"2024-10-14","commitResults":[{"hash":"6cd1add476dc0ef1030ddef408217a025c8e6fe1","isMergeCommit":true,"messageTitle":"Merge pull request #70 from shardhrv/59-implement-parser-for-role-tag","messageBody":"Merge into MergeRoleConflict branch to resolve conflicts","fileTypesAndContributionMap":{}},{"hash":"fc1a4c5baca1c6796cb5e72404b01ccad23e0aab","isMergeCommit":true,"messageTitle":"Resolve merge conflicts between 2 Role PRs","messageBody":"","fileTypesAndContributionMap":{}},{"hash":"a4f7c6fdbfbb7b7e057556ebce91368813637124","isMergeCommit":false,"messageTitle":"Remove optional constructor","messageBody":"","fileTypesAndContributionMap":{"functional-code":{"insertions":14,"deletions":14},"test-code":{"insertions":29,"deletions":12}}},{"hash":"81fab8139c7142aee02be71aa4cf865fff3c090d","isMergeCommit":false,"messageTitle":"Add tests for EditPersonDescriptor equals method","messageBody":"","fileTypesAndContributionMap":{"test-code":{"insertions":27,"deletions":6}}}]},{"date":"2024-10-16","commitResults":[{"hash":"7796ae71399971a02332c6ac3c6f44be477366c9","isMergeCommit":true,"messageTitle":"Resolve merge conflict with master, removal of tag","messageBody":"","fileTypesAndContributionMap":{}}]}]},"authorFileTypeContributionMap":{"chuajunyu":{"docs":4,"functional-code":127,"test-code":166,"other":1},"brianchoon":{"docs":16,"functional-code":74,"test-code":91},"shardhrv":{"docs":16,"functional-code":117,"test-code":132},"cshao02":{"docs":71,"functional-code":132,"test-code":89,"other":3},"jan-kai1":{"docs":31,"functional-code":472,"test-code":613}},"authorContributionVariance":{"chuajunyu":1997.7065,"brianchoon":715.6543,"shardhrv":7920.893,"cshao02":20237.654,"jan-kai1":39038.207},"authorDisplayNameMap":{"chuajunyu":"CS2103T-F09-2 CHUA..N YU","brianchoon":"CS2103T-F09-2 BRIA.. HAO","shardhrv":"CS2103T-F09-2 DHRU..ARMA","cshao02":"CS2103T-F09-2 CHEN..HENG","jan-kai1":"CS2103T-F09-2 THEN.. KAI"}}
