{"authorDailyContributionsMap":{"lim-jt":[{"date":"2024-10-03","commitResults":[{"hash":"0ed7a5495673917298b51ed32034c4d3879400b7","isMergeCommit":false,"messageTitle":"Add Juntong\u0027s details in AboutUs","messageBody":"","fileTypesAndContributionMap":{"docs":{"insertions":4,"deletions":4}}},{"hash":"bacd5ca9c1d72c46a3b0ec6125d20d23a1cc39ac","isMergeCommit":true,"messageTitle":"Merge branch \u0027branch-add-juntong-photo\u0027","messageBody":"","fileTypesAndContributionMap":{}},{"hash":"adb51757807f1d6494c30d3d861e5d316afe7b82","isMergeCommit":false,"messageTitle":"Add juntong\u0027s AboutUs details","messageBody":"","fileTypesAndContributionMap":{"docs":{"insertions":1,"deletions":1}}},{"hash":"e4d634e0d8417eff56cc423b4038ecd18a0ea156","isMergeCommit":true,"messageTitle":"Merge branch \u0027master\u0027 into branch-update-AboutUs","messageBody":"","fileTypesAndContributionMap":{}},{"hash":"d57f946b7acb20d3430148f9022004760b39509d","isMergeCommit":true,"messageTitle":"Merge pull request #15 from volleyballkickedme/branch-update-AboutUs","messageBody":"Branch update about us","fileTypesAndContributionMap":{}},{"hash":"095fc4190e36ac5c860554059ab9e8b1c7151d34","isMergeCommit":true,"messageTitle":"Merge branch \u0027branch-update-juntong-aboutUs\u0027","messageBody":"","fileTypesAndContributionMap":{}}]},{"date":"2024-10-10","commitResults":[{"hash":"6c85bd858e1796b93bf5044ef8c02793d1425468","isMergeCommit":false,"messageTitle":"Edit help window to include command list and format","messageBody":"","fileTypesAndContributionMap":{"functional-code":{"insertions":19,"deletions":3}}},{"hash":"f5861f7eb54af9c77c40d80495e4dd828f718378","isMergeCommit":false,"messageTitle":"Edit style of help window","messageBody":"","fileTypesAndContributionMap":{"functional-code":{"insertions":23,"deletions":18}}},{"hash":"0a51ab54c9f96c4c0556e4103279a5c564e46e47","isMergeCommit":false,"messageTitle":"Add appointment command into help window","messageBody":"","fileTypesAndContributionMap":{"functional-code":{"insertions":1,"deletions":1}}}]},{"date":"2024-10-24","commitResults":[{"hash":"d6e4952087f56ab58326eb89c84e7fcb39d1861b","isMergeCommit":false,"messageTitle":"Add command word shortcuts","messageBody":"","fileTypesAndContributionMap":{"functional-code":{"insertions":54,"deletions":24}}},{"hash":"8451bc01a1d266aa2cbf04f1c536568c47cf75b3","isMergeCommit":false,"messageTitle":"Update UML Diagrams in DG","messageBody":"","fileTypesAndContributionMap":{"docs":{"insertions":19,"deletions":12}}},{"hash":"c5cfb9bf4440bfb68da63ae7a855efe75da67a0a","isMergeCommit":true,"messageTitle":"Merge pull request #71 from itsnotsherm/logging-patient-info","messageBody":"Add log command","fileTypesAndContributionMap":{}},{"hash":"d855eb524fff0fba5476a8c2087cc3400a7b3663","isMergeCommit":false,"messageTitle":"Update Model UML Diagrams to include LogList, Tag, Appointment, Remark and Log classes","messageBody":"","fileTypesAndContributionMap":{"docs":{"insertions":15,"deletions":0}}},{"hash":"673a12ddc88ad970584a680537e4a287b1b20bbf","isMergeCommit":false,"messageTitle":"Resize model class diagram","messageBody":"","fileTypesAndContributionMap":{"docs":{"insertions":1,"deletions":1}}},{"hash":"08e41de1e3fe98bbc8b5a2ca35fef0a315dcc7f2","isMergeCommit":false,"messageTitle":"Update multiplicity for model class diagrams","messageBody":"","fileTypesAndContributionMap":{"docs":{"insertions":10,"deletions":10}}}]},{"date":"2024-11-07","commitResults":[{"hash":"0f180d4678bbc18fcd7cee160f210d5eca22b43e","isMergeCommit":false,"messageTitle":"Add triage command feature","messageBody":"","fileTypesAndContributionMap":{"functional-code":{"insertions":348,"deletions":93},"test-code":{"insertions":96,"deletions":40}}},{"hash":"cb40b13aee761193d0ddcdf54d170694d08bd97b","isMergeCommit":false,"messageTitle":"Add and fix test cases","messageBody":"","fileTypesAndContributionMap":{"functional-code":{"insertions":9,"deletions":10},"test-code":{"insertions":316,"deletions":75}}},{"hash":"a120cf8175bbbfe4af4ed684b57bdf40c4cfa602","isMergeCommit":true,"messageTitle":"Merge branch \u0027master\u0027 into update-user-guide","messageBody":"","fileTypesAndContributionMap":{}},{"hash":"a264f643d57d91627e5c5ac82b291afb2c43da5e","isMergeCommit":true,"messageTitle":"Merge pull request #114 from itsnotsherm/update-user-guide","messageBody":"Update UG to match current iteration of features","fileTypesAndContributionMap":{}},{"hash":"cba260f9bf6a8798ef6bec47f47e63e356b69881","isMergeCommit":true,"messageTitle":"Merge pull request #123 from itsnotsherm/update-DG","messageBody":"Add use cases for all current features","fileTypesAndContributionMap":{}},{"hash":"f61d0042667edeac1e6767b4e06e72237edd2ac3","isMergeCommit":true,"messageTitle":"Merge pull request #115 from Dominic-Khoo/branch-viewwindow","messageBody":"Add appointment details to view window of ViewCommand","fileTypesAndContributionMap":{}},{"hash":"3b6d4d87f02bd19e89579bc4921d41959ded9d1b","isMergeCommit":true,"messageTitle":"Merge pull request #132 from reidenong/branch-fix-checkstyle","messageBody":"Fix checkstyle","tags":["v1.5"],"fileTypesAndContributionMap":{}}]},{"date":"2024-11-10","commitResults":[{"hash":"f07836681782bc52b1ba78ffad5f8604d3162b15","isMergeCommit":false,"messageTitle":"Update UG with Triage Command","messageBody":"","fileTypesAndContributionMap":{"docs":{"insertions":55,"deletions":30}}},{"hash":"c1d2ee2625595b0cb36b0f7a195624e3296ebdbb","isMergeCommit":false,"messageTitle":"Add newline to UG EOF","messageBody":"","fileTypesAndContributionMap":{"docs":{"insertions":20,"deletions":1}}},{"hash":"7b94474631d0408cfcb5c951c8915b8d406a80ff","isMergeCommit":false,"messageTitle":"Update help window to include triage command","messageBody":"","fileTypesAndContributionMap":{"functional-code":{"insertions":5,"deletions":3}}}]}],"reidenong":[{"date":"2024-10-03","commitResults":[{"hash":"d426910fe585ed1b1fbb134ef3b20d4cfbd36fdb","isMergeCommit":false,"messageTitle":"Initialize tp repo","messageBody":"","fileTypesAndContributionMap":{"other":{"insertions":580,"deletions":0}}},{"hash":"de0748b6075cf2de7d8a77a04df803a1260a2b24","isMergeCommit":false,"messageTitle":"Add reidenong profile to AboutUs","messageBody":"","fileTypesAndContributionMap":{"docs":{"insertions":19,"deletions":9}}},{"hash":"63fa2b34213d18ba0c044cfa78aaac005edba997","isMergeCommit":true,"messageTitle":"Merge pull request #16 from lim-jt/branch-update-juntong-aboutUs","messageBody":"Branch update juntong about us","fileTypesAndContributionMap":{}},{"hash":"b5ff5a9366332010b0380fd98ffb5ca6c7a37e3b","isMergeCommit":false,"messageTitle":"Change DG to tP context","messageBody":"","fileTypesAndContributionMap":{"docs":{"insertions":100,"deletions":7}}},{"hash":"a613de2996c4050d602f938e618f7a80f8c7bfed","isMergeCommit":true,"messageTitle":"Merge pull request #28 from reidenong/branch-edit-DG","messageBody":"Change DG to tP context","fileTypesAndContributionMap":{}},{"hash":"224680b64e5e77109af76bfaebd3d4dd13f0d75a","isMergeCommit":true,"messageTitle":"Merge pull request #27 from itsnotsherm/DG-UserStories","messageBody":"Add user stories to DG","fileTypesAndContributionMap":{}},{"hash":"b7154a803be7df6807b9ecf523c9d548a3b4323d","isMergeCommit":true,"messageTitle":"Merge pull request #25 from itsnotsherm/DG-ProductScope","messageBody":"Update DG Product Scope","fileTypesAndContributionMap":{}}]},{"date":"2024-10-08","commitResults":[{"hash":"7cf64a2cccfad57f2f75e0eb8a78fe99d91f17b5","isMergeCommit":false,"messageTitle":"Add appointment feature","messageBody":"To add an appointment to a person, use the command `appointment`\nfollowed by the index of the person in the list, the date and\ntime of the appointment.\n","fileTypesAndContributionMap":{"functional-code":{"insertions":264,"deletions":14}}},{"hash":"e4173078a76669b952e9c2fb2def43c6b9cd7747","isMergeCommit":false,"messageTitle":"Fix test cases for appointment feature","messageBody":"","fileTypesAndContributionMap":{"functional-code":{"insertions":3,"deletions":3},"test-code":{"insertions":10,"deletions":10}}},{"hash":"dbc907517762d7721b940ed468aac4cc21e444be","isMergeCommit":true,"messageTitle":"Merge pull request #1 from reidenong/branch-appointment","messageBody":"Add appointment feature","fileTypesAndContributionMap":{}},{"hash":"63b067b1ecb5a610972a89b0a23b105f797f0fd3","isMergeCommit":true,"messageTitle":"Merge branch \u0027AY2425S1-CS2103T-W11-1a:master\u0027 into master","messageBody":"","fileTypesAndContributionMap":{}}]},{"date":"2024-10-10","commitResults":[{"hash":"4eb5e707974f313328eac1facf410fd8663eb048","isMergeCommit":false,"messageTitle":"Add AppointmentCommand arg validation","messageBody":"","fileTypesAndContributionMap":{"functional-code":{"insertions":48,"deletions":1}}},{"hash":"688402234bc033d3abebf4c0f51ca5c7f71afeb1","isMergeCommit":false,"messageTitle":"Remove trailing whitespace","messageBody":"","fileTypesAndContributionMap":{"functional-code":{"insertions":1,"deletions":1}}},{"hash":"37bbf306e984cdbb57da321c24d8f5002649f62a","isMergeCommit":false,"messageTitle":"Remove trailing whitespace","messageBody":"","fileTypesAndContributionMap":{"functional-code":{"insertions":1,"deletions":2}}},{"hash":"bb629e362dc477634ff79d7bdebc8b8da4c6791b","isMergeCommit":false,"messageTitle":"Remove trailing whitespace","messageBody":"","fileTypesAndContributionMap":{"docs":{"insertions":1,"deletions":1}}}]},{"date":"2024-10-11","commitResults":[{"hash":"c2ff1a600d7617161016246e178823ef1d679c4f","isMergeCommit":false,"messageTitle":"Fix checkstyle errors","messageBody":"","fileTypesAndContributionMap":{"functional-code":{"insertions":13,"deletions":11},"test-code":{"insertions":8,"deletions":4}}},{"hash":"83f441aa996baae9f9613a38413a5799aa9f41ad","isMergeCommit":false,"messageTitle":"Resolve comment suggestions","messageBody":"","fileTypesAndContributionMap":{"functional-code":{"insertions":1,"deletions":17}}}]},{"date":"2024-10-16","commitResults":[{"hash":"630577d27be717e7c95cabda679c7b09a33d3a02","isMergeCommit":true,"messageTitle":"Merge pull request #49 from Dominic-Khoo/branch-add-view-command","messageBody":"Add view command and NRIC field","fileTypesAndContributionMap":{}}]},{"date":"2024-10-17","commitResults":[{"hash":"2a16f56364c38bcfcae1902a00be2b6d6edbb7fe","isMergeCommit":true,"messageTitle":"Merge branch \u0027master\u0027 of https://github.com/reidenong/tp","messageBody":"","fileTypesAndContributionMap":{}},{"hash":"45a47cae2b68dee1290cf673d15791ad95224305","isMergeCommit":false,"messageTitle":"Merge remarks, nric features","messageBody":"","fileTypesAndContributionMap":{"functional-code":{"insertions":6,"deletions":6}}},{"hash":"112a00f6f9efb26a86acf4bc1c424d4955404a38","isMergeCommit":false,"messageTitle":"Fixed checkstyle","messageBody":"","fileTypesAndContributionMap":{"functional-code":{"insertions":20,"deletions":6},"test-code":{"insertions":120,"deletions":32}}},{"hash":"a1c50ae2f97d8aa8313d63883c96bcb6876a9c5e","isMergeCommit":false,"messageTitle":"Add appointment to PersonBuilder","messageBody":"","fileTypesAndContributionMap":{"test-code":{"insertions":97,"deletions":27}}},{"hash":"9ed71d303fe67a9917bbd79e046531514cd9479a","isMergeCommit":false,"messageTitle":"Make Appointment unit tests","messageBody":"","fileTypesAndContributionMap":{"test-code":{"insertions":80,"deletions":0}}},{"hash":"a7896c6cc4926512357710e3d065c38507d4c220","isMergeCommit":false,"messageTitle":"Add AppointmentCommandParser unit tests","messageBody":"","fileTypesAndContributionMap":{"functional-code":{"insertions":32,"deletions":11},"test-code":{"insertions":111,"deletions":0}}},{"hash":"e3d7634c25aa4d751111966129a6bf7051e41221","isMergeCommit":true,"messageTitle":"Merge pull request #55 from itsnotsherm/view-popup","messageBody":"Create pop-up window for View command","tags":["v1.3"],"fileTypesAndContributionMap":{}}]},{"date":"2024-10-22","commitResults":[{"hash":"c88335eafdd382f75dd2ed1519cada8277088f8f","isMergeCommit":false,"messageTitle":"Add scheduling feature","messageBody":"","fileTypesAndContributionMap":{"functional-code":{"insertions":63,"deletions":0}}},{"hash":"0d1a184ddacc05322c193ca0c5c4abb5389b550d","isMergeCommit":false,"messageTitle":"Add ScheduleCommand unit tests","messageBody":"","fileTypesAndContributionMap":{"test-code":{"insertions":99,"deletions":0}}},{"hash":"dcb8588a82e9f2c471215e24544620354a5aee3b","isMergeCommit":false,"messageTitle":"Add unit tests for ScheduleCommand","messageBody":"","fileTypesAndContributionMap":{"functional-code":{"insertions":5,"deletions":4},"test-code":{"insertions":74,"deletions":46}}},{"hash":"1a6f9e50ab8665ca0929cb0b33b14040607bfb03","isMergeCommit":false,"messageTitle":"Fix ScheduleCommand bug","messageBody":"","fileTypesAndContributionMap":{"functional-code":{"insertions":1,"deletions":6}}},{"hash":"29c8da040a962d8f577ef7b70d31dd7c24f0947a","isMergeCommit":false,"messageTitle":"Add AddressBookParser unit tests","messageBody":"","fileTypesAndContributionMap":{"test-code":{"insertions":6,"deletions":0}}}]},{"date":"2024-11-01","commitResults":[{"hash":"dcccb18cdeb62144762389f6a141b8e4289b78ef","isMergeCommit":true,"messageTitle":"Merge pull request #77 from volleyballkickedme/nric-indexing","messageBody":"Nric indexing","fileTypesAndContributionMap":{}}]},{"date":"2024-11-07","commitResults":[{"hash":"3d69cf2884d1720f62d70df8eb3b249ae9dca041","isMergeCommit":false,"messageTitle":"Fix help window formatting","messageBody":"","fileTypesAndContributionMap":{"functional-code":{"insertions":1,"deletions":1}}},{"hash":"4f43c6d2a4e50f9dfa113273df911aa902bd6dcc","isMergeCommit":false,"messageTitle":"Fix remark CLI message","messageBody":"","fileTypesAndContributionMap":{"functional-code":{"insertions":1,"deletions":1},"test-code":{"insertions":6,"deletions":3}}},{"hash":"ea622565ef3e666d6c0979927a130face56064bb","isMergeCommit":false,"messageTitle":"Add to Developer Guide","messageBody":"","fileTypesAndContributionMap":{"docs":{"insertions":14,"deletions":0}}},{"hash":"2de89fb73a8c09885c989eb8654926a1f40328c3","isMergeCommit":true,"messageTitle":"Merge pull request #102 from reidenong/branch-improve-dg","messageBody":"Add to Developer Guide","fileTypesAndContributionMap":{}},{"hash":"625ef3b836570adf7d4246d42f8bd4141dd54b6e","isMergeCommit":false,"messageTitle":"Add to User Guide","messageBody":"","fileTypesAndContributionMap":{"docs":{"insertions":9,"deletions":4}}},{"hash":"255a224b93d9824851def8c1181875df387c108e","isMergeCommit":true,"messageTitle":"Merge pull request #103 from reidenong/branch-improve-ug","messageBody":"Add to User Guide","fileTypesAndContributionMap":{}},{"hash":"989274d70d7f2190b942990c5b15f9638981d811","isMergeCommit":true,"messageTitle":"Merge branch \u0027master\u0027 into add-triage-command","messageBody":"","fileTypesAndContributionMap":{}},{"hash":"c3fc41e9540a63b93f6cffddc100533454223359","isMergeCommit":true,"messageTitle":"Merge pull request #124 from lim-jt/add-triage-command","messageBody":"Add triage command","fileTypesAndContributionMap":{}},{"hash":"314dd4db27d83885bcd9d60e4627798e33c038b8","isMergeCommit":false,"messageTitle":"Remove Star import","messageBody":"","fileTypesAndContributionMap":{"functional-code":{"insertions":7,"deletions":1}}},{"hash":"f0fa7d97fd41408f66693c4812f017a3dcfa0f88","isMergeCommit":false,"messageTitle":"Remove Start Imports","messageBody":"","fileTypesAndContributionMap":{"functional-code":{"insertions":16,"deletions":4}}},{"hash":"8bf468d1a4f70755eeaf91298b4af9a52045b780","isMergeCommit":false,"messageTitle":"Remove Star Imports","messageBody":"","fileTypesAndContributionMap":{"functional-code":{"insertions":27,"deletions":3}}},{"hash":"67a8d889e95e6767d4d891a8925cc72007a92eb5","isMergeCommit":false,"messageTitle":"Fix checkstyle","messageBody":"","fileTypesAndContributionMap":{"functional-code":{"insertions":14,"deletions":6}}},{"hash":"130163d9a127607f290b8d483a5293672c0c4cf1","isMergeCommit":false,"messageTitle":"Fix checkstyle","messageBody":"","fileTypesAndContributionMap":{"functional-code":{"insertions":16,"deletions":9}}},{"hash":"e7e875983cfa64e2d1d2e1c390939d2646e96308","isMergeCommit":false,"messageTitle":"Fix checkstyle","messageBody":"","fileTypesAndContributionMap":{"test-code":{"insertions":7,"deletions":9}}},{"hash":"53d9f1a0c174d482c2548eb672c28bca1cd0342c","isMergeCommit":false,"messageTitle":"Fix checkstyle","messageBody":"","fileTypesAndContributionMap":{"test-code":{"insertions":14,"deletions":2}}},{"hash":"74eb813353e52a79246936303191344d793e761f","isMergeCommit":false,"messageTitle":"Fix checkstyle","messageBody":"","fileTypesAndContributionMap":{"test-code":{"insertions":3,"deletions":5}}},{"hash":"1876becbc9b3f06a6e5493a35d82681b9ce5db6d","isMergeCommit":false,"messageTitle":"Fix checkstyle","messageBody":"","fileTypesAndContributionMap":{"test-code":{"insertions":1,"deletions":1}}},{"hash":"cd528177e20b714c6f7bcfc52b079502b3c49333","isMergeCommit":false,"messageTitle":"Remove star import","messageBody":"","fileTypesAndContributionMap":{"test-code":{"insertions":38,"deletions":2}}},{"hash":"a2f38cedde107a7806197e9bb1affca6ffc92a35","isMergeCommit":false,"messageTitle":"Fix checkstyle","messageBody":"","fileTypesAndContributionMap":{"test-code":{"insertions":40,"deletions":5}}},{"hash":"72f3d197f22d01a86a0cd40bd984aa0d7be9f0fd","isMergeCommit":false,"messageTitle":"Fix checkstyle","messageBody":"","fileTypesAndContributionMap":{"test-code":{"insertions":15,"deletions":2}}},{"hash":"c8f09bc03c2a120b8f99272d6ea205c21f998662","isMergeCommit":false,"messageTitle":"Fix checkstyle","messageBody":"","fileTypesAndContributionMap":{"test-code":{"insertions":0,"deletions":20}}}]},{"date":"2024-11-09","commitResults":[{"hash":"d0f804c2dc480c2427ef59044a095346af88e8ce","isMergeCommit":false,"messageTitle":"Add Address Unit tests","messageBody":"","fileTypesAndContributionMap":{"test-code":{"insertions":14,"deletions":0}}}]}],"volleyballkickedme":[{"date":"2024-10-03","commitResults":[{"hash":"f13d674ca4f787760543295d4a63d9139a454ddc","isMergeCommit":true,"messageTitle":"Merge pull request #9 from lim-jt/branch-add-juntong-photo","messageBody":"Add Juntong\u0027s photo","fileTypesAndContributionMap":{}},{"hash":"0aaf669523e563972550cd9fa290f2e530c43d5d","isMergeCommit":false,"messageTitle":"Update AboutUs","messageBody":"","fileTypesAndContributionMap":{"docs":{"insertions":2,"deletions":2}}},{"hash":"57766cc9c996bc6f1a9d3e61fd3efafa5f55298b","isMergeCommit":false,"messageTitle":"Update AboutUs","messageBody":"","fileTypesAndContributionMap":{"docs":{"insertions":2,"deletions":2}}},{"hash":"d64e7b4fb0c0d5538b9f00e0d72af435054b333c","isMergeCommit":false,"messageTitle":"Add workflow status badge","messageBody":"","fileTypesAndContributionMap":{"docs":{"insertions":1,"deletions":1}}},{"hash":"1aa519261126a75c5fc9836d55e1ea59839c5f74","isMergeCommit":false,"messageTitle":"Add acknowledgement","messageBody":"","fileTypesAndContributionMap":{"docs":{"insertions":2,"deletions":0}}},{"hash":"af083ff29d2ed4fc390a309f3c6fcca63a9b9de4","isMergeCommit":false,"messageTitle":"Update the rest of the README to reflect our project","messageBody":"","fileTypesAndContributionMap":{"docs":{"insertions":9,"deletions":9}}},{"hash":"1414f4c266bce784b7cc3e11f6e080905cbd6fd2","isMergeCommit":true,"messageTitle":"Merge branch \u0027master\u0027 into branch-update-README","messageBody":"","fileTypesAndContributionMap":{}},{"hash":"29f7651e5abb268e7be06b868c95aa7ef3934796","isMergeCommit":false,"messageTitle":"Update workflow status badge","messageBody":"","fileTypesAndContributionMap":{"docs":{"insertions":1,"deletions":1}}},{"hash":"072c7936e659cd3cb9315e99853e857a77061830","isMergeCommit":false,"messageTitle":"Revert \"Update workflow status badge\"","messageBody":"This reverts commit 29f7651e5abb268e7be06b868c95aa7ef3934796.\n","fileTypesAndContributionMap":{"docs":{"insertions":1,"deletions":1}}},{"hash":"d0ef0dcc7242af795c56fed8dd588e7f31680640","isMergeCommit":false,"messageTitle":"Update README to display codecov CI status","messageBody":"","fileTypesAndContributionMap":{"docs":{"insertions":3,"deletions":1}}},{"hash":"6a9ae9fdf8bb0491212179f872e5ee185a063c04","isMergeCommit":false,"messageTitle":"Create Remark Command class","messageBody":"","fileTypesAndContributionMap":{"functional-code":{"insertions":16,"deletions":0}}},{"hash":"3ac3f47d2cc53faa1d2db2e9afa8b23123586225","isMergeCommit":false,"messageTitle":"Update tests to support new RemarkCommand class","messageBody":"","fileTypesAndContributionMap":{"functional-code":{"insertions":19,"deletions":3},"test-code":{"insertions":25,"deletions":0}}},{"hash":"31fa50109cbf39107565684dcc298475b6f2287a","isMergeCommit":false,"messageTitle":"Create new Remark Command Parser class","messageBody":"Update tests to support\n","fileTypesAndContributionMap":{"functional-code":{"insertions":69,"deletions":4},"test-code":{"insertions":70,"deletions":3}}},{"hash":"706289564b318fa6c50bb37bfb8183e04ff5aa60","isMergeCommit":false,"messageTitle":"Add new Remark class","messageBody":"Update tests to match\n","fileTypesAndContributionMap":{"functional-code":{"insertions":33,"deletions":3},"test-code":{"insertions":36,"deletions":9}}},{"hash":"d78310cd23f6fa6ecf2afc73bce161ce89fc8a3b","isMergeCommit":false,"messageTitle":"Update Ui to reflect placeholder for remark","messageBody":"","fileTypesAndContributionMap":{"functional-code":{"insertions":3,"deletions":0}}},{"hash":"2f3a35c4f149e34d0177b5bc7c443ff5f5db83fc","isMergeCommit":false,"messageTitle":"Modify Person to support Remark","messageBody":"","fileTypesAndContributionMap":{"functional-code":{"insertions":27,"deletions":10},"test-code":{"insertions":14,"deletions":1}}},{"hash":"00c7aaa55b7603381252fc2eeed2587471f75875","isMergeCommit":false,"messageTitle":"Add remark field to JSON","messageBody":"","fileTypesAndContributionMap":{"functional-code":{"insertions":8,"deletions":2},"test-code":{"insertions":13,"deletions":10}}},{"hash":"04b3a01d478d0f4e98fe8620f30f8236b47017df","isMergeCommit":false,"messageTitle":"Bind remark to UI","messageBody":"","fileTypesAndContributionMap":{"functional-code":{"insertions":1,"deletions":0}}},{"hash":"a5a2adeb8d24662656f7040ddbee92a6564cab3d","isMergeCommit":false,"messageTitle":"Implement RemarkCommand","messageBody":"Update tests to match\n","fileTypesAndContributionMap":{"functional-code":{"insertions":32,"deletions":2},"test-code":{"insertions":60,"deletions":4}}}]},{"date":"2024-10-10","commitResults":[{"hash":"9e4bbdb8dbee5587c0c67c8a809945db49c81a2d","isMergeCommit":false,"messageTitle":"Add new line at EOF","messageBody":"","fileTypesAndContributionMap":{"functional-code":{"insertions":1,"deletions":0}}},{"hash":"923c35cc20bfac08bccba59329ace48edb4cd24e","isMergeCommit":false,"messageTitle":"Add new line at EOF","messageBody":"","fileTypesAndContributionMap":{"functional-code":{"insertions":1,"deletions":2}}},{"hash":"9e747816e944ee7c74e075855e37c479de78866a","isMergeCommit":false,"messageTitle":"FIx checkstyle","messageBody":"","fileTypesAndContributionMap":{"functional-code":{"insertions":3,"deletions":6}}},{"hash":"cc13371a782c163d1003a74feb0632f32b6a9b3e","isMergeCommit":false,"messageTitle":"Revert \"FIx checkstyle\"","messageBody":"This reverts commit 9e747816e944ee7c74e075855e37c479de78866a.\n","fileTypesAndContributionMap":{"functional-code":{"insertions":6,"deletions":3}}}]},{"date":"2024-10-11","commitResults":[{"hash":"6001c8747afbd082abf2437479c04d926906a380","isMergeCommit":false,"messageTitle":"Update code to adhere to checkstyle","messageBody":"","fileTypesAndContributionMap":{"functional-code":{"insertions":10,"deletions":7},"test-code":{"insertions":16,"deletions":8}}},{"hash":"fffcbaf9c89d05299b0396b2a289fda36063871d","isMergeCommit":false,"messageTitle":"Update PersonTest to support Remark feature","messageBody":"","fileTypesAndContributionMap":{"test-code":{"insertions":2,"deletions":1}}},{"hash":"7bacf57d30063a5cc4a23624db9822952cf8f703","isMergeCommit":false,"messageTitle":"Update RemarkCommandTest to support Remark feature","messageBody":"","fileTypesAndContributionMap":{"functional-code":{"insertions":1,"deletions":1},"test-code":{"insertions":6,"deletions":0}}},{"hash":"ba7000cb1910b7a224b4defda03fb2581102f728","isMergeCommit":false,"messageTitle":"Update RemarkTest to support Remark feature","messageBody":"","fileTypesAndContributionMap":{"test-code":{"insertions":30,"deletions":0}}}]},{"date":"2024-10-19","commitResults":[{"hash":"9201f1806b57a2e76bda23ae16e7d843f3a751d3","isMergeCommit":false,"messageTitle":"Update all text instructions","messageBody":"","fileTypesAndContributionMap":{"docs":{"insertions":31,"deletions":32}}},{"hash":"ee3d07324997057734daacbdfa088da06cffd54e","isMergeCommit":false,"messageTitle":"Add new commands to User Guide","messageBody":"","fileTypesAndContributionMap":{"docs":{"insertions":39,"deletions":10}}},{"hash":"36cde2894ea1808742b6bf4135ae744500d39b9e","isMergeCommit":false,"messageTitle":"Correct mistakes","messageBody":"","fileTypesAndContributionMap":{"docs":{"insertions":0,"deletions":5}}},{"hash":"9b0cea9e9da09da807903db208b36ea94b36fe6f","isMergeCommit":false,"messageTitle":"Add link to user Guide","messageBody":"","fileTypesAndContributionMap":{"docs":{"insertions":1,"deletions":0}}},{"hash":"28491a3c97a4a89853492775e0ba1a5c9d56d823","isMergeCommit":false,"messageTitle":"Update table of contents to include all commands","messageBody":"","fileTypesAndContributionMap":{"docs":{"insertions":13,"deletions":7}}},{"hash":"406240a334b52d6628235c933617237568d4f829","isMergeCommit":false,"messageTitle":"Update UserGuide.md","messageBody":"","fileTypesAndContributionMap":{"docs":{"insertions":2,"deletions":2}}}]},{"date":"2024-10-22","commitResults":[{"hash":"f992418a5a7cca235ad86421a9cd6e696e5d32c0","isMergeCommit":false,"messageTitle":"Update EditCommand to support editing of appointment date","messageBody":"","fileTypesAndContributionMap":{"functional-code":{"insertions":21,"deletions":4}}},{"hash":"38f5228b8159ac86f084453b0a3b192b64c9dcfc","isMergeCommit":false,"messageTitle":"Update EditCommand class to support edit Appointment feature","messageBody":"","fileTypesAndContributionMap":{"functional-code":{"insertions":6,"deletions":2}}},{"hash":"3633d6e353003147d4a37de093c56e07766b5478","isMergeCommit":false,"messageTitle":"Update ParserUtil and Apopintment classes to support edit Appointment feature","messageBody":"Add validation regex to Appointment classes to ensure that the input string is of the correct format\n","fileTypesAndContributionMap":{"functional-code":{"insertions":25,"deletions":1}}},{"hash":"213528806540366c96285de6a8ffb376262b323d","isMergeCommit":false,"messageTitle":"Update ArgMultiMap to support edit Appointment feature","messageBody":"","fileTypesAndContributionMap":{"functional-code":{"insertions":8,"deletions":4}}},{"hash":"063f2ddcaaea0957bbb9eb08a8acabbab28c4457","isMergeCommit":false,"messageTitle":"Update EditPersonDescriptor test to support edit Appointment feature","messageBody":"","fileTypesAndContributionMap":{"test-code":{"insertions":2,"deletions":1}}}]},{"date":"2024-10-24","commitResults":[{"hash":"b1bb4d87ee0d05a545bd7fd0113bb0ecf7bf5efd","isMergeCommit":false,"messageTitle":"Update tests for ParseUtil class","messageBody":"","fileTypesAndContributionMap":{"test-code":{"insertions":32,"deletions":0}}},{"hash":"bad4f56b1ba2bd71970ebcd9b9cce698b24ee8dd","isMergeCommit":false,"messageTitle":"Update tests","messageBody":"","fileTypesAndContributionMap":{"test-code":{"insertions":19,"deletions":2}}},{"hash":"c1938997411ac1e4bf0cdf3289b4a924c0332d58","isMergeCommit":false,"messageTitle":"Correct typo","messageBody":"","fileTypesAndContributionMap":{"test-code":{"insertions":2,"deletions":2}}},{"hash":"107974755c0bf466f28ec2e5b848c38d49585c72","isMergeCommit":false,"messageTitle":"Update EditCommandParser test","messageBody":"","fileTypesAndContributionMap":{"test-code":{"insertions":26,"deletions":46}}},{"hash":"4928552a5b981bab0533f33a0e066c6787cf2f19","isMergeCommit":false,"messageTitle":"Update code to remove checkstyle errors","messageBody":"","fileTypesAndContributionMap":{"test-code":{"insertions":0,"deletions":2}}},{"hash":"4275207003bbb5a900611cc8d1598bdfc922a671","isMergeCommit":true,"messageTitle":"Merge pull request #66 from volleyballkickedme/feature-edit-appointment","messageBody":"Feature edit appointment","fileTypesAndContributionMap":{}},{"hash":"cc80b938b64bf44688fb52685eecd4fa0cc2abd4","isMergeCommit":true,"messageTitle":"Merge pull request #63 from reidenong/branch-schedule","messageBody":"Add scheduling feature","fileTypesAndContributionMap":{}}]},{"date":"2024-10-30","commitResults":[{"hash":"f68d961641932afc416498f0866ff0d7c04ab12c","isMergeCommit":false,"messageTitle":"Update Command Parser classes to support identification of patients by nric","messageBody":"","fileTypesAndContributionMap":{"functional-code":{"insertions":47,"deletions":20}}}]},{"date":"2024-10-31","commitResults":[{"hash":"669a41c9a52ea6c2232995243f3850731ebffd6b","isMergeCommit":false,"messageTitle":"Update Command classes to support identification of patients by nric","messageBody":"","fileTypesAndContributionMap":{"functional-code":{"insertions":150,"deletions":61}}},{"hash":"ce36c8973db0873bf96831c974d8184412bd3fe5","isMergeCommit":false,"messageTitle":"Update tests for Command classes to support identification of patients by NRIC","messageBody":"","fileTypesAndContributionMap":{"test-code":{"insertions":327,"deletions":72}}},{"hash":"f98f2e207eebbbd7f5140dea2ecf90e63a64ce1b","isMergeCommit":false,"messageTitle":"Update Command Parser tests to support indentification of patients by nric","messageBody":"","fileTypesAndContributionMap":{"test-code":{"insertions":76,"deletions":68}}},{"hash":"fa3733e3537a649332940de07b0c7421a1a3eeb0","isMergeCommit":false,"messageTitle":"Fix checkstyle violations in main","messageBody":"","fileTypesAndContributionMap":{"functional-code":{"insertions":5,"deletions":98}}},{"hash":"c3609d033ccf51c0fbcfae15becc8bf4ca54d3e9","isMergeCommit":false,"messageTitle":"Fix checkstyle violations in test","messageBody":"","fileTypesAndContributionMap":{"test-code":{"insertions":7,"deletions":146}}}]},{"date":"2024-11-01","commitResults":[{"hash":"1eb99636d45e2286b83995467ab8dd56a7b74a68","isMergeCommit":true,"messageTitle":"Merge pull request #76 from itsnotsherm/more-logging","messageBody":"Complete logging implementation and add logEntries field","fileTypesAndContributionMap":{}},{"hash":"132e6b3672888115e823b38495719e05d7f32800","isMergeCommit":true,"messageTitle":"Merge branch \u0027master\u0027 into nric-indexing","messageBody":"# Conflicts:\n#\tsrc/main/java/seedu/address/logic/commands/AppointmentCommand.java\n#\tsrc/main/java/seedu/address/logic/commands/LogCommand.java\n#\tsrc/main/java/seedu/address/logic/commands/RemarkCommand.java\n#\tsrc/main/java/seedu/address/logic/parser/LogCommandParser.java\n","fileTypesAndContributionMap":{}},{"hash":"f66ca7296b79157f1b590c7bdcf76b3b74cacaea","isMergeCommit":false,"messageTitle":"Fix checkstyle caused by resolving merge conflicts","messageBody":"","fileTypesAndContributionMap":{"functional-code":{"insertions":1,"deletions":1}}},{"hash":"07230278125be43f54645155be64ea1368cbc00e","isMergeCommit":false,"messageTitle":"Resolve merge conflicts in test files","messageBody":"","fileTypesAndContributionMap":{"test-code":{"insertions":54,"deletions":42}}},{"hash":"9176d666c287947e3a73caa0d3c65e2c2d2f03d2","isMergeCommit":false,"messageTitle":"Fix typo","messageBody":"","fileTypesAndContributionMap":{"functional-code":{"insertions":1,"deletions":1}}},{"hash":"34af9d368f2ef3063bd0a1493143879ff043098f","isMergeCommit":false,"messageTitle":"Change references of Index to NRIC to support feature of identifying patients by NRIC instead of displayed index","messageBody":"","fileTypesAndContributionMap":{"functional-code":{"insertions":9,"deletions":9}}}]},{"date":"2024-11-06","commitResults":[{"hash":"9b1073a99b9f010eecebc9b3d4bf7760142fe694","isMergeCommit":false,"messageTitle":"Update Add Command to only accept unique nric inputs","messageBody":"","fileTypesAndContributionMap":{"functional-code":{"insertions":13,"deletions":0}}},{"hash":"0101a4817148a4cd0ba04964173418c39b71c143","isMergeCommit":false,"messageTitle":"Update Add Command class","messageBody":"","fileTypesAndContributionMap":{"functional-code":{"insertions":1,"deletions":1}}},{"hash":"0fb134d449f49aa951c1ed5ca81018d4a9333646","isMergeCommit":false,"messageTitle":"Update tests","messageBody":"","fileTypesAndContributionMap":{"functional-code":{"insertions":2,"deletions":2},"test-code":{"insertions":1,"deletions":1}}}]},{"date":"2024-11-07","commitResults":[{"hash":"f22bdc17b50c16d18662e5d8efefaa61c6e901b8","isMergeCommit":false,"messageTitle":"Update Person class to support identification of patients by unique nric","messageBody":"","fileTypesAndContributionMap":{"functional-code":{"insertions":2,"deletions":2},"test-code":{"insertions":8,"deletions":12}}},{"hash":"0e304900197d4743cfc9a71f629803225875b6e1","isMergeCommit":false,"messageTitle":"Update Command classes to be able to modify patient information even when they are not currently displayed, as long as the patient exists in the database","messageBody":"","fileTypesAndContributionMap":{"functional-code":{"insertions":5,"deletions":5},"test-code":{"insertions":0,"deletions":63}}}]},{"date":"2024-11-10","commitResults":[{"hash":"9c33915fb6b22db9b7416499f810e6e16cea3339","isMergeCommit":false,"messageTitle":"Update RemarkCommandParser to only accept single remark prefix","messageBody":"","fileTypesAndContributionMap":{"functional-code":{"insertions":8,"deletions":1}}},{"hash":"60d553b8cdeb129fe14c7fe86ea663a545c83ff2","isMergeCommit":false,"messageTitle":"Update user guide for remark feature","messageBody":"","fileTypesAndContributionMap":{"docs":{"insertions":1,"deletions":0}}},{"hash":"5bce8900d905ffd92567ac11e4f80ede4f756457","isMergeCommit":false,"messageTitle":"FIx Checkstyle","messageBody":"","fileTypesAndContributionMap":{"functional-code":{"insertions":0,"deletions":6}}},{"hash":"f54de2f12906231c0114c12db389c4ac1bf603cb","isMergeCommit":false,"messageTitle":"Update appointment prefix from \"a/\" to \"app/\"","messageBody":"","fileTypesAndContributionMap":{"functional-code":{"insertions":6,"deletions":11},"test-code":{"insertions":15,"deletions":15}}},{"hash":"fed62b9abce35d72cb221a91e2844aa2a340cfbd","isMergeCommit":false,"messageTitle":"Update delete command so that example command usage works","messageBody":"","fileTypesAndContributionMap":{"functional-code":{"insertions":1,"deletions":1}}},{"hash":"3df534443cb9f29569a3637843480ad0eeb5acab","isMergeCommit":false,"messageTitle":"Update user guide","messageBody":"","fileTypesAndContributionMap":{"docs":{"insertions":16,"deletions":34}}},{"hash":"67f60d1e4320ee1cf6109cbe0b896e7668eb8806","isMergeCommit":false,"messageTitle":"Update add command to display correct error message when a person with a duplicate nric is added","messageBody":"","fileTypesAndContributionMap":{"functional-code":{"insertions":5,"deletions":6}}},{"hash":"b16d30a3843665a56e32e1c13f4ef2bc548219eb","isMergeCommit":false,"messageTitle":"Update Developer Guide","messageBody":"","fileTypesAndContributionMap":{"functional-code":{"insertions":3,"deletions":3},"docs":{"insertions":12,"deletions":0}}},{"hash":"8d0865c681593266e8c836d4189ca4b29a4a8c62","isMergeCommit":true,"messageTitle":"Merge branch \u0027master\u0027 into incorrect-error-message-bugfix","messageBody":"","fileTypesAndContributionMap":{}},{"hash":"e6315a4eb91117160650a2fd03eaf7edd0abd478","isMergeCommit":false,"messageTitle":"Update tests","messageBody":"","fileTypesAndContributionMap":{"functional-code":{"insertions":0,"deletions":1},"test-code":{"insertions":13,"deletions":4}}}]}],"Dominic-Khoo":[{"date":"2024-10-05","commitResults":[{"hash":"9de8172c930b778b436507e2d8ce8c1af17e84d2","isMergeCommit":false,"messageTitle":"Add Dominic\u0027s photo","messageBody":"","fileTypesAndContributionMap":{"docs":{"insertions":3,"deletions":3}}},{"hash":"f9c2c666e87725a86a6f42ff34d31c43f66f9f14","isMergeCommit":false,"messageTitle":"Rename Dominic\u0027s photo filename in AboutUs","messageBody":"","fileTypesAndContributionMap":{"docs":{"insertions":1,"deletions":1}}}]},{"date":"2024-10-09","commitResults":[{"hash":"468174061f6bba69f5e292cddfe0c24fd41e12c9","isMergeCommit":false,"messageTitle":"Add view command and NRIC field to person model","messageBody":"","fileTypesAndContributionMap":{"functional-code":{"insertions":297,"deletions":51},"test-code":{"insertions":26,"deletions":9}}}]},{"date":"2024-10-10","commitResults":[{"hash":"ed42a00418c377a95d4ef3a2db9820994a3e41ae","isMergeCommit":false,"messageTitle":"Add testing for ViewCommand and edit tests to include NRIC field","messageBody":"","fileTypesAndContributionMap":{"functional-code":{"insertions":63,"deletions":17},"test-code":{"insertions":270,"deletions":36}}},{"hash":"1e00dcb9bad9e2d26b49e1116b8060c31663e556","isMergeCommit":false,"messageTitle":"Add NricMatchesPredicateTest class","messageBody":"","fileTypesAndContributionMap":{"test-code":{"insertions":60,"deletions":0}}},{"hash":"24a952612a6eb3444cb0b576b221d4f3604ef9bd","isMergeCommit":false,"messageTitle":"Add NricTest and additional test cases in NricMatchesPredicateTest and ViewCommandTest","messageBody":"","fileTypesAndContributionMap":{"test-code":{"insertions":82,"deletions":1}}}]},{"date":"2024-10-21","commitResults":[{"hash":"d8ffde17c4cb8a3b927ef77df619f5ab54098494","isMergeCommit":false,"messageTitle":"Add SortCommand and SortCommandParser","messageBody":"","fileTypesAndContributionMap":{"functional-code":{"insertions":4,"deletions":0},"test-code":{"insertions":4,"deletions":0}}},{"hash":"bbd1fa5cbd06dd8e61306c617638c2c813150427","isMergeCommit":false,"messageTitle":"Add SortCommand","messageBody":"","fileTypesAndContributionMap":{"functional-code":{"insertions":184,"deletions":10},"test-code":{"insertions":161,"deletions":2}}},{"hash":"77995039b7390829696864cfcc73fccf1b91dbff","isMergeCommit":false,"messageTitle":"Add find tag feature to FindCommand","messageBody":"","fileTypesAndContributionMap":{"functional-code":{"insertions":57,"deletions":13},"test-code":{"insertions":67,"deletions":21}}}]},{"date":"2024-10-22","commitResults":[{"hash":"4717eb0d3b4bd49973ca3eb1c2a2c3c751ce49f8","isMergeCommit":true,"messageTitle":"Merge pull request #58 from Dominic-Khoo/branch-sort-list","messageBody":"Add SortCommand and SortCommandParser","fileTypesAndContributionMap":{}},{"hash":"af8bff95c21e8655ded3e50c46746c961f9cd0e7","isMergeCommit":true,"messageTitle":"Merge pull request #59 from Dominic-Khoo/branch-find-tag","messageBody":"Add find tag feature to FindCommand","fileTypesAndContributionMap":{}}]},{"date":"2024-10-24","commitResults":[{"hash":"d9595d2ae080e1b2ea50cb97fb7bedd5c5254ec7","isMergeCommit":false,"messageTitle":"Refactor Predicate classes into predicates folder","messageBody":"","fileTypesAndContributionMap":{"functional-code":{"insertions":3,"deletions":3},"other":{"insertions":11,"deletions":3},"test-code":{"insertions":10,"deletions":8}}},{"hash":"47617f144e1798dc6245c80e6f62b96faacc8d84","isMergeCommit":true,"messageTitle":"Merge branch \u0027master\u0027 of https://github.com/AY2425S1-CS2103T-W11-1a/tp","messageBody":"","fileTypesAndContributionMap":{}},{"hash":"c985f4cfa94155a4f5d16f188521843e7ad87765","isMergeCommit":false,"messageTitle":"Remove enableAssertions from build.gradle","messageBody":"","fileTypesAndContributionMap":{"other":{"insertions":0,"deletions":4}}},{"hash":"42ca6e827de6cb309d94130c0620e4358c99d25d","isMergeCommit":true,"messageTitle":"Merge pull request #67 from Dominic-Khoo/master","messageBody":"Refactor Predicate classes into predicates folder","fileTypesAndContributionMap":{}}]},{"date":"2024-10-29","commitResults":[{"hash":"6a2348d8f874670317acee547d97a95cda8fd3fe","isMergeCommit":false,"messageTitle":"Add popup showing Today\u0027s Appointments","messageBody":"","fileTypesAndContributionMap":{"functional-code":{"insertions":266,"deletions":20}}}]},{"date":"2024-11-07","commitResults":[{"hash":"b1cfb5478d50d7710a898685627f10a1c77f3924","isMergeCommit":false,"messageTitle":"Update DG to include acknowledgements and test cases for reading/saving data","messageBody":"","fileTypesAndContributionMap":{"docs":{"insertions":21,"deletions":5}}},{"hash":"a1f0337c11a5fc772c22c8d716f4b4a020cff754","isMergeCommit":true,"messageTitle":"Merge branch \u0027master\u0027 into branch-ug-sort","messageBody":"","fileTypesAndContributionMap":{}},{"hash":"9643bdc7e36f63530bf975ccc017f2bf540a7e83","isMergeCommit":false,"messageTitle":"Add minor edits","messageBody":"","fileTypesAndContributionMap":{"docs":{"insertions":4,"deletions":6}}},{"hash":"3cbfd75b7911e962fc8a1401a621b8945a37e6f3","isMergeCommit":false,"messageTitle":"Edit DG","messageBody":"","fileTypesAndContributionMap":{"docs":{"insertions":1,"deletions":1}}},{"hash":"9eb7ea87ff4b5fc63682f9dc3534fa4dc9b9dfe9","isMergeCommit":true,"messageTitle":"Merge pull request #105 from Dominic-Khoo/branch-ug-sort","messageBody":"Add acknowledgements and additional test cases to DG","fileTypesAndContributionMap":{}},{"hash":"70db257dc6b07fb32a2597587d4e3dc845b46ac6","isMergeCommit":false,"messageTitle":"Add Sort Command to UG","messageBody":"","fileTypesAndContributionMap":{"docs":{"insertions":14,"deletions":0}}},{"hash":"99f6aed96ce9a3dbdb5264ec9829128549c82ab9","isMergeCommit":true,"messageTitle":"Merge pull request #111 from Dominic-Khoo/branch-ug-sortcommand","messageBody":"Add Sort Command to UG","fileTypesAndContributionMap":{}},{"hash":"2baa9fb75770307402af4f7787c91bf1b3dc57fd","isMergeCommit":false,"messageTitle":"Add Sort to table of commands in user guide","messageBody":"","fileTypesAndContributionMap":{"docs":{"insertions":1,"deletions":0}}},{"hash":"84849fc2a0cc87729c90a213dae8e0f6c9241b5c","isMergeCommit":true,"messageTitle":"Merge branch \u0027master\u0027 into branch-ug-sortcommand","messageBody":"","fileTypesAndContributionMap":{}},{"hash":"98890acacb63e3484d9ac933388dc6c52a2f3e3f","isMergeCommit":true,"messageTitle":"Merge pull request #113 from Dominic-Khoo/branch-ug-sortcommand","messageBody":"Add Sort to Table of Commands in User Guide","fileTypesAndContributionMap":{}},{"hash":"e465711d0a66b4092c689b2891785138f3b8e94d","isMergeCommit":false,"messageTitle":"Add appointment details to view window of ViewCommand","messageBody":"","fileTypesAndContributionMap":{"functional-code":{"insertions":14,"deletions":0}}},{"hash":"e7be4029815d89ec0c104bb5eb11f4cac707aa62","isMergeCommit":false,"messageTitle":"Fix bugs detected during alpha testing","messageBody":"","fileTypesAndContributionMap":{"functional-code":{"insertions":8,"deletions":4},"docs":{"insertions":6,"deletions":2}}},{"hash":"f73dc16f65088c2677ba3ed60a30a26e7c609d05","isMergeCommit":true,"messageTitle":"Merge pull request #120 from Dominic-Khoo/branch-alphabug-fixes","messageBody":"Fix bugs detected during alpha testing","fileTypesAndContributionMap":{}}]},{"date":"2024-11-09","commitResults":[{"hash":"071b8d535ac3a1e8dfb0a7459c92cdd082854a4a","isMergeCommit":true,"messageTitle":"Merge pull request #149 from reidenong/branch-add-unittests","messageBody":"Add Address Unit tests","fileTypesAndContributionMap":{}}]},{"date":"2024-11-10","commitResults":[{"hash":"aca32d252eb67b0a5241a80a6194aa5a496d18df","isMergeCommit":true,"messageTitle":"Merge pull request #199 from lim-jt/update-ug-triage-2","messageBody":"Update UG with Triage Command","fileTypesAndContributionMap":{}},{"hash":"64903bee27b54b50a200c48fa0c87d1a9aa43a28","isMergeCommit":true,"messageTitle":"Merge pull request #200 from lim-jt/update-help-triage","messageBody":"Update help window to include triage command","fileTypesAndContributionMap":{}},{"hash":"9640d50c39a8acbfa7bef5ad95613771816652c2","isMergeCommit":true,"messageTitle":"Merge pull request #202 from volleyballkickedme/usage-message-wrong-bugfix","messageBody":"bug fix - Command help messages do not work","fileTypesAndContributionMap":{}},{"hash":"b2fdad6347ff2b2068acb860eb42917b30d38acd","isMergeCommit":false,"messageTitle":"Fix UI, UG and HelpWindow bugs","messageBody":"","fileTypesAndContributionMap":{"functional-code":{"insertions":87,"deletions":52},"docs":{"insertions":94,"deletions":87}}},{"hash":"961274e0fa347a34687b7a2515ba32abd1b77b1d","isMergeCommit":true,"messageTitle":"Merge commit \u00279640d50c39a8acbfa7bef5ad95613771816652c2\u0027 into branch-ug-bugfix","messageBody":"# Conflicts:\n#\tdocs/UserGuide.md\n","fileTypesAndContributionMap":{}},{"hash":"126690ddf70941bbcd03a8397b262910a6722b99","isMergeCommit":false,"messageTitle":"Fix layout of UG and edit FindCommandParserTest with updated prefix","messageBody":"","fileTypesAndContributionMap":{"docs":{"insertions":6,"deletions":8},"test-code":{"insertions":3,"deletions":3}}},{"hash":"d9f39889b3f3e8b6f22eca7af2ea5862f22f5cef","isMergeCommit":false,"messageTitle":"Change prefix for tag example in UG","messageBody":"","fileTypesAndContributionMap":{"docs":{"insertions":2,"deletions":2}}}]},{"date":"2024-11-11","commitResults":[{"hash":"379831ea7bca77729fbf50c0a982740094007155","isMergeCommit":true,"messageTitle":"Merge pull request #204 from volleyballkickedme/incorrect-error-message-bugfix","messageBody":"Incorrect error message bugfix","fileTypesAndContributionMap":{}},{"hash":"d161b85c34c457fae2a3e88af87860e21c8454db","isMergeCommit":true,"messageTitle":"Merge pull request #207 from itsnotsherm/fix-localdatetime-parse","messageBody":"Fix bugs where invalid dates and times are still parsed","fileTypesAndContributionMap":{}}]}],"itsnotsherm":[{"date":"2024-10-03","commitResults":[{"hash":"83d9260fcffcd06a8c84dd2c228be9c08a2cd43b","isMergeCommit":true,"messageTitle":"Merge pull request #6 from reidenong/master","messageBody":"Add reidenong profile photo","fileTypesAndContributionMap":{}},{"hash":"152bb248825800d2843f7ffcad5f79c851d9529a","isMergeCommit":false,"messageTitle":"Add Sherman\u0027s profile","messageBody":"","fileTypesAndContributionMap":{"docs":{"insertions":4,"deletions":46}}},{"hash":"478e5aab93d1ee3c2b701b9c94b665807576b5bb","isMergeCommit":true,"messageTitle":"Merge branch \u0027master\u0027 into master","messageBody":"","fileTypesAndContributionMap":{}},{"hash":"039311499e322fcb3b92750a4a4448b0c6b8331f","isMergeCommit":true,"messageTitle":"Merge pull request #18 from reidenong/master","messageBody":"Add reidenong profile to AboutUs","fileTypesAndContributionMap":{}},{"hash":"315c5b4407fcec5e522750b5859e10dbe993b5dd","isMergeCommit":true,"messageTitle":"Merge branch \u0027master\u0027 into update-aboutus","messageBody":"","fileTypesAndContributionMap":{}},{"hash":"77069ecd840b0b7de82a88fce52cb4d9cb0d1f44","isMergeCommit":true,"messageTitle":"Merge pull request #14 from itsnotsherm/update-aboutus","messageBody":"Add Sherman\u0027s profile to AboutUs.md","fileTypesAndContributionMap":{}},{"hash":"813729dbf5afb3c8a80f7416b3fc6c9cab764054","isMergeCommit":false,"messageTitle":"Update DG Product Scope","messageBody":"","fileTypesAndContributionMap":{"docs":{"insertions":5,"deletions":8}}},{"hash":"8e4777f355ea1c5803d867d2482b0d809960c157","isMergeCommit":false,"messageTitle":"Add user stories to DG","messageBody":"","fileTypesAndContributionMap":{"docs":{"insertions":25,"deletions":9}}},{"hash":"59bd31376adb63629f4b7d421cd94554da1bc6f1","isMergeCommit":true,"messageTitle":"Merge pull request #23 from volleyballkickedme/branch-update-README","messageBody":"Branch update readme","fileTypesAndContributionMap":{}}]},{"date":"2024-10-05","commitResults":[{"hash":"94a41b3d6596595078d386b46ef56cff824a537e","isMergeCommit":false,"messageTitle":"Update _config.yml file to match tp","messageBody":"","fileTypesAndContributionMap":{"other":{"insertions":2,"deletions":2}}},{"hash":"cbcdfccf109c5f22b9d445c4db1dc431425fd64b","isMergeCommit":true,"messageTitle":"Merge pull request #32 from itsnotsherm/sitewide-settings","messageBody":"Update _config.yml file to match tp","fileTypesAndContributionMap":{}},{"hash":"33a4789157ad1ceecaacd3b88ff8e312081acb67","isMergeCommit":false,"messageTitle":"Update index.md to match site to project","messageBody":"","fileTypesAndContributionMap":{"docs":{"insertions":15,"deletions":6}}},{"hash":"9984643500d60a31743f7f45337e39e2c25057ba","isMergeCommit":true,"messageTitle":"Merge pull request #35 from itsnotsherm/update-indexmd","messageBody":"Update index.md to match site to project","fileTypesAndContributionMap":{}},{"hash":"60972e3c0e2364ddba66e2626e6fdd8c5a33980d","isMergeCommit":false,"messageTitle":"Update UI photo path in index.md","messageBody":"","fileTypesAndContributionMap":{"docs":{"insertions":1,"deletions":1}}},{"hash":"b0da18a8a3cffd4c9f60f207bfe9626f72562d07","isMergeCommit":true,"messageTitle":"Merge pull request #36 from itsnotsherm/update-indexmd","messageBody":"Update UI photo path in index.md","fileTypesAndContributionMap":{}},{"hash":"f5a8c9a87ca0ba705104dd2c77a542c03c4df936","isMergeCommit":true,"messageTitle":"Merge pull request #38 from Dominic-Khoo/branch-add-dominic-photo","messageBody":"Add Dominic\u0027s photo","fileTypesAndContributionMap":{}},{"hash":"a7b2719678de50a329a258baa0787169f5d77687","isMergeCommit":true,"messageTitle":"Merge pull request #40 from Dominic-Khoo/branch-add-dominic-photo","messageBody":"Rename Dominic\u0027s photo","fileTypesAndContributionMap":{}}]},{"date":"2024-10-16","commitResults":[{"hash":"76745300cfedae69bbe344091643a877fded855a","isMergeCommit":true,"messageTitle":"Merge pull request #50 from lim-jt/edit-helpWindow","messageBody":"Edit help window to include command list and format","fileTypesAndContributionMap":{}},{"hash":"2dc1ab21da822e5b9c4803b6d61086d48d6ea2a0","isMergeCommit":true,"messageTitle":"Merge branch \u0027master\u0027 into branch-add-remark-feature","messageBody":"","fileTypesAndContributionMap":{}},{"hash":"16cf9ef09da3c5794ea968ed821696495210acaa","isMergeCommit":false,"messageTitle":"Update to pass checkstyle","messageBody":"","fileTypesAndContributionMap":{"functional-code":{"insertions":1,"deletions":1}}},{"hash":"17e9e81f952e9b053e2008bb158dc87552617483","isMergeCommit":false,"messageTitle":"Update to pass checkstyle","messageBody":"","fileTypesAndContributionMap":{"test-code":{"insertions":1,"deletions":1}}},{"hash":"22060166cffeb64797c5ff63117a430994d05afc","isMergeCommit":false,"messageTitle":"Update to pass checkstyle","messageBody":"","fileTypesAndContributionMap":{"test-code":{"insertions":3,"deletions":3}}},{"hash":"276fe61b773651268a7613de9024b4dd7449c6b3","isMergeCommit":false,"messageTitle":"Update to pass checkstyle","messageBody":"","fileTypesAndContributionMap":{"test-code":{"insertions":1,"deletions":1}}},{"hash":"e798c1edcbf214f12f8ee82685e142eb0712b089","isMergeCommit":false,"messageTitle":"Fix bug from resolving conflict","messageBody":"","fileTypesAndContributionMap":{"functional-code":{"insertions":1,"deletions":0}}},{"hash":"a95f6cf5ea7fee21c0983ee9f5e052646b2279fb","isMergeCommit":false,"messageTitle":"Fix bug from resolving conflict","messageBody":"","fileTypesAndContributionMap":{"functional-code":{"insertions":1,"deletions":1}}},{"hash":"af1c096ce1d28a789eb58c79d73de401077533f4","isMergeCommit":false,"messageTitle":"Update to pass checkstyle","messageBody":"","fileTypesAndContributionMap":{"functional-code":{"insertions":2,"deletions":1}}},{"hash":"4e51198dbda172b93467c4d040447e20bac8c95b","isMergeCommit":false,"messageTitle":"Update to pass checkstyle","messageBody":"","fileTypesAndContributionMap":{"functional-code":{"insertions":1,"deletions":1}}},{"hash":"2cc8f19219d64ce998f6409c4586471ec7ead1c7","isMergeCommit":false,"messageTitle":"Fix bug from resolving conflict","messageBody":"","fileTypesAndContributionMap":{"test-code":{"insertions":2,"deletions":2}}},{"hash":"30558649244313f4fa5cadba541a759c02d69441","isMergeCommit":false,"messageTitle":"Fix bug from resolving conflict","messageBody":"","fileTypesAndContributionMap":{"test-code":{"insertions":1,"deletions":1}}},{"hash":"6a5cb18ea89e1cbb75a94407e243cf8a0e0b0926","isMergeCommit":false,"messageTitle":"Update to pass checkstyle","messageBody":"","fileTypesAndContributionMap":{"test-code":{"insertions":12,"deletions":6}}},{"hash":"b379ef4f5687e7c4b5a600b93ec103401fc6f893","isMergeCommit":true,"messageTitle":"Merge pull request #47 from volleyballkickedme/branch-add-remark-feature","messageBody":"Branch add remark feature","fileTypesAndContributionMap":{}},{"hash":"9e58df192b1775e65b70a60d2a17fc8a4e5bade4","isMergeCommit":false,"messageTitle":"Make help window draggable","messageBody":"","fileTypesAndContributionMap":{"functional-code":{"insertions":13,"deletions":0}}},{"hash":"feba9d3f6da3cbf4788773f877b8e09b839f3e42","isMergeCommit":false,"messageTitle":"Add showView field to CommandResult class","messageBody":"","fileTypesAndContributionMap":{"functional-code":{"insertions":10,"deletions":2}}}]},{"date":"2024-10-17","commitResults":[{"hash":"7fe48dd9ea5c931b39bc48be67d31b3df8359b2a","isMergeCommit":false,"messageTitle":"Add View Window","messageBody":"","fileTypesAndContributionMap":{"functional-code":{"insertions":162,"deletions":2}}},{"hash":"95cd99e62720ce7ef4634bfa6e2c9cd0a8c0bc1e","isMergeCommit":false,"messageTitle":"Update CommandResult parameters","messageBody":"","fileTypesAndContributionMap":{"functional-code":{"insertions":2,"deletions":2}}},{"hash":"a23e20ca76611c3899735d45f0aeb365d8bbbbd7","isMergeCommit":false,"messageTitle":"Configure UI display for View window","messageBody":"","fileTypesAndContributionMap":{"functional-code":{"insertions":22,"deletions":34}}},{"hash":"5cf0f7f674893779230b24329d01574bd737bf75","isMergeCommit":false,"messageTitle":"Fix code format to pass checkstyle","messageBody":"","fileTypesAndContributionMap":{"functional-code":{"insertions":14,"deletions":2}}},{"hash":"2387e87c441affd2c978c5a92b978c07074ac3fc","isMergeCommit":false,"messageTitle":"Update Command tests to fit new constructor signature","messageBody":"","fileTypesAndContributionMap":{"test-code":{"insertions":13,"deletions":7}}},{"hash":"d98a7aaafd7dc25eabda15e61bd5f37cbd7e3b74","isMergeCommit":false,"messageTitle":"Update variable checks in equals method","messageBody":"","fileTypesAndContributionMap":{"functional-code":{"insertions":1,"deletions":0}}},{"hash":"b86aeafcc1b7d30b62140eecc1d1ec9df7df76aa","isMergeCommit":false,"messageTitle":"Update test message value","messageBody":"","fileTypesAndContributionMap":{"test-code":{"insertions":2,"deletions":3}}},{"hash":"ca1b0879e859dcd721d8387f87331fd1de059090","isMergeCommit":false,"messageTitle":"Separate import groups","messageBody":"","fileTypesAndContributionMap":{"test-code":{"insertions":1,"deletions":0}}},{"hash":"7ace4836285857ea104bfbf24d94abae03617f27","isMergeCommit":false,"messageTitle":"Further update test cases","messageBody":"","fileTypesAndContributionMap":{"functional-code":{"insertions":2,"deletions":1},"test-code":{"insertions":1,"deletions":15}}},{"hash":"7b691408578fb8076932fa6c90f1052d7cf0eff1","isMergeCommit":false,"messageTitle":"Separate import groups","messageBody":"","fileTypesAndContributionMap":{"test-code":{"insertions":1,"deletions":0}}},{"hash":"281cf4e9bebf42b44d98eef74576264176b4299d","isMergeCommit":true,"messageTitle":"Merge pull request #57 from reidenong/branch-appointment","messageBody":"Appointment Feature","fileTypesAndContributionMap":{}},{"hash":"4c2eb290010a8ca9f1bca9beeee0c4d835ba727f","isMergeCommit":true,"messageTitle":"Merge pull request #53 from itsnotsherm/fix-help-page","messageBody":"Make help window draggable","fileTypesAndContributionMap":{}}]},{"date":"2024-10-23","commitResults":[{"hash":"34c726a17d623873450dcf42928f0ae885fcc618","isMergeCommit":false,"messageTitle":"Add Person Log and LogList classes","messageBody":"","fileTypesAndContributionMap":{"functional-code":{"insertions":102,"deletions":0}}}]},{"date":"2024-10-24","commitResults":[{"hash":"f559e8844f1895b88a6c90deec6cfcdde2265296","isMergeCommit":false,"messageTitle":"Add Log and LogList class","messageBody":"","fileTypesAndContributionMap":{"functional-code":{"insertions":8,"deletions":16}}},{"hash":"3b88ba1eaee7909b4148c181da1bebe1550b87b1","isMergeCommit":false,"messageTitle":"Add logEntries field","messageBody":"","fileTypesAndContributionMap":{"functional-code":{"insertions":14,"deletions":2}}},{"hash":"ad57b51104526e2397289e2229195139864e68ea","isMergeCommit":false,"messageTitle":"Add log command and parser","messageBody":"","fileTypesAndContributionMap":{"functional-code":{"insertions":121,"deletions":0}}},{"hash":"5bca2c86b76a6319e502ed27079b39f0cbc6d6e4","isMergeCommit":false,"messageTitle":"Update log function and usage message","messageBody":"","fileTypesAndContributionMap":{"functional-code":{"insertions":10,"deletions":4}}},{"hash":"325842734112d1364722252a528c279fd2fb7946","isMergeCommit":false,"messageTitle":"Add JavaDocs","messageBody":"","fileTypesAndContributionMap":{"functional-code":{"insertions":117,"deletions":9}}},{"hash":"443011927698638137c2f67337091453cd9829e3","isMergeCommit":true,"messageTitle":"Merge branch \u0027master\u0027 into logging-patient-info","messageBody":"","fileTypesAndContributionMap":{}},{"hash":"1252ea4c67144f43c665fa8a740d8c84d87d6586","isMergeCommit":false,"messageTitle":"Update PersonTest","messageBody":"","fileTypesAndContributionMap":{"test-code":{"insertions":2,"deletions":1}}},{"hash":"de4ac437a8e1404e01df3c12a18490dea29ae39a","isMergeCommit":true,"messageTitle":"Merge pull request #68 from lim-jt/shortcut-keywords","messageBody":"Add command word shortcuts","fileTypesAndContributionMap":{}},{"hash":"88a7e34b36b42b516a752a1c20dfa64e561c999a","isMergeCommit":true,"messageTitle":"Merge pull request #73 from lim-jt/update-uml-diagrams-in-dg","messageBody":"Update UML Diagrams in DG","tags":["v1.4"],"fileTypesAndContributionMap":{}}]},{"date":"2024-10-30","commitResults":[{"hash":"30744752555c1f89956242533b6cc7f05134fd88","isMergeCommit":false,"messageTitle":"Fix bugs with regards to logging","messageBody":"","fileTypesAndContributionMap":{"functional-code":{"insertions":3,"deletions":3}}},{"hash":"db66756a0ad68d4a86b0eea77ffbf80dc6e927d7","isMergeCommit":false,"messageTitle":"Make LogList object immutable","messageBody":"","fileTypesAndContributionMap":{"functional-code":{"insertions":17,"deletions":12}}},{"hash":"1afc96d0754484d8d2ec0a88885f9800861db14f","isMergeCommit":false,"messageTitle":"Add logEntries field","messageBody":"","fileTypesAndContributionMap":{"functional-code":{"insertions":16,"deletions":3}}},{"hash":"85be6d855cea08fbd84fb134963229e2c3aa2b24","isMergeCommit":false,"messageTitle":"Update log parsing and validation","messageBody":"","fileTypesAndContributionMap":{"functional-code":{"insertions":42,"deletions":2}}},{"hash":"ada0f374fdfeea15bcfd83d62250604d4ee787cf","isMergeCommit":false,"messageTitle":"Add logEntries field","messageBody":"","fileTypesAndContributionMap":{"functional-code":{"insertions":19,"deletions":4}}},{"hash":"a55fc812166dead1f877ba1913a47919eb13cf0f","isMergeCommit":false,"messageTitle":"Add logEntries field","messageBody":"","fileTypesAndContributionMap":{"functional-code":{"insertions":7,"deletions":6}}}]},{"date":"2024-10-31","commitResults":[{"hash":"62ba067266aa29458c7d4528c28e6ee24ea431bd","isMergeCommit":false,"messageTitle":"Update logEntries to Json","messageBody":"","fileTypesAndContributionMap":{"functional-code":{"insertions":4,"deletions":0}}},{"hash":"3866f2ddb9f9722942b09f7e1e457d048d42f38b","isMergeCommit":false,"messageTitle":"Add Log constructor to instantiate from Json","messageBody":"","fileTypesAndContributionMap":{"functional-code":{"insertions":15,"deletions":9}}},{"hash":"860b01eb219e6ec86debb45d7cbf284df148819d","isMergeCommit":false,"messageTitle":"Display logged information onto View window","messageBody":"","fileTypesAndContributionMap":{"functional-code":{"insertions":41,"deletions":9}}},{"hash":"121f463db03bf95df0a974021c8e61aa2599aaab","isMergeCommit":false,"messageTitle":"Update classes to pass checkstyle","messageBody":"","fileTypesAndContributionMap":{"functional-code":{"insertions":26,"deletions":0}}},{"hash":"7eb78ba8012823f26d9f053cb90e659103ce853c","isMergeCommit":false,"messageTitle":"Update test fields","messageBody":"","fileTypesAndContributionMap":{"test-code":{"insertions":41,"deletions":13}}},{"hash":"1e9db7f2440ab98fd79f4d8fd435511379421382","isMergeCommit":false,"messageTitle":"Remove redundant method","messageBody":"","fileTypesAndContributionMap":{"functional-code":{"insertions":0,"deletions":17}}},{"hash":"d708a0f01a6b4c7add1b144d7f5dcdad2ef12142","isMergeCommit":false,"messageTitle":"Fix regex validation bug","messageBody":"","fileTypesAndContributionMap":{"functional-code":{"insertions":1,"deletions":1}}},{"hash":"ab05acf36bee5f20e052847eb9f5f97baddf9cf8","isMergeCommit":false,"messageTitle":"Add test cases for new classes","messageBody":"","fileTypesAndContributionMap":{"test-code":{"insertions":284,"deletions":0}}},{"hash":"6ceb155c4ef3cffe88ded3c1ef49f751da595342","isMergeCommit":false,"messageTitle":"Remove log list from equals","messageBody":"","fileTypesAndContributionMap":{"functional-code":{"insertions":1,"deletions":2}}},{"hash":"bf0bcab6400e9aa5278798675f15f8134525ba4c","isMergeCommit":false,"messageTitle":"Modify to fit logEntries field","messageBody":"","fileTypesAndContributionMap":{"test-code":{"insertions":12,"deletions":0}}},{"hash":"cf8442afafca652ab0b181090a22c24a0eda3376","isMergeCommit":false,"messageTitle":"Update tests to fit logEntries field","messageBody":"","fileTypesAndContributionMap":{"test-code":{"insertions":1,"deletions":7}}}]},{"date":"2024-11-05","commitResults":[{"hash":"d4899b85e8a6b87853a8257fc6fb215cc3c6ef83","isMergeCommit":false,"messageTitle":"Fix bug where Dominic\u0027s photo is not in lowercase","messageBody":"","fileTypesAndContributionMap":{"docs":{"insertions":1,"deletions":1}}},{"hash":"c5ba343ddc1884cf02ee148fca522cc622f1702f","isMergeCommit":true,"messageTitle":"Merge pull request #79 from itsnotsherm/fix-aboutus","messageBody":"Fix bug where Dominic\u0027s photo is not in lowercase","fileTypesAndContributionMap":{}},{"hash":"1eb866d7a3048eee458dfe52cd147d30e4a88167","isMergeCommit":false,"messageTitle":"Configure gradle file to enable assertions","messageBody":"","fileTypesAndContributionMap":{"other":{"insertions":4,"deletions":0}}},{"hash":"a101fa745214244bb10e95230e07a5d964c36c69","isMergeCommit":true,"messageTitle":"Merge pull request #81 from itsnotsherm/enable-assertions","messageBody":"Configure gradle file to enable assertions","fileTypesAndContributionMap":{}}]},{"date":"2024-11-06","commitResults":[{"hash":"766314fdff242c9c83eae3d754df7774899d11d2","isMergeCommit":false,"messageTitle":"Rename photos to fit convention","messageBody":"","fileTypesAndContributionMap":{"docs":{"insertions":2,"deletions":2}}},{"hash":"4537f2957dd5b616105b2477bcf105eb2dabced1","isMergeCommit":true,"messageTitle":"Merge pull request #85 from itsnotsherm/rename-photos","messageBody":"Rename photos to fit convention","fileTypesAndContributionMap":{}},{"hash":"fe395da9d0dd948213e7f455b8f67b5b93c47f15","isMergeCommit":true,"messageTitle":"Merge pull request #86 from volleyballkickedme/user-guide","messageBody":"User guide","fileTypesAndContributionMap":{}},{"hash":"6c6e6b38ee862de9279c1e37981ba0445e111135","isMergeCommit":true,"messageTitle":"Merge branch \u0027master\u0027 into branch-appointment-popup","messageBody":"","fileTypesAndContributionMap":{}},{"hash":"f6e72d52a56bcd24c44fb5b3e17f526a484a5347","isMergeCommit":true,"messageTitle":"Merge pull request #74 from Dominic-Khoo/branch-appointment-popup","messageBody":"Add popup showing Today\u0027s Appointments","fileTypesAndContributionMap":{}},{"hash":"736fadca9de3d879d451ec65e2f62cec599804ff","isMergeCommit":false,"messageTitle":"Add all new features to UG","messageBody":"","fileTypesAndContributionMap":{"docs":{"insertions":71,"deletions":43}}},{"hash":"406981b9c309fd0c8bb437bde39f3869860a7679","isMergeCommit":false,"messageTitle":"Resolve constructor missing parameter","messageBody":"","fileTypesAndContributionMap":{"functional-code":{"insertions":1,"deletions":1}}}]},{"date":"2024-11-07","commitResults":[{"hash":"081984899eac73a7b8202e0a4c1cbd11e5d042ac","isMergeCommit":false,"messageTitle":"Polish View Window UI for logs display","messageBody":"","fileTypesAndContributionMap":{"functional-code":{"insertions":27,"deletions":6}}},{"hash":"8b18a93196d64c716dd9650c4e055fa32086e1ab","isMergeCommit":false,"messageTitle":"Remove redundant code","messageBody":"","fileTypesAndContributionMap":{"functional-code":{"insertions":0,"deletions":18}}},{"hash":"6eb86bc00755280223d1e0b53b8b3f82b1592b8b","isMergeCommit":true,"messageTitle":"Merge pull request #109 from itsnotsherm/polish-UI","messageBody":"Polish View Window log display UI","fileTypesAndContributionMap":{}},{"hash":"073ffcf47c0bb39f8cb6caaba5b6636382e5bea0","isMergeCommit":true,"messageTitle":"Merge pull request #93 from reidenong/branch-fix-help-window","messageBody":"Fix help window formatting","fileTypesAndContributionMap":{}},{"hash":"3750a2c9e0a5d53a6f7790d7d7b70ec2cdaaaa1f","isMergeCommit":true,"messageTitle":"Merge pull request #95 from reidenong/branch-remark-response","messageBody":"Fix remark CLI message","fileTypesAndContributionMap":{}},{"hash":"6e73a30f8fcfc073e5345dc59d44ee493bf0a4b7","isMergeCommit":true,"messageTitle":"Merge pull request #94 from volleyballkickedme/fix-duplicate-nric","messageBody":"Fix duplicate nric","fileTypesAndContributionMap":{}},{"hash":"de3fe324e6423bb3053ea9e9a0f16e58177e2182","isMergeCommit":false,"messageTitle":"Add View Window UI image","messageBody":"","fileTypesAndContributionMap":{"docs":{"insertions":2,"deletions":0}}},{"hash":"34e2171090da3de15754e7d4402d6a795d190afc","isMergeCommit":false,"messageTitle":"Add note and disclaimer for log command","messageBody":"","fileTypesAndContributionMap":{"docs":{"insertions":1,"deletions":0}}},{"hash":"4a1018b673fb161f50cb8fbabb0ca877cdf840de","isMergeCommit":false,"messageTitle":"Add use cases for all current features","messageBody":"","fileTypesAndContributionMap":{"docs":{"insertions":168,"deletions":40}}}]},{"date":"2024-11-10","commitResults":[{"hash":"c50f9abbb3e3f06f4832cc35e84e8963887d7342","isMergeCommit":true,"messageTitle":"Merge pull request #203 from Dominic-Khoo/branch-ug-bugfix","messageBody":"UG, UI and HelpWindow Bug Fixes","fileTypesAndContributionMap":{}},{"hash":"c4c140bed55f6b36325f8a78e14bc536ce07a414","isMergeCommit":true,"messageTitle":"Merge pull request #201 from volleyballkickedme/remark-bugfix","messageBody":"Remark bugfix","fileTypesAndContributionMap":{}},{"hash":"3946b88eff50e1e3573962e6d93f2fdc03827aea","isMergeCommit":false,"messageTitle":"Fix bug where edge cases of date and times are allowed","messageBody":"","fileTypesAndContributionMap":{"functional-code":{"insertions":47,"deletions":91}}},{"hash":"c2526da7b6f3f080bef8389e9b6197e4b9d63639","isMergeCommit":false,"messageTitle":"Update test cases","messageBody":"","fileTypesAndContributionMap":{"test-code":{"insertions":9,"deletions":9}}},{"hash":"f0b14e12192778f8c52b68b2e048f97e86c68d9c","isMergeCommit":false,"messageTitle":"Update UG for Appointment and Log","messageBody":"","fileTypesAndContributionMap":{"docs":{"insertions":4,"deletions":0}}}]}]},"authorFileTypeContributionMap":{"lim-jt":{"docs":65,"functional-code":375,"test-code":380},"reidenong":{"docs":100,"functional-code":301,"test-code":553,"other":580},"volleyballkickedme":{"docs":72,"functional-code":355,"test-code":586},"Dominic-Khoo":{"docs":99,"functional-code":875,"test-code":593},"itsnotsherm":{"docs":265,"functional-code":661,"test-code":326,"other":6}},"authorContributionVariance":{"lim-jt":18487.373,"reidenong":18808.92,"volleyballkickedme":24102.213,"Dominic-Khoo":15435.874,"itsnotsherm":9085.523},"authorDisplayNameMap":{"lim-jt":"CS2103T-W11-1 LIM ..TONG","reidenong":"CS2103T-W11-1 REID.. ONG","volleyballkickedme":"CS2103T-W11-1 ZHAN..YUAN","Dominic-Khoo":"CS2103T-W11-1 DOMI..IANG","itsnotsherm":"CS2103T-W11-1 HO C..RMAN"}}
