{"authorDailyContributionsMap":{"Vangmay":[{"date":"2024-09-27","commitResults":[{"hash":"017d79be5cedab82352edd5ae3cd2c5f9cd87318","isMergeCommit":false,"messageTitle":"Add about me","messageBody":"","fileTypesAndContributionMap":{"docs":{"insertions":0,"deletions":0}}},{"hash":"c66a4be2fc893c714f82bb58328cd493e951f674","isMergeCommit":false,"messageTitle":"Add about me","messageBody":"","fileTypesAndContributionMap":{"docs":{"insertions":12,"deletions":84}}},{"hash":"a283cc3680c12d8ddda2ad2d6734d23bd920cad8","isMergeCommit":false,"messageTitle":"Add whitespace","messageBody":"","fileTypesAndContributionMap":{"docs":{"insertions":1,"deletions":1}}},{"hash":"82e37a9c565922dc3a3e12352cc66c7e8318d417","isMergeCommit":true,"messageTitle":"Merge branch \u0027master\u0027 into about-us","messageBody":"","fileTypesAndContributionMap":{}},{"hash":"076c9a4180fbf476db9d5074126cf6d3a40c5061","isMergeCommit":true,"messageTitle":"Merge pull request #25 from rxchell/about-us","messageBody":"Update AboutUs page with Rachel\u0027s details","fileTypesAndContributionMap":{}}]},{"date":"2024-10-10","commitResults":[{"hash":"c9b96d033c5124f97a6ba647a391f46bfcc6411a","isMergeCommit":false,"messageTitle":"Add Find Command","messageBody":"","fileTypesAndContributionMap":{"functional-code":{"insertions":4,"deletions":0}}},{"hash":"c67f0e471b1298ee15b063c7152cecb44360a61f","isMergeCommit":false,"messageTitle":"Refactor FindPersonCommand","messageBody":"","fileTypesAndContributionMap":{"functional-code":{"insertions":74,"deletions":9},"test-code":{"insertions":16,"deletions":20}}},{"hash":"e3c214c84ecb508b4c6b27a76d0522524a72328f","isMergeCommit":true,"messageTitle":"Merge pull request #55 from rxchell/refactor-list-command","messageBody":"Refactor abstraction for List Command","fileTypesAndContributionMap":{}},{"hash":"a9ea7639018ae014dba7385e7abe155f5fd6b6bf","isMergeCommit":true,"messageTitle":"Merge pull request #54 from zaidansani/refactor-clear-command","messageBody":"Refactor ClearCommand to ClearPersonCommand","fileTypesAndContributionMap":{}}]},{"date":"2024-10-11","commitResults":[{"hash":"11646ecfd226fb38971b1f57a514aaa9b361f040","isMergeCommit":false,"messageTitle":"Add style changes","messageBody":"","fileTypesAndContributionMap":{"functional-code":{"insertions":3,"deletions":3}}},{"hash":"3ba9b8ccf75ace25be1b42d8809f62d1f6c2a517","isMergeCommit":false,"messageTitle":"Fix test error","messageBody":"","fileTypesAndContributionMap":{"test-code":{"insertions":0,"deletions":1}}},{"hash":"9a88fdd299e3d45e2fd8089ba9d27b49c37f21f5","isMergeCommit":false,"messageTitle":"Fix build error","messageBody":"","fileTypesAndContributionMap":{"test-code":{"insertions":0,"deletions":2}}},{"hash":"3f112718f3f0c87c51b290164b967e04e681e1ac","isMergeCommit":false,"messageTitle":"Fix build error","messageBody":"","fileTypesAndContributionMap":{"test-code":{"insertions":1,"deletions":2}}}]},{"date":"2024-10-15","commitResults":[{"hash":"162778ddbb383633590bd3162945e5ee2a9c9f38","isMergeCommit":false,"messageTitle":"Add test cases for appointment model","messageBody":"","fileTypesAndContributionMap":{"functional-code":{"insertions":12,"deletions":8},"test-code":{"insertions":465,"deletions":0}}},{"hash":"f7b5743d3954a6a096c5026aab69e7c25ce5394b","isMergeCommit":false,"messageTitle":"Fix style issue","messageBody":"","fileTypesAndContributionMap":{"test-code":{"insertions":3,"deletions":2}}}]},{"date":"2024-10-16","commitResults":[{"hash":"e6f9e22ab927761527ac57024b6e1bc0b16d4823","isMergeCommit":false,"messageTitle":"Fix naming","messageBody":"","fileTypesAndContributionMap":{"functional-code":{"insertions":3,"deletions":3},"test-code":{"insertions":50,"deletions":56}}}]}],"rxchell":[{"date":"2024-09-27","commitResults":[{"hash":"afb92eb6dfd90afc41451a158fe6441e90767025","isMergeCommit":false,"messageTitle":"Add details for AboutUs","messageBody":"Let\u0027s\n* add Rachel\u0027s details in AboutUs.md\n","fileTypesAndContributionMap":{"docs":{"insertions":22,"deletions":0}}},{"hash":"66549575dc2d8bd5b7dafe9cd9349611f00ecb8b","isMergeCommit":false,"messageTitle":"Add new line at EOF","messageBody":"","fileTypesAndContributionMap":{"docs":{"insertions":1,"deletions":1}}},{"hash":"813ed170cbb6a57c8ed146153d6c9d7b53cd9c2e","isMergeCommit":true,"messageTitle":"Merge pull request #21 from jayjay19630/jo-an/update-about-us-page","messageBody":"Update AboutUs page with Jo An details","fileTypesAndContributionMap":{}}]},{"date":"2024-09-30","commitResults":[{"hash":"c0f50a89471ffda7779b9a1109336fdd94f1a8a5","isMergeCommit":false,"messageTitle":"Update build status badge","messageBody":"","fileTypesAndContributionMap":{"docs":{"insertions":1,"deletions":1}}},{"hash":"b48a9ffa85d90a02acf794bc5b98db523728183d","isMergeCommit":false,"messageTitle":"Update link to build status badge","messageBody":"","fileTypesAndContributionMap":{"docs":{"insertions":2,"deletions":1}}},{"hash":"a3c4bde442b52aaa2559c53365c41cf67bb56aeb","isMergeCommit":false,"messageTitle":"Acknowledge the original source","messageBody":"","fileTypesAndContributionMap":{"docs":{"insertions":1,"deletions":0}}},{"hash":"bd609b53e4adf2be1fc8a5b5dd330dd6ccece1d1","isMergeCommit":false,"messageTitle":"Update contents to match DocTrack","messageBody":"","fileTypesAndContributionMap":{"docs":{"insertions":9,"deletions":9}}},{"hash":"43621bc7d68378a35806e7c15c94431df2764bcb","isMergeCommit":false,"messageTitle":"Update site-wide settings","messageBody":"","fileTypesAndContributionMap":{"docs":{"insertions":9,"deletions":6}}},{"hash":"d69c92f17d0c3ae238b9dc75048fc4f283273a14","isMergeCommit":false,"messageTitle":"Update target user profile","messageBody":"","fileTypesAndContributionMap":{"docs":{"insertions":1,"deletions":6}}},{"hash":"14f51c7d8f9ede0dda41b16face7535195e40270","isMergeCommit":false,"messageTitle":"Update value proposition","messageBody":"","fileTypesAndContributionMap":{"docs":{"insertions":1,"deletions":1}}},{"hash":"ae9fcec6915d2676500b87b15151652eb640151e","isMergeCommit":false,"messageTitle":"Add user stories to DG","messageBody":"","fileTypesAndContributionMap":{"docs":{"insertions":40,"deletions":10}}}]},{"date":"2024-10-01","commitResults":[{"hash":"5044ba6414abc6aa531070244c4ded8cf5da1719","isMergeCommit":true,"messageTitle":"Merge pull request #35 from jayjay19630/jo-an/add-use-cases","messageBody":"feat: Add use cases to developer guide","fileTypesAndContributionMap":{}}]},{"date":"2024-10-08","commitResults":[{"hash":"120e5a273052967708cdfab7fcd40b81545e766b","isMergeCommit":false,"messageTitle":"Add personId","messageBody":"Let\u0027s\n* add a static counter to track the total persons\n* add a personId as a field for Person\n","fileTypesAndContributionMap":{"functional-code":{"insertions":13,"deletions":0}}},{"hash":"693d4835347b1d9e9ef12f384e2ee5a6cd710a36","isMergeCommit":false,"messageTitle":"Add test for personID","messageBody":"Let\u0027s\n* ensure that personID increments correctly\n","fileTypesAndContributionMap":{"test-code":{"insertions":17,"deletions":0}}}]},{"date":"2024-10-09","commitResults":[{"hash":"56d3162dba122f67c09d81a0e89b83b3918def08","isMergeCommit":false,"messageTitle":"refactor: list command","messageBody":"","fileTypesAndContributionMap":{"functional-code":{"insertions":52,"deletions":9},"test-code":{"insertions":3,"deletions":3}}},{"hash":"50521676f1026bf0d29b06fcfce6f975718e7336","isMergeCommit":false,"messageTitle":"refactor: list command","messageBody":"also update test cases\n","fileTypesAndContributionMap":{"functional-code":{"insertions":32,"deletions":0},"test-code":{"insertions":7,"deletions":4}}},{"hash":"2ee9ef29cf73c68e8979e82ea0a16706c2edd842","isMergeCommit":true,"messageTitle":"Merge branch \u0027master\u0027 into add-personID","messageBody":"# Conflicts:\n#\tsrc/test/java/seedu/address/logic/commands/AddPersonCommandIntegrationTest.java\n","fileTypesAndContributionMap":{}},{"hash":"2f21715ed0bc6099153f0917d33280056a2f460a","isMergeCommit":false,"messageTitle":"Update test case to match abstractions","messageBody":"","fileTypesAndContributionMap":{"test-code":{"insertions":4,"deletions":1}}}]},{"date":"2024-10-10","commitResults":[{"hash":"0b28578f1189798d2668c306940001452192efa7","isMergeCommit":true,"messageTitle":"Merge branch \u0027master\u0027 into branch-find-command","messageBody":"","fileTypesAndContributionMap":{}}]},{"date":"2024-10-12","commitResults":[{"hash":"0ad073a6126bbce8eed0ee2673e58b4eda1aa092","isMergeCommit":true,"messageTitle":"Merge pull request #57 from Vangmay/branch-find-command","messageBody":"Refactor Find Command","fileTypesAndContributionMap":{}}]},{"date":"2024-10-15","commitResults":[{"hash":"6e3fb74f2ce85d2c4d8f0db5dec2b95ae3388412","isMergeCommit":true,"messageTitle":"Merge pull request #67 from choiwab/AppStorage","messageBody":"App storage","fileTypesAndContributionMap":{}}]},{"date":"2024-10-16","commitResults":[{"hash":"c42d977dac433e489eae2557e29de2b21249375f","isMergeCommit":true,"messageTitle":"Merge pull request #82 from jayjay19630/jo-an/update-person-command-user-guide","messageBody":"Update User Guide: Person Command","fileTypesAndContributionMap":{}}]}],"jayjay19630":[{"date":"2024-09-27","commitResults":[{"hash":"2eafeb1e7f9249c5939d8aa68497e9e79295d073","isMergeCommit":false,"messageTitle":"feat: update about us with Jo An details","messageBody":"","fileTypesAndContributionMap":{"docs":{"insertions":10,"deletions":0}}},{"hash":"2f57ac6ed500fd543f311af16d8a1f06091d5270","isMergeCommit":false,"messageTitle":"feat: create jayjay19630.md page","messageBody":"","fileTypesAndContributionMap":{"docs":{"insertions":10,"deletions":0}}},{"hash":"8606a3e5737e6a069bf7ed08f36f2f5df6622673","isMergeCommit":false,"messageTitle":"fix: resolve checkstyle issue","messageBody":"","fileTypesAndContributionMap":{"docs":{"insertions":1,"deletions":1}}},{"hash":"8dc96172a7020ce7a84a9e91b0b6fc9c701c33cb","isMergeCommit":true,"messageTitle":"Merge pull request #24 from choiwab/update-about-us-jae","messageBody":"Update Aboutus.md: Add personal details for Jae","fileTypesAndContributionMap":{}},{"hash":"d6920e7d193df322001fa52b10927b136276d0b7","isMergeCommit":false,"messageTitle":"fix: cleanup aboutus page","messageBody":"","fileTypesAndContributionMap":{"docs":{"insertions":17,"deletions":42}}},{"hash":"a7cf87de71eb3d44c555e6ba7e6503db3f9939cf","isMergeCommit":false,"messageTitle":"fix: change jae link to choiwab.md","messageBody":"","fileTypesAndContributionMap":{"docs":{"insertions":1,"deletions":1}}},{"hash":"47d3cbdb2dd4838278b0f7c7e605e837887c0fed","isMergeCommit":false,"messageTitle":"fix: make roles format consistent","messageBody":"","fileTypesAndContributionMap":{"docs":{"insertions":7,"deletions":8}}},{"hash":"40ce42d5e79fa289a03baae22c3f8df5b72237f2","isMergeCommit":false,"messageTitle":"feat: create use case for finding patient appointment","messageBody":"","fileTypesAndContributionMap":{"docs":{"insertions":29,"deletions":8}}},{"hash":"c50826b1531e8d7169454e0abf814ca969818309","isMergeCommit":false,"messageTitle":"feat: create use cases for updating patient and appointment","messageBody":"","fileTypesAndContributionMap":{"docs":{"insertions":63,"deletions":4}}},{"hash":"f92e31e9522a488120e719a6b460a4f726e8eab8","isMergeCommit":false,"messageTitle":"feat: create usecases for duplicate","messageBody":"","fileTypesAndContributionMap":{"docs":{"insertions":60,"deletions":2}}},{"hash":"0568923841318b8cffbe97393ea4ad37dad50c9e","isMergeCommit":true,"messageTitle":"Merge branch \u0027master\u0027 of github.com:jayjay19630/tp into jo-an/add-use-cases","messageBody":"","fileTypesAndContributionMap":{}},{"hash":"77fbb4d12e7a0e80f10475eb6fff35635000cc33","isMergeCommit":false,"messageTitle":"feat: add usecases for deleting appointment and finding patient from appointment","messageBody":"","fileTypesAndContributionMap":{"docs":{"insertions":46,"deletions":0}}}]},{"date":"2024-09-30","commitResults":[{"hash":"ed51ea7506d318efa4d571f659b7081cc14128ce","isMergeCommit":true,"messageTitle":"Merge pull request #38 from zaidansani/readme-nfr","messageBody":"Add non-functional requirements","fileTypesAndContributionMap":{}}]},{"date":"2024-10-03","commitResults":[{"hash":"0362ef3c1f907481c3ba785835b199e9b40080dc","isMergeCommit":false,"messageTitle":"chore: add issue templates","messageBody":"","fileTypesAndContributionMap":{"docs":{"insertions":53,"deletions":0}}}]},{"date":"2024-10-08","commitResults":[{"hash":"8b3e7e7871444f876160c3d132832c08937fa73c","isMergeCommit":false,"messageTitle":"feat: abstract addperson command into its own command","messageBody":"","fileTypesAndContributionMap":{"functional-code":{"insertions":126,"deletions":64}}},{"hash":"5365aebfee441093ff8d573e818b50f384055344","isMergeCommit":false,"messageTitle":"feat: make parser use switch case for different add commands","messageBody":"","fileTypesAndContributionMap":{"functional-code":{"insertions":50,"deletions":28}}},{"hash":"fba48b620850be9764d201e6a0db249b4979c081","isMergeCommit":false,"messageTitle":"feat: fix add person command tests","messageBody":"","fileTypesAndContributionMap":{"functional-code":{"insertions":4,"deletions":5},"other":{"insertions":23,"deletions":23},"test-code":{"insertions":12,"deletions":11}}},{"hash":"fe418f331cfbab74b9dd8a234ce287e58d1d433b","isMergeCommit":false,"messageTitle":"refactor: create abstract class for delete command","messageBody":"","fileTypesAndContributionMap":{"functional-code":{"insertions":145,"deletions":53}}},{"hash":"565aa3869437603ad6b567d251038ebeb156d0ed","isMergeCommit":false,"messageTitle":"fix: get index for delete command parser","messageBody":"","fileTypesAndContributionMap":{"functional-code":{"insertions":11,"deletions":3}}}]},{"date":"2024-10-09","commitResults":[{"hash":"a65765e7bd0c1a8c75094b86b2c034aacd1c5d9e","isMergeCommit":false,"messageTitle":"fix: resolve logic manageer tests","messageBody":"","fileTypesAndContributionMap":{"functional-code":{"insertions":13,"deletions":6},"test-code":{"insertions":49,"deletions":39}}},{"hash":"9317742129b25abbe7ab34c1417cc71a8d7d96ad","isMergeCommit":false,"messageTitle":"fix: resolve checkstyle issues","messageBody":"","fileTypesAndContributionMap":{"functional-code":{"insertions":8,"deletions":5},"test-code":{"insertions":48,"deletions":25}}}]},{"date":"2024-10-12","commitResults":[{"hash":"7e3fac5e04356c9e5858882627ab89d5ffedf5a3","isMergeCommit":false,"messageTitle":"create appointment model and readonly book","messageBody":"","fileTypesAndContributionMap":{"functional-code":{"insertions":315,"deletions":0}}},{"hash":"7446deb8852b3c48caa7017f4dabaedaab5c074e","isMergeCommit":false,"messageTitle":"create unique appointmnet list","messageBody":"","fileTypesAndContributionMap":{"functional-code":{"insertions":169,"deletions":0}}},{"hash":"b6c91be29dfec43330db12ed6d5da4c5416aa6f0","isMergeCommit":false,"messageTitle":"create appointment book","messageBody":"","fileTypesAndContributionMap":{"functional-code":{"insertions":130,"deletions":0}}},{"hash":"60dade0e4db92702ac5c0b31dd6235f03e6b0182","isMergeCommit":false,"messageTitle":"fix: resolve checkstyle issues","messageBody":"","fileTypesAndContributionMap":{"functional-code":{"insertions":142,"deletions":23},"test-code":{"insertions":64,"deletions":22}}},{"hash":"1435a7114cbbf707e35ee38570448af79985d660","isMergeCommit":false,"messageTitle":"fix: create appointment builder","messageBody":"","fileTypesAndContributionMap":{"functional-code":{"insertions":3,"deletions":0},"test-code":{"insertions":257,"deletions":22}}},{"hash":"745e7d5d87190440a37336f103c584fba5d3cde4","isMergeCommit":false,"messageTitle":"fix: resolve checkstyle issues","messageBody":"","fileTypesAndContributionMap":{"test-code":{"insertions":8,"deletions":2}}}]},{"date":"2024-10-13","commitResults":[{"hash":"c730a3c29bc915bd1eac8606dfb33dd6da24262c","isMergeCommit":false,"messageTitle":"feat: add datetime to appointments","messageBody":"","fileTypesAndContributionMap":{"functional-code":{"insertions":19,"deletions":3},"test-code":{"insertions":96,"deletions":21}}},{"hash":"9a4a4d28d375955e05aeddb3cd8e7e85bec19894","isMergeCommit":true,"messageTitle":"Merge pull request #58 from choiwab/refractor-Edit","messageBody":"Refractor EditCommand","fileTypesAndContributionMap":{}}]},{"date":"2024-10-16","commitResults":[{"hash":"6d252597b6684a1d8c7e6403aa3c0d4dd500eef7","isMergeCommit":false,"messageTitle":"feat: create headers for person and appointment commands","messageBody":"","fileTypesAndContributionMap":{"docs":{"insertions":66,"deletions":55}}},{"hash":"b986b372678280ebe264902154bbfaa0ff75a07c","isMergeCommit":false,"messageTitle":"refactor: change layout","messageBody":"","fileTypesAndContributionMap":{"docs":{"insertions":30,"deletions":23}}},{"hash":"98d1e6d09da398477b9a066c9b715e92f9c01a9d","isMergeCommit":false,"messageTitle":"feat: edit layout of person command","messageBody":"","fileTypesAndContributionMap":{"docs":{"insertions":60,"deletions":28}}},{"hash":"b000719a5710b7854f716621f965f413460b62d8","isMergeCommit":false,"messageTitle":"fix: resolve issues with user guide","messageBody":"","fileTypesAndContributionMap":{"docs":{"insertions":10,"deletions":8}}},{"hash":"612cc003c0494bf0ff066c88fe37e63bdb4f66df","isMergeCommit":false,"messageTitle":"fix: remove redundant index explanation","messageBody":"","fileTypesAndContributionMap":{"docs":{"insertions":2,"deletions":4}}},{"hash":"87960f3e17031baa85c7052be9f1fed9e50f1415","isMergeCommit":true,"messageTitle":"Merge pull request #78 from Vangmay/branch-add-appointment-testcases","messageBody":"Add testcases for appointment model","fileTypesAndContributionMap":{}}]}],"choiwab":[{"date":"2024-09-27","commitResults":[{"hash":"5dec60851a1970e88bf1edd600f89f4d95042b14","isMergeCommit":true,"messageTitle":"Merge pull request #10 from zaidansani/add-zaidan-photo","messageBody":"Add Zaidan\u0027s photo","fileTypesAndContributionMap":{}},{"hash":"ea61bc77bb8c9df3659d5c4f64a011f3e169c226","isMergeCommit":false,"messageTitle":"Update Aboutus.md: Add personal details for Jae","messageBody":"","fileTypesAndContributionMap":{"docs":{"insertions":4,"deletions":4}}},{"hash":"8c0dfb58ad37ff4240d98dd672cad916ca7edff3","isMergeCommit":false,"messageTitle":"Add choiwab.md","messageBody":"","fileTypesAndContributionMap":{"docs":{"insertions":10,"deletions":0}}},{"hash":"0fb8031bb72a80a562625ba13e7eb370ab6d4704","isMergeCommit":true,"messageTitle":"Merge pull request #22 from zaidansani/aboutme-zaidan","messageBody":"Update AboutUs page for Zaidan","fileTypesAndContributionMap":{}},{"hash":"6b8a5debbac4ff578e7f62836c8837293e538a62","isMergeCommit":false,"messageTitle":"Update choiwab.md","messageBody":"","fileTypesAndContributionMap":{"docs":{"insertions":2,"deletions":2}}},{"hash":"69570b8f49cf80b7de68f1d2fac1b5495767a500","isMergeCommit":false,"messageTitle":"Update AboutUs.md: Fix Name after ###","messageBody":"","fileTypesAndContributionMap":{"docs":{"insertions":1,"deletions":1}}},{"hash":"267bec4ede66398d9cb22a0e96089b0dfb79347d","isMergeCommit":false,"messageTitle":"Delete docs/team/jae.md","messageBody":"","fileTypesAndContributionMap":{"docs":{"insertions":0,"deletions":0}}}]},{"date":"2024-09-30","commitResults":[{"hash":"c0bb06721e1e77cfb8c6896907ced0b3b294be28","isMergeCommit":true,"messageTitle":"Merge pull request #36 from rxchell/update-readme","messageBody":"Update README page to match project","fileTypesAndContributionMap":{}}]},{"date":"2024-10-02","commitResults":[{"hash":"14adc890a2f839556f9962a3d4a9e3e8d067ffd6","isMergeCommit":true,"messageTitle":"Merge pull request #37 from rxchell/update-developer-guide","messageBody":"Update target user, value proposition, and user stories in developer guide","fileTypesAndContributionMap":{}}]},{"date":"2024-10-11","commitResults":[{"hash":"bc183b206f0f93a16a3709115a4eb4520844b972","isMergeCommit":false,"messageTitle":"Refractor EditCommand","messageBody":"","fileTypesAndContributionMap":{"functional-code":{"insertions":301,"deletions":164},"other":{"insertions":70,"deletions":57},"test-code":{"insertions":10,"deletions":8}}},{"hash":"743b49e97b5193c4c843fb2c4c7d7fd654cd2d15","isMergeCommit":true,"messageTitle":"Merge branch \u0027master\u0027 of https://github.com/choiwab/tp into refractor-Edit","messageBody":"","fileTypesAndContributionMap":{}},{"hash":"d4c5b7ffdcb4f2422466ffbc8fb60b83e0e327ce","isMergeCommit":false,"messageTitle":"Refractor EditCommand","messageBody":"","fileTypesAndContributionMap":{"functional-code":{"insertions":10,"deletions":10}}},{"hash":"d4afd64b5b65c2feeda46c9263040494017d1c39","isMergeCommit":false,"messageTitle":"EditPersonCommand.java: fix import order","messageBody":"","fileTypesAndContributionMap":{"functional-code":{"insertions":3,"deletions":2}}},{"hash":"4396dc0160f787e06d5b40f03bbca890729a856f","isMergeCommit":false,"messageTitle":"Update EditPersonCommandParser.java","messageBody":"","fileTypesAndContributionMap":{"functional-code":{"insertions":61,"deletions":27},"test-code":{"insertions":6,"deletions":159}}}]},{"date":"2024-10-13","commitResults":[{"hash":"1f7f59b028f738d687a9bc9b353a1d2a3693b04a","isMergeCommit":true,"messageTitle":"Merge pull request #61 from jayjay19630/jo-an/create-model-for-appointments","messageBody":"Create model for appointments","fileTypesAndContributionMap":{}},{"hash":"861fe1a6c30423044e9b7992968f85277f7de484","isMergeCommit":false,"messageTitle":"Appointment Storage Classes Added - Needs more refractoring","messageBody":"","fileTypesAndContributionMap":{"functional-code":{"insertions":298,"deletions":0}}},{"hash":"07c817adb7dc2d732280e431a50b9b8cba8897d2","isMergeCommit":true,"messageTitle":"Merge branch \u0027master\u0027 of https://github.com/choiwab/tp into refractor-Edit","messageBody":"","fileTypesAndContributionMap":{}},{"hash":"7ed8d4665a415292aa067bff34e8087cc4931573","isMergeCommit":false,"messageTitle":"AppointmentType.java: updated value checking for personId and appointmentDateTime","messageBody":"","fileTypesAndContributionMap":{"functional-code":{"insertions":35,"deletions":18}}}]},{"date":"2024-10-14","commitResults":[{"hash":"e989e5645648c5830bcff0e113798140510bb766","isMergeCommit":false,"messageTitle":"Implement Appointment Storage","messageBody":"","fileTypesAndContributionMap":{"functional-code":{"insertions":63,"deletions":12},"test-code":{"insertions":18,"deletions":7}}},{"hash":"ca9399279e62bb81d9a339013aabaf118b79bc23","isMergeCommit":true,"messageTitle":"Merge branch \u0027master\u0027 into AppStorage","messageBody":"","fileTypesAndContributionMap":{}}]},{"date":"2024-10-15","commitResults":[{"hash":"d04619e4af8e841644cdf336d6236484c6598c70","isMergeCommit":true,"messageTitle":"Merge pull request #75 from zaidansani/add-counter-for-person","messageBody":"Add support for counter, personId","fileTypesAndContributionMap":{}},{"hash":"880a09a1744cf32e3265ebab1282337503cceb5e","isMergeCommit":false,"messageTitle":"commit changes before merge","messageBody":"","fileTypesAndContributionMap":{"functional-code":{"insertions":21,"deletions":6}}},{"hash":"f187d54e6d87cca359c92ffe7d726744a983654b","isMergeCommit":true,"messageTitle":"resolve conflicts with Add support for counter, personId","messageBody":"","fileTypesAndContributionMap":{}},{"hash":"18660d625efdafbb157b264b512ac956218a3b62","isMergeCommit":false,"messageTitle":"MainApp.java: remove asterisk in import","messageBody":"","fileTypesAndContributionMap":{"functional-code":{"insertions":8,"deletions":1}}},{"hash":"246dbcd78d9a7a980df90deb64dbf3aca1e443ae","isMergeCommit":false,"messageTitle":"Add initial appointmentbook at mainapp","messageBody":"","fileTypesAndContributionMap":{"functional-code":{"insertions":61,"deletions":7}}}]}],"zaidansani":[{"date":"2024-09-27","commitResults":[{"hash":"50a5fdffe90d9ac502ac77645eea9f7847af38ba","isMergeCommit":false,"messageTitle":"Update AboutUs page for Zaidan","messageBody":"","fileTypesAndContributionMap":{"docs":{"insertions":8,"deletions":7}}},{"hash":"1e17fe83204a9d19c8f582234a3430401c80645c","isMergeCommit":false,"messageTitle":"Add personal portfolio page for Zaidan","messageBody":"","fileTypesAndContributionMap":{"docs":{"insertions":15,"deletions":0}}},{"hash":"a2321b2f79c403b9681d020e4139b25cef4fdd0a","isMergeCommit":false,"messageTitle":"Add personal portfolio page for Zaidan","messageBody":"","fileTypesAndContributionMap":{"docs":{"insertions":2,"deletions":2}}},{"hash":"057d02361b8860543b0dc57fcffe8cdf54905480","isMergeCommit":false,"messageTitle":"Update portfolio page","messageBody":"","fileTypesAndContributionMap":{"docs":{"insertions":4,"deletions":6}}},{"hash":"eb618235dc5ec261690c16bbc6c2ed06578e0c31","isMergeCommit":true,"messageTitle":"Merge branch \u0027master\u0027 into update-about","messageBody":"","fileTypesAndContributionMap":{}},{"hash":"dccb975fd4376ab3b65556d3d3d034fc96bfbff5","isMergeCommit":true,"messageTitle":"Merge pull request #27 from Vangmay/update-about","messageBody":"Update aboutus page with Vangmay\u0027s details","fileTypesAndContributionMap":{}},{"hash":"56e5e8a917fdbb938cc994c118015e8b99f5f569","isMergeCommit":true,"messageTitle":"Merge pull request #29 from jayjay19630/jo-an/clean-up-aboutus-page","messageBody":"fix: Cleanup AboutUs page","fileTypesAndContributionMap":{}}]},{"date":"2024-09-30","commitResults":[{"hash":"2bf6a7299997de603ebf684ffda599013e4f2166","isMergeCommit":false,"messageTitle":"Add non-functional requirements","messageBody":"","fileTypesAndContributionMap":{"docs":{"insertions":15,"deletions":2}}}]},{"date":"2024-10-03","commitResults":[{"hash":"7c424b5819f0abf7c67030e824dab9781707f5c5","isMergeCommit":true,"messageTitle":"Merge pull request #40 from jayjay19630/jo-an/add-issue-templates","messageBody":"chore: add Github issue templates","fileTypesAndContributionMap":{}},{"hash":"72d9fa2a93da22656c2478dfbf083bdac2bee9f4","isMergeCommit":false,"messageTitle":"Refactor: DeleteCommand","messageBody":"Two DeleteCommands will exist for next increment.\n\nLet\u0027s\n* refactor all DeleteCommands.\n* add support to parser to take in new command format.\n","fileTypesAndContributionMap":{"functional-code":{"insertions":12,"deletions":6},"other":{"insertions":33,"deletions":33},"test-code":{"insertions":4,"deletions":4}}},{"hash":"4e2cc6f50b95874ed58aa468f639bd6dd95ba965","isMergeCommit":false,"messageTitle":"Edit command word for all","messageBody":"","fileTypesAndContributionMap":{"functional-code":{"insertions":8,"deletions":6},"test-code":{"insertions":2,"deletions":1}}}]},{"date":"2024-10-04","commitResults":[{"hash":"b212a2b1a6bf0bda5d6a2f9127e784bd6d6ddee5","isMergeCommit":false,"messageTitle":"Fix test with new expected input","messageBody":"","fileTypesAndContributionMap":{"functional-code":{"insertions":2,"deletions":2},"test-code":{"insertions":3,"deletions":3}}}]},{"date":"2024-10-05","commitResults":[{"hash":"49aaa297c8ec01a89d03363ea333757ddfbda2f4","isMergeCommit":true,"messageTitle":"Merge pull request #42 from zaidansani/refactor-delete-command","messageBody":"Refactor delete command","fileTypesAndContributionMap":{}}]},{"date":"2024-10-09","commitResults":[{"hash":"6fce1615df07b94d5fb54e08409eac749a3fd7c4","isMergeCommit":true,"messageTitle":"Merge pull request #52 from jayjay19630/feat/create-command-abstractions","messageBody":"Create Command Abstractions","fileTypesAndContributionMap":{}},{"hash":"df2d0c86cf1c236499c92ea38d79075cf9f3e2e9","isMergeCommit":false,"messageTitle":"refactor: clear command","messageBody":"","fileTypesAndContributionMap":{"functional-code":{"insertions":74,"deletions":8},"test-code":{"insertions":12,"deletions":6}}}]},{"date":"2024-10-12","commitResults":[{"hash":"d068b6111ae21879b1232a57d82ed3281cf8128f","isMergeCommit":true,"messageTitle":"Merge pull request #51 from rxchell/add-personID","messageBody":"Add personId","fileTypesAndContributionMap":{}}]},{"date":"2024-10-14","commitResults":[{"hash":"9188486b4254a8f5bec1f07e6a5b66e9cd37d54b","isMergeCommit":false,"messageTitle":"Refactor Person to PersonDescriptor","messageBody":"","fileTypesAndContributionMap":{"functional-code":{"insertions":143,"deletions":47}}},{"hash":"18533c502e071a0d051d2eb59d2cdc01d2cf606b","isMergeCommit":false,"messageTitle":"Update storage to save counter and personId","messageBody":"","fileTypesAndContributionMap":{"functional-code":{"insertions":186,"deletions":52},"test-code":{"insertions":511,"deletions":437}}},{"hash":"3ebf469bf448e1639648c7122303c6a50b487ff2","isMergeCommit":false,"messageTitle":"Fixed some test cases dealing with PersonDescriptor","messageBody":"","fileTypesAndContributionMap":{"functional-code":{"insertions":1,"deletions":0},"test-code":{"insertions":16,"deletions":82}}}]}]},"authorFileTypeContributionMap":{"Vangmay":{"docs":6,"functional-code":87,"test-code":474},"rxchell":{"docs":79,"functional-code":91,"test-code":10},"jayjay19630":{"docs":366,"functional-code":989,"test-code":462},"choiwab":{"docs":10,"functional-code":775,"test-code":52},"zaidansani":{"docs":30,"functional-code":384,"test-code":302}},"authorContributionVariance":{"Vangmay":9322.143,"rxchell":802.3953,"jayjay19630":59929.168,"choiwab":31608.518,"zaidansani":77250.22},"authorDisplayNameMap":{"Vangmay":"CS2103T-W10-2 SACH..GMAY","rxchell":"CS2103T-W10-2 RACH.. JIA","jayjay19630":"CS2103T-W10-2 JO A..O AN","choiwab":"CS2103T-W10-2 CHOI..YEOK","zaidansani":"CS2103T-W10-2 MUHA..SANI"}}
