{"authorDailyContributionsMap":{"Solomon0519":[{"date":"2024-09-25","commitResults":[{"hash":"019bb6c81f590ce5959ef99d94ece258f0c2c706","isMergeCommit":false,"messageTitle":"Edit AboutUs for team roles and reponsibility","messageBody":"","fileTypesAndContributionMap":{"docs":{"insertions":5,"deletions":42}}},{"hash":"ff2af10aa0618b2d935d5f06abfd4c43646be589","isMergeCommit":false,"messageTitle":"Edit AboutUs for team roles and reponsibility","messageBody":"","fileTypesAndContributionMap":{"docs":{"insertions":2,"deletions":1}}},{"hash":"ed5e494404d25626cff1564ac308409b4025bcd9","isMergeCommit":false,"messageTitle":"Edit AboutUs for team roles and reponsibility","messageBody":"","fileTypesAndContributionMap":{"docs":{"insertions":1,"deletions":1}}}]},{"date":"2024-10-02","commitResults":[{"hash":"782cf42496199b83682e72abc1953bc77887f887","isMergeCommit":false,"messageTitle":"Edit use cases for Develop","messageBody":"Added 3 use cases, namely for adding a contact, deleting a contact and adding a meetup.\n","fileTypesAndContributionMap":{"docs":{"insertions":116,"deletions":13}}},{"hash":"412951930ecea54d2a31df7764c7d6bb5affd725","isMergeCommit":true,"messageTitle":"Merge pull request #39 from NgZiXin/update-readme","messageBody":"Update README","fileTypesAndContributionMap":{}},{"hash":"0a736acabbbf083fe5540191d801ab8979a3884f","isMergeCommit":true,"messageTitle":"Merge pull request #42 from NgZiXin/add-expected-updates-userguide","messageBody":"Add expected updates userguide","fileTypesAndContributionMap":{}},{"hash":"6c906adf7d0ab83f4120d142b51868cf83aa8ca2","isMergeCommit":true,"messageTitle":"Merge branch \u0027master\u0027 into update-userguide-context","messageBody":"","fileTypesAndContributionMap":{}},{"hash":"8f6a28f8b408176b467ce9fd5365f0b0df83343b","isMergeCommit":true,"messageTitle":"Merge pull request #43 from NgZiXin/update-userguide-context","messageBody":"Update user guide context to match ABCLI","fileTypesAndContributionMap":{}},{"hash":"c56df3f9ec802cd7b397f6980d680199f551e8d4","isMergeCommit":false,"messageTitle":"Edit use cases for Develop","messageBody":"Added 3 use cases, namely for adding a contact, deleting a contact and adding a meetup.\n","fileTypesAndContributionMap":{"docs":{"insertions":50,"deletions":6}}}]},{"date":"2024-10-09","commitResults":[{"hash":"6d81889dbf198632da2adfef71c2eb77378a645b","isMergeCommit":false,"messageTitle":"Touch up use cases for Develop","messageBody":"Reformat the use cases according to guidelines.\n","fileTypesAndContributionMap":{"docs":{"insertions":20,"deletions":106}}}]},{"date":"2024-10-10","commitResults":[{"hash":"7bdc60a3a53edf84e10b5802d820955cc1db1b1f","isMergeCommit":true,"messageTitle":"Merge pull request #57 from NgZiXin/add-client-type","messageBody":"Add client type","fileTypesAndContributionMap":{}},{"hash":"0c81376ba6ddeed1472a9ab4bb92bfbf45900448","isMergeCommit":true,"messageTitle":"Merge pull request #59 from NgZiXin/add-schedule","messageBody":"Add Schedule and MeetUp class skeleton","fileTypesAndContributionMap":{}},{"hash":"ff07753f670c6b06f672eceb2ef8cb8a6ce66924","isMergeCommit":false,"messageTitle":"Add an edit command to edit meet ups","messageBody":"Added a prototype command on editing a meetup. Edited the model class such that there is a separation for accessing schedule list.\n","fileTypesAndContributionMap":{"functional-code":{"insertions":33,"deletions":0}}}]},{"date":"2024-10-11","commitResults":[{"hash":"8113dc6e7fcb7872a0287aa250bc3485aa1639b6","isMergeCommit":false,"messageTitle":"Change edit command to edit meet ups","messageBody":"Edited the prototype command on editing a meetup. Created new edit meet-up descriptor class to replicate the edit person descriptor class.\n","fileTypesAndContributionMap":{"functional-code":{"insertions":116,"deletions":12}}},{"hash":"42f155d87a9479caf23ffc742b273e89c29f91dc","isMergeCommit":false,"messageTitle":"Change edit command to edit meet ups","messageBody":"Edited the prototype command on editing a meetup. Created new edit meet-up descriptor class to replicate the edit person descriptor class.\n","fileTypesAndContributionMap":{"functional-code":{"insertions":4,"deletions":5}}},{"hash":"79657e4a6f83c07779ff05f14195aa589f2ecca4","isMergeCommit":false,"messageTitle":"Change edit command to edit meet ups","messageBody":"Edited the prototype command on editing a meetup. Created new edit meet-up descriptor class to replicate the edit person descriptor class.\n","fileTypesAndContributionMap":{"functional-code":{"insertions":1,"deletions":17}}},{"hash":"68f21f1ffec8349afb09a91310810f9115b5acea","isMergeCommit":false,"messageTitle":"Change model manager class","messageBody":"Need to pass checks for merging.\n","fileTypesAndContributionMap":{"functional-code":{"insertions":9,"deletions":0}}},{"hash":"d7579be7b37a2221c74366c7627a7859ea7f33ad","isMergeCommit":false,"messageTitle":"Change edit meetup command class","messageBody":"Minor adjustments to pass checkstyle tests.\n","fileTypesAndContributionMap":{"functional-code":{"insertions":5,"deletions":8}}},{"hash":"dcf7cd8cc4d427acf141e7d7e14a5ce81a57bd97","isMergeCommit":false,"messageTitle":"Change edit meetup command class","messageBody":"Minor adjustments to pass checkstyle tests.\n","fileTypesAndContributionMap":{"functional-code":{"insertions":6,"deletions":7}}},{"hash":"2b4bb905c19adf17b2eaacc6b86ec26970b48727","isMergeCommit":false,"messageTitle":"Change model stub class Minor adjustments to pass checkstyle tests.","messageBody":"","fileTypesAndContributionMap":{"test-code":{"insertions":11,"deletions":0}}}]},{"date":"2024-10-12","commitResults":[{"hash":"bc1e09e3f9eb337eab378102eb789e2afe2e8d26","isMergeCommit":true,"messageTitle":"Merge pull request #72 from KennyLewi/add-meetup-class","messageBody":"Add meetup class","fileTypesAndContributionMap":{}},{"hash":"2421faae6385c43422b1d8ce439ab3f9c06e4235","isMergeCommit":true,"messageTitle":"Merge branch \u0027tP-EditDeleteMeetUp\u0027","messageBody":"# Conflicts:\n#\tsrc/main/java/seedu/address/logic/parser/CliSyntax.java\n","fileTypesAndContributionMap":{}},{"hash":"ccd8a9bb410a2c4b751fad064db0bffcec5f29ed","isMergeCommit":false,"messageTitle":"no message","messageBody":"","fileTypesAndContributionMap":{"functional-code":{"insertions":4,"deletions":0}}},{"hash":"5619321977b4554d6349ae786ab6befcad593ce2","isMergeCommit":false,"messageTitle":"Major changes to edit meetup command class","messageBody":"Revamped the edit meetup command class for MVP but also implemented the code for changes that will come along in the future once more classes and functions are developed\n","fileTypesAndContributionMap":{"functional-code":{"insertions":114,"deletions":105}}}]},{"date":"2024-10-14","commitResults":[{"hash":"8101851d647c83bc4f83a9a2d5b1b009662cb873","isMergeCommit":true,"messageTitle":"Merge branch \u0027master\u0027 of https://github.com/Solomon0519/tp","messageBody":"# Conflicts:\n#\tsrc/main/java/seedu/address/model/Model.java\n#\tsrc/main/java/seedu/address/model/ModelManager.java\n#\tsrc/test/java/seedu/address/logic/commands/AddCommandTest.java\n","fileTypesAndContributionMap":{}},{"hash":"3b22c876afd54b5c9c55825793490199740cd58b","isMergeCommit":true,"messageTitle":"Merge branch \u0027master\u0027 of https://github.com/Solomon0519/tp","messageBody":"","fileTypesAndContributionMap":{}},{"hash":"fbf82f91648a5da1264beedc57e47e32f5cc67ac","isMergeCommit":true,"messageTitle":"Merge branch \u0027master\u0027 into tP-DeleteMeetUp","messageBody":"# Conflicts:\n#\tsrc/main/java/seedu/address/model/Model.java\n#\tsrc/main/java/seedu/address/model/ModelManager.java\n#\tsrc/test/java/seedu/address/logic/commands/AddPersonCommandTest.java\n","fileTypesAndContributionMap":{}},{"hash":"a72022a033026970f43fe702aa3804181ac93e69","isMergeCommit":false,"messageTitle":"Add four classes","messageBody":"","fileTypesAndContributionMap":{"functional-code":{"insertions":313,"deletions":14}}},{"hash":"d9282e4166eb18b7ad512857727e5a87b5dc092e","isMergeCommit":false,"messageTitle":"Add four classes and edit test","messageBody":"","fileTypesAndContributionMap":{"functional-code":{"insertions":2,"deletions":17},"test-code":{"insertions":3,"deletions":12}}},{"hash":"92c76a474c2477b310b3901bcc1b59c0393826c7","isMergeCommit":true,"messageTitle":"Merge pull request #76 from CreditableX/branch-viewMeetUpCommand","messageBody":"Implement view meetup architecture","fileTypesAndContributionMap":{}},{"hash":"8748caadda1282541edb1b4d7609a89c16602411","isMergeCommit":true,"messageTitle":"Merge branch \u0027master\u0027 of https://github.com/Solomon0519/tp","messageBody":"# Conflicts:\n#\tsrc/main/java/seedu/address/model/ModelManager.java\n#\tsrc/test/java/seedu/address/logic/commands/AddPersonCommandTest.java\n","fileTypesAndContributionMap":{}},{"hash":"c72bf655fa2ae8e630bbfc8a9db60caa03253e3f","isMergeCommit":true,"messageTitle":"Merge branch \u0027master\u0027 into tP-DeleteMeetUp","messageBody":"# Conflicts:\n#\tsrc/main/java/seedu/address/model/ModelManager.java\n","fileTypesAndContributionMap":{}}]},{"date":"2024-10-15","commitResults":[{"hash":"760384b5280971fa32a6606d24197112af0d447b","isMergeCommit":false,"messageTitle":"Add classes for parsing, editing and deleting meetups","messageBody":"Made adjustments to EditMeetUpCommand and DeleteMeetUpCommand to follow logic from before.\n\nAdded the parsers for the two new meet up commands and added more methods into ParserUtil.java.\n\nAlso added the abstract and concrete methods implementations into Model.java and ModelManager.java.\n","fileTypesAndContributionMap":{"functional-code":{"insertions":388,"deletions":128},"test-code":{"insertions":0,"deletions":18}}},{"hash":"1d462ff392e79c4d0e1bb7016209b0410d17cc7e","isMergeCommit":false,"messageTitle":"Edit JsonAdaptedMeetUp.java file","messageBody":"Edited the file to ensure correct variable typing.\n","fileTypesAndContributionMap":{"functional-code":{"insertions":10,"deletions":9}}},{"hash":"e788991f628b475e0866c4334f9fad9d31f2cb5d","isMergeCommit":false,"messageTitle":"Edit SampleMeetUpList.java file","messageBody":"Edited the file by creating the respective meetup field objects (MeetUpName, MeetUpTo, etc.) to ensure correct variable typing.\n","fileTypesAndContributionMap":{"functional-code":{"insertions":5,"deletions":3}}},{"hash":"da5d10e30246d7f79367f3ed3c53a0bf8c8c0b95","isMergeCommit":false,"messageTitle":"Edit files to pass checkstyle","messageBody":"Edited a few files to ensure it follows checkstyle guide.\n","fileTypesAndContributionMap":{"functional-code":{"insertions":10,"deletions":3}}},{"hash":"8f8035070dce128fd5bc3d11013a1d64b402019c","isMergeCommit":false,"messageTitle":"Edit files to pass checkstyle again","messageBody":"Edited a few files to ensure it follows checkstyle guide.\n","fileTypesAndContributionMap":{"functional-code":{"insertions":24,"deletions":17}}},{"hash":"b86f186e251b9cfed9de53497cec7aab3ae01387","isMergeCommit":false,"messageTitle":"Edit files to pass checkstyle again","messageBody":"Edited a few files to ensure it follows checkstyle guide.\n","fileTypesAndContributionMap":{"functional-code":{"insertions":13,"deletions":6}}}]}],"CreditableX":[{"date":"2024-09-25","commitResults":[{"hash":"98bdf4ed0c782b63ff6fbe72ea7660defb3cba07","isMergeCommit":false,"messageTitle":"Add AboutUs for Meng","messageBody":"","fileTypesAndContributionMap":{"docs":{"insertions":8,"deletions":90}}},{"hash":"bba13d195aed4f5ec3b46be4ff287b605613a51a","isMergeCommit":false,"messageTitle":"Add AboutUs for Meng","messageBody":"","fileTypesAndContributionMap":{"docs":{"insertions":1,"deletions":1}}},{"hash":"55717d78f10b387a90c85c97d5b62743470125ba","isMergeCommit":true,"messageTitle":"Merge branch \u0027master\u0027 into A-AboutUs","messageBody":"","fileTypesAndContributionMap":{}},{"hash":"807c3c262548445056defdf8078bd8f55d049a0b","isMergeCommit":true,"messageTitle":"Merge pull request #27 from Solomon0519/A-AboutUs","messageBody":"Edit team roles and responsibility","fileTypesAndContributionMap":{}},{"hash":"7c9649ebf82e83ea10041f9587b41fcef20f0f68","isMergeCommit":true,"messageTitle":"Merge branch \u0027master\u0027 into update-aboutus","messageBody":"","fileTypesAndContributionMap":{}},{"hash":"64eed5951255091b817fb2b7c8face68fb2f8f39","isMergeCommit":true,"messageTitle":"Merge pull request #22 from KennyLewi/update-aboutus","messageBody":"Update AboutUs.md for kenny","fileTypesAndContributionMap":{}},{"hash":"2c72009ca91bc8e58eec16cf28340c1fa59d8e4c","isMergeCommit":true,"messageTitle":"Merge branch \u0027master\u0027 into add-yiLing-info","messageBody":"","fileTypesAndContributionMap":{}},{"hash":"51e07a737d2598d1a3e656f10214a942cb7ad9f3","isMergeCommit":true,"messageTitle":"Merge pull request #26 from ylchin/add-yiLing-info","messageBody":"Add Yi Ling\u0027s information in AboutUs.md","fileTypesAndContributionMap":{}},{"hash":"343f45084a33fec3a38d4c45641b4ae3281eafba","isMergeCommit":true,"messageTitle":"Merge branch \u0027master\u0027 into A-AboutUs","messageBody":"","fileTypesAndContributionMap":{}},{"hash":"2245f1faae6dbe9e75512b7b89be1d032a76e2db","isMergeCommit":true,"messageTitle":"Merge pull request #24 from NgZiXin/A-AboutUs","messageBody":"Update AboutUs page","tags":["v1.0"],"fileTypesAndContributionMap":{}}]},{"date":"2024-10-02","commitResults":[{"hash":"5f7bf577acf59dc4da16a965ca7e32ea03d1858b","isMergeCommit":false,"messageTitle":"Add Non-Functional Requirements","messageBody":"","fileTypesAndContributionMap":{"docs":{"insertions":20,"deletions":0}}},{"hash":"7f4da25ff459b66c05d953a9195999d4a305705b","isMergeCommit":false,"messageTitle":"add Glossary","messageBody":"","fileTypesAndContributionMap":{"docs":{"insertions":7,"deletions":0}}},{"hash":"becb9487eb9f0a0bf01963dee8ec11436715ea87","isMergeCommit":false,"messageTitle":"add Non Functional Requirements","messageBody":"","fileTypesAndContributionMap":{"docs":{"insertions":0,"deletions":2}}},{"hash":"429138a4c74d2c7c25e2684d96da1d473212a0fa","isMergeCommit":false,"messageTitle":"add Glossary","messageBody":"","fileTypesAndContributionMap":{"docs":{"insertions":0,"deletions":18}}},{"hash":"e048d515e5b258a819f4375d44838f78913d4393","isMergeCommit":false,"messageTitle":"add Glossary","messageBody":"","fileTypesAndContributionMap":{"docs":{"insertions":19,"deletions":7}}},{"hash":"b15947d7c3766ce335ba7b3e36ecd058a9f51425","isMergeCommit":false,"messageTitle":"update Non Functional Requirements","messageBody":"","fileTypesAndContributionMap":{"docs":{"insertions":26,"deletions":15}}},{"hash":"2f8c14855a9af2eed6e93859a7be93a12a26beb0","isMergeCommit":false,"messageTitle":"update Glossary","messageBody":"","fileTypesAndContributionMap":{"docs":{"insertions":8,"deletions":4}}},{"hash":"cf3815e0be0e391e1020e0254c6d6cfee1d00e39","isMergeCommit":false,"messageTitle":"update Glossary","messageBody":"","fileTypesAndContributionMap":{"docs":{"insertions":2,"deletions":2}}},{"hash":"353228d8cc6c4489815ed83de4e8dfe9197c8033","isMergeCommit":true,"messageTitle":"Merge pull request #40 from NgZiXin/update-homepage","messageBody":"Update homepage","fileTypesAndContributionMap":{}},{"hash":"466cb03bca29c6384d5255ce7c21f0c7e13cd52f","isMergeCommit":false,"messageTitle":"update Glossary","messageBody":"","fileTypesAndContributionMap":{"docs":{"insertions":3,"deletions":3}}},{"hash":"79c34e87122f1415ebaa038f043f40a3635a1705","isMergeCommit":false,"messageTitle":"update Glossary","messageBody":"","fileTypesAndContributionMap":{"docs":{"insertions":2,"deletions":2}}},{"hash":"89b8d373f6dc21d7d420f55e2431d5354be7fcea","isMergeCommit":false,"messageTitle":"update Glossary","messageBody":"","fileTypesAndContributionMap":{"docs":{"insertions":2,"deletions":2}}},{"hash":"f268e60ee7cb17978abc2c40598bdbff37edb961","isMergeCommit":false,"messageTitle":"update Glossary","messageBody":"","fileTypesAndContributionMap":{"docs":{"insertions":2,"deletions":2}}}]},{"date":"2024-10-11","commitResults":[{"hash":"577eb86e21f6980ce697dc813a93b14c299ebccd","isMergeCommit":false,"messageTitle":"add skeleton","messageBody":"","fileTypesAndContributionMap":{"functional-code":{"insertions":6,"deletions":0},"other":{"insertions":594,"deletions":0}}},{"hash":"52c2e5d4457777d64b4da9df3732e40092a17463","isMergeCommit":false,"messageTitle":"update filter meetup","messageBody":"","fileTypesAndContributionMap":{"functional-code":{"insertions":36,"deletions":6}}},{"hash":"bbc5b1bb07c21b94ac7d0efcc56797cc6c30aac0","isMergeCommit":false,"messageTitle":"add to filter meetup command","messageBody":"","fileTypesAndContributionMap":{"functional-code":{"insertions":13,"deletions":9}}},{"hash":"ffcd960b584b071516be9fd2e5911ebb2a78b223","isMergeCommit":false,"messageTitle":"update files to fit stylechecks","messageBody":"","fileTypesAndContributionMap":{"functional-code":{"insertions":1,"deletions":1}}}]},{"date":"2024-10-12","commitResults":[{"hash":"ba99d27835f4370830dee4b84ff5a7f3f09e6b52","isMergeCommit":false,"messageTitle":"update filter meetup command","messageBody":"","fileTypesAndContributionMap":{"functional-code":{"insertions":0,"deletions":5},"test-code":{"insertions":0,"deletions":0}}},{"hash":"7863a2645eccab32a4ea1e00db149709b6343daa","isMergeCommit":false,"messageTitle":"continue work on meetup view and filter","messageBody":"","fileTypesAndContributionMap":{"functional-code":{"insertions":54,"deletions":10}}},{"hash":"18c6cb164311e7413456fcb33697a87d52590f44","isMergeCommit":false,"messageTitle":"continue work on meetup view and filter","messageBody":"","fileTypesAndContributionMap":{"test-code":{"insertions":6,"deletions":0}}},{"hash":"3d82ffb2f84db698b78fbc6fbcd0fbfb318c1524","isMergeCommit":true,"messageTitle":"Merge branch \u0027master\u0027 into branch-filterMeetups","messageBody":"","fileTypesAndContributionMap":{}},{"hash":"32df5943a0d672c72553ab0c3383042bc8772545","isMergeCommit":true,"messageTitle":"Merge branch \u0027branch-filterMeetups\u0027 of https://github.com/CreditableX/tp into branch-filterMeetups","messageBody":"","fileTypesAndContributionMap":{}},{"hash":"a538e6a08a99ac4667683fc942711fdf6f27ca34","isMergeCommit":false,"messageTitle":"change functions to fit new pr","messageBody":"","fileTypesAndContributionMap":{"functional-code":{"insertions":3,"deletions":1}}},{"hash":"9e8bc279840db76d8f34ea9c274aa66ee6c5693b","isMergeCommit":false,"messageTitle":"add javadoc","messageBody":"","fileTypesAndContributionMap":{"functional-code":{"insertions":3,"deletions":0}}},{"hash":"fbcbafc6e6395a5d3f049463442e68be6c174f6e","isMergeCommit":false,"messageTitle":"fix checkstyle","messageBody":"","fileTypesAndContributionMap":{"test-code":{"insertions":1,"deletions":0}}},{"hash":"677dc7f1789b4f18d260b8eb1e7065e518a7edce","isMergeCommit":false,"messageTitle":"fix broken files from pull","messageBody":"","fileTypesAndContributionMap":{"functional-code":{"insertions":1,"deletions":0}}},{"hash":"d2a091cb24ed3acb1fbf5a894344d623bc797add","isMergeCommit":false,"messageTitle":"remove bin","messageBody":"","fileTypesAndContributionMap":{"other":{"insertions":0,"deletions":594}}},{"hash":"0d3f443049087edd7af63f105b867e46945632c7","isMergeCommit":true,"messageTitle":"Merge pull request #63 from ylchin/view-filter","messageBody":"Enable filtering by person type in view","fileTypesAndContributionMap":{}}]},{"date":"2024-10-13","commitResults":[{"hash":"3a67b4dc649245f7e11420673ff74b9b0c4c2710","isMergeCommit":false,"messageTitle":"add files for meetup model and storage","messageBody":"","fileTypesAndContributionMap":{"functional-code":{"insertions":275,"deletions":4}}}]},{"date":"2024-10-14","commitResults":[{"hash":"6494b061a6247c2b0780ea8d7ed68b457aca67bf","isMergeCommit":true,"messageTitle":"Merge pull request #78 from KennyLewi/add-meetup-class-comments","messageBody":"Add more comments to MeetUp class","fileTypesAndContributionMap":{}},{"hash":"104f88ca22ba29922eeac31d0e3db2a29096bb08","isMergeCommit":false,"messageTitle":"add logic for storage and handling of meetup","messageBody":"","fileTypesAndContributionMap":{"functional-code":{"insertions":559,"deletions":32},"other":{"insertions":594,"deletions":0}}},{"hash":"6a0a0f9cb7ec71cb752e1d257bfbc041f2af02f8","isMergeCommit":false,"messageTitle":"add logic for storage and handling of meetup","messageBody":"","fileTypesAndContributionMap":{"other":{"insertions":0,"deletions":594}}},{"hash":"47702959df366223890d47dae465b7fc10ea190d","isMergeCommit":false,"messageTitle":"add logic for handling of meetup","messageBody":"","fileTypesAndContributionMap":{"functional-code":{"insertions":53,"deletions":40},"other":{"insertions":594,"deletions":0}}},{"hash":"c55a246b068b4c89a83c25925e3290073894c395","isMergeCommit":false,"messageTitle":"add logic for handling of meetup","messageBody":"","fileTypesAndContributionMap":{"other":{"insertions":0,"deletions":594}}},{"hash":"78a2af81fbddac5c760cdb9b26e95b4c2f5cb78d","isMergeCommit":false,"messageTitle":"fix checkstyle errors","messageBody":"","fileTypesAndContributionMap":{"functional-code":{"insertions":28,"deletions":25},"other":{"insertions":594,"deletions":0}}},{"hash":"6b3f2de15aa9c49074a63ef87264bb1ff439f1c3","isMergeCommit":false,"messageTitle":"fix checkstyle errors","messageBody":"","fileTypesAndContributionMap":{"other":{"insertions":0,"deletions":594}}},{"hash":"d7eecd9f6d5accbe33e96688558f2c500948731c","isMergeCommit":false,"messageTitle":"fix meet up storage issues","messageBody":"","fileTypesAndContributionMap":{"functional-code":{"insertions":16,"deletions":11}}},{"hash":"f6ce76b6d81a08b63fd6e542886adc35a325b7ca","isMergeCommit":false,"messageTitle":"fix bugs with meetup storage","messageBody":"","fileTypesAndContributionMap":{"functional-code":{"insertions":2,"deletions":2}}},{"hash":"5f64776006731615d65b2f5fc34e4ae84f93435c","isMergeCommit":true,"messageTitle":"Merge branch \u0027master\u0027 into branch-viewMeetUpCommand","messageBody":"","fileTypesAndContributionMap":{}},{"hash":"506fe72231eb2fd0a350104bf520ec289b81faf9","isMergeCommit":true,"messageTitle":"fix conflict","messageBody":"","fileTypesAndContributionMap":{}},{"hash":"5e713ca570be1dc1a3e843c027f9dc0d7fe1fa64","isMergeCommit":false,"messageTitle":"fix checkstyle","messageBody":"","fileTypesAndContributionMap":{"functional-code":{"insertions":2,"deletions":2}}},{"hash":"11a2456b7df016cb74ce94a2c0a4d52d65dd5ece","isMergeCommit":false,"messageTitle":"comment test cases","messageBody":"","fileTypesAndContributionMap":{"test-code":{"insertions":1124,"deletions":1124}}},{"hash":"38c3da920d34a722a1ec02ad3844be60b78ad7c2","isMergeCommit":false,"messageTitle":"fix checkstyler","messageBody":"","fileTypesAndContributionMap":{"test-code":{"insertions":2,"deletions":1}}},{"hash":"13ddf6d2a89141aea54f8544ffd4cc10749a7fa0","isMergeCommit":false,"messageTitle":"fix checkstyler","messageBody":"","fileTypesAndContributionMap":{"test-code":{"insertions":1,"deletions":1}}}]},{"date":"2024-10-15","commitResults":[{"hash":"1d263d159d1589e649a2e3f78ece1e55a6898bd2","isMergeCommit":true,"messageTitle":"Merge pull request #88 from NgZiXin/branch-personType-testcase","messageBody":"Create test cases for personType","fileTypesAndContributionMap":{}},{"hash":"45e0ba567d4a739bc319b12ab80603fde4ca71cc","isMergeCommit":true,"messageTitle":"Merge pull request #89 from NgZiXin/branch-meetUp-testcase","messageBody":"Integration of testcase with model","fileTypesAndContributionMap":{}}]}],"KennyLewi":[{"date":"2024-09-25","commitResults":[{"hash":"5f4252aef03266f61f582c65a864f8e781ebbe9c","isMergeCommit":false,"messageTitle":"Update AboutUs.md for kenny","messageBody":"","fileTypesAndContributionMap":{"docs":{"insertions":51,"deletions":5}}},{"hash":"c872dbad300dd8e3cb4d65156f2d8b5567b8a7fc","isMergeCommit":false,"messageTitle":"Update AboutUs.md kenny portfolio","messageBody":"","fileTypesAndContributionMap":{"docs":{"insertions":1,"deletions":1}}}]},{"date":"2024-10-10","commitResults":[{"hash":"853a93ef66a3547a36077cfe2a516acdce25357a","isMergeCommit":false,"messageTitle":"Add meetup toString","messageBody":"","fileTypesAndContributionMap":{"functional-code":{"insertions":1,"deletions":1}}}]},{"date":"2024-10-11","commitResults":[{"hash":"d26db46d191b16ac5da735cb9826c4f6c0d5771a","isMergeCommit":false,"messageTitle":"Add meetup class","messageBody":"","fileTypesAndContributionMap":{"functional-code":{"insertions":129,"deletions":7}}}]},{"date":"2024-10-12","commitResults":[{"hash":"79db899e03bbd87f93eca8d89786fa7a9209adba","isMergeCommit":false,"messageTitle":"Create command to add meetups","messageBody":"","fileTypesAndContributionMap":{"functional-code":{"insertions":75,"deletions":21}}}]},{"date":"2024-10-14","commitResults":[{"hash":"ed501a7032cbc7758ab33d812534f1d8b9ec8e2e","isMergeCommit":false,"messageTitle":"Add more comments to MeetUp class","messageBody":"","fileTypesAndContributionMap":{"functional-code":{"insertions":1,"deletions":1}}}]}],"ylchin":[{"date":"2024-09-25","commitResults":[{"hash":"4e9723e0e675145501b14a3a6b068b7641c0d964","isMergeCommit":false,"messageTitle":"Remove Does","messageBody":"","fileTypesAndContributionMap":{"docs":{"insertions":0,"deletions":49}}},{"hash":"2eda5ca07c603c1d9364bc7c941f7cd6fe4d7671","isMergeCommit":false,"messageTitle":"Revert \"Remove Does\"","messageBody":"This reverts commit 4e9723e0e675145501b14a3a6b068b7641c0d964.\n","fileTypesAndContributionMap":{"docs":{"insertions":49,"deletions":0}}},{"hash":"f4c5a63d45a5260cd79fc68ef8132be3b65c0db2","isMergeCommit":false,"messageTitle":"Update Yi Ling\u0027s information in AboutUs.md","messageBody":"","fileTypesAndContributionMap":{"docs":{"insertions":5,"deletions":45}}},{"hash":"7bdbce3414dde3f1dc34cd95e06b5beb4dfa3702","isMergeCommit":false,"messageTitle":"Update newline at end of file for checkstyle","messageBody":"","fileTypesAndContributionMap":{"docs":{"insertions":1,"deletions":1}}},{"hash":"ef0bfc3384eb8f6394bba388a75d8ca970b98714","isMergeCommit":false,"messageTitle":"Create portfolio page","messageBody":"","fileTypesAndContributionMap":{"docs":{"insertions":46,"deletions":0}}},{"hash":"94a849be2ae9fb330a43476b2fa1e87b65728e28","isMergeCommit":false,"messageTitle":"Update link to portfolio in AboutUs.md","messageBody":"","fileTypesAndContributionMap":{"docs":{"insertions":1,"deletions":1}}}]},{"date":"2024-10-01","commitResults":[{"hash":"deffcdc7e4862d2a3b015afeb94ce1e88b7e928d","isMergeCommit":false,"messageTitle":"Update target user profile in Developer Guide","messageBody":"The current target user profile does not fully align with\nthe project’s selected direction and vision.\n\nUpdating the target user profile is necessary to ensure\nthat it accurately reflects the intended audience and\nthe project’s goals.\n\nUpdate the target user profile in the developer guide to\nmatch the selected project direction.\n\nThis change ensures that the documentation remains\nconsistent with the project’s objectives and target\naudience, providing clearer guidance to future developers.\n","fileTypesAndContributionMap":{"docs":{"insertions":4,"deletions":1}}},{"hash":"b1b3d74d145e32b6bab2e735e8e3b50e6db747e2","isMergeCommit":false,"messageTitle":"Update value proposition in Developer Guide","messageBody":"The current value proposition does not fully align with the\nproject’s selected direction and updated objectives.\n\nIt needs to be revised to ensure that it accurately communicates\nthe unique benefits and focus of the project.\n\nUpdate the value proposition in the developer guide to reflect\nthe selected project direction.\n\nThis update is necessary to ensure the value proposition is\nconsistent with the project’s current goals and target audience,\nproviding clear messaging to stakeholders.\n\nNo other changes are included in this commit.\n","fileTypesAndContributionMap":{"docs":{"insertions":1,"deletions":1}}},{"hash":"e8425b8dbb4955ebd9a32e04947f934bb253236a","isMergeCommit":false,"messageTitle":"Update user stories in Developer Guide","messageBody":"The current user stories in the developer guide do not fully\nreflect the project’s current scope and direction.\n\nThese stories need to be updated to accurately represent the\nneeds and goals of the target users and to ensure alignment\nwith the project’s objectives.\n\nUpdate the user stories in the developer guide to match the\nselected project direction, refining the use cases and\nrequirements.\n\nThis update is done to maintain consistency and ensure the\ndocumentation reflects the project’s goals, providing clear\nguidance for future development.\n\nNo other modifications are included in this commit.\n","fileTypesAndContributionMap":{"docs":{"insertions":40,"deletions":10}}}]},{"date":"2024-10-02","commitResults":[{"hash":"936636ce2ad40b9c2d1d71540d11760fba7180bc","isMergeCommit":false,"messageTitle":"Update value proposition in Developer Guide","messageBody":"The current value proposition in the developer guide lacks\ndetail and does not fully articulate the project’s unique\noffering to its target users.\n\nA more detailed value proposition is needed to clearly explain\nhow the project stands out and how it benefits users in its\nspecific context.\n\nUpdate the value proposition in the developer guide to include\nmore detail, focusing on the unique advantages of the project\nand the specific needs it addresses for its target audience.\n\nThis update ensures that the developer guide provides a clear\nand compelling explanation of the project’s value, supporting\nfuture development and user engagement.\n\nNo other sections are affected by this change.\n","fileTypesAndContributionMap":{"docs":{"insertions":1,"deletions":1}}},{"hash":"aa24a1698f3362315d27e8ec4ffab43b2f505b75","isMergeCommit":true,"messageTitle":"Merge pull request #41 from NgZiXin/update-settings","messageBody":"Update settings","fileTypesAndContributionMap":{}},{"hash":"f14273e557521871034f4077cdecbf6386614f8b","isMergeCommit":true,"messageTitle":"Merge pull request #46 from CreditableX/branch-NonFunctionalRequirements","messageBody":"Add Non-Functional Requirements","fileTypesAndContributionMap":{}}]},{"date":"2024-10-10","commitResults":[{"hash":"298b9aff2bdcd0613fbd6e37e66fd128119c2070","isMergeCommit":false,"messageTitle":"Refactor code","messageBody":"","fileTypesAndContributionMap":{"functional-code":{"insertions":3,"deletions":3},"other":{"insertions":7,"deletions":7},"test-code":{"insertions":6,"deletions":6}}},{"hash":"ccf7311c88e4655b71b0d3b0a5b76e5f618941cc","isMergeCommit":false,"messageTitle":"New class PersonFulfilsPredicate determines whether PersonType matches given keyword","messageBody":"","fileTypesAndContributionMap":{"functional-code":{"insertions":38,"deletions":0}}},{"hash":"7b768362e00cff7bf3d89ae501a428e72d2937cc","isMergeCommit":true,"messageTitle":"Merge branch \u0027master\u0027 into view-filter","messageBody":"","fileTypesAndContributionMap":{}},{"hash":"7309ac61029099d37650a71ca8a0b4f99429a18a","isMergeCommit":false,"messageTitle":"Add ViewCommandParser class","messageBody":"","fileTypesAndContributionMap":{"functional-code":{"insertions":23,"deletions":0}}},{"hash":"e533c3b4d20d25927c73681985ceeefd5fa5bfa8","isMergeCommit":false,"messageTitle":"Enable filtering by person type in view","messageBody":"","fileTypesAndContributionMap":{"functional-code":{"insertions":34,"deletions":5}}},{"hash":"5dec3b22b90744950cad46c23d4ea6fea46b56a9","isMergeCommit":false,"messageTitle":"Catch when keyword for ViewCommand is invalid","messageBody":"","fileTypesAndContributionMap":{"functional-code":{"insertions":14,"deletions":1}}},{"hash":"5c08bfd28542b67ab720022f8a37cd4a0211c821","isMergeCommit":false,"messageTitle":"Add toString method for ViewCommand class","messageBody":"","fileTypesAndContributionMap":{"functional-code":{"insertions":8,"deletions":0}}},{"hash":"899c15d5789fead665450eb55bb4a4dca936be22","isMergeCommit":false,"messageTitle":"Update tests in ViewCommandTest","messageBody":"","fileTypesAndContributionMap":{"functional-code":{"insertions":1,"deletions":1},"test-code":{"insertions":62,"deletions":7}}},{"hash":"ef3ec4fbf769c5cf2bea58647372e503a09e2981","isMergeCommit":false,"messageTitle":"remove unused import in ViewCommandParser","messageBody":"","fileTypesAndContributionMap":{"functional-code":{"insertions":0,"deletions":2}}}]},{"date":"2024-10-11","commitResults":[{"hash":"db9dc19e6c0e1edac00f5e0e0dade96de7e4871e","isMergeCommit":false,"messageTitle":"Update existing test files","messageBody":"","fileTypesAndContributionMap":{"test-code":{"insertions":8,"deletions":6}}}]},{"date":"2024-10-14","commitResults":[{"hash":"de7835fdb557d9bb31f5bcf144b604d07410ac9b","isMergeCommit":false,"messageTitle":"Write test cases for ViewCommandParser in ViewCommandParserTest","messageBody":"","fileTypesAndContributionMap":{"test-code":{"insertions":36,"deletions":0}}},{"hash":"91f58a44403df550244e52a29647b8ec6009e426","isMergeCommit":false,"messageTitle":"Add toString method to PersonFulfilsPredicate","messageBody":"","fileTypesAndContributionMap":{"functional-code":{"insertions":6,"deletions":0}}},{"hash":"c0150ca81b776bbaa0ef2e8a478c3d1f017678e0","isMergeCommit":false,"messageTitle":"Write test cases for PersonFulfilsPredicate in PersonFulfilsPredicateTest","messageBody":"","fileTypesAndContributionMap":{"test-code":{"insertions":62,"deletions":0}}},{"hash":"08f8883768cf90ae6c49ac44604fa0f70f136c39","isMergeCommit":true,"messageTitle":"Merge pull request #80 from NgZiXin/refactor-person-command","messageBody":"Refactor command and command parsers for person","fileTypesAndContributionMap":{}},{"hash":"cfcfff5277dfb9838c3b477616e6ae7dfba3a7dd","isMergeCommit":true,"messageTitle":"Merge branch \u0027master\u0027 into test-view-filter","messageBody":"","fileTypesAndContributionMap":{}},{"hash":"a63d3861c4f1c971d45862e635212e5efc61746d","isMergeCommit":false,"messageTitle":"Rename ViewPersonCommandParserTest class and refactor methods to reflect changes","messageBody":"","fileTypesAndContributionMap":{"other":{"insertions":7,"deletions":7}}}]},{"date":"2024-10-15","commitResults":[{"hash":"f84d2bbaf22c70c56c5311641c2fa4d51c666ccc","isMergeCommit":true,"messageTitle":"Merge pull request #74 from Solomon0519/tP-DeleteMeetUp","messageBody":"Major changes to edit meetup command class","fileTypesAndContributionMap":{}}]}],"NgZiXin":[{"date":"2024-09-25","commitResults":[{"hash":"68cd6880981e3a87432963eaac86a462f6cfdf7e","isMergeCommit":false,"messageTitle":"Update AboutUs page","messageBody":"","fileTypesAndContributionMap":{"docs":{"insertions":7,"deletions":46}}},{"hash":"e30dce12d76ef7532158e6deea5a284c3807f18d","isMergeCommit":true,"messageTitle":"Merge pull request #20 from CreditableX/A-UpdateAboutUs","messageBody":"Update AboutUs for Meng","fileTypesAndContributionMap":{}},{"hash":"1ee3fb5842d2a7b8cb1e747ce7d1fa040b9bc755","isMergeCommit":false,"messageTitle":"Update AboutUs page","messageBody":"","fileTypesAndContributionMap":{"docs":{"insertions":0,"deletions":42}}}]},{"date":"2024-10-01","commitResults":[{"hash":"fb7fdb4ba59564968a74dd73b638682a546d338a","isMergeCommit":false,"messageTitle":"Update website homepage application description and project acknowledgements","messageBody":"","fileTypesAndContributionMap":{"docs":{"insertions":5,"deletions":4}}},{"hash":"9ffb77f02fe57e405d1e84d5dae564e435afb08e","isMergeCommit":false,"messageTitle":"Update website homepage application description and project acknowledgements","messageBody":"","fileTypesAndContributionMap":{"other":{"insertions":2,"deletions":2}}},{"hash":"cc904997ed09e551ae696124f40e4ade5bf9affd","isMergeCommit":false,"messageTitle":"Update repo link","messageBody":"","fileTypesAndContributionMap":{"other":{"insertions":1,"deletions":1}}},{"hash":"c3f238e2913696c1236acc72421f446f9da8e002","isMergeCommit":false,"messageTitle":"Update user guide context to match ABCLI","messageBody":"","fileTypesAndContributionMap":{"docs":{"insertions":6,"deletions":10}}},{"hash":"d5646d3c11943608600a418cfd738952193349ca","isMergeCommit":false,"messageTitle":"Update user guide expected features","messageBody":"","fileTypesAndContributionMap":{"docs":{"insertions":33,"deletions":2}}},{"hash":"2b5242be20b1feb61a27020c4e3da43c8678c260","isMergeCommit":false,"messageTitle":"Update README","messageBody":"","fileTypesAndContributionMap":{"docs":{"insertions":9,"deletions":11}}},{"hash":"f1faebcbc9dcaaa5861fa079c084afd3ca3b1f87","isMergeCommit":false,"messageTitle":"Format Page layout","messageBody":"","fileTypesAndContributionMap":{"docs":{"insertions":1,"deletions":1}}},{"hash":"6de8ab4ac07984dc70b350988a6915a1f5d28242","isMergeCommit":false,"messageTitle":"Format Page layout","messageBody":"","fileTypesAndContributionMap":{"docs":{"insertions":6,"deletions":3}}}]},{"date":"2024-10-02","commitResults":[{"hash":"f3e1273488d7a9396cb1d2a56e212931c9ef6ec9","isMergeCommit":true,"messageTitle":"Merge pull request #35 from ylchin/add-target-user","messageBody":"Update target user profile in Developer Guide","fileTypesAndContributionMap":{}},{"hash":"08031fba066a56cb5d953a8343852dbcf8657186","isMergeCommit":true,"messageTitle":"Merge pull request #37 from ylchin/add-user-stories","messageBody":"Update user stories in Developer Guide","fileTypesAndContributionMap":{}},{"hash":"034e148f5d3a6794ba1bb0f2a24d4b3581e1dc57","isMergeCommit":true,"messageTitle":"Merge pull request #36 from ylchin/add-value-proposition","messageBody":"Update value proposition in Developer Guide","fileTypesAndContributionMap":{}},{"hash":"9409e31e8cb4925c244dd6e762c1923b0a643d1d","isMergeCommit":true,"messageTitle":"Merge branch \u0027master\u0027 into branch-Glossary","messageBody":"","fileTypesAndContributionMap":{}},{"hash":"9afb4232b68174aa1aa09c4ad38379d02ccc8df9","isMergeCommit":true,"messageTitle":"Merge pull request #50 from CreditableX/branch-Glossary","messageBody":"Add Glossary","fileTypesAndContributionMap":{}}]},{"date":"2024-10-03","commitResults":[{"hash":"5a56910589a86149da31aaffc685976ddee6e0f6","isMergeCommit":true,"messageTitle":"Merge pull request #49 from Solomon0519/tP-UseCases","messageBody":"Edit use cases for DeveloperGuide.md","fileTypesAndContributionMap":{}},{"hash":"30412d29786408363aafe8a3c8fa150849fbcc68","isMergeCommit":true,"messageTitle":"Merge pull request #51 from KennyLewi/add-ui-mockup","messageBody":"Add ui mockup","fileTypesAndContributionMap":{}}]},{"date":"2024-10-09","commitResults":[{"hash":"61cfc05f2c3f4ba198080b4505547e6d93f49cc1","isMergeCommit":false,"messageTitle":"Add client type to contacts","messageBody":"","fileTypesAndContributionMap":{"functional-code":{"insertions":164,"deletions":9},"test-code":{"insertions":71,"deletions":33}}},{"hash":"cc5a3635b5f4180411151e69a28bb705a157d307","isMergeCommit":false,"messageTitle":"Update UserGuide.md","messageBody":"","fileTypesAndContributionMap":{"docs":{"insertions":7,"deletions":18}}},{"hash":"ceff85ce06dd7123c6d89729569d9f5a9b88eb89","isMergeCommit":true,"messageTitle":"Merge pull request #55 from Solomon0519/tP-UseCases","messageBody":"Touch up use cases for Develop","fileTypesAndContributionMap":{}},{"hash":"bdc00d02b506521f2d878cd218e389514c437c1a","isMergeCommit":false,"messageTitle":"Fix bugs","messageBody":"","fileTypesAndContributionMap":{"functional-code":{"insertions":2,"deletions":2},"test-code":{"insertions":7,"deletions":4}}},{"hash":"025604b553f109693d433ee8b582797a0be12559","isMergeCommit":false,"messageTitle":"Add Schedule and MeetUp class skeleton","messageBody":"","fileTypesAndContributionMap":{"functional-code":{"insertions":147,"deletions":0}}}]},{"date":"2024-10-10","commitResults":[{"hash":"0948cf346dbd131a0a7acc31b8e60f5283efdd7b","isMergeCommit":true,"messageTitle":"Merge pull request #61 from ylchin/refactor-code","messageBody":"Closes #60","fileTypesAndContributionMap":{}}]},{"date":"2024-10-11","commitResults":[{"hash":"418e8abe3e4fd115f07dcc9ecb62be4918cfdca9","isMergeCommit":true,"messageTitle":"Merge pull request #65 from KennyLewi/add-meetup-command","messageBody":"Add meetup toString","fileTypesAndContributionMap":{}}]},{"date":"2024-10-12","commitResults":[{"hash":"da45caa56c61434831d7cc3d1288d4aeed9daae7","isMergeCommit":true,"messageTitle":"Merge pull request #69 from CreditableX/branch-filterMeetups","messageBody":"Add skeleton for view meetup","fileTypesAndContributionMap":{}}]},{"date":"2024-10-13","commitResults":[{"hash":"c13c992a8c5288dbf84ca8d9b0f310890ddf0a69","isMergeCommit":true,"messageTitle":"Merge branch \u0027master\u0027 into tP-DeleteMeetUp","messageBody":"","fileTypesAndContributionMap":{}}]},{"date":"2024-10-14","commitResults":[{"hash":"2cdca335b760ca4f3b0088b97ac44a333a8e55e7","isMergeCommit":false,"messageTitle":"Refactor command and command parsers for person","messageBody":"","fileTypesAndContributionMap":{"functional-code":{"insertions":16,"deletions":16},"other":{"insertions":200,"deletions":192},"test-code":{"insertions":34,"deletions":30}}},{"hash":"f0f9f1735a119a3d3ac1b4121c41607cef51223d","isMergeCommit":true,"messageTitle":"Merge pull request #81 from ylchin/test-view-filter","messageBody":"Closes #70","fileTypesAndContributionMap":{}}]},{"date":"2024-10-15","commitResults":[{"hash":"de878ab4bbb5bb3cc2cae5ec81c66f8fd36ea95a","isMergeCommit":false,"messageTitle":"Add test cases for Person","messageBody":"","fileTypesAndContributionMap":{"functional-code":{"insertions":25,"deletions":4},"test-code":{"insertions":69,"deletions":13}}},{"hash":"3f86d44f790e1d7fef4ae837a7b5d8f8149cd614","isMergeCommit":true,"messageTitle":"Merge branch \u0027master\u0027 of https://github.com/NgZiXin/tp","messageBody":"","fileTypesAndContributionMap":{}},{"hash":"76e9a8ce1a54d599934ff6685e7486df54946b90","isMergeCommit":false,"messageTitle":"Refactor test cases and fix bugs","messageBody":"","fileTypesAndContributionMap":{"functional-code":{"insertions":116,"deletions":145},"other":{"insertions":41,"deletions":37},"test-code":{"insertions":1024,"deletions":940}}},{"hash":"e117c0cf3deecd4d2cd789953a636a536705b721","isMergeCommit":false,"messageTitle":"Refactor test cases and fix bugs","messageBody":"","fileTypesAndContributionMap":{"functional-code":{"insertions":21,"deletions":22},"test-code":{"insertions":1043,"deletions":932}}}]}]},"authorFileTypeContributionMap":{"Solomon0519":{"docs":79,"functional-code":624,"test-code":0},"CreditableX":{"docs":62,"functional-code":831,"test-code":1},"KennyLewi":{"docs":52,"functional-code":168,"test-code":0},"ylchin":{"docs":48,"functional-code":109,"test-code":98},"NgZiXin":{"docs":57,"functional-code":580,"test-code":624,"other":3}},"authorContributionVariance":{"Solomon0519":21138.465,"CreditableX":1602890.5,"KennyLewi":1067.6746,"ylchin":3612.273,"NgZiXin":727640.9},"authorDisplayNameMap":{"Solomon0519":"CS2103T-F13-2 NG E..SWEN","CreditableX":"CS2103T-F13-2 YIOW..OONG","KennyLewi":"CS2103T-F13-2 KENN..LEWI","ylchin":"CS2103T-F13-2 CHIN..LING","NgZiXin":"CS2103T-F13-2 NG Z.. XIN"}}
