{"authorDailyContributionsMap":{"yyihaoc":[{"date":"2024-10-01","commitResults":[{"hash":"0b8c41a365b7c18135cb77dffdbe95d0aa0ca934","isMergeCommit":false,"messageTitle":"Update AboutUs.md for Yi Hao","messageBody":"","fileTypesAndContributionMap":{"docs":{"insertions":4,"deletions":3}}}]},{"date":"2024-10-11","commitResults":[{"hash":"a7d1a413712b1fe667b683c4aea0c5e461d0784d","isMergeCommit":false,"messageTitle":"Allow searching using substring matching","messageBody":"","fileTypesAndContributionMap":{"functional-code":{"insertions":28,"deletions":1}}},{"hash":"d6569f4a4f29c177a816d76c014522c19dbe86e8","isMergeCommit":true,"messageTitle":"Merge pull request #51 from yyihaoc/branch-Search","messageBody":"Allow searching using substring matching","fileTypesAndContributionMap":{}}]},{"date":"2024-10-15","commitResults":[{"hash":"5d59b8f23836a50fac4dad63c244eca8fa527911","isMergeCommit":true,"messageTitle":"Merge pull request #53 from superb-sushi/branch-view-cmd","messageBody":"View Command Implementation","fileTypesAndContributionMap":{}}]},{"date":"2024-10-16","commitResults":[{"hash":"d9643becf72364d443d5768088113f346d96a8a4","isMergeCommit":false,"messageTitle":"Allow searching contacts using role","messageBody":"","fileTypesAndContributionMap":{"functional-code":{"insertions":136,"deletions":12}}},{"hash":"32bfe2b54261a88b6a48d9faf11a90ceaa32fbf6","isMergeCommit":true,"messageTitle":"Merge branch \u0027master\u0027 into branch-Search1","messageBody":"","fileTypesAndContributionMap":{}},{"hash":"26c2473031161c3ad3d57e5824082c0c95772c46","isMergeCommit":false,"messageTitle":"Add Javadocs","messageBody":"","fileTypesAndContributionMap":{"functional-code":{"insertions":8,"deletions":19}}},{"hash":"844aa7ed750a5a2cb42034d4a86d4ce510ffd16b","isMergeCommit":false,"messageTitle":"Remove unused import statements and code","messageBody":"","fileTypesAndContributionMap":{"functional-code":{"insertions":2,"deletions":31}}},{"hash":"277ec4d1f31a2cdc891e36382bf6e9a92f88c028","isMergeCommit":false,"messageTitle":"Add Javadocs for FindCommand.java constructor","messageBody":"","fileTypesAndContributionMap":{"functional-code":{"insertions":4,"deletions":0}}},{"hash":"ad58d90e841573565bb8cb14079aa210a25b19ca","isMergeCommit":false,"messageTitle":"Fix bugs and add tests","messageBody":"","fileTypesAndContributionMap":{"test-code":{"insertions":112,"deletions":27}}},{"hash":"a56e818bc9d142c7c3da4e9488f3f3abd98b8eb6","isMergeCommit":false,"messageTitle":"Add test for RoleContainsKeywordsPredicate.java","messageBody":"","fileTypesAndContributionMap":{"test-code":{"insertions":87,"deletions":0}}},{"hash":"3389286a684516607d36c83b59ff89988369465c","isMergeCommit":false,"messageTitle":"Fix style issues","messageBody":"","fileTypesAndContributionMap":{"test-code":{"insertions":2,"deletions":3}}}]},{"date":"2024-10-17","commitResults":[{"hash":"c49eacf4e758d367c9212523b8496c68bf3b73c9","isMergeCommit":true,"messageTitle":"Merge pull request #63 from shizy/branch-updateAdd","messageBody":"Change Tags to Roles ","fileTypesAndContributionMap":{}},{"hash":"ae35822f4871911043d2788d9eace44f2c43dcdd","isMergeCommit":true,"messageTitle":"Merge pull request #61 from weiliann/update-help-window","messageBody":"fix issue where Scrollpane cannot scroll properly","fileTypesAndContributionMap":{}},{"hash":"c5bed22ca17c6a84b21b54c70ad42dddb819fde9","isMergeCommit":true,"messageTitle":"Merge pull request #65 from superb-sushi/branch-readme-update","messageBody":"Remove CSS in README","fileTypesAndContributionMap":{}},{"hash":"9e8286058785a42b402eb6b2621be5dca2cff64e","isMergeCommit":true,"messageTitle":"Merge branch \u0027master\u0027 into branch-Search1","messageBody":"","fileTypesAndContributionMap":{}},{"hash":"686751b6153e6b840e141e5add601382b19e0da5","isMergeCommit":false,"messageTitle":"Show Search command format if invalid input","messageBody":"","fileTypesAndContributionMap":{"functional-code":{"insertions":12,"deletions":1}}},{"hash":"7c61d93fc778f9be36321c0ffa58aeed55e925ea","isMergeCommit":false,"messageTitle":"Refine search format, add JUnit tests","messageBody":"","fileTypesAndContributionMap":{"functional-code":{"insertions":7,"deletions":7},"test-code":{"insertions":21,"deletions":1}}},{"hash":"357b7fa07ccce1b3213252921446bee12f31c62b","isMergeCommit":false,"messageTitle":"Add tests for FindCommand and StringUtil","messageBody":"","fileTypesAndContributionMap":{"functional-code":{"insertions":1,"deletions":1},"test-code":{"insertions":50,"deletions":0}}},{"hash":"52be150a2e272ec1a9602219927ee67ba9aa52b3","isMergeCommit":false,"messageTitle":"FindCommandParserTest.java: Add test for thrown exception","messageBody":"","fileTypesAndContributionMap":{"test-code":{"insertions":23,"deletions":0}}},{"hash":"dc6b42d1ab84298b8dfc53c585bea22a4661be17","isMergeCommit":false,"messageTitle":"Remove whitespaces in FindCommandParserTest.java","messageBody":"","fileTypesAndContributionMap":{"test-code":{"insertions":3,"deletions":3}}}]},{"date":"2024-10-21","commitResults":[{"hash":"b2fb2af809c036395ce1acc133550dd8fb1eeb97","isMergeCommit":true,"messageTitle":"Merge pull request #74 from shizy/branch-modifyTelegramReq","messageBody":"Update telegram field requirements and tests","fileTypesAndContributionMap":{}},{"hash":"20bb2e01459e575cc3508d372702b8d91c77a0a5","isMergeCommit":true,"messageTitle":"Merge pull request #76 from shizy/branch-AddressSchema","messageBody":"Add Attendance into schema","fileTypesAndContributionMap":{}}]},{"date":"2024-10-23","commitResults":[{"hash":"2b078f8aeb79f51a7c0f3a934b0087b9b8fbbc14","isMergeCommit":true,"messageTitle":"Merge branch \u0027master\u0027 into add-switch-profile","messageBody":"","fileTypesAndContributionMap":{}},{"hash":"f7316124b2dbb8d034d38d10b470a1b9cb235333","isMergeCommit":false,"messageTitle":"Remove trailing whitespace in AddressBookParser.java","messageBody":"","fileTypesAndContributionMap":{"functional-code":{"insertions":1,"deletions":1}}},{"hash":"933242987eeaf93b9c077f9da17556f5cee94cb6","isMergeCommit":true,"messageTitle":"Merge pull request #82 from weiliann/add-switch-profile","messageBody":"Add switch profile feature","fileTypesAndContributionMap":{}},{"hash":"111dbaaea0cb208a539801b8ce51a3b50649bc5f","isMergeCommit":false,"messageTitle":"Allow search using telegram handles","messageBody":"","fileTypesAndContributionMap":{"functional-code":{"insertions":66,"deletions":9}}},{"hash":"2618e0c6cc998c75862db05dc520a06ef635712a","isMergeCommit":false,"messageTitle":"Resolve checkstyle issues and add JUnit tests","messageBody":"","fileTypesAndContributionMap":{"functional-code":{"insertions":14,"deletions":7},"test-code":{"insertions":73,"deletions":17}}},{"hash":"49b052d2f39f50542e01f19f40d16633066bd78e","isMergeCommit":false,"messageTitle":"Update Help window and add tests","messageBody":"","fileTypesAndContributionMap":{"functional-code":{"insertions":3,"deletions":3},"test-code":{"insertions":89,"deletions":0}}},{"hash":"ebc50f860c25b37162172802252001786a201260","isMergeCommit":false,"messageTitle":"Add and update favourite functionality for contacts","messageBody":"Allow classifying contacts as favourites allow us to search up\ncommonly used contacts with ease.\n\nLet\u0027s\n* Add command: allow an optional input prefix when creating contacts to classify\n  the contact as favourite\n* Edit command: modify existing contact to either classify them as favourite or\n  not favourite\n* Find command: improve search to allow finding of favourites contacts, able to\n  search together with other valid prefixes\n\nCurrently, editing a favourite contact to classify them as favourite\nworks as a valid edit procedure, similarly for classfying non\nfavourite contact as non favourite.\n","fileTypesAndContributionMap":{"functional-code":{"insertions":142,"deletions":33}}},{"hash":"63806b080b195b581c1116c3dd0c99ab65414a6e","isMergeCommit":false,"messageTitle":"Add tests","messageBody":"","fileTypesAndContributionMap":{"functional-code":{"insertions":44,"deletions":13},"test-code":{"insertions":141,"deletions":35}}},{"hash":"c6fa31321c4a66c6fddc9f232dc57675e323b7b2","isMergeCommit":false,"messageTitle":"Fix bugs and tweak IsFavouritePredicate.java","messageBody":"","fileTypesAndContributionMap":{"functional-code":{"insertions":16,"deletions":12},"test-code":{"insertions":21,"deletions":15}}}]},{"date":"2024-10-24","commitResults":[{"hash":"3431c3c6b8129b2b4db785aa12890cb4ddefc432","isMergeCommit":false,"messageTitle":"Person.java: Fix typo","messageBody":"","fileTypesAndContributionMap":{"functional-code":{"insertions":1,"deletions":1}}},{"hash":"b1f2f7680393677bf46eaf14d78be5617058cdd0","isMergeCommit":true,"messageTitle":"Merge pull request #96 from superb-sushi/branch-view-fav-field","messageBody":"Updated `generateContactInformation()` method to also correctly display \"isFavourite\" status in `view` page","fileTypesAndContributionMap":{}},{"hash":"6df910203b6a15aa4a4ba00023d1c2a24f1d3e89","isMergeCommit":true,"messageTitle":"Merge pull request #98 from weiliann/update-help-msg","messageBody":"Refactor Help Command to display updated guides","fileTypesAndContributionMap":{}}]},{"date":"2024-11-04","commitResults":[{"hash":"8ca35a915fdaefc1c1f22b3ab527c6e786ee943a","isMergeCommit":true,"messageTitle":"Merge pull request #162 from shizy/branch-AlphaBugFixesSortCommand","messageBody":"Fix alpha bugs relating to Sort","fileTypesAndContributionMap":{}}]}],"shizy":[{"date":"2024-09-20","commitResults":[{"hash":"f658b31a8bfaf0978b5fc8b39109ad9717598a45","isMergeCommit":false,"messageTitle":"Change codecov badge","messageBody":"","fileTypesAndContributionMap":{"docs":{"insertions":1,"deletions":1}}},{"hash":"dd738efee6785011e0a600652203376ac6c8053c","isMergeCommit":true,"messageTitle":"Merge pull request #1 from shizy/master","messageBody":"Change codecov badge","fileTypesAndContributionMap":{}}]},{"date":"2024-09-30","commitResults":[{"hash":"471ff714317218ac03877573ba52bc6218145a50","isMergeCommit":false,"messageTitle":"Add new photo","messageBody":"","fileTypesAndContributionMap":{"functional-code":{"insertions":16,"deletions":9}}},{"hash":"ac4edffb8261a02bceeb2616a05c0be41a8eed68","isMergeCommit":false,"messageTitle":"Delete tutorial command","messageBody":"","fileTypesAndContributionMap":{"functional-code":{"insertions":0,"deletions":15}}},{"hash":"4ecff7598e46119598a45bc9982fb1004fcfc737","isMergeCommit":false,"messageTitle":"Undo import merging","messageBody":"","fileTypesAndContributionMap":{"functional-code":{"insertions":9,"deletions":1}}},{"hash":"033d23452f60590a2aa237700c823bc7fab40997","isMergeCommit":false,"messageTitle":"Update AboutUs page","messageBody":"","fileTypesAndContributionMap":{"docs":{"insertions":4,"deletions":5}}},{"hash":"22bbde82010936ee57f6637c0118d86cfcb09303","isMergeCommit":true,"messageTitle":"Merge upstream into local","messageBody":"","fileTypesAndContributionMap":{}},{"hash":"9eaf695a1ec7bcdb6b5598dc58109b0e9c43971a","isMergeCommit":false,"messageTitle":"Remove duplicate image of me","messageBody":"","fileTypesAndContributionMap":{"docs":{"insertions":1,"deletions":1}}},{"hash":"9e40c7cb8d4931d11c31d2f1d09449b13a88a7d8","isMergeCommit":true,"messageTitle":"Merge pull request #17 from Rachelcoll/update-aboutus","messageBody":"Update Runxin AboutUs Page","fileTypesAndContributionMap":{}},{"hash":"2630304bdf1f25622a3641a18ffbbbef1ee653de","isMergeCommit":false,"messageTitle":"Update Jekyll Config","messageBody":"","fileTypesAndContributionMap":{"other":{"insertions":2,"deletions":2}}},{"hash":"60a2001b5cf198c274bd075a9192276475e703d2","isMergeCommit":false,"messageTitle":"Change config title","messageBody":"","fileTypesAndContributionMap":{"other":{"insertions":1,"deletions":1}}},{"hash":"cae70fc4580fdd89517453d12605c4b561c27657","isMergeCommit":false,"messageTitle":"Update index.md to reflect actual project","messageBody":"","fileTypesAndContributionMap":{"docs":{"insertions":7,"deletions":7}}}]},{"date":"2024-10-03","commitResults":[{"hash":"6ee6aacb20f4c26b8e3c47ea3bbee0f3a1e523eb","isMergeCommit":false,"messageTitle":"Update DeveloperGuide.md to include relevant details","messageBody":"Update DeveloperGuide to include User Profile, Value Proposition, Use Cases, Glossary and NFR\n","fileTypesAndContributionMap":{"docs":{"insertions":126,"deletions":22}}}]},{"date":"2024-10-10","commitResults":[{"hash":"ba52e666f368740c23abcd5b222e9e177976dcab","isMergeCommit":false,"messageTitle":"Update documentation to fix style issues","messageBody":"","fileTypesAndContributionMap":{"docs":{"insertions":13,"deletions":11}}},{"hash":"ed20551cb65a383a72f9a15e2943b1a01ee59523","isMergeCommit":false,"messageTitle":"Change address to telegram","messageBody":"Made many replacements of address to telegram, so as to update the add functionality to MVP specifications.\n","fileTypesAndContributionMap":{"other":{"insertions":6,"deletions":7}}},{"hash":"e06ac81ba4e5eb41b8e2836ccf89bb6d5fea8c1a","isMergeCommit":true,"messageTitle":"Merge pull request #42 from Rachelcoll/update-data-storage","messageBody":"Change Data Storage schema","fileTypesAndContributionMap":{}},{"hash":"07ee0d5e9722d23ca2c0331875dfdc21a3b1aa13","isMergeCommit":false,"messageTitle":"Commit changes prior to merge","messageBody":"","fileTypesAndContributionMap":{"functional-code":{"insertions":85,"deletions":87},"test-code":{"insertions":126,"deletions":178}}},{"hash":"986fd9bdc100a4a438c57ce42d1d71190577fd26","isMergeCommit":true,"messageTitle":"Resolve merge conflicts","messageBody":"","fileTypesAndContributionMap":{}},{"hash":"b13d87e2e24a380370626f7f6d12d781663b5139","isMergeCommit":false,"messageTitle":"Resolve bugs for JavaFX","messageBody":"","fileTypesAndContributionMap":{"functional-code":{"insertions":25,"deletions":25}}}]},{"date":"2024-10-11","commitResults":[{"hash":"54c09dc7b429a34c9d4fe3dcb182df932af14d9c","isMergeCommit":false,"messageTitle":"Resolve style issues","messageBody":"","fileTypesAndContributionMap":{"functional-code":{"insertions":15,"deletions":12},"test-code":{"insertions":120,"deletions":65}}},{"hash":"c306c478880e258dbdc68e61c3141d50273a65be","isMergeCommit":false,"messageTitle":"Resolve test failures","messageBody":"","fileTypesAndContributionMap":{"functional-code":{"insertions":3,"deletions":1},"test-code":{"insertions":3,"deletions":3}}},{"hash":"2fb0b98beda7a87c4ab734f904b05360bd5f6e80","isMergeCommit":true,"messageTitle":"Merge pull request #44 from superb-sushi/branch-view-cmd","messageBody":"Add ViewCommand Class","fileTypesAndContributionMap":{}}]},{"date":"2024-10-16","commitResults":[{"hash":"6d2fed47d87052984f2bf1d91500a0a8f4675d96","isMergeCommit":false,"messageTitle":"Add restrictions for add fields and update error messages","messageBody":"","fileTypesAndContributionMap":{"functional-code":{"insertions":14,"deletions":12}}}]},{"date":"2024-10-17","commitResults":[{"hash":"4011858441d83fcac51b512d620353f39970b9c9","isMergeCommit":false,"messageTitle":"Change tags to role, modify tests to match specifications","messageBody":"","fileTypesAndContributionMap":{"functional-code":{"insertions":97,"deletions":97},"other":{"insertions":21,"deletions":21},"docs":{"insertions":8,"deletions":8},"test-code":{"insertions":153,"deletions":158}}},{"hash":"542e00d8d3a6de228c3d9d08c4b6b0f9d9c981ea","isMergeCommit":false,"messageTitle":"Change regex requirements for roles to reflect requirements","messageBody":"","fileTypesAndContributionMap":{"functional-code":{"insertions":4,"deletions":4},"test-code":{"insertions":2,"deletions":2}}},{"hash":"b5048ed6bc122b92fe3a80e17cbbd4faa116e8e8","isMergeCommit":true,"messageTitle":"Merge pull request #60 from Rachelcoll/command-alias","messageBody":"Command alias","fileTypesAndContributionMap":{}},{"hash":"e3306f9ae656fbaabc7445b3c60c64f84c95b4dc","isMergeCommit":false,"messageTitle":"Change app UI title to CCAConnect","messageBody":"","fileTypesAndContributionMap":{"functional-code":{"insertions":1,"deletions":1}}},{"hash":"d8b30a849255d4a1660e9448c71ca503fad0e811","isMergeCommit":true,"messageTitle":"Merge pull request #58 from yyihaoc/branch-Search1","messageBody":"Allow Search using contact role","fileTypesAndContributionMap":{}},{"hash":"e496aa25dd85650a1fbe975c3ad8dea7cca496e3","isMergeCommit":true,"messageTitle":"Fix Merge Conflict","messageBody":"","fileTypesAndContributionMap":{}},{"hash":"8f1f111e9757a4f1c95d07ea2aa093eda5473e93","isMergeCommit":false,"messageTitle":"Modify role to ignore case, and fix test cases from merge","messageBody":"","fileTypesAndContributionMap":{"functional-code":{"insertions":3,"deletions":3},"test-code":{"insertions":11,"deletions":11}}},{"hash":"dd554d61a3f34bb23a9ec7bc2e35968284763c50","isMergeCommit":false,"messageTitle":"Fix bug for regex space check for roles","messageBody":"","fileTypesAndContributionMap":{"functional-code":{"insertions":2,"deletions":2},"test-code":{"insertions":5,"deletions":4}}},{"hash":"c2243e73f2fbdf81b178be52c4aa8ea336c44178","isMergeCommit":false,"messageTitle":"Fix test case for NameContainsPredicateTest","messageBody":"","fileTypesAndContributionMap":{"test-code":{"insertions":2,"deletions":2}}},{"hash":"fda928db021202412417ef0b34a28fa44fb1d9aa","isMergeCommit":true,"messageTitle":"Merge pull request #67 from yyihaoc/branch-Search1","messageBody":"Fix Search command to improve error handling","fileTypesAndContributionMap":{}},{"hash":"848be4fbd778544bbc60e6773f57e2f813618920","isMergeCommit":false,"messageTitle":"Update versioning and names for v1.3 release","messageBody":"","fileTypesAndContributionMap":{"functional-code":{"insertions":4,"deletions":4},"other":{"insertions":1,"deletions":1}}},{"hash":"fe74e0df94714ab821d296a1dd22516f57604841","isMergeCommit":true,"messageTitle":"Merge pull request #70 from shizy/branch-release1.3","messageBody":"Update versioning and names for v1.3 release","tags":["v1.3"],"fileTypesAndContributionMap":{}}]},{"date":"2024-10-20","commitResults":[{"hash":"a3fb24a7d827299d4113a613a98c02a37fc16191","isMergeCommit":false,"messageTitle":"Update telegram field requirements and tests","messageBody":"Telegram regex validation did not properly encompass actual\ntelegram handle restrictions.\n\nChanged telegram regex validation along with constraint messages.\nAlso, added tests to check for telegram validity\n","fileTypesAndContributionMap":{"functional-code":{"insertions":6,"deletions":9},"test-code":{"insertions":5,"deletions":3}}},{"hash":"5149dfb992039362cd80752922bdf81fcfa6b3e8","isMergeCommit":false,"messageTitle":"Add Address class and field to Person","messageBody":"","fileTypesAndContributionMap":{"functional-code":{"insertions":150,"deletions":16}}}]},{"date":"2024-10-21","commitResults":[{"hash":"3ac3a354b0850ad4a83987deed72fc597c3d46f3","isMergeCommit":false,"messageTitle":"Fix test cases impacted by changes","messageBody":"","fileTypesAndContributionMap":{"functional-code":{"insertions":32,"deletions":2},"test-code":{"insertions":30,"deletions":17}}}]},{"date":"2024-10-23","commitResults":[{"hash":"99b5e222ece7f21cb21b81c2c788f6fda881117c","isMergeCommit":true,"messageTitle":"Merge pull request #88 from Rachelcoll/branch-attendance-list-mark","messageBody":"Fix error when input telegram contains invalid characters","fileTypesAndContributionMap":{}},{"hash":"d7ad5afe4f75301e698c4484f63ec703ce6413b4","isMergeCommit":false,"messageTitle":"Add sort command","messageBody":"This feature implements 3 variations of the sort command:\nsort asc: sorts list in ascending order\nsort desc: sorts list in descending order\nsort og: sorts list in original order (order of insertion)\n","fileTypesAndContributionMap":{"functional-code":{"insertions":169,"deletions":4}}},{"hash":"62ff747ac882f795bb4a7b6f941b67cb43c8bce9","isMergeCommit":false,"messageTitle":"Add comments to improve code quality","messageBody":"","fileTypesAndContributionMap":{"functional-code":{"insertions":22,"deletions":2}}},{"hash":"0d024a0e84ab3aa6f32ed56b171dfa63919cd7c8","isMergeCommit":false,"messageTitle":"Add test cases using junit","messageBody":"Create test cases for SortCommand, SortOrder and SortCommandParser\n","fileTypesAndContributionMap":{"test-code":{"insertions":4,"deletions":0}}},{"hash":"61c22d8089cffdde4f36d0afd5a1a314523bd184","isMergeCommit":false,"messageTitle":"Fix checkstyle issues","messageBody":"","fileTypesAndContributionMap":{"functional-code":{"insertions":10,"deletions":10},"test-code":{"insertions":130,"deletions":3}}}]},{"date":"2024-10-24","commitResults":[{"hash":"b219d40126ea70697d16682d5795b6659f1c7064","isMergeCommit":false,"messageTitle":"Add enableAssertions to build.gradle","messageBody":"","fileTypesAndContributionMap":{"other":{"insertions":4,"deletions":0}}},{"hash":"f4c5afe56019254314aa3f606ddef50a577e1179","isMergeCommit":true,"messageTitle":"Merge pull request #90 from yyihaoc/branch-Add-Favourites","messageBody":"Add Favourite Label to User Profiles","fileTypesAndContributionMap":{}},{"hash":"f6faf26be0d0510cbeb26139def4f6a00f2ff46b","isMergeCommit":false,"messageTitle":"Modify DG UML diagram and explanations","messageBody":"","fileTypesAndContributionMap":{"docs":{"insertions":24,"deletions":20}}}]},{"date":"2024-11-03","commitResults":[{"hash":"f16f93bc59b52e5a6c7899d6db6b71ef7e2edfb4","isMergeCommit":false,"messageTitle":"Fix alpha bugs relating to Sort","messageBody":"","fileTypesAndContributionMap":{"functional-code":{"insertions":4,"deletions":7},"test-code":{"insertions":176,"deletions":34}}}]}],"weiliann":[{"date":"2024-09-30","commitResults":[{"hash":"73f2b5315f236474c34e333ed71cea43ddedfc0b","isMergeCommit":false,"messageTitle":"Update about us section for weilian","messageBody":"","fileTypesAndContributionMap":{"docs":{"insertions":5,"deletions":5}}},{"hash":"cf7e979c0352b1c758100f9f5e0247cf6af2dcfe","isMergeCommit":true,"messageTitle":"Merge pull request #13 from superb-sushi/branch-about-us","messageBody":"Update \u0027About Us\u0027 Page","fileTypesAndContributionMap":{}},{"hash":"2c7ebf6bbf02ab49ab2dc8af008ba1620e4e808f","isMergeCommit":true,"messageTitle":"Resolve conflict for about us page","messageBody":"","fileTypesAndContributionMap":{}},{"hash":"a257e9ef7a5e5b697963198d1a6a3225332bc293","isMergeCommit":true,"messageTitle":"Merge branch \u0027master\u0027 into update-about-page","messageBody":"","fileTypesAndContributionMap":{}}]},{"date":"2024-10-01","commitResults":[{"hash":"e57ade5a2ede8b44d4464c44cf2e1d62763864f3","isMergeCommit":true,"messageTitle":"Merge pull request #23 from superb-sushi/branch-readme-others","messageBody":"Update README.md File (Remaining Contents)","fileTypesAndContributionMap":{}},{"hash":"2d4957c0e366c58787c5f5898c2f785e7f5a836a","isMergeCommit":true,"messageTitle":"Merge pull request #21 from shizy/branch-EditIndex","messageBody":"Edit index.md","fileTypesAndContributionMap":{}}]},{"date":"2024-10-02","commitResults":[{"hash":"ff8e41cd5681054aff76379b62cd2bc12b97070f","isMergeCommit":false,"messageTitle":"Update user stories in developer guide","messageBody":"Transferred existing user stories from Google Docs into the developer\nguide.\n\nCloses #31\n","fileTypesAndContributionMap":{"docs":{"insertions":35,"deletions":9}}},{"hash":"0b803f17d2f946d4699b1308cbe4e425a848b8f2","isMergeCommit":true,"messageTitle":"Merge pull request #27 from yyihaoc/branch-About-Us","messageBody":"Update About Us page (Yi Hao)","fileTypesAndContributionMap":{}},{"hash":"d9253c757764f07d96ae131d4ea9139ee6cbcebc","isMergeCommit":true,"messageTitle":"Merge pull request #30 from Rachelcoll/update-readme","messageBody":"Update build status badge and acknowledgement of README","fileTypesAndContributionMap":{}}]},{"date":"2024-10-11","commitResults":[{"hash":"5ac66243a3f2f85fea7629e7349aa865e04fafba","isMergeCommit":false,"messageTitle":"Update help window to display basic command usage","messageBody":"","fileTypesAndContributionMap":{"functional-code":{"insertions":64,"deletions":12}}},{"hash":"7827621f4ba5eddb2ad6c0366a64d5c5a02fd11c","isMergeCommit":false,"messageTitle":"fix eof error","messageBody":"","fileTypesAndContributionMap":{"functional-code":{"insertions":1,"deletions":1}}},{"hash":"0fe22ac8770bbe7461fab95ac739eefcea125851","isMergeCommit":true,"messageTitle":"Merge branch \u0027master\u0027 into update-help-window","messageBody":"","fileTypesAndContributionMap":{}},{"hash":"497718e18230e1352ba40a1428f0822d8f6207b3","isMergeCommit":true,"messageTitle":"Merge pull request #46 from shizy/branch-updateAdd","messageBody":"Change `add` command to reflect telegram username instead of address","fileTypesAndContributionMap":{}},{"hash":"d4cb4693c8ab40b6aad5339ed4f84138d585cd32","isMergeCommit":true,"messageTitle":"Merge branch \u0027master\u0027 into update-help-window","messageBody":"","fileTypesAndContributionMap":{}},{"hash":"b44554875a4722557a1f3e103304e78b13b06882","isMergeCommit":false,"messageTitle":"fix checkstyle","messageBody":"","fileTypesAndContributionMap":{"functional-code":{"insertions":28,"deletions":28}}}]},{"date":"2024-10-16","commitResults":[{"hash":"158bfb95072d8d5c2a82f17c69a559ea8e3fda2c","isMergeCommit":true,"messageTitle":"Merge pull request #55 from superb-sushi/branch-view-ui","messageBody":"Adjustments to `view` command GUI","fileTypesAndContributionMap":{}},{"hash":"cf3064e6c531fc255ed1399fdf1412e482e9e588","isMergeCommit":false,"messageTitle":"fix issue where Scrollpane cannot scroll properly","messageBody":"","fileTypesAndContributionMap":{"functional-code":{"insertions":12,"deletions":10}}}]},{"date":"2024-10-17","commitResults":[{"hash":"257216ecbb08a378bebb2dd980053c3ba7fab3b7","isMergeCommit":true,"messageTitle":"Merge branch \u0027master\u0027 into update-help-window","messageBody":"","fileTypesAndContributionMap":{}},{"hash":"69ed3759cb934d0e218739f81eedb3c26d6f48a5","isMergeCommit":false,"messageTitle":"update help window to match find command usage","messageBody":"","fileTypesAndContributionMap":{"functional-code":{"insertions":3,"deletions":3}}}]},{"date":"2024-10-21","commitResults":[{"hash":"44aca4133654389a1a91d623a08aa8f80e1da3a3","isMergeCommit":false,"messageTitle":"Update profile switching to work for a session","messageBody":"","fileTypesAndContributionMap":{"functional-code":{"insertions":156,"deletions":1}}},{"hash":"d9b88706a3495e5564ef3e21c89842a6c11cb3aa","isMergeCommit":false,"messageTitle":"Add fully functioning switch command for profile management","messageBody":"Implement the `SwitchCommand` which:\n- Switches the session to a new profile if a valid profile name is\n  provided.\n- Lists all available profiles if no profile name is provided and\n  other profiles exist.\n- Prevents switching to the current active profile and notifies\n  the user if the requested profile is the same as the active one.\n","fileTypesAndContributionMap":{"functional-code":{"insertions":269,"deletions":74},"test-code":{"insertions":12,"deletions":0}}}]},{"date":"2024-10-22","commitResults":[{"hash":"645c5e1bb7a6e3773a953922039cfb4360be79ea","isMergeCommit":true,"messageTitle":"Merge pull request #85 from Rachelcoll/branch-attendance-list-mark","messageBody":"Change success mark and unmark message to contain people names","fileTypesAndContributionMap":{}}]},{"date":"2024-10-24","commitResults":[{"hash":"37be8632f7c23b3c5e241b21f24626579c0c2a32","isMergeCommit":true,"messageTitle":"Merge pull request #92 from shizy/branch-Sort","messageBody":"Add Sort Command","fileTypesAndContributionMap":{}},{"hash":"050cba644962ad00c2e88c14996259293c0afa0e","isMergeCommit":true,"messageTitle":"Merge pull request #94 from shizy/branch-EnableAssertions","messageBody":"Add enableAssertions to build.gradle","fileTypesAndContributionMap":{}},{"hash":"4984e1d16fd7f935b1b432239b941a3b83217805","isMergeCommit":false,"messageTitle":"Refactor Help Command to display updated guides","messageBody":"The current help command uses hard-coded help messages for each\ncommand in the system.\n\nThis approach causes frequent inconsistencies when commands are\nadded or modified, as the help messages are not synchronized.\n\nRefactor the help command to use the MESSAGE_USAGE string from\neach command, ensuring that the help information remains\nconsistent and up-to-date.\n\nMinor adjustments are made to some Command classes to ensure\nuniform message formatting across the system. Also, minor visual\nimprovements were made to the help window for better user\nexperience.\n","fileTypesAndContributionMap":{"functional-code":{"insertions":80,"deletions":55}}},{"hash":"a94b9c0babb04bd3caeb636afb57440fb1b1a84a","isMergeCommit":false,"messageTitle":"fix bugs in message usage strings","messageBody":"","fileTypesAndContributionMap":{"functional-code":{"insertions":8,"deletions":5}}},{"hash":"608d72d19dd3d2819290fb972016e5815cc0c07d","isMergeCommit":false,"messageTitle":"fix bugs","messageBody":"","fileTypesAndContributionMap":{"functional-code":{"insertions":3,"deletions":3}}},{"hash":"e2c967eb34975551a67a72696513f70084f0dda8","isMergeCommit":true,"messageTitle":"Merge pull request #100 from shizy/branch-UpdateDGDiagrams","messageBody":"Modify DG UML diagram and explanations","fileTypesAndContributionMap":{}},{"hash":"5aeac5325723bf22639eab5f79ae947306224a37","isMergeCommit":true,"messageTitle":"Merge pull request #102 from superb-sushi/branch-ui-uml","messageBody":"Update UI Component UML Diagram","tags":["v1.4"],"fileTypesAndContributionMap":{}}]},{"date":"2024-11-04","commitResults":[{"hash":"42e059de4c7fe65dd41cd3adbd32bfbe24dc7990","isMergeCommit":true,"messageTitle":"Merge pull request #147 from Rachelcoll/alpha-bugs","messageBody":"Fix Alpha bugs for `attendance` `mark` and `unmark`","fileTypesAndContributionMap":{}}]}],"superb-sushi":[{"date":"2024-09-30","commitResults":[{"hash":"d8663e844c3f5958519fb1d73e91c8d61fe0f238","isMergeCommit":false,"messageTitle":"Update \u0027About Us\u0027 Page","messageBody":"","fileTypesAndContributionMap":{"docs":{"insertions":10,"deletions":10}}},{"hash":"b0e5c599f9538616c1b4db72863dd431b9d82c60","isMergeCommit":false,"messageTitle":"Re-update About Us Page","messageBody":"","fileTypesAndContributionMap":{"docs":{"insertions":1,"deletions":2}}},{"hash":"0de1ca5c11db4e945569b3a77c474fd608759116","isMergeCommit":true,"messageTitle":"Merge pull request #19 from shizy/branch-UpdateJekyllConfig","messageBody":"Update Jekyll Config","fileTypesAndContributionMap":{}}]},{"date":"2024-10-01","commitResults":[{"hash":"7e4ef18d2c0ad5dff9a7e6967d076774be1041cf","isMergeCommit":false,"messageTitle":"Update README.md File (Remaining Contents)","messageBody":"","fileTypesAndContributionMap":{"docs":{"insertions":79,"deletions":10}}}]},{"date":"2024-10-02","commitResults":[{"hash":"9c06eed9acb43830edad1f079e1f0ffd2e5d367f","isMergeCommit":true,"messageTitle":"Merge pull request #32 from weiliann/update-user-stories","messageBody":"Update user stories in developer guide","fileTypesAndContributionMap":{}}]},{"date":"2024-10-03","commitResults":[{"hash":"84b0a33476d224bfa7bba7a23294e9b3cf05bec2","isMergeCommit":true,"messageTitle":"Merge pull request #36 from shizy/branch-updateDG","messageBody":"Update DeveloperGuide.md to include relevant details","fileTypesAndContributionMap":{}}]},{"date":"2024-10-10","commitResults":[{"hash":"fb65431d1c46d29cedccb16a6d0c999f2ce66d70","isMergeCommit":false,"messageTitle":"Add ViewCommand Class","messageBody":"","fileTypesAndContributionMap":{"functional-code":{"insertions":66,"deletions":0}}}]},{"date":"2024-10-11","commitResults":[{"hash":"50a79168803ed03b52e8af8fa984c1b809779fce","isMergeCommit":false,"messageTitle":"Fix Checkstyle","messageBody":"","fileTypesAndContributionMap":{"functional-code":{"insertions":4,"deletions":3}}},{"hash":"0cca5cc9591bbb662ee251b9ba0660e05175bc72","isMergeCommit":true,"messageTitle":"Merge branch \u0027master\u0027 of https://github.com/superb-sushi/tp into branch-view-cmd","messageBody":"","fileTypesAndContributionMap":{}},{"hash":"2072ec7faacf13fd8dc856fca4b5b886fe3440bf","isMergeCommit":false,"messageTitle":"Update Code","messageBody":"","fileTypesAndContributionMap":{"functional-code":{"insertions":2,"deletions":2}}},{"hash":"5b4a8fb24acf384a743530ae8fce07124f5619bd","isMergeCommit":true,"messageTitle":"Merge pull request #48 from weiliann/update-help-window","messageBody":"Update help window to display basic command usage","fileTypesAndContributionMap":{}},{"hash":"72f1af49300ad69208f09527622c3538051275da","isMergeCommit":false,"messageTitle":"Add View Command Functionality","messageBody":"Current iteration of AB3 does not support the accessing of certain\ncontacts to view all information / information that may not be\ndisplayed on the Person Card component.\n\nAs such, the user may be unable to access or even view other\ncritical information of their contact of interest.\n\nLet\u0027s incorporate that functionality, allowing users to view\nALL contact information of the specified contact with the specified\ntelegram handle.\n","fileTypesAndContributionMap":{"functional-code":{"insertions":159,"deletions":25}}},{"hash":"b286a50e63b63f119ba07f5a0e7dec7235a29deb","isMergeCommit":false,"messageTitle":"Update Styling","messageBody":"","fileTypesAndContributionMap":{"functional-code":{"insertions":11,"deletions":16}}}]},{"date":"2024-10-13","commitResults":[{"hash":"615caecd377b47b6ac22fb8bb32f0f4e1bf65e95","isMergeCommit":false,"messageTitle":"Update Code","messageBody":"","fileTypesAndContributionMap":{"functional-code":{"insertions":10,"deletions":1}}}]},{"date":"2024-10-14","commitResults":[{"hash":"758170f88b0b83e149db5c360571dc8a89d31c6e","isMergeCommit":false,"messageTitle":"Implement \u000biew GUI changes","messageBody":"Currently, \u000biew updates the command output segment, while keeping\nthe list of contacts visible.\n\nAs the number of fields for each contact grows, the lack of vertical\nspace in that segment means the view command serves little purpose in\nallowing the user to view all the information of the specified contact.\n\nLet\u0027s hide the list of contacts, and display a new page below the command\noutput section that showcases all the existing (and future) information\nof the specified contact whenever the \u000biew command is called.\n","fileTypesAndContributionMap":{"functional-code":{"insertions":121,"deletions":59}}},{"hash":"acca611e837cf601871b1f546af90bdc15896fb9","isMergeCommit":false,"messageTitle":"Update Checks","messageBody":"","fileTypesAndContributionMap":{"functional-code":{"insertions":2,"deletions":2}}}]},{"date":"2024-10-17","commitResults":[{"hash":"c4f89e6219a2a093facd3d7a0f157c36c05c989e","isMergeCommit":false,"messageTitle":"Remove CSS in README","messageBody":"","fileTypesAndContributionMap":{"docs":{"insertions":0,"deletions":14}}}]},{"date":"2024-10-21","commitResults":[{"hash":"ef6ea85975c3afda9dc5a791cc7a20168401fbcf","isMergeCommit":false,"messageTitle":"Update View Command GUI","messageBody":"","fileTypesAndContributionMap":{"functional-code":{"insertions":16,"deletions":7}}},{"hash":"54f47f52eb212c8a336dd54e35aa8f27c99ce65a","isMergeCommit":false,"messageTitle":"Update checkstyle requirements","messageBody":"","fileTypesAndContributionMap":{"functional-code":{"insertions":5,"deletions":6}}},{"hash":"1aa8d26acbe2b8e59c178077e736d8a148a1b125","isMergeCommit":false,"messageTitle":"Add GUI changes to list of contacts","messageBody":"Contacts can\u0027t be seen if they\u0027ve attended the CCA session for the\ncurrent date.\n\nThis makes it hard for users to expediently see which members are not\npresent for the CCA session at one glance. As such, they must\nindividually \u000biew each and every member to note their attendance.\n\nLet\u0027s add a visual GUI component in the list that indicates if that\nparticular contact has been marked as present for the current\nsession.\n","fileTypesAndContributionMap":{"functional-code":{"insertions":41,"deletions":0}}}]},{"date":"2024-10-22","commitResults":[{"hash":"edf7868d76527f2dfd3af7178420c4fb7be51c86","isMergeCommit":false,"messageTitle":"Add Checkstyle Requirements","messageBody":"","fileTypesAndContributionMap":{"functional-code":{"insertions":1,"deletions":1}}},{"hash":"0134218489166561741d302d2f73d45f733114cc","isMergeCommit":true,"messageTitle":"Merge pull request #83 from Rachelcoll/branch-attendance-list-mark","messageBody":"Add list contacts with role \"Member\" command and ","fileTypesAndContributionMap":{}},{"hash":"4d959a1277de91cf2588343e92de7cd18e005ead","isMergeCommit":false,"messageTitle":"Add Member Role Detection","messageBody":"Attendance status shows up indiscriminately for each contact.\n\nMay not be necessary for contacts which are not members of\nthe CCA.\n\nLet\u0027s leverage on the special Member role to display the\nattendance status only for contacts that are members. This\nincludes both the list view, as well as the contact info\nwhen using the \u000biew command.\n","fileTypesAndContributionMap":{"functional-code":{"insertions":12,"deletions":8}}}]},{"date":"2024-10-24","commitResults":[{"hash":"5e7de2bb27282fc0541b49d33a8b21dc936a14c1","isMergeCommit":true,"messageTitle":"Merge branch \u0027master\u0027 into branch-attendance-view-update","messageBody":"","fileTypesAndContributionMap":{}},{"hash":"4d3ef87f7985d2b4ff128e8439b9f57a1706c22e","isMergeCommit":false,"messageTitle":"Introduce Favourite Contact GUI Changes","messageBody":"Favourite contacts cannot be visually differentiated from normal contacts\n\nThis renders the \u0027favourite\u0027 feature useless, as non-favourite contacts\nare basically the same as favourite contacts.\n\nLet\u0027s update the UI of \u0027favourite\u0027 contacts to make them stand out more.\n","fileTypesAndContributionMap":{"functional-code":{"insertions":58,"deletions":3}}},{"hash":"51361bbe4ec4e8dadd6f458b5cbcd9e5e872b259","isMergeCommit":false,"messageTitle":"Remove Unnecessary .FXML and .CSS files","messageBody":"","fileTypesAndContributionMap":{"functional-code":{"insertions":0,"deletions":46}}},{"hash":"330423dc69adb7adcc2f7e1243d28d21f9c7895e","isMergeCommit":false,"messageTitle":"Resolve Minor Issues","messageBody":"","fileTypesAndContributionMap":{"functional-code":{"insertions":3,"deletions":3}}},{"hash":"ca82a94bd91112f5fd7ca11b1da6d0b694a51e19","isMergeCommit":false,"messageTitle":"Fix Minor Issues","messageBody":"","fileTypesAndContributionMap":{"functional-code":{"insertions":1,"deletions":1}}},{"hash":"f3afd228369fdd4cc22ce2d535a82fda2f5019af","isMergeCommit":false,"messageTitle":"Fix Minor Issues","messageBody":"","fileTypesAndContributionMap":{"functional-code":{"insertions":1,"deletions":1}}},{"hash":"54b13613223608e95b5298daa559229112b26c83","isMergeCommit":true,"messageTitle":"Fix Minor Issues","messageBody":"","fileTypesAndContributionMap":{}},{"hash":"5e157abe7713a940a6cf29cbc99cfa9a217539d7","isMergeCommit":false,"messageTitle":"Fix Minor Issues","messageBody":"","fileTypesAndContributionMap":{"functional-code":{"insertions":1,"deletions":0}}},{"hash":"369d612f329940d2494784298e68204bd2f07766","isMergeCommit":true,"messageTitle":"Resolve Merge Conflicts","messageBody":"","fileTypesAndContributionMap":{}},{"hash":"e0c36b67e4f156e09cec2b8cc3d1bab9601c7bd7","isMergeCommit":false,"messageTitle":"Fix \u0027view\u0027 display for \u0027isFavourite\u0027 field","messageBody":"","fileTypesAndContributionMap":{"functional-code":{"insertions":6,"deletions":4}}},{"hash":"feee844e976ad808b45463d6ab432a8893af7a9a","isMergeCommit":false,"messageTitle":"Resolve Checkstyle Issues","messageBody":"","fileTypesAndContributionMap":{"functional-code":{"insertions":1,"deletions":1}}},{"hash":"af3c7c02c664e9cd70b705aff834f5b232bd1051","isMergeCommit":false,"messageTitle":"Update UI Component UML Diagram","messageBody":"","fileTypesAndContributionMap":{"docs":{"insertions":6,"deletions":2}}}]}],"Rachelcoll":[{"date":"2024-09-30","commitResults":[{"hash":"ced304e6bc4541fe4cb0073380e618249719b8f3","isMergeCommit":false,"messageTitle":"Update runxin\u0027s aboutUs page","messageBody":"","fileTypesAndContributionMap":{"docs":{"insertions":3,"deletions":42}}},{"hash":"dabaf385a96000412b2f17c4f6ac302b4f3edb57","isMergeCommit":false,"messageTitle":"Update runxin\u0027s aboutUs page","messageBody":"","fileTypesAndContributionMap":{"docs":{"insertions":3,"deletions":3}}},{"hash":"e0af4054da894d0734b9b1d85205ec2f3cbaacc3","isMergeCommit":true,"messageTitle":"Merge branch \u0027master\u0027 into add-runxins-photo","messageBody":"","fileTypesAndContributionMap":{}},{"hash":"e7a5065386e626a652e6da78f2953b0609514619","isMergeCommit":true,"messageTitle":"Merge pull request #15 from shizy/branch-updateAboutUs","messageBody":"Update About Us Page for Ziyuan","fileTypesAndContributionMap":{}},{"hash":"be7ca7d0b42c56e9c0b29c2d550fb99e4bb27dda","isMergeCommit":true,"messageTitle":"Resolve merge conflict","messageBody":"","fileTypesAndContributionMap":{}},{"hash":"7446746cb8c5d38aa1fd0395233f310cf0244692","isMergeCommit":true,"messageTitle":"Merge pull request #16 from weiliann/update-about-page","messageBody":"Update about page for weilian","fileTypesAndContributionMap":{}}]},{"date":"2024-10-01","commitResults":[{"hash":"539b9fbced3f5bb6786fc64849a2043fd1f17f9b","isMergeCommit":false,"messageTitle":"Update build status badge and acknowledgement","messageBody":"","fileTypesAndContributionMap":{"docs":{"insertions":5,"deletions":2}}}]},{"date":"2024-10-09","commitResults":[{"hash":"b3e0d77da88ba2dd17b36b2da7a099a362f23541","isMergeCommit":false,"messageTitle":"Change JSON schema","messageBody":"","fileTypesAndContributionMap":{"functional-code":{"insertions":24,"deletions":31},"test-code":{"insertions":12,"deletions":12}}}]},{"date":"2024-10-10","commitResults":[{"hash":"1bd3990c0bdb3eb1682308b2b8973edce20ce002","isMergeCommit":false,"messageTitle":"Rename JsonAdaptedTag to JsonAdaptedRole","messageBody":"","fileTypesAndContributionMap":{"other":{"insertions":0,"deletions":0}}}]},{"date":"2024-10-16","commitResults":[{"hash":"201780b493797db811c6a507b89d4451415a32f5","isMergeCommit":false,"messageTitle":"Add command aliases","messageBody":"","fileTypesAndContributionMap":{"functional-code":{"insertions":12,"deletions":0}}},{"hash":"4bc1b0f5243023cfeedacd11f9bd1711b2bc613f","isMergeCommit":true,"messageTitle":"Merge branch \u0027master\u0027 into command-alias","messageBody":"","fileTypesAndContributionMap":{}}]},{"date":"2024-10-21","commitResults":[{"hash":"74f4babfc70a3c5a63a5a2fd0f01b3c187411d2a","isMergeCommit":false,"messageTitle":"Add list members for attendance command","messageBody":"","fileTypesAndContributionMap":{"functional-code":{"insertions":103,"deletions":1}}},{"hash":"461e10a986f06ad737ffd74b361b87dcc140a3f5","isMergeCommit":true,"messageTitle":"Merge remote-tracking branch \u0027attendance-schema/branch-AddressSchema\u0027 into attendance-list-mark","messageBody":"","fileTypesAndContributionMap":{}}]},{"date":"2024-10-22","commitResults":[{"hash":"bf0d651d927dbd3162d37836d2275683c5c82227","isMergeCommit":false,"messageTitle":"Add mark and unmark attendance command","messageBody":"","fileTypesAndContributionMap":{"functional-code":{"insertions":370,"deletions":3}}},{"hash":"82f9650edadd2b1133b450bfee36309e556c5e00","isMergeCommit":true,"messageTitle":"Merge remote-tracking branch \u0027upstream/master\u0027 into attendance-list-mark","messageBody":"","fileTypesAndContributionMap":{}},{"hash":"eba3a21dc3c1a2cb87e48714fe58ce62a12d5fd3","isMergeCommit":false,"messageTitle":"Fix checkstyle errors","messageBody":"","fileTypesAndContributionMap":{"functional-code":{"insertions":18,"deletions":14}}},{"hash":"316f9bede35259517e6e833bbaf27057600a21e6","isMergeCommit":false,"messageTitle":"Chnage unmark attendance alias and reformat message usage","messageBody":"","fileTypesAndContributionMap":{"functional-code":{"insertions":7,"deletions":7}}},{"hash":"b438289e408ddf04959d1d6a0db6f09a84da9a86","isMergeCommit":false,"messageTitle":"Change success mark and unmark message to contain people names","messageBody":"","fileTypesAndContributionMap":{"functional-code":{"insertions":11,"deletions":7}}},{"hash":"e5932b5e95fb3b8a628a5aa2ea65a05c537a0af3","isMergeCommit":true,"messageTitle":"Merge branch \u0027branch-attendance-view\u0027 of https://github.com/superb-sushi/tp","messageBody":"","fileTypesAndContributionMap":{}},{"hash":"c4198f141542158659b740433ad6c312750f376a","isMergeCommit":true,"messageTitle":"Merge pull request #81 from superb-sushi/branch-attendance-view","messageBody":"Update View Command GUI","fileTypesAndContributionMap":{}},{"hash":"33d44dce237ccf4beab2e18b399141c85c551c61","isMergeCommit":false,"messageTitle":"Fix error when input telegram contains invalid characters","messageBody":"","fileTypesAndContributionMap":{"functional-code":{"insertions":7,"deletions":1}}},{"hash":"004e1c32b79a9c1888724be0b8acaa074b36d9e5","isMergeCommit":true,"messageTitle":"Merge remote-tracking branch \u0027upstream/master\u0027 into branch-attendance-list-mark","messageBody":"","fileTypesAndContributionMap":{}}]},{"date":"2024-10-23","commitResults":[{"hash":"6751643c59b3b4355872ec2e9c2e718a64cda3de","isMergeCommit":false,"messageTitle":"Remove redundant line for telegram check","messageBody":"","fileTypesAndContributionMap":{"functional-code":{"insertions":0,"deletions":8},"docs":{"insertions":7,"deletions":5}}}]},{"date":"2024-10-24","commitResults":[{"hash":"cdf925cd477880b6b64396a7777c55c44925c4e5","isMergeCommit":true,"messageTitle":"Merge pull request #86 from superb-sushi/branch-attendance-view-update","messageBody":"Add Member Role Detection","fileTypesAndContributionMap":{}},{"hash":"2a036b62b8a72cf8c8fd2b153c0c3cdda7852934","isMergeCommit":true,"messageTitle":"Merge remote-tracking branch \u0027upstream/master\u0027","messageBody":"","fileTypesAndContributionMap":{}}]},{"date":"2024-11-01","commitResults":[{"hash":"2bf407d21e77de346eeb6159a4f35fa55b919b08","isMergeCommit":false,"messageTitle":"Fix alpha-bug errors","messageBody":"","fileTypesAndContributionMap":{"functional-code":{"insertions":161,"deletions":43}}},{"hash":"8ce9d0b28413187014308a1f37b46f0b0feb5fc0","isMergeCommit":false,"messageTitle":"Fix ListAttendanceCommandParser user input trim error","messageBody":"","fileTypesAndContributionMap":{"functional-code":{"insertions":2,"deletions":1}}}]},{"date":"2024-11-03","commitResults":[{"hash":"529d5b2997670bab3dc7ec8840ad4426b3772ec3","isMergeCommit":false,"messageTitle":"Fix grammar error","messageBody":"","fileTypesAndContributionMap":{"functional-code":{"insertions":1,"deletions":1}}}]}]},"authorFileTypeContributionMap":{"yyihaoc":{"docs":3,"functional-code":338,"test-code":550},"shizy":{"docs":151,"functional-code":540,"test-code":605,"other":10},"weiliann":{"docs":35,"functional-code":464,"test-code":12},"superb-sushi":{"docs":79,"functional-code":327,"test-code":0},"Rachelcoll":{"docs":14,"functional-code":617,"test-code":1}},"authorContributionVariance":{"yyihaoc":16163.119,"shizy":18919.896,"weiliann":6292.6177,"superb-sushi":2302.8347,"Rachelcoll":5270.6074},"authorDisplayNameMap":{"yyihaoc":"CS2103T-F11-2 CHOI.. HAO","shizy":"CS2103T-F11-2 SHI ..YUAN","weiliann":"CS2103T-F11-2 TAN ..LIAN","superb-sushi":"CS2103T-F11-2 CALE..XUAN","Rachelcoll":"CS2103T-F11-2 CAI ..NXIN"}}
