[{"path":"README.md","fileType":"docs","lines":[{"lineNumber":1,"author":{"gitId":"-"},"content":"[![CI Status](https://github.com/se-edu/addressbook-level3/workflows/Java%20CI/badge.svg)](https://github.com/se-edu/addressbook-level3/actions)","lastModifiedDate":"2020-05-23","isFullCredit":false},{"lineNumber":2,"author":{"gitId":"bbbbcccd"},"content":"[![codecov](https://codecov.io/gh/AY2425S1-CS2103T-F11-1/tp/graph/badge.svg?token\u003dVDTLBNL3SC)](https://codecov.io/gh/AY2425S1-CS2103T-F11-1/tp)","lastModifiedDate":"2024-09-20","isFullCredit":false},{"lineNumber":3,"author":{"gitId":"-"},"content":"","lastModifiedDate":"2020-05-23","isFullCredit":false},{"lineNumber":4,"author":{"gitId":"-"},"content":"![Ui](docs/images/Ui.png)","lastModifiedDate":"2020-05-23","isFullCredit":false},{"lineNumber":5,"author":{"gitId":"-"},"content":"","lastModifiedDate":"2020-05-23","isFullCredit":false},{"lineNumber":6,"author":{"gitId":"bbbbcccd"},"content":"- This is **a sample project for Software Engineering (SE) students**.\u003cbr\u003e","lastModifiedDate":"2024-09-20","isFullCredit":false},{"lineNumber":7,"author":{"gitId":"-"},"content":"  Example usages:","lastModifiedDate":"2020-05-23","isFullCredit":false},{"lineNumber":8,"author":{"gitId":"bbbbcccd"},"content":"  - as a starting point of a course project (as opposed to writing everything from scratch)","lastModifiedDate":"2024-09-20","isFullCredit":false},{"lineNumber":9,"author":{"gitId":"bbbbcccd"},"content":"  - as a case study","lastModifiedDate":"2024-09-20","isFullCredit":false},{"lineNumber":10,"author":{"gitId":"bbbbcccd"},"content":"- The project simulates an ongoing software project for a desktop application (called _AddressBook_) used for managing contact details.","lastModifiedDate":"2024-09-20","isFullCredit":false},{"lineNumber":11,"author":{"gitId":"bbbbcccd"},"content":"  - It is **written in OOP fashion**. It provides a **reasonably well-written** code base **bigger** (around 6 KLoC) than what students usually write in beginner-level SE modules, without being overwhelmingly big.","lastModifiedDate":"2024-09-20","isFullCredit":false},{"lineNumber":12,"author":{"gitId":"bbbbcccd"},"content":"  - It comes with a **reasonable level of user and developer documentation**.","lastModifiedDate":"2024-09-20","isFullCredit":false},{"lineNumber":13,"author":{"gitId":"bbbbcccd"},"content":"- It is named `AddressBook Level 3` (`AB3` for short) because it was initially created as a part of a series of `AddressBook` projects (`Level 1`, `Level 2`, `Level 3` ...).","lastModifiedDate":"2024-09-20","isFullCredit":false},{"lineNumber":14,"author":{"gitId":"bbbbcccd"},"content":"- For the detailed documentation of this project, see the **[Address Book Product Website](https://se-education.org/addressbook-level3)**.","lastModifiedDate":"2024-09-20","isFullCredit":false},{"lineNumber":15,"author":{"gitId":"bbbbcccd"},"content":"- This project is a **part of the se-education.org** initiative. If you would like to contribute code to this project, see [se-education.org](https://se-education.org/#contributing-to-se-edu) for more info.","lastModifiedDate":"2024-09-20","isFullCredit":false}],"authorContributionMap":{"bbbbcccd":10,"-":5}},{"path":"docs/AboutUs.md","fileType":"docs","lines":[{"lineNumber":1,"author":{"gitId":"-"},"content":"---","lastModifiedDate":"2020-05-23","isFullCredit":false},{"lineNumber":2,"author":{"gitId":"-"},"content":"layout: page","lastModifiedDate":"2020-05-23","isFullCredit":false},{"lineNumber":3,"author":{"gitId":"-"},"content":"title: About Us","lastModifiedDate":"2020-05-23","isFullCredit":false},{"lineNumber":4,"author":{"gitId":"-"},"content":"---","lastModifiedDate":"2020-05-23","isFullCredit":false},{"lineNumber":5,"author":{"gitId":"-"},"content":"","lastModifiedDate":"2020-05-23","isFullCredit":false},{"lineNumber":6,"author":{"gitId":"-"},"content":"We are a team based in the [School of Computing, National University of Singapore](https://www.comp.nus.edu.sg).","lastModifiedDate":"2024-07-20","isFullCredit":false},{"lineNumber":7,"author":{"gitId":"-"},"content":"","lastModifiedDate":"2020-05-23","isFullCredit":false},{"lineNumber":8,"author":{"gitId":"-"},"content":"## Project team","lastModifiedDate":"2020-06-07","isFullCredit":false},{"lineNumber":9,"author":{"gitId":"-"},"content":"","lastModifiedDate":"2020-05-23","isFullCredit":false},{"lineNumber":10,"author":{"gitId":"-"},"content":"### Karthick KC","lastModifiedDate":"2024-09-19","isFullCredit":false},{"lineNumber":11,"author":{"gitId":"-"},"content":"","lastModifiedDate":"2020-05-23","isFullCredit":false},{"lineNumber":12,"author":{"gitId":"-"},"content":"\u003cimg src\u003d\"images/RohitSharma.jpg\" width\u003d\"200px\"\u003e","lastModifiedDate":"2024-09-19","isFullCredit":false},{"lineNumber":13,"author":{"gitId":"-"},"content":"","lastModifiedDate":"2020-05-23","isFullCredit":false},{"lineNumber":14,"author":{"gitId":"-"},"content":"[[github](https://github.com/karthickkc)]","lastModifiedDate":"2024-09-19","isFullCredit":false},{"lineNumber":15,"author":{"gitId":"-"},"content":"[[portfolio](team/karthickkc.md)]","lastModifiedDate":"2024-09-19","isFullCredit":false},{"lineNumber":16,"author":{"gitId":"-"},"content":"","lastModifiedDate":"2020-05-23","isFullCredit":false},{"lineNumber":17,"author":{"gitId":"wes-w-z-h"},"content":"- Role: Project Advisor","lastModifiedDate":"2024-10-03","isFullCredit":false},{"lineNumber":18,"author":{"gitId":"-"},"content":"","lastModifiedDate":"2020-05-23","isFullCredit":false},{"lineNumber":19,"author":{"gitId":"-"},"content":"### Ng Hong Jing","lastModifiedDate":"2024-09-19","isFullCredit":false},{"lineNumber":20,"author":{"gitId":"-"},"content":"","lastModifiedDate":"2020-05-23","isFullCredit":false},{"lineNumber":21,"author":{"gitId":"-"},"content":"\u003cimg src\u003d\"images/RohitSharma.jpg\" width\u003d\"200px\"\u003e","lastModifiedDate":"2024-09-19","isFullCredit":false},{"lineNumber":22,"author":{"gitId":"-"},"content":"","lastModifiedDate":"2020-05-23","isFullCredit":false},{"lineNumber":23,"author":{"gitId":"-"},"content":"[[github](http://github.com/hj235)]","lastModifiedDate":"2024-09-19","isFullCredit":false},{"lineNumber":24,"author":{"gitId":"-"},"content":"[[portfolio](team/hongjing.md)]","lastModifiedDate":"2024-09-19","isFullCredit":false},{"lineNumber":25,"author":{"gitId":"-"},"content":"","lastModifiedDate":"2020-05-23","isFullCredit":false},{"lineNumber":26,"author":{"gitId":"wes-w-z-h"},"content":"- Role: Team Lead","lastModifiedDate":"2024-10-03","isFullCredit":false},{"lineNumber":27,"author":{"gitId":"wes-w-z-h"},"content":"- Responsibilities: UI","lastModifiedDate":"2024-10-03","isFullCredit":false},{"lineNumber":28,"author":{"gitId":"-"},"content":"","lastModifiedDate":"2020-05-23","isFullCredit":false},{"lineNumber":29,"author":{"gitId":"-"},"content":"### Wesley Wong","lastModifiedDate":"2024-09-19","isFullCredit":false},{"lineNumber":30,"author":{"gitId":"-"},"content":"","lastModifiedDate":"2020-05-23","isFullCredit":false},{"lineNumber":31,"author":{"gitId":"wes-w-z-h"},"content":"\u003cimg src\u003d\"images/wes-w-z-h.png\" width\u003d\"200px\" alt\u003d\"Wesley\u0027s profile photo\"\u003e","lastModifiedDate":"2024-10-03","isFullCredit":false},{"lineNumber":32,"author":{"gitId":"-"},"content":"","lastModifiedDate":"2020-05-23","isFullCredit":false},{"lineNumber":33,"author":{"gitId":"-"},"content":"[[github](http://github.com/wes-w-z-h)] [[portfolio](team/wesley.md)]","lastModifiedDate":"2024-09-19","isFullCredit":false},{"lineNumber":34,"author":{"gitId":"-"},"content":"","lastModifiedDate":"2020-05-23","isFullCredit":false},{"lineNumber":35,"author":{"gitId":"wes-w-z-h"},"content":"- Role: Developer","lastModifiedDate":"2024-10-03","isFullCredit":false},{"lineNumber":36,"author":{"gitId":"wes-w-z-h"},"content":"- Responsibilities: Add commands","lastModifiedDate":"2024-10-03","isFullCredit":false},{"lineNumber":37,"author":{"gitId":"-"},"content":"","lastModifiedDate":"2020-05-23","isFullCredit":false},{"lineNumber":38,"author":{"gitId":"-"},"content":"### Karthikeyan","lastModifiedDate":"2024-09-19","isFullCredit":false},{"lineNumber":39,"author":{"gitId":"-"},"content":"","lastModifiedDate":"2020-05-23","isFullCredit":false},{"lineNumber":40,"author":{"gitId":"-"},"content":"\u003cimg src\u003d\"images/RohitSharma.jpg\" width\u003d\"200px\"\u003e","lastModifiedDate":"2024-09-19","isFullCredit":false},{"lineNumber":41,"author":{"gitId":"-"},"content":"","lastModifiedDate":"2020-05-23","isFullCredit":false},{"lineNumber":42,"author":{"gitId":"-"},"content":"[[github](http://github.com/SKarthikeyan28)]","lastModifiedDate":"2024-09-19","isFullCredit":false},{"lineNumber":43,"author":{"gitId":"-"},"content":"[[portfolio](team/karthikeyan.md)]","lastModifiedDate":"2024-09-19","isFullCredit":false},{"lineNumber":44,"author":{"gitId":"-"},"content":"","lastModifiedDate":"2020-05-23","isFullCredit":false},{"lineNumber":45,"author":{"gitId":"wes-w-z-h"},"content":"- Role: Developer","lastModifiedDate":"2024-10-03","isFullCredit":false},{"lineNumber":46,"author":{"gitId":"wes-w-z-h"},"content":"- Responsibilities: Dev Ops + Threading","lastModifiedDate":"2024-10-03","isFullCredit":false},{"lineNumber":47,"author":{"gitId":"-"},"content":"","lastModifiedDate":"2020-05-23","isFullCredit":false},{"lineNumber":48,"author":{"gitId":"-"},"content":"### Zachery Ng","lastModifiedDate":"2024-09-19","isFullCredit":false},{"lineNumber":49,"author":{"gitId":"-"},"content":"","lastModifiedDate":"2020-05-23","isFullCredit":false},{"lineNumber":50,"author":{"gitId":"bbbbcccd"},"content":"\u003cimg src\u003d\"images/bbbbcccd.png\" alt\u003d\"Zachery\u0027s profile photo\" width\u003d\"200px\"\u003e","lastModifiedDate":"2024-10-03","isFullCredit":false},{"lineNumber":51,"author":{"gitId":"-"},"content":"","lastModifiedDate":"2020-05-23","isFullCredit":false},{"lineNumber":52,"author":{"gitId":"-"},"content":"[[github](http://github.com/bbbbcccd)]","lastModifiedDate":"2024-09-19","isFullCredit":false},{"lineNumber":53,"author":{"gitId":"-"},"content":"[[portfolio](team/zachery.md)]","lastModifiedDate":"2024-09-19","isFullCredit":false},{"lineNumber":54,"author":{"gitId":"-"},"content":"","lastModifiedDate":"2020-05-23","isFullCredit":false},{"lineNumber":55,"author":{"gitId":"wes-w-z-h"},"content":"- Role: Developer","lastModifiedDate":"2024-10-03","isFullCredit":false},{"lineNumber":56,"author":{"gitId":"wes-w-z-h"},"content":"- Responsibilities: Everything","lastModifiedDate":"2024-10-03","isFullCredit":false},{"lineNumber":57,"author":{"gitId":"wes-w-z-h"},"content":"","lastModifiedDate":"2024-10-03","isFullCredit":false}],"authorContributionMap":{"bbbbcccd":1,"wes-w-z-h":11,"-":45}}]
