{"authorDailyContributionsMap":{"SKarthikeyan28":[{"date":"2024-10-03","commitResults":[{"hash":"92abb9d45ce481e96b40e326b2bb7b3a490cc92b","isMergeCommit":false,"messageTitle":"Add Karthikeyan\u0027s pic to About Us","messageBody":"","fileTypesAndContributionMap":{"docs":{"insertions":1,"deletions":1}}},{"hash":"b01dbc0b6d8c1c2896ff5ab2eeaec8389b5fb697","isMergeCommit":true,"messageTitle":"Merge pull request #24 from SKarthikeyan28/9-add-karthikeyan-pic","messageBody":"Add Karthikeyan\u0027s pic to About Us","fileTypesAndContributionMap":{}},{"hash":"e0fc9971291309d5e58c99cfa5c6e553527ba417","isMergeCommit":false,"messageTitle":"Add more information to AboutUs","messageBody":"","fileTypesAndContributionMap":{"docs":{"insertions":9,"deletions":6}}},{"hash":"3fc0db246dceb5d829b0239a18fddb7335ca914e","isMergeCommit":true,"messageTitle":"Merge pull request #33 from bbbbcccd/30-add-developer-guide-table-of-content","messageBody":"Add table of content","fileTypesAndContributionMap":{}}]},{"date":"2024-10-12","commitResults":[{"hash":"3dec0f97e038b48014b7461127f77cee673fe631","isMergeCommit":false,"messageTitle":"Add comments for Role logic in other classes","messageBody":"","fileTypesAndContributionMap":{"functional-code":{"insertions":2,"deletions":0},"test-code":{"insertions":1,"deletions":0}}}]},{"date":"2024-10-15","commitResults":[{"hash":"098d181c5bf4bd25ce42fbdd13cc9c74d51e55a1","isMergeCommit":false,"messageTitle":"Add ConcertContact class to store contacts for concert","messageBody":"","fileTypesAndContributionMap":{"functional-code":{"insertions":86,"deletions":1},"test-code":{"insertions":34,"deletions":0}}},{"hash":"3ec15838dd2b68412a94fb53e9468fc894c03990","isMergeCommit":false,"messageTitle":"Add comments to ConcertContact test cases","messageBody":"","fileTypesAndContributionMap":{"functional-code":{"insertions":1,"deletions":1},"test-code":{"insertions":3,"deletions":1}}}]},{"date":"2024-10-16","commitResults":[{"hash":"e9fbf15d68802a423dc66c041af829cd5e9ba663","isMergeCommit":true,"messageTitle":"Merge pull request #67 from karthickkc/edit-role","messageBody":"Add edit functionality for role","fileTypesAndContributionMap":{}},{"hash":"66a87db5f0f7533b325a2e393450ec8582585954","isMergeCommit":false,"messageTitle":"Edit test case for ConcertContact and","messageBody":"","fileTypesAndContributionMap":{"functional-code":{"insertions":4,"deletions":4},"test-code":{"insertions":10,"deletions":1}}},{"hash":"c37983a2865d9aca428d83752902e3b12b0a3e62","isMergeCommit":false,"messageTitle":"Debug ConcertContact test case","messageBody":"","fileTypesAndContributionMap":{"test-code":{"insertions":1,"deletions":1}}},{"hash":"9a68b37afae00263987ffbb5e481d1431925c72d","isMergeCommit":false,"messageTitle":"Add test case to ConcertContact","messageBody":"","fileTypesAndContributionMap":{"functional-code":{"insertions":5,"deletions":3},"test-code":{"insertions":11,"deletions":0}}}]},{"date":"2024-10-17","commitResults":[{"hash":"5bcebd041e765d895c2d272ce3d553d26f41da3b","isMergeCommit":true,"messageTitle":"Merge pull request #90 from wes-w-z-h/89-test-compile-error","messageBody":"Fix test","fileTypesAndContributionMap":{}}]},{"date":"2024-10-22","commitResults":[{"hash":"3fd33248315fd742386bf5308e2fccd9d2e9f586","isMergeCommit":false,"messageTitle":"Add listPerson and listConcert commands","messageBody":"","fileTypesAndContributionMap":{"functional-code":{"insertions":68,"deletions":2},"test-code":{"insertions":92,"deletions":0}}},{"hash":"9ff41ef80f0ac1a139fe836b210289490bb1fdbc","isMergeCommit":false,"messageTitle":"Remove displaying empty list for specific list command","messageBody":"","fileTypesAndContributionMap":{"functional-code":{"insertions":0,"deletions":7}}}]},{"date":"2024-10-23","commitResults":[{"hash":"0380dda87b49e14fca839094d46768aeac618e37","isMergeCommit":false,"messageTitle":"Add person prefix to AddConcertContact for flexibility","messageBody":"","fileTypesAndContributionMap":{"functional-code":{"insertions":13,"deletions":5}}},{"hash":"8438404fde5e663d396363c3728df53117da66ec","isMergeCommit":false,"messageTitle":"Add person prefix to Delete ConcertContact for flexibility","messageBody":"","fileTypesAndContributionMap":{"functional-code":{"insertions":37,"deletions":28},"test-code":{"insertions":22,"deletions":17}}}]},{"date":"2024-10-24","commitResults":[{"hash":"f0ffa7f6f816f9657b2577c9610040c858d56d30","isMergeCommit":false,"messageTitle":"Remove newline","messageBody":"","fileTypesAndContributionMap":{"functional-code":{"insertions":0,"deletions":1}}},{"hash":"3bcb4b004e5b85cb34c0d391f68e656849943d75","isMergeCommit":false,"messageTitle":"Edit UML diagram","messageBody":"","fileTypesAndContributionMap":{"docs":{"insertions":6,"deletions":0}}}]},{"date":"2024-11-06","commitResults":[{"hash":"d4864fb76db8483f36fdf7f4dd57a55f701c5090","isMergeCommit":true,"messageTitle":"Merge pull request #135 from AY2425S1-CS2103T-F11-1/133-fix-user-guide-typos","messageBody":"133 fix user guide typos","fileTypesAndContributionMap":{}},{"hash":"9a4c5371392a15771c2a7bbe2282a432b5162585","isMergeCommit":true,"messageTitle":"Merge pull request #136 from AY2425S1-CS2103T-F11-1/134-update-help-page-link","messageBody":"134 update help page link","fileTypesAndContributionMap":{}},{"hash":"32417a0048a77f88226ad2eebb09bdacd511f861","isMergeCommit":false,"messageTitle":"Edit User Guide Typo errors and formatting","messageBody":"","fileTypesAndContributionMap":{"docs":{"insertions":5,"deletions":5}}}]},{"date":"2024-11-07","commitResults":[{"hash":"9ef561723a9a08f4d5bbb403cb22b15438cfa49e","isMergeCommit":false,"messageTitle":"Add extra character input for name argument","messageBody":"","fileTypesAndContributionMap":{"functional-code":{"insertions":1,"deletions":1}}},{"hash":"f93aa267c8e2c17ae081a04e0b97762518710fff","isMergeCommit":false,"messageTitle":"Edit UG to reflect changes in Name argument","messageBody":"","fileTypesAndContributionMap":{"docs":{"insertions":2,"deletions":0}}},{"hash":"3f297a7498967cb783e2fb7ee82b9c3536727ff2","isMergeCommit":false,"messageTitle":"Add more roles for users to choose","messageBody":"","fileTypesAndContributionMap":{"functional-code":{"insertions":6,"deletions":2}}},{"hash":"443a10f20570d676be91635053f4d96d99c8a42c","isMergeCommit":false,"messageTitle":"Update UG to explain about roles for persons","messageBody":"","fileTypesAndContributionMap":{"docs":{"insertions":3,"deletions":0}}}]},{"date":"2024-11-10","commitResults":[{"hash":"bddbed212a3cfcb76843c69dfa80b95a0bd55e5a","isMergeCommit":true,"messageTitle":"Merge pull request #242 from AY2425S1-CS2103T-F11-1/229-addcc-typo","messageBody":"Fix typo","fileTypesAndContributionMap":{}}]}],"bbbbcccd":[{"date":"2024-09-20","commitResults":[{"hash":"af5690fcbc73658d3fc45cdd543a19145f81dbbe","isMergeCommit":true,"messageTitle":"Merge pull request #1 from AY2425S1-CS2103T-F11-1/setupDevOps","messageBody":"Set up dev ops and about us page","fileTypesAndContributionMap":{}},{"hash":"00d4d291ea6fc3afef367eddac84d6836c0e4ce0","isMergeCommit":false,"messageTitle":"Add CodeCov badge","messageBody":"","fileTypesAndContributionMap":{"docs":{"insertions":10,"deletions":9}}},{"hash":"3d3c5dd935b3665417917d22227ac486d107c310","isMergeCommit":true,"messageTitle":"Merge pull request #2 from AY2425S1-CS2103T-F11-1/setupDevOps","messageBody":"Add CodeCov badge","fileTypesAndContributionMap":{}}]},{"date":"2024-10-03","commitResults":[{"hash":"b9e391191053706439b6c4a6b16568dafbf851fc","isMergeCommit":false,"messageTitle":"Add Zac\u0027s photo to About Us page","messageBody":"","fileTypesAndContributionMap":{"docs":{"insertions":2,"deletions":2}}},{"hash":"a549e2c3f604b540c4d7b3a74872f2b19e145dbf","isMergeCommit":true,"messageTitle":"Merge pull request #10 from bbbbcccd/master","messageBody":"Add Zac\u0027s photo to About Us page","fileTypesAndContributionMap":{}},{"hash":"6845a9f94060cd23ed7068d907943521a917861e","isMergeCommit":false,"messageTitle":"Add user stories to Developer Guide","messageBody":"","fileTypesAndContributionMap":{"docs":{"insertions":89,"deletions":75}}},{"hash":"44c996f413492e8a1b8360f1cd42459f92468703","isMergeCommit":true,"messageTitle":"Merge branch \u0027master\u0027 into 13-update-developer-guides-user-stories","messageBody":"","fileTypesAndContributionMap":{}},{"hash":"75a00af6faee25ce3dccd0a440fb92a08a9ebafe","isMergeCommit":true,"messageTitle":"Merge pull request #19 from karthickkc/add-image","messageBody":"Add profile image, KKC","fileTypesAndContributionMap":{}},{"hash":"1597285f11e73936dad979d3301eba65fa38dd0d","isMergeCommit":false,"messageTitle":"Update target user and value proposition","messageBody":"","fileTypesAndContributionMap":{"docs":{"insertions":3,"deletions":2}}},{"hash":"253b4e8aad545d177d18dfb6d61477d36f8c5305","isMergeCommit":true,"messageTitle":"Merge pull request #27 from wes-w-z-h/15-update-developer-guide-nfr","messageBody":"Add NFR","fileTypesAndContributionMap":{}},{"hash":"0e3b294ae1c11743881affdf34ac39ada3e21fc2","isMergeCommit":true,"messageTitle":"Merge pull request #28 from SKarthikeyan28/12-update-about-us-page-with-team-details","messageBody":"Add more information to AboutUs","fileTypesAndContributionMap":{}},{"hash":"b0406cbd892071ee09e287fedcb46beefa72eb56","isMergeCommit":false,"messageTitle":"Update project website title to ConcertPhonebook","messageBody":"","fileTypesAndContributionMap":{"other":{"insertions":1,"deletions":1}}},{"hash":"be861fb01ce4d67d0db00accaac82fa9f954c0fc","isMergeCommit":false,"messageTitle":"Add table of content","messageBody":"","fileTypesAndContributionMap":{"docs":{"insertions":23,"deletions":2}}}]},{"date":"2024-10-10","commitResults":[{"hash":"fae756151fc3e9456f70fed626bbcefc7870eafd","isMergeCommit":false,"messageTitle":"Add ConcertDate class","messageBody":"","fileTypesAndContributionMap":{"functional-code":{"insertions":93,"deletions":0}}},{"hash":"6a54b0748dfffcc1d410d529cab6bf23f29b7093","isMergeCommit":false,"messageTitle":"Add test for ConcertDate","messageBody":"","fileTypesAndContributionMap":{"test-code":{"insertions":59,"deletions":0}}}]},{"date":"2024-10-11","commitResults":[{"hash":"da072f538d1394cc910abab0c0b7d647642b57b7","isMergeCommit":false,"messageTitle":"Fix casing","messageBody":"","fileTypesAndContributionMap":{"functional-code":{"insertions":9,"deletions":9},"test-code":{"insertions":4,"deletions":0}}},{"hash":"5ed07bb1831ca47a572513e4dbb8a80d0c2b9260","isMergeCommit":false,"messageTitle":"Create ConcertBuilder util class","messageBody":"","fileTypesAndContributionMap":{"test-code":{"insertions":64,"deletions":0}}},{"hash":"f4099d5880fc90921a3e8209a9c3df78cf980253","isMergeCommit":false,"messageTitle":"Create tests for UniqueConcertList","messageBody":"","fileTypesAndContributionMap":{"test-code":{"insertions":170,"deletions":0}}},{"hash":"c1e3721e0dcf79c82e7f52ccfa859a78aa2b6227","isMergeCommit":false,"messageTitle":"Create utility class to contain typical concerts","messageBody":"","fileTypesAndContributionMap":{"test-code":{"insertions":36,"deletions":0}}},{"hash":"f65cd977c2e0f0e13b23970f8f87e720dd86f2e6","isMergeCommit":false,"messageTitle":"Add fields for typical concerts","messageBody":"","fileTypesAndContributionMap":{"test-code":{"insertions":7,"deletions":0}}},{"hash":"d5181fae332bbbe059b1961a212754b5dcaa888b","isMergeCommit":false,"messageTitle":"Use typical concerts in tests","messageBody":"","fileTypesAndContributionMap":{"test-code":{"insertions":30,"deletions":37}}}]},{"date":"2024-10-12","commitResults":[{"hash":"73a98f51504d943fe7d814691b61f0e7d2f7f059","isMergeCommit":true,"messageTitle":"Merge pull request #57 from wes-w-z-h/51-add-tests-for-concert-class","messageBody":"Add Concert tests","fileTypesAndContributionMap":{}}]},{"date":"2024-10-15","commitResults":[{"hash":"b7227eb2a7e1e5126b04c030df4e6e32dae57b0a","isMergeCommit":false,"messageTitle":"Rename FindCommand to FindPersonCommand","messageBody":"","fileTypesAndContributionMap":{"functional-code":{"insertions":3,"deletions":3},"other":{"insertions":32,"deletions":32},"docs":{"insertions":1,"deletions":1},"test-code":{"insertions":4,"deletions":4}}}]},{"date":"2024-10-16","commitResults":[{"hash":"e0ea2d98a44477d1941eb166ecc6ab43c6838402","isMergeCommit":false,"messageTitle":"Add predicate to test matching role","messageBody":"","fileTypesAndContributionMap":{"functional-code":{"insertions":42,"deletions":0}}},{"hash":"1aa971ebb967106046fb4b95fcccf959372ba1cd","isMergeCommit":false,"messageTitle":"Update FindPersonCommand","messageBody":"FindPersonCommand allows users to find persons\nin 3 ways:\n- Find by names (Same as original AB-3)\n- Find by role\n- Find by both names and role\n","fileTypesAndContributionMap":{"functional-code":{"insertions":54,"deletions":12}}},{"hash":"4bc6c74aadf294c948957118bef363f013ed8a1d","isMergeCommit":true,"messageTitle":"Merge pull request #66 from wes-w-z-h/58-add-concert-command","messageBody":"Add concert command","fileTypesAndContributionMap":{}},{"hash":"80998604ce00317332f60c85e1f319848dc90ec2","isMergeCommit":false,"messageTitle":"Update role to be case-insensitive and fix isValidRole","messageBody":"","fileTypesAndContributionMap":{"functional-code":{"insertions":7,"deletions":2}}},{"hash":"917bd40e922090a0b3c399dd1972abfead1f49fb","isMergeCommit":false,"messageTitle":"Add test for Role class","messageBody":"","fileTypesAndContributionMap":{"test-code":{"insertions":73,"deletions":0}}},{"hash":"58d3085e95dbeb38f409d993f91b143976905472","isMergeCommit":false,"messageTitle":"Update toString method","messageBody":"","fileTypesAndContributionMap":{"functional-code":{"insertions":3,"deletions":2}}},{"hash":"68ddb10d10f76b6f55cef5922cb5d7c2823bb625","isMergeCommit":false,"messageTitle":"Add tests for RoleContainsKeywordPredicate","messageBody":"","fileTypesAndContributionMap":{"test-code":{"insertions":69,"deletions":0}}},{"hash":"aca0a2299d2d004ea32c1fffd69045517cfa4df8","isMergeCommit":true,"messageTitle":"Merge branch \u0027master\u0027 into 61-find-by-role","messageBody":"","fileTypesAndContributionMap":{}},{"hash":"c5d3b756a976207e2b43d2d40e9046e1c9c53dab","isMergeCommit":false,"messageTitle":"Add tests for find person command","messageBody":"","fileTypesAndContributionMap":{"test-code":{"insertions":142,"deletions":23}}},{"hash":"3819780969ab62154cdafc63e84aedf9373dcdb2","isMergeCommit":false,"messageTitle":"Add tests for find person command","messageBody":"","fileTypesAndContributionMap":{"test-code":{"insertions":16,"deletions":7}}},{"hash":"6ff376ab72bb2aa153674d8536efb162d7ce22fb","isMergeCommit":false,"messageTitle":"Update parser to remove whitespaces between names","messageBody":"","fileTypesAndContributionMap":{"functional-code":{"insertions":8,"deletions":3}}},{"hash":"74fee5cb1047aaee60f40cbbdbceb38666a15d75","isMergeCommit":false,"messageTitle":"Extract method out of parse","messageBody":"","fileTypesAndContributionMap":{"functional-code":{"insertions":25,"deletions":21}}}]},{"date":"2024-10-17","commitResults":[{"hash":"de1aa7671cfe2f364e2471ba94cec34df83b87a7","isMergeCommit":false,"messageTitle":"Add exceptions for ConcertContacts","messageBody":"","fileTypesAndContributionMap":{"functional-code":{"insertions":18,"deletions":0}}},{"hash":"c74902f1aeff77ea8fe408f99a3560d89698b1a8","isMergeCommit":false,"messageTitle":"Separate ConcertContact and UniqueConcertContactList","messageBody":"","fileTypesAndContributionMap":{"functional-code":{"insertions":174,"deletions":28}}},{"hash":"ca18dffcee163f99f1b475074563838c7acd84b5","isMergeCommit":false,"messageTitle":"Update model to include ConcertContact","messageBody":"","fileTypesAndContributionMap":{"functional-code":{"insertions":54,"deletions":2}}},{"hash":"918c3c7acd48216d3b132aa574f8b4055c0dccd3","isMergeCommit":false,"messageTitle":"Update address book to include ConcertContact","messageBody":"","fileTypesAndContributionMap":{"functional-code":{"insertions":63,"deletions":2}}},{"hash":"0cad65111b88f6c044f8fdddb74699fe2950ed4d","isMergeCommit":false,"messageTitle":"Update tests for ConcertContact","messageBody":"","fileTypesAndContributionMap":{"test-code":{"insertions":29,"deletions":26}}},{"hash":"690f0901dd2b40e6d4b646c7248bf62baccd3013","isMergeCommit":false,"messageTitle":"Fix typo","messageBody":"","fileTypesAndContributionMap":{"functional-code":{"insertions":1,"deletions":1}}},{"hash":"83418f3c9a3f21af6223aab8a75bc32b9d0573a7","isMergeCommit":false,"messageTitle":"Add delete concertContacts method","messageBody":"","fileTypesAndContributionMap":{"functional-code":{"insertions":48,"deletions":14},"test-code":{"insertions":10,"deletions":0}}},{"hash":"599cd01489159fb4579c80e27008f1a3f3d0b3c4","isMergeCommit":false,"messageTitle":"Update isAssociated method to use equals to ensure all fields are equal","messageBody":"","fileTypesAndContributionMap":{"functional-code":{"insertions":2,"deletions":2}}},{"hash":"d18aea37052ae9253cf8f51c336650a88e8c1c75","isMergeCommit":false,"messageTitle":"Add methods to remove concert contacts in model","messageBody":"","fileTypesAndContributionMap":{"functional-code":{"insertions":87,"deletions":31},"test-code":{"insertions":16,"deletions":6}}},{"hash":"2e0f469e3bc44745aca2c0987013acb8b15990ac","isMergeCommit":false,"messageTitle":"Update NameContainsKeywordsPredicate to be parameterized type","messageBody":"","fileTypesAndContributionMap":{"functional-code":{"insertions":14,"deletions":11}}},{"hash":"bcbd39170422daed455b09bc5fa22a7753c32569","isMergeCommit":false,"messageTitle":"Update tests with NameContainsKeywordsPredicate","messageBody":"","fileTypesAndContributionMap":{"test-code":{"insertions":28,"deletions":23}}},{"hash":"e9bea80bf2ff59f812c6495cbc792dc5403aa7b3","isMergeCommit":false,"messageTitle":"Create NamedObject interface","messageBody":"","fileTypesAndContributionMap":{"functional-code":{"insertions":8,"deletions":0}}},{"hash":"01d29fd0d54fbb2e9eb8a900904044892f928ab2","isMergeCommit":false,"messageTitle":"Add find concert by name command","messageBody":"","fileTypesAndContributionMap":{"functional-code":{"insertions":114,"deletions":0}}},{"hash":"9a39765114213951ccc60cd8cf2f8e1ab72eabcd","isMergeCommit":false,"messageTitle":"Fix typo","messageBody":"","fileTypesAndContributionMap":{"functional-code":{"insertions":1,"deletions":1}}},{"hash":"0f18759e2d8c18c8ef0b83a2e56e65327ae25e6e","isMergeCommit":false,"messageTitle":"Remove unused imports","messageBody":"","fileTypesAndContributionMap":{"functional-code":{"insertions":0,"deletions":2}}},{"hash":"d28db833e6408c9cd3e0f7ac1d6ba756b06863f4","isMergeCommit":false,"messageTitle":"Add tests for find concert command","messageBody":"","fileTypesAndContributionMap":{"test-code":{"insertions":192,"deletions":1}}},{"hash":"d0e47dd64698bed3a42c4ff108d874a78c26b0b1","isMergeCommit":false,"messageTitle":"Fix typo","messageBody":"","fileTypesAndContributionMap":{"functional-code":{"insertions":1,"deletions":1}}},{"hash":"685a6786698adc01337101cfa53c1e9c51afd29a","isMergeCommit":false,"messageTitle":"Update shadowJar","messageBody":"","fileTypesAndContributionMap":{"other":{"insertions":1,"deletions":1}}},{"hash":"c2ee8f764ec73d7c59c429936a30d9f1d427421d","isMergeCommit":false,"messageTitle":"Remove name in title","messageBody":"","fileTypesAndContributionMap":{"docs":{"insertions":1,"deletions":1}}},{"hash":"0c532533d750cc0823d7d8d4bd0daefe55acf57b","isMergeCommit":false,"messageTitle":"Update user guide","messageBody":"","fileTypesAndContributionMap":{"docs":{"insertions":157,"deletions":80}}},{"hash":"e472bf8a3a613e345afa09df30145ea5a82ef058","isMergeCommit":true,"messageTitle":"Merge branch \u0027master\u0027 into update-user-guide","messageBody":"","fileTypesAndContributionMap":{}},{"hash":"bc826537c465839eb85e966ca03fbc6def35423c","isMergeCommit":false,"messageTitle":"Update user guide with delete concertContact","messageBody":"","fileTypesAndContributionMap":{"docs":{"insertions":18,"deletions":5}}},{"hash":"e117e9e652096d4403ab26949f513cca5aea6153","isMergeCommit":false,"messageTitle":"Add delete concert contact to summary","messageBody":"","fileTypesAndContributionMap":{"docs":{"insertions":1,"deletions":0}}},{"hash":"36c5d6029e11d0242df4e6784021466464935489","isMergeCommit":false,"messageTitle":"Fix typo","messageBody":"","fileTypesAndContributionMap":{"docs":{"insertions":14,"deletions":14}}}]},{"date":"2024-10-20","commitResults":[{"hash":"945f7c9c0c27caefd877234471f69cd565368e00","isMergeCommit":false,"messageTitle":"Add new tests","messageBody":"","fileTypesAndContributionMap":{"test-code":{"insertions":40,"deletions":1}}},{"hash":"eef6804e7403d63e014c3cb846af1089479f40cb","isMergeCommit":true,"messageTitle":"Merge pull request #99 from AY2425S1-CS2103T-F11-1/81-add-tests-for-concert-contact-model","messageBody":"Add test for ConcertContact","fileTypesAndContributionMap":{}},{"hash":"acce6d473efd94caf848f1f4a2168c463f24c2b1","isMergeCommit":true,"messageTitle":"Merge pull request #103 from AY2425S1-CS2103T-F11-1/96-update-readme","messageBody":"Update README","fileTypesAndContributionMap":{}}]},{"date":"2024-10-22","commitResults":[{"hash":"7871e6dc67db89d91c4270367ccb48a7b5496322","isMergeCommit":false,"messageTitle":"Enable assertions when run","messageBody":"","fileTypesAndContributionMap":{"other":{"insertions":4,"deletions":0}}},{"hash":"bb6233c8ae125cabb507819c94e9cc0e9dfca483","isMergeCommit":true,"messageTitle":"Merge pull request #110 from AY2425S1-CS2103T-F11-1/97-add-ui-support-for-concertcontact","messageBody":"Add UI support for concertContact","fileTypesAndContributionMap":{}},{"hash":"a9e3c248510ee770167008671953ab82f202d69d","isMergeCommit":false,"messageTitle":"Add assertions to parsers","messageBody":"","fileTypesAndContributionMap":{"functional-code":{"insertions":31,"deletions":10}}},{"hash":"1d5cd881c2080713f96a26c022d0719392f47c10","isMergeCommit":false,"messageTitle":"Add assertions to commands","messageBody":"","fileTypesAndContributionMap":{"functional-code":{"insertions":12,"deletions":0}}},{"hash":"840808db0fc3dd792cbe90912af3fe38b783211c","isMergeCommit":false,"messageTitle":"Fix checkstyle issue","messageBody":"","fileTypesAndContributionMap":{"functional-code":{"insertions":7,"deletions":8}}},{"hash":"12c19fbd7f40bf24af6503b994dcde8c1a6ca8f5","isMergeCommit":true,"messageTitle":"Merge pull request #111 from AY2425S1-CS2103T-F11-1/102-update-list-command-for-concert-and-person","messageBody":"Add listPerson and listConcert commands","fileTypesAndContributionMap":{}},{"hash":"399c8c0a990e89c207f3ec004bee6a17ff6cfaa2","isMergeCommit":true,"messageTitle":"Merge branch \u0027master\u0027 into 98-add-assertions","messageBody":"","fileTypesAndContributionMap":{}},{"hash":"efe4e0e337bc0af63e65b2b1f86bc46f4647679d","isMergeCommit":false,"messageTitle":"Add Javadocs for constructors","messageBody":"","fileTypesAndContributionMap":{"functional-code":{"insertions":13,"deletions":1}}},{"hash":"7f84b66ffbfaa26ec0df4f8d0c7fb87cf4f28da0","isMergeCommit":false,"messageTitle":"Create find concert contact","messageBody":"","fileTypesAndContributionMap":{"functional-code":{"insertions":192,"deletions":0}}},{"hash":"5686f1a41ca10d8714826bc1106cdb1cdcbd70d6","isMergeCommit":false,"messageTitle":"Add empty preamble check","messageBody":"","fileTypesAndContributionMap":{"functional-code":{"insertions":3,"deletions":2},"test-code":{"insertions":14,"deletions":0}}},{"hash":"37022706e34929ed4073495da407e0cbbde68dc9","isMergeCommit":false,"messageTitle":"Remove check for empty args","messageBody":"","fileTypesAndContributionMap":{"functional-code":{"insertions":0,"deletions":6}}},{"hash":"9972f8eceaadf11099faebdac2610fbc5158ef70","isMergeCommit":false,"messageTitle":"Update tests for find concert parser","messageBody":"","fileTypesAndContributionMap":{"test-code":{"insertions":22,"deletions":20}}},{"hash":"15215bbc75edb2c93f50b435263375813efdbdd8","isMergeCommit":false,"messageTitle":"Remove check for empty args","messageBody":"","fileTypesAndContributionMap":{"functional-code":{"insertions":0,"deletions":6}}},{"hash":"778a02105cb91d1fe23ff7cf1a7a4c5bb4192e47","isMergeCommit":false,"messageTitle":"Update tests for find person command parser","messageBody":"","fileTypesAndContributionMap":{"test-code":{"insertions":17,"deletions":17}}}]},{"date":"2024-10-23","commitResults":[{"hash":"fb74187d613e49b91838c1a47009005de2e17549","isMergeCommit":false,"messageTitle":"Update javadocs for constructor","messageBody":"","fileTypesAndContributionMap":{"functional-code":{"insertions":3,"deletions":1}}},{"hash":"55f2feedcf01ea0d4ac2b70bd53e1368eefc5ff2","isMergeCommit":false,"messageTitle":"Create tests for find concert contact command","messageBody":"","fileTypesAndContributionMap":{"test-code":{"insertions":260,"deletions":2}}},{"hash":"d254f2e33a2a16f35d5f848e71a302c9c0645eb3","isMergeCommit":false,"messageTitle":"Make changes as requested","messageBody":"","fileTypesAndContributionMap":{"functional-code":{"insertions":22,"deletions":11}}},{"hash":"c13f9f57a48760f3fe6fc02da3f457051a11667a","isMergeCommit":false,"messageTitle":"Add assertions for person and concert index","messageBody":"","fileTypesAndContributionMap":{"functional-code":{"insertions":3,"deletions":0}}},{"hash":"26f7a345c7607c9a6f186ffa1d0abb6bf9665d08","isMergeCommit":false,"messageTitle":"Rename parameters and variables","messageBody":"","fileTypesAndContributionMap":{"functional-code":{"insertions":12,"deletions":12}}},{"hash":"1f2bc80769bfabd41982d933dcf46296358c47e3","isMergeCommit":false,"messageTitle":"Remove unused message","messageBody":"","fileTypesAndContributionMap":{"functional-code":{"insertions":0,"deletions":2}}},{"hash":"2a413ff01e524a7dcab3055eac3562d345d97c06","isMergeCommit":false,"messageTitle":"Fix typo","messageBody":"","fileTypesAndContributionMap":{"functional-code":{"insertions":1,"deletions":1}}},{"hash":"bac45dbdc067bdd4375a4e34581acf25b04c8d3e","isMergeCommit":false,"messageTitle":"Fix typo in message usage","messageBody":"","fileTypesAndContributionMap":{"functional-code":{"insertions":1,"deletions":1}}}]},{"date":"2024-10-24","commitResults":[{"hash":"a7b77cc53cf5d1658ef54ac4a8aa3c92c542b41f","isMergeCommit":false,"messageTitle":"Include prefix condition in message usage","messageBody":"","fileTypesAndContributionMap":{"functional-code":{"insertions":2,"deletions":0}}},{"hash":"1a0ee7fc63e335c2c5e9f92559366284381cd262","isMergeCommit":false,"messageTitle":"Add titles","messageBody":"","fileTypesAndContributionMap":{"docs":{"insertions":7,"deletions":0}}}]},{"date":"2024-11-06","commitResults":[{"hash":"be242dc833a2153866ef086c3a103543c1a33d04","isMergeCommit":false,"messageTitle":"Fix bugs in user guide","messageBody":"","fileTypesAndContributionMap":{"docs":{"insertions":43,"deletions":31}}},{"hash":"da8a386259f0dfbf366817bf0b03b674c25b7e1f","isMergeCommit":false,"messageTitle":"Update help page link and image","messageBody":"","fileTypesAndContributionMap":{"functional-code":{"insertions":17,"deletions":15}}},{"hash":"d67e80985275c360089b86e7b467162bd9e1b027","isMergeCommit":false,"messageTitle":"Revert html indentation","messageBody":"","fileTypesAndContributionMap":{"functional-code":{"insertions":14,"deletions":16}}},{"hash":"feb849f8b0dfab459a274706eecf0cb57cc3e0b2","isMergeCommit":true,"messageTitle":"Merge pull request #147 from AY2425S1-CS2103T-F11-1/140-add-edge-cases-to-ug","messageBody":"Add notice on index range","fileTypesAndContributionMap":{}},{"hash":"306a54875c770f6d53ee2feda11f9e45abaece3a","isMergeCommit":true,"messageTitle":"Merge pull request #132 from AY2425S1-CS2103T-F11-1/131-include-concerts-and-concertcontacts-in-sampledatautil","messageBody":"131 include concerts and concertcontacts in sampledatautil","fileTypesAndContributionMap":{}},{"hash":"a70d1d9e71cf6f19961d9efbcbd7c6a112249429","isMergeCommit":false,"messageTitle":"Update isSamePerson to check email equality","messageBody":"","fileTypesAndContributionMap":{"functional-code":{"insertions":3,"deletions":2},"test-code":{"insertions":10,"deletions":3}}},{"hash":"48bfb7be041c26b5f285561287409a281e7e90a6","isMergeCommit":true,"messageTitle":"Merge pull request #144 from AY2425S1-CS2103T-F11-1/141-add-date-format-to-help-command-usage-message","messageBody":"Add date format to help command usage message","fileTypesAndContributionMap":{}}]},{"date":"2024-11-07","commitResults":[{"hash":"7b79d3dbc60b1de4ce23c0157421d5330eeaae5f","isMergeCommit":true,"messageTitle":"Merge pull request #150 from AY2425S1-CS2103T-F11-1/149-update-ug","messageBody":"Update Ug","fileTypesAndContributionMap":{}},{"hash":"4f0c9e2ef7b64c38c6436c58e309bad19d79bd56","isMergeCommit":false,"messageTitle":"Update name and email to be case-insensitive","messageBody":"","fileTypesAndContributionMap":{"functional-code":{"insertions":2,"deletions":2},"test-code":{"insertions":6,"deletions":0}}},{"hash":"0be7658522b96380b7042ff350e79b8f8c4ac90a","isMergeCommit":false,"messageTitle":"Update isSamePerson to check name, phone and email","messageBody":"","fileTypesAndContributionMap":{"functional-code":{"insertions":2,"deletions":1},"test-code":{"insertions":5,"deletions":6}}},{"hash":"00fd7a9cbb0a783e3d348b06d7298d32145332f4","isMergeCommit":true,"messageTitle":"Merge pull request #160 from AY2425S1-CS2103T-F11-1/159-add-date-format-for-editc-command-usage","messageBody":"Change command usage message for editc","fileTypesAndContributionMap":{}},{"hash":"0166fd25668b317d4900caf349caf63523bedb7a","isMergeCommit":true,"messageTitle":"Merge pull request #165 from AY2425S1-CS2103T-F11-1/153-add-to-the-ug-language-constraints","messageBody":"","fileTypesAndContributionMap":{}}]}],"wes-w-z-h":[{"date":"2024-10-03","commitResults":[{"hash":"1f63f6eecfb9f5c25b0b5f6ff42e0a6807416b30","isMergeCommit":false,"messageTitle":"Add profile pic","messageBody":"","fileTypesAndContributionMap":{"docs":{"insertions":10,"deletions":10}}},{"hash":"ea9245500a4955e87d630bd05cadea5ce096ee40","isMergeCommit":true,"messageTitle":"Merge branch \u0027master\u0027 into add-profile-pic","messageBody":"","fileTypesAndContributionMap":{}},{"hash":"d33ad7d6678e3dad36e25521890a867d80b55d23","isMergeCommit":true,"messageTitle":"Merge pull request #11 from wes-w-z-h/add-profile-pic","messageBody":"Add profile pic","fileTypesAndContributionMap":{}},{"hash":"a22bb5e569378f5f40617be37442ed2ffc6fe128","isMergeCommit":false,"messageTitle":"Add use cases","messageBody":"","fileTypesAndContributionMap":{"docs":{"insertions":234,"deletions":75}}},{"hash":"a86eb91b38ed9f46f94345ba09f73bbeea9d1ad2","isMergeCommit":false,"messageTitle":"Renove space","messageBody":"","fileTypesAndContributionMap":{"docs":{"insertions":3,"deletions":3}}},{"hash":"e57ea3b915c659f57a67ae1ec3eb4226af4234e5","isMergeCommit":true,"messageTitle":"Merge pull request #17 from wes-w-z-h/14-update-developer-guide-use-cases","messageBody":"Add use cases","fileTypesAndContributionMap":{}},{"hash":"80098f4c4b131a30aca7bd9ee6a6937631b94e7a","isMergeCommit":true,"messageTitle":"Merge pull request #18 from bbbbcccd/13-update-developer-guides-user-stories","messageBody":"Add user stories to Developer Guide","fileTypesAndContributionMap":{}},{"hash":"7e1da2c56fb8fc3807138129fb553a7ecbc99373","isMergeCommit":false,"messageTitle":"Add acknowledgements","messageBody":"","fileTypesAndContributionMap":{"docs":{"insertions":1,"deletions":1}}},{"hash":"62ca4ba8a9fa472c8217fd6e2df7ca62f94d24d9","isMergeCommit":true,"messageTitle":"Merge pull request #26 from wes-w-z-h/25-update-developer-guide-with-acknowledgements","messageBody":"Add acknowledgements","fileTypesAndContributionMap":{}},{"hash":"dc10afeb1d8a9bf5209c7161254b564bb25ec03b","isMergeCommit":false,"messageTitle":"Add NFR","messageBody":"","fileTypesAndContributionMap":{"docs":{"insertions":7,"deletions":0}}},{"hash":"2001fcf0553adb93357ecb430340d76cfc6a56c4","isMergeCommit":true,"messageTitle":"Merge pull request #29 from bbbbcccd/update-dg-value-user","messageBody":"Update target user and value proposition","fileTypesAndContributionMap":{}}]},{"date":"2024-10-04","commitResults":[{"hash":"ea69a9448f2d6af42609532bee729fab4dfe02b0","isMergeCommit":true,"messageTitle":"Merge pull request #32 from bbbbcccd/31-update-project-website-title","messageBody":"Update project website title to ConcertPhonebook","fileTypesAndContributionMap":{}}]},{"date":"2024-10-05","commitResults":[{"hash":"d1aaad034e673bb6fc4b49e0c3dcc2b5c732ec57","isMergeCommit":false,"messageTitle":"Remove traces of AB3","messageBody":"","fileTypesAndContributionMap":{"docs":{"insertions":13,"deletions":11}}},{"hash":"e01a1b9e2f46fca15a6c47d145136df8d1534d1c","isMergeCommit":true,"messageTitle":"Merge pull request #38 from wes-w-z-h/37-update-readme","messageBody":"Remove traces of AB3","fileTypesAndContributionMap":{}}]},{"date":"2024-10-10","commitResults":[{"hash":"cf14d861ac6c01fefaa17140d29eb611459dd6a4","isMergeCommit":true,"messageTitle":"Merge pull request #48 from hj235/46-create-concertname-and-concertaddress-class","messageBody":"Extract Name and Address to commons","fileTypesAndContributionMap":{}},{"hash":"0066b4e04c15d4ba48bef0d348b508628f3f5e26","isMergeCommit":true,"messageTitle":"Merge branch \u0027master\u0027 into 45-create-concert-class","messageBody":"","fileTypesAndContributionMap":{}},{"hash":"84c3ad0c298aa559d057456d157db4b7de51bf53","isMergeCommit":true,"messageTitle":"Merge pull request #50 from bbbbcccd/47-create-concertdatetime-class","messageBody":"Create ConcertDate class","fileTypesAndContributionMap":{}},{"hash":"6b3d10949c782cee20b30690e79fd620463ba737","isMergeCommit":true,"messageTitle":"Merge branch \u0027master\u0027 into 45-create-concert-class","messageBody":"","fileTypesAndContributionMap":{}},{"hash":"d40c795bca2c40d3d4a6b698f06e9840d4c7f831","isMergeCommit":false,"messageTitle":"Add concert class","messageBody":"","fileTypesAndContributionMap":{"functional-code":{"insertions":242,"deletions":0},"test-code":{"insertions":24,"deletions":0}}},{"hash":"defabd252ff05ed3d203b2e2e998865defe2d4a8","isMergeCommit":false,"messageTitle":"Fix name","messageBody":"","fileTypesAndContributionMap":{"functional-code":{"insertions":1,"deletions":1}}},{"hash":"e3cc1fc55bb5a0b22533523e8cdbcb5c48e4ece7","isMergeCommit":true,"messageTitle":"Merge pull request #49 from wes-w-z-h/45-create-concert-class","messageBody":"Add concert class","fileTypesAndContributionMap":{}}]},{"date":"2024-10-11","commitResults":[{"hash":"309a717a80705d387561617346eaa5eca485cca1","isMergeCommit":true,"messageTitle":"Merge pull request #54 from bbbbcccd/52-add-tests-for-uniqueconcertlist","messageBody":"Add tests for UniqueConcertList","fileTypesAndContributionMap":{}}]},{"date":"2024-10-12","commitResults":[{"hash":"2623d7e1cec4dbe6749ce0ecf9f129e475d53df8","isMergeCommit":false,"messageTitle":"Add Concert tests","messageBody":"","fileTypesAndContributionMap":{"test-code":{"insertions":39,"deletions":7}}},{"hash":"d77163bc8845949b3173b7f803d74b9abd144b2d","isMergeCommit":false,"messageTitle":"Add test case","messageBody":"","fileTypesAndContributionMap":{"test-code":{"insertions":5,"deletions":0}}}]},{"date":"2024-10-15","commitResults":[{"hash":"741000938b08773a74cb2fdcb5da3e8410f595d8","isMergeCommit":false,"messageTitle":"Add concert command","messageBody":"","fileTypesAndContributionMap":{"functional-code":{"insertions":317,"deletions":48}}},{"hash":"9fb5b53fcb000f1acc6334f734518af5e478f8c1","isMergeCommit":false,"messageTitle":"Fix bugs","messageBody":"- Fix add concert not adding to address AddressBook\n- Fix equality check of Concert\n- Add method to allow more flexible processing in ConcertDate\n- Fix command usage formatting in AddConcertCommand\n","fileTypesAndContributionMap":{"functional-code":{"insertions":36,"deletions":11}}},{"hash":"f6d71edb17ae483d9e07c71538c0ded336040111","isMergeCommit":false,"messageTitle":"Update storage","messageBody":"- Add support for saving concert to json\n- Fix existing tests for new methods added\n","fileTypesAndContributionMap":{"functional-code":{"insertions":106,"deletions":4},"test-code":{"insertions":63,"deletions":15}}},{"hash":"dfd39ca5524b060a158fbca0078afc6104cb3265","isMergeCommit":false,"messageTitle":"Fix typo","messageBody":"","fileTypesAndContributionMap":{"functional-code":{"insertions":1,"deletions":1}}},{"hash":"343e50631a426061feee49acc1c098fdf9b56ec7","isMergeCommit":false,"messageTitle":"Rename add command","messageBody":"","fileTypesAndContributionMap":{"functional-code":{"insertions":7,"deletions":7},"other":{"insertions":31,"deletions":41},"test-code":{"insertions":29,"deletions":23}}}]},{"date":"2024-10-16","commitResults":[{"hash":"c900abf651d7a7d6a7fb1dd40bd2709b4c0b95b1","isMergeCommit":false,"messageTitle":"Add tests","messageBody":"- Rename files\n- Add test for new command\n","fileTypesAndContributionMap":{"functional-code":{"insertions":1,"deletions":1},"other":{"insertions":73,"deletions":67},"test-code":{"insertions":529,"deletions":176}}},{"hash":"cff64a84cacd4c845f0245a5b0c8455613ef1f82","isMergeCommit":false,"messageTitle":"Fix bugs","messageBody":"","fileTypesAndContributionMap":{"functional-code":{"insertions":14,"deletions":19},"test-code":{"insertions":15,"deletions":9}}},{"hash":"a947fe9f5c946d4f51118db0a8ef7e54e91bd750","isMergeCommit":false,"messageTitle":"Update json tests","messageBody":"","fileTypesAndContributionMap":{"test-code":{"insertions":178,"deletions":58}}},{"hash":"2f3468c55c8fd278b6eb978dc9bde319572c1d7c","isMergeCommit":false,"messageTitle":"Add tests","messageBody":"","fileTypesAndContributionMap":{"functional-code":{"insertions":2,"deletions":1},"test-code":{"insertions":46,"deletions":5}}},{"hash":"64e601e509416217355fbcd3d8d3ab03cf8f9cf9","isMergeCommit":false,"messageTitle":"Fix bugs","messageBody":"","fileTypesAndContributionMap":{"functional-code":{"insertions":32,"deletions":20},"test-code":{"insertions":2,"deletions":2}}},{"hash":"61b8bd31125334a926cc9d67f11fb58d1d3759b6","isMergeCommit":false,"messageTitle":"Add test case","messageBody":"","fileTypesAndContributionMap":{"test-code":{"insertions":10,"deletions":0}}},{"hash":"8f898681b980794d69e5253196304cd97e219529","isMergeCommit":false,"messageTitle":"Fix bug","messageBody":"","fileTypesAndContributionMap":{"functional-code":{"insertions":4,"deletions":2}}},{"hash":"9f7a239a6672a82b77b60e9e2ce2739eb267e9e0","isMergeCommit":false,"messageTitle":"Add test for equals","messageBody":"","fileTypesAndContributionMap":{"test-code":{"insertions":15,"deletions":0}}},{"hash":"167be6a30769a79c6e3835aa3c5a4e1009ec5764","isMergeCommit":false,"messageTitle":"Fix test","messageBody":"","fileTypesAndContributionMap":{"functional-code":{"insertions":5,"deletions":1}}},{"hash":"68d7df8b211f4589dec7303800f3f525f4afa3cb","isMergeCommit":false,"messageTitle":"Fix bug","messageBody":"","fileTypesAndContributionMap":{"functional-code":{"insertions":1,"deletions":1}}},{"hash":"49fcf5330e1974f0bfcb6af06e45f24dd8df5cb6","isMergeCommit":true,"messageTitle":"Merge pull request #65 from SKarthikeyan28/60-add-contacts-to-concerts","messageBody":"","fileTypesAndContributionMap":{}},{"hash":"ef57e63673028684a3c6e865e7a1cfb3ffe4d01a","isMergeCommit":true,"messageTitle":"Merge pull request #70 from bbbbcccd/61-find-by-role","messageBody":"Add find command to find by role / name","fileTypesAndContributionMap":{}},{"hash":"62d7cf7b63bbc547111fdd2abfbc10182c74c2cf","isMergeCommit":true,"messageTitle":"Merge pull request #69 from hj235/concert-Ui","messageBody":"Add view for concerts","fileTypesAndContributionMap":{}},{"hash":"fc33299c3214a52f4d0e92041b75c884ebaa814a","isMergeCommit":false,"messageTitle":"Add deletec command","messageBody":"","fileTypesAndContributionMap":{"functional-code":{"insertions":97,"deletions":0},"test-code":{"insertions":5,"deletions":0}}},{"hash":"db1bb71c60c1d2e4b87245731e31cf3971ea1248","isMergeCommit":false,"messageTitle":"Update command","messageBody":"","fileTypesAndContributionMap":{"functional-code":{"insertions":24,"deletions":1}}}]},{"date":"2024-10-17","commitResults":[{"hash":"a836d34c8a80db2034f60faccf38883b5755a438","isMergeCommit":false,"messageTitle":"Add tests","messageBody":"","fileTypesAndContributionMap":{"test-code":{"insertions":184,"deletions":5}}},{"hash":"4e35dc75b7312f128ab68e6489d294cf72784ab5","isMergeCommit":false,"messageTitle":"Rename class","messageBody":"- DeleteCommand -\u003e DeletePersonCommand\n","fileTypesAndContributionMap":{"functional-code":{"insertions":3,"deletions":3},"other":{"insertions":25,"deletions":25},"test-code":{"insertions":35,"deletions":35}}},{"hash":"ed8db8dbb0739cad8501cfc7bb70c903bd6a9559","isMergeCommit":false,"messageTitle":"Update command word","messageBody":"","fileTypesAndContributionMap":{"functional-code":{"insertions":1,"deletions":1},"test-code":{"insertions":1,"deletions":1}}},{"hash":"ecec96be57c97b853e1438437b1ef67b0ab89be4","isMergeCommit":true,"messageTitle":"Merge pull request #71 from karthickkc/add-link-command","messageBody":"Add link command","fileTypesAndContributionMap":{}},{"hash":"9053c4953ca5cdb6504d296f4d6b885b1e0d3dba","isMergeCommit":true,"messageTitle":"Merge branch \u0027master\u0027 into 68-delete-concert-command","messageBody":"","fileTypesAndContributionMap":{}},{"hash":"413682a7fb4230e952621a294218cc3052869e64","isMergeCommit":true,"messageTitle":"Merge pull request #76 from bbbbcccd/73-create-uniqueconcertcontactlist-class","messageBody":"73 Create UniqueConcertContactList class","fileTypesAndContributionMap":{}},{"hash":"b4c91e6870537645c9c0146cb29996bbe76c9cc1","isMergeCommit":true,"messageTitle":"Merge branch \u0027master\u0027 into 68-delete-concert-command","messageBody":"","fileTypesAndContributionMap":{}},{"hash":"4daac8b287aeb6157c15c8915e055f490e1ea94d","isMergeCommit":false,"messageTitle":"Add delete assosciation","messageBody":"","fileTypesAndContributionMap":{"functional-code":{"insertions":2,"deletions":1}}},{"hash":"a281a0cb3190f65267075da7d042b43c91a9524d","isMergeCommit":false,"messageTitle":"Add storage for concertContact","messageBody":"","fileTypesAndContributionMap":{"functional-code":{"insertions":75,"deletions":4}}},{"hash":"8bff34e207b5de940a57dcbb899629a47cd43752","isMergeCommit":false,"messageTitle":"Remove change to command","messageBody":"","fileTypesAndContributionMap":{"functional-code":{"insertions":1,"deletions":1}}},{"hash":"83ce85549324b7eb2920c833c71720b8094eaecb","isMergeCommit":false,"messageTitle":"Refactor tests","messageBody":"","fileTypesAndContributionMap":{"test-code":{"insertions":157,"deletions":48}}},{"hash":"0b7c89d817884645b5f7bf76b975a5087f91ca28","isMergeCommit":true,"messageTitle":"Merge pull request #84 from karthickkc/add-delete","messageBody":"Delete link when delete person","fileTypesAndContributionMap":{}},{"hash":"d31d55b31021ba33825180539e3055d7a7800f3d","isMergeCommit":true,"messageTitle":"Merge branch \u0027master\u0027 into 78-create-storage-for-concertcontact","messageBody":"","fileTypesAndContributionMap":{}},{"hash":"e82e4f8aa498355130532a0eab11b2aa39faff28","isMergeCommit":false,"messageTitle":"Fix typo","messageBody":"","fileTypesAndContributionMap":{"functional-code":{"insertions":1,"deletions":1}}},{"hash":"4c8007ea30c72664027022d04050fbd01fb99f44","isMergeCommit":true,"messageTitle":"Merge pull request #83 from wes-w-z-h/78-create-storage-for-concertcontact","messageBody":"Add storage for concertContact","fileTypesAndContributionMap":{}},{"hash":"2b92868f0a8a35f837a8d5c63e478b0fe1233e86","isMergeCommit":true,"messageTitle":"Merge pull request #86 from bbbbcccd/64-find-by-concert-name","messageBody":"Add find concert command","fileTypesAndContributionMap":{}},{"hash":"3a6d080f068894131ceb250432b2abb1c1358c1f","isMergeCommit":false,"messageTitle":"Fix test","messageBody":"","fileTypesAndContributionMap":{"test-code":{"insertions":3,"deletions":3}}},{"hash":"3029c64fedc3e89812085e915a0fb8baf7ce8470","isMergeCommit":false,"messageTitle":"Update test","messageBody":"","fileTypesAndContributionMap":{"test-code":{"insertions":1,"deletions":1}}},{"hash":"1901b2592d86ad71a035be549d85bfde0cf4a0a9","isMergeCommit":true,"messageTitle":"Merge pull request #91 from wes-w-z-h/89-test-compile-error","messageBody":"Fix raw type","fileTypesAndContributionMap":{}},{"hash":"0bab3bd89a1f54bf4305bf9dd1a3ac26b4b2a124","isMergeCommit":true,"messageTitle":"Merge pull request #82 from hj235/delete-concert-contact","messageBody":"Delete concert contacts","fileTypesAndContributionMap":{}},{"hash":"6ef022c410a25695f8a1adec67c761eefe7c7f92","isMergeCommit":true,"messageTitle":"Merge pull request #88 from bbbbcccd/update-user-guide","messageBody":"Update user guide","tags":["v1.3"],"fileTypesAndContributionMap":{}}]},{"date":"2024-10-19","commitResults":[{"hash":"0b8f5aab0318f0701dd5750621ee25a048e44480","isMergeCommit":true,"messageTitle":"Merge pull request #95 from hj235/delete-concert-contact","messageBody":"Fix to DeleteConcertContactCommand","fileTypesAndContributionMap":{}},{"hash":"0e3d6aa69cf359c901931666e047299d977429a9","isMergeCommit":false,"messageTitle":"Add tests","messageBody":"","fileTypesAndContributionMap":{"test-code":{"insertions":245,"deletions":6}}},{"hash":"0ba95ba2562eaab739b32615e216060532544238","isMergeCommit":false,"messageTitle":"Add test case","messageBody":"","fileTypesAndContributionMap":{"test-code":{"insertions":41,"deletions":23}}}]},{"date":"2024-10-20","commitResults":[{"hash":"784a91d8610aa2c45f9c9f132bc36c2495f902c6","isMergeCommit":false,"messageTitle":"Update README","messageBody":"- update ui image\n- update website link\n","fileTypesAndContributionMap":{"docs":{"insertions":1,"deletions":1}}},{"hash":"c02ab78a595c449253cc38f285db7b280b42e6f4","isMergeCommit":false,"messageTitle":"Update editCommand","messageBody":"","fileTypesAndContributionMap":{"functional-code":{"insertions":10,"deletions":1}}},{"hash":"5a12caf5ff3b1853e11befec81599e64549070d7","isMergeCommit":false,"messageTitle":"Update tests","messageBody":"","fileTypesAndContributionMap":{"test-code":{"insertions":71,"deletions":45}}},{"hash":"8cfb222ca7d3bffd99f32352e15786970aa380eb","isMergeCommit":false,"messageTitle":"Add test case","messageBody":"","fileTypesAndContributionMap":{"test-code":{"insertions":15,"deletions":0}}},{"hash":"e6389946e5014fcb7cbacef34ab61df0658fa8e6","isMergeCommit":false,"messageTitle":"Add equals test","messageBody":"","fileTypesAndContributionMap":{"test-code":{"insertions":41,"deletions":0}}}]},{"date":"2024-10-21","commitResults":[{"hash":"a0fb7823140de67dd62e0c4ba7a30a7a49c8786e","isMergeCommit":false,"messageTitle":"Rename variable","messageBody":"","fileTypesAndContributionMap":{"test-code":{"insertions":7,"deletions":7}}},{"hash":"be618cbb1b986c4f27d264a8f462283afc75790d","isMergeCommit":true,"messageTitle":"Merge pull request #106 from AY2425S1-CS2103T-F11-1/80-update-edit-person-command","messageBody":"80 update edit person command","fileTypesAndContributionMap":{}}]},{"date":"2024-10-22","commitResults":[{"hash":"c3b1e355549e721130a8e0c492729b55ba720d95","isMergeCommit":false,"messageTitle":"Add edit concert command","messageBody":"","fileTypesAndContributionMap":{"functional-code":{"insertions":291,"deletions":3},"other":{"insertions":59,"deletions":56},"test-code":{"insertions":14,"deletions":9}}},{"hash":"c60fe9a9221b55357225ef5b2288e876bff4ddc0","isMergeCommit":false,"messageTitle":"Add tests","messageBody":"","fileTypesAndContributionMap":{"test-code":{"insertions":300,"deletions":1}}},{"hash":"dc4315cedf579a364d1fdeff256f4a1e1bd46111","isMergeCommit":false,"messageTitle":"Update tests","messageBody":"","fileTypesAndContributionMap":{"functional-code":{"insertions":2,"deletions":2},"test-code":{"insertions":10,"deletions":0}}},{"hash":"70c99a1d36cdba0e502d0bfd4b7525d982d8c6b8","isMergeCommit":false,"messageTitle":"Add parser test","messageBody":"","fileTypesAndContributionMap":{"test-code":{"insertions":164,"deletions":2}}},{"hash":"7b80f908572796cb126a82a2c2357d6cf2033044","isMergeCommit":false,"messageTitle":"Fix typos","messageBody":"","fileTypesAndContributionMap":{"functional-code":{"insertions":5,"deletions":5}}},{"hash":"6f6945a7a208630e440ea628c78ed5bc054be307","isMergeCommit":false,"messageTitle":"Update command word","messageBody":"","fileTypesAndContributionMap":{"functional-code":{"insertions":1,"deletions":1}}},{"hash":"267b432ade03f80b4493420287f03b46caacd95c","isMergeCommit":false,"messageTitle":"Add header comment","messageBody":"","fileTypesAndContributionMap":{"functional-code":{"insertions":1,"deletions":1}}},{"hash":"c3fd9a885b8faaea2e3ae05e27ffd371a05b610a","isMergeCommit":false,"messageTitle":"Update tests","messageBody":"","fileTypesAndContributionMap":{"functional-code":{"insertions":3,"deletions":3},"test-code":{"insertions":63,"deletions":1}}}]},{"date":"2024-10-23","commitResults":[{"hash":"eeb514535ed3353754df6582a4f0f19648a245ed","isMergeCommit":true,"messageTitle":"Merge branch \u0027master\u0027 into 101-edit-concert-command","messageBody":"","fileTypesAndContributionMap":{}},{"hash":"76e8f48d89a917a95392a5916c4f974a437ed08f","isMergeCommit":false,"messageTitle":"Fix typo","messageBody":"","fileTypesAndContributionMap":{"functional-code":{"insertions":1,"deletions":1}}},{"hash":"df2fed6d7f6c757bf7217f928b8dae289cdcd4b4","isMergeCommit":true,"messageTitle":"Merge branch \u0027master\u0027 into 98-add-assertions","messageBody":"","fileTypesAndContributionMap":{}},{"hash":"ff9a5ae7659f5d0cc613ef62823b3080509a3555","isMergeCommit":true,"messageTitle":"Merge pull request #113 from AY2425S1-CS2103T-F11-1/98-add-assertions","messageBody":"Add assertions","fileTypesAndContributionMap":{}}]},{"date":"2024-10-24","commitResults":[{"hash":"02c3ac1cb985b0b82d38d256cb0714fe89a1df14","isMergeCommit":true,"messageTitle":"Merge branch \u0027master\u0027 into 112-modify-the-format-for-cc-commands","messageBody":"","fileTypesAndContributionMap":{}},{"hash":"19c0dc5d10f9ec18819ff6e91c018c1642d03417","isMergeCommit":true,"messageTitle":"Merge branch \u0027master\u0027 into 108-add-command-to-find-cc-for-person","messageBody":"","fileTypesAndContributionMap":{}},{"hash":"63deff8dfd33ed44dab28e4489a5d57ca26dd0e3","isMergeCommit":false,"messageTitle":"Update to indices","messageBody":"","fileTypesAndContributionMap":{"test-code":{"insertions":25,"deletions":21}}},{"hash":"ef9ff06485354f49ef0d4100bdd39dae3e8bbd93","isMergeCommit":false,"messageTitle":"Update view for findcc","messageBody":"","fileTypesAndContributionMap":{"functional-code":{"insertions":2,"deletions":3}}},{"hash":"585205e1de7cafff3d2c08a43fbaec804928f81d","isMergeCommit":false,"messageTitle":"Update variable name","messageBody":"","fileTypesAndContributionMap":{"functional-code":{"insertions":2,"deletions":2},"test-code":{"insertions":27,"deletions":14}}},{"hash":"fd198471115653e3ce9623dd987f5e2b8b8a1b5b","isMergeCommit":true,"messageTitle":"Merge pull request #118 from AY2425S1-CS2103T-F11-1/112-modify-the-format-for-cc-commands","messageBody":"112 modify the format for cc commands","fileTypesAndContributionMap":{}},{"hash":"759ddb0c8c9b8f3736d47522c1c72b4fe2426f7c","isMergeCommit":false,"messageTitle":"Update invalid input","messageBody":"","fileTypesAndContributionMap":{"functional-code":{"insertions":2,"deletions":3},"test-code":{"insertions":6,"deletions":4}}},{"hash":"168ba8a6fd91a6ca0d327260c3d1a21d2e07d41b","isMergeCommit":true,"messageTitle":"Merge branch \u0027master\u0027 into 108-add-command-to-find-cc-for-person","messageBody":"","fileTypesAndContributionMap":{}},{"hash":"619700c1d3d6aed99903784c3415b10d92103b23","isMergeCommit":true,"messageTitle":"Merge pull request #114 from AY2425S1-CS2103T-F11-1/101-edit-concert-command","messageBody":"Add edit concert command","fileTypesAndContributionMap":{}},{"hash":"0443ed4b8f663ab561ff9041484f7a4f9a2f3247","isMergeCommit":false,"messageTitle":"Remove extra brackets","messageBody":"","fileTypesAndContributionMap":{"functional-code":{"insertions":2,"deletions":2}}},{"hash":"72c0290b443c8385c3e2a55af479e7f54092aaab","isMergeCommit":false,"messageTitle":"Fix bugs","messageBody":"","fileTypesAndContributionMap":{"functional-code":{"insertions":4,"deletions":4},"test-code":{"insertions":6,"deletions":2}}},{"hash":"ffd984960bc4f93c42b4b7a10e9c299ea137e08a","isMergeCommit":true,"messageTitle":"Merge branch \u0027master\u0027 into 108-add-command-to-find-cc-for-person","messageBody":"","fileTypesAndContributionMap":{}},{"hash":"c87bb6a2c883ca274145c99388cbd1ea7292b012","isMergeCommit":false,"messageTitle":"Rename test","messageBody":"","fileTypesAndContributionMap":{"test-code":{"insertions":1,"deletions":1}}},{"hash":"f78fb1d53665fa1fd5898bff78e3f0cabb10cdbf","isMergeCommit":true,"messageTitle":"Merge pull request #115 from AY2425S1-CS2103T-F11-1/108-add-command-to-find-cc-for-person","messageBody":"Add find concert contact command","fileTypesAndContributionMap":{}},{"hash":"48ce84a66a59fef57ff6e97213a3b4790e603b5e","isMergeCommit":false,"messageTitle":"Update deletecc command","messageBody":"","fileTypesAndContributionMap":{"functional-code":{"insertions":52,"deletions":78},"test-code":{"insertions":28,"deletions":86}}},{"hash":"f2a73a1954798989b5d2fc7114fd4233129d9495","isMergeCommit":true,"messageTitle":"Merge pull request #123 from AY2425S1-CS2103T-F11-1/122-update-message-usage-for-find-commands","messageBody":"Update message usage for find commands","fileTypesAndContributionMap":{}},{"hash":"8830f64c1a6b648fd60b5f8d58cc6b049d9d14c0","isMergeCommit":false,"messageTitle":"Add diagram name","messageBody":"","fileTypesAndContributionMap":{"docs":{"insertions":3,"deletions":3}}},{"hash":"f72e6e020f4f8ae09b3e832c836201467b9a5ea4","isMergeCommit":false,"messageTitle":"Update Ug","messageBody":"","fileTypesAndContributionMap":{"docs":{"insertions":11,"deletions":9}}},{"hash":"db94330e6146667e33c5b0ce8b28f65279a50b50","isMergeCommit":false,"messageTitle":"Update Ug","messageBody":"","fileTypesAndContributionMap":{"docs":{"insertions":6,"deletions":4}}},{"hash":"b2eecb2253fb2ed009b363061af8ad2d2c2f3d51","isMergeCommit":true,"messageTitle":"Merge pull request #117 from AY2425S1-CS2103T-F11-1/104-update-developer-guide","messageBody":"Update developer guide","tags":["v1.4"],"fileTypesAndContributionMap":{}}]},{"date":"2024-10-25","commitResults":[{"hash":"8851a7372e3cb9d3d78d4832ded459c5f0d91ef6","isMergeCommit":false,"messageTitle":"Update UML","messageBody":"","fileTypesAndContributionMap":{"docs":{"insertions":7,"deletions":0}}},{"hash":"5ed891c0a1eb2f0d80579acc9abf26e8554bebfc","isMergeCommit":true,"messageTitle":"Merge pull request #127 from AY2425S1-CS2103T-F11-1/126-update-uml","messageBody":"Update UML","fileTypesAndContributionMap":{}}]},{"date":"2024-10-31","commitResults":[{"hash":"7f51763500a6e61816dc325bd771798dfc69526f","isMergeCommit":false,"messageTitle":"Add check for invalid concertContact","messageBody":"","fileTypesAndContributionMap":{"functional-code":{"insertions":6,"deletions":0},"test-code":{"insertions":30,"deletions":2}}}]},{"date":"2024-11-05","commitResults":[{"hash":"44b498c4df1b8d13e49e9ba4c8b8b7d4679c1f01","isMergeCommit":false,"messageTitle":"Fix typo","messageBody":"","fileTypesAndContributionMap":{"functional-code":{"insertions":1,"deletions":1}}},{"hash":"95aa4a4f7bc9e7a916fd418338ef4b8ee569cbb6","isMergeCommit":false,"messageTitle":"Remove space","messageBody":"","fileTypesAndContributionMap":{"functional-code":{"insertions":1,"deletions":1}}},{"hash":"ac21cd37e986d1128ffbd17982874060f4a135a0","isMergeCommit":false,"messageTitle":"Update tests","messageBody":"","fileTypesAndContributionMap":{"test-code":{"insertions":45,"deletions":9}}},{"hash":"ba6a00ccf38c6484589222972fd2b16643794cbc","isMergeCommit":true,"messageTitle":"Merge pull request #128 from AY2425S1-CS2103T-F11-1/119-add-more-info-to-concertcontact-card","messageBody":"119 add more info to concertcontact card","fileTypesAndContributionMap":{}}]},{"date":"2024-11-06","commitResults":[{"hash":"8c303359fa68f482ba55900bdd26b28f4cae7077","isMergeCommit":true,"messageTitle":"Merge pull request #130 from AY2425S1-CS2103T-F11-1/125-validate-manual-json-data","messageBody":"Add check for invalid concertContact","fileTypesAndContributionMap":{}},{"hash":"d844465a87724e1055f7680973e5c82fb182a05a","isMergeCommit":false,"messageTitle":"Add date format","messageBody":"","fileTypesAndContributionMap":{"functional-code":{"insertions":1,"deletions":1}}},{"hash":"94526d6ce944bd5fee73d8caba8a209cd1b40adc","isMergeCommit":false,"messageTitle":"Add notice on index range","messageBody":"","fileTypesAndContributionMap":{"docs":{"insertions":9,"deletions":7}}},{"hash":"3dc8790ed7eebaf2ed1a025fbf38a7635d22b057","isMergeCommit":false,"messageTitle":"Update brackets","messageBody":"","fileTypesAndContributionMap":{"functional-code":{"insertions":1,"deletions":1}}}]},{"date":"2024-11-07","commitResults":[{"hash":"519d1d32740ee35621fd0f873792ba7986eddb4a","isMergeCommit":false,"messageTitle":"Update Ug","messageBody":"","fileTypesAndContributionMap":{"docs":{"insertions":7,"deletions":2}}},{"hash":"dbdfaca87e287d3c550fa158ec09e1a2fe581b4f","isMergeCommit":true,"messageTitle":"Merge pull request #158 from AY2425S1-CS2103T-F11-1/129-improve-ui-style","messageBody":"Changed app title and icon","fileTypesAndContributionMap":{}},{"hash":"4e1b81275444a5857752e99840cc6cdcd1b7aaf6","isMergeCommit":true,"messageTitle":"Merge pull request #148 from AY2425S1-CS2103T-F11-1/16-update-the-duplicate-handling","messageBody":"Update person duplicate handling","fileTypesAndContributionMap":{}},{"hash":"a692b76059b69965575b60d03be31d0b09e3a8f3","isMergeCommit":true,"messageTitle":"Merge branch \u0027master\u0027 into 152-add-support-for-so-in-name","messageBody":"","fileTypesAndContributionMap":{}},{"hash":"887f217a41593c3057dfe8bc2071ca387c0568fb","isMergeCommit":false,"messageTitle":"Fix regex","messageBody":"","fileTypesAndContributionMap":{"functional-code":{"insertions":2,"deletions":2}}},{"hash":"3d6a7d6261e623ddb2d7b75d644db16bed90d541","isMergeCommit":false,"messageTitle":"Update tests","messageBody":"","fileTypesAndContributionMap":{"test-code":{"insertions":2,"deletions":2}}},{"hash":"c2921316d34214b82ec55053a8f4cda9a793eba3","isMergeCommit":false,"messageTitle":"Revert \"Fix regex\"","messageBody":"This reverts commit 887f217a41593c3057dfe8bc2071ca387c0568fb.\n","fileTypesAndContributionMap":{"functional-code":{"insertions":2,"deletions":2},"test-code":{"insertions":2,"deletions":2}}},{"hash":"abf2048b2de9a32706fb0eb4e8b41484215196cf","isMergeCommit":false,"messageTitle":"Fix regex","messageBody":"","fileTypesAndContributionMap":{"functional-code":{"insertions":1,"deletions":1}}},{"hash":"2dcf021391741c345644f9fa2470fa34822186ee","isMergeCommit":false,"messageTitle":"Update regex","messageBody":"","fileTypesAndContributionMap":{"functional-code":{"insertions":2,"deletions":2}}},{"hash":"b2fa65c1c8ef463421778ed2a3cf66cac27cbfa7","isMergeCommit":false,"messageTitle":"Fix checkstyle","messageBody":"","fileTypesAndContributionMap":{"functional-code":{"insertions":2,"deletions":1}}},{"hash":"75cfa4d6bb432ad5f021b932b763ea734488afd9","isMergeCommit":false,"messageTitle":"Update regex","messageBody":"- update ug on usage of name\n- update message constraints\n","fileTypesAndContributionMap":{"functional-code":{"insertions":4,"deletions":2},"docs":{"insertions":3,"deletions":3}}},{"hash":"84765c16907a66ed517adf5ad0122125281be1ff","isMergeCommit":false,"messageTitle":"Update regex","messageBody":"","fileTypesAndContributionMap":{"functional-code":{"insertions":1,"deletions":1}}},{"hash":"c909c803ea5958b9068600e815a5e251706d2d89","isMergeCommit":false,"messageTitle":"Update regex","messageBody":"","fileTypesAndContributionMap":{"functional-code":{"insertions":2,"deletions":1}}},{"hash":"4a581e1959869969024d73ae724db7edf20a3b86","isMergeCommit":false,"messageTitle":"Update tests","messageBody":"","fileTypesAndContributionMap":{"functional-code":{"insertions":1,"deletions":1},"test-code":{"insertions":24,"deletions":0}}},{"hash":"ff29da055bb6d0cfc53ea2d771f07d19202446af","isMergeCommit":false,"messageTitle":"Update message constraints","messageBody":"","fileTypesAndContributionMap":{"functional-code":{"insertions":6,"deletions":5}}},{"hash":"b85c38d4d55648fd5be5dbaddb13b99c4a26c9c8","isMergeCommit":false,"messageTitle":"Update message constraints","messageBody":"","fileTypesAndContributionMap":{"functional-code":{"insertions":13,"deletions":10}}},{"hash":"096f34e3fa89dbbf169920fe36e102de8dafc87e","isMergeCommit":false,"messageTitle":"Update ug and message","messageBody":"","fileTypesAndContributionMap":{"functional-code":{"insertions":4,"deletions":3},"docs":{"insertions":1,"deletions":1}}},{"hash":"107e0b9b90b92c106eba2afbabb4ec287e452eb4","isMergeCommit":true,"messageTitle":"Merge pull request #164 from AY2425S1-CS2103T-F11-1/163-update-ug","messageBody":"Update UG to explain about roles for persons","fileTypesAndContributionMap":{}},{"hash":"3a654227f3773b886600159dae0e505fd1d3ecfb","isMergeCommit":true,"messageTitle":"Merge pull request #155 from AY2425S1-CS2103T-F11-1/152-add-support-for-so-in-name","messageBody":"Add support for parentage in name","fileTypesAndContributionMap":{}},{"hash":"776efb1a05f2dae54c52c9befb4b170426703e88","isMergeCommit":false,"messageTitle":"Update UserGuide.md","messageBody":"","fileTypesAndContributionMap":{"docs":{"insertions":1,"deletions":1}}},{"hash":"a2daeebfdb611dcbda8e6a3850e29a2cdf6ebd79","isMergeCommit":true,"messageTitle":"Merge pull request #156 from AY2425S1-CS2103T-F11-1/154-change-the-key-used-to-toggle-view","messageBody":"Change cc view toggle key","fileTypesAndContributionMap":{}},{"hash":"d7f6b842aa8959b46036a637dd8d7df315faad21","isMergeCommit":false,"messageTitle":"Update UG","messageBody":"","fileTypesAndContributionMap":{"docs":{"insertions":5,"deletions":1}}},{"hash":"1ec82636be19bba4430a5783e7f594a5da486852","isMergeCommit":true,"messageTitle":"Merge branch \u0027master\u0027 into 161-add-more-roles","messageBody":"","fileTypesAndContributionMap":{}},{"hash":"1d2dd730c9ca7ed798ccc78eb4ae70f539dfe443","isMergeCommit":false,"messageTitle":"Update roles","messageBody":"","fileTypesAndContributionMap":{"functional-code":{"insertions":3,"deletions":2},"docs":{"insertions":1,"deletions":1}}},{"hash":"2783fdb60bc04a3a51c974f0a974c96e9a198abc","isMergeCommit":true,"messageTitle":"Merge branch \u0027master\u0027 into 161-add-more-roles","messageBody":"","fileTypesAndContributionMap":{}},{"hash":"aaaa2f0d84d341ba8bcc7cb38af20f09b8ed6ac2","isMergeCommit":false,"messageTitle":"Update UserGuide.md","messageBody":"","fileTypesAndContributionMap":{"docs":{"insertions":1,"deletions":1}}},{"hash":"6caafc9294c68b6bdf2d4b64051acd6edb3d79cd","isMergeCommit":true,"messageTitle":"Merge pull request #162 from AY2425S1-CS2103T-F11-1/161-add-more-roles","messageBody":"Add more roles for users to choose","fileTypesAndContributionMap":{}}]},{"date":"2024-11-09","commitResults":[{"hash":"44923b43f5313220a609f7473aa7cdcba857f1d9","isMergeCommit":false,"messageTitle":"Update regex","messageBody":"","fileTypesAndContributionMap":{"functional-code":{"insertions":1,"deletions":1},"test-code":{"insertions":1,"deletions":0}}},{"hash":"681a4b7b9574a875bf7c804ccdf5a303e9298a61","isMergeCommit":true,"messageTitle":"Merge pull request #238 from AY2425S1-CS2103T-F11-1/183-fix-name-regex","messageBody":"Update regex","fileTypesAndContributionMap":{}}]},{"date":"2024-11-10","commitResults":[{"hash":"7c0ab97d6748cf99c4c8c62b2e3e7f0012d8b0c6","isMergeCommit":false,"messageTitle":"Fix typo","messageBody":"","fileTypesAndContributionMap":{"functional-code":{"insertions":1,"deletions":1}}}]}],"hj235":[{"date":"2024-10-03","commitResults":[{"hash":"3662727e136a6e4f8b52edc043b3fa08be20af26","isMergeCommit":false,"messageTitle":"Update AboutUs for hj235","messageBody":"","fileTypesAndContributionMap":{"docs":{"insertions":1,"deletions":1}}}]},{"date":"2024-10-10","commitResults":[{"hash":"ad4554e4d57c39ccca56807d01acb1942682116c","isMergeCommit":false,"messageTitle":"Extract Name and Address to commons","messageBody":"","fileTypesAndContributionMap":{"functional-code":{"insertions":12,"deletions":10},"other":{"insertions":2,"deletions":2},"test-code":{"insertions":16,"deletions":12}}},{"hash":"ccf2c7362ba25a21754c31df74b5baefc63cc04f","isMergeCommit":false,"messageTitle":"Fix import orders","messageBody":"","fileTypesAndContributionMap":{"functional-code":{"insertions":5,"deletions":5}}},{"hash":"7398dedcae661a7adf78fc22c1df3199dd8e33d0","isMergeCommit":false,"messageTitle":"Fix import order for tests","messageBody":"","fileTypesAndContributionMap":{"test-code":{"insertions":6,"deletions":6}}},{"hash":"c0b0bf2456aed5be0c41a2c59c84285cd4c53807","isMergeCommit":false,"messageTitle":"Extract files into commons for tests","messageBody":"","fileTypesAndContributionMap":{"functional-code":{"insertions":2,"deletions":2},"other":{"insertions":6,"deletions":4},"test-code":{"insertions":5,"deletions":5}}},{"hash":"659a59d18317ef4b3e8a217e3c1ed8b3f6cca71c","isMergeCommit":false,"messageTitle":"Fix checkstyle for tests","messageBody":"","fileTypesAndContributionMap":{"test-code":{"insertions":0,"deletions":5}}}]},{"date":"2024-10-16","commitResults":[{"hash":"95acc6e0b740fa06c6cfaf5d933f5f92b729b78a","isMergeCommit":false,"messageTitle":"Create Concert Ui classes","messageBody":"","fileTypesAndContributionMap":{"functional-code":{"insertions":141,"deletions":1}}},{"hash":"3c74a4cb4df344684afcafd8884db2fb14439ee1","isMergeCommit":false,"messageTitle":"Contain PersonList in HBox","messageBody":"","fileTypesAndContributionMap":{"functional-code":{"insertions":22,"deletions":7}}},{"hash":"5283be6e64e05c923d119b61ec65798761d90e8c","isMergeCommit":false,"messageTitle":"Fixed MainWindow.fxml","messageBody":"","fileTypesAndContributionMap":{"functional-code":{"insertions":14,"deletions":16}}},{"hash":"b8828eb8031b7647fc1c4cde6893ef80c8cbe855","isMergeCommit":false,"messageTitle":"add dynamic resizing for Hbox","messageBody":"","fileTypesAndContributionMap":{"functional-code":{"insertions":1,"deletions":1}}},{"hash":"db139b347747ea559fa637ed9287949f88570597","isMergeCommit":true,"messageTitle":"Merge branch \u0027master\u0027 into concert-Ui","messageBody":"","fileTypesAndContributionMap":{}},{"hash":"01c0979e9aea1b795a56bbb97e7e441518d73a60","isMergeCommit":false,"messageTitle":"Get filtered Concerts","messageBody":"","fileTypesAndContributionMap":{"functional-code":{"insertions":12,"deletions":2}}},{"hash":"bb1db59cc40b53ae4c225081a669bd7968317dc0","isMergeCommit":false,"messageTitle":"Fix bug","messageBody":"","fileTypesAndContributionMap":{"functional-code":{"insertions":4,"deletions":4}}},{"hash":"8a76767fb2f6e65dd5ad1df1c320bd1132a8f460","isMergeCommit":false,"messageTitle":"Add test for getFilteredConcertList","messageBody":"","fileTypesAndContributionMap":{"functional-code":{"insertions":0,"deletions":1},"test-code":{"insertions":5,"deletions":0}}},{"hash":"a42d0b94cd3dfed19a87516be7fb719402e0928b","isMergeCommit":true,"messageTitle":"Merge branch \u0027master\u0027 into concert-Ui","messageBody":"","fileTypesAndContributionMap":{}}]},{"date":"2024-10-17","commitResults":[{"hash":"8fa6bc4ebba1100c4446fb76043e45164ad66c9f","isMergeCommit":false,"messageTitle":"Add command to delete concert contacts","messageBody":"","fileTypesAndContributionMap":{"functional-code":{"insertions":130,"deletions":1},"test-code":{"insertions":215,"deletions":0}}},{"hash":"cb569f42d3efa177daa30395d902d07d6c188bcb","isMergeCommit":false,"messageTitle":"Update test for AddressBookParser","messageBody":"","fileTypesAndContributionMap":{"test-code":{"insertions":12,"deletions":3}}},{"hash":"61f7265f38e886c419e95b33122e820c39af567d","isMergeCommit":true,"messageTitle":"Merge branch \u0027AY2425S1-CS2103T-F11-1:master\u0027 into master","messageBody":"","fileTypesAndContributionMap":{}},{"hash":"768fa71edff272ed3ab24427e90df61505eb8541","isMergeCommit":true,"messageTitle":"Merge branch \u0027master\u0027 into delete-concert-contact","messageBody":"","fileTypesAndContributionMap":{}},{"hash":"bb937136a35c56592ecc26eefd8c456143988734","isMergeCommit":true,"messageTitle":"Merge pull request #74 from wes-w-z-h/68-delete-concert-command","messageBody":"Delete concert command","fileTypesAndContributionMap":{}},{"hash":"285aedef27a8bb1f6035b0d753902227d4d7d51a","isMergeCommit":false,"messageTitle":"Bug fixes","messageBody":"","fileTypesAndContributionMap":{"functional-code":{"insertions":4,"deletions":4},"test-code":{"insertions":53,"deletions":37}}},{"hash":"6deb1693010be063de7c6c7d3ad5326404720268","isMergeCommit":true,"messageTitle":"Merge branch \u0027AY2425S1-CS2103T-F11-1:master\u0027 into master","messageBody":"","fileTypesAndContributionMap":{}},{"hash":"c2ea609875ed49d351ca1eb03c7df9936c366c66","isMergeCommit":true,"messageTitle":"Merge branch \u0027master\u0027 into delete-concert-contact","messageBody":"","fileTypesAndContributionMap":{}},{"hash":"daa22f8530d88c81999c573a67e57b36f96ecab6","isMergeCommit":false,"messageTitle":"Checkstyle fixes","messageBody":"","fileTypesAndContributionMap":{"functional-code":{"insertions":8,"deletions":5},"test-code":{"insertions":3,"deletions":4}}},{"hash":"452f17487f64bbf7e71ea2764de5fe9db3f2e542","isMergeCommit":false,"messageTitle":"Remove valid tests for now","messageBody":"","fileTypesAndContributionMap":{"test-code":{"insertions":0,"deletions":42}}},{"hash":"366b0a33ca0f00f517d2c52bdb40e0f184f6b1c4","isMergeCommit":false,"messageTitle":"Fix typos in comments","messageBody":"","fileTypesAndContributionMap":{"functional-code":{"insertions":3,"deletions":3}}},{"hash":"1111e12d920fe58871df1e26e04a679e912efa3b","isMergeCommit":true,"messageTitle":"Merge branch \u0027AY2425S1-CS2103T-F11-1:master\u0027 into master","messageBody":"","fileTypesAndContributionMap":{}},{"hash":"dc1b3a3acda2ae406963a5d1d2d1ccb726744fbe","isMergeCommit":true,"messageTitle":"Merge branch \u0027AY2425S1-CS2103T-F11-1:master\u0027 into delete-concert-contact","messageBody":"","fileTypesAndContributionMap":{}},{"hash":"13fbcd0bea62fd8dcdc437b9a6eefe7a3a67cf90","isMergeCommit":true,"messageTitle":"Merge branch \u0027AY2425S1-CS2103T-F11-1:master\u0027 into master","messageBody":"","fileTypesAndContributionMap":{}},{"hash":"65b06362dab8dd766f25d348f8a3ed1676758278","isMergeCommit":true,"messageTitle":"Merge branch \u0027AY2425S1-CS2103T-F11-1:master\u0027 into delete-concert-contact","messageBody":"","fileTypesAndContributionMap":{}},{"hash":"d71ff9bd4a97c5077ab6fe8332affac7698f7657","isMergeCommit":true,"messageTitle":"Merge branch \u0027master\u0027 into delete-concert-contact","messageBody":"","fileTypesAndContributionMap":{}},{"hash":"84533c372d5d03e6df57cba9ef6fe4975a28ea82","isMergeCommit":true,"messageTitle":"Merge branch \u0027AY2425S1-CS2103T-F11-1:master\u0027 into master","messageBody":"","fileTypesAndContributionMap":{}},{"hash":"1509ebafc38b1a125a3bfd83d2313a5b06a81334","isMergeCommit":true,"messageTitle":"Merge branch \u0027master\u0027 into delete-concert-contact","messageBody":"","fileTypesAndContributionMap":{}},{"hash":"b854cbdb284503272024f56de52ef3fa96b5e4e9","isMergeCommit":true,"messageTitle":"Merge branch \u0027AY2425S1-CS2103T-F11-1:master\u0027 into master","messageBody":"","fileTypesAndContributionMap":{}},{"hash":"58c033ed6e7e4797411610deab9e9d20ca269782","isMergeCommit":true,"messageTitle":"Merge branch \u0027master\u0027 into delete-concert-contact","messageBody":"","fileTypesAndContributionMap":{}},{"hash":"e32cd6024c9e877ecd5cb9a77a08e184a6efbdd4","isMergeCommit":false,"messageTitle":"Change name of import","messageBody":"","fileTypesAndContributionMap":{"test-code":{"insertions":1,"deletions":1}}},{"hash":"2cf2312022c3b6cd124880ad0fe7b64e3a9bb244","isMergeCommit":false,"messageTitle":"Fix checkstyle","messageBody":"","fileTypesAndContributionMap":{"test-code":{"insertions":1,"deletions":1}}},{"hash":"56f826105571ddfdfd8b1aa26c9688eb414b6767","isMergeCommit":false,"messageTitle":"Fix bugs","messageBody":"","fileTypesAndContributionMap":{"functional-code":{"insertions":45,"deletions":0}}},{"hash":"02209d9e7f85b2b4d23c5a1dbd02d8438537816e","isMergeCommit":false,"messageTitle":"Fix styles","messageBody":"","fileTypesAndContributionMap":{"functional-code":{"insertions":1,"deletions":3}}},{"hash":"12448f9e71e28706c3c170ad6b5cb1dd12169c24","isMergeCommit":false,"messageTitle":"Fix ModelStub","messageBody":"","fileTypesAndContributionMap":{"test-code":{"insertions":5,"deletions":0}}},{"hash":"53ea08bba248e6e406f8ac1aee790578a7438493","isMergeCommit":true,"messageTitle":"Merge pull request #93 from hj235/delete-concert-contact","messageBody":"Handle non-existent concert contacts","fileTypesAndContributionMap":{}},{"hash":"453709bf6687e6706f19514eb806c5900cadca9e","isMergeCommit":false,"messageTitle":"Fix invalid command format message","messageBody":"","fileTypesAndContributionMap":{"functional-code":{"insertions":2,"deletions":2}}},{"hash":"0f26b778d399c619672682196787f8af971f7126","isMergeCommit":true,"messageTitle":"Merge branch \u0027delete-concert-contact\u0027 of https://github.com/hj235/tp into delete-concert-contact","messageBody":"","fileTypesAndContributionMap":{}},{"hash":"b279b1a8cc3cae8368e1e72f5cc5ab85549af5fe","isMergeCommit":false,"messageTitle":"Add whitespace","messageBody":"","fileTypesAndContributionMap":{"functional-code":{"insertions":1,"deletions":1}}}]},{"date":"2024-10-21","commitResults":[{"hash":"fd9f7afdbdf9a8b8c283de4acd34bf9e8a957ea6","isMergeCommit":false,"messageTitle":"Initial attempt","messageBody":"","fileTypesAndContributionMap":{"functional-code":{"insertions":85,"deletions":17}}}]},{"date":"2024-10-22","commitResults":[{"hash":"1cdb402e724d7b99d192815ec8a20d866224f405","isMergeCommit":false,"messageTitle":"Add Concert Contact View","messageBody":"","fileTypesAndContributionMap":{"functional-code":{"insertions":203,"deletions":78}}},{"hash":"e3eec147d13630efa3d3b2be761f866bfc25df29","isMergeCommit":false,"messageTitle":"Fix code style","messageBody":"","fileTypesAndContributionMap":{"functional-code":{"insertions":2,"deletions":3}}},{"hash":"b06cbe785c9ffc64f466ac08b5b78ed0d72c9eab","isMergeCommit":false,"messageTitle":"Fix java header comments","messageBody":"","fileTypesAndContributionMap":{"functional-code":{"insertions":3,"deletions":3}}},{"hash":"4ce9b71567693814ead434db8b58aad79c07497d","isMergeCommit":false,"messageTitle":"Bug fix","messageBody":"","fileTypesAndContributionMap":{"functional-code":{"insertions":2,"deletions":2}}},{"hash":"8abd6d2b467eb7e896009f102690d9955217c2a5","isMergeCommit":false,"messageTitle":"Remove comment","messageBody":"","fileTypesAndContributionMap":{"functional-code":{"insertions":1,"deletions":2}}},{"hash":"762e94397ba0553f54a1749ea9cb70791e5f34ad","isMergeCommit":false,"messageTitle":"Implement ListConcertContactCommand functionality","messageBody":"","fileTypesAndContributionMap":{"functional-code":{"insertions":65,"deletions":6},"test-code":{"insertions":7,"deletions":7}}}]},{"date":"2024-10-23","commitResults":[{"hash":"7a77789b8253d97f89017e58414f01754e1de63e","isMergeCommit":false,"messageTitle":"Add tests","messageBody":"","fileTypesAndContributionMap":{"functional-code":{"insertions":6,"deletions":5},"test-code":{"insertions":87,"deletions":6}}},{"hash":"bee52adde8bb3fb6d0cb8ea56fe3fc36ea42977d","isMergeCommit":false,"messageTitle":"Fix formatting for unrelated files","messageBody":"","fileTypesAndContributionMap":{"functional-code":{"insertions":15,"deletions":15}}},{"hash":"bc9b717ff399028d1d7510fa97522fddedf79619","isMergeCommit":true,"messageTitle":"Merge pull request #116 from AY2425S1-CS2103T-F11-1/100-add-command-to-view-concertcontacts","messageBody":"Add command to view ConcertContacts","fileTypesAndContributionMap":{}}]},{"date":"2024-10-24","commitResults":[{"hash":"bd845a17fd3eebf6fb59dff77533ec3bccbaebe6","isMergeCommit":true,"messageTitle":"Merge branch \u0027master\u0027 into 121-update-deletecc","messageBody":"","fileTypesAndContributionMap":{}},{"hash":"5cc066130c5987585958f93395fabc7927a32212","isMergeCommit":false,"messageTitle":"Add Tests","messageBody":"","fileTypesAndContributionMap":{"functional-code":{"insertions":7,"deletions":3},"test-code":{"insertions":61,"deletions":15}}},{"hash":"1a6cbd7a21e925624f9b477c38e56b064b672d3e","isMergeCommit":false,"messageTitle":"Update ModelManagerTest","messageBody":"","fileTypesAndContributionMap":{"test-code":{"insertions":25,"deletions":8}}},{"hash":"6415be038fa7a9d34d5e9928f730cb2a4dbe714a","isMergeCommit":true,"messageTitle":"Merge pull request #124 from AY2425S1-CS2103T-F11-1/121-update-deletecc","messageBody":"Update deletecc command","fileTypesAndContributionMap":{}},{"hash":"044494cd157acf02dc539445cc4e2711741d85fe","isMergeCommit":false,"messageTitle":"Update diagram names","messageBody":"","fileTypesAndContributionMap":{"docs":{"insertions":11,"deletions":3}}}]},{"date":"2024-10-30","commitResults":[{"hash":"8a6ea1a4a0e8b32a92fc844ccd8e8234113723af","isMergeCommit":false,"messageTitle":"Change CC card to show more details","messageBody":"","fileTypesAndContributionMap":{"functional-code":{"insertions":75,"deletions":4}}},{"hash":"bbe271a709872a00536b1880f90fe0df00ffd0b4","isMergeCommit":false,"messageTitle":"Fix bug","messageBody":"","fileTypesAndContributionMap":{"functional-code":{"insertions":18,"deletions":10}}},{"hash":"fd99b8d9b71ef5145f848d3120c030d77c5debb9","isMergeCommit":false,"messageTitle":"Add description to CC","messageBody":"","fileTypesAndContributionMap":{"functional-code":{"insertions":5,"deletions":0}}},{"hash":"ffeecae1f2c9ddbdac0f867143ad8886a676fc92","isMergeCommit":false,"messageTitle":"Fix checkstyle","messageBody":"","fileTypesAndContributionMap":{"functional-code":{"insertions":1,"deletions":0}}}]},{"date":"2024-11-04","commitResults":[{"hash":"b4b91f84afc27f0f08ca8dca4894ba7233ebc21f","isMergeCommit":false,"messageTitle":"Remove CC card description","messageBody":"","fileTypesAndContributionMap":{"functional-code":{"insertions":0,"deletions":4}}}]},{"date":"2024-11-05","commitResults":[{"hash":"1f62bd048bab4f63e66320b22cc3f624086e680a","isMergeCommit":false,"messageTitle":"Update SampleDataUtil","messageBody":"","fileTypesAndContributionMap":{"functional-code":{"insertions":88,"deletions":18}}},{"hash":"27645f901afaeb1535aecddbadb4051df9f18493","isMergeCommit":false,"messageTitle":"Fix code style","messageBody":"","fileTypesAndContributionMap":{"functional-code":{"insertions":12,"deletions":12}}}]},{"date":"2024-11-06","commitResults":[{"hash":"25fbbdcb6a59d3e020b170bc5e683315989f9e7d","isMergeCommit":false,"messageTitle":"Changed app title and icon","messageBody":"","fileTypesAndContributionMap":{"functional-code":{"insertions":3,"deletions":3},"test-code":{"insertions":1,"deletions":1}}},{"hash":"56c0f204ff116834d0af1d90dbf309cd03b49c70","isMergeCommit":true,"messageTitle":"Merge pull request #142 from AY2425S1-CS2103T-F11-1/139-fix-user-guide-errors","messageBody":"Edit User Guide Typo errors and formatting","fileTypesAndContributionMap":{}},{"hash":"afd67b9579c70a7351a963c78a4771460c10f73a","isMergeCommit":true,"messageTitle":"Merge branch \u0027master\u0027 into 131-include-concerts-and-concertcontacts-in-sampledatautil","messageBody":"","fileTypesAndContributionMap":{}},{"hash":"fc4571f369aed6588f12c146c27cbb980a968295","isMergeCommit":false,"messageTitle":"Edit coding style","messageBody":"","fileTypesAndContributionMap":{"functional-code":{"insertions":2,"deletions":2}}}]},{"date":"2024-11-07","commitResults":[{"hash":"1ec6efabbba2a3a36a33b499a4d434515ddb7c61","isMergeCommit":false,"messageTitle":"Changed truncation to wrap lines","messageBody":"","fileTypesAndContributionMap":{"functional-code":{"insertions":307,"deletions":32}}},{"hash":"54e61598a96ccb749f164ad0806c196f3ce918f4","isMergeCommit":false,"messageTitle":"Fix coding style in main","messageBody":"","fileTypesAndContributionMap":{"functional-code":{"insertions":1,"deletions":1}}},{"hash":"b6f527f6581e0be61f5fe89a40fd93f19a824e50","isMergeCommit":false,"messageTitle":"Change tag color","messageBody":"","fileTypesAndContributionMap":{"functional-code":{"insertions":1,"deletions":1}}},{"hash":"0b5d552b6c2df9e5e375c2a685b2d69a810ef3a0","isMergeCommit":false,"messageTitle":"Keep the alternating colors","messageBody":"","fileTypesAndContributionMap":{"functional-code":{"insertions":1,"deletions":2}}},{"hash":"5c9feaae4f3c02848d0c3c17cb6569cf9a562caf","isMergeCommit":false,"messageTitle":"Change css file","messageBody":"","fileTypesAndContributionMap":{"functional-code":{"insertions":8,"deletions":9}}},{"hash":"c312bae028ae6c1a22fbc7b70c3988be06156cb0","isMergeCommit":false,"messageTitle":"Fix bug for findcc listcc","messageBody":"","fileTypesAndContributionMap":{"functional-code":{"insertions":6,"deletions":6}}},{"hash":"5c74c597d5e693d7b9599b13f9444a7d32a20b9f","isMergeCommit":true,"messageTitle":"Merge pull request #151 from AY2425S1-CS2103T-F11-1/143-fix-truncation-of-fields-in-cards","messageBody":"Fix truncation of fields in cards","fileTypesAndContributionMap":{}},{"hash":"f32fa50692f5a2fb82c5d286330cc52c0940f751","isMergeCommit":false,"messageTitle":"Change cc view toggle key","messageBody":"","fileTypesAndContributionMap":{"functional-code":{"insertions":1,"deletions":1},"docs":{"insertions":2,"deletions":2}}},{"hash":"baceac7558779d0487c0b70187d46ce97c06a3c0","isMergeCommit":false,"messageTitle":"Fix scrollbar for ResultDisplay","messageBody":"","fileTypesAndContributionMap":{"functional-code":{"insertions":1,"deletions":1}}},{"hash":"06ddb9843b8e6e324f401ec0d1346d665c2aabeb","isMergeCommit":false,"messageTitle":"Change focus for F2 key accelerator","messageBody":"","fileTypesAndContributionMap":{"functional-code":{"insertions":7,"deletions":1}}},{"hash":"de16ad81ac24dfc6eaa34b98436878d7d08575b0","isMergeCommit":false,"messageTitle":"Change setAccelerator in MainWindow","messageBody":"","fileTypesAndContributionMap":{"functional-code":{"insertions":2,"deletions":9},"docs":{"insertions":0,"deletions":1}}},{"hash":"dd5b139fa3ddd5a96fea639a0fcb75397dca5ccc","isMergeCommit":false,"messageTitle":"Separate css for vertical and horizontal scroll bars","messageBody":"","fileTypesAndContributionMap":{"functional-code":{"insertions":8,"deletions":1}}},{"hash":"6d6500ab8aee14f5b00ce7257e329fd5e1be6fbc","isMergeCommit":true,"messageTitle":"Merge branch \u0027master\u0027 into improve-ui","messageBody":"","fileTypesAndContributionMap":{}},{"hash":"2025fd1a098ecff5e36ad02bd62a58258c83f5fc","isMergeCommit":false,"messageTitle":"Change border radius of list cells","messageBody":"","fileTypesAndContributionMap":{"functional-code":{"insertions":1,"deletions":1}}},{"hash":"5680384f27d8ed94f15398f9f5ed4f05b041deab","isMergeCommit":false,"messageTitle":"Wrap text for ResultDisplay","messageBody":"","fileTypesAndContributionMap":{"functional-code":{"insertions":1,"deletions":1}}},{"hash":"9b2581e79f57d037c69cf3da68205595b7f5e3d7","isMergeCommit":false,"messageTitle":"Change command usage message for editc","messageBody":"","fileTypesAndContributionMap":{"functional-code":{"insertions":1,"deletions":1}}},{"hash":"d1f0a0daf99f35103991dfea3d4f059828c1376b","isMergeCommit":true,"messageTitle":"Merge branch \u0027master\u0027 into improve-ui","messageBody":"","fileTypesAndContributionMap":{}},{"hash":"cab42ff79dc3cf2ca2a683e81b11da3cad23aab6","isMergeCommit":false,"messageTitle":"Remove trailing whitespace","messageBody":"","fileTypesAndContributionMap":{"functional-code":{"insertions":1,"deletions":1}}},{"hash":"9ba2c197cb3e947f58f7c8f4851268e753f8822b","isMergeCommit":true,"messageTitle":"Merge branch \u0027master\u0027 into improve-ui","messageBody":"","fileTypesAndContributionMap":{}},{"hash":"8ec2484e12dcc85697d2fb2ae53036f147a2b7de","isMergeCommit":false,"messageTitle":"Add titles for card fields","messageBody":"","fileTypesAndContributionMap":{"functional-code":{"insertions":108,"deletions":49}}},{"hash":"8af2caeee5b9d803bc8ce08478b127604d2e1694","isMergeCommit":false,"messageTitle":"Change appearance for concert contact card","messageBody":"","fileTypesAndContributionMap":{"functional-code":{"insertions":75,"deletions":14}}},{"hash":"0c153b3365620dd898776f13d6a83d9c3539d54e","isMergeCommit":false,"messageTitle":"Change HelpWindow css","messageBody":"","fileTypesAndContributionMap":{"functional-code":{"insertions":10,"deletions":359}}},{"hash":"f614e1bc3ab9bb28113cd3e42127caddc38d36e7","isMergeCommit":false,"messageTitle":"Optimize import","messageBody":"","fileTypesAndContributionMap":{"functional-code":{"insertions":1,"deletions":0}}},{"hash":"83beb05252e389ee581096a9604f28ae3a3a5009","isMergeCommit":true,"messageTitle":"Merge pull request #145 from AY2425S1-CS2103T-F11-1/improve-ui","messageBody":"Change Ui Theme","fileTypesAndContributionMap":{}},{"hash":"6aea36aa98cb915cb6386698d6efa3bde46564db","isMergeCommit":false,"messageTitle":"Update documentation","messageBody":"","fileTypesAndContributionMap":{"docs":{"insertions":90,"deletions":55}}},{"hash":"c60844483773ef27b4051e4a0f6dccb2a191c4e3","isMergeCommit":true,"messageTitle":"Merge pull request #167 from AY2425S1-CS2103T-F11-1/update-ug-screenshots","messageBody":"Update documentation","tags":["v1.5"],"fileTypesAndContributionMap":{}}]}],"karthickkc":[{"date":"2024-10-03","commitResults":[{"hash":"7bbd93d887bf559bf256aa77c047b51a450b9fe2","isMergeCommit":false,"messageTitle":"Add profile image","messageBody":"","fileTypesAndContributionMap":{"docs":{"insertions":1,"deletions":1}}},{"hash":"4d47a608605975ddc0d3237828a7d5bc858195ef","isMergeCommit":false,"messageTitle":"Edit filename","messageBody":"","fileTypesAndContributionMap":{"docs":{"insertions":1,"deletions":1}}},{"hash":"0536710de822a2423daaf2932fd60325cf2352e9","isMergeCommit":true,"messageTitle":"Merge pull request #23 from hj235/branch-addPhoto-hj235","messageBody":"Add Hong Jing\u0027s photo to About Us page","fileTypesAndContributionMap":{}}]},{"date":"2024-10-10","commitResults":[{"hash":"05421186b8ac410bcd0cd69adc1930fb9711bed7","isMergeCommit":false,"messageTitle":"Assign roles","messageBody":"Added functionality to assign roles for each contact\n","fileTypesAndContributionMap":{"functional-code":{"insertions":145,"deletions":14},"test-code":{"insertions":30,"deletions":11}}}]},{"date":"2024-10-11","commitResults":[{"hash":"80fa2ed8bc554c0650e017179ad0cf7483a3a9cf","isMergeCommit":false,"messageTitle":"Edit Tests","messageBody":"Added javadocs and edited tests\n","fileTypesAndContributionMap":{"functional-code":{"insertions":12,"deletions":1},"test-code":{"insertions":38,"deletions":21}}},{"hash":"84814b7437df83f482f762e811b1c01327cf58ba","isMergeCommit":false,"messageTitle":"Fix dead code","messageBody":"","fileTypesAndContributionMap":{"test-code":{"insertions":0,"deletions":1}}},{"hash":"ee3a73e02d3db8f21d34d1e8b00bd111c1bd2ff5","isMergeCommit":true,"messageTitle":"Merge pull request #53 from karthickkc/assign-role","messageBody":"Assign roles","fileTypesAndContributionMap":{}}]},{"date":"2024-10-12","commitResults":[{"hash":"04d6277c3bb6f2cf081c9a1df4cc5fc60d469e68","isMergeCommit":true,"messageTitle":"Merge pull request #56 from SKarthikeyan28/55-comment-the-role","messageBody":"55 comment-the-role","fileTypesAndContributionMap":{}}]},{"date":"2024-10-16","commitResults":[{"hash":"b6eea248e63f518d925313ac74200fc65a8acf9e","isMergeCommit":false,"messageTitle":"Add edit functionality for role","messageBody":"","fileTypesAndContributionMap":{"functional-code":{"insertions":8,"deletions":5},"test-code":{"insertions":26,"deletions":4}}},{"hash":"c6babfaa8f9941680ac6992bc4ea548ad02522aa","isMergeCommit":false,"messageTitle":"Add link command","messageBody":"Links a Person to a Concert\n","fileTypesAndContributionMap":{"functional-code":{"insertions":140,"deletions":0},"test-code":{"insertions":122,"deletions":0}}},{"hash":"0c33b9e17a5870c8941b4421f3315a0b92279b84","isMergeCommit":false,"messageTitle":"Add tests","messageBody":"Added test for AddressBookParser\n","fileTypesAndContributionMap":{"test-code":{"insertions":10,"deletions":0}}},{"hash":"42cc6ed5fb158b70e598ad88a310377c7bbe3c88","isMergeCommit":true,"messageTitle":"Merge branch \u0027master\u0027 into add-link-command","messageBody":"","fileTypesAndContributionMap":{}},{"hash":"6c00ce1d2cefe5dc6c33b2c4b99f81b3a8395f68","isMergeCommit":false,"messageTitle":"Add tests for LinkCommand","messageBody":"","fileTypesAndContributionMap":{"test-code":{"insertions":43,"deletions":18}}},{"hash":"c30e977c70fd66a534dd28ac118a5a9f6c258471","isMergeCommit":false,"messageTitle":"Add more tests","messageBody":"Added test to test equals \u0026\ntoString methods\n","fileTypesAndContributionMap":{"other":{"insertions":1,"deletions":1},"test-code":{"insertions":38,"deletions":1}}}]},{"date":"2024-10-17","commitResults":[{"hash":"3303031c182bf4736ad7ad2cc769a5ba16674023","isMergeCommit":false,"messageTitle":"Bug fix","messageBody":"","fileTypesAndContributionMap":{"functional-code":{"insertions":1,"deletions":2}}},{"hash":"c2c14cef8a8c1c934dcd6bcefa5c143e1ca156e9","isMergeCommit":false,"messageTitle":"Fix Bug","messageBody":"Bug fix for repeated prefix\n","fileTypesAndContributionMap":{"functional-code":{"insertions":5,"deletions":0},"test-code":{"insertions":12,"deletions":0}}},{"hash":"56002dff98140d737bf09391244bea07f2e670a4","isMergeCommit":false,"messageTitle":"Remove dead code","messageBody":"","fileTypesAndContributionMap":{"functional-code":{"insertions":2,"deletions":6},"test-code":{"insertions":0,"deletions":2}}},{"hash":"aa45b7f613c082dc65f4a53fe211c0321a30246a","isMergeCommit":false,"messageTitle":"Add and Delete ConcertContact","messageBody":"","fileTypesAndContributionMap":{"functional-code":{"insertions":10,"deletions":1}}},{"hash":"d1e0f391f8205594a8b51b71fe460489964f9281","isMergeCommit":true,"messageTitle":"Merge branch \u0027master\u0027 of https://github.com/karthickkc/tp","messageBody":"","fileTypesAndContributionMap":{}},{"hash":"9c11ce0a9e2cabc0f20e91cc0cda60c34b12777b","isMergeCommit":false,"messageTitle":"Move commit","messageBody":"","fileTypesAndContributionMap":{"functional-code":{"insertions":1,"deletions":10}}},{"hash":"602dc953178e8666a43fc0108bf511da6d0ec6f7","isMergeCommit":false,"messageTitle":"Delete person from concertcontactlist","messageBody":"","fileTypesAndContributionMap":{"functional-code":{"insertions":10,"deletions":1},"test-code":{"insertions":17,"deletions":0}}},{"hash":"a22eb35183cccd2cbb3634b259f43c16d7894443","isMergeCommit":false,"messageTitle":"Rename LinkCommand","messageBody":"","fileTypesAndContributionMap":{"functional-code":{"insertions":3,"deletions":3},"other":{"insertions":46,"deletions":39},"test-code":{"insertions":4,"deletions":3}}}]},{"date":"2024-10-22","commitResults":[{"hash":"f3540139c2386a5236bed5e0e838a64e72c8ae0f","isMergeCommit":false,"messageTitle":"Update puml code","messageBody":"","fileTypesAndContributionMap":{"docs":{"insertions":44,"deletions":11}}}]},{"date":"2024-10-23","commitResults":[{"hash":"bd6ed987c54f4c771b5735cd0c89238ab972d333","isMergeCommit":true,"messageTitle":"Merge branch \u0027master\u0027 into 104-update-developer-guide","messageBody":"","fileTypesAndContributionMap":{}},{"hash":"d7436b170ade3b7d1b41b3406fdc87732e8eb0e8","isMergeCommit":false,"messageTitle":"Update UML Diagrams","messageBody":"Update Diagrams\nUpdate UserGuide\n","fileTypesAndContributionMap":{"docs":{"insertions":122,"deletions":59}}}]},{"date":"2024-10-24","commitResults":[{"hash":"e10633b69b8ddb80cf54ed70eb69198608dcaa0e","isMergeCommit":false,"messageTitle":"Edit DG and UG","messageBody":"","fileTypesAndContributionMap":{"docs":{"insertions":73,"deletions":60}}},{"hash":"609419bc68dcbf36cc5ca1f92b1fb270b07a9772","isMergeCommit":false,"messageTitle":"Fix typo","messageBody":"","fileTypesAndContributionMap":{"docs":{"insertions":1,"deletions":1}}}]},{"date":"2024-11-06","commitResults":[{"hash":"39386d5c22cec47cee7bc7bcdbf63040ae34075d","isMergeCommit":false,"messageTitle":"Change Ui Theme","messageBody":"","fileTypesAndContributionMap":{"functional-code":{"insertions":262,"deletions":1}}}]},{"date":"2024-11-07","commitResults":[{"hash":"107b7a65a960b95d6db81cdf22be03fae7290e17","isMergeCommit":true,"messageTitle":"Merge branch \u0027master\u0027 into improve-ui","messageBody":"","fileTypesAndContributionMap":{}},{"hash":"d80fe899427d211f3b79841da3c3d9aaa115411c","isMergeCommit":true,"messageTitle":"Merge branch \u0027improve-ui\u0027 of github.com:AY2425S1-CS2103T-F11-1/tp into improve-ui","messageBody":"","fileTypesAndContributionMap":{}}]}]},"authorFileTypeContributionMap":{"SKarthikeyan28":{"docs":17,"functional-code":136,"test-code":138},"bbbbcccd":{"docs":233,"functional-code":993,"test-code":1151,"other":5},"wes-w-z-h":{"docs":207,"functional-code":1300,"test-code":2470},"hj235":{"docs":68,"functional-code":1196,"test-code":268},"karthickkc":{"docs":190,"functional-code":532,"test-code":283}},"authorContributionVariance":{"SKarthikeyan28":1093.1555,"bbbbcccd":42346.89,"wes-w-z-h":73766.44,"hj235":35467.81,"karthickkc":6355.4243},"authorDisplayNameMap":{"SKarthikeyan28":"CS2103T-F11-1 SUBR..EYAN","bbbbcccd":"CS2103T-F11-1 ZACH..YUAN","wes-w-z-h":"CS2103T-F11-1 WONG..SLEY","hj235":"CS2103T-F11-1 NG H..JING","karthickkc":"CS2103T-F11-1 KART..ARAM"}}
