{"authorDailyContributionsMap":{"jiaxinnns":[{"date":"2024-10-02","commitResults":[{"hash":"bb25ecda445712ff5b541ba909299affc211c705","isMergeCommit":false,"messageTitle":"Add Jia Xin\u0027s info to AboutUs page","messageBody":"","fileTypesAndContributionMap":{"docs":{"insertions":5,"deletions":5}}},{"hash":"0b7c365fc0a0628de47caf2a0a779ddf01428ee6","isMergeCommit":true,"messageTitle":"Merge pull request #27 from harithh07/Update-AboutUs-page","messageBody":"Update Harith\u0027s info in AboutUs page","fileTypesAndContributionMap":{}}]},{"date":"2024-10-05","commitResults":[{"hash":"77e71a304783c855da4f89a183288fdde007c8d9","isMergeCommit":false,"messageTitle":"Update link of build status","messageBody":"","fileTypesAndContributionMap":{"docs":{"insertions":2,"deletions":3}}},{"hash":"474544b864a21d71bb607bccaca845aa8f01a0ab","isMergeCommit":false,"messageTitle":"Update README page to match project","messageBody":"","fileTypesAndContributionMap":{"docs":{"insertions":3,"deletions":9}}},{"hash":"d0a9eaa45f20cc5ca3677673a9f232378c097c5d","isMergeCommit":false,"messageTitle":"Update site-wide settings","messageBody":"","fileTypesAndContributionMap":{"other":{"insertions":2,"deletions":2}}},{"hash":"aba042c34e1db423a83ff9686ca837932a0d0e35","isMergeCommit":false,"messageTitle":"Fix checkstyle issues","messageBody":"","fileTypesAndContributionMap":{"docs":{"insertions":2,"deletions":2}}},{"hash":"393228eaeb8eee59aa031c10bad77bf505938516","isMergeCommit":false,"messageTitle":"Update user stories","messageBody":"","fileTypesAndContributionMap":{"docs":{"insertions":16,"deletions":10}}}]},{"date":"2024-10-06","commitResults":[{"hash":"44570513b6b2c186881a831f1a481235ebcc5182","isMergeCommit":true,"messageTitle":"Merge pull request #44 from harithh07/Add-NFRs","messageBody":"Add NFRs to DG","fileTypesAndContributionMap":{}}]},{"date":"2024-10-09","commitResults":[{"hash":"adcb9442d0b0d3b65f5ac02aae54de11e40e45bf","isMergeCommit":false,"messageTitle":"Add parser support for newtag command","messageBody":"","fileTypesAndContributionMap":{"functional-code":{"insertions":112,"deletions":2}}},{"hash":"7f9cf55f302adf22554b5c5bddbc6c3797fe0f14","isMergeCommit":false,"messageTitle":"Fix checkstyle violations","messageBody":"","fileTypesAndContributionMap":{"functional-code":{"insertions":6,"deletions":2}}}]}],"zeonchew0324":[{"date":"2024-10-02","commitResults":[{"hash":"5f17829ca0d1e32c51ffda1ae705fca814e3a98a","isMergeCommit":false,"messageTitle":"Update my info into About Us","messageBody":"","fileTypesAndContributionMap":{"docs":{"insertions":4,"deletions":3}}},{"hash":"f756b8689feb188cc064b8ec251202d9bf214a5b","isMergeCommit":true,"messageTitle":"Merge pull request #31 from SherChew27/update_aboutus","messageBody":"Update Sherman\u0027s info for AboutUs Page","fileTypesAndContributionMap":{}}]},{"date":"2024-10-03","commitResults":[{"hash":"d8a787d2911dbb421c94269312b177f9a8f52b70","isMergeCommit":true,"messageTitle":"Merge pull request #33 from kvernnn/update-aboutus","messageBody":"Update AboutUs","fileTypesAndContributionMap":{}}]},{"date":"2024-10-05","commitResults":[{"hash":"030627309fc575abf6c7d1d134b8d2668e9f1168","isMergeCommit":false,"messageTitle":"Update four use cases into DG","messageBody":"","fileTypesAndContributionMap":{"docs":{"insertions":70,"deletions":11}}},{"hash":"418c8609db6b666a68d712af057b1bb044ab5611","isMergeCommit":true,"messageTitle":"Merge pull request #42 from kvernnn/update-glossary","messageBody":"Update glossary","fileTypesAndContributionMap":{}},{"hash":"bace84da1ad569c9a16481af63dea0a23c8e3b30","isMergeCommit":false,"messageTitle":"Fix spacing issues","messageBody":"","fileTypesAndContributionMap":{"docs":{"insertions":2,"deletions":3}}}]}],"kvernnn":[{"date":"2024-10-03","commitResults":[{"hash":"31eab84077471e26f5be69dfd57874d0d2a954f0","isMergeCommit":false,"messageTitle":"Update AboutUs","messageBody":"","fileTypesAndContributionMap":{"docs":{"insertions":3,"deletions":3}}},{"hash":"dabb89f9bd7d0adee95bfc68b6ced57a3acee47c","isMergeCommit":true,"messageTitle":"Merge branch \u0027master\u0027 of https://github.com/kvernnn/tp","messageBody":"","fileTypesAndContributionMap":{}}]},{"date":"2024-10-05","commitResults":[{"hash":"98fa70e67c1dea47d88d67de4e6fa76d62059c93","isMergeCommit":true,"messageTitle":"Merge pull request #36 from jiaxinnns/Update-Project-Website","messageBody":"Update project website","fileTypesAndContributionMap":{}},{"hash":"347f9351e356762144d440586379399d94d00b0d","isMergeCommit":true,"messageTitle":"Merge pull request #38 from jiaxinnns/Update-DG","messageBody":"Update DG (target user, value proposition, user stories)","fileTypesAndContributionMap":{}},{"hash":"aa6bdfc63ec775a7f2a8cafd31beab2726c691fe","isMergeCommit":true,"messageTitle":"Merge branch \u0027master\u0027 of https://github.com/kvernnn/tp","messageBody":"","fileTypesAndContributionMap":{}},{"hash":"25dc7bd930157a1db5d1b314af014748597591d6","isMergeCommit":false,"messageTitle":"Update Glossary","messageBody":"","fileTypesAndContributionMap":{"docs":{"insertions":8,"deletions":1}}},{"hash":"bc8520f89ee5f08a35169cfe8e8fb7101d8479f4","isMergeCommit":true,"messageTitle":"Merge pull request #45 from zeonchew0324/update-useCase","messageBody":"Update use case to DG","fileTypesAndContributionMap":{}}]},{"date":"2024-10-09","commitResults":[{"hash":"b6b15b2a60ae7c8889512fcaaa06fc85f6b0566b","isMergeCommit":true,"messageTitle":"Merge pull request #50 from jiaxinnns/Newtag-Parser","messageBody":"Add parser support for \u0027newtag\u0027 command","fileTypesAndContributionMap":{}}]}],"harithh07":[{"date":"2024-10-02","commitResults":[{"hash":"71cca95081ef5bd4a95cd973a2a577ad285cfc35","isMergeCommit":false,"messageTitle":"Update Harith\u0027s info in AboutUs page","messageBody":"","fileTypesAndContributionMap":{"docs":{"insertions":3,"deletions":3}}},{"hash":"da12476eb2049c2a8761e178b0d920de0481602d","isMergeCommit":true,"messageTitle":"Merge pull request #26 from jiaxinnns/Aboutus-Page","messageBody":"Add Jia Xin\u0027s info to AboutUs page","fileTypesAndContributionMap":{}}]},{"date":"2024-10-05","commitResults":[{"hash":"a23a0bee8c83e5f44e194a0de9e3d81a7a0689ca","isMergeCommit":true,"messageTitle":"Merge branch \u0027master\u0027 of https://github.com/harithh07/tp","messageBody":"* \u0027master\u0027 of https://github.com/harithh07/tp:\n  Update user stories\n  Fix checkstyle issues\n  Update site-wide settings\n  Update README page to match project\n  Update link of build status\n  Update AboutUs\n  Add kavan\u0027s photo\n  Add Jia Xin\u0027s photo\n  Add Sherman\u0027s Photo\n  Add photo to docs\n  Edit AboutUs.md\n  Update my info into About Us\n  Undo changes to AboutUs.md\n  Update Harith\u0027s info in AboutUs page\n  Edit AboutUs.md\n  Add Jia Xin\u0027s info to AboutUs page\n","fileTypesAndContributionMap":{}},{"hash":"3a24820d8cd244fdd68d3e576ae5bab6e7f1ccf4","isMergeCommit":false,"messageTitle":"Add and edit NFRs in DG","messageBody":"","fileTypesAndContributionMap":{"docs":{"insertions":5,"deletions":1}}}]}],"SherChew27":[{"date":"2024-10-02","commitResults":[{"hash":"490a9f3facbbe22b1617f80de85771b0556b887e","isMergeCommit":false,"messageTitle":"Edit AboutUs.md","messageBody":"","fileTypesAndContributionMap":{"docs":{"insertions":3,"deletions":3}}},{"hash":"5a51a7f2788b7d70f1f689ef563049719a9d0b1d","isMergeCommit":false,"messageTitle":"Undo changes to AboutUs.md","messageBody":"","fileTypesAndContributionMap":{"docs":{"insertions":3,"deletions":3}}},{"hash":"1ffd4f3b93446959fb4bf41f99d31b57f114da07","isMergeCommit":false,"messageTitle":"Edit AboutUs.md","messageBody":"","fileTypesAndContributionMap":{"docs":{"insertions":3,"deletions":3}}},{"hash":"eb2b383ce283ac344d4ca69f8d415ecf42bea3bd","isMergeCommit":true,"messageTitle":"Merge pull request #28 from zeonchew0324/update-AboutUs","messageBody":"Update Tsze Honn\u0027s info into About Us","fileTypesAndContributionMap":{}}]}]},"authorFileTypeContributionMap":{"jiaxinnns":{"docs":22,"functional-code":116,"test-code":0,"other":3},"zeonchew0324":{"docs":65,"functional-code":0,"test-code":0},"kvernnn":{"docs":11,"functional-code":0,"test-code":0},"harithh07":{"docs":8,"functional-code":0,"test-code":0},"SherChew27":{"docs":3,"functional-code":0,"test-code":0}},"authorContributionVariance":{"jiaxinnns":795.52747,"zeonchew0324":350.6275,"kvernnn":5.2875,"harithh07":3.2400002,"SherChew27":15.389999},"authorDisplayNameMap":{"jiaxinnns":"CS2103T-W11-2 LOH .. XIN","zeonchew0324":"CS2103T-W11-2 CHEW..HONN","kvernnn":"CS2103T-W11-2 TAN ..AVAN","harithh07":"CS2103T-W11-2 HARI..ZLAN","SherChew27":"CS2103T-W11-2 CHEW..RMAN"}}
