{"authorDailyContributionsMap":{"jiaxinnns":[{"date":"2024-10-02","commitResults":[{"hash":"bb25ecda445712ff5b541ba909299affc211c705","isMergeCommit":false,"messageTitle":"Add Jia Xin\u0027s info to AboutUs page","messageBody":"","fileTypesAndContributionMap":{"docs":{"insertions":5,"deletions":5}}},{"hash":"0b7c365fc0a0628de47caf2a0a779ddf01428ee6","isMergeCommit":true,"messageTitle":"Merge pull request #27 from harithh07/Update-AboutUs-page","messageBody":"Update Harith\u0027s info in AboutUs page","fileTypesAndContributionMap":{}}]},{"date":"2024-10-05","commitResults":[{"hash":"77e71a304783c855da4f89a183288fdde007c8d9","isMergeCommit":false,"messageTitle":"Update link of build status","messageBody":"","fileTypesAndContributionMap":{"docs":{"insertions":2,"deletions":3}}},{"hash":"474544b864a21d71bb607bccaca845aa8f01a0ab","isMergeCommit":false,"messageTitle":"Update README page to match project","messageBody":"","fileTypesAndContributionMap":{"docs":{"insertions":3,"deletions":9}}},{"hash":"d0a9eaa45f20cc5ca3677673a9f232378c097c5d","isMergeCommit":false,"messageTitle":"Update site-wide settings","messageBody":"","fileTypesAndContributionMap":{"other":{"insertions":2,"deletions":2}}},{"hash":"aba042c34e1db423a83ff9686ca837932a0d0e35","isMergeCommit":false,"messageTitle":"Fix checkstyle issues","messageBody":"","fileTypesAndContributionMap":{"docs":{"insertions":2,"deletions":2}}},{"hash":"393228eaeb8eee59aa031c10bad77bf505938516","isMergeCommit":false,"messageTitle":"Update user stories","messageBody":"","fileTypesAndContributionMap":{"docs":{"insertions":16,"deletions":10}}}]},{"date":"2024-10-06","commitResults":[{"hash":"44570513b6b2c186881a831f1a481235ebcc5182","isMergeCommit":true,"messageTitle":"Merge pull request #44 from harithh07/Add-NFRs","messageBody":"Add NFRs to DG","fileTypesAndContributionMap":{}}]},{"date":"2024-10-09","commitResults":[{"hash":"adcb9442d0b0d3b65f5ac02aae54de11e40e45bf","isMergeCommit":false,"messageTitle":"Add parser support for newtag command","messageBody":"","fileTypesAndContributionMap":{"functional-code":{"insertions":112,"deletions":2}}},{"hash":"7f9cf55f302adf22554b5c5bddbc6c3797fe0f14","isMergeCommit":false,"messageTitle":"Fix checkstyle violations","messageBody":"","fileTypesAndContributionMap":{"functional-code":{"insertions":6,"deletions":2}}},{"hash":"1a46ac05ab32691d96ed4a34621e8bc8af4451be","isMergeCommit":true,"messageTitle":"Merge branch \u0027kvernnn-feature-guest-tagging\u0027","messageBody":"","fileTypesAndContributionMap":{}}]},{"date":"2024-10-10","commitResults":[{"hash":"4926cdbc7c9a74e5a900b4231bdaa6135acf7422","isMergeCommit":true,"messageTitle":"Merge pull request #51 from kvernnn/feature-guest-tagging","messageBody":"Add command for tagging guests","fileTypesAndContributionMap":{}}]},{"date":"2024-10-15","commitResults":[{"hash":"0f9ac2be1bea06801e08ef25ec54f76077a8ea10","isMergeCommit":true,"messageTitle":"Merge remote-tracking branch \u0027upstream/master\u0027","messageBody":"","fileTypesAndContributionMap":{}},{"hash":"569816b8b773d3317f59f5f6054cd89525a413aa","isMergeCommit":false,"messageTitle":"Add logic for newtag command","messageBody":"","fileTypesAndContributionMap":{"functional-code":{"insertions":81,"deletions":9}}},{"hash":"59c05565083e9a73a406afc3ed755a79b224669c","isMergeCommit":false,"messageTitle":"Fix checkstyle errors","messageBody":"","fileTypesAndContributionMap":{"functional-code":{"insertions":0,"deletions":7}}},{"hash":"72ed17721666e636975960ff14d697f395e3db6d","isMergeCommit":false,"messageTitle":"Fix constructor bug","messageBody":"","fileTypesAndContributionMap":{"functional-code":{"insertions":5,"deletions":6}}},{"hash":"7921f6ec00d0ee06cab7358a9412c4af8b945e0c","isMergeCommit":false,"messageTitle":"Fix checkstyle errors","messageBody":"","fileTypesAndContributionMap":{"functional-code":{"insertions":0,"deletions":1}}},{"hash":"531f3d6eed3dfc46d38c73cfed0b6121f3c33923","isMergeCommit":false,"messageTitle":"Update existing model stub","messageBody":"","fileTypesAndContributionMap":{"test-code":{"insertions":16,"deletions":0}}}]},{"date":"2024-10-16","commitResults":[{"hash":"856790c651453df7638939f1bf7d1571dfb691e2","isMergeCommit":false,"messageTitle":"Fix naming conventions","messageBody":"","fileTypesAndContributionMap":{"functional-code":{"insertions":4,"deletions":4}}},{"hash":"b908f7a8018f721ac9de25dc1773d879bd413646","isMergeCommit":false,"messageTitle":"Add test cases for NewtagCommand class","messageBody":"","fileTypesAndContributionMap":{"functional-code":{"insertions":7,"deletions":5},"test-code":{"insertions":55,"deletions":0}}},{"hash":"bda1284e6f18fdedad0039f37546ab109ea04516","isMergeCommit":true,"messageTitle":"Merge pull request #70 from kvernnn/feature-untag","messageBody":"Add untag feature","fileTypesAndContributionMap":{}},{"hash":"2316dc6de8a0acf28c1197793477996af0344b54","isMergeCommit":false,"messageTitle":"Add tests for NewtagCommandParserTest class","messageBody":"","fileTypesAndContributionMap":{"functional-code":{"insertions":17,"deletions":4},"test-code":{"insertions":55,"deletions":2}}},{"hash":"832dcb86867788a7c6afeeaa7cc4ee3def4d2fc7","isMergeCommit":false,"messageTitle":"Add tests for TagList class","messageBody":"","fileTypesAndContributionMap":{"functional-code":{"insertions":11,"deletions":0},"test-code":{"insertions":83,"deletions":0}}},{"hash":"9700c790059a7d3cd3d0debec5251c899396609f","isMergeCommit":true,"messageTitle":"Resolve merge conflicts","messageBody":"","fileTypesAndContributionMap":{}},{"hash":"034fe51c6dd5ae879c9c300d972020455f944c7f","isMergeCommit":false,"messageTitle":"Fix checkstyle errors","messageBody":"","fileTypesAndContributionMap":{"test-code":{"insertions":1,"deletions":3}}},{"hash":"79a5a5d2991c2422122c9697f317fde794e5efd2","isMergeCommit":false,"messageTitle":"Add storage functionality for newtag command","messageBody":"","fileTypesAndContributionMap":{"functional-code":{"insertions":63,"deletions":12}}},{"hash":"a44d17d66541e6f6809f43fc44875041b3d612c9","isMergeCommit":false,"messageTitle":"Fix checkstyle errors","messageBody":"","fileTypesAndContributionMap":{"functional-code":{"insertions":7,"deletions":2}}},{"hash":"573f3cac17182ba3ec8be6c9ded4475ff2f7d340","isMergeCommit":false,"messageTitle":"Update AddressBookTest stub","messageBody":"","fileTypesAndContributionMap":{"functional-code":{"insertions":3,"deletions":1},"test-code":{"insertions":7,"deletions":0}}},{"hash":"a93b7ae410c1a586de159c511b43255051bc7063","isMergeCommit":false,"messageTitle":"Add new test cases for AddressBook","messageBody":"","fileTypesAndContributionMap":{"test-code":{"insertions":52,"deletions":7}}},{"hash":"822e500ab48ce12c058f9119eba500eb8494dc14","isMergeCommit":false,"messageTitle":"Fix checkstyle errors","messageBody":"","fileTypesAndContributionMap":{"test-code":{"insertions":0,"deletions":1}}}]},{"date":"2024-10-17","commitResults":[{"hash":"360a1f71897b79a817da24258e3f80a26b4b9acd","isMergeCommit":false,"messageTitle":"Add test cases for JsonSerialiableAddressBook","messageBody":"","fileTypesAndContributionMap":{"functional-code":{"insertions":7,"deletions":2},"test-code":{"insertions":38,"deletions":0}}},{"hash":"16c1bd683ee0962e9d47b33e2a4f15077ac044e0","isMergeCommit":false,"messageTitle":"Update test cases for Tag class","messageBody":"","fileTypesAndContributionMap":{"functional-code":{"insertions":5,"deletions":1},"test-code":{"insertions":49,"deletions":3}}},{"hash":"5454ac7931379653af4067c5d1532039f389533e","isMergeCommit":true,"messageTitle":"Merge pull request #83 from SherChew27/v1.3_filter_by_tag","messageBody":"Add filter by tag","fileTypesAndContributionMap":{}}]},{"date":"2024-10-18","commitResults":[{"hash":"48c5c751264e3ac1ee8e17f24c90f693b55b05fb","isMergeCommit":false,"messageTitle":"Add logic for deletetag command","messageBody":"","fileTypesAndContributionMap":{"functional-code":{"insertions":133,"deletions":2}}},{"hash":"c14e3155ee2edd67397acfd157be244a080a13af","isMergeCommit":false,"messageTitle":"Add test cases for DeleteTagCommand class","messageBody":"","fileTypesAndContributionMap":{"test-code":{"insertions":130,"deletions":5}}},{"hash":"b2f9830d4c4eb7783d82fdc72320d84f9a422fc1","isMergeCommit":false,"messageTitle":"Update test cases for AddressBook class","messageBody":"","fileTypesAndContributionMap":{"test-code":{"insertions":14,"deletions":0}}}]},{"date":"2024-10-21","commitResults":[{"hash":"1f7a9b05d5d894b6bb62dfacbe68e64c6f19df54","isMergeCommit":false,"messageTitle":"Fix checkstyle errors","messageBody":"","fileTypesAndContributionMap":{"functional-code":{"insertions":0,"deletions":1}}},{"hash":"41a7f57f0694e3c0dbcf558977a6deb23efad318","isMergeCommit":false,"messageTitle":"Fix checkstyle errors","messageBody":"","fileTypesAndContributionMap":{"test-code":{"insertions":1,"deletions":1}}},{"hash":"1161d8f0886b898e20dbd28368c394e540c7844a","isMergeCommit":false,"messageTitle":"Improve code quality with SLAP","messageBody":"","fileTypesAndContributionMap":{"functional-code":{"insertions":17,"deletions":6}}},{"hash":"fe7f9e1b834347f24b5dd64b193326a6de125e72","isMergeCommit":false,"messageTitle":"Add support for mass deletetag","messageBody":"","fileTypesAndContributionMap":{"functional-code":{"insertions":54,"deletions":27},"test-code":{"insertions":21,"deletions":5}}},{"hash":"a897d6a348cb619ad21bf29cebe3219f42e98b6d","isMergeCommit":false,"messageTitle":"Add test cases for mass deletetag function","messageBody":"","fileTypesAndContributionMap":{"test-code":{"insertions":56,"deletions":11}}},{"hash":"0d367411a339869cc4f7e60c9cccc6d2a402c70b","isMergeCommit":true,"messageTitle":"Merge pull request #90 from harithh07/RSVPStatus-in-UI","messageBody":"Add RSVP status to UI","fileTypesAndContributionMap":{}},{"hash":"1596972ee347588d27a0adcb2cd9a4d05347c904","isMergeCommit":false,"messageTitle":"Fix checkstyle errors","messageBody":"","fileTypesAndContributionMap":{"test-code":{"insertions":6,"deletions":3}}},{"hash":"41854588bee07144a68d2538c8b13e6f5d82190d","isMergeCommit":false,"messageTitle":"Fix checkstyle errors","messageBody":"","fileTypesAndContributionMap":{"test-code":{"insertions":1,"deletions":1}}},{"hash":"fbb874861a50aa580f8dfa34292099f49b888ebe","isMergeCommit":false,"messageTitle":"Fix test case bug","messageBody":"","fileTypesAndContributionMap":{"test-code":{"insertions":2,"deletions":2}}},{"hash":"7b1de66c2dcd59f3291f446e492a633a3708b188","isMergeCommit":false,"messageTitle":"Enable assertions in build.gradle","messageBody":"","fileTypesAndContributionMap":{"other":{"insertions":5,"deletions":0}}},{"hash":"2290ec074ff0a1ea3123062abcb6fa8f8bcfefea","isMergeCommit":false,"messageTitle":"Update UG with V1.4 features","messageBody":"","fileTypesAndContributionMap":{"docs":{"insertions":22,"deletions":4}}}]},{"date":"2024-10-22","commitResults":[{"hash":"6b70c4be65d977e49c7096c8ab4d780b29891b27","isMergeCommit":true,"messageTitle":"Merge pull request #103 from harithh07/Better-UI","messageBody":"Modify UI","fileTypesAndContributionMap":{}}]},{"date":"2024-10-23","commitResults":[{"hash":"eea1634ffea90169d45082205329d8b15bed2a9c","isMergeCommit":false,"messageTitle":"Add logic for mass newtag","messageBody":"","fileTypesAndContributionMap":{"functional-code":{"insertions":63,"deletions":18},"test-code":{"insertions":27,"deletions":8}}},{"hash":"a564269906188040f941b7647097063b370a793f","isMergeCommit":true,"messageTitle":"Merge pull request #111 from kvernnn/update-ug","messageBody":"Update UG","fileTypesAndContributionMap":{}},{"hash":"99af003a5730a0ba2a3cd0b52c9ddfc72c0b6624","isMergeCommit":false,"messageTitle":"Fix bug in test cases","messageBody":"","fileTypesAndContributionMap":{"functional-code":{"insertions":1,"deletions":1},"test-code":{"insertions":9,"deletions":4}}},{"hash":"1042ed06e851d003cb1c0f72a2c975c9a997768b","isMergeCommit":false,"messageTitle":"Add test cases for mass newtag feature","messageBody":"","fileTypesAndContributionMap":{"functional-code":{"insertions":2,"deletions":2},"test-code":{"insertions":31,"deletions":3}}},{"hash":"6b5427c8d43257389cadf257a679253ddbc79e28","isMergeCommit":false,"messageTitle":"Add test cases for NewTagCommand","messageBody":"","fileTypesAndContributionMap":{"test-code":{"insertions":22,"deletions":3}}},{"hash":"98314f2d56c437e43708ca280596072616a3dc5f","isMergeCommit":true,"messageTitle":"Resolve merge conflicts","messageBody":"","fileTypesAndContributionMap":{}},{"hash":"2f19bf59e30a72c509b316689db02f941b1562ea","isMergeCommit":true,"messageTitle":"Resolve merge conflicts","messageBody":"","fileTypesAndContributionMap":{}},{"hash":"16a7c706dc437debdde955782d58695c1aa1bd41","isMergeCommit":false,"messageTitle":"Add restrictions on the number of predefined tags","messageBody":"","fileTypesAndContributionMap":{"functional-code":{"insertions":48,"deletions":11},"test-code":{"insertions":19,"deletions":0}}},{"hash":"43f084eb1ad4c80ef7f9e351da230c4109fb709e","isMergeCommit":true,"messageTitle":"Fix merge conflicts","messageBody":"","fileTypesAndContributionMap":{}},{"hash":"ecef9e76401cf8a57b087f0fc52c9fbff0b6cc99","isMergeCommit":false,"messageTitle":"Add test cases for handling of too many tags","messageBody":"","fileTypesAndContributionMap":{"functional-code":{"insertions":21,"deletions":24},"test-code":{"insertions":41,"deletions":2}}},{"hash":"5fe2b2be7710900de95efa265d1f57920fbc3b84","isMergeCommit":false,"messageTitle":"Fix checkstyle errors","messageBody":"","fileTypesAndContributionMap":{"functional-code":{"insertions":1,"deletions":1}}},{"hash":"74b524ec3c82c087f0c223c01e700a65188f8842","isMergeCommit":false,"messageTitle":"Fix checkstyle errors","messageBody":"","fileTypesAndContributionMap":{"functional-code":{"insertions":1,"deletions":1}}},{"hash":"2a7928ff99fc8a58074c23dff1156daac8bd2c59","isMergeCommit":false,"messageTitle":"Fix bugs in success messages","messageBody":"","fileTypesAndContributionMap":{"functional-code":{"insertions":2,"deletions":2},"test-code":{"insertions":2,"deletions":2}}},{"hash":"3c37a0e95c770e9cf0d8cd68b882998c55677bde","isMergeCommit":true,"messageTitle":"Merge pull request #118 from kvernnn/fix-deletetag-issue","messageBody":"Fix DeleteTag issue where tag is not removed from people contacts when it is deleted","fileTypesAndContributionMap":{}},{"hash":"6078a30f296b953fb8f419fa18d03c80c5a4857a","isMergeCommit":true,"messageTitle":"Merge pull request #121 from kvernnn/test-cases","messageBody":"Add test case classes for TagCommandParser and UntagCommandParser classes","fileTypesAndContributionMap":{}},{"hash":"cedd35db9970bc32f990347eb7fd4bee3dcf2bbc","isMergeCommit":false,"messageTitle":"Fix bugs in success message","messageBody":"","fileTypesAndContributionMap":{"functional-code":{"insertions":1,"deletions":1},"test-code":{"insertions":2,"deletions":2}}},{"hash":"4973c15255f6faba5e82c1d63051a2df3898f624","isMergeCommit":false,"messageTitle":"Make changes to UG for newtag and deletetag","messageBody":"","fileTypesAndContributionMap":{"docs":{"insertions":25,"deletions":12}}},{"hash":"d42a1e3b4b929d9a8fef005e992db7cc4bed89f3","isMergeCommit":true,"messageTitle":"Merge pull request #124 from kvernnn/update-ug-v2","messageBody":"Update UG v2","fileTypesAndContributionMap":{}},{"hash":"6ae4c17cadf9cc261bc5dd01c1d7b09b084dd3ac","isMergeCommit":true,"messageTitle":"Merge pull request #122 from harithh07/Edit-RSVPStatus-in-UI","messageBody":"Fix RSVP status in UI","fileTypesAndContributionMap":{}}]},{"date":"2024-10-25","commitResults":[{"hash":"a17e53cd3d508912b309369d23c2d4fb2fdeda13","isMergeCommit":true,"messageTitle":"Merge pull request #136 from harithh07/Enable-Assertions","messageBody":"Enable assertions in build.gradle","fileTypesAndContributionMap":{}}]},{"date":"2024-10-26","commitResults":[{"hash":"c940b54df8635a26e8b75cc4c0f72dd82a47899e","isMergeCommit":false,"messageTitle":"Add support for renametag command","messageBody":"","fileTypesAndContributionMap":{"functional-code":{"insertions":139,"deletions":5},"test-code":{"insertions":7,"deletions":0}}}]},{"date":"2024-10-28","commitResults":[{"hash":"9fa9766d78369edcabe07ab6762be77e34493734","isMergeCommit":false,"messageTitle":"Add test cases for RenameTagCommandParser","messageBody":"","fileTypesAndContributionMap":{"functional-code":{"insertions":36,"deletions":23},"test-code":{"insertions":131,"deletions":0}}},{"hash":"3ac8f509488cb33dab77765e0c41de348659a8b4","isMergeCommit":false,"messageTitle":"Update UI when tags are renamed","messageBody":"","fileTypesAndContributionMap":{"functional-code":{"insertions":27,"deletions":0}}},{"hash":"409439e916e534a4bb9a7e60d9ab0bf0848748c0","isMergeCommit":false,"messageTitle":"Handle the case where the new tag name exists","messageBody":"","fileTypesAndContributionMap":{"functional-code":{"insertions":6,"deletions":1}}},{"hash":"437252bdf2c91c29b6c5f138e9e1268585331c66","isMergeCommit":false,"messageTitle":"Edit test case for edge case","messageBody":"","fileTypesAndContributionMap":{"functional-code":{"insertions":4,"deletions":5},"test-code":{"insertions":18,"deletions":13}}},{"hash":"cc0163d58e9fc8a4451824c84ceb43b3a0e0a812","isMergeCommit":true,"messageTitle":"Resolve merge conflicts","messageBody":"","fileTypesAndContributionMap":{}},{"hash":"82dd5fdf4de25ea859f54274c6492300abcf058c","isMergeCommit":false,"messageTitle":"Fix checkstyle errors","messageBody":"","fileTypesAndContributionMap":{"functional-code":{"insertions":20,"deletions":8},"test-code":{"insertions":4,"deletions":4}}},{"hash":"2db8d5829185c0762816d3b179451102449ef1a5","isMergeCommit":false,"messageTitle":"Fix checkstyle errors","messageBody":"","fileTypesAndContributionMap":{"functional-code":{"insertions":8,"deletions":2}}},{"hash":"3aa3da056cead2eec724ed891db9c5df22b2f8d7","isMergeCommit":false,"messageTitle":"Fix checkstyle errors in test files","messageBody":"","fileTypesAndContributionMap":{"test-code":{"insertions":5,"deletions":4}}},{"hash":"75b2780cf0c38cb65cdcdebb4fa1493ca089215b","isMergeCommit":false,"messageTitle":"Add activity diagram for newtag command","messageBody":"","fileTypesAndContributionMap":{"docs":{"insertions":31,"deletions":1}}},{"hash":"4d9657b93b0a063aab5de3c2ab4d92f5f3a76019","isMergeCommit":true,"messageTitle":"Merge pull request #143 from kvernnn/bulk-untagging","messageBody":"Bulk untagging for multiple guests and multiple tags","fileTypesAndContributionMap":{}}]},{"date":"2024-10-30","commitResults":[{"hash":"1ad8e0f6ac2d45a8b79ed4f9849fa1e816c5e141","isMergeCommit":true,"messageTitle":"Resolve merge conflicts","messageBody":"","fileTypesAndContributionMap":{}},{"hash":"ce3f69bd58d3ba15fab82b1d80bd879989a9d874","isMergeCommit":false,"messageTitle":"Add removeTagFromPersons to Model class","messageBody":"","fileTypesAndContributionMap":{"functional-code":{"insertions":29,"deletions":22}}},{"hash":"68fe8209c55e3a6fd04965329ec74d54e0a9c03e","isMergeCommit":true,"messageTitle":"Merge branch \u0027feature-rename-tag\u0027 into improve-code-quality","messageBody":"","fileTypesAndContributionMap":{}},{"hash":"82e6c97cfe0ecaf4bf55af5b2bf69e4a8d3fa92d","isMergeCommit":false,"messageTitle":"Improve code quality of newtag classes","messageBody":"","fileTypesAndContributionMap":{"functional-code":{"insertions":68,"deletions":60},"test-code":{"insertions":59,"deletions":5}}},{"hash":"f5aef930c249a8eae125e7cafcacee977331756b","isMergeCommit":false,"messageTitle":"Handle partial errors in newtag","messageBody":"","fileTypesAndContributionMap":{"functional-code":{"insertions":20,"deletions":10},"test-code":{"insertions":15,"deletions":6}}},{"hash":"aedc060f2564a9e894585a78a27f278e6ceac92f","isMergeCommit":false,"messageTitle":"Abstract methods out in NewtagCommandParser","messageBody":"","fileTypesAndContributionMap":{"functional-code":{"insertions":55,"deletions":19},"test-code":{"insertions":1,"deletions":1}}},{"hash":"3289d476667309084eb2a86c76b56a0d4c9e00bb","isMergeCommit":false,"messageTitle":"Make NewtagCommandParser tests neater","messageBody":"","fileTypesAndContributionMap":{"test-code":{"insertions":67,"deletions":28}}},{"hash":"fc0af323f70f0c849cf4bbc4a7ffabd4fd2a3b8d","isMergeCommit":false,"messageTitle":"Abstract out methods in DeleteTagCommand","messageBody":"","fileTypesAndContributionMap":{"functional-code":{"insertions":18,"deletions":14},"test-code":{"insertions":2,"deletions":2}}},{"hash":"dfc9a607b0c1a22680666c74fdb5580376fd0829","isMergeCommit":false,"messageTitle":"Edit DeleteTagCommaand tests","messageBody":"","fileTypesAndContributionMap":{"test-code":{"insertions":61,"deletions":9}}},{"hash":"2f4d74949a671a7625b35a9be06ba02045daf308","isMergeCommit":true,"messageTitle":"Edit code based on PR review","messageBody":"","fileTypesAndContributionMap":{}}]},{"date":"2024-11-01","commitResults":[{"hash":"df5651561d0af2e59b1852b040cc1479d0d9f284","isMergeCommit":true,"messageTitle":"Resolve merge conflicts","messageBody":"","fileTypesAndContributionMap":{}},{"hash":"bb7a9595693253c9400de3cf9016334fab249f06","isMergeCommit":false,"messageTitle":"Fix checkstyle errors","messageBody":"","fileTypesAndContributionMap":{"functional-code":{"insertions":3,"deletions":6}}},{"hash":"d3c4f23c624f0d8b48b70456c3e184c5ad91f21c","isMergeCommit":false,"messageTitle":"Fix checkstyle errors","messageBody":"","fileTypesAndContributionMap":{"test-code":{"insertions":0,"deletions":1}}},{"hash":"6ae908fb2c95fb6f5ab93bf1029951258239fc65","isMergeCommit":false,"messageTitle":"Make DeleteTagCommandParser neater","messageBody":"","fileTypesAndContributionMap":{"functional-code":{"insertions":56,"deletions":28}}},{"hash":"2f65c454cdb272a7de76bcdd6678203509dacaa5","isMergeCommit":false,"messageTitle":"Make RenameTag related classes neater","messageBody":"","fileTypesAndContributionMap":{"functional-code":{"insertions":84,"deletions":21}}},{"hash":"f2bd24b9c5f30ce5fca98f90ec293bd54ffb731b","isMergeCommit":false,"messageTitle":"Standardise command usage messages","messageBody":"","fileTypesAndContributionMap":{"functional-code":{"insertions":1,"deletions":1},"test-code":{"insertions":1,"deletions":1}}},{"hash":"06dba8cdd17b5c97c47d8ed3373fd3f1f8b3184f","isMergeCommit":true,"messageTitle":"Resolve merge conflict","messageBody":"","fileTypesAndContributionMap":{}},{"hash":"75803bd6ccb520280ba46a0d72b2dcd2c7d09f0a","isMergeCommit":true,"messageTitle":"Merge pull request #146 from jiaxinnns/newtag-activity-diagram","messageBody":"Add activity diagram for newtag command","fileTypesAndContributionMap":{}},{"hash":"9920be651dfa5727e2a27fce3a7f850f52adb9de","isMergeCommit":true,"messageTitle":"Merge remote-tracking branch \u0027upstream/master\u0027 into improve-code-quality","messageBody":"","fileTypesAndContributionMap":{}},{"hash":"d22807c71d273424e52cf0d7bcbca3b1313bba0d","isMergeCommit":false,"messageTitle":"Fix typo","messageBody":"","fileTypesAndContributionMap":{"functional-code":{"insertions":1,"deletions":1}}},{"hash":"afa0c17a95513a9661c1af44129fbde032b83269","isMergeCommit":true,"messageTitle":"Merge pull request #130 from zeonchew0324/UML-Diagram","messageBody":"Create UML Diagram","fileTypesAndContributionMap":{}}]},{"date":"2024-11-03","commitResults":[{"hash":"83575c7cba7da38447b3bd8c7926b364bd88dc58","isMergeCommit":false,"messageTitle":"Edit UG for V1.5 changes","messageBody":"","fileTypesAndContributionMap":{"docs":{"insertions":20,"deletions":11}}},{"hash":"e0257ba8327598e6b1732d493c1b090c5bf7aa83","isMergeCommit":false,"messageTitle":"Fix typo","messageBody":"","fileTypesAndContributionMap":{"docs":{"insertions":1,"deletions":1}}},{"hash":"408de747deea1a996f9702e3d27d59707489a824","isMergeCommit":true,"messageTitle":"Merge pull request #195 from SherChew27/V1.5_Update_UG","messageBody":"Update UG with Undo Command","fileTypesAndContributionMap":{}},{"hash":"834f813c25331a7454addb339e823bf096e1fd89","isMergeCommit":false,"messageTitle":"Improve error messages for NewtagCommand","messageBody":"","fileTypesAndContributionMap":{"functional-code":{"insertions":33,"deletions":19},"test-code":{"insertions":3,"deletions":3}}}]},{"date":"2024-11-04","commitResults":[{"hash":"760e5277b3e7a58b2dda44b230660abf97955a37","isMergeCommit":false,"messageTitle":"Improve error messages for renametag","messageBody":"","fileTypesAndContributionMap":{"functional-code":{"insertions":43,"deletions":9},"test-code":{"insertions":5,"deletions":3}}},{"hash":"f5f2e0ed23a602614ab39b766a41365992391ea8","isMergeCommit":false,"messageTitle":"Fix checkstyle errors","messageBody":"","fileTypesAndContributionMap":{"functional-code":{"insertions":2,"deletions":6}}},{"hash":"4da45319c01a0605a37b43f9b6dd58c084c89ded","isMergeCommit":true,"messageTitle":"Merge pull request #201 from zeonchew0324/forcedelete-tag-new","messageBody":"Delete tag bug fixed but undo not working","fileTypesAndContributionMap":{}},{"hash":"89d06e4ee385f734c7335dc69ff4b66aed9a17e8","isMergeCommit":true,"messageTitle":"Merge remote-tracking branch \u0027upstream/master\u0027 into alpha-bug-fix","messageBody":"","fileTypesAndContributionMap":{}},{"hash":"5d06743938482ab9ff5449251f24ec0a7461f396","isMergeCommit":true,"messageTitle":"Merge pull request #204 from SherChew27/v1.5_undo_deletetag","messageBody":"Fix undo for DeleteTagCommand","fileTypesAndContributionMap":{}},{"hash":"b467ca8bb1401e0d273b02d7919310c2ded9893e","isMergeCommit":false,"messageTitle":"Improve error messages for deletetag","messageBody":"","fileTypesAndContributionMap":{"functional-code":{"insertions":58,"deletions":77},"test-code":{"insertions":6,"deletions":6}}},{"hash":"7843c707c82f10e3bb966cee87b558c78e0c9a28","isMergeCommit":true,"messageTitle":"Make code neater and more concise","messageBody":"","fileTypesAndContributionMap":{}},{"hash":"c41c96d72d5b8a083c1bea1beafa80308ddbf726","isMergeCommit":false,"messageTitle":"Import objects individually","messageBody":"","fileTypesAndContributionMap":{"test-code":{"insertions":15,"deletions":11}}},{"hash":"abb8c1538f0dc76f2459c9d723110c6fdb7fe4c2","isMergeCommit":false,"messageTitle":"Fix checkstyle errors","messageBody":"","fileTypesAndContributionMap":{"test-code":{"insertions":0,"deletions":1}}}]}],"zeonchew0324":[{"date":"2024-10-02","commitResults":[{"hash":"5f17829ca0d1e32c51ffda1ae705fca814e3a98a","isMergeCommit":false,"messageTitle":"Update my info into About Us","messageBody":"","fileTypesAndContributionMap":{"docs":{"insertions":4,"deletions":3}}},{"hash":"f756b8689feb188cc064b8ec251202d9bf214a5b","isMergeCommit":true,"messageTitle":"Merge pull request #31 from SherChew27/update_aboutus","messageBody":"Update Sherman\u0027s info for AboutUs Page","fileTypesAndContributionMap":{}}]},{"date":"2024-10-03","commitResults":[{"hash":"d8a787d2911dbb421c94269312b177f9a8f52b70","isMergeCommit":true,"messageTitle":"Merge pull request #33 from kvernnn/update-aboutus","messageBody":"Update AboutUs","fileTypesAndContributionMap":{}}]},{"date":"2024-10-05","commitResults":[{"hash":"030627309fc575abf6c7d1d134b8d2668e9f1168","isMergeCommit":false,"messageTitle":"Update four use cases into DG","messageBody":"","fileTypesAndContributionMap":{"docs":{"insertions":70,"deletions":11}}},{"hash":"418c8609db6b666a68d712af057b1bb044ab5611","isMergeCommit":true,"messageTitle":"Merge pull request #42 from kvernnn/update-glossary","messageBody":"Update glossary","fileTypesAndContributionMap":{}},{"hash":"bace84da1ad569c9a16481af63dea0a23c8e3b30","isMergeCommit":false,"messageTitle":"Fix spacing issues","messageBody":"","fileTypesAndContributionMap":{"docs":{"insertions":2,"deletions":3}}}]},{"date":"2024-10-09","commitResults":[{"hash":"2e1f7c49ff5a587fca150a36e2fbc81921301255","isMergeCommit":false,"messageTitle":"Create RSVP command class and its parser","messageBody":"","fileTypesAndContributionMap":{"functional-code":{"insertions":70,"deletions":0}}}]},{"date":"2024-10-10","commitResults":[{"hash":"3aee7e8fa9586c44b557a7ce1be63f032bf865b8","isMergeCommit":false,"messageTitle":"Fix checkstyle error","messageBody":"","fileTypesAndContributionMap":{"functional-code":{"insertions":14,"deletions":7}}},{"hash":"e3bc8d63f54d6250777c73b8131b5a7f82db7635","isMergeCommit":false,"messageTitle":"Fix checkstyle error","messageBody":"","fileTypesAndContributionMap":{"functional-code":{"insertions":1,"deletions":5}}},{"hash":"43c1c53f55bf5e8f983de34f312376005ffacdf2","isMergeCommit":false,"messageTitle":"Fix checkstyle error","messageBody":"","fileTypesAndContributionMap":{"functional-code":{"insertions":1,"deletions":0}}}]},{"date":"2024-10-15","commitResults":[{"hash":"5f1801e3391c21274a841678d521310d60e3ea9a","isMergeCommit":false,"messageTitle":"Add rwsp field to person class","messageBody":"","fileTypesAndContributionMap":{"functional-code":{"insertions":53,"deletions":9}}},{"hash":"820b443f643d3772b188741e30fe375765d69082","isMergeCommit":false,"messageTitle":"Fix styling error and added main logic","messageBody":"","fileTypesAndContributionMap":{"functional-code":{"insertions":20,"deletions":17}}},{"hash":"15b27ba6dd01e404f31ae6776d22d621ecc8f17a","isMergeCommit":false,"messageTitle":"Ensure RSVP not showing error when input command - Left implementation to work on","messageBody":"","fileTypesAndContributionMap":{"functional-code":{"insertions":5,"deletions":11}}}]},{"date":"2024-10-16","commitResults":[{"hash":"630feae06628bbe0df7f70a71a4d36c9d1745cb4","isMergeCommit":false,"messageTitle":"Add functioning Rsvp and UnRsvp Command","messageBody":"","fileTypesAndContributionMap":{"functional-code":{"insertions":102,"deletions":34}}},{"hash":"bd17d316e1b24001eb59868bf6f9a175f33cf927","isMergeCommit":false,"messageTitle":"Fix checkstyle error","messageBody":"","fileTypesAndContributionMap":{"functional-code":{"insertions":12,"deletions":14}}},{"hash":"e85b4d8b6edde7d9b424fa6769a8b27bd7a2a6c9","isMergeCommit":false,"messageTitle":"Add some simple test cases","messageBody":"","fileTypesAndContributionMap":{"functional-code":{"insertions":3,"deletions":3},"test-code":{"insertions":149,"deletions":8}}},{"hash":"bf4535afd8c72b8f5590ddbb94b25b882689e70b","isMergeCommit":true,"messageTitle":"Merge branch \u0027master\u0027 into rsvp-toggle","messageBody":"","fileTypesAndContributionMap":{}},{"hash":"e81f000dda944d4924b131cdf4193ed27595bc5c","isMergeCommit":false,"messageTitle":"Fix person class not having rsvp field","messageBody":"","fileTypesAndContributionMap":{"functional-code":{"insertions":1,"deletions":1}}},{"hash":"5d3f5956ff8bb17f690305fab04e26f7a803f5f3","isMergeCommit":false,"messageTitle":"Fix test case","messageBody":"","fileTypesAndContributionMap":{"test-code":{"insertions":1,"deletions":0}}},{"hash":"98c002e4fd5004ba5cf6628043dcc6bffde815cd","isMergeCommit":false,"messageTitle":"Fix checkstyle error","messageBody":"","fileTypesAndContributionMap":{"test-code":{"insertions":5,"deletions":5}}}]},{"date":"2024-10-17","commitResults":[{"hash":"73897b01805c96670eebd86c5ec45cd8a9aa93b8","isMergeCommit":false,"messageTitle":"Fix checkstyle error","messageBody":"","fileTypesAndContributionMap":{"test-code":{"insertions":3,"deletions":4}}},{"hash":"3cb7f8c20bb376e77df3ff1ec2f43d146009c04d","isMergeCommit":true,"messageTitle":"Merge branch \u0027master\u0027 into rsvp-toggle-new","messageBody":"","fileTypesAndContributionMap":{}},{"hash":"02aeb67e442d9f93483d1dae0c601cf45f0f88af","isMergeCommit":false,"messageTitle":"Fix Person constructor in tagCommandTest","messageBody":"","fileTypesAndContributionMap":{"test-code":{"insertions":4,"deletions":4}}},{"hash":"ab69c60343cf944141125409fdc8cee7903abf8c","isMergeCommit":true,"messageTitle":"Merge branch \u0027master\u0027 into rsvp-toggle-new","messageBody":"","fileTypesAndContributionMap":{}},{"hash":"8aedc59f8222a60935a33c5d8542805fe59dd5cf","isMergeCommit":false,"messageTitle":"Remove trailing whitespace","messageBody":"","fileTypesAndContributionMap":{"test-code":{"insertions":2,"deletions":2}}},{"hash":"87c7388de76408380b8fe473b8316387b4fa3270","isMergeCommit":false,"messageTitle":"Update PersonTest","messageBody":"","fileTypesAndContributionMap":{"test-code":{"insertions":1,"deletions":1}}},{"hash":"b1cc94ce795a64c0abf5aee8a6a6c0552577d50c","isMergeCommit":false,"messageTitle":"Fix test error","messageBody":"","fileTypesAndContributionMap":{"test-code":{"insertions":5,"deletions":1}}},{"hash":"dc6c204310d09217b260cb8b8588f19fe3a89583","isMergeCommit":false,"messageTitle":"Fix checkstyle error","messageBody":"","fileTypesAndContributionMap":{"test-code":{"insertions":0,"deletions":2}}},{"hash":"89393be47b856f6778b4712e37612bf7de9ac5ef","isMergeCommit":true,"messageTitle":"Merge pull request #82 from harithh07/Update-UG","messageBody":"Update UG","fileTypesAndContributionMap":{}}]},{"date":"2024-10-21","commitResults":[{"hash":"aec5281c91d4701448c1a45a8f49e42a629f5889","isMergeCommit":true,"messageTitle":"Merge pull request #96 from SherChew27/v1.4_taglist","messageBody":"Add listtags feature","fileTypesAndContributionMap":{}},{"hash":"5cdea4d5b82b5f1f151214245842ee8c087b5ceb","isMergeCommit":true,"messageTitle":"Merge pull request #100 from jiaxinnns/feature-mass-deletetag","messageBody":"Add mass deletetag feature","fileTypesAndContributionMap":{}}]},{"date":"2024-10-22","commitResults":[{"hash":"94a6732600cd9a9610f92acbc1ed6c959f77731d","isMergeCommit":false,"messageTitle":"Add SetRsvpCommand","messageBody":"","fileTypesAndContributionMap":{"functional-code":{"insertions":168,"deletions":126},"test-code":{"insertions":121,"deletions":131}}},{"hash":"0b537624b39337e726a0ac21382c7800e36e1c3c","isMergeCommit":false,"messageTitle":"Fix rsvp list and unlist command","messageBody":"","fileTypesAndContributionMap":{"functional-code":{"insertions":18,"deletions":64},"test-code":{"insertions":2,"deletions":1}}},{"hash":"c1cd250d01525a941d2f014489c280e561ddf350","isMergeCommit":false,"messageTitle":"Fix testcase error","messageBody":"","fileTypesAndContributionMap":{"functional-code":{"insertions":12,"deletions":11},"test-code":{"insertions":62,"deletions":12}}},{"hash":"51eb341b991afe7859dd2ead7d416a5c003f2410","isMergeCommit":false,"messageTitle":"Fix test error","messageBody":"","fileTypesAndContributionMap":{"test-code":{"insertions":1,"deletions":45}}},{"hash":"355693cedb1775b1a81234de5c7348397ac1f7fd","isMergeCommit":true,"messageTitle":"Merge branch \u0027master\u0027 into enum-rsvp","messageBody":"","fileTypesAndContributionMap":{}},{"hash":"8206a253a93482cf64cfb93cba1f52a7da58ba8b","isMergeCommit":false,"messageTitle":"Update AddressBookParser.java","messageBody":"","fileTypesAndContributionMap":{"functional-code":{"insertions":1,"deletions":1}}},{"hash":"30b81a6397ef9b8f00b054e88917e25e24cddb95","isMergeCommit":false,"messageTitle":"Fix checkstyle error","messageBody":"","fileTypesAndContributionMap":{"test-code":{"insertions":6,"deletions":6}}},{"hash":"48dfc9b2e66a6e144cca45ebc57d40e3befeb855","isMergeCommit":false,"messageTitle":"Fix error","messageBody":"","fileTypesAndContributionMap":{"functional-code":{"insertions":3,"deletions":3}}}]},{"date":"2024-10-23","commitResults":[{"hash":"70817061e3ce820d5868442086920de9537b28e2","isMergeCommit":false,"messageTitle":"Fix PR review error","messageBody":"","fileTypesAndContributionMap":{"functional-code":{"insertions":10,"deletions":9},"test-code":{"insertions":3,"deletions":3}}},{"hash":"0a22c656291adfa1d2f24b400aa062baf6dd769f","isMergeCommit":true,"messageTitle":"Merge pull request #125 from jiaxinnns/update-ug-v1.4","messageBody":"Make changes to UG for newtag and deletetag","fileTypesAndContributionMap":{}}]},{"date":"2024-10-24","commitResults":[{"hash":"ece8e120fa2fe87fabfd44028391861c478438c8","isMergeCommit":false,"messageTitle":"Update UML Diagram","messageBody":"","fileTypesAndContributionMap":{"docs":{"insertions":35,"deletions":0}}},{"hash":"19a379c5d6f5a323ba825ea30f2bd17ff8d19482","isMergeCommit":false,"messageTitle":"Update UML Diagram","messageBody":"","fileTypesAndContributionMap":{"docs":{"insertions":1,"deletions":0}}}]},{"date":"2024-10-29","commitResults":[{"hash":"0da94cbba59f003d7cabebf81e76664111663001","isMergeCommit":false,"messageTitle":"Delete tag throws confirmation before deleting existing tag","messageBody":"","fileTypesAndContributionMap":{"functional-code":{"insertions":83,"deletions":4}}},{"hash":"71c6b842dd2e7df90e9a8f9bca3351481a4b7b28","isMergeCommit":false,"messageTitle":"Fix checkstyle error","messageBody":"","fileTypesAndContributionMap":{"functional-code":{"insertions":11,"deletions":4}}},{"hash":"fea55ba5bfa621a4ccae840e0a316a43a430b431","isMergeCommit":false,"messageTitle":"Add testcase","messageBody":"","fileTypesAndContributionMap":{"functional-code":{"insertions":12,"deletions":1},"test-code":{"insertions":43,"deletions":3}}},{"hash":"b290f23724ce87da36a15be25cd8ff72ca66fd25","isMergeCommit":false,"messageTitle":"Fix testcase error","messageBody":"","fileTypesAndContributionMap":{"test-code":{"insertions":1,"deletions":1}}},{"hash":"56c1512e5ab3c325f5296ed5b3fe4773d36a94a7","isMergeCommit":false,"messageTitle":"Fix minor nits","messageBody":"","fileTypesAndContributionMap":{"functional-code":{"insertions":10,"deletions":6}}}]},{"date":"2024-11-01","commitResults":[{"hash":"23bf41a7711642bbe7e83975a2ae7778ab7511a8","isMergeCommit":true,"messageTitle":"Merge branch \u0027master\u0027 into UML-Diagram","messageBody":"","fileTypesAndContributionMap":{}},{"hash":"77e777b8336d8d30ffa03d276aea7edc89fc813b","isMergeCommit":true,"messageTitle":"Merge pull request #151 from harithh07/Update-UI","messageBody":"Update UI","fileTypesAndContributionMap":{}},{"hash":"4bc0a2a1076a2723d0fec9dfb88c92cadc996d19","isMergeCommit":true,"messageTitle":"Merge pull request #156 from jiaxinnns/improve-code-quality","messageBody":"Improve code quality (NewTag, DeleteTag, RenameTag)","fileTypesAndContributionMap":{}},{"hash":"49844c0aaf5f716a4862287a41246ef96ecbd850","isMergeCommit":false,"messageTitle":"Fix UML error","messageBody":"","fileTypesAndContributionMap":{"docs":{"insertions":0,"deletions":1}}},{"hash":"1789d3e88ac895d1723d2d327484abe88f847551","isMergeCommit":true,"messageTitle":"Merge pull request #158 from zeonchew0324/master","messageBody":"Fix UML error","fileTypesAndContributionMap":{}},{"hash":"5050e742fd8eab0e99e81819c410762a570ca1dd","isMergeCommit":false,"messageTitle":"Fix Delete Tag","messageBody":"","fileTypesAndContributionMap":{"functional-code":{"insertions":41,"deletions":93},"test-code":{"insertions":86,"deletions":16}}}]},{"date":"2024-11-02","commitResults":[{"hash":"05f55a60e7bb562f0978d3a567d7fbeee93414d0","isMergeCommit":false,"messageTitle":"Fix description error","messageBody":"","fileTypesAndContributionMap":{"functional-code":{"insertions":1,"deletions":1}}},{"hash":"e113effab2dbd9af0ca6cef0562d385b0586b98c","isMergeCommit":true,"messageTitle":"Merge pull request #160 from SherChew27/v1.5_undo_command","messageBody":"Add undo command","fileTypesAndContributionMap":{}},{"hash":"b6c489320fb4d6168ab7ec3a2ad1cf4beebbb974","isMergeCommit":true,"messageTitle":"Merge pull request #180 from kvernnn/update-dg","messageBody":"Update DG and UG","fileTypesAndContributionMap":{}},{"hash":"5d706939f7055f8d63f02dc155e8d5b93302c2cd","isMergeCommit":false,"messageTitle":"Fix minor nits in UG","messageBody":"","fileTypesAndContributionMap":{"docs":{"insertions":1,"deletions":1}}}]},{"date":"2024-11-03","commitResults":[{"hash":"98e9c766f1b2a92885142f917e9205959f8d788c","isMergeCommit":true,"messageTitle":"Merge branch \u0027master\u0027 into forcedelete-tag","messageBody":"","fileTypesAndContributionMap":{}},{"hash":"fb097bc40dd6543857a7bd2c42c5860d48b4976c","isMergeCommit":false,"messageTitle":"Update DeleteTagCommand.java","messageBody":"","fileTypesAndContributionMap":{"functional-code":{"insertions":1,"deletions":0}}},{"hash":"f138d79fb0466f4adec3923705e2e200ee3d1683","isMergeCommit":false,"messageTitle":"Fixed deletetag error","messageBody":"","fileTypesAndContributionMap":{"functional-code":{"insertions":61,"deletions":19},"test-code":{"insertions":4,"deletions":3}}}]},{"date":"2024-11-04","commitResults":[{"hash":"54edd2ead87fe9e2a6fbbe480498a23c478dad23","isMergeCommit":true,"messageTitle":"Merge pull request #193 from zeonchew0324/ug-wk11","messageBody":"Fix minor nits in UG","fileTypesAndContributionMap":{}},{"hash":"4927147c6fed15a6b0181a0554552d2f67415e6a","isMergeCommit":false,"messageTitle":"Fix coding standard","messageBody":"","fileTypesAndContributionMap":{"functional-code":{"insertions":72,"deletions":55},"test-code":{"insertions":5,"deletions":5}}}]},{"date":"2024-11-05","commitResults":[{"hash":"2437bd4b13d7cb2886efb338bb6d58def237885f","isMergeCommit":true,"messageTitle":"Merge pull request #199 from jiaxinnns/alpha-bug-fix","messageBody":"Improve error messages","fileTypesAndContributionMap":{}}]}],"kvernnn":[{"date":"2024-10-03","commitResults":[{"hash":"31eab84077471e26f5be69dfd57874d0d2a954f0","isMergeCommit":false,"messageTitle":"Update AboutUs","messageBody":"","fileTypesAndContributionMap":{"docs":{"insertions":3,"deletions":3}}},{"hash":"dabb89f9bd7d0adee95bfc68b6ced57a3acee47c","isMergeCommit":true,"messageTitle":"Merge branch \u0027master\u0027 of https://github.com/kvernnn/tp","messageBody":"","fileTypesAndContributionMap":{}}]},{"date":"2024-10-05","commitResults":[{"hash":"98fa70e67c1dea47d88d67de4e6fa76d62059c93","isMergeCommit":true,"messageTitle":"Merge pull request #36 from jiaxinnns/Update-Project-Website","messageBody":"Update project website","fileTypesAndContributionMap":{}},{"hash":"347f9351e356762144d440586379399d94d00b0d","isMergeCommit":true,"messageTitle":"Merge pull request #38 from jiaxinnns/Update-DG","messageBody":"Update DG (target user, value proposition, user stories)","fileTypesAndContributionMap":{}},{"hash":"aa6bdfc63ec775a7f2a8cafd31beab2726c691fe","isMergeCommit":true,"messageTitle":"Merge branch \u0027master\u0027 of https://github.com/kvernnn/tp","messageBody":"","fileTypesAndContributionMap":{}},{"hash":"25dc7bd930157a1db5d1b314af014748597591d6","isMergeCommit":false,"messageTitle":"Update Glossary","messageBody":"","fileTypesAndContributionMap":{"docs":{"insertions":8,"deletions":1}}},{"hash":"bc8520f89ee5f08a35169cfe8e8fb7101d8479f4","isMergeCommit":true,"messageTitle":"Merge pull request #45 from zeonchew0324/update-useCase","messageBody":"Update use case to DG","fileTypesAndContributionMap":{}}]},{"date":"2024-10-09","commitResults":[{"hash":"a19c05bbbe500792406a4f6e7a71bcb8d420ee2a","isMergeCommit":true,"messageTitle":"Merge branch \u0027master\u0027 of https://github.com/kvernnn/tp","messageBody":"","fileTypesAndContributionMap":{}},{"hash":"b6b15b2a60ae7c8889512fcaaa06fc85f6b0566b","isMergeCommit":true,"messageTitle":"Merge pull request #50 from jiaxinnns/Newtag-Parser","messageBody":"Add parser support for \u0027newtag\u0027 command","fileTypesAndContributionMap":{}},{"hash":"b24c21c75ebf4df454322675eb7d00aec55f689e","isMergeCommit":false,"messageTitle":"Add TagCommand standalone class","messageBody":"","fileTypesAndContributionMap":{"functional-code":{"insertions":81,"deletions":0}}},{"hash":"2a825f4bc646e3ddeaa1eceea07b2cdee40ec3ea","isMergeCommit":false,"messageTitle":"Implement updating of tag on a Person in TagCommand class","messageBody":"","fileTypesAndContributionMap":{"functional-code":{"insertions":25,"deletions":4}}},{"hash":"8bf3738ed17e10c07103fafd20d2354e62f1d5fd","isMergeCommit":false,"messageTitle":"Create TagCommandParser class to handle user input","messageBody":"","fileTypesAndContributionMap":{"functional-code":{"insertions":58,"deletions":6}}},{"hash":"eb0d2528966250be20a1cbcfcea48ef59b6f07a3","isMergeCommit":false,"messageTitle":"Allow greater range of characters for tags","messageBody":"","fileTypesAndContributionMap":{"functional-code":{"insertions":9,"deletions":8}}}]},{"date":"2024-10-10","commitResults":[{"hash":"2b7b1ff66f7b5cbc9e7bbe5f37866f9c307b9fb3","isMergeCommit":true,"messageTitle":"Merge branch \u0027master\u0027 into feature-guest-tagging","messageBody":"","fileTypesAndContributionMap":{}},{"hash":"9e13d225286ab92f8fe01e0a3677c0d300749343","isMergeCommit":true,"messageTitle":"Merge branch \u0027master\u0027 of https://github.com/kvernnn/tp","messageBody":"","fileTypesAndContributionMap":{}},{"hash":"ca3a6803cdef7fae68f9e9309c03f3cd78abd73e","isMergeCommit":true,"messageTitle":"Merge branch \u0027feature-guest-tagging\u0027 of https://github.com/kvernnn/tp into feature-guest-tagging","messageBody":"","fileTypesAndContributionMap":{}},{"hash":"4b3d3528488639b14abb213f8b6ed402dca20331","isMergeCommit":false,"messageTitle":"Fix checkstyle errors","messageBody":"","fileTypesAndContributionMap":{"functional-code":{"insertions":22,"deletions":16}}},{"hash":"9a6d859e04a23112dc31fc470e2f238bbbfd97a8","isMergeCommit":true,"messageTitle":"Merge branch \u0027master\u0027 of https://github.com/kvernnn/tp","messageBody":"","fileTypesAndContributionMap":{}}]},{"date":"2024-10-11","commitResults":[{"hash":"89b22151b72d9ffd6666d98538cb884edad70f1d","isMergeCommit":true,"messageTitle":"Merge pull request #64 from harithh07/Add-input-checks","messageBody":"Add input checks for \u0027name\u0027 and \u0027phone\u0027 fields","fileTypesAndContributionMap":{}}]},{"date":"2024-10-15","commitResults":[{"hash":"3b19914a34faaf2a947060a9204ad6ff417bc974","isMergeCommit":true,"messageTitle":"Merge branch \u0027master\u0027 of https://github.com/kvernnn/tp","messageBody":"","fileTypesAndContributionMap":{}},{"hash":"99bf1f0731102fcf1f0f544b2928c32ff740aa0d","isMergeCommit":false,"messageTitle":"Add UntagCommand and UntagCommandParser to integrate untagging logic","messageBody":"","fileTypesAndContributionMap":{"functional-code":{"insertions":154,"deletions":1}}},{"hash":"3f8d15604a3a495a408d6bb679e3041e8d431500","isMergeCommit":false,"messageTitle":"Add test cases for UntagCommand under UntagCommandTest","messageBody":"","fileTypesAndContributionMap":{"functional-code":{"insertions":9,"deletions":9},"test-code":{"insertions":124,"deletions":0}}}]},{"date":"2024-10-16","commitResults":[{"hash":"9265e803b0b073702b5f18791951e047a75ab085","isMergeCommit":true,"messageTitle":"Merge pull request #67 from jiaxinnns/newtag-logic","messageBody":"Newtag logic","fileTypesAndContributionMap":{}},{"hash":"5310e114c6987cdbb407853d8360bcd26da52ebb","isMergeCommit":true,"messageTitle":"Merge branches \u0027master\u0027 and \u0027master\u0027 of https://github.com/kvernnn/tp","messageBody":"","fileTypesAndContributionMap":{}},{"hash":"375060d3bcf58ce06a89c65cb72996bc5a7c9d3d","isMergeCommit":false,"messageTitle":"Integrate tag and newtag functions","messageBody":"","fileTypesAndContributionMap":{"functional-code":{"insertions":0,"deletions":2}}},{"hash":"713121cb8c7a79231cecc782c1d5d32fd7f9ce32","isMergeCommit":false,"messageTitle":"Add TagCommandTest class for testing of TagCommand with newtag logic","messageBody":"","fileTypesAndContributionMap":{"functional-code":{"insertions":1,"deletions":1},"test-code":{"insertions":129,"deletions":0}}},{"hash":"3c25203918169b125d6ece985328cba70d1048c4","isMergeCommit":true,"messageTitle":"Merge pull request #74 from jiaxinnns/newtag-logic","messageBody":"Update test cases for newtag logic","fileTypesAndContributionMap":{}},{"hash":"4031b36f947fff63761cb95970d5b13e7aa83470","isMergeCommit":false,"messageTitle":"Fix bug where tag can be tagged on a person without first creating it using newtag through add command","messageBody":"","fileTypesAndContributionMap":{"functional-code":{"insertions":9,"deletions":2},"test-code":{"insertions":2,"deletions":1}}}]},{"date":"2024-10-17","commitResults":[{"hash":"ebfdab43f19d127247385efe96ed4c92361c154c","isMergeCommit":true,"messageTitle":"Merge pull request #80 from jiaxinnns/newtag-storage","messageBody":"Add storage for newtag command","fileTypesAndContributionMap":{}},{"hash":"9750f64d5702f421dca33f8fbde741a66200d77b","isMergeCommit":true,"messageTitle":"Merge pull request #86 from harithh07/RSVPList","messageBody":"Add filter by RSVP status","fileTypesAndContributionMap":{}},{"hash":"e140568bcdb45b945a8a38cc12d5668c0c0b0227","isMergeCommit":true,"messageTitle":"Merge branch \u0027master\u0027 of https://github.com/kvernnn/tp","messageBody":"","fileTypesAndContributionMap":{}},{"hash":"6a361e6dc910cf9ea7d9f8fa1e5881eaa69d140c","isMergeCommit":false,"messageTitle":"Fix bug where \u0027tag 1\u0027 does not throw an error","messageBody":"","fileTypesAndContributionMap":{"functional-code":{"insertions":11,"deletions":2}}},{"hash":"406e893f061fd74d74c7c3e088b61535d940dfd6","isMergeCommit":false,"messageTitle":"Remove unused import in UntagCommandParser class","messageBody":"","fileTypesAndContributionMap":{"functional-code":{"insertions":0,"deletions":1}}},{"hash":"d65e37c07f0b36c325eb7ffb81caed80504afcc8","isMergeCommit":true,"messageTitle":"Merge branch \u0027master\u0027 of https://github.com/kvernnn/tp","messageBody":"","fileTypesAndContributionMap":{}}]},{"date":"2024-10-21","commitResults":[{"hash":"533a3269226c54db5c2e183c1c536d6aba13ec9b","isMergeCommit":true,"messageTitle":"Merge branch \u0027master\u0027 of https://github.com/kvernnn/tp","messageBody":"","fileTypesAndContributionMap":{}}]},{"date":"2024-10-22","commitResults":[{"hash":"9c9b0c278652fc826ec91e00a382f0368a6c266b","isMergeCommit":false,"messageTitle":"Implement panel to show tags created using newtag command","messageBody":"","fileTypesAndContributionMap":{"functional-code":{"insertions":138,"deletions":11},"test-code":{"insertions":10,"deletions":0}}},{"hash":"d21ec6cf14c6640cef3ca3605f939c19ddebff73","isMergeCommit":false,"messageTitle":"Add new line at EOF for TagListPanel.fxml","messageBody":"","fileTypesAndContributionMap":{"functional-code":{"insertions":1,"deletions":1}}},{"hash":"ca882f1bd68a1e65ecff6333257626118f0b04c8","isMergeCommit":false,"messageTitle":"Fix test case in TagListTest","messageBody":"","fileTypesAndContributionMap":{"functional-code":{"insertions":5,"deletions":1}}},{"hash":"3d200e6dc13d2440264fc1563a61776f217f40c2","isMergeCommit":true,"messageTitle":"Merge pull request #104 from jiaxinnns/update-ug","messageBody":"Update UG with V1.4 features","fileTypesAndContributionMap":{}},{"hash":"02c5b58e9f8953a98e2e510d78ee8858b91f25a0","isMergeCommit":false,"messageTitle":"Change layout of the TagListPanel to be horizontal using FlowPane","messageBody":"","fileTypesAndContributionMap":{"functional-code":{"insertions":12,"deletions":33}}},{"hash":"9863801948dd8cce51f0c52fa8cae57206a39ced","isMergeCommit":false,"messageTitle":"Add different random colours to the tags","messageBody":"","fileTypesAndContributionMap":{"functional-code":{"insertions":74,"deletions":3}}},{"hash":"9204084487dd70308e9e44d2bc7cd42fbd75cf9e","isMergeCommit":false,"messageTitle":"Sort the tags in TagListPanel alphabetically in display","messageBody":"","fileTypesAndContributionMap":{"functional-code":{"insertions":16,"deletions":12}}},{"hash":"45761b995f837613b4b1e3ab2d948ea2f71cee80","isMergeCommit":false,"messageTitle":"Fix Checkstyle errors","messageBody":"","fileTypesAndContributionMap":{"functional-code":{"insertions":23,"deletions":22}}},{"hash":"d9497c53a5bb9ba0816c70dbeb213adce369a515","isMergeCommit":false,"messageTitle":"Add title for TagListPanel","messageBody":"","fileTypesAndContributionMap":{"functional-code":{"insertions":18,"deletions":4}}},{"hash":"3d6ac751289a94de24361f9f1b80c9f8ebe1bc99","isMergeCommit":true,"messageTitle":"Merge pull request #102 from jiaxinnns/enable-assertions","messageBody":"Enable assertions in build.gradle","fileTypesAndContributionMap":{}},{"hash":"dedb93f78308c146ddc2e4eba816c20df47a8c2c","isMergeCommit":true,"messageTitle":"Merge pull request #110 from SherChew27/v1.4_filterTag","messageBody":"Edit FilterTag input checking","fileTypesAndContributionMap":{}},{"hash":"e8391d9f5d786d938044633c24fba1bda3c0e822","isMergeCommit":true,"messageTitle":"Merge branch \u0027master\u0027 of https://github.com/kvernnn/tp","messageBody":"","fileTypesAndContributionMap":{}},{"hash":"1a8eeaa4ddaa42a76cca460748d0dd7b1dab8253","isMergeCommit":false,"messageTitle":"Fix font colouring for the tag panel title","messageBody":"","fileTypesAndContributionMap":{"functional-code":{"insertions":2,"deletions":3}}}]},{"date":"2024-10-23","commitResults":[{"hash":"6cddad97d7e8a3da5c45722454bc3e546b9f8be5","isMergeCommit":false,"messageTitle":"Update UserGuide for users to better understand the application","messageBody":"","fileTypesAndContributionMap":{"functional-code":{"insertions":1,"deletions":1},"docs":{"insertions":47,"deletions":38}}},{"hash":"af4c0a0db0acb1332c3c0c184242111a2d80916a","isMergeCommit":false,"messageTitle":"Fix NewtagCommandTest testcases","messageBody":"","fileTypesAndContributionMap":{"test-code":{"insertions":1,"deletions":1}}},{"hash":"d748d2cd7f9ac9962685289cbe57abf9ef70c8ff","isMergeCommit":false,"messageTitle":"Change tag and untag comands to accept case-insensitive inputs","messageBody":"","fileTypesAndContributionMap":{"functional-code":{"insertions":2,"deletions":2}}},{"hash":"379d5897067dab81ae0c6f503e2b013e59943738","isMergeCommit":true,"messageTitle":"Merge pull request #109 from zeonchew0324/enum-rsvp-new","messageBody":"Change RSVP implementation","fileTypesAndContributionMap":{}},{"hash":"6beeee536028ad667f4296d701253f66416f0e36","isMergeCommit":true,"messageTitle":"Merge branch \u0027master\u0027 of https://github.com/kvernnn/tp","messageBody":"","fileTypesAndContributionMap":{}},{"hash":"c13f4b4621151283df2ce34bc849b9f5645f61b0","isMergeCommit":false,"messageTitle":"Fix deletetag issue where it does not remove the tag from all contacts containing it","messageBody":"","fileTypesAndContributionMap":{"functional-code":{"insertions":40,"deletions":0}}},{"hash":"805692b397c0bc11ea62f5ae515e44d8e6d429b1","isMergeCommit":false,"messageTitle":"Fix missing Override method in AddCommandTest","messageBody":"","fileTypesAndContributionMap":{"test-code":{"insertions":5,"deletions":0}}},{"hash":"715dcaf9773a939943f069a0da92534576bda39f","isMergeCommit":false,"messageTitle":"Add test case classes for TagCommandParser and UntagCommandParser","messageBody":"","fileTypesAndContributionMap":{"test-code":{"insertions":138,"deletions":0}}},{"hash":"9ebd4c80192bcf40ee24550be49857fcfe352a45","isMergeCommit":false,"messageTitle":"Fix code to obey Law of Demeter","messageBody":"","fileTypesAndContributionMap":{"functional-code":{"insertions":8,"deletions":1}}},{"hash":"06ca99af0308b346ee0dc11f040f4dfa8b87a145","isMergeCommit":true,"messageTitle":"Merge pull request #115 from jiaxinnns/feature-mass-newtag","messageBody":"Add support for mass newtag","fileTypesAndContributionMap":{}},{"hash":"e7ee90caf38a27eb0822b137703f2a59e870d641","isMergeCommit":true,"messageTitle":"Merge pull request #119 from jiaxinnns/feature-maximum-tags","messageBody":"Restrict the number of tags added by newtag command","fileTypesAndContributionMap":{}},{"hash":"26e143d686f973bb43db41be36433222727dafbc","isMergeCommit":true,"messageTitle":"Merge branch \u0027master\u0027 of https://github.com/kvernnn/tp","messageBody":"","fileTypesAndContributionMap":{}},{"hash":"0caa781465d6c7fe52a3cab43f3f01485fccf914","isMergeCommit":false,"messageTitle":"Update UG link in Help window","messageBody":"","fileTypesAndContributionMap":{"functional-code":{"insertions":3,"deletions":3}}}]},{"date":"2024-10-24","commitResults":[{"hash":"c01f4700702262c3d4bfee50f88ec85b0cce69f3","isMergeCommit":true,"messageTitle":"Merge branch \u0027master\u0027 of https://github.com/kvernnn/tp","messageBody":"","fileTypesAndContributionMap":{}},{"hash":"38938538e8e1cb0a892470b63286239ca43f9547","isMergeCommit":false,"messageTitle":"Updated UG for v1.4 alpha version","messageBody":"","fileTypesAndContributionMap":{"functional-code":{"insertions":1,"deletions":1},"docs":{"insertions":126,"deletions":78}}},{"hash":"a9a80aa885c16503c2536161855782a35927849d","isMergeCommit":true,"messageTitle":"Merge pull request #129 from harithh07/Remove-rsvplist","messageBody":"Remove rsvplist and notrsvplist commands","fileTypesAndContributionMap":{}},{"hash":"32b21a78a8ec18bb11e714d13ff696bdcbf08d32","isMergeCommit":false,"messageTitle":"Fix typos","messageBody":"","fileTypesAndContributionMap":{"docs":{"insertions":2,"deletions":2}}},{"hash":"c04db03c4461f06c8d831f7ba23ef8d544564dfc","isMergeCommit":true,"messageTitle":"Merge branch \u0027master\u0027 of https://github.com/kvernnn/tp","messageBody":"","fileTypesAndContributionMap":{}}]},{"date":"2024-10-26","commitResults":[{"hash":"758a6b877158ace96e32cfb50dfceb3c717ed185","isMergeCommit":true,"messageTitle":"Merge branch \u0027master\u0027 of https://github.com/kvernnn/tp","messageBody":"","fileTypesAndContributionMap":{}},{"hash":"e45e623b6621f17adf6b3e168f97aee91fedc8bd","isMergeCommit":false,"messageTitle":"Update UML diagram for TagCommandClass and TagCommandParser","messageBody":"","fileTypesAndContributionMap":{"docs":{"insertions":13,"deletions":8}}},{"hash":"dbccec7a6b54105b7492d4be2a56dc5b651cfcca","isMergeCommit":false,"messageTitle":"Edit UML diagrams for ModelClassDiagram and BetterModelClassDiagram and descriptions in DG","messageBody":"","fileTypesAndContributionMap":{"docs":{"insertions":184,"deletions":55}}},{"hash":"8c541efe7cc540c2b5848f8cd309b4c9bc7dca01","isMergeCommit":false,"messageTitle":"Allow multiple tags to be tagged at once when using TagCommand","messageBody":"","fileTypesAndContributionMap":{"functional-code":{"insertions":77,"deletions":41},"test-code":{"insertions":31,"deletions":13}}},{"hash":"8b8923fccdb367690da85d7708c9e391063c4bc0","isMergeCommit":false,"messageTitle":"Implement bulk tagging of multiple people in TagCommand","messageBody":"","fileTypesAndContributionMap":{"functional-code":{"insertions":77,"deletions":59},"test-code":{"insertions":117,"deletions":33}}},{"hash":"1387a2ae5e58081d901f00b11d1436d916eb3940","isMergeCommit":false,"messageTitle":"Add test cases for TagCommandParser","messageBody":"","fileTypesAndContributionMap":{"functional-code":{"insertions":26,"deletions":6},"test-code":{"insertions":38,"deletions":20}}},{"hash":"4bed64b9bd251bf4d749ce8004ca58983acd938b","isMergeCommit":false,"messageTitle":"Fix test cases due to renaming","messageBody":"","fileTypesAndContributionMap":{"test-code":{"insertions":7,"deletions":7}}}]},{"date":"2024-10-27","commitResults":[{"hash":"e429f7375e79e43d5687bf86b0cfd69da2b8d2a1","isMergeCommit":false,"messageTitle":"Fix PR comments","messageBody":"","fileTypesAndContributionMap":{"functional-code":{"insertions":5,"deletions":5},"test-code":{"insertions":2,"deletions":1}}},{"hash":"0d16d93d51dc2b83909f88a763cba8e4f715f11b","isMergeCommit":true,"messageTitle":"Merge branch \u0027master\u0027 of https://github.com/kvernnn/tp","messageBody":"","fileTypesAndContributionMap":{}},{"hash":"d47047f4a5fc3766f0707652cd5e08a4348aa9f9","isMergeCommit":false,"messageTitle":"Allow bulk tagging of multiple guests and multiple tags in a single UntagCommand command","messageBody":"","fileTypesAndContributionMap":{"functional-code":{"insertions":122,"deletions":64},"test-code":{"insertions":143,"deletions":27}}},{"hash":"4c1c16e820f0256598c150391efd6d85371dcd76","isMergeCommit":false,"messageTitle":"Edit NewtagCommand and DeletetagCommand to follow more standardised message formats","messageBody":"","fileTypesAndContributionMap":{"functional-code":{"insertions":20,"deletions":13}}},{"hash":"ec59e228edaee60df167f314836522fc83a35b2e","isMergeCommit":false,"messageTitle":"Extract methods to apply SLAP Change boolean \u0027updated\u0027 to \u0027isUpdated\u0027","messageBody":"","fileTypesAndContributionMap":{"functional-code":{"insertions":71,"deletions":45}}}]},{"date":"2024-10-28","commitResults":[{"hash":"1f88be02cbb9f9be6169e430c1f138c808fd3bc5","isMergeCommit":false,"messageTitle":"Fix changes from PR comments","messageBody":"","fileTypesAndContributionMap":{"functional-code":{"insertions":32,"deletions":25},"test-code":{"insertions":6,"deletions":8}}},{"hash":"ae6c7ffa293ed9e9517fd1eccadf0c50cf2e84e4","isMergeCommit":false,"messageTitle":"Fix typo for test case errors in NewtagCommandParserTest class","messageBody":"","fileTypesAndContributionMap":{"functional-code":{"insertions":1,"deletions":2}}}]},{"date":"2024-10-29","commitResults":[{"hash":"8e88a8daf8c862b4ee4e58592b6b2b6c848e679f","isMergeCommit":true,"messageTitle":"Merge pull request #147 from SherChew27/v1.5_chain_filter","messageBody":"Add filter command chaining","fileTypesAndContributionMap":{}},{"hash":"308d8a5c9d068dba79fbd786db6b676dd59a497e","isMergeCommit":false,"messageTitle":"Fix PR comments","messageBody":"","fileTypesAndContributionMap":{"docs":{"insertions":3,"deletions":3}}}]},{"date":"2024-10-30","commitResults":[{"hash":"209d5d9f0fb403206609db884aaa09efe1bbe417","isMergeCommit":true,"messageTitle":"Merge pull request #153 from zeonchew0324/delete-existing-tag","messageBody":"Delete existing tag throw confirmation message","fileTypesAndContributionMap":{}},{"hash":"7c13cefa33ffe1d35d9b162afb390a76592b24c7","isMergeCommit":true,"messageTitle":"Merge branch \u0027master\u0027 of https://github.com/kvernnn/tp","messageBody":"","fileTypesAndContributionMap":{}}]},{"date":"2024-11-01","commitResults":[{"hash":"2e1938b67709f69e97338f47c15f71130f043ba1","isMergeCommit":true,"messageTitle":"Merge pull request #144 from jiaxinnns/feature-rename-tag","messageBody":"Add renametag feature","fileTypesAndContributionMap":{}}]},{"date":"2024-11-02","commitResults":[{"hash":"4542e6829d7ad1478dc0133a7659ea439af0800c","isMergeCommit":true,"messageTitle":"Merge branch \u0027master\u0027 of https://github.com/kvernnn/tp","messageBody":"","fileTypesAndContributionMap":{}},{"hash":"ecf14b360cb23ab2a66ce92afcb9ea831be7cf5d","isMergeCommit":false,"messageTitle":"Update DG","messageBody":"","fileTypesAndContributionMap":{"docs":{"insertions":224,"deletions":107}}},{"hash":"9864f683dcca21b05d84e35ad6f0370f39aeb2af","isMergeCommit":false,"messageTitle":"Update UG","messageBody":"","fileTypesAndContributionMap":{"docs":{"insertions":106,"deletions":69}}},{"hash":"4394c096249d0531f859a92bde2d33267325a795","isMergeCommit":true,"messageTitle":"Merge pull request #181 from SherChew27/UML_Diagrams","messageBody":"Add Sequence Diagram for Filter Command","fileTypesAndContributionMap":{}}]},{"date":"2024-11-05","commitResults":[{"hash":"e31493aa916aef575fa67048bb6c49178cf67941","isMergeCommit":true,"messageTitle":"Merge pull request #198 from jiaxinnns/update-ug-v1.5","messageBody":"Edit UG for V1.5 changes","fileTypesAndContributionMap":{}}]}],"harithh07":[{"date":"2024-10-02","commitResults":[{"hash":"71cca95081ef5bd4a95cd973a2a577ad285cfc35","isMergeCommit":false,"messageTitle":"Update Harith\u0027s info in AboutUs page","messageBody":"","fileTypesAndContributionMap":{"docs":{"insertions":3,"deletions":3}}},{"hash":"da12476eb2049c2a8761e178b0d920de0481602d","isMergeCommit":true,"messageTitle":"Merge pull request #26 from jiaxinnns/Aboutus-Page","messageBody":"Add Jia Xin\u0027s info to AboutUs page","fileTypesAndContributionMap":{}}]},{"date":"2024-10-05","commitResults":[{"hash":"a23a0bee8c83e5f44e194a0de9e3d81a7a0689ca","isMergeCommit":true,"messageTitle":"Merge branch \u0027master\u0027 of https://github.com/harithh07/tp","messageBody":"* \u0027master\u0027 of https://github.com/harithh07/tp:\n  Update user stories\n  Fix checkstyle issues\n  Update site-wide settings\n  Update README page to match project\n  Update link of build status\n  Update AboutUs\n  Add kavan\u0027s photo\n  Add Jia Xin\u0027s photo\n  Add Sherman\u0027s Photo\n  Add photo to docs\n  Edit AboutUs.md\n  Update my info into About Us\n  Undo changes to AboutUs.md\n  Update Harith\u0027s info in AboutUs page\n  Edit AboutUs.md\n  Add Jia Xin\u0027s info to AboutUs page\n","fileTypesAndContributionMap":{}},{"hash":"3a24820d8cd244fdd68d3e576ae5bab6e7f1ccf4","isMergeCommit":false,"messageTitle":"Add and edit NFRs in DG","messageBody":"","fileTypesAndContributionMap":{"docs":{"insertions":5,"deletions":1}}}]},{"date":"2024-10-10","commitResults":[{"hash":"2e9fe347d09cc109518827693033529733e93b0b","isMergeCommit":false,"messageTitle":"Add input checks to Add and Edit commands","messageBody":"","fileTypesAndContributionMap":{"functional-code":{"insertions":6,"deletions":3},"test-code":{"insertions":14,"deletions":15}}},{"hash":"2f1d4f4415f8ecfe1b938faf32dd0e5b03bc3923","isMergeCommit":true,"messageTitle":"Merge pull request #59 from SherChew27/v1.2_remove_address","messageBody":"Remove Address field","fileTypesAndContributionMap":{}},{"hash":"8d92cb4a870276ac2bb487bdf950b5da5c47bc49","isMergeCommit":false,"messageTitle":"Resolve conflicts","messageBody":"","fileTypesAndContributionMap":{"test-code":{"insertions":5,"deletions":6}}}]},{"date":"2024-10-11","commitResults":[{"hash":"53ec5921e79341b5dc8b7b58d82b8c15192967c9","isMergeCommit":true,"messageTitle":"Merge branch \u0027master\u0027 of https://github.com/harithh07/tp into Add-input-checks","messageBody":"* \u0027master\u0027 of https://github.com/harithh07/tp:\n  Fix checkstyle error\n  Fix checkstyle error\n  Fix checkstyle error\n  Edit minor style changes\n  Edit JSON files to remove address fields\n  Edit manual refactoring and fixing test cases\n  Remove Address class\n  Fix checkstyle errors\n  Create RSVP command class and its parser\n  Allow greater range of characters for tags\n  Create TagCommandParser class to handle user input\n  Implement updating of tag on a Person in TagCommand class\n  Add TagCommand standalone class\n  Fix checkstyle violations\n  Add parser support for newtag command\n  Fix spacing issues\n  Add and edit NFRs in DG\n  Update four use cases into DG\n  Update Glossary\n\n# Conflicts:\n#\tsrc/test/data/JsonAddressBookStorageTest/invalidAndValidPersonAddressBook.json\n#\tsrc/test/java/seedu/address/logic/parser/ParserUtilTest.java\n#\tsrc/test/java/seedu/address/model/person/NameContainsKeywordsPredicateTest.java\n#\tsrc/test/java/seedu/address/testutil/TypicalPersons.java\n","fileTypesAndContributionMap":{}}]},{"date":"2024-10-16","commitResults":[{"hash":"99e705bd5c02cc91bd28cec1e9d05c24edf2195b","isMergeCommit":true,"messageTitle":"Merge branch \u0027master\u0027 of https://github.com/harithh07/tp","messageBody":"* \u0027master\u0027 of https://github.com/harithh07/tp:\n  Resolve conflicts\n  Add input checks to Add and Edit commands\n","fileTypesAndContributionMap":{}},{"hash":"31f4c0f7a768f7d7b29b8b3421e7064fce2f8ba5","isMergeCommit":false,"messageTitle":"Update \u0027Quick Start\u0027 and formatting in UG","messageBody":"","fileTypesAndContributionMap":{"docs":{"insertions":15,"deletions":11}}},{"hash":"96d695900919315278509f89c79ffefb3994c4f4","isMergeCommit":true,"messageTitle":"Merge pull request #78 from kvernnn/integrate-tag-with-newtag","messageBody":"Integrate TagCommand with NewtagCommand","fileTypesAndContributionMap":{}},{"hash":"3d40b6a678bf5181a650135ea6bdea27790e5702","isMergeCommit":false,"messageTitle":"Update Features in UG","messageBody":"","fileTypesAndContributionMap":{"docs":{"insertions":38,"deletions":6}}},{"hash":"1ebfef1c2d85c7032e368052bbd4a1fededcb694","isMergeCommit":false,"messageTitle":"Remove address from \u0027Quick Start\u0027","messageBody":"","fileTypesAndContributionMap":{"docs":{"insertions":1,"deletions":1}}},{"hash":"f4c9fb541a61ece70542198b3fd6cb7b876bb130","isMergeCommit":false,"messageTitle":"Update command summary","messageBody":"","fileTypesAndContributionMap":{"docs":{"insertions":8,"deletions":4}}}]},{"date":"2024-10-17","commitResults":[{"hash":"b816e53f3cc8a9d7ca6300e1cc16cee4b57a11ef","isMergeCommit":false,"messageTitle":"Add RsvpListCommand skeleton code","messageBody":"","fileTypesAndContributionMap":{"functional-code":{"insertions":47,"deletions":0}}},{"hash":"3a815d4eec789e06767329e5c3660e579d597ee5","isMergeCommit":false,"messageTitle":"Add NotRsvpListCommand skeleton code","messageBody":"","fileTypesAndContributionMap":{"functional-code":{"insertions":31,"deletions":0}}},{"hash":"d36af93ac4489ed9e515bc120d6dd1c44c91b47f","isMergeCommit":false,"messageTitle":"Add \u0027rsvp\u0027 and \u0027unrsvp\u0027 commands to UG","messageBody":"","fileTypesAndContributionMap":{"other":{"insertions":1,"deletions":1},"docs":{"insertions":12,"deletions":0}}},{"hash":"383983881cbfa59c6a429fc2f4c1e63115a7de7a","isMergeCommit":false,"messageTitle":"Fix trailing whitespace and change tag names","messageBody":"","fileTypesAndContributionMap":{"other":{"insertions":1,"deletions":1},"docs":{"insertions":11,"deletions":11}}},{"hash":"ca7687434ac767f05305672e3944a7bf6af97f4d","isMergeCommit":true,"messageTitle":"Merge pull request #85 from zeonchew0324/rsvp-toggle-new","messageBody":"Rsvp toggle new","fileTypesAndContributionMap":{}},{"hash":"8e04d9a8a5f798a6564088bfb254fd34936b4d4a","isMergeCommit":false,"messageTitle":"Add \u0027rsvplist\u0027 and \u0027unrsvplist\u0027 commands","messageBody":"","fileTypesAndContributionMap":{"docs":{"insertions":14,"deletions":0}}},{"hash":"f2a1f28d7865568356a196637be848b57e201a5c","isMergeCommit":true,"messageTitle":"Merge branch \u0027AY2425S1-CS2103T-W11-2:master\u0027 into master","messageBody":"","fileTypesAndContributionMap":{}},{"hash":"4f9ead16dbbc972527385614cf10806b892efaff","isMergeCommit":true,"messageTitle":"Merge branch \u0027master\u0027 of https://github.com/harithh07/tp","messageBody":"* \u0027master\u0027 of https://github.com/harithh07/tp: (43 commits)\n  Fix checkstyle error\n  Fix test error\n  Update PersonTest\n  Remove trailing whitespace\n  Fix Person constructor in tagCommandTest\n  Edit TagContainsKeywordsPredicate to use Tag\n  Fix checkstyle error\n  Fix Checkstyle errors\n  Fix checkstyle errors\n  Update test cases for Tag class\n  Fix checkstyle errors\n  Add test cases for JsonSerialiableAddressBook\n  Edit input format and update javadocs\n  Fix checkstyle errors\n  Add new test cases for AddressBook\n  Add filter by tag\n  Update AddressBookTest stub\n  Fix checkstyle errors\n  Add storage functionality for newtag command\n  Fix bug where tag can be tagged on a person without first creating it using newtag through add command\n  ...\n","fileTypesAndContributionMap":{}},{"hash":"96f0e48f006977e76028219509578846dac96a22","isMergeCommit":true,"messageTitle":"Merge branch \u0027master\u0027 of https://github.com/harithh07/tp into RSVPList","messageBody":"* \u0027master\u0027 of https://github.com/harithh07/tp: (43 commits)\n  Fix checkstyle error\n  Fix test error\n  Update PersonTest\n  Remove trailing whitespace\n  Fix Person constructor in tagCommandTest\n  Edit TagContainsKeywordsPredicate to use Tag\n  Fix checkstyle error\n  Fix Checkstyle errors\n  Fix checkstyle errors\n  Update test cases for Tag class\n  Fix checkstyle errors\n  Add test cases for JsonSerialiableAddressBook\n  Edit input format and update javadocs\n  Fix checkstyle errors\n  Add new test cases for AddressBook\n  Add filter by tag\n  Update AddressBookTest stub\n  Fix checkstyle errors\n  Add storage functionality for newtag command\n  Fix bug where tag can be tagged on a person without first creating it using newtag through add command\n  ...\n\n# Conflicts:\n#\tsrc/main/java/seedu/address/logic/parser/AddressBookParser.java\n","fileTypesAndContributionMap":{}},{"hash":"5be7af040e07ab9fbb18e1b47b8e0be8c9a9e8c3","isMergeCommit":false,"messageTitle":"Fix checkstyle issues and add JavaDocs","messageBody":"","fileTypesAndContributionMap":{"functional-code":{"insertions":15,"deletions":9}}},{"hash":"343b8b7ff7bda4a8522d77a1034182c5ed77b28c","isMergeCommit":true,"messageTitle":"Merge pull request #88 from kvernnn/fix-tagcommand-bug","messageBody":"Fix TagCommand and UntagCommand bug","tags":["v1.3"],"fileTypesAndContributionMap":{}},{"hash":"2ced1c5f26e909e954aa0b2872388a4ad231edd7","isMergeCommit":true,"messageTitle":"Merge branch \u0027master\u0027 of https://github.com/harithh07/tp","messageBody":"* \u0027master\u0027 of https://github.com/harithh07/tp:\n  Fix checkstyle issues and add JavaDocs\n  Add \u0027rsvplist\u0027 and \u0027unrsvplist\u0027 commands\n  Fix trailing whitespace and change tag names\n  Add \u0027rsvp\u0027 and \u0027unrsvp\u0027 commands to UG\n  Add NotRsvpListCommand skeleton code\n  Add RsvpListCommand skeleton code\n  Update command summary\n  Remove address from \u0027Quick Start\u0027\n  Update Features in UG\n  Update \u0027Quick Start\u0027 and formatting in UG\n","fileTypesAndContributionMap":{}},{"hash":"7e2d476fc10eac3eef082b353d442205d62db497","isMergeCommit":true,"messageTitle":"Merge branch \u0027AY2425S1-CS2103T-W11-2:master\u0027 into master","messageBody":"","fileTypesAndContributionMap":{}}]},{"date":"2024-10-18","commitResults":[{"hash":"b55313d5d9bedccb955cf71b2221c2e6448ce9ca","isMergeCommit":false,"messageTitle":"Add getRsvpStatusCard() method in Person class","messageBody":"","fileTypesAndContributionMap":{"functional-code":{"insertions":16,"deletions":1}}},{"hash":"1a5c222e045d4b0f5632bc3c12c45002d0b49e84","isMergeCommit":false,"messageTitle":"Add RSVP status to PersonCard","messageBody":"","fileTypesAndContributionMap":{"functional-code":{"insertions":32,"deletions":7}}}]},{"date":"2024-10-19","commitResults":[{"hash":"9a4aa26dca5478bb2109e43099e66d7da588878d","isMergeCommit":false,"messageTitle":"Change RSVPed colour to green","messageBody":"","fileTypesAndContributionMap":{"functional-code":{"insertions":1,"deletions":1}}}]},{"date":"2024-10-21","commitResults":[{"hash":"69fa0e8e51141ac8630f09cf4efcc7fc91d8a3c6","isMergeCommit":false,"messageTitle":"Update UI colour scheme and add app name","messageBody":"","fileTypesAndContributionMap":{"functional-code":{"insertions":93,"deletions":51}}},{"hash":"f830a917ef6f9a56393d7790eaa342fce7ec5c1a","isMergeCommit":true,"messageTitle":"Merge branch \u0027master\u0027 into Better-UI","messageBody":"","fileTypesAndContributionMap":{}}]},{"date":"2024-10-22","commitResults":[{"hash":"396fd187eae7c6a6e781d37145a66f8b0bb7182f","isMergeCommit":true,"messageTitle":"Merge pull request #105 from kvernnn/update-ui","messageBody":"Modify UI to display the taglist in a panel","fileTypesAndContributionMap":{}},{"hash":"a0f40a5355bf0b2def0e944f1ad2ec11d3a02c8d","isMergeCommit":true,"messageTitle":"Merge branch \u0027master\u0027 into Better-UI","messageBody":"","fileTypesAndContributionMap":{}},{"hash":"9e23df7c6942c07482f63d6582bd0eeff361f9d6","isMergeCommit":true,"messageTitle":"Merge branch \u0027master\u0027 of https://github.com/harithh07/tp","messageBody":"* \u0027master\u0027 of https://github.com/harithh07/tp: (32 commits)\n  Fix checkstyle errors\n  Fix checkstyle errors\n  Add input checking for FilterTagCommand\n  Add title for TagListPanel\n  Fix Checkstyle errors\n  Sort the tags in TagListPanel alphabetically in display\n  Add different random colours to the tags\n  Change layout of the TagListPanel to be horizontal using FlowPane\n  Fix test case in TagListTest\n  Add new line at EOF for TagListPanel.fxml\n  Implement panel to show tags created using newtag command\n  Update UG with V1.4 features\n  Update UI colour scheme and add app name\n  Enable assertions in build.gradle\n  Fix test case bug\n  Fix checkstyle errors\n  Fix checkstyle errors\n  Add test cases for mass deletetag function\n  Add support for mass deletetag\n  Add Javadoc comment for TagListCommand\n  ...\n","fileTypesAndContributionMap":{}}]},{"date":"2024-10-23","commitResults":[{"hash":"a8e8bc9d21565423a2cab9b5b8b0af76440515ab","isMergeCommit":true,"messageTitle":"Merge branch \u0027AY2425S1-CS2103T-W11-2:master\u0027 into master","messageBody":"","fileTypesAndContributionMap":{}},{"hash":"887d2b7a022f9df92f5b48112f2d495c8e813441","isMergeCommit":true,"messageTitle":"Merge branch \u0027master\u0027 of https://github.com/harithh07/tp","messageBody":"* \u0027master\u0027 of https://github.com/harithh07/tp:\n  Fix PR review error\n  Fix error\n  Fix checkstyle error\n  Update AddressBookParser.java\n  Update AddressBookParser.java\n  Fix test error\n  Fix testcase error\n  Fix rsvp list and unlist command\n  Add SetRsvpCommand\n","fileTypesAndContributionMap":{}},{"hash":"a9f9ed6128dcfb935631c19ecea112dfb3d2a523","isMergeCommit":false,"messageTitle":"Modify UI to fix RSVP status, tag list title and app name","messageBody":"","fileTypesAndContributionMap":{"functional-code":{"insertions":50,"deletions":21}}},{"hash":"0e8b20ae60f6de129c8b4e7f3a26798df28f333f","isMergeCommit":true,"messageTitle":"Merge branch \u0027master\u0027 into Edit-RSVPStatus-in-UI","messageBody":"","fileTypesAndContributionMap":{}},{"hash":"176486c4900978b7ed2704370803a3b6ab3d2960","isMergeCommit":false,"messageTitle":"Fix checkstyle errors","messageBody":"","fileTypesAndContributionMap":{"functional-code":{"insertions":5,"deletions":3}}},{"hash":"0323b4410284ef26f2a50c38df6a9d9eafb96227","isMergeCommit":true,"messageTitle":"Merge branch \u0027Edit-RSVPStatus-in-UI\u0027 of https://github.com/harithh07/tp into Edit-RSVPStatus-in-UI","messageBody":"* \u0027Edit-RSVPStatus-in-UI\u0027 of https://github.com/harithh07/tp:\n  Fix bugs in success message\n  Fix code to obey Law of Demeter\n  Fix bugs in success messages\n  Add test case classes for TagCommandParser and UntagCommandParser\n  Fix checkstyle errors\n  Fix checkstyle errors\n  Add test cases for handling of too many tags\n  Fix missing Override method in AddCommandTest\n  Add restrictions on the number of predefined tags\n  Fix deletetag issue where it does not remove the tag from all contacts containing it\n  Add test cases for NewTagCommand\n  Add test cases for mass newtag feature\n  Fix bug in test cases\n  Change tag and untag comands to accept case-insensitive inputs\n  Fix NewtagCommandTest testcases\n  Add logic for mass newtag\n  Update UserGuide for users to better understand the application\n  Fix font colouring for the tag panel title\n","fileTypesAndContributionMap":{}},{"hash":"a2db5dae85781f1f5df7ffa532af614dba009376","isMergeCommit":false,"messageTitle":"Fix single space checkstyle error","messageBody":"","fileTypesAndContributionMap":{"functional-code":{"insertions":3,"deletions":3}}},{"hash":"70fe68f0260b3c4d1b75c0685fafd5f2c6027023","isMergeCommit":true,"messageTitle":"Merge pull request #126 from SherChew27/v1.4_multipletagging","messageBody":"Add multi-filter for tags","fileTypesAndContributionMap":{}}]},{"date":"2024-10-24","commitResults":[{"hash":"295b68f6c8188fbc82d9b4c7da5fb2573dae252c","isMergeCommit":true,"messageTitle":"Merge branch \u0027master\u0027 of https://github.com/harithh07/tp","messageBody":"* \u0027master\u0027 of https://github.com/harithh07/tp: (28 commits)\n  Remove FilterCommandParserTest\n  Fix checkstyle error\n  Fix checkstyle error\n  Fix checkstyle errors\n  Add multi-filter for tags\n  Fix single space checkstyle error\n  Make changes to UG for newtag and deletetag\n  Fix checkstyle errors\n  Update UG link in Help window\n  Fix bugs in success message\n  Modify UI to fix RSVP status, tag list title and app name\n  Fix code to obey Law of Demeter\n  Fix bugs in success messages\n  Add test case classes for TagCommandParser and UntagCommandParser\n  Fix checkstyle errors\n  Fix checkstyle errors\n  Add test cases for handling of too many tags\n  Fix missing Override method in AddCommandTest\n  Add restrictions on the number of predefined tags\n  Fix deletetag issue where it does not remove the tag from all contacts containing it\n  ...\n","fileTypesAndContributionMap":{}},{"hash":"3bd6a8fa39bda53bba790b5ae9028ebf466649e6","isMergeCommit":false,"messageTitle":"Add input check for filtering tag and add filtering by RSVP status","messageBody":"","fileTypesAndContributionMap":{"functional-code":{"insertions":86,"deletions":9}}},{"hash":"5a8485d8d023904864ebe6b9ddfbe7ba93ab27ab","isMergeCommit":false,"messageTitle":"Add input checks and update error messages","messageBody":"","fileTypesAndContributionMap":{"functional-code":{"insertions":11,"deletions":6}}},{"hash":"875be9c6d4ddc042819d6f94cd1f87cf98852617","isMergeCommit":false,"messageTitle":"Add JavaDocs and fix checkstyle errors","messageBody":"","fileTypesAndContributionMap":{"functional-code":{"insertions":19,"deletions":1}}},{"hash":"73da25a4b120fe0e04a8cdd674fd2605323a4b2e","isMergeCommit":false,"messageTitle":"Remove RsvpListCommand and NotRsvpListCommand","messageBody":"","fileTypesAndContributionMap":{"functional-code":{"insertions":0,"deletions":71}}},{"hash":"9026d39cb74cbb8b4f4f86f27da37bd6540b5031","isMergeCommit":true,"messageTitle":"Merge pull request #131 from kvernnn/update-ug-v3","messageBody":"Update UG","tags":["v1.4"],"fileTypesAndContributionMap":{}}]},{"date":"2024-10-25","commitResults":[{"hash":"5cb2d0af96c01206a447a0dbcac6b1a61116018b","isMergeCommit":false,"messageTitle":"Enable assertions in build.gradle","messageBody":"","fileTypesAndContributionMap":{"other":{"insertions":1,"deletions":0}}},{"hash":"7cf149c4decff1ad43616d8b27e39331aec494ee","isMergeCommit":false,"messageTitle":"Remove TagListCommand","messageBody":"","fileTypesAndContributionMap":{"functional-code":{"insertions":0,"deletions":22},"test-code":{"insertions":0,"deletions":29}}},{"hash":"8209c56802dfe1b356fb04b513088edf245e52b1","isMergeCommit":true,"messageTitle":"Merge branch \u0027master\u0027 of https://github.com/harithh07/tp","messageBody":"* \u0027master\u0027 of https://github.com/harithh07/tp:\n  Enable assertions in build.gradle\n  Fix typos\n  Updated UG for v1.4 alpha version\n","fileTypesAndContributionMap":{}}]},{"date":"2024-10-27","commitResults":[{"hash":"0c9cd4a2e3145b63f8fca72766784d1602f7db26","isMergeCommit":true,"messageTitle":"Merge pull request #134 from SherChew27/v1.4_multifilter","messageBody":"Update test case for Filter","fileTypesAndContributionMap":{}}]},{"date":"2024-10-29","commitResults":[{"hash":"d0f28b3754e68f4aef3361dd7052c0d43b224a31","isMergeCommit":false,"messageTitle":"Add field identifier before each field in PersonCard","messageBody":"","fileTypesAndContributionMap":{"functional-code":{"insertions":21,"deletions":14}}},{"hash":"301b9613cd534053acced02fadeef30a731703ae","isMergeCommit":true,"messageTitle":"Merge pull request #138 from kvernnn/update-uml-diagrams","messageBody":"Update UML diagrams and descriptions in DG","fileTypesAndContributionMap":{}},{"hash":"ab03fe2687747f25576c836be56398bece2918cd","isMergeCommit":false,"messageTitle":"Change title font","messageBody":"","fileTypesAndContributionMap":{"functional-code":{"insertions":8,"deletions":5}}}]}],"SherChew27":[{"date":"2024-10-02","commitResults":[{"hash":"490a9f3facbbe22b1617f80de85771b0556b887e","isMergeCommit":false,"messageTitle":"Edit AboutUs.md","messageBody":"","fileTypesAndContributionMap":{"docs":{"insertions":3,"deletions":3}}},{"hash":"5a51a7f2788b7d70f1f689ef563049719a9d0b1d","isMergeCommit":false,"messageTitle":"Undo changes to AboutUs.md","messageBody":"","fileTypesAndContributionMap":{"docs":{"insertions":3,"deletions":3}}},{"hash":"1ffd4f3b93446959fb4bf41f99d31b57f114da07","isMergeCommit":false,"messageTitle":"Edit AboutUs.md","messageBody":"","fileTypesAndContributionMap":{"docs":{"insertions":3,"deletions":3}}},{"hash":"eb2b383ce283ac344d4ca69f8d415ecf42bea3bd","isMergeCommit":true,"messageTitle":"Merge pull request #28 from zeonchew0324/update-AboutUs","messageBody":"Update Tsze Honn\u0027s info into About Us","fileTypesAndContributionMap":{}}]},{"date":"2024-10-10","commitResults":[{"hash":"741394c64bf6f599bd1b9e0597ea1bec4c85c6ce","isMergeCommit":false,"messageTitle":"Remove Address class","messageBody":"","fileTypesAndContributionMap":{"functional-code":{"insertions":12,"deletions":143},"test-code":{"insertions":30,"deletions":167}}},{"hash":"3d18a1f3c1d6362770cffae7de1a4e482305beea","isMergeCommit":false,"messageTitle":"Edit manual refactoring and fixing test cases","messageBody":"","fileTypesAndContributionMap":{"functional-code":{"insertions":3,"deletions":14},"test-code":{"insertions":27,"deletions":77}}},{"hash":"134ef698e4bb236f80c01f36113540696d4f9569","isMergeCommit":false,"messageTitle":"Edit minor style changes","messageBody":"","fileTypesAndContributionMap":{"functional-code":{"insertions":2,"deletions":1}}},{"hash":"630e6dd300e1260c03eee82c99bf20e9cccb4b43","isMergeCommit":true,"messageTitle":"Merge pull request #63 from zeonchew0324/parser-RSVP","messageBody":"Create RSVP class and parser","fileTypesAndContributionMap":{}}]},{"date":"2024-10-16","commitResults":[{"hash":"2d6852c75db4a29d609db1585b4e8003567d3f22","isMergeCommit":false,"messageTitle":"Add filter by tag","messageBody":"","fileTypesAndContributionMap":{"functional-code":{"insertions":122,"deletions":0}}}]},{"date":"2024-10-17","commitResults":[{"hash":"3a44bd13d29dc0e0eb2c11996e7059774c1833fc","isMergeCommit":false,"messageTitle":"Edit input format and update javadocs","messageBody":"","fileTypesAndContributionMap":{"functional-code":{"insertions":23,"deletions":6}}},{"hash":"888d60cd226d80e0041aaac17365c600fe8ec7cd","isMergeCommit":false,"messageTitle":"Fix checkstyle errors","messageBody":"","fileTypesAndContributionMap":{"functional-code":{"insertions":10,"deletions":8}}},{"hash":"ab4694901297e42bf5a0fdd87e5aed1af54ecfbf","isMergeCommit":false,"messageTitle":"Fix Checkstyle errors","messageBody":"","fileTypesAndContributionMap":{"functional-code":{"insertions":4,"deletions":4}}},{"hash":"fd68f16b872165210740745d9c5269fb3fed7d5e","isMergeCommit":false,"messageTitle":"Edit TagContainsKeywordsPredicate to use Tag","messageBody":"","fileTypesAndContributionMap":{"functional-code":{"insertions":5,"deletions":4}}}]},{"date":"2024-10-21","commitResults":[{"hash":"76242d94fbfe1cf692acd415ead66afda81eeb4a","isMergeCommit":false,"messageTitle":"Add taglist command","messageBody":"","fileTypesAndContributionMap":{"functional-code":{"insertions":17,"deletions":0}}},{"hash":"8329fc2dc7664a1051ed975580d307c6d9dfa19f","isMergeCommit":false,"messageTitle":"Edit display format of TagList","messageBody":"","fileTypesAndContributionMap":{"functional-code":{"insertions":1,"deletions":1}}},{"hash":"4190343cbc49928a9fbe2f4b323ac2b88a8e0db9","isMergeCommit":false,"messageTitle":"Add TagListCommandTest","messageBody":"","fileTypesAndContributionMap":{"functional-code":{"insertions":3,"deletions":2},"test-code":{"insertions":29,"deletions":0}}},{"hash":"6f3b4700abcfa39b1f774b7680c610a0e3047e5c","isMergeCommit":false,"messageTitle":"Add Javadoc comment for TagListCommand","messageBody":"","fileTypesAndContributionMap":{"functional-code":{"insertions":5,"deletions":1}}},{"hash":"c233d180cf7173c92f0065ed430b213df502424c","isMergeCommit":true,"messageTitle":"Merge pull request #95 from jiaxinnns/feature-deletetag","messageBody":"Add logic for deletetag command","fileTypesAndContributionMap":{}}]},{"date":"2024-10-22","commitResults":[{"hash":"3be4c0eaaea83b3a9acb65cd6d706e533e211fe9","isMergeCommit":false,"messageTitle":"Add input checking for FilterTagCommand","messageBody":"","fileTypesAndContributionMap":{"functional-code":{"insertions":21,"deletions":3},"test-code":{"insertions":88,"deletions":0}}},{"hash":"b55c4036bbeebfc39588970900913e00ee680b8a","isMergeCommit":false,"messageTitle":"Fix checkstyle errors","messageBody":"","fileTypesAndContributionMap":{"functional-code":{"insertions":1,"deletions":1}}},{"hash":"8c605c11145b7d6fa565b83aa855d17b002f33f9","isMergeCommit":false,"messageTitle":"Fix checkstyle errors","messageBody":"","fileTypesAndContributionMap":{"test-code":{"insertions":1,"deletions":1}}}]},{"date":"2024-10-23","commitResults":[{"hash":"3e1104061654208a2d8dd9be0615ced70f363721","isMergeCommit":false,"messageTitle":"Add multi-filter for tags","messageBody":"","fileTypesAndContributionMap":{"functional-code":{"insertions":52,"deletions":65},"test-code":{"insertions":9,"deletions":67}}},{"hash":"1862a40de2ec98d8f25ffc34bd5b389c4fe1046a","isMergeCommit":false,"messageTitle":"Fix checkstyle errors","messageBody":"","fileTypesAndContributionMap":{"functional-code":{"insertions":14,"deletions":13},"test-code":{"insertions":0,"deletions":1}}},{"hash":"6e07fd63c5360c2180541a7ebb80901b115be780","isMergeCommit":false,"messageTitle":"Fix checkstyle error","messageBody":"","fileTypesAndContributionMap":{"functional-code":{"insertions":2,"deletions":0}}},{"hash":"6889073f5d45ae32e456e09021c15a566623fd7d","isMergeCommit":false,"messageTitle":"Fix checkstyle error","messageBody":"","fileTypesAndContributionMap":{"test-code":{"insertions":1,"deletions":12}}},{"hash":"ca04d2bc276fffd29ebdac712c54f2314668a0fc","isMergeCommit":false,"messageTitle":"Remove FilterCommandParserTest","messageBody":"","fileTypesAndContributionMap":{"test-code":{"insertions":0,"deletions":18}}}]},{"date":"2024-10-24","commitResults":[{"hash":"c24a3611dcecdb35a80bf51f9aebafb6d7959fdf","isMergeCommit":true,"messageTitle":"Merge pull request #127 from harithh07/FilterCommand-Input-Check","messageBody":"Add filtering by RSVP status and add input checks in FilterCommand","fileTypesAndContributionMap":{}},{"hash":"31978dc72f510d35b98df9c7359a53e2c1fe57a3","isMergeCommit":false,"messageTitle":"Add additional input checking for FilterCommand","messageBody":"","fileTypesAndContributionMap":{"functional-code":{"insertions":20,"deletions":3}}},{"hash":"4d2c1524ff3a0ea4f10c31d21769953acdcee2cd","isMergeCommit":false,"messageTitle":"Add test cases for FilterCommand and FilterCommandParser","messageBody":"","fileTypesAndContributionMap":{"functional-code":{"insertions":15,"deletions":0},"test-code":{"insertions":132,"deletions":0}}},{"hash":"616251b4bcb6a09445bba76dda6de353859a3560","isMergeCommit":false,"messageTitle":"Fix checkstyle error","messageBody":"","fileTypesAndContributionMap":{"functional-code":{"insertions":14,"deletions":5}}},{"hash":"7ea9fe21d0315d04cde16ff25ddf46d96908a87b","isMergeCommit":false,"messageTitle":"Fix checkstyle error","messageBody":"","fileTypesAndContributionMap":{"functional-code":{"insertions":0,"deletions":1}}},{"hash":"cbb4c000e413415bd6535659cb539a58ac5a63fd","isMergeCommit":false,"messageTitle":"Fix checkstyle error","messageBody":"","fileTypesAndContributionMap":{"test-code":{"insertions":10,"deletions":10}}}]},{"date":"2024-10-25","commitResults":[{"hash":"4e74d3c47f176dee04c3ca8c3f66ceb28668a014","isMergeCommit":false,"messageTitle":"Fix checkstyle error","messageBody":"","fileTypesAndContributionMap":{"test-code":{"insertions":2,"deletions":2}}}]},{"date":"2024-10-26","commitResults":[{"hash":"ad28ef69f4d7b012b9f3b5a431cf0bc9958982dc","isMergeCommit":false,"messageTitle":"Edit FilterCommandParser message","messageBody":"","fileTypesAndContributionMap":{"functional-code":{"insertions":2,"deletions":2}}},{"hash":"e4a61db49fac67756a2f5c4c5e32d56b6813b696","isMergeCommit":true,"messageTitle":"Merge pull request #137 from harithh07/Remove-TagListCommand","messageBody":"Remove TagListCommand","fileTypesAndContributionMap":{}}]},{"date":"2024-10-27","commitResults":[{"hash":"873c899cca9697fae4e03205ab7eb77a1b1064bd","isMergeCommit":true,"messageTitle":"Merge pull request #141 from kvernnn/bulk-tagging","messageBody":"Bulk tagging for multiple guests and multiple tags","fileTypesAndContributionMap":{}}]},{"date":"2024-10-28","commitResults":[{"hash":"5467aa9fbc2a09ccf57112bc3d37b974fc20fc20","isMergeCommit":false,"messageTitle":"Add chain filtering function","messageBody":"","fileTypesAndContributionMap":{"functional-code":{"insertions":11,"deletions":3},"test-code":{"insertions":110,"deletions":2}}},{"hash":"d189a4d552f9455eeca001b67dc77add9cc47e91","isMergeCommit":false,"messageTitle":"Fix checkstyle error","messageBody":"","fileTypesAndContributionMap":{"test-code":{"insertions":3,"deletions":1}}}]},{"date":"2024-11-01","commitResults":[{"hash":"2d750e2879fd0d4a4ec99a1ca3c1198f481cf39a","isMergeCommit":false,"messageTitle":"Add undo command","messageBody":"","fileTypesAndContributionMap":{"functional-code":{"insertions":145,"deletions":28},"test-code":{"insertions":15,"deletions":0}}},{"hash":"27deeee0847e8d8754a4b07a7ccfcc5804c6d43f","isMergeCommit":false,"messageTitle":"Add undo for Tag and Untag Command","messageBody":"","fileTypesAndContributionMap":{"functional-code":{"insertions":44,"deletions":8}}},{"hash":"87c55ff33b1de2f3fbd06df27c8ca67b72991336","isMergeCommit":true,"messageTitle":"Merge branch \u0027master\u0027 into v1.5_undo_command","messageBody":"# Conflicts:\n#\tsrc/main/java/seedu/address/logic/parser/AddressBookParser.java\n","fileTypesAndContributionMap":{}},{"hash":"a62ec3cb1cc472b4b40e693b4a0a16947e6b02b5","isMergeCommit":false,"messageTitle":"Edit AddressBookParser class","messageBody":"","fileTypesAndContributionMap":{"functional-code":{"insertions":0,"deletions":3}}},{"hash":"6c3569c46ac6142ab247581dc27e9d6b6a7958ec","isMergeCommit":false,"messageTitle":"Fix checkstyle error","messageBody":"","fileTypesAndContributionMap":{"functional-code":{"insertions":13,"deletions":6}}},{"hash":"4c8916701b0e64183ade597e388c84dfc3cfe44b","isMergeCommit":false,"messageTitle":"Fix checkstyle error","messageBody":"","fileTypesAndContributionMap":{"functional-code":{"insertions":2,"deletions":2}}}]},{"date":"2024-11-02","commitResults":[{"hash":"f237e4cb3119a82fa8ac65b96482800eb260cf23","isMergeCommit":false,"messageTitle":"Add undo method for DeleteTagCommand","messageBody":"","fileTypesAndContributionMap":{"functional-code":{"insertions":67,"deletions":22},"test-code":{"insertions":6,"deletions":1}}},{"hash":"585bec2c50d2211a196cb8ab66181a14324fe1bb","isMergeCommit":false,"messageTitle":"Fix checkstyle error","messageBody":"","fileTypesAndContributionMap":{"functional-code":{"insertions":21,"deletions":2}}},{"hash":"ca1ad3dd0b157b46bf64d63514a1fcff5c3f8d26","isMergeCommit":false,"messageTitle":"Add undo for RenameTag","messageBody":"","fileTypesAndContributionMap":{"functional-code":{"insertions":10,"deletions":1}}},{"hash":"262315709316d799c5e82fca771d4d9b52b16dd5","isMergeCommit":false,"messageTitle":"Edit RenameTag","messageBody":"","fileTypesAndContributionMap":{"functional-code":{"insertions":3,"deletions":0}}},{"hash":"bbc716bf2635a2248fe04077a2cc6e27dcd99096","isMergeCommit":false,"messageTitle":"Add UndoCommandTest","messageBody":"","fileTypesAndContributionMap":{"functional-code":{"insertions":4,"deletions":1},"test-code":{"insertions":35,"deletions":0}}},{"hash":"180351b9db4831b2129aa446a8d8693eec99975b","isMergeCommit":false,"messageTitle":"Change UndoableCommand to abstract class","messageBody":"","fileTypesAndContributionMap":{"functional-code":{"insertions":27,"deletions":33}}},{"hash":"a8af6077a931e72fa6b2b9f480dc6a6fed8a82fd","isMergeCommit":false,"messageTitle":"Add Testcases for UndoCommand","messageBody":"","fileTypesAndContributionMap":{"functional-code":{"insertions":8,"deletions":6},"test-code":{"insertions":224,"deletions":1}}},{"hash":"850ad5b069544e3e258d621c26b63adb5810b90b","isMergeCommit":false,"messageTitle":"Add Sequence diagram for Filter command","messageBody":"","fileTypesAndContributionMap":{"docs":{"insertions":11,"deletions":0}}},{"hash":"be7eec6daf8eeda2fcbce373247c02afa9813d3a","isMergeCommit":false,"messageTitle":"Update Sequence diagram for Filter Command","messageBody":"","fileTypesAndContributionMap":{"docs":{"insertions":20,"deletions":7}}}]},{"date":"2024-11-03","commitResults":[{"hash":"2298a4a497da8a4675f8ec336fd90fad8d1a4df2","isMergeCommit":false,"messageTitle":"Update UG with Undo","messageBody":"","fileTypesAndContributionMap":{"docs":{"insertions":25,"deletions":0}}}]},{"date":"2024-11-04","commitResults":[{"hash":"acf22168d2804a9ab6e2b5be0b3c1916534edca9","isMergeCommit":false,"messageTitle":"Fix undo for DeleteTagCommand","messageBody":"","fileTypesAndContributionMap":{"functional-code":{"insertions":1,"deletions":1}}}]}]},"authorFileTypeContributionMap":{"jiaxinnns":{"docs":83,"functional-code":943,"test-code":968,"other":8},"zeonchew0324":{"docs":78,"functional-code":275,"test-code":246},"kvernnn":{"docs":528,"functional-code":722,"test-code":649},"harithh07":{"docs":40,"functional-code":300,"test-code":19,"other":1},"SherChew27":{"docs":52,"functional-code":466,"test-code":559}},"authorContributionVariance":{"jiaxinnns":18319.727,"zeonchew0324":16767.408,"kvernnn":28841.336,"harithh07":1994.6315,"SherChew27":13003.78},"authorDisplayNameMap":{"jiaxinnns":"CS2103T-W11-2 LOH .. XIN","zeonchew0324":"CS2103T-W11-2 CHEW..HONN","kvernnn":"CS2103T-W11-2 TAN ..AVAN","harithh07":"CS2103T-W11-2 HARI..ZLAN","SherChew27":"CS2103T-W11-2 CHEW..RMAN"}}
