{"authorDailyContributionsMap":{"kellywsq03":[{"date":"2024-10-01","commitResults":[{"hash":"4bff38f58c55d7ab7d881436a4f12dcce11fa861","isMergeCommit":false,"messageTitle":"Update AboutUs page","messageBody":"","fileTypesAndContributionMap":{"docs":{"insertions":5,"deletions":6}}},{"hash":"fb36555a2c8d59a96a87fe5aae5cd1ac9f0984b6","isMergeCommit":true,"messageTitle":"Merge pull request #19 from aldentantan/edit-aboutus","messageBody":"Edit Alden\u0027s AboutUs details","fileTypesAndContributionMap":{}},{"hash":"fa2aeeb2f09117adece5af1d840e0b56f55bd998","isMergeCommit":true,"messageTitle":"Merge pull request #9 from Johnwz123/docs/update-project-website","messageBody":"Update project website","fileTypesAndContributionMap":{}}]},{"date":"2024-10-10","commitResults":[{"hash":"4e923bda35cb28eac6a1a658ce2d12bcdc32e0ea","isMergeCommit":false,"messageTitle":"Add outline for ecname/ parameter","messageBody":"","fileTypesAndContributionMap":{"functional-code":{"insertions":6,"deletions":5}}},{"hash":"e9a4d40bd67e47c0feff2aa3894954a23f5fefc1","isMergeCommit":false,"messageTitle":"Fix checkstyle","messageBody":"","fileTypesAndContributionMap":{"functional-code":{"insertions":8,"deletions":3}}}]},{"date":"2024-10-14","commitResults":[{"hash":"24cb21b96ae4ed660a3668d94d8b27b1984a6be5","isMergeCommit":false,"messageTitle":"Add simple functionality for adding emergency contact","messageBody":"","fileTypesAndContributionMap":{"functional-code":{"insertions":47,"deletions":16}}},{"hash":"fba50a6edb8fc6becac0ad37ad7263162b3f05ce","isMergeCommit":false,"messageTitle":"Add emergency contact field to GUI","messageBody":"","fileTypesAndContributionMap":{"functional-code":{"insertions":5,"deletions":1}}},{"hash":"1eb7cf5c67d2827d3449d4e561a8f32de2bc8dfe","isMergeCommit":false,"messageTitle":"Update User Guide","messageBody":"","fileTypesAndContributionMap":{"docs":{"insertions":7,"deletions":5}}},{"hash":"39cd7befa62a5355f1be3382d56fcc7dbe0d28f8","isMergeCommit":true,"messageTitle":"Merge branch \u0027master\u0027 into branch-emergency-add Sync branch-emergency-add with tp master.","messageBody":"","fileTypesAndContributionMap":{}},{"hash":"a038f376423e804e85bf2222a0fb928b203183dc","isMergeCommit":false,"messageTitle":"Update test cases to include emergency contact field","messageBody":"","fileTypesAndContributionMap":{"test-code":{"insertions":30,"deletions":11}}},{"hash":"decb14d8c7deea85963e0aed1cf6ce0dd0ec5d6a","isMergeCommit":false,"messageTitle":"Fix more test cases","messageBody":"","fileTypesAndContributionMap":{"functional-code":{"insertions":1,"deletions":1},"test-code":{"insertions":26,"deletions":48}}},{"hash":"1ace139ac3f10cddc11681f5602cfd66a3d12745","isMergeCommit":false,"messageTitle":"Fix checkstyle","messageBody":"","fileTypesAndContributionMap":{"test-code":{"insertions":41,"deletions":6}}}]},{"date":"2024-10-15","commitResults":[{"hash":"74dc8bbb6cfbf2b406d5ce00aeb55e0f27682d1c","isMergeCommit":false,"messageTitle":"Add Emergency Contact class","messageBody":"","fileTypesAndContributionMap":{"functional-code":{"insertions":451,"deletions":99},"test-code":{"insertions":5,"deletions":5}}},{"hash":"2296156767dea039543b854e6fd58ca5e2d091f6","isMergeCommit":false,"messageTitle":"Print Emergency Contact correctly","messageBody":"","fileTypesAndContributionMap":{"functional-code":{"insertions":13,"deletions":4}}}]},{"date":"2024-10-16","commitResults":[{"hash":"c8cab48bad4dc5a219374bce378e58082713b638","isMergeCommit":false,"messageTitle":"Fix checkstyle","messageBody":"","fileTypesAndContributionMap":{"functional-code":{"insertions":1,"deletions":9},"test-code":{"insertions":89,"deletions":21}}},{"hash":"40333b69d92cf706f392f44f2c297c528aaf9a26","isMergeCommit":false,"messageTitle":"Add Emergency Contact Fields to test cases","messageBody":"","fileTypesAndContributionMap":{"functional-code":{"insertions":8,"deletions":0},"test-code":{"insertions":96,"deletions":32}}},{"hash":"b843d95116d594453f633fd1f0d62499a6de074c","isMergeCommit":false,"messageTitle":"Fix checkstyle","messageBody":"","fileTypesAndContributionMap":{"test-code":{"insertions":17,"deletions":4}}},{"hash":"4f6e00e015d9c40d0249ec3538c73481b0135c13","isMergeCommit":false,"messageTitle":"Fix test cases","messageBody":"","fileTypesAndContributionMap":{"functional-code":{"insertions":35,"deletions":2},"test-code":{"insertions":6,"deletions":0}}},{"hash":"3dd9aa851ab825b58adfb2003659ef4b64831000","isMergeCommit":false,"messageTitle":"Remove Emergency Contact field from EditCommandDescriptor","messageBody":"","fileTypesAndContributionMap":{"functional-code":{"insertions":14,"deletions":33},"test-code":{"insertions":15,"deletions":9}}},{"hash":"7cadeea2d981dd67dd113645e74b721ac71b7328","isMergeCommit":false,"messageTitle":"Fix Checkstyle","messageBody":"","fileTypesAndContributionMap":{"functional-code":{"insertions":78,"deletions":22}}},{"hash":"67dd95a92b7ce4d634302f0b8ea2d0ea403398ea","isMergeCommit":true,"messageTitle":"Merge pull request #52 from Johnwz123/feature/archive","messageBody":"Add Archive command functionality and tests","fileTypesAndContributionMap":{}},{"hash":"27ec657218f3268f654d2df580f33968a42ec40a","isMergeCommit":false,"messageTitle":"Update UserGuide","messageBody":"","fileTypesAndContributionMap":{"docs":{"insertions":9,"deletions":4}}},{"hash":"4755f291b7cf64859550073c2792ad6e418b037d","isMergeCommit":true,"messageTitle":"Merge branch \u0027master\u0027 into branch-emergency-add","messageBody":"","fileTypesAndContributionMap":{}},{"hash":"6aaa0273757abaf0c33d67dea908278a0c511f65","isMergeCommit":true,"messageTitle":"Merge pull request #53 from saajidshaik02/branch-undo-command","messageBody":"Add Undo Command Functionalities [COMPLETE]","fileTypesAndContributionMap":{}}]},{"date":"2024-10-17","commitResults":[{"hash":"e94fe762d070ffc9aa5cb41c26616a275d55b15a","isMergeCommit":true,"messageTitle":"Merge pull request #55 from aldentantan/doctor-class","messageBody":"Implement Doctor field, updated Add and Edit commands","tags":["v1.3"],"fileTypesAndContributionMap":{}},{"hash":"24b5964e989766b7238dc4489beb7d3815aec127","isMergeCommit":false,"messageTitle":"Add test cases for EmergencyContact","messageBody":"","fileTypesAndContributionMap":{"test-code":{"insertions":4,"deletions":0}}},{"hash":"bb124f4e310be60e444ff2b27b64a54b8c1817ce","isMergeCommit":false,"messageTitle":"Add test cases for EmergencyContact","messageBody":"","fileTypesAndContributionMap":{"functional-code":{"insertions":6,"deletions":5},"test-code":{"insertions":186,"deletions":2}}},{"hash":"e3d611b8f2fee640e9bc04c45c19db14af0eb205","isMergeCommit":true,"messageTitle":"Merge branch \u0027master\u0027 into branch-emergency-add","messageBody":"","fileTypesAndContributionMap":{}},{"hash":"e40e2eadb3bf9753054a9093fda164d40d0fc720","isMergeCommit":false,"messageTitle":"Fix checkstyle","messageBody":"","fileTypesAndContributionMap":{"functional-code":{"insertions":2,"deletions":2},"test-code":{"insertions":0,"deletions":8}}},{"hash":"09f635e69aa2e8d58db8481ac4525bbace0f669d","isMergeCommit":false,"messageTitle":"Add Relationship tests","messageBody":"","fileTypesAndContributionMap":{"functional-code":{"insertions":0,"deletions":5},"test-code":{"insertions":107,"deletions":0}}}]},{"date":"2024-10-21","commitResults":[{"hash":"197f2147a94466ff5c1f2ebe1e046b381854ce45","isMergeCommit":false,"messageTitle":"Add addec command","messageBody":"","fileTypesAndContributionMap":{"functional-code":{"insertions":133,"deletions":0}}},{"hash":"73e41cb81790019e5fbab1817a397042303562b8","isMergeCommit":false,"messageTitle":"Add emergencyContacts List to JsonAdaptedPerson","messageBody":"","fileTypesAndContributionMap":{"functional-code":{"insertions":126,"deletions":64}}},{"hash":"0106066e1e2e57a1274d8373c543911cfd24d1d3","isMergeCommit":false,"messageTitle":"Add emergencyContacts List to JsonAdaptedPerson","messageBody":"","fileTypesAndContributionMap":{"functional-code":{"insertions":2,"deletions":0}}},{"hash":"0d50dcdfd65eef8ce1b2fe83389b1c25c2393a2c","isMergeCommit":false,"messageTitle":"Update sample address book data","messageBody":"","fileTypesAndContributionMap":{"functional-code":{"insertions":82,"deletions":18}}},{"hash":"c4fa12d286b6e2b4f16616851225741cc02493c6","isMergeCommit":false,"messageTitle":"Add multiple emergency contacts to UI","messageBody":"","fileTypesAndContributionMap":{"functional-code":{"insertions":14,"deletions":9}}}]},{"date":"2024-10-22","commitResults":[{"hash":"284d5318af02a72c694873c6f1ae855739917dc9","isMergeCommit":false,"messageTitle":"Fix Edit command bugs","messageBody":"","fileTypesAndContributionMap":{"functional-code":{"insertions":61,"deletions":21}}},{"hash":"1b249b3e9bdc6d30ac424bba4f59b6c1b2f93488","isMergeCommit":false,"messageTitle":"Fix bugs in loading the json file","messageBody":"","fileTypesAndContributionMap":{"functional-code":{"insertions":1,"deletions":1}}},{"hash":"39079b4c2906223462a6c6ac95338130d9f14968","isMergeCommit":false,"messageTitle":"Update UI for EmergencyContact fields","messageBody":"","fileTypesAndContributionMap":{"functional-code":{"insertions":196,"deletions":23}}},{"hash":"e7ce50cfde7e9fe056656cf852726236226766ae","isMergeCommit":false,"messageTitle":"Implement add emergency contact command","messageBody":"","fileTypesAndContributionMap":{"functional-code":{"insertions":143,"deletions":66}}},{"hash":"2850c4a521ffa0aa533bb0cb24fcee978c1e78c2","isMergeCommit":false,"messageTitle":"Add Delete Emergency Contact feature","messageBody":"","fileTypesAndContributionMap":{"functional-code":{"insertions":70,"deletions":13}}},{"hash":"2aee5a8085c9972d9421e8bd90ce875711db2229","isMergeCommit":false,"messageTitle":"Fix checkstyle and tests","messageBody":"","fileTypesAndContributionMap":{"functional-code":{"insertions":67,"deletions":43},"test-code":{"insertions":108,"deletions":89}}},{"hash":"85ec2c91a36af2b8085bdb8a5bebc1555f7349b3","isMergeCommit":false,"messageTitle":"Fix test cases","messageBody":"","fileTypesAndContributionMap":{"functional-code":{"insertions":10,"deletions":7},"test-code":{"insertions":29,"deletions":27}}}]},{"date":"2024-10-23","commitResults":[{"hash":"340d9c46989cf51d2d1bdf1f5715035f81b1a93c","isMergeCommit":false,"messageTitle":"Fix bugs","messageBody":"","fileTypesAndContributionMap":{"functional-code":{"insertions":19,"deletions":2},"test-code":{"insertions":4,"deletions":12}}},{"hash":"1ac90b68cfabd6a722eb28b9ca1b55d6a6eadd2e","isMergeCommit":false,"messageTitle":"Fix checkstyle","messageBody":"","fileTypesAndContributionMap":{"test-code":{"insertions":12,"deletions":1}}},{"hash":"7151fa934e07fa467feaa46b5d1525a2553679a4","isMergeCommit":true,"messageTitle":"Merge branch \u0027master\u0027 into multiple-emergency-contact","messageBody":"","fileTypesAndContributionMap":{}},{"hash":"798a610e43c02853004108f63bf34a664916a5da","isMergeCommit":false,"messageTitle":"Added ec/ field to delete command","messageBody":"","fileTypesAndContributionMap":{"functional-code":{"insertions":77,"deletions":12}}},{"hash":"dc37f0353c5d2a082cfe4670f313c3f81a1d9378","isMergeCommit":false,"messageTitle":"Removed unnecessary EmptyEmergencyContactIndex class and relevant fields","messageBody":"","fileTypesAndContributionMap":{"functional-code":{"insertions":1,"deletions":18}}},{"hash":"b0da18a80621058cff8672cd1854cf8a9fbf277a","isMergeCommit":false,"messageTitle":"Remove EmptyEmergencyContactIndex class from test cases","messageBody":"","fileTypesAndContributionMap":{"test-code":{"insertions":13,"deletions":12}}},{"hash":"529dca7f69c13c30bb09b1e63a0e066637978ce9","isMergeCommit":false,"messageTitle":"Improve immutability of Person emergencyContacts fields","messageBody":"","fileTypesAndContributionMap":{"functional-code":{"insertions":58,"deletions":27},"test-code":{"insertions":0,"deletions":1}}},{"hash":"a3c4f4cf5bc1265ca3cb8c10607cc2e0b570a2db","isMergeCommit":false,"messageTitle":"Fix checkstyle","messageBody":"","fileTypesAndContributionMap":{"functional-code":{"insertions":7,"deletions":4}}},{"hash":"fe07886bed216116189b46951ec758dc6aa98964","isMergeCommit":false,"messageTitle":"Add AddEmergencyContactCommand tests","messageBody":"","fileTypesAndContributionMap":{"functional-code":{"insertions":1,"deletions":1},"test-code":{"insertions":155,"deletions":5}}},{"hash":"e0afc12640df982d674575fdca5bc75065e4a02f","isMergeCommit":false,"messageTitle":"Add Delete command tests","messageBody":"","fileTypesAndContributionMap":{"functional-code":{"insertions":1,"deletions":2},"test-code":{"insertions":131,"deletions":26}}},{"hash":"d811cc394692e023c139c4147d6064aaaa9abd8e","isMergeCommit":false,"messageTitle":"Add Addec Command tests","messageBody":"","fileTypesAndContributionMap":{"test-code":{"insertions":127,"deletions":0}}},{"hash":"7b9ec8dcce367641b01e2d6a398639bf46da4661","isMergeCommit":false,"messageTitle":"Fix checkstyle","messageBody":"","fileTypesAndContributionMap":{"functional-code":{"insertions":10,"deletions":2},"test-code":{"insertions":156,"deletions":74}}},{"hash":"503bec19cb32a82e8d2c456ed9426377d62ccced","isMergeCommit":false,"messageTitle":"Improve code coverage","messageBody":"","fileTypesAndContributionMap":{"test-code":{"insertions":9,"deletions":0}}},{"hash":"c243b9e4d2d673affa6fb713e06e9d22949b89c7","isMergeCommit":false,"messageTitle":"Update UserGuide","messageBody":"","fileTypesAndContributionMap":{"docs":{"insertions":19,"deletions":7}}}]},{"date":"2024-10-24","commitResults":[{"hash":"c67b7f327232f37d7671ad90a0a531a9b60407bb","isMergeCommit":false,"messageTitle":"Fix UserGuide formatting","messageBody":"","fileTypesAndContributionMap":{"docs":{"insertions":1,"deletions":1}}},{"hash":"83b6d9aa33a2f0a3235361df8e156dbb5eac4308","isMergeCommit":true,"messageTitle":"Merge branch \u0027master\u0027 into multiple-emergency-contact","messageBody":"","fileTypesAndContributionMap":{}},{"hash":"0ce37c363d488fa4dabf866fda0b818540fe2296","isMergeCommit":false,"messageTitle":"Fix UserGuide formatting","messageBody":"","fileTypesAndContributionMap":{"docs":{"insertions":12,"deletions":11}}}]},{"date":"2024-10-25","commitResults":[{"hash":"49b78cbdcfdbcc6d37a1747c5da3bcdc8ffd24d5","isMergeCommit":false,"messageTitle":"Update UML","messageBody":"","fileTypesAndContributionMap":{"functional-code":{"insertions":6,"deletions":6},"docs":{"insertions":9,"deletions":1}}},{"hash":"4272b2aecb8b8c05d2a5103504f1e2aafca35c43","isMergeCommit":true,"messageTitle":"Merge branch \u0027master\u0027 into multiple-emergency-contact","messageBody":"","fileTypesAndContributionMap":{}},{"hash":"8d4dcdda2e08514b7683a4d12f2dd29148791321","isMergeCommit":false,"messageTitle":"Update UML diagrams","messageBody":"","fileTypesAndContributionMap":{"docs":{"insertions":3,"deletions":1}}}]},{"date":"2024-11-02","commitResults":[{"hash":"dee8edcee45eb1c7ed107ea70ffbc97d0b59c920","isMergeCommit":false,"messageTitle":"Fix command example messages","messageBody":"","fileTypesAndContributionMap":{"functional-code":{"insertions":3,"deletions":3}}},{"hash":"c264e6faf91efe2f78f196c8034efefbe23de95c","isMergeCommit":true,"messageTitle":"Merge pull request #90 from kellywsq03/multiple-emergency-contact","messageBody":"Fix command example messages","fileTypesAndContributionMap":{}}]},{"date":"2024-11-05","commitResults":[{"hash":"54ad7c68e704406a5021c8478e9b49cc9b918db8","isMergeCommit":true,"messageTitle":"Merge pull request #111 from Johnwz123/feature/delete-archive","messageBody":"Delete Archive Command","fileTypesAndContributionMap":{}}]}],"aldentantan":[{"date":"2024-10-01","commitResults":[{"hash":"5633f55a4d7df76a80fd1b0b3e20173fe7021db5","isMergeCommit":false,"messageTitle":"Edit AboutUs details","messageBody":"","fileTypesAndContributionMap":{"docs":{"insertions":5,"deletions":6}}},{"hash":"07c60e44c01611d26719841d8d3178824fa34706","isMergeCommit":true,"messageTitle":"Merge pull request #22 from kellywsq03/branch-update-about-us","messageBody":"Update Kelly\u0027s AboutUs page","fileTypesAndContributionMap":{}},{"hash":"cec65c701a21cec402922d76472922b387c20f07","isMergeCommit":true,"messageTitle":"Merge branch \u0027AY2425S1-CS2103T-T13-1:master\u0027 into add-aldens-photo","messageBody":"","fileTypesAndContributionMap":{}}]},{"date":"2024-10-10","commitResults":[{"hash":"b41894cc74da8e3e35bc0eb31f4438f9051c5ca0","isMergeCommit":false,"messageTitle":"Add base code for doctor\u0027s name implementation","messageBody":"","fileTypesAndContributionMap":{"functional-code":{"insertions":67,"deletions":0}}},{"hash":"90d52006681262a47aec975653254b2ca9c2adf2","isMergeCommit":false,"messageTitle":"Add tests for DoctorName","messageBody":"","fileTypesAndContributionMap":{"test-code":{"insertions":60,"deletions":0}}},{"hash":"3770209b58c82048875efe194ca21f1abf037372","isMergeCommit":false,"messageTitle":"Fix bug","messageBody":"","fileTypesAndContributionMap":{"functional-code":{"insertions":1,"deletions":1}}},{"hash":"79d9b2f3f0189700b7b6593c698d5b7e2127e09b","isMergeCommit":false,"messageTitle":"Fix bug","messageBody":"","fileTypesAndContributionMap":{"functional-code":{"insertions":1,"deletions":1}}},{"hash":"9b2bccd1b2994dfc76878b28c35cfe161eb04609","isMergeCommit":false,"messageTitle":"Update DoctorNameTest","messageBody":"","fileTypesAndContributionMap":{"test-code":{"insertions":14,"deletions":14}}},{"hash":"11a464aab42699b8c8d35d7e3eb6f60f0aeca00a","isMergeCommit":false,"messageTitle":"Fix bug","messageBody":"","fileTypesAndContributionMap":{"test-code":{"insertions":1,"deletions":1}}},{"hash":"60554e0e16c96091cfa6b01c3b712cdb2b8cc2a4","isMergeCommit":true,"messageTitle":"Merge pull request #47 from aldentantan/doctor-name","messageBody":"Add base code for doctor\u0027s name implementation","fileTypesAndContributionMap":{}}]},{"date":"2024-10-16","commitResults":[{"hash":"3bf04162e20b9e13fb65a357fce9753fceec253d","isMergeCommit":true,"messageTitle":"Merge pull request #51 from kellywsq03/branch-emergency-add","messageBody":"Branch emergency add","fileTypesAndContributionMap":{}},{"hash":"da0922f30f38d649b94f499a40ef859ef61b0f60","isMergeCommit":false,"messageTitle":"Add logic for adding Doctor field to Person","messageBody":"","fileTypesAndContributionMap":{"functional-code":{"insertions":173,"deletions":22},"test-code":{"insertions":27,"deletions":6}}},{"hash":"84d438b76b6fc623534888fdb4da788dd3901c35","isMergeCommit":false,"messageTitle":"Update UI for Doctor field in Person","messageBody":"","fileTypesAndContributionMap":{"functional-code":{"insertions":9,"deletions":0}}},{"hash":"557f394660dee881cb59e640acd945ef95df62c1","isMergeCommit":false,"messageTitle":"Update sample data after adding Doctor field to Person","messageBody":"","fileTypesAndContributionMap":{"functional-code":{"insertions":9,"deletions":1}}},{"hash":"eafbe5ed9fda4a175fe5f4e85c36eabfc806c7a5","isMergeCommit":false,"messageTitle":"Update Json storage data for Doctor field","messageBody":"","fileTypesAndContributionMap":{"functional-code":{"insertions":85,"deletions":1}}},{"hash":"fbe36824782fe89b0ef26ca1e31554a309f1d1ea","isMergeCommit":true,"messageTitle":"Merge remote-tracking branch \u0027origin/master\u0027 into doctor-class","messageBody":"","fileTypesAndContributionMap":{}},{"hash":"5604af89c44ffcaeb0ff6d908c6c0a9c462ae1dc","isMergeCommit":false,"messageTitle":"Update edit command for Doctor field","messageBody":"","fileTypesAndContributionMap":{"functional-code":{"insertions":98,"deletions":11}}},{"hash":"bfae91dc0f8b353234ff559036b0b9b6fbcad9d3","isMergeCommit":false,"messageTitle":"Update UI to display Doctor field for Person","messageBody":"","fileTypesAndContributionMap":{"functional-code":{"insertions":10,"deletions":1}}},{"hash":"6d1f42f2e4a9bbdfd509491186ecbda0fc22f0ed","isMergeCommit":false,"messageTitle":"Update tests for new Doctor field","messageBody":"","fileTypesAndContributionMap":{"test-code":{"insertions":86,"deletions":12}}},{"hash":"426c402a433c1825165bbe43e8992c220be00846","isMergeCommit":false,"messageTitle":"Address checkstyle issues","messageBody":"","fileTypesAndContributionMap":{"functional-code":{"insertions":7,"deletions":3}}},{"hash":"a69c6bd81e69daf5b77e529d778082d4f447996f","isMergeCommit":false,"messageTitle":"Address checkstyle","messageBody":"","fileTypesAndContributionMap":{"test-code":{"insertions":2,"deletions":1}}},{"hash":"6a7fa83e5eb6b78f48b1ae2af56f0f9557c60265","isMergeCommit":true,"messageTitle":"Merge pull request #54 from saajidshaik02/branch-redo-command","messageBody":"Add Redo Command [COMPLETE]","fileTypesAndContributionMap":{}}]},{"date":"2024-10-17","commitResults":[{"hash":"209d29058c39eceb96576d46e815eba9fb1bd359","isMergeCommit":true,"messageTitle":"Merge remote-tracking branch \u0027origin/master\u0027 into doctor-class","messageBody":"","fileTypesAndContributionMap":{}},{"hash":"2cafbc8a10fc2e8bf0687171c50cd5776db4dcda","isMergeCommit":false,"messageTitle":"Fix test cases after implementing Doctor field","messageBody":"","fileTypesAndContributionMap":{"functional-code":{"insertions":3,"deletions":0},"test-code":{"insertions":154,"deletions":13}}},{"hash":"6eedf2d6d066b4eb5465e765e96b23d722b939b4","isMergeCommit":false,"messageTitle":"Update User Guide","messageBody":"","fileTypesAndContributionMap":{"docs":{"insertions":9,"deletions":7}}},{"hash":"f0a0a805d9bad6a18bf9580667a8803b84a72d48","isMergeCommit":false,"messageTitle":"Fix checkstyle errors","messageBody":"","fileTypesAndContributionMap":{"test-code":{"insertions":20,"deletions":11}}}]},{"date":"2024-10-20","commitResults":[{"hash":"1734921dacb0693e74c03e7331c78a0b0b93a21e","isMergeCommit":false,"messageTitle":"Update commands in user guide","messageBody":"","fileTypesAndContributionMap":{"docs":{"insertions":2,"deletions":2}}},{"hash":"9218b521b16afc4d0dcb2056e82b99345d4de95d","isMergeCommit":false,"messageTitle":"Updated Add Command format with updated fields","messageBody":"","fileTypesAndContributionMap":{"docs":{"insertions":1,"deletions":1}}}]},{"date":"2024-10-21","commitResults":[{"hash":"aa154c6da2b993049d23d984baaf9aa82c7735f7","isMergeCommit":false,"messageTitle":"Remove instances of AB3","messageBody":"","fileTypesAndContributionMap":{"docs":{"insertions":1,"deletions":1}}},{"hash":"7385f8a398f03f5a57f317ca1abb9cbfe80c6fb5","isMergeCommit":false,"messageTitle":"Enable assertions","messageBody":"","fileTypesAndContributionMap":{"other":{"insertions":4,"deletions":0}}}]},{"date":"2024-10-22","commitResults":[{"hash":"6d884ab83d731670c9f4f521215ad2774e85e03b","isMergeCommit":false,"messageTitle":"Change Find Command to find by any matching substring","messageBody":"","fileTypesAndContributionMap":{"functional-code":{"insertions":2,"deletions":6}}},{"hash":"e2c1d4b8a9cfbb6079116bd37ebe66bd96566715","isMergeCommit":false,"messageTitle":"Moved .toLowerCase() to same file","messageBody":"","fileTypesAndContributionMap":{"functional-code":{"insertions":2,"deletions":2}}},{"hash":"e8c1fea221ed0ac4640952f4f915f2397d226f79","isMergeCommit":false,"messageTitle":"Removed unused import","messageBody":"","fileTypesAndContributionMap":{"functional-code":{"insertions":0,"deletions":1}}},{"hash":"538a20df2f2ede8347db9fc183692e53a22461a4","isMergeCommit":false,"messageTitle":"Update StringUtil tests","messageBody":"","fileTypesAndContributionMap":{"test-code":{"insertions":1,"deletions":1}}},{"hash":"4e4ba7cd252a1fe2a5cf543051b2dc8c405e377f","isMergeCommit":false,"messageTitle":"Change Find to stream implementation","messageBody":"","fileTypesAndContributionMap":{"functional-code":{"insertions":7,"deletions":3}}}]},{"date":"2024-10-23","commitResults":[{"hash":"ca52794751ba1bb2b03fb7ea84d8df1ab80135f5","isMergeCommit":true,"messageTitle":"Merge pull request #74 from Johnwz123/feature/archive","messageBody":"Add optional custom filename for archive command","fileTypesAndContributionMap":{}},{"hash":"c1013e8f9a1078e84ac271dde586489667488b8c","isMergeCommit":false,"messageTitle":"Add Find Doctor Command","messageBody":"","fileTypesAndContributionMap":{"functional-code":{"insertions":140,"deletions":0}}},{"hash":"d2b71097ea726adac0b802566e1e3b4c8e60c615","isMergeCommit":false,"messageTitle":"Add tests for Find Doctor Command","messageBody":"","fileTypesAndContributionMap":{"test-code":{"insertions":220,"deletions":0}}},{"hash":"1506da03f032b0b7c05d140bfb2b35d2a06cdbae","isMergeCommit":false,"messageTitle":"Fix checkstyle","messageBody":"","fileTypesAndContributionMap":{"functional-code":{"insertions":2,"deletions":1},"test-code":{"insertions":16,"deletions":8}}}]},{"date":"2024-10-24","commitResults":[{"hash":"49930f8ccc02e27188b54191f77848f8742fb8da","isMergeCommit":false,"messageTitle":"Update User Guide for Find and Finddoc commands","messageBody":"","fileTypesAndContributionMap":{"docs":{"insertions":20,"deletions":1}}},{"hash":"ace6205470cf3ee925891cd68e51b5ba472654b3","isMergeCommit":false,"messageTitle":"Create a Find Sequence Diagram","messageBody":"","fileTypesAndContributionMap":{"docs":{"insertions":32,"deletions":0}}},{"hash":"62752ddf63dff02bd190764bbe68d7ad07b8d188","isMergeCommit":false,"messageTitle":"Adjust activation bar length in diagram","messageBody":"","fileTypesAndContributionMap":{"docs":{"insertions":2,"deletions":0}}},{"hash":"dac6bcddd8a2cf7a1660b36419ad8412e6250aea","isMergeCommit":true,"messageTitle":"Merge remote-tracking branch \u0027origin/master\u0027 into FindSequenceDiagram","messageBody":"","fileTypesAndContributionMap":{}},{"hash":"0f79c98d17822598b13c8d5b48246b98dd656329","isMergeCommit":false,"messageTitle":"Update checkstyle","messageBody":"","fileTypesAndContributionMap":{"docs":{"insertions":2,"deletions":2}}}]},{"date":"2024-11-03","commitResults":[{"hash":"c717f0b1b101fc5d73114cb76dd4d79595c3dcb9","isMergeCommit":false,"messageTitle":"Fix documentation bugs","messageBody":"","fileTypesAndContributionMap":{"docs":{"insertions":28,"deletions":37}}},{"hash":"7f3445706345073a740efb75d53b4205cd71c972","isMergeCommit":true,"messageTitle":"Merge remote-tracking branch \u0027origin/master\u0027 into FindSequenceDiagram","messageBody":"","fileTypesAndContributionMap":{}},{"hash":"85d7dc8409bbb1c0899f1fe2dafef46f8914706e","isMergeCommit":false,"messageTitle":"Change result display GUI layout","messageBody":"","fileTypesAndContributionMap":{"functional-code":{"insertions":14,"deletions":12}}},{"hash":"3c669c1060e20e767bc3ad2ed6077be5ea01f1db","isMergeCommit":false,"messageTitle":"Fix text wrap and layout","messageBody":"","fileTypesAndContributionMap":{"functional-code":{"insertions":2,"deletions":2}}}]},{"date":"2024-11-04","commitResults":[{"hash":"d6721e02672d02d61063d66b67689c5ac3889b8f","isMergeCommit":true,"messageTitle":"Merge pull request #105 from Johnwz123/docs/update-ug-dg","messageBody":"Update User Guide","fileTypesAndContributionMap":{}},{"hash":"84142cd3295f9449d713ba2ba6077d66fb62c0b5","isMergeCommit":false,"messageTitle":"Update UG link in Help window","messageBody":"","fileTypesAndContributionMap":{"functional-code":{"insertions":1,"deletions":1}}}]},{"date":"2024-11-05","commitResults":[{"hash":"2282760bf08cc814e81b5a0fb4fa18955584b886","isMergeCommit":false,"messageTitle":"Fix spacing issue","messageBody":"","fileTypesAndContributionMap":{"functional-code":{"insertions":2,"deletions":2}}},{"hash":"151e9dc218524b1a2dd5de1b0ebd880e1949105e","isMergeCommit":false,"messageTitle":"Move Doctor field and text colour","messageBody":"","fileTypesAndContributionMap":{"functional-code":{"insertions":7,"deletions":5}}},{"hash":"32d55efb153a9c72551ed0c8c43c5366ac227627","isMergeCommit":false,"messageTitle":"Minor edit","messageBody":"","fileTypesAndContributionMap":{"functional-code":{"insertions":1,"deletions":2}}}]},{"date":"2024-11-06","commitResults":[{"hash":"960029e3b5c70f39328bf3284bcba675e7a8d8ad","isMergeCommit":false,"messageTitle":"Update user guide","messageBody":"","fileTypesAndContributionMap":{"docs":{"insertions":80,"deletions":56}}},{"hash":"4f544798a3333dbc25902af244d0d5c47eedac7c","isMergeCommit":false,"messageTitle":"Change home page title to MedConnect","messageBody":"","fileTypesAndContributionMap":{"docs":{"insertions":1,"deletions":1}}},{"hash":"0d9b4af1fdeb3efce693ce7ff7696f8e6ad5e1d5","isMergeCommit":false,"messageTitle":"Change image size","messageBody":"","fileTypesAndContributionMap":{"docs":{"insertions":1,"deletions":1}}},{"hash":"0634c501c5ac49fe12485c9c9981de70a70bcf01","isMergeCommit":false,"messageTitle":"Add GUI tutorial for user guide","messageBody":"","fileTypesAndContributionMap":{"docs":{"insertions":45,"deletions":17}}}]}],"saajidshaik02":[{"date":"2024-10-01","commitResults":[{"hash":"9fbdce616fd518bb02b949f8754b71cab8d4d5f5","isMergeCommit":false,"messageTitle":"Update AboutUs page","messageBody":"","fileTypesAndContributionMap":{"docs":{"insertions":4,"deletions":4}}},{"hash":"36bd75f88402aa7b5c1f6120b04eff2160301ed1","isMergeCommit":true,"messageTitle":"Merge pull request #24 from aldentantan/add-aldens-photo","messageBody":"Add aldens photo","fileTypesAndContributionMap":{}}]},{"date":"2024-10-03","commitResults":[{"hash":"08b89a06b5ef36e66b04c1dcb96c7137bade1dfb","isMergeCommit":false,"messageTitle":"Update Developer Guide: user stories, glossary, NFRs, use cases","messageBody":"Refer to Project Notes: https://docs.google.com/document/d/1VXTh2Fm6hWq7H8dXw1ksjeMk4TW4mEGKF26JhiUySnM/edit\n","fileTypesAndContributionMap":{"docs":{"insertions":323,"deletions":39}}}]},{"date":"2024-10-10","commitResults":[{"hash":"6b324b91f5136a9e6afd3f314d6fa65d9ae19ffa","isMergeCommit":true,"messageTitle":"Merge pull request #44 from Johnwz123/feature/archive","messageBody":"Create ArchiveCommand","fileTypesAndContributionMap":{}},{"hash":"36620c53262470cadfef153196665fc4d37bb481","isMergeCommit":false,"messageTitle":"Create UndoCommand","messageBody":"","fileTypesAndContributionMap":{"functional-code":{"insertions":18,"deletions":0}}},{"hash":"364af532c070cace0e7344955c5872c96db76805","isMergeCommit":false,"messageTitle":"Fix checkstyle for CI GitHub Actions","messageBody":"","fileTypesAndContributionMap":{"functional-code":{"insertions":6,"deletions":0}}},{"hash":"ab91df4547410a893a85a961fb10d0360ba7388b","isMergeCommit":false,"messageTitle":"Fix Checkstyle for GitHub ACtions v2","messageBody":"","fileTypesAndContributionMap":{"functional-code":{"insertions":3,"deletions":1}}}]},{"date":"2024-10-16","commitResults":[{"hash":"e60e16d9a00e0f9e042d36daf23be5775c3f9fad","isMergeCommit":true,"messageTitle":"Merge branch \u0027master\u0027 into branch-undo-command","messageBody":"","fileTypesAndContributionMap":{}},{"hash":"5c7281fec4ea7bf7f4c2a83d82380801376c6003","isMergeCommit":false,"messageTitle":"Add UndoCommand Functionalities","messageBody":"Implemented VersionedAddressBook to store version copies of addressbook at each state -\u003e call previous pointer to revert back to that state\n","fileTypesAndContributionMap":{"functional-code":{"insertions":127,"deletions":14}}},{"hash":"689812ea3d1bdb3e3f7de95448c705280490e867","isMergeCommit":false,"messageTitle":"Add UndoCommand test cases","messageBody":"","fileTypesAndContributionMap":{"test-code":{"insertions":123,"deletions":1}}},{"hash":"c288ed13046363a0e9ff94bc285c982f9dac6447","isMergeCommit":false,"messageTitle":"Fix styles","messageBody":"","fileTypesAndContributionMap":{"test-code":{"insertions":1,"deletions":1}}},{"hash":"a821d6190e3efb13057f509eb061e2a53c5fe612","isMergeCommit":false,"messageTitle":"Fix Styles 2.0","messageBody":"","fileTypesAndContributionMap":{"other":{"insertions":8,"deletions":1},"test-code":{"insertions":0,"deletions":50}}},{"hash":"fbbdb3f9a22fb41161fc6c55912350b262852b20","isMergeCommit":false,"messageTitle":"Fix CodeCoverage issues","messageBody":"","fileTypesAndContributionMap":{"test-code":{"insertions":10,"deletions":5}}},{"hash":"93bd04ffe7773ea1ed6fbb8ea0fc56d712a04d5d","isMergeCommit":false,"messageTitle":"Fix CodeCoverage issues 2.0","messageBody":"","fileTypesAndContributionMap":{"test-code":{"insertions":2,"deletions":1}}},{"hash":"93409ec5c43a8437ed9350b466a4cbbd15cef76f","isMergeCommit":false,"messageTitle":"Fix bugs","messageBody":"These bugs affected test case scenarios which failed Java CI\n","fileTypesAndContributionMap":{"functional-code":{"insertions":14,"deletions":2},"test-code":{"insertions":60,"deletions":31}}},{"hash":"86c2c1396f7e47b81a47ccbaf3439f1d264ea8c8","isMergeCommit":false,"messageTitle":"More Test Cases","messageBody":"","fileTypesAndContributionMap":{"test-code":{"insertions":36,"deletions":0}}},{"hash":"21e6a0e24ed97668b54e9617605aff1b7db911d1","isMergeCommit":false,"messageTitle":"Update Userguide","messageBody":"","fileTypesAndContributionMap":{"functional-code":{"insertions":0,"deletions":1},"docs":{"insertions":19,"deletions":0}}},{"hash":"9cf1bff65cfe0d2225b29aa6fcdd903704e27752","isMergeCommit":true,"messageTitle":"Merge branch \u0027master\u0027 into branch-redo-command","messageBody":"","fileTypesAndContributionMap":{}},{"hash":"9a70340cb745449f48571995909bd53deae12c3a","isMergeCommit":false,"messageTitle":"Add RedoCommand Functionalities","messageBody":"","fileTypesAndContributionMap":{"functional-code":{"insertions":97,"deletions":21},"test-code":{"insertions":11,"deletions":0}}},{"hash":"0736ea14ec2ae023b01e84105cf16a969eec9d62","isMergeCommit":false,"messageTitle":"Add Test class for RedoCommand","messageBody":"","fileTypesAndContributionMap":{"functional-code":{"insertions":7,"deletions":5},"test-code":{"insertions":180,"deletions":32}}},{"hash":"6a8a2ff0cf2b1408c19f71f36d1fc113eeaa7def","isMergeCommit":false,"messageTitle":"Update UserGuide for RedoCommand","messageBody":"","fileTypesAndContributionMap":{"docs":{"insertions":30,"deletions":10}}}]},{"date":"2024-10-17","commitResults":[{"hash":"f34092bc0d1514b4d612682ada35fa7935fede3c","isMergeCommit":true,"messageTitle":"Merge pull request #56 from kellywsq03/branch-emergency-add","messageBody":"Add test cases for Add Emergency Contact feature","fileTypesAndContributionMap":{}}]},{"date":"2024-10-21","commitResults":[{"hash":"ddbe0db33ab3c151ed4ad705711f01faef4c8b68","isMergeCommit":true,"messageTitle":"Merge branch \u0027master\u0027 of https://github.com/saajidshaik02/tp","messageBody":"","fileTypesAndContributionMap":{}}]},{"date":"2024-10-23","commitResults":[{"hash":"8ff8bf5765fbc9d89240ea49e3a2392deaa96957","isMergeCommit":true,"messageTitle":"Merge branch \u0027AY2425S1-CS2103T-T13-1:master\u0027 into master","messageBody":"","fileTypesAndContributionMap":{}},{"hash":"45399874854f1247907ef147ebc97b9cae7f25e1","isMergeCommit":true,"messageTitle":"Merge branch \u0027master\u0027 of https://github.com/saajidshaik02/tp","messageBody":"","fileTypesAndContributionMap":{}},{"hash":"110f7fb5a915eda6257ce286457696fcc9759ebd","isMergeCommit":false,"messageTitle":"Add AutoComplete command feature","messageBody":"","fileTypesAndContributionMap":{"functional-code":{"insertions":315,"deletions":16}}}]},{"date":"2024-10-24","commitResults":[{"hash":"c319b51f33ececde525c2daf281f1b73ee0e7268","isMergeCommit":false,"messageTitle":"Update UML Diagram","messageBody":"","fileTypesAndContributionMap":{"docs":{"insertions":5,"deletions":0},"test-code":{"insertions":1,"deletions":0}}},{"hash":"23ecc24abefd395e5a04d6d57ab6dc33b7986f74","isMergeCommit":false,"messageTitle":"Fix bugs","messageBody":"TODO:\nDisable autocomplete when format is off\nEnable autocomplete for non \"/\" commands\nDisable suggestion at the start of \"/\" not at \"n/\"\n","fileTypesAndContributionMap":{"functional-code":{"insertions":141,"deletions":111}}},{"hash":"6212e95e170c7d4df4601f02cf83f2418d5b4c33","isMergeCommit":false,"messageTitle":"Fix AssertionError","messageBody":"","fileTypesAndContributionMap":{"test-code":{"insertions":0,"deletions":1}}},{"hash":"8882eac13629d74b357af0b08bca4a2b06cef77f","isMergeCommit":true,"messageTitle":"Merge pull request #78 from saajidshaik02/branch-autocomplete","messageBody":"Add Autocomplete feature","fileTypesAndContributionMap":{}},{"hash":"c71ab55d5b87b9e14fc4085f15ea54531b36f6a9","isMergeCommit":true,"messageTitle":"Merge pull request #77 from Johnwz123/feature/archive","messageBody":"Add commands to load and list all archive files","fileTypesAndContributionMap":{}},{"hash":"c8f38977790b1d8755a1807663a416689b3b06d1","isMergeCommit":true,"messageTitle":"Merge pull request #76 from aldentantan/find-doctor-command","messageBody":"Add Find Doctor Command","fileTypesAndContributionMap":{}},{"hash":"50b624a6f1069320d269eca5372ab2c6dd64bcdf","isMergeCommit":true,"messageTitle":"Merge branch \u0027master\u0027 into multiple-emergency-contact","messageBody":"","fileTypesAndContributionMap":{}},{"hash":"f83d68ca6c0da947c890f73363411ce306b99bd7","isMergeCommit":true,"messageTitle":"Merge pull request #75 from kellywsq03/multiple-emergency-contact","messageBody":"Addec command and more","tags":["v1.4"],"fileTypesAndContributionMap":{}},{"hash":"c38fabf7613e0533a7b13e50834f683e0dc7ab8a","isMergeCommit":true,"messageTitle":"Merge pull request #81 from aldentantan/FindSequenceDiagram","messageBody":"Create a Find Sequence Diagram","fileTypesAndContributionMap":{}}]},{"date":"2024-10-25","commitResults":[{"hash":"b1c036a796961784977ed1ad0439e7482161f152","isMergeCommit":true,"messageTitle":"Merge pull request #82 from kellywsq03/multiple-emergency-contact","messageBody":"Updated UML Diagrams","fileTypesAndContributionMap":{}}]}],"Johnwz123":[{"date":"2024-10-01","commitResults":[{"hash":"ded0fdbf5247cf581261e269da6b7b702655e4aa","isMergeCommit":false,"messageTitle":"Update README page to match project","messageBody":"","fileTypesAndContributionMap":{"docs":{"insertions":26,"deletions":14}}},{"hash":"5c1c9a5a53b27e5445fea91ec8cf78817a9a31e6","isMergeCommit":false,"messageTitle":"Update site-wide settings","messageBody":"","fileTypesAndContributionMap":{"other":{"insertions":2,"deletions":2},"docs":{"insertions":7,"deletions":10}}},{"hash":"8deaa3460a453b348aa230100bef845bab0aff26","isMergeCommit":false,"messageTitle":"Update John\u0027s details","messageBody":"","fileTypesAndContributionMap":{"docs":{"insertions":5,"deletions":13}}},{"hash":"127b957ff2bab0c6e6374ee8f68ac4792424dead","isMergeCommit":true,"messageTitle":"Merge branch \u0027AY2425S1-CS2103T-T13-1:master\u0027 into docs/update-aboutus-page","messageBody":"","fileTypesAndContributionMap":{}},{"hash":"a26612c3a7792476be08c488e965572dc18e6a1b","isMergeCommit":false,"messageTitle":"Update John\u0027s responsibilities","messageBody":"","fileTypesAndContributionMap":{"docs":{"insertions":1,"deletions":1}}},{"hash":"b485093a3bfb23e2d9d7215cc6a6dae81633480b","isMergeCommit":true,"messageTitle":"Merge pull request #21 from Johnwz123/docs/update-aboutus-page","messageBody":"Update John\u0027s details in AboutUs page","fileTypesAndContributionMap":{}},{"hash":"322e3a664449ce724bf64b174bb46fa5c40489db","isMergeCommit":true,"messageTitle":"Merge pull request #23 from saajidshaik02/update-AboutUs","messageBody":"Update Saajid\u0027s details in AboutUs page","fileTypesAndContributionMap":{}}]},{"date":"2024-10-03","commitResults":[{"hash":"bce7648cc7822377e3b0eec81d59fcc67435009e","isMergeCommit":true,"messageTitle":"Merge pull request #27 from saajidshaik02/update-developer-guide","messageBody":"Update Developer Guide: user stories, glossary, NFRs, use cases","fileTypesAndContributionMap":{}}]},{"date":"2024-10-09","commitResults":[{"hash":"226024ee9aea9412a171907b8494738d2db9740a","isMergeCommit":false,"messageTitle":"Create ArchiveCommand","messageBody":"","fileTypesAndContributionMap":{"functional-code":{"insertions":24,"deletions":0}}},{"hash":"2e04b84dabfc6097281787b35e0ada9d678777f0","isMergeCommit":false,"messageTitle":"Fix style","messageBody":"","fileTypesAndContributionMap":{"functional-code":{"insertions":0,"deletions":1}}},{"hash":"cf01c16d8aeb4d31e52fbc552d191515e16fac90","isMergeCommit":false,"messageTitle":"Fix style","messageBody":"","fileTypesAndContributionMap":{"functional-code":{"insertions":2,"deletions":2}}}]},{"date":"2024-10-10","commitResults":[{"hash":"27b7658e747edb11022524df47f47adb046d6418","isMergeCommit":true,"messageTitle":"Merge pull request #48 from kellywsq03/branch-emergency-add","messageBody":"Add outline for ecname/ parameter","fileTypesAndContributionMap":{}},{"hash":"5338c5fa258d93060f349e2f310546348450cd2e","isMergeCommit":true,"messageTitle":"Merge pull request #46 from saajidshaik02/branch-undo-command","messageBody":"Create UndoCommand","fileTypesAndContributionMap":{}}]},{"date":"2024-10-15","commitResults":[{"hash":"4589c6a49af4202c49adf7eebf131433fe70c1fa","isMergeCommit":false,"messageTitle":"Add Archive command to AddressBookParser","messageBody":"","fileTypesAndContributionMap":{"functional-code":{"insertions":4,"deletions":0}}},{"hash":"acb3d541256b3853f4b34967269d3e5817920572","isMergeCommit":false,"messageTitle":"Update AddressBookParserTest with archive command","messageBody":"","fileTypesAndContributionMap":{"test-code":{"insertions":7,"deletions":1}}},{"hash":"35c71509ffdc95cd09e5a2e7a2dbad1e74d43107","isMergeCommit":false,"messageTitle":"Implement Archive functionality","messageBody":"","fileTypesAndContributionMap":{"functional-code":{"insertions":39,"deletions":2},"test-code":{"insertions":5,"deletions":0}}},{"hash":"1d010827cdab1762578d51484acf9af07a8cff31","isMergeCommit":false,"messageTitle":"Add tests for ArchiveCommand","messageBody":"","fileTypesAndContributionMap":{"test-code":{"insertions":48,"deletions":0}}},{"hash":"392428f6d9c9a4a60cb04a81511a104dc80c1bb1","isMergeCommit":false,"messageTitle":"Fix style","messageBody":"","fileTypesAndContributionMap":{"functional-code":{"insertions":2,"deletions":2},"test-code":{"insertions":3,"deletions":3}}},{"hash":"6f8df7712f2e7f64c071878b4b1d3f47fdd89760","isMergeCommit":false,"messageTitle":"Fix ArchiveCommand test to initialise addressbook file","messageBody":"","fileTypesAndContributionMap":{"test-code":{"insertions":15,"deletions":0}}},{"hash":"1c23a021366822f5d9bdc67849b0abf964033a6c","isMergeCommit":false,"messageTitle":"Fix style","messageBody":"","fileTypesAndContributionMap":{"test-code":{"insertions":0,"deletions":1}}}]},{"date":"2024-10-21","commitResults":[{"hash":"396998ffcbd7776fa8ad0caa2ba78a1497f92cd7","isMergeCommit":true,"messageTitle":"Merge pull request #57 from aldentantan/UserGuide","messageBody":"Update commands in user guide","fileTypesAndContributionMap":{}},{"hash":"e36c6d6d60f1899a79515519965b00403c94ac8c","isMergeCommit":true,"messageTitle":"Merge pull request #72 from aldentantan/Assertions","messageBody":"Enable assertions in build.gradle file","fileTypesAndContributionMap":{}}]},{"date":"2024-10-22","commitResults":[{"hash":"ce454e6e4b92904c391256ebf00d77681fff5c15","isMergeCommit":false,"messageTitle":"Update gradle Jar filename","messageBody":"","fileTypesAndContributionMap":{"other":{"insertions":1,"deletions":1}}},{"hash":"2903a3e8bd6bf314dcf51084ca025bdd56a4ecc5","isMergeCommit":false,"messageTitle":"Add optional custom filename for archive command","messageBody":"","fileTypesAndContributionMap":{"functional-code":{"insertions":41,"deletions":8},"test-code":{"insertions":5,"deletions":5}}},{"hash":"5a1544c67b649fe0b526c9047b9803ceddecf99c","isMergeCommit":false,"messageTitle":"Create Filename class","messageBody":"","fileTypesAndContributionMap":{"functional-code":{"insertions":64,"deletions":0}}},{"hash":"d6e50995e4bd34622f01903361fe49b256f34869","isMergeCommit":false,"messageTitle":"Update to use Filename class","messageBody":"","fileTypesAndContributionMap":{"functional-code":{"insertions":43,"deletions":15},"test-code":{"insertions":10,"deletions":5}}}]},{"date":"2024-10-23","commitResults":[{"hash":"a085822ba276e53e6d7b47c10d8e873ce9bde42c","isMergeCommit":true,"messageTitle":"Merge pull request #73 from aldentantan/find-command-matching-substring","messageBody":"Change Find Command to find by any matching substring","fileTypesAndContributionMap":{}},{"hash":"1bfd0edbd1cd996335117d9c7f0495bfa5d1c980","isMergeCommit":false,"messageTitle":"Create and update test files","messageBody":"","fileTypesAndContributionMap":{"test-code":{"insertions":88,"deletions":1}}},{"hash":"7ade6ffbca6e718a9c081db094cac354d61bb93c","isMergeCommit":false,"messageTitle":"Add Archive sequence diagram","messageBody":"","fileTypesAndContributionMap":{"docs":{"insertions":33,"deletions":0}}},{"hash":"4a8f9867e46656104ad1346168162ee35dac66ee","isMergeCommit":false,"messageTitle":"Add command to list all archive files","messageBody":"","fileTypesAndContributionMap":{"functional-code":{"insertions":51,"deletions":1}}},{"hash":"de524f68c2a3bd26ef610ad9632f5b0218c38a96","isMergeCommit":false,"messageTitle":"Add LoadArchiveCommand class","messageBody":"","fileTypesAndContributionMap":{"functional-code":{"insertions":78,"deletions":0}}},{"hash":"b523129dd64152cc8ea3a8cb8b5910cfa424f583","isMergeCommit":false,"messageTitle":"Add LoadArchiveCommandParser","messageBody":"","fileTypesAndContributionMap":{"functional-code":{"insertions":33,"deletions":3}}},{"hash":"37554ccb5eed2425b49d16c3da8c98abc88604a7","isMergeCommit":true,"messageTitle":"Merge branch \u0027feature/archive\u0027 of https://github.com/Johnwz123/tp into feature/archive","messageBody":"","fileTypesAndContributionMap":{}}]},{"date":"2024-10-24","commitResults":[{"hash":"038a43b740b094c3f27ea58a670489cb0b606aa5","isMergeCommit":false,"messageTitle":"Fix style","messageBody":"","fileTypesAndContributionMap":{"functional-code":{"insertions":4,"deletions":6}}},{"hash":"917cb929914d71ee7e84091f1ce3b127490a61b3","isMergeCommit":false,"messageTitle":"Add tests","messageBody":"","fileTypesAndContributionMap":{"functional-code":{"insertions":15,"deletions":0},"test-code":{"insertions":118,"deletions":2}}},{"hash":"0858045ad8cf8e2a58ed79ec82fa6460750194cc","isMergeCommit":false,"messageTitle":"Fix ListArchiveFilesCommand test","messageBody":"","fileTypesAndContributionMap":{"test-code":{"insertions":4,"deletions":4}}},{"hash":"febba129ca493624ebcf8e852f521307564c3f6a","isMergeCommit":false,"messageTitle":"Restrict test to Windows and Linux","messageBody":"","fileTypesAndContributionMap":{"test-code":{"insertions":3,"deletions":0}}},{"hash":"b7e319232322a0dd36e5922d35a586eeafbf9367","isMergeCommit":false,"messageTitle":"Add test for LoadArchiveCommand","messageBody":"","fileTypesAndContributionMap":{"test-code":{"insertions":114,"deletions":9}}}]},{"date":"2024-11-03","commitResults":[{"hash":"d15411a7aa2702b1e0e902071af9ca6cadca57ba","isMergeCommit":true,"messageTitle":"Merge pull request #97 from aldentantan/gui-update","messageBody":"Move result display box to occupy left half of the app","fileTypesAndContributionMap":{}},{"hash":"989744859ab7556241f9a25d8eae9df52d89c18f","isMergeCommit":true,"messageTitle":"Merge pull request #94 from aldentantan/FindSequenceDiagram","messageBody":"Fix documentation bugs","fileTypesAndContributionMap":{}},{"hash":"3757f81737155d430f0f60f626242b50a4ec9832","isMergeCommit":false,"messageTitle":"Add Java installation instructions and update Addressbook to Medconnect","messageBody":"","fileTypesAndContributionMap":{"docs":{"insertions":7,"deletions":5}}},{"hash":"3d6cdbb7c15ad0a02c985e0289d00efbad5e6e8c","isMergeCommit":false,"messageTitle":"Add disclaimer for English language","messageBody":"","fileTypesAndContributionMap":{"docs":{"insertions":4,"deletions":2}}},{"hash":"5de8f81d8d7cda945f90df8bb1959aa424a83c15","isMergeCommit":false,"messageTitle":"Add documentation for archive commands","messageBody":"","fileTypesAndContributionMap":{"docs":{"insertions":32,"deletions":6}}},{"hash":"2b16f550fa6c7d196e773a833718be9abf31095c","isMergeCommit":false,"messageTitle":"Add section for how to use the guide","messageBody":"","fileTypesAndContributionMap":{"docs":{"insertions":12,"deletions":0}}},{"hash":"192ac75921f009a32380f812248c24dd16d1925a","isMergeCommit":false,"messageTitle":"Update UI image on homepage","messageBody":"","fileTypesAndContributionMap":{"docs":{"insertions":2,"deletions":2}}},{"hash":"eca498c4a1bc5be6e0ce99581eff62df8f93a081","isMergeCommit":false,"messageTitle":"Add FAQ","messageBody":"","fileTypesAndContributionMap":{"docs":{"insertions":4,"deletions":0}}}]},{"date":"2024-11-04","commitResults":[{"hash":"0eeeaae0fbd39926602d5375022a694944d50a6c","isMergeCommit":false,"messageTitle":"Abstract archive directory name to Model interface","messageBody":"","fileTypesAndContributionMap":{"functional-code":{"insertions":24,"deletions":9},"test-code":{"insertions":5,"deletions":0}}},{"hash":"3a1d9321c5d7837664540990da501de2ba13977b","isMergeCommit":false,"messageTitle":"Add delete archive command","messageBody":"","fileTypesAndContributionMap":{"functional-code":{"insertions":100,"deletions":3}}},{"hash":"efb521c1daaff1b81fc651ac9c69abef0a3666d9","isMergeCommit":false,"messageTitle":"Fix styles","messageBody":"","fileTypesAndContributionMap":{"functional-code":{"insertions":2,"deletions":4}}},{"hash":"0b0d435e9e44f2e80ff5ffbd5ee75a4491b887cd","isMergeCommit":false,"messageTitle":"Add and update tests","messageBody":"","fileTypesAndContributionMap":{"test-code":{"insertions":139,"deletions":5}}},{"hash":"374da210bd87d06baf5ba90119b580113b6bff96","isMergeCommit":false,"messageTitle":"Fix styles","messageBody":"","fileTypesAndContributionMap":{"test-code":{"insertions":0,"deletions":1}}}]},{"date":"2024-11-05","commitResults":[{"hash":"e054b59d7e67c1029c685212744dce384a39900a","isMergeCommit":true,"messageTitle":"Merge pull request #113 from aldentantan/edit-example-command-typo","messageBody":"Fix spacing issue in Edit Command","fileTypesAndContributionMap":{}},{"hash":"67e3e3da4523ad56209cb7de835cdb7593de1f51","isMergeCommit":true,"messageTitle":"Merge pull request #112 from aldentantan/help-command-hyperlink","messageBody":"Update UG link in Help window","fileTypesAndContributionMap":{}},{"hash":"088a1ad2c835892de3edfdd1f6adbd4d1ef3a46c","isMergeCommit":true,"messageTitle":"Merge pull request #114 from aldentantan/patient-field-icons","messageBody":"Reorder patient doctor field ","fileTypesAndContributionMap":{}}]},{"date":"2024-11-06","commitResults":[{"hash":"b87a67e7162e1a8a07bd5060acbf07238a250b0d","isMergeCommit":true,"messageTitle":"Merge pull request #117 from aldentantan/UserGuide","messageBody":"Update user guide ","fileTypesAndContributionMap":{}}]}]},"authorFileTypeContributionMap":{"kellywsq03":{"docs":34,"functional-code":1290,"test-code":1024},"aldentantan":{"docs":156,"functional-code":572,"test-code":524,"other":4},"saajidshaik02":{"docs":337,"functional-code":581,"test-code":303,"other":8},"Johnwz123":{"docs":111,"functional-code":472,"test-code":521,"other":4}},"authorContributionVariance":{"kellywsq03":53262.28,"aldentantan":11068.203,"saajidshaik02":21755.686,"Johnwz123":5759.728},"authorDisplayNameMap":{"kellywsq03":"CS2103T-T13-1 KELL..QING","aldentantan":"CS2103T-T13-1 ALDE..KANG","saajidshaik02":"CS2103T-T13-1 MUHA..HAIK","Johnwz123":"CS2103T-T13-1 WONG..JOHN"}}
