{"authorDailyContributionsMap":{"kikokidayo":[{"date":"2024-09-29","commitResults":[{"hash":"15a4d2e3ac065b938ba527c4b6d7d368dc08f733","isMergeCommit":false,"messageTitle":"Update AboutUs page to include name and roles","messageBody":"","fileTypesAndContributionMap":{"docs":{"insertions":4,"deletions":44}}}]},{"date":"2024-09-30","commitResults":[{"hash":"fd36c29ca2554f1579518eb133c2887554300c75","isMergeCommit":true,"messageTitle":"Merge pull request #44 from ignatiusoey09/UseCases","messageBody":"Update DG - Add Use Cases","fileTypesAndContributionMap":{}},{"hash":"3b2a18b3482747ba727fde5840aa56735a1d29bb","isMergeCommit":false,"messageTitle":"Fix site display issue caused by wrongly formatted frontmatter","messageBody":"","fileTypesAndContributionMap":{"docs":{"insertions":1,"deletions":1}}},{"hash":"b95d920538589a1694b27ab854cab66badcff64a","isMergeCommit":false,"messageTitle":"Update website and titles to display PlanPerfect instead of AB3","messageBody":"","fileTypesAndContributionMap":{"docs":{"insertions":5,"deletions":7}}}]}],"maertan":[{"date":"2024-09-29","commitResults":[{"hash":"1f9583975a010101cba1dd7c7adb675038a68654","isMergeCommit":false,"messageTitle":"Add maertan AboutUs","messageBody":"","fileTypesAndContributionMap":{"docs":{"insertions":5,"deletions":45}}}]},{"date":"2024-09-30","commitResults":[{"hash":"46dfd6eb3521eeab835edaa026af5d820e2503cd","isMergeCommit":true,"messageTitle":"Merge pull request #43 from yxshrk/README-A3A4-Update","messageBody":"Readme A3 A4 update","fileTypesAndContributionMap":{}}]},{"date":"2024-10-01","commitResults":[{"hash":"592aa73d4c30a4f2e7a868ff224d3da99d839d02","isMergeCommit":false,"messageTitle":"Add target user profile, value proposition and user stories","messageBody":"","fileTypesAndContributionMap":{"docs":{"insertions":24,"deletions":12}}},{"hash":"806128e8245795847a267e6da7586b2006068ca4","isMergeCommit":false,"messageTitle":"Added Non-functional requirements","messageBody":"","fileTypesAndContributionMap":{"docs":{"insertions":4,"deletions":3}}}]}],"adipanda2002":[{"date":"2024-09-29","commitResults":[{"hash":"d30bb982b7de7a8a7090d066f1fa3582aec8d04b","isMergeCommit":false,"messageTitle":"Update AboutUs page","messageBody":"","fileTypesAndContributionMap":{"docs":{"insertions":5,"deletions":46}}},{"hash":"8d30264b1e9443288c47bc282c2f49c4a8cf2f39","isMergeCommit":true,"messageTitle":"Merge pull request #31 from ignatiusoey09/master","messageBody":"Update AboutUs.md for Ignatius\u0027 portion","fileTypesAndContributionMap":{}},{"hash":"2e1488352eb34deab71dbdbe7f7f2f3cf35f2532","isMergeCommit":true,"messageTitle":"Merge branch \u0027master\u0027 into yxshrk-AboutUs","messageBody":"","fileTypesAndContributionMap":{}},{"hash":"5dca7aef067d5a1fe3eea062c8ea2c43b4aa3f90","isMergeCommit":true,"messageTitle":"Merge branch \u0027master\u0027 into update-aboutus-page","messageBody":"","fileTypesAndContributionMap":{}},{"hash":"4de99a6293b19be9c4a0af80ce183da38e78d954","isMergeCommit":true,"messageTitle":"Merge pull request #28 from adipanda2002/update-aboutus-page","messageBody":"Update AboutUs page","fileTypesAndContributionMap":{}},{"hash":"f2bcada89b972bb27dfd06d7f99d4f5d7b498a07","isMergeCommit":true,"messageTitle":"Merge branch \u0027master\u0027 into project-w7-edit-aboutus-page","messageBody":"","fileTypesAndContributionMap":{}},{"hash":"998f09a182bb127e0fb9fdd399ed08fb79a5d743","isMergeCommit":true,"messageTitle":"Merge pull request #27 from maertan/project-w7-edit-aboutus-page","messageBody":"Add maertan AboutUs","fileTypesAndContributionMap":{}},{"hash":"fe63eb66eb0f86f1b36e94e6195635d230e1394b","isMergeCommit":true,"messageTitle":"Merge branch \u0027master\u0027 into update-aboutus-page","messageBody":"","fileTypesAndContributionMap":{}},{"hash":"b2752a83afc9d65e53fb8c861206cd04782338f7","isMergeCommit":true,"messageTitle":"Merge pull request #29 from kikokidayo/update-aboutus-page","messageBody":"Update AboutUs page to include name and roles","fileTypesAndContributionMap":{}},{"hash":"ba4f666463e55c7231124fc31aee7b7f28289d51","isMergeCommit":true,"messageTitle":"Merge branch \u0027master\u0027 into yxshrk-AboutUs","messageBody":"","fileTypesAndContributionMap":{}},{"hash":"b21da7738f91c4610d8493ad3ebf43e8d672ae30","isMergeCommit":true,"messageTitle":"Merge pull request #30 from yxshrk/yxshrk-AboutUs","messageBody":"Update AboutUs page","fileTypesAndContributionMap":{}},{"hash":"db5e92ed638b861aedff4e2856d2bfb0ff903ab2","isMergeCommit":false,"messageTitle":"Update build status badge link to team repo","messageBody":"","fileTypesAndContributionMap":{"docs":{"insertions":1,"deletions":1}}},{"hash":"0827fca315783dc3449c4b7d72edac71c7f3a598","isMergeCommit":true,"messageTitle":"Merge pull request #41 from adipanda2002/update-build-status-badge-link","messageBody":"Update build status badge link to team repo","fileTypesAndContributionMap":{}}]},{"date":"2024-09-30","commitResults":[{"hash":"4ca4203a9194066cbb28b2ac1580b63ba6d9a3a7","isMergeCommit":true,"messageTitle":"Merge pull request #46 from yxshrk/README-A3A4-Update","messageBody":"Final Update to README for site","fileTypesAndContributionMap":{}},{"hash":"8a5f9785a857d3e652093b179e6327de0d253efe","isMergeCommit":true,"messageTitle":"Merge pull request #47 from ignatiusoey09/glossary","messageBody":"Update DG - Glossary","fileTypesAndContributionMap":{}}]},{"date":"2024-10-01","commitResults":[{"hash":"dc6973b72f761d9a45922afbd94198f6ca1c2c0c","isMergeCommit":true,"messageTitle":"Merge pull request #48 from maertan/w7-update-dg","messageBody":"Update developer guide","fileTypesAndContributionMap":{}},{"hash":"739dd181f4094d339f91e83f7a9f1dac83c70ca9","isMergeCommit":true,"messageTitle":"Merge pull request #49 from yxshrk/README-A3A4-Update","messageBody":"Fix README for task A3","fileTypesAndContributionMap":{}}]}],"yxshrk":[{"date":"2024-09-25","commitResults":[{"hash":"dbe301f9bca1e53e4a674dd7938335afb19f3ff0","isMergeCommit":false,"messageTitle":"Add remark command","messageBody":"","fileTypesAndContributionMap":{"functional-code":{"insertions":232,"deletions":14},"test-code":{"insertions":147,"deletions":11}}},{"hash":"ca63776f398fd1d3e111b35cc8b78165a19cf250","isMergeCommit":true,"messageTitle":"Merge pull request #5 from yxshrk/tutorial-adding-command","messageBody":"Add remark command and functionality for remark","fileTypesAndContributionMap":{}},{"hash":"c6e90a4d80a51aad11be2d42d2cfc74fea86c006","isMergeCommit":false,"messageTitle":"Revert \"Add remark command and functionality for remark\"","messageBody":"","fileTypesAndContributionMap":{"functional-code":{"insertions":14,"deletions":232},"test-code":{"insertions":11,"deletions":147}}},{"hash":"632b836264ceea4c813ed29d844708f8994705ee","isMergeCommit":true,"messageTitle":"Merge pull request #6 from AY2425S1-CS2103T-T12-2/revert-5-tutorial-adding-command","messageBody":"Revert \"Add remark command and functionality for remark\"","fileTypesAndContributionMap":{}}]},{"date":"2024-09-29","commitResults":[{"hash":"2d65606f9992516bdf8768ef9bff428175b58e8e","isMergeCommit":false,"messageTitle":"Update AboutUs page","messageBody":"","fileTypesAndContributionMap":{"docs":{"insertions":3,"deletions":45}}},{"hash":"8e02d9c9c87dad29e9c9f308009cc65c3535c705","isMergeCommit":false,"messageTitle":"Update picture name","messageBody":"","fileTypesAndContributionMap":{"docs":{"insertions":1,"deletions":1}}},{"hash":"76678583abf85d16cb0cfb87041387f492276c78","isMergeCommit":true,"messageTitle":"Merge branch \u0027AY2425S1-CS2103T-T12-2:master\u0027 into master","messageBody":"","fileTypesAndContributionMap":{}},{"hash":"445fb3d6cac3392c2286cda29369c9c0a0ad64da","isMergeCommit":false,"messageTitle":"Update picture name","messageBody":"","fileTypesAndContributionMap":{"docs":{"insertions":1,"deletions":1}}},{"hash":"1919de48c8ce085320e239ff39c4d3a875364801","isMergeCommit":true,"messageTitle":"Merge branch \u0027master\u0027 into README-A3A4-Update","messageBody":"","fileTypesAndContributionMap":{}}]},{"date":"2024-09-30","commitResults":[{"hash":"a6ca6588f86416899e095d5a9d2331c579796b9a","isMergeCommit":false,"messageTitle":"Update A3 and A4 tasks","messageBody":"","fileTypesAndContributionMap":{"docs":{"insertions":32,"deletions":18}}},{"hash":"827cd949126b04e1c8d0c2c1affd8cee1874cdfa","isMergeCommit":false,"messageTitle":"Fix code coverage issues","messageBody":"","fileTypesAndContributionMap":{"docs":{"insertions":2,"deletions":1}}},{"hash":"a84097092df434d3ebc1b680dfd529f4d1978079","isMergeCommit":false,"messageTitle":"Update README for site","messageBody":"","fileTypesAndContributionMap":{"docs":{"insertions":2,"deletions":2}}}]},{"date":"2024-10-01","commitResults":[{"hash":"5749dcc3b2bd935e8c8fcca4d1834345e4607d50","isMergeCommit":false,"messageTitle":"Fix README for task A3","messageBody":"","fileTypesAndContributionMap":{"docs":{"insertions":1,"deletions":0}}}]}],"ignatiusoey09":[{"date":"2024-09-29","commitResults":[{"hash":"00fdf4886c3a6f01eff29c0858fa35c4db71a074","isMergeCommit":false,"messageTitle":"Update AboutUs.md for Ignatius\u0027 portion","messageBody":"","fileTypesAndContributionMap":{"docs":{"insertions":5,"deletions":6}}}]},{"date":"2024-09-30","commitResults":[{"hash":"33e1b69ea2b7cecb1004314381bfb8f578d04b32","isMergeCommit":false,"messageTitle":"Add use cases associated to our features","messageBody":"","fileTypesAndContributionMap":{"docs":{"insertions":114,"deletions":6}}},{"hash":"e32865df526434db80a195f6c306253fbe07bef6","isMergeCommit":true,"messageTitle":"Merge pull request #45 from kikokidayo/sitewide-settings","messageBody":"Update site-wide settings","fileTypesAndContributionMap":{}},{"hash":"5016c2825b01ef120ff5839b6328b6b97b0ba520","isMergeCommit":false,"messageTitle":"Add entries to glossary","messageBody":"","fileTypesAndContributionMap":{"docs":{"insertions":4,"deletions":1}}}]}]},"authorFileTypeContributionMap":{"kikokidayo":{"docs":8,"functional-code":0,"test-code":0},"maertan":{"docs":30,"functional-code":0,"test-code":0},"adipanda2002":{"docs":10,"functional-code":0,"test-code":0},"yxshrk":{"docs":36,"functional-code":0,"test-code":0},"ignatiusoey09":{"docs":119,"functional-code":0,"test-code":0}},"authorContributionVariance":{"kikokidayo":181.63887,"maertan":302.35416,"adipanda2002":214.57635,"yxshrk":49049.25,"ignatiusoey09":1183.7222},"authorDisplayNameMap":{"kikokidayo":"CS2103T-T12-2 DAVI..-YAM","maertan":"CS2103T-T12-2 MAEG..I EN","adipanda2002":"CS2103T-T12-2 GHOS..ITYA","yxshrk":"CS2103T-T12-2 KHAN.. RAJ","ignatiusoey09":"CS2103T-T12-2 IGNA.. OEY"}}
