{"authorDailyContributionsMap":{"k-hian":[{"date":"2024-09-20","commitResults":[{"hash":"c21420d924d9d419f9cece8286f7c978d3540c7c","isMergeCommit":false,"messageTitle":"Update README.md","messageBody":"","fileTypesAndContributionMap":{"docs":{"insertions":1,"deletions":0}}}]},{"date":"2024-09-30","commitResults":[{"hash":"d0194caa1d5e0ce05872caf7315a0da817c86102","isMergeCommit":false,"messageTitle":"Update AboutUs page","messageBody":"Update AboutUs.md with Kay Hian\u0027s info\n","fileTypesAndContributionMap":{"docs":{"insertions":12,"deletions":12}}},{"hash":"693037bca5d8825ebed9576eb493640ed6ff0767","isMergeCommit":false,"messageTitle":"Fix AboutUs.md format","messageBody":"","fileTypesAndContributionMap":{"docs":{"insertions":9,"deletions":9}}}]},{"date":"2024-10-02","commitResults":[{"hash":"cd1a4261604399276c93b8ea1b193d437f669234","isMergeCommit":true,"messageTitle":"Resolve conflicts for branch-AboutUs","messageBody":"","fileTypesAndContributionMap":{}},{"hash":"3353e1a3103d5c1f8c6841dbe056b88bcca6e74a","isMergeCommit":true,"messageTitle":"Merge pull request #16 from k-hian/branch-AboutUs","messageBody":"Update AboutUs page - Kay Hian","fileTypesAndContributionMap":{}},{"hash":"0ac3069159075510abebdb69a58b4672c707d7ca","isMergeCommit":false,"messageTitle":"Update DG use cases","messageBody":"","fileTypesAndContributionMap":{"docs":{"insertions":357,"deletions":7}}}]},{"date":"2024-10-04","commitResults":[{"hash":"a39d90bcd30744faf88f5c6243dbf204185bc912","isMergeCommit":false,"messageTitle":"Fix bugs in DG","messageBody":"Some step 1(s) in UCs are conflicting with the stated preconditions.\n\nThe respective step 1(s) are removed.\n\nMinor fixes to standardise language and grammatical errors.\n","fileTypesAndContributionMap":{"docs":{"insertions":80,"deletions":70}}},{"hash":"ed1815314884b964cf0f68492e16c6594f054551","isMergeCommit":true,"messageTitle":"Merge branch \u0027master\u0027 into branch-UseCases","messageBody":"","fileTypesAndContributionMap":{}},{"hash":"c8e616127a0c663fd9a44334ee121fb45f814394","isMergeCommit":false,"messageTitle":"Standardise language for DG use cases","messageBody":"Previous fix missed a few necessary standardisations made here.\n","fileTypesAndContributionMap":{"docs":{"insertions":2,"deletions":2}}},{"hash":"ad72befb3552a2bb2abd7403b0a36e82caebc19d","isMergeCommit":true,"messageTitle":"Merge pull request #36 from k-hian/branch-UseCases","messageBody":"DG: update use cases","fileTypesAndContributionMap":{}}]},{"date":"2024-10-08","commitResults":[{"hash":"17a5d3fd4d5a0aeb42b0b6479a4125cdc53927cb","isMergeCommit":false,"messageTitle":"Exit command: display exit message","messageBody":"The feedbackToUser is passed to the resultDisplay UI, but the\napplication closes too quickly for the feedback to be rendered to the\nuser.\n\nLet\u0027s add a 3 second delay upon exit.\n\nRunning the delay (and handleExit behaviour) on a separate concurrent\nthread allows the feedbackToUser to be rendered by FXML.\n\nThe duration of the delay (3 seconds) is arbitrarily selected, and can\nbe modified later based on user feedback.\n\nLet\u0027s disable the commandBox.\n\nDisabling the commandBox prevents new commands from being executed. As\nthe handleExit behaviour is running concurrently with the application\u0027s\ncommand execution, a command\u0027s behaviour might be interrupted before it\ncompletes all its steps. For example, after exiting, the user deletes a\nperson record, but the application closes before the deletion is saved\nby the storage module.\n","fileTypesAndContributionMap":{"functional-code":{"insertions":30,"deletions":15}}}]},{"date":"2024-10-09","commitResults":[{"hash":"d745804783d439fb66580c763caf9b9e24dddbe3","isMergeCommit":false,"messageTitle":"Fix potential concurrency bug","messageBody":"The commandBox is disabled in the concurrent thread. This allows some\ntime after an exit command when another command could be runned\nillegally.\n\nLet\u0027s move the disabling of commandBox out of the concurrent thread into\nthe main thread.\n\nDisabling the commandBox in the main thread ensures that the commandBox\nis disabled before the current command finish processing, in turn\ndisabled before another command can start processing.\n","fileTypesAndContributionMap":{"functional-code":{"insertions":2,"deletions":2}}},{"hash":"ba97d26d8487ee6850c39bf62c7994968f60332a","isMergeCommit":true,"messageTitle":"Merge pull request #52 from k-hian/branch-Exit","messageBody":"Exit command: display exit message","fileTypesAndContributionMap":{}}]},{"date":"2024-10-12","commitResults":[{"hash":"c1482630dc4aa1103e198349d8d023378ad1861c","isMergeCommit":false,"messageTitle":"Add two word constraint to name","messageBody":"Add checks for constraints, and update MESSAGE_CONSTRAINT with\ninformation.\n","fileTypesAndContributionMap":{"functional-code":{"insertions":8,"deletions":7},"test-code":{"insertions":7,"deletions":6}}},{"hash":"c3b18f09b25d6cc35264253127be1b2f598a04b4","isMergeCommit":false,"messageTitle":"Fix exit acknowledgement not showing","messageBody":"Exit acknowledgement does not show when Exit button in menu is used.\n\nLet\u0027s set the resultDisplay to always show Exit acknowledgement upon\nhandleExit.\n","fileTypesAndContributionMap":{"functional-code":{"insertions":2,"deletions":0}}}]},{"date":"2024-10-14","commitResults":[{"hash":"7a2d36f85e35ceb1cf83f9da422681d6d1669c29","isMergeCommit":true,"messageTitle":"Merge pull request #64 from k-hian/branch-Exit","messageBody":"Fix exit acknowledgement not showing","fileTypesAndContributionMap":{}}]},{"date":"2024-10-16","commitResults":[{"hash":"cf66f566d9af1bb21a99a492644e3846287f8a3d","isMergeCommit":true,"messageTitle":"Merge branch \u0027master\u0027 into branch-Message","messageBody":"","fileTypesAndContributionMap":{}},{"hash":"aa7b783c2800b05f596bdf0b1784c38d3dc90a9f","isMergeCommit":false,"messageTitle":"Standardise message to feature spec","messageBody":"","fileTypesAndContributionMap":{"functional-code":{"insertions":12,"deletions":11}}},{"hash":"d84bd82cf28cb0c12b24374235d8a40462602bfa","isMergeCommit":false,"messageTitle":"Refactor Tag to StudyGroupTag","messageBody":"","fileTypesAndContributionMap":{"functional-code":{"insertions":234,"deletions":215},"other":{"insertions":4,"deletions":4},"test-code":{"insertions":175,"deletions":137}}}]},{"date":"2024-10-17","commitResults":[{"hash":"6af6441693aa4da757c9d5046229407a1f3e1250","isMergeCommit":false,"messageTitle":"Standardise method names for StudyGroupTags","messageBody":"","fileTypesAndContributionMap":{"functional-code":{"insertions":30,"deletions":23},"test-code":{"insertions":19,"deletions":19}}},{"hash":"383192cab5d0ac7bf3aa529c0db4495382dcf0d2","isMergeCommit":true,"messageTitle":"Merge branch \u0027master\u0027 into branch-Message","messageBody":"","fileTypesAndContributionMap":{}},{"hash":"0d55c7924f2376ee9bb049b2f9e72cc6974e47bb","isMergeCommit":false,"messageTitle":"Standardise method name in util package","messageBody":"Standardise method names relating to StudyGroupTags.\n","fileTypesAndContributionMap":{"functional-code":{"insertions":7,"deletions":7},"test-code":{"insertions":1,"deletions":1}}},{"hash":"25905a5eaaf85157604ed0e3a9e5344f23acfc9a","isMergeCommit":true,"messageTitle":"Merge pull request #71 from k-hian/branch-Message","messageBody":"Standardise message and class names","fileTypesAndContributionMap":{}}]},{"date":"2024-10-20","commitResults":[{"hash":"295e6e2479cbeedd56501f536ea2ef2360ea7b83","isMergeCommit":false,"messageTitle":"Find Command: add predicates for fields","messageBody":"Add predicate for each field in Person class (Email, Gender, Age,\nDetails, StudyGroups).\n\nAdd a PredicateGroup collection to compose of predicates.\n","fileTypesAndContributionMap":{"functional-code":{"insertions":342,"deletions":9},"other":{"insertions":2,"deletions":1}}},{"hash":"310793315c8e89d0da61b44e473dd313c975fc8d","isMergeCommit":false,"messageTitle":"Find command: implement find by other criteria","messageBody":"Find command only finds by name.\n\nLet\u0027s add the ability to find by any field (in Person), using the\npredicates previously prepared.\n\nFind command does not have checks for Age and Gender criteria, which\nshould be looked into in the next milestone.\n","fileTypesAndContributionMap":{"functional-code":{"insertions":63,"deletions":14}}},{"hash":"6bf5a2ff30516a36c258d36bae67440627b2085f","isMergeCommit":false,"messageTitle":"Find command: add test cases","messageBody":"","fileTypesAndContributionMap":{"other":{"insertions":1,"deletions":1},"test-code":{"insertions":681,"deletions":40}}},{"hash":"1878af1fce0f5a421fe29e0b52c5b357fbc2385e","isMergeCommit":true,"messageTitle":"Merge branch \u0027master\u0027 into branch-Find","messageBody":"","fileTypesAndContributionMap":{}},{"hash":"7ca24b0a10ce3829ccc3ff051c9c71222fca2411","isMergeCommit":false,"messageTitle":"Resolve naming conflict from merge","messageBody":"","fileTypesAndContributionMap":{"functional-code":{"insertions":4,"deletions":4},"test-code":{"insertions":13,"deletions":14}}}]},{"date":"2024-10-21","commitResults":[{"hash":"fff26366d3d2395ed4d763063c244e08294c1a4e","isMergeCommit":false,"messageTitle":"Find command: remove redundant constructor","messageBody":"The PredicateGroup constructor that accepts multiple Predicate arguments\nis not used in execution beside to facilitate test cases.\n\nLet\u0027s move the constructor to FindUtil as a static helper method.\n","fileTypesAndContributionMap":{"functional-code":{"insertions":10,"deletions":12},"test-code":{"insertions":44,"deletions":68}}},{"hash":"f2d35addbf12549bf407ca80179e61d1ea1c0da1","isMergeCommit":false,"messageTitle":"Find command: update usage message","messageBody":"Usage message is reflecting the old implementation.\n\nLet\u0027s update it to reflect the new expanded implementation of find\ncommand.\n","fileTypesAndContributionMap":{"functional-code":{"insertions":17,"deletions":4}}},{"hash":"d27224b07b2ca2299eb14730c571f2e5bbe67fa6","isMergeCommit":false,"messageTitle":"Add find command sequence diagram","messageBody":"","fileTypesAndContributionMap":{"docs":{"insertions":92,"deletions":0}}},{"hash":"9ec16b9448a780610c75c42c44bff96b849f5a46","isMergeCommit":true,"messageTitle":"Merge pull request #93 from k-hian/branch-PUML","messageBody":"Add find command sequence diagram","fileTypesAndContributionMap":{}},{"hash":"8a5572631ed40920dd0798fd75154faf758b65f0","isMergeCommit":false,"messageTitle":"Refactor details to detail","messageBody":"","fileTypesAndContributionMap":{"functional-code":{"insertions":2,"deletions":2},"other":{"insertions":16,"deletions":17},"test-code":{"insertions":22,"deletions":13}}},{"hash":"d854bb12ada23addadb4ae736602afb532d10bd8","isMergeCommit":true,"messageTitle":"Merge branch \u0027master\u0027 into branch-Find","messageBody":"","fileTypesAndContributionMap":{}},{"hash":"4afc295d01baf91c84e85463c30f5840d0e039b0","isMergeCommit":true,"messageTitle":"Merge pull request #81 from k-hian/branch-Find","messageBody":"Alpha Version - Find by criteria","fileTypesAndContributionMap":{}}]}],"PrishaVP":[{"date":"2024-10-02","commitResults":[{"hash":"805019e98dca99be2ea67e8787ad819799284328","isMergeCommit":false,"messageTitle":"Update Prisha\u0027s info in AboutUs page","messageBody":"","fileTypesAndContributionMap":{"docs":{"insertions":5,"deletions":5}}},{"hash":"4e481f38e4a24ff596caeb486e3bd88e391ea283","isMergeCommit":false,"messageTitle":"Update Prisha\u0027s info in AboutUs page","messageBody":"","fileTypesAndContributionMap":{"docs":{"insertions":2,"deletions":2}}},{"hash":"b38e509379d43d5c62954f9acf80583e7c4dc2ad","isMergeCommit":false,"messageTitle":"Update README.md","messageBody":"","fileTypesAndContributionMap":{"docs":{"insertions":16,"deletions":7}}},{"hash":"86e9aea29c288c461834ec018ebd9c4d151660b6","isMergeCommit":false,"messageTitle":"Undo changes to README.md as forgot to PR","messageBody":"","fileTypesAndContributionMap":{"docs":{"insertions":8,"deletions":17}}},{"hash":"6180d4dcbed232339f3c5e4d9b0ca0ff9796eeb8","isMergeCommit":false,"messageTitle":"Update README.md","messageBody":"","fileTypesAndContributionMap":{"docs":{"insertions":20,"deletions":11}}},{"hash":"60ceac61ae8724e6c4ee5505935bb40780aa0c70","isMergeCommit":true,"messageTitle":"Merge pull request #25 from PrishaVP/add-prisha-photo","messageBody":"Add Prisha\u0027s photo","fileTypesAndContributionMap":{}},{"hash":"384c01b0bdc09d4be861561647241040eb7d2d9e","isMergeCommit":true,"messageTitle":"Merge branch \u0027master\u0027 into update-ReadMe","messageBody":"","fileTypesAndContributionMap":{}},{"hash":"171f46e99e8a2b4c6d130d6b780373635c41fc32","isMergeCommit":true,"messageTitle":"Merge pull request #28 from PrishaVP/update-ReadMe","messageBody":"Update read me","fileTypesAndContributionMap":{}},{"hash":"c9362eab7118d4d54171a371061550aebbd91be1","isMergeCommit":false,"messageTitle":"Update README.md","messageBody":"","fileTypesAndContributionMap":{"docs":{"insertions":2,"deletions":2}}},{"hash":"0a985dc0ddb38cdd78094630f5ef846ae155e4db","isMergeCommit":true,"messageTitle":"Merge pull request #27 from PrishaVP/update-about-us-page-prisha","messageBody":"Update AboutUs page - Prisha","fileTypesAndContributionMap":{}},{"hash":"34a4c02d88ef1e42ed8712cdf4a49c3bbacba142","isMergeCommit":false,"messageTitle":"Update README.md","messageBody":"","fileTypesAndContributionMap":{"docs":{"insertions":2,"deletions":2}}},{"hash":"d74e96f7c13b16231295074a1eae858f088286c0","isMergeCommit":false,"messageTitle":"Update README.md","messageBody":"","fileTypesAndContributionMap":{"docs":{"insertions":0,"deletions":3}}},{"hash":"5caba2d410d8a7a1b1b60885a9910fd46ea90a23","isMergeCommit":true,"messageTitle":"Merge branch \u0027master\u0027 into update-ReadMe","messageBody":"","fileTypesAndContributionMap":{}},{"hash":"357df48733a2e2f5ef52a12ed26511130e7681cd","isMergeCommit":true,"messageTitle":"Merge pull request #32 from PrishaVP/update-ReadMe","messageBody":"Update README.md","fileTypesAndContributionMap":{}},{"hash":"275abf94a1944b410f990090cfc693af634a9168","isMergeCommit":false,"messageTitle":"Rename photo","messageBody":"","fileTypesAndContributionMap":{"docs":{"insertions":1,"deletions":1}}},{"hash":"8c0324407ae44387f772965f5b4c51fad5def052","isMergeCommit":true,"messageTitle":"Merge pull request #34 from PrishaVP/add-prisha-photo","messageBody":"Rename photo","fileTypesAndContributionMap":{}},{"hash":"78dbbaf1b355f3f6bd3593282e245e0267cada77","isMergeCommit":true,"messageTitle":"Merge pull request #35 from PrishaVP/update-about-us-page-prisha","messageBody":"Rename photo","fileTypesAndContributionMap":{}}]},{"date":"2024-10-04","commitResults":[{"hash":"914952b2b66ab83bdbd56a450365db551e90f4ee","isMergeCommit":false,"messageTitle":"Remove full stop","messageBody":"","fileTypesAndContributionMap":{"docs":{"insertions":1,"deletions":1}}}]},{"date":"2024-10-06","commitResults":[{"hash":"e19ee906a5fa72d816f1daf3ec811be07ff92106","isMergeCommit":true,"messageTitle":"Merge pull request #1 from AY2425S1-CS2103T-F08-2/master","messageBody":"Get v1.1 version","fileTypesAndContributionMap":{}},{"hash":"858f593d446907074bc4096b9b49a7941951d796","isMergeCommit":false,"messageTitle":"Rename package","messageBody":"","fileTypesAndContributionMap":{"other":{"insertions":334,"deletions":334},"test-code":{"insertions":3,"deletions":5014}}},{"hash":"026b0ce872eaeb4d61d77ef50b174dfd025b9f0b","isMergeCommit":false,"messageTitle":"Revert \"Rename package\"","messageBody":"This reverts commit 858f593d446907074bc4096b9b49a7941951d796.\n","fileTypesAndContributionMap":{"other":{"insertions":334,"deletions":334},"test-code":{"insertions":5014,"deletions":3}}},{"hash":"ec26f21f47947494dba715d2ac0626959bb82320","isMergeCommit":false,"messageTitle":"Rename package","messageBody":"","fileTypesAndContributionMap":{"functional-code":{"insertions":1,"deletions":1},"other":{"insertions":411,"deletions":401},"docs":{"insertions":28,"deletions":28},"test-code":{"insertions":293,"deletions":212}}},{"hash":"fe6fd11051f92b2295dec143b6d07e6a5fe69f5f","isMergeCommit":false,"messageTitle":"Revert \"Rename package\"","messageBody":"This reverts commit ec26f21f47947494dba715d2ac0626959bb82320.\n","fileTypesAndContributionMap":{"functional-code":{"insertions":1,"deletions":1},"other":{"insertions":401,"deletions":411},"docs":{"insertions":28,"deletions":28},"test-code":{"insertions":212,"deletions":293}}},{"hash":"e806af750ce1e7739b824f51e0cf995658e850a9","isMergeCommit":false,"messageTitle":"Rename package","messageBody":"","fileTypesAndContributionMap":{"functional-code":{"insertions":46,"deletions":45},"other":{"insertions":973,"deletions":973},"docs":{"insertions":6,"deletions":6},"test-code":{"insertions":37,"deletions":37}}},{"hash":"49885d04331f0f36e9a6f80aedb0d8f807b02df9","isMergeCommit":false,"messageTitle":"Revert \"Rename package\"","messageBody":"This reverts commit e806af750ce1e7739b824f51e0cf995658e850a9.\n","fileTypesAndContributionMap":{"functional-code":{"insertions":45,"deletions":46},"other":{"insertions":973,"deletions":973},"docs":{"insertions":6,"deletions":6},"test-code":{"insertions":37,"deletions":37}}},{"hash":"1c1ab343fb69e73e9d425ba2328a799bbc7fc930","isMergeCommit":false,"messageTitle":"Rename package","messageBody":"","fileTypesAndContributionMap":{"other":{"insertions":958,"deletions":921},"docs":{"insertions":3,"deletions":3},"test-code":{"insertions":510,"deletions":552}}},{"hash":"f4498605782d1c5863052140f8c126f7cb6a9f79","isMergeCommit":false,"messageTitle":"Revert \"Rename package\"","messageBody":"This reverts commit 1c1ab343fb69e73e9d425ba2328a799bbc7fc930.\n","fileTypesAndContributionMap":{"other":{"insertions":921,"deletions":958},"docs":{"insertions":3,"deletions":3},"test-code":{"insertions":552,"deletions":510}}},{"hash":"ae6f928a02270e27a94a873f82f36ac6e0712cef","isMergeCommit":false,"messageTitle":"Rename app in UI and edit some JavaDocs to explain address book term","messageBody":"","fileTypesAndContributionMap":{"functional-code":{"insertions":4,"deletions":2}}}]},{"date":"2024-10-07","commitResults":[{"hash":"31f97628bec7f24bbb1758fbe8bc857359e7a2ae","isMergeCommit":false,"messageTitle":"Update list feature","messageBody":"","fileTypesAndContributionMap":{"functional-code":{"insertions":5,"deletions":1},"test-code":{"insertions":2,"deletions":2}}},{"hash":"26dda234f7bb6f593a36a3bea8dec4428a042983","isMergeCommit":false,"messageTitle":"Update src/test/java/seedu/address/logic/LogicManagerTest.java","messageBody":"","fileTypesAndContributionMap":{"test-code":{"insertions":1,"deletions":1}}},{"hash":"2bc388d8533a832bc01efe1f816be045544a3c9b","isMergeCommit":true,"messageTitle":"Merge pull request #51 from PrishaVP/mvp-list-feature","messageBody":"MVP - Update list feature","fileTypesAndContributionMap":{}}]},{"date":"2024-10-16","commitResults":[{"hash":"9d8d32bff434a1f171179c51c1371cb3f320bff1","isMergeCommit":false,"messageTitle":"Update save error messages","messageBody":"","fileTypesAndContributionMap":{"functional-code":{"insertions":2,"deletions":2},"test-code":{"insertions":1,"deletions":2}}},{"hash":"329adfa787ed552eb052bc6acd0e9b931b2e7715","isMergeCommit":true,"messageTitle":"Merge pull request #66 from PrishaVP/MVP-Save-feature-(save)","messageBody":"Update save error messages","fileTypesAndContributionMap":{}},{"hash":"9a5ad77397bda719dd613a0645f3e0b31cb65a16","isMergeCommit":false,"messageTitle":"Add Ui message for load failure and also add new test for saving","messageBody":"","fileTypesAndContributionMap":{"functional-code":{"insertions":35,"deletions":3},"test-code":{"insertions":10,"deletions":1}}},{"hash":"25391de61eac812ef06c6671e83e0e5fe79e9fd2","isMergeCommit":false,"messageTitle":"Update src/test/java/seedu/address/storage/JsonAddressBookStorageTest.java","messageBody":"","fileTypesAndContributionMap":{"test-code":{"insertions":8,"deletions":0}}},{"hash":"76985a53959f22fe252b310f31703de3c70d8aa7","isMergeCommit":false,"messageTitle":"Update src/test/java/seedu/address/storage/JsonAddressBookStorageTest.java","messageBody":"","fileTypesAndContributionMap":{"test-code":{"insertions":1,"deletions":0}}},{"hash":"d7d1ca385ffd910c81a0197c132547af980c645f","isMergeCommit":false,"messageTitle":"Update src/test/java/seedu/address/storage/JsonAddressBookStorageTest.java","messageBody":"","fileTypesAndContributionMap":{"test-code":{"insertions":1,"deletions":1}}},{"hash":"d77ba35e42381d27e6454ee4424dd2dfb606dccc","isMergeCommit":false,"messageTitle":"Update src/test/java/seedu/address/storage/JsonAddressBookStorageTest.java","messageBody":"","fileTypesAndContributionMap":{"test-code":{"insertions":1,"deletions":1}}},{"hash":"d13fb057d3729b758c4e1f75ed37d0694ac6238f","isMergeCommit":false,"messageTitle":"Remove test because it doesn\u0027t work in the online Gradle","messageBody":"","fileTypesAndContributionMap":{"test-code":{"insertions":3,"deletions":8}}},{"hash":"fdb8536c562d170bff29aa161c49d4907b9de6a7","isMergeCommit":true,"messageTitle":"Resolve merge conflict","messageBody":"","fileTypesAndContributionMap":{}},{"hash":"83a940d0c2fdd4a6954384733b1cab59a541693c","isMergeCommit":false,"messageTitle":"Resolve merge conflict","messageBody":"","fileTypesAndContributionMap":{"test-code":{"insertions":0,"deletions":17}}},{"hash":"3ecd2024def81c9c4c85723a93f9ac5374056449","isMergeCommit":false,"messageTitle":"Update src/test/java/seedu/address/storage/JsonAddressBookStorageTest.java","messageBody":"","fileTypesAndContributionMap":{"test-code":{"insertions":1,"deletions":0}}},{"hash":"ed1cd5b5be4a348e6293a2e5ef3391c530d38f13","isMergeCommit":false,"messageTitle":"Update src/test/java/seedu/address/storage/JsonAddressBookStorageTest.java","messageBody":"","fileTypesAndContributionMap":{"test-code":{"insertions":0,"deletions":1}}},{"hash":"aaeba1c9745a6a0e35c96c4535e241b718bcc049","isMergeCommit":false,"messageTitle":"Fix style","messageBody":"","fileTypesAndContributionMap":{"test-code":{"insertions":0,"deletions":1}}}]},{"date":"2024-10-17","commitResults":[{"hash":"edf8d5a08482cf9a9865b6c9d068dac1c37e5155","isMergeCommit":false,"messageTitle":"Update src/main/java/seedu/address/MainApp.java","messageBody":"","fileTypesAndContributionMap":{"functional-code":{"insertions":1,"deletions":0}}},{"hash":"d469dc3147c504496012634d04b0c8863a0cc0bb","isMergeCommit":false,"messageTitle":"Update src/main/java/seedu/address/ui/MainWindow.java","messageBody":"","fileTypesAndContributionMap":{"functional-code":{"insertions":1,"deletions":1}}},{"hash":"4df6adc9cd08b4dc43ee66f72197db3de25485cb","isMergeCommit":false,"messageTitle":"Remove ! from save error messages","messageBody":"","fileTypesAndContributionMap":{"functional-code":{"insertions":2,"deletions":2}}},{"hash":"7cbabd4defe866bc43ba9e66d22489d640c69918","isMergeCommit":false,"messageTitle":"Update src/main/java/seedu/address/MainApp.java","messageBody":"","fileTypesAndContributionMap":{"functional-code":{"insertions":0,"deletions":1}}},{"hash":"6efc11bd79facb91445383c28173a2f485261d9d","isMergeCommit":true,"messageTitle":"Merge pull request #68 from PrishaVP/MVP-Save-feature-(load)","messageBody":"Add Ui message for load failure and also add new test for saving","fileTypesAndContributionMap":{}}]},{"date":"2024-10-21","commitResults":[{"hash":"824ed3e8f55f2c02a2e227e80e6da20362d6a40a","isMergeCommit":false,"messageTitle":"Update uml diagram for ModelClassDiagram","messageBody":"","fileTypesAndContributionMap":{"docs":{"insertions":4,"deletions":3}}},{"hash":"ad7fc6f83e82902bcf4b7b92560f9b61d6ed3833","isMergeCommit":false,"messageTitle":"Change order of Detail and StudyGroupTag","messageBody":"","fileTypesAndContributionMap":{"docs":{"insertions":1,"deletions":1}}},{"hash":"b6e708c6f42b457e605ff1bfba7905c9140da91e","isMergeCommit":true,"messageTitle":"Merge pull request #90 from PrishaVP/Update-ModelClassDiagram.puml","messageBody":"Update UML diagram for ModelClassDiagram","fileTypesAndContributionMap":{}}]}],"wujiaweijoanna":[{"date":"2024-09-30","commitResults":[{"hash":"877fc9675dc96d8d98b5bbbed506634b4a7acb8c","isMergeCommit":false,"messageTitle":"Update AboutUs","messageBody":"","fileTypesAndContributionMap":{"docs":{"insertions":5,"deletions":5}}}]},{"date":"2024-10-02","commitResults":[{"hash":"05e7e5c94faf573527de3cc23c0721d14d3cf450","isMergeCommit":true,"messageTitle":"Merge pull request #17 from wujiaweijoanna/update-aboutUs","messageBody":"Update AboutUs page - Jiawei","fileTypesAndContributionMap":{}}]},{"date":"2024-10-03","commitResults":[{"hash":"f8d07cccb72cc3c37b4c3b8cc55f725778ed2b27","isMergeCommit":false,"messageTitle":"Update set-wide settings","messageBody":"","fileTypesAndContributionMap":{"other":{"insertions":2,"deletions":2}}},{"hash":"be2791d8d027a6d4e113faca1f345320cc8a6c81","isMergeCommit":true,"messageTitle":"Merge pull request #38 from wujiaweijoanna/set-wide-settings","messageBody":"Update set-wide settings","fileTypesAndContributionMap":{}}]},{"date":"2024-10-06","commitResults":[{"hash":"b652a7b35c7817a6cba4e51a8972a68185a95912","isMergeCommit":true,"messageTitle":"Merge pull request #48 from PrishaVP/mvp-rename-package","messageBody":"Mvp rename app UI","fileTypesAndContributionMap":{}}]},{"date":"2024-10-07","commitResults":[{"hash":"67d4c431684fbc4442daeeadef00b3c2116399c2","isMergeCommit":false,"messageTitle":"Add gender, age, detail","messageBody":"","fileTypesAndContributionMap":{"functional-code":{"insertions":417,"deletions":23},"test-code":{"insertions":63,"deletions":11}}},{"hash":"c2747dbb27a29decc415270eeeb194041158a09f","isMergeCommit":true,"messageTitle":"Merge branch \u0027master\u0027 into mvp-add-feature","messageBody":"# Conflicts:\n#\tsrc/main/java/seedu/address/model/person/Age.java\n#\tsrc/main/java/seedu/address/model/person/Gender.java\n","fileTypesAndContributionMap":{}},{"hash":"bdbaa6675d0711267926233aa784867cf75969dd","isMergeCommit":false,"messageTitle":"Adjust style and tests","messageBody":"","fileTypesAndContributionMap":{"functional-code":{"insertions":19,"deletions":11},"test-code":{"insertions":154,"deletions":87}}}]},{"date":"2024-10-09","commitResults":[{"hash":"f6980fcf8d1b163f1d567f409aee986fb2879cdb","isMergeCommit":true,"messageTitle":"Merge pull request #50 from wujiaweijoanna/mvp-add-feature","messageBody":"MVP - Add command overhaul","fileTypesAndContributionMap":{}}]},{"date":"2024-10-13","commitResults":[{"hash":"af3ce197fa9101bff9f8a0ff1f0447dced1aaf18","isMergeCommit":false,"messageTitle":"Make detail field optional","messageBody":"","fileTypesAndContributionMap":{"functional-code":{"insertions":9,"deletions":5},"test-code":{"insertions":83,"deletions":43}}},{"hash":"1e80b02985e3f7def4f2460e5a5bc99e984a4ccd","isMergeCommit":true,"messageTitle":"Merge branch \u0027master\u0027 into mvp-add-feature","messageBody":"","fileTypesAndContributionMap":{}},{"hash":"63689450d51d049e80fae607c7bfa4b6de7874c9","isMergeCommit":false,"messageTitle":"Remove redundant code","messageBody":"","fileTypesAndContributionMap":{"functional-code":{"insertions":1,"deletions":1},"test-code":{"insertions":1,"deletions":1}}},{"hash":"275d8afb38df05084738a5523051610a644e136b","isMergeCommit":true,"messageTitle":"Merge pull request #65 from wujiaweijoanna/mvp-add-feature","messageBody":"Add Feature Follow Up","fileTypesAndContributionMap":{}}]},{"date":"2024-10-18","commitResults":[{"hash":"05c410a23db75e2fc0bb1c2a22d09f9125ece695","isMergeCommit":false,"messageTitle":"Delete in bulk","messageBody":"","fileTypesAndContributionMap":{"functional-code":{"insertions":56,"deletions":23},"test-code":{"insertions":63,"deletions":13}}}]},{"date":"2024-10-19","commitResults":[{"hash":"10ccca22b5705c819223c4d2de3dc6b84850a077","isMergeCommit":true,"messageTitle":"Merge pull request #77 from wujiaweijoanna/mvp-delete-feature","messageBody":"Alpha Version - Bulk Deletion Feature","fileTypesAndContributionMap":{}}]},{"date":"2024-10-21","commitResults":[{"hash":"6bcb601309e983c1dab85b9a9b2ed8a083473d2e","isMergeCommit":false,"messageTitle":"Update UML","messageBody":"","fileTypesAndContributionMap":{"docs":{"insertions":7,"deletions":7}}},{"hash":"9baa2b3ee134c12f0bd1fa9b856f4368fbc35c72","isMergeCommit":false,"messageTitle":"Change UML field","messageBody":"","fileTypesAndContributionMap":{"docs":{"insertions":10,"deletions":10}}},{"hash":"be02f946f0690917680c9a7481052940738731d8","isMergeCommit":true,"messageTitle":"Merge pull request #95 from wujiaweijoanna/update-uml","messageBody":"Alpha version - Update UML diagrams (ModelClassDiagram, BetterModelClassDiagram, StorageClassDiagram)","fileTypesAndContributionMap":{}}]}],"wkxcass":[{"date":"2024-09-30","commitResults":[{"hash":"94315a314214d0d7a993ff42fa929cea91fcda72","isMergeCommit":false,"messageTitle":"Update the AboutUs page","messageBody":"","fileTypesAndContributionMap":{"docs":{"insertions":4,"deletions":4}}},{"hash":"7c7067ebd3433ecc4d8989781396cea8e0e467dd","isMergeCommit":false,"messageTitle":"Update the AboutUs page","messageBody":"","fileTypesAndContributionMap":{"docs":{"insertions":1,"deletions":0}}}]},{"date":"2024-10-02","commitResults":[{"hash":"e82d9fc6fec88d60269bcf5c3324b733afdaab86","isMergeCommit":true,"messageTitle":"Merge pull request #14 from wkxcass/branch-AboutUs","messageBody":"Update AboutUs page - Cassandra","fileTypesAndContributionMap":{}},{"hash":"426718ea19a0b9ebe79b400b53230cc33752cb23","isMergeCommit":false,"messageTitle":"Developer guide: update non-functional requirements","messageBody":"","fileTypesAndContributionMap":{"docs":{"insertions":64,"deletions":4}}},{"hash":"e832d4d433b1c70318b8709e0b59230e08a65839","isMergeCommit":false,"messageTitle":"Developer guide: update non-functional requirements","messageBody":"","fileTypesAndContributionMap":{"docs":{"insertions":6,"deletions":6}}}]},{"date":"2024-10-03","commitResults":[{"hash":"e665cc021a5342db9289c6b3d8cf0d42832f7ac7","isMergeCommit":true,"messageTitle":"Merge pull request #37 from wkxcass/branch-DG-NFRs","messageBody":"Developer guide: update non-functional requirements","fileTypesAndContributionMap":{}}]},{"date":"2024-10-04","commitResults":[{"hash":"1215b7e481be2c414a3e4d797cf76e8427c9b8c5","isMergeCommit":false,"messageTitle":"Update docs/DeveloperGuide.md","messageBody":"Co-authored-by: PrishaVP \u003c127843050+PrishaVP@users.noreply.github.com\u003e","fileTypesAndContributionMap":{"docs":{"insertions":1,"deletions":1}}},{"hash":"4af83e2b5e0a2fe9c566f215058a6b8f078e3461","isMergeCommit":false,"messageTitle":"Update docs/DeveloperGuide.md","messageBody":"","fileTypesAndContributionMap":{"docs":{"insertions":1,"deletions":1}}},{"hash":"c206292409ab05f660794f4a7aabbc00b6af73f6","isMergeCommit":false,"messageTitle":"Update docs/DeveloperGuide.md","messageBody":"","fileTypesAndContributionMap":{"docs":{"insertions":1,"deletions":1}}}]},{"date":"2024-10-09","commitResults":[{"hash":"d79a3159fca059218fa10d54f5bf93a3dd32b32d","isMergeCommit":false,"messageTitle":"Update delete feature","messageBody":"","fileTypesAndContributionMap":{"functional-code":{"insertions":3,"deletions":2}}},{"hash":"59e75228182b2896e8ec0d1525523ce346156081","isMergeCommit":false,"messageTitle":"Update related error message formats","messageBody":"","fileTypesAndContributionMap":{"functional-code":{"insertions":3,"deletions":3}}},{"hash":"7e803e3509f8e2cc01a129bf8d58e51c90148b98","isMergeCommit":true,"messageTitle":"Merge branch \u0027master\u0027 into branch-Delete","messageBody":"","fileTypesAndContributionMap":{}},{"hash":"bb933b38d5dda09767bfe380ce90684c0a7316c3","isMergeCommit":false,"messageTitle":"Refine delete feature","messageBody":"","fileTypesAndContributionMap":{"functional-code":{"insertions":1,"deletions":1}}},{"hash":"e5017a6003511ff8abfdaf43315d07d9bf232aeb","isMergeCommit":false,"messageTitle":"Remove unused Person fields","messageBody":"","fileTypesAndContributionMap":{"functional-code":{"insertions":76,"deletions":373},"test-code":{"insertions":155,"deletions":477}}},{"hash":"ec48cfda0b255d1a7c7933a68a79ec78af4e426b","isMergeCommit":false,"messageTitle":"Refine delete feature","messageBody":"","fileTypesAndContributionMap":{"functional-code":{"insertions":1,"deletions":1}}},{"hash":"3401a485c0d15036c607222658b729334568d0af","isMergeCommit":false,"messageTitle":"Refine message formatting for add feature","messageBody":"","fileTypesAndContributionMap":{"functional-code":{"insertions":1,"deletions":1}}},{"hash":"3a5e079ec1f4589684be6b9b8adc47909d60bcb8","isMergeCommit":true,"messageTitle":"Merge pull request #54 from wkxcass/branch-Delete","messageBody":"Update delete feature","fileTypesAndContributionMap":{}},{"hash":"55f3effe86f8754f72dc21cf8d7c0426049ea215","isMergeCommit":true,"messageTitle":"Merge branch \u0027master\u0027 of https://github.com/AY2425S1-CS2103T-F08-2/tp","messageBody":"","fileTypesAndContributionMap":{}},{"hash":"54de6c376ad46348dc9b7a7fe6a772c076b2a716","isMergeCommit":true,"messageTitle":"Merge branch \u0027master\u0027 into branch-RemoveFields","messageBody":"","fileTypesAndContributionMap":{}},{"hash":"6fa5a4b02d86ef0c36cc9d45331378bf9fa20cc2","isMergeCommit":false,"messageTitle":"AddCommandParserTest: refine testcases","messageBody":"","fileTypesAndContributionMap":{"test-code":{"insertions":2,"deletions":2}}}]},{"date":"2024-10-10","commitResults":[{"hash":"0689817282c31e4f1da89a58d0ff86518f7b545b","isMergeCommit":true,"messageTitle":"Merge pull request #57 from wkxcass/branch-RemoveFields","messageBody":"MVP - Remove fields","fileTypesAndContributionMap":{}}]},{"date":"2024-10-12","commitResults":[{"hash":"aa25e68cfc0a5c4e678b2a469ec5573892e192e1","isMergeCommit":false,"messageTitle":"Update Gender.java","messageBody":"Update the gender field to accept \u0027f\u0027 and \u0027m\u0027 as valid inputs,\nwhile saving them internally as \u0027F\u0027 and \u0027M\u0027 respectively.\n","fileTypesAndContributionMap":{"functional-code":{"insertions":5,"deletions":4}}},{"hash":"450eed8acc9612c9af371d3eefa6686de6c99873","isMergeCommit":false,"messageTitle":"Create GenderTest.java","messageBody":"Create JUnit testcases for the Gender class.\n","fileTypesAndContributionMap":{"test-code":{"insertions":60,"deletions":0}}},{"hash":"58f0d14f5ebf4fbe6796533ec4716fd0547d476d","isMergeCommit":true,"messageTitle":"Merge pull request #62 from wkxcass/branch-Gender","messageBody":"MVP - Gender field","fileTypesAndContributionMap":{}}]},{"date":"2024-10-16","commitResults":[{"hash":"c81e608fcbeffc0c01611d69e5699c001888d2aa","isMergeCommit":false,"messageTitle":"Add feature: fix bug","messageBody":"","fileTypesAndContributionMap":{"functional-code":{"insertions":17,"deletions":2}}},{"hash":"a2d6e02a8b13724482abd8929610274a287f144f","isMergeCommit":false,"messageTitle":"Standardize Javadoc comments","messageBody":"","fileTypesAndContributionMap":{"functional-code":{"insertions":6,"deletions":1}}},{"hash":"c8491cac544d2dc67e953f0677b432ee79b5841d","isMergeCommit":false,"messageTitle":"Create AgeTest.java","messageBody":"Create JUnit testcases for the Age class.\n","fileTypesAndContributionMap":{"test-code":{"insertions":63,"deletions":0}}}]},{"date":"2024-10-17","commitResults":[{"hash":"8803b8ed60cc17d182c53644b4a275752eff90cb","isMergeCommit":true,"messageTitle":"Merge pull request #70 from wkxcass/branch-Bug-Add","messageBody":"MVP - Fix bug (add feature)","fileTypesAndContributionMap":{}},{"hash":"5d7ea7b26741016b0a3da82e3d60772560c7bb72","isMergeCommit":false,"messageTitle":"Fix UI related bugs","messageBody":"","fileTypesAndContributionMap":{"functional-code":{"insertions":3,"deletions":3}}},{"hash":"d2980095151ccc886b3ced89e45ada835f456e09","isMergeCommit":true,"messageTitle":"Merge pull request #73 from wkxcass/branch-Bug-Ui","messageBody":"MVP - Fix UI bugs","tags":["v1.3"],"fileTypesAndContributionMap":{}}]},{"date":"2024-10-19","commitResults":[{"hash":"a364bfa5aa503c00ee246c2c46dea9031358456a","isMergeCommit":false,"messageTitle":"StudyGroupTag: refactoring","messageBody":"","fileTypesAndContributionMap":{"functional-code":{"insertions":66,"deletions":60},"other":{"insertions":0,"deletions":0},"test-code":{"insertions":193,"deletions":152}}},{"hash":"52dd2d09d79e9d3cd8c0a52b265f02dc301e950e","isMergeCommit":false,"messageTitle":"StudyGroupTag: refactoring","messageBody":"","fileTypesAndContributionMap":{"functional-code":{"insertions":3,"deletions":3},"test-code":{"insertions":27,"deletions":27}}}]},{"date":"2024-10-20","commitResults":[{"hash":"eca8e0b2a23d841484f107077c1593c77f9aada8","isMergeCommit":false,"messageTitle":"Edit feature: incorporate new fields","messageBody":"","fileTypesAndContributionMap":{"functional-code":{"insertions":1,"deletions":1}}},{"hash":"f159521bb04cd6ac4354e5ca9deeffd5ba555439","isMergeCommit":false,"messageTitle":"StudyGroupTag: refactoring (fix nits)","messageBody":"","fileTypesAndContributionMap":{"test-code":{"insertions":2,"deletions":2}}},{"hash":"48fa47f20516a4b34ecc83a33d7df54b574dc681","isMergeCommit":true,"messageTitle":"Merge branch \u0027master\u0027 into branch-StudyGroupTag","messageBody":"# Conflicts:\n#\tsrc/main/java/seedu/address/logic/commands/AddCommand.java\n","fileTypesAndContributionMap":{}},{"hash":"9e44ea3d348b06239198bb592758f504a3ac1c8d","isMergeCommit":true,"messageTitle":"Merge pull request #79 from wkxcass/branch-StudyGroupTag","messageBody":"Alpha Version - StudyGroupTag refactoring","fileTypesAndContributionMap":{}},{"hash":"ef5f78ee8a4fb864bd7b9c3eeea06a9887ae7c4c","isMergeCommit":true,"messageTitle":"Merge branch \u0027master\u0027 into branch-Edit","messageBody":"# Conflicts:\n#\tsrc/main/java/seedu/address/logic/commands/EditCommand.java\n","fileTypesAndContributionMap":{}},{"hash":"032e4466b8d549721895a13d0ebe559107e8b41a","isMergeCommit":false,"messageTitle":"Refactor and standardize code","messageBody":"","fileTypesAndContributionMap":{"functional-code":{"insertions":11,"deletions":11},"test-code":{"insertions":16,"deletions":14}}},{"hash":"9419eff40bc2cbb331b0fcfb0fe4e11ace30a7fd","isMergeCommit":false,"messageTitle":"Edit feature: implement persistent StudyGroupTags","messageBody":"","fileTypesAndContributionMap":{"functional-code":{"insertions":15,"deletions":12},"test-code":{"insertions":5,"deletions":2}}},{"hash":"36b3383815822ef1cc299376c60bf078d6296eb6","isMergeCommit":false,"messageTitle":"Utilize Java assertions","messageBody":"","fileTypesAndContributionMap":{"functional-code":{"insertions":3,"deletions":0}}}]},{"date":"2024-10-21","commitResults":[{"hash":"0d934be03cd83bcd1cd8bd3e75a44386591c2648","isMergeCommit":false,"messageTitle":"build.gradle: enable assertions","messageBody":"","fileTypesAndContributionMap":{"other":{"insertions":4,"deletions":0}}},{"hash":"c626b079fa92da0205f3c2b76ce926d0b4a72f61","isMergeCommit":false,"messageTitle":"Update ModelClassDiagram","messageBody":"","fileTypesAndContributionMap":{"docs":{"insertions":4,"deletions":3}}},{"hash":"168ec0caeab9fba15cb2cbfb0a7fe336a15b6a62","isMergeCommit":false,"messageTitle":"Update build.gradle to match project name","messageBody":"","fileTypesAndContributionMap":{"other":{"insertions":1,"deletions":1}}},{"hash":"7e9d33406b93cd9f381abf739501edc859856272","isMergeCommit":true,"messageTitle":"Merge pull request #89 from wkxcass/branch-UML","messageBody":"Update ModelClassDiagram","fileTypesAndContributionMap":{}},{"hash":"518768905b80fda603f454d286d8e02e8169f776","isMergeCommit":true,"messageTitle":"Merge pull request #83 from wkxcass/branch-EnableAssertions","messageBody":"Enable assertions","fileTypesAndContributionMap":{}},{"hash":"aabbcfb667eaca55302e909877fe299d8b21b699","isMergeCommit":true,"messageTitle":"Merge pull request #80 from wkxcass/branch-Edit","messageBody":"Alpha Version - Edit feature","fileTypesAndContributionMap":{}}]}],"sannie-beep":[{"date":"2024-10-02","commitResults":[{"hash":"ec2386fc6622f7ec8d0e5b55be96b7c1624d568e","isMergeCommit":false,"messageTitle":"Update Sanchita\u0027s information","messageBody":"","fileTypesAndContributionMap":{"docs":{"insertions":4,"deletions":4}}},{"hash":"1e21431019c8190e4493dabae08a3396d601efda","isMergeCommit":true,"messageTitle":"Merge pull request #30 from sannie-beep/update-photo","messageBody":"Add Sanchita\u0027s photo","fileTypesAndContributionMap":{}},{"hash":"030b9652f8f18b1c59b55a4b97120908f75316df","isMergeCommit":true,"messageTitle":"Merge pull request #31 from sannie-beep/update-about-us","messageBody":"Update AboutUs page -Sanchita","fileTypesAndContributionMap":{}}]},{"date":"2024-10-04","commitResults":[{"hash":"68290858a06c9195084267bfa2594e1db1dd941f","isMergeCommit":false,"messageTitle":"DG: Update target user profile, value proposition, user stories, glossary","messageBody":"","fileTypesAndContributionMap":{"docs":{"insertions":21,"deletions":11}}},{"hash":"c60c41d77190417283985517852d659170c8c23e","isMergeCommit":false,"messageTitle":"Update the DG: fix reviewed changes for user stories, glossary, formatting","messageBody":"","fileTypesAndContributionMap":{"docs":{"insertions":43,"deletions":18}}},{"hash":"4c7c16e8da40321baaaea394e193c94c9c278bd2","isMergeCommit":true,"messageTitle":"Merge pull request #39 from sannie-beep/update-dg-requirements","messageBody":"DG: Update target user profile, value proposition, user stories, glos…","fileTypesAndContributionMap":{}}]},{"date":"2024-10-06","commitResults":[{"hash":"4916f4438fb56853e63719bb6491f7436a2ac47c","isMergeCommit":false,"messageTitle":"Update Person Model with Gender and Age classes","messageBody":"","fileTypesAndContributionMap":{"functional-code":{"insertions":130,"deletions":0},"other":{"insertions":3,"deletions":1}}},{"hash":"ad53294890b884dce03aee33d9b9cfe99b78d3fd","isMergeCommit":false,"messageTitle":"Update Person class to compare Persons by email, not name","messageBody":"","fileTypesAndContributionMap":{"functional-code":{"insertions":3,"deletions":3}}}]},{"date":"2024-10-07","commitResults":[{"hash":"ee21df83fbd24dd35cc7d7e5462cd2d206e90f4d","isMergeCommit":false,"messageTitle":"Update duplicate person and storage tests to compare dupes by email not name","messageBody":"","fileTypesAndContributionMap":{"test-code":{"insertions":13,"deletions":14}}},{"hash":"151172bd8879a92b8b110938946cab373d1c6193","isMergeCommit":false,"messageTitle":"Fix gradle-wrapper.properties","messageBody":"","fileTypesAndContributionMap":{"other":{"insertions":1,"deletions":3}}},{"hash":"1f7e43cfdbd4f94820522af44e6c9efc44a2311f","isMergeCommit":true,"messageTitle":"Merge pull request #49 from sannie-beep/branch-update-person-model","messageBody":"Branch update person model","fileTypesAndContributionMap":{}}]},{"date":"2024-10-16","commitResults":[{"hash":"df70bc84a97797c20e2919f236ec02321c79cae4","isMergeCommit":false,"messageTitle":"Update Age class to check age constraints and tests for invalid age over limit","messageBody":"","fileTypesAndContributionMap":{"functional-code":{"insertions":11,"deletions":21},"test-code":{"insertions":9,"deletions":0}}},{"hash":"3abf425f690774935afc50d0474597d32168297d","isMergeCommit":false,"messageTitle":"Fix minor formatting and spacing issues","messageBody":"","fileTypesAndContributionMap":{"functional-code":{"insertions":8,"deletions":2}}},{"hash":"3f6b999249064905eeeed754a8ebe19177bbd5eb","isMergeCommit":true,"messageTitle":"Merge pull request #67 from sannie-beep/age-field-updates","messageBody":"Update Age class to check age constraints and tests for invalid age","fileTypesAndContributionMap":{}}]},{"date":"2024-10-21","commitResults":[{"hash":"6d6d7bcc384d3b31f5ef0723da0205ec78f57272","isMergeCommit":false,"messageTitle":"Update BetterModelClassDiagram.puml","messageBody":"","fileTypesAndContributionMap":{"docs":{"insertions":3,"deletions":2}}},{"hash":"6ee95f6970aedada3d621cf095c28b50d8eab585","isMergeCommit":true,"messageTitle":"Merge pull request #91 from sannie-beep/update-puml-betterpersonmodel","messageBody":"Update BetterModelClassDiagram.puml","fileTypesAndContributionMap":{}}]}]},"authorFileTypeContributionMap":{"k-hian":{"docs":451,"functional-code":544,"test-code":785},"PrishaVP":{"docs":27,"functional-code":42,"test-code":9},"wujiaweijoanna":{"docs":15,"functional-code":332,"test-code":186,"other":3},"wkxcass":{"docs":74,"functional-code":154,"test-code":399,"other":3},"sannie-beep":{"docs":52,"functional-code":16,"test-code":13}},"authorContributionVariance":{"k-hian":63280.67,"PrishaVP":1.781555E7,"wujiaweijoanna":19444.164,"wkxcass":43743.562,"sannie-beep":891.8125},"authorDisplayNameMap":{"k-hian":"CS2103T-F08-2 NG K..HIAN","PrishaVP":"CS2103T-F08-2 PRIS..KASH","wujiaweijoanna":"CS2103T-F08-2 WU J..AWEI","wkxcass":"CS2103T-F08-2 WONG.. XIN","sannie-beep":"CS2103T-F08-2 DHAR..HWIN"}}
