{"authorDailyContributionsMap":{"ChinSekYi":[{"date":"2024-09-29","commitResults":[{"hash":"d220a87816555050a891773129367a716a61ccef","isMergeCommit":false,"messageTitle":"Add about us","messageBody":"","fileTypesAndContributionMap":{"docs":{"insertions":3,"deletions":3}}},{"hash":"b1079a01e6f4d8ac2920cebe86f1bc26cd0f04ed","isMergeCommit":true,"messageTitle":"Merge pull request #23 from ChinSekYi/update-about-us","messageBody":"Update About Us SekYi","fileTypesAndContributionMap":{}},{"hash":"ba1db7d4a6a2a06e01639101c3b97e4761b83650","isMergeCommit":false,"messageTitle":"Edit DG Non-Functional Requirements and Glossary","messageBody":"","fileTypesAndContributionMap":{"docs":{"insertions":16,"deletions":4}}}]},{"date":"2024-10-10","commitResults":[{"hash":"d6f58f7fcfcbee155dca28836e9eb21d74619053","isMergeCommit":false,"messageTitle":"Add validation constraints and error messages for invalid names","messageBody":"","fileTypesAndContributionMap":{"functional-code":{"insertions":22,"deletions":4},"test-code":{"insertions":19,"deletions":3}}},{"hash":"75d81d3517e882f5356ee1ba1a12f7fac379480c","isMergeCommit":false,"messageTitle":"Fix checkstyle error","messageBody":"","fileTypesAndContributionMap":{"functional-code":{"insertions":17,"deletions":3},"test-code":{"insertions":2,"deletions":2}}},{"hash":"a613a3a91c4cde44b38569a1583c978c764b58f7","isMergeCommit":false,"messageTitle":"Add validation constraints and error messages for invalid phone number","messageBody":"","fileTypesAndContributionMap":{"functional-code":{"insertions":6,"deletions":3},"test-code":{"insertions":27,"deletions":7}}},{"hash":"c2573d78f0b53ba3ae7867792a81d8772bb5efdf","isMergeCommit":true,"messageTitle":"Merge branch \u0027master\u0027 into invalid-input-and-error-msg","messageBody":"","fileTypesAndContributionMap":{}},{"hash":"4fdcb4673bc090950bed449fd36db1b5f26e4e49","isMergeCommit":false,"messageTitle":"Fix bugs for ParserTest","messageBody":"","fileTypesAndContributionMap":{"test-code":{"insertions":1,"deletions":1}}},{"hash":"f15035f61268f26e39cc4c330eb263e3984cf508","isMergeCommit":false,"messageTitle":"Fix checkstyle issues","messageBody":"","fileTypesAndContributionMap":{"test-code":{"insertions":2,"deletions":2}}},{"hash":"875519b1e2d123feb8d147cc9e1505480a47d4b5","isMergeCommit":false,"messageTitle":"Update ParserUtilTest","messageBody":"","fileTypesAndContributionMap":{"test-code":{"insertions":12,"deletions":0}}},{"hash":"e7b4efb434ee0c8cfc77be6233ab2a413e49b9e1","isMergeCommit":false,"messageTitle":"Add validation constraints and error messages for invalid email","messageBody":"","fileTypesAndContributionMap":{"functional-code":{"insertions":12,"deletions":1},"test-code":{"insertions":15,"deletions":0}}},{"hash":"5a892c3edf1d41f8e7d7bc707520d4aa18446f6f","isMergeCommit":false,"messageTitle":"Fix bugs for Parsing Email","messageBody":"","fileTypesAndContributionMap":{"functional-code":{"insertions":3,"deletions":0},"test-code":{"insertions":8,"deletions":0}}},{"hash":"dd0c0e5b3f77ae4d50dd647fda8985b34aa1ab36","isMergeCommit":false,"messageTitle":"Add test coverage for EmailTest","messageBody":"","fileTypesAndContributionMap":{"test-code":{"insertions":14,"deletions":12}}},{"hash":"8b097821dc70af160c3373268b784c1329114e45","isMergeCommit":true,"messageTitle":"Merge pull request #63 from ChinSekYi/invalid-input-and-error-msg","messageBody":"Add validation constraints and error messages for invalid names, phone number and email","fileTypesAndContributionMap":{}}]},{"date":"2024-10-12","commitResults":[{"hash":"08e748c331d4bc15bf7c502c3daacd1b63bb605f","isMergeCommit":false,"messageTitle":"Handle duplicate contacts","messageBody":"","fileTypesAndContributionMap":{"functional-code":{"insertions":5,"deletions":7},"test-code":{"insertions":8,"deletions":8}}},{"hash":"c468d0c0322c98a3fd2ed9d3594b0a45f4691aad","isMergeCommit":false,"messageTitle":"Fix duplicate contacts error","messageBody":"","fileTypesAndContributionMap":{"functional-code":{"insertions":8,"deletions":6},"test-code":{"insertions":2,"deletions":2}}},{"hash":"5956eea074c60b9e6c5d57714f9af9a82e2c08d7","isMergeCommit":true,"messageTitle":"Merge branch \u0027AY2425S1-CS2103-F09-3:master\u0027 into invalid-input-and-error-msg","messageBody":"","fileTypesAndContributionMap":{}},{"hash":"4b4d3466c0161a44c7c8a14ed207e5173f92cbe2","isMergeCommit":false,"messageTitle":"Add test cases for duplicate handling","messageBody":"","fileTypesAndContributionMap":{"test-code":{"insertions":17,"deletions":0}}},{"hash":"b54c43767e962b9235a2cb28e1ab4831650340d3","isMergeCommit":true,"messageTitle":"Merge branch \u0027invalid-input-and-error-msg\u0027 of https://github.com/ChinSekYi/tp into invalid-input-and-error-msg","messageBody":"","fileTypesAndContributionMap":{}},{"hash":"d4919cedde80573cfb6989694060cb723489c32e","isMergeCommit":true,"messageTitle":"Merge pull request #69 from ChinSekYi/invalid-input-and-error-msg","messageBody":"Handle duplicate contacts","fileTypesAndContributionMap":{}}]}],"hansneddyanto":[{"date":"2024-09-20","commitResults":[{"hash":"b3d6a3329779313c3bbb8a7b80f01697c50cdbba","isMergeCommit":false,"messageTitle":"Trial to see CI for markbind","messageBody":"","fileTypesAndContributionMap":{"functional-code":{"insertions":1,"deletions":0}}},{"hash":"f019c2acf6d705fd09db883afd069268fb528193","isMergeCommit":true,"messageTitle":"Merge branch \u0027AY2425S1-CS2103-F09-3:master\u0027 into master","messageBody":"","fileTypesAndContributionMap":{}},{"hash":"fec4d244d68a027e5751c44bc528bc6d78f3341f","isMergeCommit":true,"messageTitle":"Merge pull request #2 from hansneddyanto/master","messageBody":"Trial to see CI for markbind","fileTypesAndContributionMap":{}},{"hash":"b679024c6ff9e39d5537f7cf107da562a4d95d95","isMergeCommit":false,"messageTitle":"Working with a forked MarkBind site: Initiating the site step 3","messageBody":"","fileTypesAndContributionMap":{"docs":{"insertions":1,"deletions":1}}},{"hash":"8edd079cde2458acd214a3924e6e6f7e89f05b3f","isMergeCommit":true,"messageTitle":"Merge pull request #3 from hansneddyanto/master","messageBody":"Working with a forked MarkBind site: Initiating the site step 3","fileTypesAndContributionMap":{}}]},{"date":"2024-09-29","commitResults":[{"hash":"228dd7289b1d02a143001cd94be8346ad83e3ae2","isMergeCommit":false,"messageTitle":"Update About Us with Hans\u0027 Role","messageBody":"","fileTypesAndContributionMap":{"docs":{"insertions":6,"deletions":6}}},{"hash":"67e18822787785e47030b15bc722913fc099db89","isMergeCommit":true,"messageTitle":"Merge branch \u0027master\u0027 into update-about-us-hans","messageBody":"","fileTypesAndContributionMap":{}},{"hash":"6daf52fb636e4efc10a19d75ce528e54c52da974","isMergeCommit":true,"messageTitle":"Merge pull request #25 from vicelyav/Update-AboutUs","messageBody":"Add about us information for vicelyav","fileTypesAndContributionMap":{}}]},{"date":"2024-10-01","commitResults":[{"hash":"c41e846109c1e081bae616bc2466376ee1f7e0f0","isMergeCommit":false,"messageTitle":"Add use cases to the Developer Guide","messageBody":"The Developer Guide was missing detailed use cases for core features of\nour new product.\n\nClear use cases help developers understand the expected system behavior,\nmaking it easier to implement and test features correctly.\n\nLet\u0027s,\n* add use cases for Add Contact, Delete Contact, List All Contacts, and\nFilter Contacts\n* ensure each use case contains the main success scenario (MSS) and\nextensions to cover alternative paths\n* structure the use cases with clear steps and error handling to\nimprove clarity in the Developer Guide\n","fileTypesAndContributionMap":{"docs":{"insertions":82,"deletions":14}}}]},{"date":"2024-10-10","commitResults":[{"hash":"292122e2f1f8fb43aea4dee40bd8754c76298aae","isMergeCommit":false,"messageTitle":"Refactor FindCommand to support multiple predicates","messageBody":"FindCommand previously accepted only NameContainsKeywordsPredicate,\nlimiting its functionality to name-based searches.\n\nThis restriction made it difficult to extend the search feature to\nhandle other criteria such as phone numbers, email addresses, job\ncodes, and tags, which are common search requirements for an address\nbook application.\n\nThis commit modifies FindCommand to accept a generic Predicate\u003cPerson\u003e,\nallowing it to support various search predicates, including searches by\nname, phone, email, job code, and tags. It also updates the\nFindCommandParser to parse the respective fields from the user input\nand constructs the appropriate predicate.\n\nThe decision to use a generic Predicate\u003cPerson\u003e increases flexibility\nand simplifies future extensions of the FindCommand. It also aligns the\nsearch functionality with best practices in predicate-based filtering.\n\nJavadoc comments were added to ensure compliance with code style\nguidelines, improving readability and maintainability.\n\nTest cases are pending, and will be added in future commits.\n","fileTypesAndContributionMap":{"functional-code":{"insertions":201,"deletions":8},"test-code":{"insertions":10,"deletions":10}}},{"hash":"4441e2fd846ebf9d70d56a76aa909ff99c73eef6","isMergeCommit":false,"messageTitle":"Minor edits to pass checkstyle","messageBody":"","fileTypesAndContributionMap":{"test-code":{"insertions":10,"deletions":14}}},{"hash":"0ab28abd068eee7385daafe141f3b59948941803","isMergeCommit":false,"messageTitle":"Edit to pass checkstyle and CI","messageBody":"","fileTypesAndContributionMap":{"test-code":{"insertions":7,"deletions":13}}}]}],"hazzle23":[{"date":"2024-09-29","commitResults":[{"hash":"c47d48fed2da8b7c1adb0d8e0f3ee0efb46f0fa9","isMergeCommit":true,"messageTitle":"Merge pull request #19 from ChinSekYi/add-image-branch","messageBody":"Add SekYi\u0027s photo","fileTypesAndContributionMap":{}},{"hash":"918d5d81c7c82dfac8c0fbfb121de4148e2a1629","isMergeCommit":false,"messageTitle":"Update AboutUs","messageBody":"","fileTypesAndContributionMap":{"docs":{"insertions":9,"deletions":45}}},{"hash":"d9b0519fe452ffaa1a375b2dbf289d325386e7d3","isMergeCommit":true,"messageTitle":"Merge pull request #24 from hansneddyanto/update-about-us-hans","messageBody":"Update About Us with Hans\u0027 Role","fileTypesAndContributionMap":{}},{"hash":"c7806b03e672237f3a9dc41012d4fb3ca54b001e","isMergeCommit":true,"messageTitle":"Merge branch \u0027master\u0027 into update-AboutUs-hera","messageBody":"","fileTypesAndContributionMap":{}},{"hash":"c5775d345b4a8fdba3d3fe32ad904086318cb002","isMergeCommit":false,"messageTitle":"Update AboutUs","messageBody":"","fileTypesAndContributionMap":{"docs":{"insertions":2,"deletions":1}}},{"hash":"8e4b1b839fae45e0c33f79458d7471e1c53fbd0d","isMergeCommit":true,"messageTitle":"Merge pull request #27 from hazzle23/update-AboutUs-hera","messageBody":"Update Hera\u0027s AboutUs ","fileTypesAndContributionMap":{}}]},{"date":"2024-10-02","commitResults":[{"hash":"1b3143db44a3abf099698fd92da7008679e8fd8c","isMergeCommit":true,"messageTitle":"Merge pull request #30 from ChinSekYi/update-dg","messageBody":"Update DG - Non-functional requirements and Glossary","fileTypesAndContributionMap":{}},{"hash":"cec2e0bef6d6556900bc764d5a83c5ea2161b13d","isMergeCommit":true,"messageTitle":"Merge pull request #36 from hansneddyanto/update-dg-use-cases","messageBody":"Add use cases to the Developer Guide","fileTypesAndContributionMap":{}},{"hash":"7be80e6d9b792bc31b6a77f9330098c9c51d5586","isMergeCommit":false,"messageTitle":"Update target user and value proposition in DG","messageBody":"","fileTypesAndContributionMap":{"docs":{"insertions":6,"deletions":3}}}]},{"date":"2024-10-03","commitResults":[{"hash":"8248f352dd4ea3820f9cdcd9b7a701c21c136607","isMergeCommit":false,"messageTitle":"Update user stories in DG","messageBody":"","fileTypesAndContributionMap":{"docs":{"insertions":17,"deletions":9}}},{"hash":"b56231ca81ce8ed284d4520d531aef1d5ffe4a69","isMergeCommit":true,"messageTitle":"Merge branch \u0027master\u0027 into Update-Readme","messageBody":"","fileTypesAndContributionMap":{}},{"hash":"27c86732a68e581348ce54d91847372e448403b7","isMergeCommit":true,"messageTitle":"Merge pull request #37 from vicelyav/Update-Readme","messageBody":"Update readme file","fileTypesAndContributionMap":{}},{"hash":"27fa66ca599612f476b7106e4a05ae5d7a0f69b2","isMergeCommit":true,"messageTitle":"Merge pull request #38 from hazzle23/branch-update-dg","messageBody":"Update DG: product scope and user stories","fileTypesAndContributionMap":{}}]},{"date":"2024-10-09","commitResults":[{"hash":"dc323facb2a34a6d3412048910c558fb183aad82","isMergeCommit":false,"messageTitle":"Change Address Field to Job Code","messageBody":"","fileTypesAndContributionMap":{"functional-code":{"insertions":69,"deletions":69},"other":{"insertions":9,"deletions":9},"test-code":{"insertions":195,"deletions":195}}},{"hash":"bbe7c47f353fecc42a40a2482214460cb2992521","isMergeCommit":false,"messageTitle":"Update codestyle","messageBody":"","fileTypesAndContributionMap":{"functional-code":{"insertions":9,"deletions":9},"test-code":{"insertions":22,"deletions":22}}},{"hash":"2c9e2ca2a306eacc031bf1525170aab76a31dfe3","isMergeCommit":false,"messageTitle":"Update test codes","messageBody":"","fileTypesAndContributionMap":{"test-code":{"insertions":7,"deletions":7}}},{"hash":"8dd49bf506f7c94013bf198cb7b9f85f35295729","isMergeCommit":true,"messageTitle":"Merge pull request #53 from hazzle23/change-address-to-jobCode","messageBody":"Change Address Field to Job Code","fileTypesAndContributionMap":{}}]},{"date":"2024-10-10","commitResults":[{"hash":"ddd92811612426f66d2b1d4d86f3a4337d085395","isMergeCommit":true,"messageTitle":"Merge pull request #59 from hansneddyanto/mvp-find","messageBody":"Refactor FindCommand to support multiple predicates. Closes #58 , closes #57 , closes #56 , closes #55 , closes #54 ","fileTypesAndContributionMap":{}}]}],"vicelyav":[{"date":"2024-09-29","commitResults":[{"hash":"8bb75ff35ca8bbec3cbf059025103478bd9778eb","isMergeCommit":false,"messageTitle":"Add about us information for vicelyav","messageBody":"","fileTypesAndContributionMap":{"docs":{"insertions":5,"deletions":5}}},{"hash":"74b81ccaa35d5903741dd3f15356d6451258ae43","isMergeCommit":true,"messageTitle":"Merge branch \u0027master\u0027 into Update-AboutUs","messageBody":"","fileTypesAndContributionMap":{}}]},{"date":"2024-10-02","commitResults":[{"hash":"fa8762971e15d2192e4bafa35f6065d496893a21","isMergeCommit":false,"messageTitle":"Update readme file","messageBody":"Readme file contains traces of AB3 and the Ui.png file is not updated.\n\nLet\u0027s update the readme file to contain the brief description of\nTalency product and update the Ui.png.\n","fileTypesAndContributionMap":{"docs":{"insertions":19,"deletions":10}}}]},{"date":"2024-10-09","commitResults":[{"hash":"9fec9deaa5874cc060f96c6191b3b33feed167fa","isMergeCommit":false,"messageTitle":"Add support for other arguments in DeleteCommandParser","messageBody":"DeleteCommandParser only parses integer indexes, without accepting\nnames, name and phone, or name and email. This prevents user from\ndeleting contacts based on their name, and if there are duplicates,\nname and phone or name and email.\n\nLet\u0027s modify the parse method and add a handleOtherAttributes method in\nDeleteCommandParser so that DeleteCommandParser can handle these\narguments without directly throwing error.\n","fileTypesAndContributionMap":{"functional-code":{"insertions":54,"deletions":6}}},{"hash":"3d9f4194264125e1eb7d60e10f49eb3f2650b44a","isMergeCommit":false,"messageTitle":"Modify GUI fonts and colours","messageBody":"The GUI fonts and colours do not match the UI mock-up.\n\nLet\u0027s change the fonts and colours to fit the UI mock-up.\n","fileTypesAndContributionMap":{"functional-code":{"insertions":55,"deletions":52}}},{"hash":"7532ba8fb2ff531a2479354bf45e37b87c62c309","isMergeCommit":false,"messageTitle":"Remove unused imports","messageBody":"","fileTypesAndContributionMap":{"functional-code":{"insertions":9,"deletions":13}}},{"hash":"f5e8d721df0a16215d517c6d4e22d3c70bb7669c","isMergeCommit":false,"messageTitle":"Disable parse_invalidArgs_throwsParseException test","messageBody":"Let\u0027s disable the parse_invalidArgs_throwsParseException test in\nDeleteCommandParserTest as some functionality hasn\u0027t been added yet.\n","fileTypesAndContributionMap":{"test-code":{"insertions":3,"deletions":1}}},{"hash":"7b436f873186a5226a048ab3b1dc8b7bfa604748","isMergeCommit":false,"messageTitle":"Fix checkstyle error in DeleteCommandParserTest class","messageBody":"","fileTypesAndContributionMap":{"test-code":{"insertions":2,"deletions":1}}},{"hash":"f638d151b2f485c304a1f35f91622fe8fd75f918","isMergeCommit":false,"messageTitle":"Add Exception handling and test for incorrect argument format","messageBody":"There is no exception handling for parseOtherAttributes in\nDeleteCommandParser class, which causes the existing tests to fail.\n\nLet\u0027s add ParseException handling for when there is no name, phone\nand email prefixes in the DeleteCommandParser argument.\n","fileTypesAndContributionMap":{"functional-code":{"insertions":12,"deletions":1},"test-code":{"insertions":6,"deletions":1}}},{"hash":"a30ddb4ca694a5ba42b053d2420e504b73c665e1","isMergeCommit":false,"messageTitle":"Remove unused imports in DeleteCommandParserTest","messageBody":"","fileTypesAndContributionMap":{"test-code":{"insertions":0,"deletions":6}}},{"hash":"1fd39da5c7bb6e91e1e697f70ee654158b6856f2","isMergeCommit":false,"messageTitle":"Remove extra line before api.Test import in DeleteCommandParserTest","messageBody":"","fileTypesAndContributionMap":{"test-code":{"insertions":0,"deletions":1}}},{"hash":"51aa3be3c28ec7a31ad6b6dcdb2d861ea838f893","isMergeCommit":true,"messageTitle":"Merge pull request #52 from vicelyav/Update-DeleteCommandParser","messageBody":"Add support for name, phone and email argument in DeleteCommandParser","fileTypesAndContributionMap":{}}]},{"date":"2024-10-12","commitResults":[{"hash":"1f25e1277694f2c3f2477a806b4be5f23f91e6a6","isMergeCommit":true,"messageTitle":"Merge pull request #64 from vicelyav/Update-GUI","messageBody":"Modify GUI fonts and colours","fileTypesAndContributionMap":{}}]}]},"authorFileTypeContributionMap":{"ChinSekYi":{"docs":19,"functional-code":64,"test-code":110},"hansneddyanto":{"docs":78,"functional-code":202,"test-code":17},"hazzle23":{"docs":30,"functional-code":77,"test-code":192},"vicelyav":{"docs":24,"functional-code":112,"test-code":2}},"authorContributionVariance":{"ChinSekYi":1750.7714,"hansneddyanto":3368.9941,"hazzle23":16031.519,"vicelyav":2073.2817},"authorDisplayNameMap":{"ChinSekYi":"CS2103-F09-3 CHIN..K YI","hansneddyanto":"CS2103-F09-3 HANS..JUNG","hazzle23":"CS2103-F09-3 HAST..ANTI","vicelyav":"CS2103-F09-3 VICE..AKHA"}}
