{"authorDailyContributionsMap":{"ChinSekYi":[{"date":"2024-09-25","commitResults":[{"hash":"5e5d91646b70747303aaee6f61fa494b5f56110b","isMergeCommit":false,"messageTitle":"Change MarkBind configurations","messageBody":"","fileTypesAndContributionMap":{"docs":{"insertions":1,"deletions":1}}},{"hash":"fc31836798af1569d8fa22defe8851cd48e131b8","isMergeCommit":true,"messageTitle":"Update with master branch Merge branch \u0027master\u0027 of https://github.com/ChinSekYi/tp","messageBody":"","fileTypesAndContributionMap":{}}]},{"date":"2024-09-26","commitResults":[{"hash":"e7cd8ef78c295ad1d3bcd1b8ac73e2e0b6731c9c","isMergeCommit":false,"messageTitle":"Add Remarks","messageBody":"","fileTypesAndContributionMap":{"functional-code":{"insertions":207,"deletions":42},"test-code":{"insertions":153,"deletions":100}}}]},{"date":"2024-09-29","commitResults":[{"hash":"f306150e18ce823b36da50fa6978645ec299c107","isMergeCommit":false,"messageTitle":"Fix CI failure","messageBody":"","fileTypesAndContributionMap":{"functional-code":{"insertions":39,"deletions":26},"test-code":{"insertions":5,"deletions":27}}},{"hash":"d220a87816555050a891773129367a716a61ccef","isMergeCommit":false,"messageTitle":"Add about us","messageBody":"","fileTypesAndContributionMap":{"docs":{"insertions":3,"deletions":3}}},{"hash":"b1079a01e6f4d8ac2920cebe86f1bc26cd0f04ed","isMergeCommit":true,"messageTitle":"Merge pull request #23 from ChinSekYi/update-about-us","messageBody":"Update About Us SekYi","fileTypesAndContributionMap":{}},{"hash":"ba1db7d4a6a2a06e01639101c3b97e4761b83650","isMergeCommit":false,"messageTitle":"Edit DG Non-Functional Requirements and Glossary","messageBody":"","fileTypesAndContributionMap":{"docs":{"insertions":16,"deletions":4}}}]},{"date":"2024-10-10","commitResults":[{"hash":"d6f58f7fcfcbee155dca28836e9eb21d74619053","isMergeCommit":false,"messageTitle":"Add validation constraints and error messages for invalid names","messageBody":"","fileTypesAndContributionMap":{"functional-code":{"insertions":22,"deletions":4},"test-code":{"insertions":19,"deletions":3}}},{"hash":"75d81d3517e882f5356ee1ba1a12f7fac379480c","isMergeCommit":false,"messageTitle":"Fix checkstyle error","messageBody":"","fileTypesAndContributionMap":{"functional-code":{"insertions":17,"deletions":3},"test-code":{"insertions":2,"deletions":2}}},{"hash":"a613a3a91c4cde44b38569a1583c978c764b58f7","isMergeCommit":false,"messageTitle":"Add validation constraints and error messages for invalid phone number","messageBody":"","fileTypesAndContributionMap":{"functional-code":{"insertions":6,"deletions":3},"test-code":{"insertions":27,"deletions":7}}},{"hash":"c2573d78f0b53ba3ae7867792a81d8772bb5efdf","isMergeCommit":true,"messageTitle":"Merge branch \u0027master\u0027 into invalid-input-and-error-msg","messageBody":"","fileTypesAndContributionMap":{}},{"hash":"4fdcb4673bc090950bed449fd36db1b5f26e4e49","isMergeCommit":false,"messageTitle":"Fix bugs for ParserTest","messageBody":"","fileTypesAndContributionMap":{"test-code":{"insertions":1,"deletions":1}}},{"hash":"f15035f61268f26e39cc4c330eb263e3984cf508","isMergeCommit":false,"messageTitle":"Fix checkstyle issues","messageBody":"","fileTypesAndContributionMap":{"test-code":{"insertions":2,"deletions":2}}},{"hash":"875519b1e2d123feb8d147cc9e1505480a47d4b5","isMergeCommit":false,"messageTitle":"Update ParserUtilTest","messageBody":"","fileTypesAndContributionMap":{"test-code":{"insertions":12,"deletions":0}}},{"hash":"e7b4efb434ee0c8cfc77be6233ab2a413e49b9e1","isMergeCommit":false,"messageTitle":"Add validation constraints and error messages for invalid email","messageBody":"","fileTypesAndContributionMap":{"functional-code":{"insertions":12,"deletions":1},"test-code":{"insertions":15,"deletions":0}}},{"hash":"5a892c3edf1d41f8e7d7bc707520d4aa18446f6f","isMergeCommit":false,"messageTitle":"Fix bugs for Parsing Email","messageBody":"","fileTypesAndContributionMap":{"functional-code":{"insertions":3,"deletions":0},"test-code":{"insertions":8,"deletions":0}}},{"hash":"dd0c0e5b3f77ae4d50dd647fda8985b34aa1ab36","isMergeCommit":false,"messageTitle":"Add test coverage for EmailTest","messageBody":"","fileTypesAndContributionMap":{"test-code":{"insertions":14,"deletions":12}}},{"hash":"8b097821dc70af160c3373268b784c1329114e45","isMergeCommit":true,"messageTitle":"Merge pull request #63 from ChinSekYi/invalid-input-and-error-msg","messageBody":"Add validation constraints and error messages for invalid names, phone number and email","fileTypesAndContributionMap":{}}]},{"date":"2024-10-12","commitResults":[{"hash":"08e748c331d4bc15bf7c502c3daacd1b63bb605f","isMergeCommit":false,"messageTitle":"Handle duplicate contacts","messageBody":"","fileTypesAndContributionMap":{"functional-code":{"insertions":5,"deletions":7},"test-code":{"insertions":8,"deletions":8}}},{"hash":"c468d0c0322c98a3fd2ed9d3594b0a45f4691aad","isMergeCommit":false,"messageTitle":"Fix duplicate contacts error","messageBody":"","fileTypesAndContributionMap":{"functional-code":{"insertions":8,"deletions":6},"test-code":{"insertions":2,"deletions":2}}},{"hash":"5956eea074c60b9e6c5d57714f9af9a82e2c08d7","isMergeCommit":true,"messageTitle":"Merge branch \u0027AY2425S1-CS2103-F09-3:master\u0027 into invalid-input-and-error-msg","messageBody":"","fileTypesAndContributionMap":{}},{"hash":"4b4d3466c0161a44c7c8a14ed207e5173f92cbe2","isMergeCommit":false,"messageTitle":"Add test cases for duplicate handling","messageBody":"","fileTypesAndContributionMap":{"test-code":{"insertions":17,"deletions":0}}},{"hash":"b54c43767e962b9235a2cb28e1ab4831650340d3","isMergeCommit":true,"messageTitle":"Merge branch \u0027invalid-input-and-error-msg\u0027 of https://github.com/ChinSekYi/tp into invalid-input-and-error-msg","messageBody":"","fileTypesAndContributionMap":{}},{"hash":"d4919cedde80573cfb6989694060cb723489c32e","isMergeCommit":true,"messageTitle":"Merge pull request #69 from ChinSekYi/invalid-input-and-error-msg","messageBody":"Handle duplicate contacts","fileTypesAndContributionMap":{}}]},{"date":"2024-10-20","commitResults":[{"hash":"805ae58d95713c08339abf9f2928cae914ee0818","isMergeCommit":false,"messageTitle":"Allow assertion in gradle","messageBody":"","fileTypesAndContributionMap":{"functional-code":{"insertions":5,"deletions":0},"other":{"insertions":4,"deletions":0}}},{"hash":"a1524a06bb3a29c528cd69c2712001e04ef1a2de","isMergeCommit":true,"messageTitle":"Merge pull request #93 from ChinSekYi/remark-command","messageBody":"Allow assertion in gradle","fileTypesAndContributionMap":{}}]},{"date":"2024-10-24","commitResults":[{"hash":"f0ae6cf2b5115609c4a839856c65e7e15c2e663f","isMergeCommit":true,"messageTitle":"Resolve merge conflicts","messageBody":"","fileTypesAndContributionMap":{}},{"hash":"7c3f9c5f18d89bb50ebee0c0e34052184989b845","isMergeCommit":false,"messageTitle":"Add RemarkCommand","messageBody":"","fileTypesAndContributionMap":{"functional-code":{"insertions":98,"deletions":22},"test-code":{"insertions":82,"deletions":29}}},{"hash":"132a4e8f5fafb1a2186310daf94c200d5e63cc2d","isMergeCommit":false,"messageTitle":"Update RemarkCommand","messageBody":"","fileTypesAndContributionMap":{"functional-code":{"insertions":65,"deletions":8},"test-code":{"insertions":89,"deletions":6}}},{"hash":"ba74b808efb145e6705d682844b6c50a49c7fe96","isMergeCommit":false,"messageTitle":"Update RemarkCommandTest","messageBody":"","fileTypesAndContributionMap":{"test-code":{"insertions":2,"deletions":1}}},{"hash":"86041d0b6c9abdb39b5cf04d7293fcdd9879f0d4","isMergeCommit":false,"messageTitle":"update UML diagrams to include jobCode and Remark","messageBody":"","fileTypesAndContributionMap":{"docs":{"insertions":8,"deletions":6}}},{"hash":"94dd4e725d0938746dff95f2457ab10246fdaddd","isMergeCommit":true,"messageTitle":"Merge branch \u0027master\u0027 into add-uml","messageBody":"","fileTypesAndContributionMap":{}},{"hash":"fad9b1f7668399c8df95588ed5bef015d3c26aa4","isMergeCommit":true,"messageTitle":"Merge branch \u0027AY2425S1-CS2103-F09-3:master\u0027 into add-uml","messageBody":"","fileTypesAndContributionMap":{}},{"hash":"c77c1d3700da8f1dd17d906e89a1c5838bb25e4d","isMergeCommit":false,"messageTitle":"Update UML diagrams","messageBody":"","fileTypesAndContributionMap":{"docs":{"insertions":6,"deletions":4}}},{"hash":"4102d2e2e548c07bddb2f80c0d16d1f652918dd5","isMergeCommit":false,"messageTitle":"Update testcases for Remark command","messageBody":"","fileTypesAndContributionMap":{"test-code":{"insertions":80,"deletions":80}}},{"hash":"3322520149cae63805b130ef3851851a1c3b2d56","isMergeCommit":false,"messageTitle":"Fix checkstyle errors","messageBody":"","fileTypesAndContributionMap":{"functional-code":{"insertions":12,"deletions":12},"test-code":{"insertions":108,"deletions":101}}},{"hash":"6f76ec49a87971851d5c6deeb2b7f32c67fb3449","isMergeCommit":true,"messageTitle":"Resolve merge conflicts","messageBody":"","fileTypesAndContributionMap":{}}]}],"hansneddyanto":[{"date":"2024-09-20","commitResults":[{"hash":"b3d6a3329779313c3bbb8a7b80f01697c50cdbba","isMergeCommit":false,"messageTitle":"Trial to see CI for markbind","messageBody":"","fileTypesAndContributionMap":{"functional-code":{"insertions":1,"deletions":0}}},{"hash":"f019c2acf6d705fd09db883afd069268fb528193","isMergeCommit":true,"messageTitle":"Merge branch \u0027AY2425S1-CS2103-F09-3:master\u0027 into master","messageBody":"","fileTypesAndContributionMap":{}},{"hash":"fec4d244d68a027e5751c44bc528bc6d78f3341f","isMergeCommit":true,"messageTitle":"Merge pull request #2 from hansneddyanto/master","messageBody":"Trial to see CI for markbind","fileTypesAndContributionMap":{}},{"hash":"b679024c6ff9e39d5537f7cf107da562a4d95d95","isMergeCommit":false,"messageTitle":"Working with a forked MarkBind site: Initiating the site step 3","messageBody":"","fileTypesAndContributionMap":{"docs":{"insertions":1,"deletions":1}}},{"hash":"8edd079cde2458acd214a3924e6e6f7e89f05b3f","isMergeCommit":true,"messageTitle":"Merge pull request #3 from hansneddyanto/master","messageBody":"Working with a forked MarkBind site: Initiating the site step 3","fileTypesAndContributionMap":{}}]},{"date":"2024-09-29","commitResults":[{"hash":"228dd7289b1d02a143001cd94be8346ad83e3ae2","isMergeCommit":false,"messageTitle":"Update About Us with Hans\u0027 Role","messageBody":"","fileTypesAndContributionMap":{"docs":{"insertions":6,"deletions":6}}},{"hash":"67e18822787785e47030b15bc722913fc099db89","isMergeCommit":true,"messageTitle":"Merge branch \u0027master\u0027 into update-about-us-hans","messageBody":"","fileTypesAndContributionMap":{}},{"hash":"6daf52fb636e4efc10a19d75ce528e54c52da974","isMergeCommit":true,"messageTitle":"Merge pull request #25 from vicelyav/Update-AboutUs","messageBody":"Add about us information for vicelyav","fileTypesAndContributionMap":{}}]},{"date":"2024-10-01","commitResults":[{"hash":"c41e846109c1e081bae616bc2466376ee1f7e0f0","isMergeCommit":false,"messageTitle":"Add use cases to the Developer Guide","messageBody":"The Developer Guide was missing detailed use cases for core features of\nour new product.\n\nClear use cases help developers understand the expected system behavior,\nmaking it easier to implement and test features correctly.\n\nLet\u0027s,\n* add use cases for Add Contact, Delete Contact, List All Contacts, and\nFilter Contacts\n* ensure each use case contains the main success scenario (MSS) and\nextensions to cover alternative paths\n* structure the use cases with clear steps and error handling to\nimprove clarity in the Developer Guide\n","fileTypesAndContributionMap":{"docs":{"insertions":82,"deletions":14}}}]},{"date":"2024-10-10","commitResults":[{"hash":"292122e2f1f8fb43aea4dee40bd8754c76298aae","isMergeCommit":false,"messageTitle":"Refactor FindCommand to support multiple predicates","messageBody":"FindCommand previously accepted only NameContainsKeywordsPredicate,\nlimiting its functionality to name-based searches.\n\nThis restriction made it difficult to extend the search feature to\nhandle other criteria such as phone numbers, email addresses, job\ncodes, and tags, which are common search requirements for an address\nbook application.\n\nThis commit modifies FindCommand to accept a generic Predicate\u003cPerson\u003e,\nallowing it to support various search predicates, including searches by\nname, phone, email, job code, and tags. It also updates the\nFindCommandParser to parse the respective fields from the user input\nand constructs the appropriate predicate.\n\nThe decision to use a generic Predicate\u003cPerson\u003e increases flexibility\nand simplifies future extensions of the FindCommand. It also aligns the\nsearch functionality with best practices in predicate-based filtering.\n\nJavadoc comments were added to ensure compliance with code style\nguidelines, improving readability and maintainability.\n\nTest cases are pending, and will be added in future commits.\n","fileTypesAndContributionMap":{"functional-code":{"insertions":201,"deletions":8},"test-code":{"insertions":10,"deletions":10}}},{"hash":"4441e2fd846ebf9d70d56a76aa909ff99c73eef6","isMergeCommit":false,"messageTitle":"Minor edits to pass checkstyle","messageBody":"","fileTypesAndContributionMap":{"test-code":{"insertions":10,"deletions":14}}},{"hash":"0ab28abd068eee7385daafe141f3b59948941803","isMergeCommit":false,"messageTitle":"Edit to pass checkstyle and CI","messageBody":"","fileTypesAndContributionMap":{"test-code":{"insertions":7,"deletions":13}}}]},{"date":"2024-10-13","commitResults":[{"hash":"e053367f433651524277140f62c03e673ade4a21","isMergeCommit":true,"messageTitle":"Merge pull request #72 from vicelyav/Update-DeleteCommandParser","messageBody":"Modify DeleteCommand to delete using name, phone or email. ","fileTypesAndContributionMap":{}}]},{"date":"2024-10-14","commitResults":[{"hash":"0b5b58372371382167924a33a69028d68c70ff54","isMergeCommit":false,"messageTitle":"Fix and enhance tests for FindCommand and related components","messageBody":"- Fixed message usage in FindCommand to properly reflect error handling\n  and improve error messages consistency (#77).\n- Fixed FindCommand behavior for searching by name, ensuring that the\n  correct results are returned based on keyword matching. Similarly,\n  tag and jobCode has also been changed accordingly (#76).\n- Created unit tests for AddressBookParser, covering multiple parsing\n  scenarios and ensuring that parsing logic works as expected (#75).\n- Added comprehensive tests for FindCommandParser to validate correct\n  parsing of commands with various input combinations (#74).\n- Developed unit tests for predicates, including NamePredicate,\n  JobCodePredicate, TagPredicate, and more, ensuring correct behavior\n  in different cases (#73).\n\nThese changes improve test coverage, maintainability, and functionality\nacross the system while addressing high-priority issues.\n","fileTypesAndContributionMap":{"functional-code":{"insertions":45,"deletions":50},"other":{"insertions":4,"deletions":4},"test-code":{"insertions":417,"deletions":21}}}]},{"date":"2024-10-17","commitResults":[{"hash":"4743f8b99fc5aaa7d44987ea7e1c333e12beb52a","isMergeCommit":true,"messageTitle":"Merge pull request #88 from vicelyav/Update-UserGuide","messageBody":"Update UserGuide and Modify tag_friend Variable","fileTypesAndContributionMap":{}},{"hash":"64a9576e87a099f347f462e4d06ceac2cf43479c","isMergeCommit":false,"messageTitle":"Fix to preserve capitalisation in find by jobcode","messageBody":"Fix to create exception for \"Find t/\" by using parseTag function\n","fileTypesAndContributionMap":{"functional-code":{"insertions":3,"deletions":3}}},{"hash":"0da0f6195e50cc89b5ee558bedc749b1e0f1d4bb","isMergeCommit":false,"messageTitle":"Update tests according to current capitalization rules","messageBody":"","fileTypesAndContributionMap":{"functional-code":{"insertions":1,"deletions":1},"test-code":{"insertions":2,"deletions":4}}}]},{"date":"2024-10-22","commitResults":[{"hash":"28a9abc40a8479bf59050b170f46923264a2f384","isMergeCommit":true,"messageTitle":"Merge pull request #94 from vicelyav/Update-Statistics","messageBody":"Add StatisticsCommand class","fileTypesAndContributionMap":{}},{"hash":"69715287f80c079e5af0283da6a5352752b61121","isMergeCommit":false,"messageTitle":"Enhance find feature to support jobCode + tag search and improve input validation","messageBody":"- Added support for finding contacts by both jobCode and tag,\n  enabling more specific searches with the combination of\n  these attributes.\n- Introduced `JobCodeTagPredicate` to handle jobCode and tag\n  search criteria.\n- Improved input validation by using `isEmpty()` checks to\n  ensure that only the intended fields are provided for each\n  specific search type. This change makes the validation\n  stricter, reducing the chances of unintended input\n  combinations.\n\n- Refactored the find logic to clearly differentiate between:\n  - Name + Phone search\n  - Name + Email search\n  - JobCode + Tag search\n  - JobCode-only search\n  - Tag-only search\n  - Name-only search\n\nThis enhancement allows for more precise searching and ensures\nthat invalid or incomplete inputs are caught early with stricter\nvalidation.\n","fileTypesAndContributionMap":{"functional-code":{"insertions":53,"deletions":5}}}]},{"date":"2024-10-23","commitResults":[{"hash":"81395d47fb0ad8da18adccf31cb68103fdd22067","isMergeCommit":false,"messageTitle":"Add MassRejectCommand with predicate-based filtering","messageBody":"- Introduced MassRejectCommand to perform bulk tag updates based\n  on job code and/or tag criteria.\n- Applied predicate logic to ensure persons with the \u0027a\u0027 (accepted)\n  tag are excluded when using JobCodePredicate.\n- Ensured errors are handled if no matching persons are found.\n\nThis update improves the flexibility and maintainability of the\naddress book by enabling more precise bulk operations.\n","fileTypesAndContributionMap":{"functional-code":{"insertions":172,"deletions":1}}},{"hash":"1e75feab3a3da8635b6a105ace0f62f3828c90f5","isMergeCommit":false,"messageTitle":"Minor changes to pass checkstyle","messageBody":"","fileTypesAndContributionMap":{"functional-code":{"insertions":16,"deletions":10}}}]},{"date":"2024-10-24","commitResults":[{"hash":"441138eaf4d98e97abc6e197af677a416fab6bf1","isMergeCommit":false,"messageTitle":"Create FindSequenceDiagram","messageBody":"","fileTypesAndContributionMap":{"docs":{"insertions":70,"deletions":0}}},{"hash":"8d169e678df948ccabdb0c707e137ac264fa0df7","isMergeCommit":true,"messageTitle":"Merge pull request #114 from hazzle23/add-sort-command","messageBody":"Add sort command","fileTypesAndContributionMap":{}}]}],"hazzle23":[{"date":"2024-09-29","commitResults":[{"hash":"c47d48fed2da8b7c1adb0d8e0f3ee0efb46f0fa9","isMergeCommit":true,"messageTitle":"Merge pull request #19 from ChinSekYi/add-image-branch","messageBody":"Add SekYi\u0027s photo","fileTypesAndContributionMap":{}},{"hash":"918d5d81c7c82dfac8c0fbfb121de4148e2a1629","isMergeCommit":false,"messageTitle":"Update AboutUs","messageBody":"","fileTypesAndContributionMap":{"docs":{"insertions":9,"deletions":45}}},{"hash":"d9b0519fe452ffaa1a375b2dbf289d325386e7d3","isMergeCommit":true,"messageTitle":"Merge pull request #24 from hansneddyanto/update-about-us-hans","messageBody":"Update About Us with Hans\u0027 Role","fileTypesAndContributionMap":{}},{"hash":"c7806b03e672237f3a9dc41012d4fb3ca54b001e","isMergeCommit":true,"messageTitle":"Merge branch \u0027master\u0027 into update-AboutUs-hera","messageBody":"","fileTypesAndContributionMap":{}},{"hash":"c5775d345b4a8fdba3d3fe32ad904086318cb002","isMergeCommit":false,"messageTitle":"Update AboutUs","messageBody":"","fileTypesAndContributionMap":{"docs":{"insertions":2,"deletions":1}}},{"hash":"8e4b1b839fae45e0c33f79458d7471e1c53fbd0d","isMergeCommit":true,"messageTitle":"Merge pull request #27 from hazzle23/update-AboutUs-hera","messageBody":"Update Hera\u0027s AboutUs ","fileTypesAndContributionMap":{}}]},{"date":"2024-10-02","commitResults":[{"hash":"1b3143db44a3abf099698fd92da7008679e8fd8c","isMergeCommit":true,"messageTitle":"Merge pull request #30 from ChinSekYi/update-dg","messageBody":"Update DG - Non-functional requirements and Glossary","fileTypesAndContributionMap":{}},{"hash":"cec2e0bef6d6556900bc764d5a83c5ea2161b13d","isMergeCommit":true,"messageTitle":"Merge pull request #36 from hansneddyanto/update-dg-use-cases","messageBody":"Add use cases to the Developer Guide","fileTypesAndContributionMap":{}},{"hash":"7be80e6d9b792bc31b6a77f9330098c9c51d5586","isMergeCommit":false,"messageTitle":"Update target user and value proposition in DG","messageBody":"","fileTypesAndContributionMap":{"docs":{"insertions":6,"deletions":3}}}]},{"date":"2024-10-03","commitResults":[{"hash":"8248f352dd4ea3820f9cdcd9b7a701c21c136607","isMergeCommit":false,"messageTitle":"Update user stories in DG","messageBody":"","fileTypesAndContributionMap":{"docs":{"insertions":17,"deletions":9}}},{"hash":"b56231ca81ce8ed284d4520d531aef1d5ffe4a69","isMergeCommit":true,"messageTitle":"Merge branch \u0027master\u0027 into Update-Readme","messageBody":"","fileTypesAndContributionMap":{}},{"hash":"27c86732a68e581348ce54d91847372e448403b7","isMergeCommit":true,"messageTitle":"Merge pull request #37 from vicelyav/Update-Readme","messageBody":"Update readme file","fileTypesAndContributionMap":{}},{"hash":"27fa66ca599612f476b7106e4a05ae5d7a0f69b2","isMergeCommit":true,"messageTitle":"Merge pull request #38 from hazzle23/branch-update-dg","messageBody":"Update DG: product scope and user stories","fileTypesAndContributionMap":{}}]},{"date":"2024-10-09","commitResults":[{"hash":"dc323facb2a34a6d3412048910c558fb183aad82","isMergeCommit":false,"messageTitle":"Change Address Field to Job Code","messageBody":"","fileTypesAndContributionMap":{"functional-code":{"insertions":69,"deletions":69},"other":{"insertions":9,"deletions":9},"test-code":{"insertions":195,"deletions":195}}},{"hash":"bbe7c47f353fecc42a40a2482214460cb2992521","isMergeCommit":false,"messageTitle":"Update codestyle","messageBody":"","fileTypesAndContributionMap":{"functional-code":{"insertions":9,"deletions":9},"test-code":{"insertions":22,"deletions":22}}},{"hash":"2c9e2ca2a306eacc031bf1525170aab76a31dfe3","isMergeCommit":false,"messageTitle":"Update test codes","messageBody":"","fileTypesAndContributionMap":{"test-code":{"insertions":7,"deletions":7}}},{"hash":"8dd49bf506f7c94013bf198cb7b9f85f35295729","isMergeCommit":true,"messageTitle":"Merge pull request #53 from hazzle23/change-address-to-jobCode","messageBody":"Change Address Field to Job Code","fileTypesAndContributionMap":{}}]},{"date":"2024-10-10","commitResults":[{"hash":"ddd92811612426f66d2b1d4d86f3a4337d085395","isMergeCommit":true,"messageTitle":"Merge pull request #59 from hansneddyanto/mvp-find","messageBody":"Refactor FindCommand to support multiple predicates. Closes #58 , closes #57 , closes #56 , closes #55 , closes #54 ","fileTypesAndContributionMap":{}}]},{"date":"2024-10-16","commitResults":[{"hash":"30347c762d37c1cc6421162b95a6b2327aaa57ca","isMergeCommit":false,"messageTitle":"Limit Tag to One Value","messageBody":"","fileTypesAndContributionMap":{"functional-code":{"insertions":71,"deletions":128},"test-code":{"insertions":104,"deletions":170}}},{"hash":"c4ea48e4d82fc07903f5eb6347953f873a54f967","isMergeCommit":true,"messageTitle":"Merge pull request #85 from hazzle23/limit-tag","messageBody":"Limit Tag to One Value","fileTypesAndContributionMap":{}}]},{"date":"2024-10-17","commitResults":[{"hash":"583950453b91917c5d757e6362165f040e52ab33","isMergeCommit":true,"messageTitle":"Merge pull request #84 from vicelyav/Update-Job-Code-Validation","messageBody":"Update JobCode validation","fileTypesAndContributionMap":{}},{"hash":"b488c1e55d0bb0c07fd8cc47aa0c55dc84a53f09","isMergeCommit":false,"messageTitle":"Update Tag Validity","messageBody":"","fileTypesAndContributionMap":{"functional-code":{"insertions":119,"deletions":83},"test-code":{"insertions":10,"deletions":8}}},{"hash":"1d6c7f2aa5fc373d2800fa023ef3bbfc3dac783b","isMergeCommit":true,"messageTitle":"Merge branch \u0027mvp-find-test\u0027 of https://github.com/hansneddyanto/tp into hansneddyanto-mvp-find-test","messageBody":"","fileTypesAndContributionMap":{}},{"hash":"5ece314d13453994b675deb1a16e10ce6fcf6a61","isMergeCommit":true,"messageTitle":"Merge branch \u0027hansneddyanto-mvp-find-test\u0027","messageBody":"","fileTypesAndContributionMap":{}},{"hash":"38a635604945636715c5ad15f93bedbd5b07ab14","isMergeCommit":true,"messageTitle":"Merge branch \u0027update-tag-validity\u0027 of https://github.com/hazzle23/tp into hazzle23-update-tag-validity","messageBody":"","fileTypesAndContributionMap":{}},{"hash":"1947d10d7bd199389783e9b0353ca01cb774c538","isMergeCommit":true,"messageTitle":"Merge branch \u0027hazzle23-update-tag-validity\u0027","messageBody":"Resolves #86\n","fileTypesAndContributionMap":{}},{"hash":"b59043ceea6d60d2f5c6fd90eaaca5faccef2f6d","isMergeCommit":true,"messageTitle":"Merge pull request #83 from vicelyav/Update-UserGuide","messageBody":"Update UserGuide","fileTypesAndContributionMap":{}},{"hash":"ced1d33a373f66b7b9ab814fdbb675ed8c9ebe74","isMergeCommit":true,"messageTitle":"Merge pull request #90 from vicelyav/Update-UserGuide","messageBody":"Update UserGuide for MVP Final Submission in v1.3","fileTypesAndContributionMap":{}}]},{"date":"2024-10-24","commitResults":[{"hash":"75fad68dd85d53c118d8069686cbdfe6dd4c1643","isMergeCommit":false,"messageTitle":"Add sort command","messageBody":"","fileTypesAndContributionMap":{"functional-code":{"insertions":8,"deletions":0}}},{"hash":"48228f97e45ad076049c5541accc242a0cbcbf61","isMergeCommit":false,"messageTitle":"Add functionality to sort command","messageBody":"","fileTypesAndContributionMap":{"functional-code":{"insertions":208,"deletions":5}}},{"hash":"c12d0733cadff04792685aabac7685c7e0cbaa7a","isMergeCommit":false,"messageTitle":"Fix checkstyle","messageBody":"","fileTypesAndContributionMap":{"functional-code":{"insertions":36,"deletions":38},"test-code":{"insertions":6,"deletions":0}}},{"hash":"4cf4ceed95d1827c823104cbab20ef2f06bd0838","isMergeCommit":false,"messageTitle":"Edit UML Diagram","messageBody":"","fileTypesAndContributionMap":{"docs":{"insertions":6,"deletions":6}}}]}],"vicelyav":[{"date":"2024-09-29","commitResults":[{"hash":"8bb75ff35ca8bbec3cbf059025103478bd9778eb","isMergeCommit":false,"messageTitle":"Add about us information for vicelyav","messageBody":"","fileTypesAndContributionMap":{"docs":{"insertions":5,"deletions":5}}},{"hash":"74b81ccaa35d5903741dd3f15356d6451258ae43","isMergeCommit":true,"messageTitle":"Merge branch \u0027master\u0027 into Update-AboutUs","messageBody":"","fileTypesAndContributionMap":{}}]},{"date":"2024-10-02","commitResults":[{"hash":"fa8762971e15d2192e4bafa35f6065d496893a21","isMergeCommit":false,"messageTitle":"Update readme file","messageBody":"Readme file contains traces of AB3 and the Ui.png file is not updated.\n\nLet\u0027s update the readme file to contain the brief description of\nTalency product and update the Ui.png.\n","fileTypesAndContributionMap":{"docs":{"insertions":19,"deletions":10}}}]},{"date":"2024-10-09","commitResults":[{"hash":"9fec9deaa5874cc060f96c6191b3b33feed167fa","isMergeCommit":false,"messageTitle":"Add support for other arguments in DeleteCommandParser","messageBody":"DeleteCommandParser only parses integer indexes, without accepting\nnames, name and phone, or name and email. This prevents user from\ndeleting contacts based on their name, and if there are duplicates,\nname and phone or name and email.\n\nLet\u0027s modify the parse method and add a handleOtherAttributes method in\nDeleteCommandParser so that DeleteCommandParser can handle these\narguments without directly throwing error.\n","fileTypesAndContributionMap":{"functional-code":{"insertions":54,"deletions":6}}},{"hash":"3d9f4194264125e1eb7d60e10f49eb3f2650b44a","isMergeCommit":false,"messageTitle":"Modify GUI fonts and colours","messageBody":"The GUI fonts and colours do not match the UI mock-up.\n\nLet\u0027s change the fonts and colours to fit the UI mock-up.\n","fileTypesAndContributionMap":{"functional-code":{"insertions":55,"deletions":52}}},{"hash":"7532ba8fb2ff531a2479354bf45e37b87c62c309","isMergeCommit":false,"messageTitle":"Remove unused imports","messageBody":"","fileTypesAndContributionMap":{"functional-code":{"insertions":9,"deletions":13}}},{"hash":"f8f8f67c0f73475a64404adeefcc574a0e82caa3","isMergeCommit":false,"messageTitle":"Update UserGuide with MVP features","messageBody":"add, list, and delete features in AB3 do not align with MVP features of\nTalency.\n\nLet\u0027s make preliminary modification to the UserGuide so that they follow\nthe MVP feature specification.\n","fileTypesAndContributionMap":{"docs":{"insertions":48,"deletions":12}}},{"hash":"f5e8d721df0a16215d517c6d4e22d3c70bb7669c","isMergeCommit":false,"messageTitle":"Disable parse_invalidArgs_throwsParseException test","messageBody":"Let\u0027s disable the parse_invalidArgs_throwsParseException test in\nDeleteCommandParserTest as some functionality hasn\u0027t been added yet.\n","fileTypesAndContributionMap":{"test-code":{"insertions":3,"deletions":1}}},{"hash":"7b436f873186a5226a048ab3b1dc8b7bfa604748","isMergeCommit":false,"messageTitle":"Fix checkstyle error in DeleteCommandParserTest class","messageBody":"","fileTypesAndContributionMap":{"test-code":{"insertions":2,"deletions":1}}},{"hash":"f638d151b2f485c304a1f35f91622fe8fd75f918","isMergeCommit":false,"messageTitle":"Add Exception handling and test for incorrect argument format","messageBody":"There is no exception handling for parseOtherAttributes in\nDeleteCommandParser class, which causes the existing tests to fail.\n\nLet\u0027s add ParseException handling for when there is no name, phone\nand email prefixes in the DeleteCommandParser argument.\n","fileTypesAndContributionMap":{"functional-code":{"insertions":12,"deletions":1},"test-code":{"insertions":6,"deletions":1}}},{"hash":"a30ddb4ca694a5ba42b053d2420e504b73c665e1","isMergeCommit":false,"messageTitle":"Remove unused imports in DeleteCommandParserTest","messageBody":"","fileTypesAndContributionMap":{"test-code":{"insertions":0,"deletions":6}}},{"hash":"1fd39da5c7bb6e91e1e697f70ee654158b6856f2","isMergeCommit":false,"messageTitle":"Remove extra line before api.Test import in DeleteCommandParserTest","messageBody":"","fileTypesAndContributionMap":{"test-code":{"insertions":0,"deletions":1}}},{"hash":"51aa3be3c28ec7a31ad6b6dcdb2d861ea838f893","isMergeCommit":true,"messageTitle":"Merge pull request #52 from vicelyav/Update-DeleteCommandParser","messageBody":"Add support for name, phone and email argument in DeleteCommandParser","fileTypesAndContributionMap":{}}]},{"date":"2024-10-12","commitResults":[{"hash":"1f25e1277694f2c3f2477a806b4be5f23f91e6a6","isMergeCommit":true,"messageTitle":"Merge pull request #64 from vicelyav/Update-GUI","messageBody":"Modify GUI fonts and colours","fileTypesAndContributionMap":{}}]},{"date":"2024-10-13","commitResults":[{"hash":"ae4500f63b6e27fd16e1b66d298579d7536f6383","isMergeCommit":false,"messageTitle":"Modify DeleteCommand to delete by name, phone and email","messageBody":"DeleteCommand only deletes using index. This is not convenient for users\nas they need to find the index of the contact first before deleting\nthe contact.\n\nLet\u0027s modify DeleteCommand to delete using name, name and phone or name\nand email. This commit does this by the following:\n* Modifies DeleteCommandParser to return DeleteCommand whose argument\nis name, name and phone, name and email, or index.\n* Allows DeleteCommand to be initialised by any of the argument\ncombination as mentioned by using different constructors.\n* Uses Optional to handle the null objects more elegantly.\n* Implements this flow to delete using name and phone, or name and\nemail: filter contact list by predicate, get\nPerson to delete if no duplicates, get Person index in contact list,\nand returns CommandResult as previously implemented.\n* For name, if there are duplicate names, will ask user to input name\nand phone or name and email.\n* If there is no contact in the filtered list, it will return a no\ncontact found exception.\n","fileTypesAndContributionMap":{"functional-code":{"insertions":180,"deletions":26}}},{"hash":"5fbb3bebad38dca2a7c8fe8d6a1eaa6a24c021e4","isMergeCommit":false,"messageTitle":"Add FullNameMatchesPredicate and integrate into DeleteCommand","messageBody":"Predicate now can only filter using keywords instead of full name. This\nprevents DeleteCommand from being very specific in its deletion using\nname.\n\nLet\u0027s add a FullNameMatchesPredicate that allows FilteredList to filter\nbased on matching full name only, so that the the DeleteCommand can\nspecifically delete this Person if there are no full name duplicates.\n","fileTypesAndContributionMap":{"functional-code":{"insertions":4,"deletions":0}}},{"hash":"1c8bdfa4d4c95df80a4caf5c404ead0d2ff2d1b4","isMergeCommit":false,"messageTitle":"Revert \"Add FullNameMatchesPredicate and integrate into DeleteCommand\"","messageBody":"This reverts commit 5fbb3bebad38dca2a7c8fe8d6a1eaa6a24c021e4.\n","fileTypesAndContributionMap":{"functional-code":{"insertions":0,"deletions":4}}},{"hash":"4be3cacf1c2ac06f9791d502c11d9367c5004126","isMergeCommit":false,"messageTitle":"Add FullNameMatchesPredicate and fix checkstyle","messageBody":"There is no predicate that matches full name exactly for FilteredList.\n\nLet\u0027s create a FullNameMatchesPredicate class that checks if the full\nname of a contact matches exactly with the full name given by user,\nso that the user can specifically delete the contact with matching\nfull name.\n\nAlso fix unusable imports.\n","fileTypesAndContributionMap":{"functional-code":{"insertions":43,"deletions":5}}},{"hash":"b2d9f5ec101244ccefd4d05dbb2ef9edf9a94be8","isMergeCommit":false,"messageTitle":"Disable toStringMethod() test for DeleteCommand","messageBody":"Test is disabled temporarily so PR can be successfully made.\n","fileTypesAndContributionMap":{"test-code":{"insertions":2,"deletions":0}}},{"hash":"ea3641538e9607f6a26a72c0f9e2b97c847587bb","isMergeCommit":false,"messageTitle":"Modify exception messages in DeleteCommand","messageBody":"","fileTypesAndContributionMap":{"functional-code":{"insertions":14,"deletions":19}}}]},{"date":"2024-10-14","commitResults":[{"hash":"17aaf1c4f58c0e65845bd8d2b726c9c3b4e6d402","isMergeCommit":false,"messageTitle":"Add tests in DeleteCommandTest","messageBody":"There is no test methods in DeleteCommandTest for the updated\nDeleteCommand.\n\nLet\u0027s add more test methods to test for valid arguments and exception\nhandling.\n","fileTypesAndContributionMap":{"functional-code":{"insertions":1,"deletions":1},"test-code":{"insertions":119,"deletions":5}}},{"hash":"321a4e5b9f1a149335d9d42715984d709f5693e3","isMergeCommit":false,"messageTitle":"Add tests in DeleteCommandParser","messageBody":"","fileTypesAndContributionMap":{"functional-code":{"insertions":25,"deletions":0},"test-code":{"insertions":35,"deletions":0}}}]},{"date":"2024-10-15","commitResults":[{"hash":"05ec83cafcb7352455b7861b30074cb84fe0f688","isMergeCommit":false,"messageTitle":"Fix checkstyle errors and remove redundant print statements","messageBody":"","fileTypesAndContributionMap":{"functional-code":{"insertions":1,"deletions":24},"test-code":{"insertions":22,"deletions":16}}},{"hash":"af2a5d68ade849cf15cca0671c10b446df0400e0","isMergeCommit":true,"messageTitle":"Merge branch \u0027Update-UserGuide\u0027","messageBody":"* Update-UserGuide:\n  Update UserGuide with MVP features\n","fileTypesAndContributionMap":{}}]},{"date":"2024-10-16","commitResults":[{"hash":"b861f291492d688902ec3fc5953a0b65edca2f3b","isMergeCommit":false,"messageTitle":"Remove AB3 from user guide introduction","messageBody":"","fileTypesAndContributionMap":{"docs":{"insertions":4,"deletions":2}}},{"hash":"d17e8b2b9b6610b44644c2bf7a76e20e96c8f4dd","isMergeCommit":true,"messageTitle":"Merge branch \u0027master\u0027 of https://github.com/vicelyav/tp into Update-Job-Code-Validation","messageBody":"* \u0027master\u0027 of https://github.com/vicelyav/tp: (30 commits)\n  Disable toStringMethod() test for DeleteCommand\n  Add FullNameMatchesPredicate and fix checkstyle\n  Revert \"Add FullNameMatchesPredicate and integrate into DeleteCommand\"\n  Add FullNameMatchesPredicate and integrate into DeleteCommand\n  Modify DeleteCommand to delete by name, phone and email\n  Add test cases for duplicate handling\n  Fix duplicate contacts error\n  Handle duplicate contacts\n  Add test coverage for EmailTest\n  Fix bugs for Parsing Email\n  Add validation constraints and error messages for invalid email\n  Update ParserUtilTest\n  Fix checkstyle issues\n  Fix bugs for ParserTest\n  Add validation constraints and error messages for invalid phone number\n  Fix checkstyle error\n  Add validation constraints and error messages for invalid names\n  Edit to pass checkstyle and CI\n  Minor edits to pass checkstyle\n  Refactor FindCommand to support multiple predicates\n  ...\n","fileTypesAndContributionMap":{}},{"hash":"348a32385171a434a91485bc66c841e728588dc3","isMergeCommit":false,"messageTitle":"Add more validation for JobCode arguments","messageBody":"Let\u0027s add more validation in JobCode to check whether the provided\njobCode is from 2 to 12 characters in length inclusive, no whitespace\nand only containing alphanumeric characters.\n\nTests will be done in future commits.\n","fileTypesAndContributionMap":{"functional-code":{"insertions":18,"deletions":8}}},{"hash":"498a799896a77d8cd7f3943e6721cc21f99232fe","isMergeCommit":false,"messageTitle":"Add tests in JobCodeTest","messageBody":"Tests cover checking presence of whitespace in job code, only\nalphanumerical characters and whether length is from 2 to 12 inclusive.\n","fileTypesAndContributionMap":{"functional-code":{"insertions":4,"deletions":3},"test-code":{"insertions":7,"deletions":2}}},{"hash":"6a14098bd4a2709c19ab453547aa7760ed7e3fca","isMergeCommit":true,"messageTitle":"Merge branch \u0027master\u0027 of https://github.com/vicelyav/tp into Update-UserGuide","messageBody":"* \u0027master\u0027 of https://github.com/vicelyav/tp: (30 commits)\n  Disable toStringMethod() test for DeleteCommand\n  Add FullNameMatchesPredicate and fix checkstyle\n  Revert \"Add FullNameMatchesPredicate and integrate into DeleteCommand\"\n  Add FullNameMatchesPredicate and integrate into DeleteCommand\n  Modify DeleteCommand to delete by name, phone and email\n  Add test cases for duplicate handling\n  Fix duplicate contacts error\n  Handle duplicate contacts\n  Add test coverage for EmailTest\n  Fix bugs for Parsing Email\n  Add validation constraints and error messages for invalid email\n  Update ParserUtilTest\n  Fix checkstyle issues\n  Fix bugs for ParserTest\n  Add validation constraints and error messages for invalid phone number\n  Fix checkstyle error\n  Add validation constraints and error messages for invalid names\n  Edit to pass checkstyle and CI\n  Minor edits to pass checkstyle\n  Refactor FindCommand to support multiple predicates\n  ...\n","fileTypesAndContributionMap":{}},{"hash":"155da8e0e5ac573f02d84c2e6e23d9f512d330ed","isMergeCommit":false,"messageTitle":"Fix typo in UserGuide","messageBody":"","fileTypesAndContributionMap":{"docs":{"insertions":1,"deletions":1}}},{"hash":"1a8405b14007ddacc8cb26375c25e38ea0faf108","isMergeCommit":true,"messageTitle":"Merge pull request #79 from vicelyav/Update-DeleteCommand","messageBody":"Update Delete Command exceptions and tests","fileTypesAndContributionMap":{}},{"hash":"3980b03569c167d94b5108c0c6098acc872be221","isMergeCommit":false,"messageTitle":"Fix equals() in JobCodeTest not performing correct checks","messageBody":"Incorporate rule of job code length from 2 to 12 alphanumeric\ncharacters with no whitespace.\n","fileTypesAndContributionMap":{"test-code":{"insertions":3,"deletions":3}}},{"hash":"8108e12b2b1e3c9ec85fdcc31bd903522d69db07","isMergeCommit":true,"messageTitle":"Merge branch \u0027AY2425S1-CS2103-F09-3:master\u0027 into master","messageBody":"","fileTypesAndContributionMap":{}},{"hash":"d5f54ce11b3176d1df82bf4457d83a2205a29413","isMergeCommit":true,"messageTitle":"Merge branch \u0027master\u0027 of https://github.com/vicelyav/tp into Update-Job-Code-Validation","messageBody":"* \u0027master\u0027 of https://github.com/vicelyav/tp:\n  Limit Tag to One Value\n  Fix checkstyle errors and remove redundant print statements\n  Add tests in DeleteCommandParser\n  Add tests in DeleteCommandTest\n  Modify exception messages in DeleteCommand\n","fileTypesAndContributionMap":{}},{"hash":"e44f8c368174dee6a6f16608a0ad2c63d066cece","isMergeCommit":false,"messageTitle":"Update DeleteCommandTest to incorporate valid job codes in the tests","messageBody":"","fileTypesAndContributionMap":{"test-code":{"insertions":3,"deletions":3}}}]},{"date":"2024-10-17","commitResults":[{"hash":"72054ed14959c02916cdc9c2b8065d3a1ce388ec","isMergeCommit":true,"messageTitle":"Merge branch \u0027master\u0027 of https://github.com/vicelyav/tp into Update-UserGuide","messageBody":"* \u0027master\u0027 of https://github.com/vicelyav/tp:\n  Limit Tag to One Value\n  Fix checkstyle errors and remove redundant print statements\n  Add tests in DeleteCommandParser\n  Add tests in DeleteCommandTest\n  Modify exception messages in DeleteCommand\n","fileTypesAndContributionMap":{}},{"hash":"cff200f3b2d4d43e11b802c8049f18681f21bef5","isMergeCommit":false,"messageTitle":"Update UserGuide until find","messageBody":"","fileTypesAndContributionMap":{"docs":{"insertions":26,"deletions":41}}},{"hash":"28f4fc46c1df158a9cbec05f614427941375ffb7","isMergeCommit":false,"messageTitle":"Fix typo in UserGuide","messageBody":"","fileTypesAndContributionMap":{"docs":{"insertions":2,"deletions":2}}},{"hash":"033357ad464d55a620b6b7a5c9092a6c74333bc1","isMergeCommit":false,"messageTitle":"Fix formatting error in exception messages in DeleteCommand and typos","messageBody":"Fix exception message formatting error for DeleteCommand and\nDeleteCommandParserTest and typos in the UserGuide\n","fileTypesAndContributionMap":{"functional-code":{"insertions":1,"deletions":1},"docs":{"insertions":2,"deletions":4},"test-code":{"insertions":1,"deletions":1}}},{"hash":"4a9bc5cdee79fc44d75dd40d1dc1581951455a6c","isMergeCommit":false,"messageTitle":"Modify tag Valid_Friend where it is used","messageBody":"","fileTypesAndContributionMap":{"test-code":{"insertions":15,"deletions":18}}},{"hash":"6a1c8a5a2710192a132a0cdb13f6c6002f3e9436","isMergeCommit":false,"messageTitle":"Fix UserGuide to reflect MVP specification","messageBody":"","fileTypesAndContributionMap":{"docs":{"insertions":29,"deletions":22}}},{"hash":"b0135dad04bcdd493685231eba01c509cd32b455","isMergeCommit":false,"messageTitle":"Fix minor message formatting and improve GUI readability","messageBody":"","fileTypesAndContributionMap":{"functional-code":{"insertions":15,"deletions":14}}},{"hash":"683d33d2ced8c08a3cdcdc0c0f644bb5b4cc2a1b","isMergeCommit":true,"messageTitle":"Merge pull request #89 from hansneddyanto/fix-find-capitalization-jobcode-tag","messageBody":"Fix to preserve capitalisation in find by jobcode","fileTypesAndContributionMap":{}},{"hash":"c19e35e85a60656de8fdd4c532581d58be69263b","isMergeCommit":false,"messageTitle":"Change archiveFileName to Talency.jar in build.gradle","messageBody":"","fileTypesAndContributionMap":{"other":{"insertions":1,"deletions":1}}},{"hash":"4ad3befacfd704697065911dd088000d66e16df8","isMergeCommit":true,"messageTitle":"Merge pull request #91 from vicelyav/Update-Release","messageBody":"Change archiveFileName to Talency.jar in build.gradle","tags":["v1.3"],"fileTypesAndContributionMap":{}}]},{"date":"2024-10-22","commitResults":[{"hash":"2b73ea8d54ebf8d54412253d6f76af2c53ddf9bb","isMergeCommit":false,"messageTitle":"Add StatisticsCommand class","messageBody":"StatisticsCommand returns a CommandResult that contains a String\ndescribing the total number of applicants and the number of applicants\napplying for a specific job code.\n","fileTypesAndContributionMap":{"functional-code":{"insertions":58,"deletions":1},"other":{"insertions":4,"deletions":0}}}]},{"date":"2024-10-23","commitResults":[{"hash":"9e6412fa3aee6bccc50d9810cc624e7bc31b79b2","isMergeCommit":true,"messageTitle":"Merge pull request #102 from hansneddyanto/massReject-feature","messageBody":"Mass reject feature","fileTypesAndContributionMap":{}}]},{"date":"2024-10-24","commitResults":[{"hash":"338b990bb02af6b1eb8c7bf142f34e24f969c4ba","isMergeCommit":false,"messageTitle":"Add assertions to DeleteCommand","messageBody":"","fileTypesAndContributionMap":{"functional-code":{"insertions":3,"deletions":0}}},{"hash":"544a31a78bb253c6d0e5f5be1ec1c8eb358eca77","isMergeCommit":false,"messageTitle":"Add preliminary sequence diagram for statistics command","messageBody":"","fileTypesAndContributionMap":{"docs":{"insertions":53,"deletions":0}}},{"hash":"0cb1b44ed22a5646e3ac8567f16e008b8530c100","isMergeCommit":false,"messageTitle":"Refactor StatisticsCommand and add JobCodeStatistics","messageBody":"StatisticsCommand is too cluttered. Let\u0027s add a JobCodeStatistics\nto store the number of applicants in each interview stage for that\nparticular JobCode and modify the StatisticsCommand class to use this\nnew helper class.\n","fileTypesAndContributionMap":{"functional-code":{"insertions":159,"deletions":25}}},{"hash":"96232ac366e825be70960766e8c485666ce68e06","isMergeCommit":false,"messageTitle":"Add brief statistics feature implementation in DeveloperGuide","messageBody":"","fileTypesAndContributionMap":{"docs":{"insertions":10,"deletions":0}}},{"hash":"6b00c84fb33aff3d063f95723702c0ea0789b8d1","isMergeCommit":false,"messageTitle":"Remove trailing white space in README, DeveloperGuide and UserGuide","messageBody":"","fileTypesAndContributionMap":{"docs":{"insertions":11,"deletions":12}}},{"hash":"6453b18629224d97d25bed3b5352dab0808ef733","isMergeCommit":false,"messageTitle":"Fix no new line at the end of file","messageBody":"","fileTypesAndContributionMap":{"docs":{"insertions":4,"deletions":4}}},{"hash":"a376cc86552eadec4b9bd183708b50abb472418f","isMergeCommit":true,"messageTitle":"Merge pull request #110 from vicelyav/Update-DeleteCommand","messageBody":"Add assertions to DeleteCommand","fileTypesAndContributionMap":{}},{"hash":"bfc368861b091d283abac34f2fd7bbcd8eab9b5e","isMergeCommit":true,"messageTitle":"Merge pull request #109 from vicelyav/Update-Statistics","messageBody":"Update code and add sequence diagram for StatisticsCommand","fileTypesAndContributionMap":{}},{"hash":"d99f640232e417a208b01bf632b3bab183ab90b5","isMergeCommit":true,"messageTitle":"Merge pull request #112 from hansneddyanto/uml-diagram","messageBody":"Create FindSequenceDiagram","fileTypesAndContributionMap":{}},{"hash":"0f9dc7e6c704d59315c5897f0096a5e2479cfff9","isMergeCommit":true,"messageTitle":"Merge pull request #117 from ChinSekYi/add-uml","messageBody":"Update UML diagrams for jobcode and remark","fileTypesAndContributionMap":{}},{"hash":"16f5f22cd33b59dc8a16f29ce03fab9b3308b9fe","isMergeCommit":true,"messageTitle":"Merge pull request #119 from hazzle23/edit-uml-jobcode","messageBody":"Edit JobCode in UML Diagram","fileTypesAndContributionMap":{}},{"hash":"290066f5613c5870159f7c85a008d5dc874b5c9e","isMergeCommit":true,"messageTitle":"Merge pull request #118 from ChinSekYi/remark-command-branch","messageBody":"Remark command branch","tags":["v1.4"],"fileTypesAndContributionMap":{}}]}]},"authorFileTypeContributionMap":{"ChinSekYi":{"docs":24,"functional-code":363,"test-code":357,"other":4},"hansneddyanto":{"docs":147,"functional-code":422,"test-code":381},"hazzle23":{"docs":36,"functional-code":424,"test-code":240},"vicelyav":{"docs":158,"functional-code":539,"test-code":187,"other":3}},"authorContributionVariance":{"ChinSekYi":25629.115,"hansneddyanto":10824.201,"hazzle23":19327.492,"vicelyav":7750.1143},"authorDisplayNameMap":{"ChinSekYi":"CS2103-F09-3 CHIN..K YI","hansneddyanto":"CS2103-F09-3 HANS..JUNG","hazzle23":"CS2103-F09-3 HAST..ANTI","vicelyav":"CS2103-F09-3 VICE..AKHA"}}
