{"authorDailyContributionsMap":{"Quasant":[{"date":"2024-09-30","commitResults":[{"hash":"997b15729a43a803d7eda94e8e107b232dddf286","isMergeCommit":false,"messageTitle":"Modify AboutUs.md and added blank md file","messageBody":"","fileTypesAndContributionMap":{"docs":{"insertions":3,"deletions":3}}},{"hash":"547c372fce1d4042a84eb5462e78e3ca0afe6eea","isMergeCommit":false,"messageTitle":"Add changes to quasant.md","messageBody":"","fileTypesAndContributionMap":{"docs":{"insertions":26,"deletions":0}}},{"hash":"dcb3fe0d835205b9a1eace9d0a60a85885e31cf6","isMergeCommit":false,"messageTitle":"Add changes to quasant.md","messageBody":"","fileTypesAndContributionMap":{"docs":{"insertions":1,"deletions":1}}}]},{"date":"2024-10-04","commitResults":[{"hash":"83d293ad7b934fdc86fa4397c7ca4e400549a448","isMergeCommit":false,"messageTitle":"Add Add contact usecase","messageBody":"","fileTypesAndContributionMap":{"docs":{"insertions":15,"deletions":2}}}]},{"date":"2024-10-07","commitResults":[{"hash":"095405e0242a86d6fd4e5c6b364551604fb0b848","isMergeCommit":false,"messageTitle":"Add prefixes required for commands related to the Job class","messageBody":"","fileTypesAndContributionMap":{"functional-code":{"insertions":8,"deletions":0}}},{"hash":"1f0d617091aa536457f1be6007087162d1bfdf6b","isMergeCommit":false,"messageTitle":"Create outline of AddJobCommands, to modify dependencies subsequently","messageBody":"","fileTypesAndContributionMap":{"functional-code":{"insertions":77,"deletions":0}}},{"hash":"05e65d9519767ba030f165c40fffaef48a0950a0","isMergeCommit":false,"messageTitle":"Add function declarations for the Model Interface","messageBody":"","fileTypesAndContributionMap":{"functional-code":{"insertions":19,"deletions":0}}},{"hash":"62a06da13834227271f95af49f8b93604364b708","isMergeCommit":false,"messageTitle":"Add overloaded format method for Job class","messageBody":"","fileTypesAndContributionMap":{"functional-code":{"insertions":16,"deletions":0}}},{"hash":"09b695c5a39a04a083457bd775f7424553eeddb4","isMergeCommit":false,"messageTitle":"Add the extend keyword to class definition","messageBody":"","fileTypesAndContributionMap":{"functional-code":{"insertions":1,"deletions":1}}},{"hash":"3fdaa2984629a8d38b8552980bef5dae3f065fa9","isMergeCommit":false,"messageTitle":"Update ModelManager to follow changes to the Model interface","messageBody":"","fileTypesAndContributionMap":{"functional-code":{"insertions":16,"deletions":0}}},{"hash":"beffbf2982b30d05872e93f5fc1d787dc53b4ebf","isMergeCommit":false,"messageTitle":"Add hasJob function to AddressBook.java","messageBody":"","fileTypesAndContributionMap":{"functional-code":{"insertions":8,"deletions":0}}},{"hash":"ba1114a4caf6b3a771b3d6b3fae5113a7aad3b76","isMergeCommit":false,"messageTitle":"Create AddJobCommand switch-case in AddressBookParser","messageBody":"","fileTypesAndContributionMap":{"functional-code":{"insertions":4,"deletions":0}}},{"hash":"13db5bedf967c02f80d451d114f5f3d26c946c71","isMergeCommit":false,"messageTitle":"Remove unused imports","messageBody":"","fileTypesAndContributionMap":{"functional-code":{"insertions":4,"deletions":1}}},{"hash":"c34063a69c1a3e74582174e5a47676b88acaef80","isMergeCommit":false,"messageTitle":"Create AddJobCommandParser, dependency on ParserUtil.java to be implemented","messageBody":"","fileTypesAndContributionMap":{"functional-code":{"insertions":54,"deletions":1}}}]},{"date":"2024-10-09","commitResults":[{"hash":"fb92ee589d5589436fdf52679ad0695c91692d2b","isMergeCommit":false,"messageTitle":"Created Parser for AddJobCommand","messageBody":"","fileTypesAndContributionMap":{"functional-code":{"insertions":2,"deletions":2}}},{"hash":"637940c5ebf0afad7de980a40c715b5255183cba","isMergeCommit":false,"messageTitle":"Change instances of job board to address book","messageBody":"","fileTypesAndContributionMap":{"functional-code":{"insertions":2,"deletions":2}}},{"hash":"1ae49b5bec636b6de98a688d6039391a635671de","isMergeCommit":false,"messageTitle":"Modify ParserUtil to include methods required for AddJobCommand","messageBody":"","fileTypesAndContributionMap":{"functional-code":{"insertions":71,"deletions":0}}},{"hash":"2f13748bfe1ebd0b76d9157e074bc3a92dc28d02","isMergeCommit":false,"messageTitle":"Modify AddJobCommand.java to automatically switch to the list of jobs","messageBody":"","fileTypesAndContributionMap":{"functional-code":{"insertions":4,"deletions":2}}},{"hash":"c1e41db165bb5b56875d135cf4f46964fb1fc48a","isMergeCommit":true,"messageTitle":"Merge branch \u0027master\u0027 into branch-job-model-kh4","messageBody":"","fileTypesAndContributionMap":{}},{"hash":"39e83ff2989980c20b21d34c9b322d1c7b16b2d6","isMergeCommit":false,"messageTitle":"Fix checkstyle issues","messageBody":"","fileTypesAndContributionMap":{"functional-code":{"insertions":21,"deletions":9}}},{"hash":"ec8c8ab9a4c42c8a8943c8bdf2c631cb22b6e7c4","isMergeCommit":false,"messageTitle":"Fix ModelTest issues","messageBody":"","fileTypesAndContributionMap":{"test-code":{"insertions":9,"deletions":0}}},{"hash":"e872626a23149db3a8f86bd4061076054faaf540","isMergeCommit":false,"messageTitle":"Fix JavaDoc issue, changing Company to JobCompany","messageBody":"","fileTypesAndContributionMap":{"functional-code":{"insertions":1,"deletions":3}}},{"hash":"214de9f1fc312f9e38e1f7de9f40e5cdabf11eca","isMergeCommit":false,"messageTitle":"Fix format method bug where description is not displayed to user","messageBody":"","fileTypesAndContributionMap":{"functional-code":{"insertions":4,"deletions":2}}},{"hash":"62bb694467ea89ff2893c51ab926872366202e1b","isMergeCommit":false,"messageTitle":"Remove extra character","messageBody":"","fileTypesAndContributionMap":{"functional-code":{"insertions":1,"deletions":1}}},{"hash":"60e604d358f268e6a6fa0059840f54a8fda912ab","isMergeCommit":false,"messageTitle":"Remove unnecessary information from JavaDocs","messageBody":"","fileTypesAndContributionMap":{"functional-code":{"insertions":0,"deletions":3}}}]},{"date":"2024-10-10","commitResults":[{"hash":"515a145e49207380f11ba28317cc58a158d02f37","isMergeCommit":true,"messageTitle":"Merge branch \u0027master\u0027 into branch-job-model-kh4","messageBody":"","fileTypesAndContributionMap":{}},{"hash":"e9ec578bf27594b7ce8c6af7ed2900b24f2aff70","isMergeCommit":true,"messageTitle":"Merge pull request #70 from Quasant/branch-job-model-kh4","messageBody":"Implement Add_job command","fileTypesAndContributionMap":{}}]},{"date":"2024-10-14","commitResults":[{"hash":"441b1de10071c99680d109754a621bb12b8a5ba6","isMergeCommit":false,"messageTitle":"Create skeleton classes for the delete commands","messageBody":"","fileTypesAndContributionMap":{"functional-code":{"insertions":8,"deletions":1}}},{"hash":"cba77b801044c451e787d2f94f8fe6ba023d017c","isMergeCommit":false,"messageTitle":"Implement DeleteJobCommand, to integrate with the model","messageBody":"","fileTypesAndContributionMap":{"functional-code":{"insertions":35,"deletions":1}}},{"hash":"ea6e742a511afd0736c85a4afb2fc7fe50ed4caa","isMergeCommit":false,"messageTitle":"Change formatting","messageBody":"","fileTypesAndContributionMap":{"functional-code":{"insertions":5,"deletions":1}}},{"hash":"2769dc06a8876ad00805827252442de5edc006ff","isMergeCommit":false,"messageTitle":"Add exception for delete command","messageBody":"","fileTypesAndContributionMap":{"functional-code":{"insertions":7,"deletions":0}}},{"hash":"184a3c1487ef3abf1ffa29e09c23055871e08f89","isMergeCommit":false,"messageTitle":"Integrate deleteCommand with ModelManager, AddressBook and JobList","messageBody":"","fileTypesAndContributionMap":{"functional-code":{"insertions":21,"deletions":6}}},{"hash":"e94d586d9214251738350666b43cd8a1794cd8f8","isMergeCommit":false,"messageTitle":"Remove todos and add in some UI changes","messageBody":"","fileTypesAndContributionMap":{"functional-code":{"insertions":2,"deletions":2}}},{"hash":"f9fa2263d77e88c0974bb737fbb4ff287650ce94","isMergeCommit":false,"messageTitle":"Fix checkstyle","messageBody":"","fileTypesAndContributionMap":{"functional-code":{"insertions":1,"deletions":2}}},{"hash":"c6b0b7ca6528e610d4a55a56329424419d3554de","isMergeCommit":false,"messageTitle":"Implement DeleteCompanyCommand, to be integrated","messageBody":"","fileTypesAndContributionMap":{"functional-code":{"insertions":36,"deletions":2},"other":{"insertions":1,"deletions":1}}},{"hash":"8c2d969504fcbfb2d3779e23cea10bc13bbd5e00","isMergeCommit":false,"messageTitle":"Integrated deleteCompanyCommand","messageBody":"","fileTypesAndContributionMap":{"functional-code":{"insertions":3,"deletions":1}}},{"hash":"902c501ec6a11fe8dec1de773d19f66d8e23737a","isMergeCommit":false,"messageTitle":"Finalise changes","messageBody":"","fileTypesAndContributionMap":{"functional-code":{"insertions":11,"deletions":7}}},{"hash":"b7031af0e4fc4ec2b87393a9e82696ebdef5d2c6","isMergeCommit":false,"messageTitle":"Re-add JsonAdaptedTag","messageBody":"","fileTypesAndContributionMap":{"functional-code":{"insertions":49,"deletions":1}}},{"hash":"3d05251cefff3e2dcb0040fd866b6e02430365c3","isMergeCommit":false,"messageTitle":"Modify AddJobCommandParser to utilise tags","messageBody":"","fileTypesAndContributionMap":{"functional-code":{"insertions":6,"deletions":2}}},{"hash":"39016577ec632eb4d33f288970431e3518375b11","isMergeCommit":false,"messageTitle":"Modify JobCard to use flowpane","messageBody":"","fileTypesAndContributionMap":{"functional-code":{"insertions":8,"deletions":3}}},{"hash":"44c40a09cf824f694e349ac9bdb0a718d58158f1","isMergeCommit":false,"messageTitle":"Modify Job attributes, also asked a question about a lingering todo","messageBody":"","fileTypesAndContributionMap":{"functional-code":{"insertions":19,"deletions":9}}},{"hash":"a1782181923458afbb4d0ce1c7276bf7cf2203c9","isMergeCommit":false,"messageTitle":"Modify JsonAdaptedJob","messageBody":"","fileTypesAndContributionMap":{"functional-code":{"insertions":26,"deletions":8}}},{"hash":"c32f6805b0f8963b2044954ee14336c612d7c59f","isMergeCommit":false,"messageTitle":"Add parseTags method in parserUtils","messageBody":"","fileTypesAndContributionMap":{"functional-code":{"insertions":12,"deletions":0}}},{"hash":"7fdad940f46bf0bae3e319381f433137c9b79adc","isMergeCommit":false,"messageTitle":"Fix sampleDataUtils","messageBody":"","fileTypesAndContributionMap":{"functional-code":{"insertions":14,"deletions":8}}},{"hash":"ee5dece9384f6be7ec97b4bb520d1976d9ea7333","isMergeCommit":false,"messageTitle":"Made Ui changes","messageBody":"","fileTypesAndContributionMap":{"functional-code":{"insertions":3,"deletions":3}}},{"hash":"2ef73eee49207a9feb22b8f2f02c6cb8516677ee","isMergeCommit":false,"messageTitle":"Fix bugs","messageBody":"","fileTypesAndContributionMap":{"functional-code":{"insertions":6,"deletions":5}}},{"hash":"6e7045f5e5a13a8dda4e9b6748f273f1b07e74c2","isMergeCommit":false,"messageTitle":"Modify spacing between the requirements tag","messageBody":"","fileTypesAndContributionMap":{"functional-code":{"insertions":1,"deletions":1}}},{"hash":"6da79d3ad677ca9f16e884c891e8fd19e3b85cbf","isMergeCommit":true,"messageTitle":"Merge branch \u0027master\u0027 of https://github.com/AY2425S1-CS2103-F13-4/tp","messageBody":"","fileTypesAndContributionMap":{}},{"hash":"1cd72579256572fe0a3ebccc1e1c066b38915b85","isMergeCommit":true,"messageTitle":"Merge branch \u0027master\u0027 into branch-delete-job-command","messageBody":"","fileTypesAndContributionMap":{}},{"hash":"cded2a53ed3d696dd197c5fab3f55072cbcbf11a","isMergeCommit":true,"messageTitle":"Merge branch \u0027branch-delete-job-command\u0027 into issue#71","messageBody":"","fileTypesAndContributionMap":{}},{"hash":"5f31d8d1f0c392793ae0d8124a6057d12745cb29","isMergeCommit":false,"messageTitle":"Fix checkstyle issues","messageBody":"","fileTypesAndContributionMap":{"functional-code":{"insertions":19,"deletions":17}}},{"hash":"07a0de9be039d39644b582a3d097d901eb6a9b8c","isMergeCommit":true,"messageTitle":"Merge branch \u0027master\u0027 of https://github.com/AY2425S1-CS2103-F13-4/tp","messageBody":"","fileTypesAndContributionMap":{}},{"hash":"04e4eae63c1cdfecb4e85088f387b200102cfb21","isMergeCommit":true,"messageTitle":"Merge branch \u0027master\u0027 into branch-delete-job-command","messageBody":"","fileTypesAndContributionMap":{}},{"hash":"76f1502bbf5d18239279cea37c242d4b1ba2b17c","isMergeCommit":true,"messageTitle":"Merge branch \u0027branch-delete-job-command\u0027 into issue#71","messageBody":"","fileTypesAndContributionMap":{}}]},{"date":"2024-10-17","commitResults":[{"hash":"2f3847f486ccef6e9097a56818c750310e5c0029","isMergeCommit":true,"messageTitle":"Merge pull request #88 from Quasant/branch-delete-job-command","messageBody":"","fileTypesAndContributionMap":{}},{"hash":"b7e926d099d2b99a192636171c5162749510316e","isMergeCommit":true,"messageTitle":"Merge pull request #89 from Quasant/issue#71","messageBody":"","fileTypesAndContributionMap":{}}]},{"date":"2024-10-23","commitResults":[{"hash":"76c1b204277445718c18a570149b17503de7c224","isMergeCommit":false,"messageTitle":"Make small changes to Job and Person","messageBody":"","fileTypesAndContributionMap":{"functional-code":{"insertions":28,"deletions":10}}},{"hash":"e38935e99e47ddd7aa5c8c89dd7b28fc5990c4de","isMergeCommit":false,"messageTitle":"Add minor JavaDoc changes","messageBody":"","fileTypesAndContributionMap":{"functional-code":{"insertions":8,"deletions":9}}},{"hash":"63307294493e45da20b48d78cf29325d00a19666","isMergeCommit":false,"messageTitle":"Add changes to various Job related classes","messageBody":"","fileTypesAndContributionMap":{"functional-code":{"insertions":19,"deletions":17}}},{"hash":"73d1bd21410eb02eadf3e8a01bf36509f2f2348b","isMergeCommit":false,"messageTitle":"Made Ui changes and JavaDocs improvement","messageBody":"","fileTypesAndContributionMap":{"functional-code":{"insertions":41,"deletions":15}}},{"hash":"f38976f1919da662d6ffa739eabf66d38838a830","isMergeCommit":false,"messageTitle":"Modify Json related classes to handle loading of associations","messageBody":"","fileTypesAndContributionMap":{"functional-code":{"insertions":11,"deletions":5}}},{"hash":"0d6155650aac7632d955d46cf2984c0cee128b58","isMergeCommit":true,"messageTitle":"Merge remote-tracking branch \u0027origin/master\u0027 into branch-integrate-job-contact","messageBody":"","fileTypesAndContributionMap":{}}]},{"date":"2024-10-24","commitResults":[{"hash":"8cee37399c9b19e12a7a299c2e9fdb98736611df","isMergeCommit":false,"messageTitle":"Fix some bugs","messageBody":"","fileTypesAndContributionMap":{"functional-code":{"insertions":3,"deletions":5},"test-code":{"insertions":11,"deletions":9}}},{"hash":"bdd5869c7f9577a00e35b4c2465421d5f2c92106","isMergeCommit":false,"messageTitle":"Modify deleteCommands to reflect association changes","messageBody":"","fileTypesAndContributionMap":{"functional-code":{"insertions":38,"deletions":5}}},{"hash":"cc7b1ac58aa1661ea42d30bb04d1c18c8eb11e67","isMergeCommit":false,"messageTitle":"Fix checkstyle issues","messageBody":"","fileTypesAndContributionMap":{"functional-code":{"insertions":3,"deletions":4}}},{"hash":"ee810753d2bbd2a1ac1e4d57c079f928fa4d8733","isMergeCommit":true,"messageTitle":"Merge remote-tracking branch \u0027origin/master\u0027 into branch-integrate-job-contact","messageBody":"","fileTypesAndContributionMap":{}},{"hash":"c450bd00f387871d732385e1730e089ad18c3b65","isMergeCommit":false,"messageTitle":"Fix test changes due to different definition of isSamePerson","messageBody":"","fileTypesAndContributionMap":{"test-code":{"insertions":16,"deletions":7}}},{"hash":"725ddd3149c9bfe75d59f31f37ad94b3b56a6724","isMergeCommit":false,"messageTitle":"Fix checkstyle issues","messageBody":"","fileTypesAndContributionMap":{"test-code":{"insertions":1,"deletions":1}}},{"hash":"2448deb5569bd2aced32dc573c5324275acd4f9f","isMergeCommit":false,"messageTitle":"Resolve PR review issues","messageBody":"","fileTypesAndContributionMap":{"functional-code":{"insertions":8,"deletions":20}}},{"hash":"c7de8ce8fe7fbfc3571ae3f79f3637b0748c4283","isMergeCommit":false,"messageTitle":"Resolve final PR review issue","messageBody":"","fileTypesAndContributionMap":{"functional-code":{"insertions":3,"deletions":3}}},{"hash":"d8091ebc5408d2149d929c95925a85831f6dc842","isMergeCommit":true,"messageTitle":"Merge remote-tracking branch \u0027origin/master\u0027 into branch-integrate-job-contact","messageBody":"","fileTypesAndContributionMap":{}},{"hash":"b784b56947d4c26e5fb9bf18193db02fc86074af","isMergeCommit":true,"messageTitle":"Merge pull request #125 from AY2425S1-CS2103-F13-4/branch-integrate-job-contact","messageBody":"Branch integrate job contact","fileTypesAndContributionMap":{}}]},{"date":"2024-10-29","commitResults":[{"hash":"c64c61a21afa261ef0461f61adf0833682c20f00","isMergeCommit":false,"messageTitle":"Remove references to Person in Job","messageBody":"","fileTypesAndContributionMap":{"functional-code":{"insertions":7,"deletions":33}}},{"hash":"277c080b9ee42122b4ad1c1568d04ee7f3edc9d8","isMergeCommit":false,"messageTitle":"Add Final modifier to an attribute","messageBody":"","fileTypesAndContributionMap":{"functional-code":{"insertions":4,"deletions":18}}},{"hash":"09122704dd105326c6eeecee10d9d3800b735401","isMergeCommit":false,"messageTitle":"Fix regressions caused within Logic","messageBody":"","fileTypesAndContributionMap":{"functional-code":{"insertions":7,"deletions":55}}},{"hash":"6f1638dcb88a9a981a6c8fba4ce363866a982a79","isMergeCommit":false,"messageTitle":"Fix regressions caused within Model","messageBody":"","fileTypesAndContributionMap":{"functional-code":{"insertions":19,"deletions":21}}},{"hash":"17e85f40ced327779c29c2d173b16398d98e9985","isMergeCommit":false,"messageTitle":"Fix regressions caused within storage","messageBody":"","fileTypesAndContributionMap":{"functional-code":{"insertions":17,"deletions":19}}},{"hash":"11d5a2b5c09bb1c19f6c18d79426e31130942526","isMergeCommit":false,"messageTitle":"Fix regressions caused within ui","messageBody":"","fileTypesAndContributionMap":{"functional-code":{"insertions":5,"deletions":5}}},{"hash":"cbb3d4b30be496b306ddeee13584d9fa67c9bd99","isMergeCommit":false,"messageTitle":"Fix test cases that were broken","messageBody":"","fileTypesAndContributionMap":{"test-code":{"insertions":1,"deletions":1}}},{"hash":"6f06bb35f27b49c9dbe7cb5a9b77d8dcac20f552","isMergeCommit":false,"messageTitle":"Fix missing period","messageBody":"","fileTypesAndContributionMap":{"functional-code":{"insertions":1,"deletions":1}}},{"hash":"cd936739286942af7bb9c9605978e178ef9a16ac","isMergeCommit":false,"messageTitle":"Fix some issues that were raised","messageBody":"","fileTypesAndContributionMap":{"functional-code":{"insertions":4,"deletions":2}}},{"hash":"7e80bc8afdcdfffed15056b71ac9be51ab5f14e9","isMergeCommit":false,"messageTitle":"Remove UI element from JobCard","messageBody":"","fileTypesAndContributionMap":{"functional-code":{"insertions":0,"deletions":4}}}]},{"date":"2024-10-30","commitResults":[{"hash":"32c5ef1f84a00629631914e1f9f2f5c3c6fc6172","isMergeCommit":false,"messageTitle":"Resolve some review issues","messageBody":"","fileTypesAndContributionMap":{"functional-code":{"insertions":14,"deletions":10}}},{"hash":"db61a9932683ef0ec947deeed17faa920dc6be7c","isMergeCommit":false,"messageTitle":"Extract method out to Person class","messageBody":"","fileTypesAndContributionMap":{"functional-code":{"insertions":17,"deletions":14}}},{"hash":"014edad1d6c84c384059861a54c935361dc2a3e9","isMergeCommit":false,"messageTitle":"Add JavaDoc to new method","messageBody":"","fileTypesAndContributionMap":{"functional-code":{"insertions":1,"deletions":1}}},{"hash":"b29d252794bed58804d1d58c8f8294d1d7feefe0","isMergeCommit":true,"messageTitle":"Merge pull request #160 from AY2425S1-CS2103-F13-4/branch-remove-references","messageBody":"Branch remove references","fileTypesAndContributionMap":{}}]}],"wassilililily":[{"date":"2024-09-30","commitResults":[{"hash":"a0d6e4ab0b2d02925ee3323b4580f4713cf94872","isMergeCommit":false,"messageTitle":"Update about us page","messageBody":"","fileTypesAndContributionMap":{"docs":{"insertions":2,"deletions":2}}},{"hash":"7b82a05612bc2a463a4664e8a02760e18bf6f537","isMergeCommit":false,"messageTitle":"Update about us","messageBody":"","fileTypesAndContributionMap":{"docs":{"insertions":30,"deletions":51}}},{"hash":"ce4b8233219b44ddd10e283998c7bf4011a82303","isMergeCommit":false,"messageTitle":"Update About us","messageBody":"","fileTypesAndContributionMap":{"docs":{"insertions":2,"deletions":0}}},{"hash":"329fdb5c44c1e661cdc95c737cfffae893dfa0c6","isMergeCommit":false,"messageTitle":"Update about us","messageBody":"","fileTypesAndContributionMap":{"docs":{"insertions":4,"deletions":1}}},{"hash":"0822b34f379627640e7ffc8931023881e7c41967","isMergeCommit":true,"messageTitle":"Merge branch \u0027update-about-us-page\u0027 of https://github.com/wassilililily/tp into update-about-us-page","messageBody":"# Conflicts:\n#\tdocs/AboutUs.md\n","fileTypesAndContributionMap":{}},{"hash":"459c228340e945a24d2bdb6cf8014eee403ab26b","isMergeCommit":false,"messageTitle":"update","messageBody":"","fileTypesAndContributionMap":{"docs":{"insertions":2,"deletions":1}}},{"hash":"5e109f5b4f1bbd73f6747b2a9600f2527a034ccc","isMergeCommit":false,"messageTitle":"update eof line","messageBody":"","fileTypesAndContributionMap":{"docs":{"insertions":1,"deletions":1}}}]},{"date":"2024-10-02","commitResults":[{"hash":"018a94da703c4b505bb6e097ded8d888ed99e810","isMergeCommit":true,"messageTitle":"Merge branch \u0027update-about-us-page\u0027 of https://github.com/wassilililily/tp","messageBody":"# Conflicts:\n#\tdocs/AboutUs.md\n","fileTypesAndContributionMap":{}},{"hash":"d99acb6ca7510c093c4fc496838b6438c56c81a0","isMergeCommit":true,"messageTitle":"Merge branch \u0027AY2425S1-CS2103-F13-4:master\u0027 into master","messageBody":"","fileTypesAndContributionMap":{}},{"hash":"9269e9b38c8fcc6ae6cbd0e6c52cd4c2c231d59d","isMergeCommit":true,"messageTitle":"Merge branch \u0027master\u0027 of https://github.com/wassilililily/tp","messageBody":"","fileTypesAndContributionMap":{}}]},{"date":"2024-10-07","commitResults":[{"hash":"34e69c5066e19d34a7b41b56b7a6f360ead0515f","isMergeCommit":true,"messageTitle":"Merge branch \u0027master\u0027 of https://github.com/wassilililily/tp","messageBody":"","fileTypesAndContributionMap":{}},{"hash":"708abc61ebee4f82ecac56f33451dd1f6636d2de","isMergeCommit":true,"messageTitle":"Merge branch \u0027master\u0027 of https://github.com/wassilililily/tp","messageBody":"","fileTypesAndContributionMap":{}}]},{"date":"2024-10-08","commitResults":[{"hash":"84f142be770b40ef8ae2096d2d86cc1dbd054bb2","isMergeCommit":false,"messageTitle":"Adds delete company functionality","messageBody":"","fileTypesAndContributionMap":{"functional-code":{"insertions":113,"deletions":0}}},{"hash":"dafcb3727cc1b56c19b882332e468972d9485341","isMergeCommit":true,"messageTitle":"Merge branch \u0027branch-delete-company\u0027 into branch-list-companies","messageBody":"","fileTypesAndContributionMap":{}},{"hash":"97c72d47ae4c8c52bdb8bd0a6d53a0e4688cffc6","isMergeCommit":true,"messageTitle":"Merge pull request #1 from Green-Tea-123/branch-list-companies","messageBody":"Branch list companies","fileTypesAndContributionMap":{}},{"hash":"e0786cc4791591b42d635c48f564447e27faf593","isMergeCommit":true,"messageTitle":"Merge branch \u0027branch-delete-company\u0027 of https://github.com/wassilililily/tp into branch-delete-company","messageBody":"","fileTypesAndContributionMap":{}},{"hash":"30227539db62c5c400050349e400833c12e8bd51","isMergeCommit":false,"messageTitle":"Merge list companies and delete companies","messageBody":"","fileTypesAndContributionMap":{"functional-code":{"insertions":0,"deletions":7}}},{"hash":"694a3721df172be11af07720fc62afb31f4f18b0","isMergeCommit":true,"messageTitle":"Merge pull request #2 from AlekKwek18/update-delete-command","messageBody":"Update delete command","fileTypesAndContributionMap":{}},{"hash":"0375b22fbedf25f1fe9e9194dd1d0afe8fc89b32","isMergeCommit":true,"messageTitle":"Merge branch \u0027branch-delete-company\u0027 of https://github.com/wassilililily/tp into branch-delete-company","messageBody":"","fileTypesAndContributionMap":{}},{"hash":"83c5e227e2b5b177c78ffb059416281c4d980f4c","isMergeCommit":false,"messageTitle":"Revert \"Update delete command\"","messageBody":"","fileTypesAndContributionMap":{"functional-code":{"insertions":9,"deletions":106}}},{"hash":"68108d45f52310c181585019c7902e60043c1393","isMergeCommit":true,"messageTitle":"Merge pull request #3 from wassilililily/revert-2-update-delete-command","messageBody":"Revert \"Update delete command\"","fileTypesAndContributionMap":{}},{"hash":"41e768a6ed13bcdce2f0a5dfce3f41cd0327f9c9","isMergeCommit":true,"messageTitle":"Merge branch \u0027branch-delete-company\u0027 of https://github.com/wassilililily/tp into branch-delete-company","messageBody":"","fileTypesAndContributionMap":{}}]},{"date":"2024-10-09","commitResults":[{"hash":"7439dbec9478f6f8662b9c49e3a5ef037460d4c8","isMergeCommit":true,"messageTitle":"Merge branch \u0027branch-list-companies\u0027 of https://github.com/Green-Tea-123/tp into branch-delete-company","messageBody":"# Conflicts:\n#\tsrc/main/java/seedu/address/logic/parser/AddressBookParser.java\n#\tsrc/main/java/seedu/address/model/ModelManager.java\n","fileTypesAndContributionMap":{}},{"hash":"e1f74cfa99b8d19db5f059b78d712dcde77f35b3","isMergeCommit":true,"messageTitle":"Merge branch \u0027update-delete-command\u0027 of https://github.com/AlekKwek18/tp into branch-delete-company","messageBody":"Adds delete company functionality\n\n# Conflicts:\n#\tsrc/main/java/seedu/address/logic/commands/DeleteContactCommand.java\n#\tsrc/main/java/seedu/address/logic/parser/DeleteCommandParser.java\n","fileTypesAndContributionMap":{}}]},{"date":"2024-10-11","commitResults":[{"hash":"a8547658bf6c4bdef04c657699df2b33f461fee5","isMergeCommit":true,"messageTitle":"Merge branch master into branch-delete-company Refactor DeleteCompanyCommand","messageBody":"# Conflicts:\n#\tsrc/main/java/seedu/address/logic/commands/DeleteCommand.java\n#\tsrc/main/java/seedu/address/logic/commands/DeleteContactCommand.java\n#\tsrc/main/java/seedu/address/logic/parser/DeleteCommandParser.java\n","fileTypesAndContributionMap":{}},{"hash":"77591df3a1a6266eba12be0c3b0da011e5a178c4","isMergeCommit":false,"messageTitle":"Refactors DeleteCommandParser to include DeleteCompanyCommand","messageBody":"","fileTypesAndContributionMap":{"functional-code":{"insertions":5,"deletions":6}}},{"hash":"f48fd7f94c2d4d1ea75fc25fe902c9c4032a6183","isMergeCommit":true,"messageTitle":"Merge pull request #72 from wassilililily/branch-delete-company","messageBody":"Branch delete company","fileTypesAndContributionMap":{}},{"hash":"50cf8f5729364d54371e5cf6452097f7c4e43fc9","isMergeCommit":true,"messageTitle":"Merge branch \u0027master\u0027 of https://github.com/wassilililily/tp","messageBody":"","fileTypesAndContributionMap":{}}]},{"date":"2024-10-14","commitResults":[{"hash":"f894d9c3527dd52141d0368dd53ae6bd94b4c3c0","isMergeCommit":true,"messageTitle":"Merge branch \u0027master\u0027 of https://github.com/wassilililily/tp","messageBody":"","fileTypesAndContributionMap":{}}]},{"date":"2024-10-15","commitResults":[{"hash":"adac807dd946ea466470407ec8770e84013a5e7c","isMergeCommit":true,"messageTitle":"Merge branch \u0027master\u0027 of https://github.com/wassilililily/tp","messageBody":"","fileTypesAndContributionMap":{}},{"hash":"464cf6f97555fedd84288a0d65009705d19a7c16","isMergeCommit":true,"messageTitle":"Merge branch \u0027master\u0027 into branch-add-tests","messageBody":"","fileTypesAndContributionMap":{}}]},{"date":"2024-10-16","commitResults":[{"hash":"68561ce955dc8007a3c86909cdd1af79ee197406","isMergeCommit":false,"messageTitle":"Adds JUnit tests for DeleteCompanyCommand","messageBody":"","fileTypesAndContributionMap":{"test-code":{"insertions":17,"deletions":0}}},{"hash":"91f77ef648b58302c930cfc4f7a8d2deb384e0c6","isMergeCommit":false,"messageTitle":"Adds DeleteCompanyCommandTest and refactors CommandTestUtil","messageBody":"","fileTypesAndContributionMap":{"functional-code":{"insertions":17,"deletions":0},"test-code":{"insertions":184,"deletions":1}}},{"hash":"2c3061cd9e37c06c9b0e2c42a82886fcc7782cf9","isMergeCommit":false,"messageTitle":"Minor edits for checkstyle","messageBody":"","fileTypesAndContributionMap":{"test-code":{"insertions":12,"deletions":7}}},{"hash":"57613f9d717b69abe2cc8aa8b0a6bbef1204ff5b","isMergeCommit":false,"messageTitle":"Minor edits for CompanyTest and TypicalCompanies","messageBody":"","fileTypesAndContributionMap":{"test-code":{"insertions":25,"deletions":7}}},{"hash":"caa6b8c40b54d5651c1f47a7d097d3246af44a8f","isMergeCommit":false,"messageTitle":"Minor edits for checkstyle","messageBody":"","fileTypesAndContributionMap":{"test-code":{"insertions":2,"deletions":1}}}]},{"date":"2024-10-17","commitResults":[{"hash":"bca58a9ea0155503d2f88d79c15272a721717e37","isMergeCommit":false,"messageTitle":"Minor edits to Javadoc to CommandTestUtil","messageBody":"","fileTypesAndContributionMap":{"test-code":{"insertions":4,"deletions":4}}}]},{"date":"2024-10-21","commitResults":[{"hash":"a4fe4394cb197a7ffd3ce1319ed765fc4733bd6e","isMergeCommit":true,"messageTitle":"Merge branch \u0027master\u0027 of https://github.com/wassilililily/tp","messageBody":"","fileTypesAndContributionMap":{}}]},{"date":"2024-10-23","commitResults":[{"hash":"fba7d7759d7c845e6b4960da74814e40adea828a","isMergeCommit":true,"messageTitle":"Merge branch \u0027master\u0027 of https://github.com/wassilililily/tp","messageBody":"","fileTypesAndContributionMap":{}},{"hash":"99e4b8f395dd58d2d29ce55b131fa1d10ed8efcb","isMergeCommit":true,"messageTitle":"Merge branch \u0027master\u0027 into branch-view-command","messageBody":"","fileTypesAndContributionMap":{}},{"hash":"b832725db5ca4e1441b260d6eda396caefc06e60","isMergeCommit":false,"messageTitle":"Adds ViewCompanyCommand feature and modify ModelManager","messageBody":"","fileTypesAndContributionMap":{"functional-code":{"insertions":146,"deletions":0}}},{"hash":"5550ab2495a7aaf7c5cade4e80fee51425c663f2","isMergeCommit":false,"messageTitle":"Adds minor edit to command format","messageBody":"","fileTypesAndContributionMap":{"functional-code":{"insertions":1,"deletions":1}}},{"hash":"c673f0aa84cc223417d623ac81f6280ac574f8d5","isMergeCommit":false,"messageTitle":"Minor edits for checkstyle","messageBody":"","fileTypesAndContributionMap":{"functional-code":{"insertions":11,"deletions":8}}},{"hash":"9ecbecb4aa71cdaa6928f658e16ff66f467e4ee5","isMergeCommit":false,"messageTitle":"Minor edits for checkstyle","messageBody":"","fileTypesAndContributionMap":{"functional-code":{"insertions":11,"deletions":4}}},{"hash":"c07c4258a43d363f7e0ce1c3f878acab05c21703","isMergeCommit":false,"messageTitle":"Minor edits for checkstyle","messageBody":"","fileTypesAndContributionMap":{"functional-code":{"insertions":6,"deletions":4}}},{"hash":"d0f599464d856b30f29e4253a5c517d95c6e985c","isMergeCommit":false,"messageTitle":"Edits javadoc comment","messageBody":"","fileTypesAndContributionMap":{"functional-code":{"insertions":7,"deletions":7}}},{"hash":"418e76989ae4f59b9e4caa7e0468c3c45d910ccb","isMergeCommit":false,"messageTitle":"Minor edit to AddCompanyCommandTest for ModelStub","messageBody":"","fileTypesAndContributionMap":{"test-code":{"insertions":9,"deletions":0}}},{"hash":"8ab1ea38fb6a743fdb4dd5da0877ba05dfc34f43","isMergeCommit":false,"messageTitle":"Minor edit for ModelStub","messageBody":"","fileTypesAndContributionMap":{"test-code":{"insertions":5,"deletions":0}}}]},{"date":"2024-10-24","commitResults":[{"hash":"6f340d5258f980f7216b68f483d8970d61836337","isMergeCommit":false,"messageTitle":"Edits Javadoc comment punctuation","messageBody":"","fileTypesAndContributionMap":{"functional-code":{"insertions":1,"deletions":1}}},{"hash":"5598dcb6f9ed720e20dfe30489ee94bdd7789005","isMergeCommit":true,"messageTitle":"Merge branch \u0027master\u0027 into branch-view-command","messageBody":"","fileTypesAndContributionMap":{}},{"hash":"9fdf8c33459d6d12eb9304aaa7b98f6d64fb5caa","isMergeCommit":true,"messageTitle":"Merge pull request #118 from wassilililily/branch-view-command","messageBody":"Branch view command","fileTypesAndContributionMap":{}}]}],"KengHian":[{"date":"2024-09-29","commitResults":[{"hash":"c24c43cf7ce951eeb8ce0a44b291b64d27ddaa5b","isMergeCommit":false,"messageTitle":"docs: Update kenghian AboutUs page","messageBody":"","fileTypesAndContributionMap":{"docs":{"insertions":28,"deletions":3}}}]},{"date":"2024-09-30","commitResults":[{"hash":"ab66a75be3114640b8fee2bcc755d488bcfd828e","isMergeCommit":false,"messageTitle":"chore: Update readme to match TC","messageBody":"","fileTypesAndContributionMap":{"docs":{"insertions":4,"deletions":11}}},{"hash":"2caad852c97803c2b8c7fa0cf11c3bea3e05f54f","isMergeCommit":false,"messageTitle":"chore: Update setting to match TC","messageBody":"","fileTypesAndContributionMap":{"other":{"insertions":1,"deletions":1}}},{"hash":"d195e1eaea9b18736bf47f5dd883c8385923d923","isMergeCommit":false,"messageTitle":"docs: Update DG product scope to match TC","messageBody":"","fileTypesAndContributionMap":{"docs":{"insertions":4,"deletions":3}}},{"hash":"6d205af978e225b6a0557c6f3722f3db48c755c8","isMergeCommit":false,"messageTitle":"docs(DG): Update TC must have user stories","messageBody":"","fileTypesAndContributionMap":{"docs":{"insertions":13,"deletions":10}}}]},{"date":"2024-10-04","commitResults":[{"hash":"9e564d99a429ef6725b7617262783469175bc133","isMergeCommit":false,"messageTitle":"docs: Update DG screenjob usecase","messageBody":"","fileTypesAndContributionMap":{"docs":{"insertions":27,"deletions":0}}},{"hash":"71c592c10e7cf0ee989b1388d69d34a68a44d099","isMergeCommit":true,"messageTitle":"Merge pull request #43 from KengHian/branch-update-dg-usecase-screenjob","messageBody":"Update DG use cases for screen job","fileTypesAndContributionMap":{}}]},{"date":"2024-10-06","commitResults":[{"hash":"4cd52d8380005100f725a7849428e331f78c27d8","isMergeCommit":false,"messageTitle":"Create codecov.yml","messageBody":"chore: Add default codecov.yml","fileTypesAndContributionMap":{"other":{"insertions":8,"deletions":0}}},{"hash":"dd7b69f1a4163458388bad4fb74c7691e0df50ab","isMergeCommit":true,"messageTitle":"Merge pull request #52 from AY2425S1-CS2103-F13-4/branch-add-default-codecov-yml","messageBody":"chore: Add default codecov.yml","fileTypesAndContributionMap":{}},{"hash":"6d6d8c358785f5f65d4dc5af45ca3b8029eee041","isMergeCommit":false,"messageTitle":"chore: Remove project level codecov check","messageBody":"","fileTypesAndContributionMap":{"other":{"insertions":0,"deletions":3}}},{"hash":"bd8d1280e22c588efdef21d3802f690c910c4af7","isMergeCommit":true,"messageTitle":"Merge pull request #53 from AY2425S1-CS2103-F13-4/branch-remove-project-level-codecov-check","messageBody":"chore: Remove project level codecov check","fileTypesAndContributionMap":{}}]},{"date":"2024-10-07","commitResults":[{"hash":"f2ecbd133b01a5da5bf5c2d7ef95fecb464177ff","isMergeCommit":false,"messageTitle":"feat(job): Basic list job from json storage","messageBody":"","fileTypesAndContributionMap":{"functional-code":{"insertions":604,"deletions":41}}},{"hash":"aa7c3c9bc2ff0354c7610354cb6bcbb2ff475224","isMergeCommit":false,"messageTitle":"chore(job): Add sample job data","messageBody":"","fileTypesAndContributionMap":{"functional-code":{"insertions":54,"deletions":21}}},{"hash":"72b8674efbf83eea25051e26859354852e0e738d","isMergeCommit":false,"messageTitle":"feat(job): Populate job data during initialisaiton","messageBody":"","fileTypesAndContributionMap":{"functional-code":{"insertions":38,"deletions":25}}},{"hash":"8440e4203fa02d150e81392dbcc53b345ca0a251","isMergeCommit":false,"messageTitle":"chore(job): Fix code style","messageBody":"","fileTypesAndContributionMap":{"functional-code":{"insertions":76,"deletions":139}}},{"hash":"b2c08a42304576256f8926c0e9c0e19fddc897da","isMergeCommit":false,"messageTitle":"chore(job): Fix code style error","messageBody":"","fileTypesAndContributionMap":{"functional-code":{"insertions":7,"deletions":7}}},{"hash":"3c1cf8312cb7f6f9a359347a826a92cf5feb3d33","isMergeCommit":false,"messageTitle":"chore: Fix test code style error","messageBody":"","fileTypesAndContributionMap":{"test-code":{"insertions":45,"deletions":20}}},{"hash":"ba8513909260ef88fbcad7a60c0ef4806a8d08bf","isMergeCommit":false,"messageTitle":"chore: Fix comments mistake","messageBody":"","fileTypesAndContributionMap":{"functional-code":{"insertions":21,"deletions":28}}},{"hash":"07a1af835a9daa73e2269ee072b60b27d69cbb8f","isMergeCommit":false,"messageTitle":"feat: Specify equal condition for Job model","messageBody":"","fileTypesAndContributionMap":{"functional-code":{"insertions":40,"deletions":7}}},{"hash":"2c8463d4aa2881364805ebfa3411d467641efb90","isMergeCommit":false,"messageTitle":"feat(job): Enforce uniqueness in UniqueJobList","messageBody":"","fileTypesAndContributionMap":{"functional-code":{"insertions":53,"deletions":4}}},{"hash":"892c886ffab457a7bda7a004f18938b629c0f74a","isMergeCommit":false,"messageTitle":"feat(job): Extract Job fields as classes with input validation","messageBody":"","fileTypesAndContributionMap":{"functional-code":{"insertions":63,"deletions":38},"test-code":{"insertions":7,"deletions":7}}},{"hash":"23434e5477430a2424f60d4584ce6dbaaa4c36c2","isMergeCommit":false,"messageTitle":"feat(job): Add Job fields classes","messageBody":"","fileTypesAndContributionMap":{"functional-code":{"insertions":267,"deletions":0}}},{"hash":"b7eb70057d4e9f943de23cdb1ffc9ecd497c0d5b","isMergeCommit":false,"messageTitle":"feat(job): Allow symbol in JobName","messageBody":"","fileTypesAndContributionMap":{"functional-code":{"insertions":2,"deletions":2}}},{"hash":"692853bb4640dbf64bfdb7944a5e8dd512878cce","isMergeCommit":true,"messageTitle":"Merge pull request #50 from Green-Tea-123/branch-add-company-class","messageBody":"Branch add company class","fileTypesAndContributionMap":{}},{"hash":"1714bd11f9e11e94a0ccb2a3020d814fc37adc63","isMergeCommit":true,"messageTitle":"Merge pull request #55 from KengHian/branch-job-model-basic","messageBody":"List job listing","fileTypesAndContributionMap":{}}]},{"date":"2024-10-11","commitResults":[{"hash":"9ece595f1abc0f28e10770b626772b7b412097bf","isMergeCommit":false,"messageTitle":"feat: Model tracks Ui context","messageBody":"","fileTypesAndContributionMap":{"functional-code":{"insertions":69,"deletions":116}}},{"hash":"1a6f697f6d41447d08ba0515f9a3783a3357d124","isMergeCommit":false,"messageTitle":"feat: Support two words list commands","messageBody":"","fileTypesAndContributionMap":{"functional-code":{"insertions":80,"deletions":29},"other":{"insertions":3,"deletions":3},"test-code":{"insertions":56,"deletions":19}}},{"hash":"55cc628afafdbf220b028db077874eb464d41a6e","isMergeCommit":false,"messageTitle":"feat: Support two word add commands","messageBody":"","fileTypesAndContributionMap":{"functional-code":{"insertions":191,"deletions":134},"other":{"insertions":2,"deletions":2},"test-code":{"insertions":11,"deletions":11}}},{"hash":"a8a66325ee6a71db66e8d5f6cbeba49eb46a4498","isMergeCommit":false,"messageTitle":"feat(job): Display JobSalary as formmated string","messageBody":"","fileTypesAndContributionMap":{"functional-code":{"insertions":1,"deletions":1}}},{"hash":"95fa16ca451ae6917f3ff9fe683100f685f94f77","isMergeCommit":false,"messageTitle":"feat: Enable more code sharing among AddComands via \u003cT\u003e","messageBody":"","fileTypesAndContributionMap":{"functional-code":{"insertions":27,"deletions":39}}}]},{"date":"2024-10-12","commitResults":[{"hash":"d79dcd246c6d365b31775d97f0688caf192a2d01","isMergeCommit":false,"messageTitle":"fix: Fix usage message of AddCommands","messageBody":"","fileTypesAndContributionMap":{"functional-code":{"insertions":20,"deletions":23}}}]},{"date":"2024-10-13","commitResults":[{"hash":"4aca04c78f822f91f607ae9692d187f1c775c019","isMergeCommit":false,"messageTitle":"feat: Rename COMMAND_ENTITY to ENTITY_WORD","messageBody":"","fileTypesAndContributionMap":{"functional-code":{"insertions":6,"deletions":6},"test-code":{"insertions":3,"deletions":3}}},{"hash":"c04c2ce32ee68c85083e8c75897b40e8dbf7bae6","isMergeCommit":false,"messageTitle":"feat(add): Rename COMMAND_ENTITY to ENTITY_WORD","messageBody":"","fileTypesAndContributionMap":{"functional-code":{"insertions":9,"deletions":9},"test-code":{"insertions":2,"deletions":3}}}]},{"date":"2024-10-14","commitResults":[{"hash":"40d1885959a266bcc6023abe7e1e0d209d5487a2","isMergeCommit":true,"messageTitle":"Merge pull request #77 from KengHian/branch-model-track-context","messageBody":"[KH1] Tracks context in ModelManager to update Ui","fileTypesAndContributionMap":{}},{"hash":"2e2d01c046f10174a05f8ff3aaac27beb5bc1750","isMergeCommit":true,"messageTitle":"Merge pull request #80 from KengHian/branch-two-word-listcomand","messageBody":"[KH1] Support two word ListComands","fileTypesAndContributionMap":{}},{"hash":"cf22d869651de1a5198719a7d12bc0db88878685","isMergeCommit":true,"messageTitle":"Merge pull request #81 from KengHian/branch-two-word-addcommand","messageBody":"Support two word AddCommands","fileTypesAndContributionMap":{}}]},{"date":"2024-10-15","commitResults":[{"hash":"a899aaf0b61b27653ee1003860f7e413911bddc8","isMergeCommit":false,"messageTitle":"refactor(?): Move Name and Address class to common package","messageBody":"","fileTypesAndContributionMap":{"functional-code":{"insertions":38,"deletions":182},"other":{"insertions":7,"deletions":7},"test-code":{"insertions":16,"deletions":74}}},{"hash":"985959a6a06f9d680b2cc30dc485c921274602e2","isMergeCommit":false,"messageTitle":"refactor: Rename Name references","messageBody":"","fileTypesAndContributionMap":{"functional-code":{"insertions":3,"deletions":3}}}]},{"date":"2024-10-16","commitResults":[{"hash":"4834b15f4a0263f3338a473dca08c52ca3230e93","isMergeCommit":false,"messageTitle":"test: Add basic Job tests","messageBody":"","fileTypesAndContributionMap":{"functional-code":{"insertions":1,"deletions":1},"test-code":{"insertions":483,"deletions":3}}},{"hash":"84b64ef39dd9989534a160a4aa0ee07c5ce54998","isMergeCommit":true,"messageTitle":"Merge from master","messageBody":"","fileTypesAndContributionMap":{}},{"hash":"edb7b1d2155cf6028fcbafaf941c42391b8c51e0","isMergeCommit":true,"messageTitle":"Merge branch \u0027branch-extract-name-address-to-common\u0027 into branch-add-basic-job-test","messageBody":"","fileTypesAndContributionMap":{}}]},{"date":"2024-10-17","commitResults":[{"hash":"9d2e3c68851b1f99058556e2ccba221cd3a61e78","isMergeCommit":true,"messageTitle":"Merge pull request #93 from wassilililily/branch-add-tests","messageBody":"Branch add DeleteCompanyCommandTest","fileTypesAndContributionMap":{}},{"hash":"c15f960c748141433357fa63e85498039d85a1f6","isMergeCommit":true,"messageTitle":"Merge pull request #92 from AlekKwek18/add-screen-job","messageBody":"Add ScreenCommand and ScreenJobCommand","fileTypesAndContributionMap":{}},{"hash":"e156fdd4b4ece352b15b70f0fd28e122bd31a666","isMergeCommit":false,"messageTitle":"test: Fix test JobBuilder","messageBody":"","fileTypesAndContributionMap":{"test-code":{"insertions":3,"deletions":1}}},{"hash":"fc470dd5ab53d0d56ed92ec74314e7be7ef111ce","isMergeCommit":true,"messageTitle":"Merge pull request #95 from KengHian/branch-v1.3-temp-fix","messageBody":"test: Fix test JobBuilder","fileTypesAndContributionMap":{}},{"hash":"a3567bf832c004568f31a2448c26e38c594881fc","isMergeCommit":false,"messageTitle":"chore: Update app version to v1.3","messageBody":"","fileTypesAndContributionMap":{"functional-code":{"insertions":1,"deletions":1}}},{"hash":"0f32b37cf74f20cbb86bebe4725b9d1649889244","isMergeCommit":true,"messageTitle":"Merge pull request #96 from KengHian/branch-update-app-version-to-v1.3","messageBody":"chore: Update app version to v1.3","tags":["v1.3"],"fileTypesAndContributionMap":{}}]},{"date":"2024-10-18","commitResults":[{"hash":"eb701d84a490d65ed54391aee57c5588c8b52d49","isMergeCommit":true,"messageTitle":"Merge from master","messageBody":"","fileTypesAndContributionMap":{}},{"hash":"bd69b9a724d81017307889a67a00acb8c6f733c6","isMergeCommit":false,"messageTitle":"chore: Resolve merge conflict","messageBody":"","fileTypesAndContributionMap":{"functional-code":{"insertions":3,"deletions":7},"test-code":{"insertions":6,"deletions":6}}},{"hash":"913267e1f1784b74e21a605313712a34990d6d79","isMergeCommit":true,"messageTitle":"Merge pull request #91 from KengHian/branch-extract-name-address-to-common","messageBody":"[Refactor] Abstract all common information fields into another sub-package","fileTypesAndContributionMap":{}},{"hash":"c11eedf8647bbb21023cce5196a0963b1f81de16","isMergeCommit":true,"messageTitle":"Merge from master","messageBody":"","fileTypesAndContributionMap":{}}]},{"date":"2024-10-20","commitResults":[{"hash":"8dcfd9a26d89f242042c802d91f3793b30de706f","isMergeCommit":false,"messageTitle":"test: Add basic test for Job, Salary \u0026 JobList","messageBody":"","fileTypesAndContributionMap":{"functional-code":{"insertions":1,"deletions":1},"other":{"insertions":4,"deletions":0},"test-code":{"insertions":47,"deletions":47}}},{"hash":"15eaa72ffd51547f3995f49efbd14b1644533670","isMergeCommit":false,"messageTitle":"chore: Disable assertion in build.gradle","messageBody":"","fileTypesAndContributionMap":{"other":{"insertions":0,"deletions":4}}},{"hash":"f50682e3469a62a5a01dcf3e3c267da6d0426547","isMergeCommit":false,"messageTitle":"feat: Display all 3 lists together in UI","messageBody":"","fileTypesAndContributionMap":{"functional-code":{"insertions":23,"deletions":57}}}]},{"date":"2024-10-22","commitResults":[{"hash":"e5419942240aab68ceab55b91347128e6e3939fe","isMergeCommit":false,"messageTitle":"feat: Match contacts with jobs","messageBody":"","fileTypesAndContributionMap":{"functional-code":{"insertions":320,"deletions":2}}},{"hash":"b11d777563633885cef4622112dff79b12232406","isMergeCommit":false,"messageTitle":"chore: Fix style errors and tests","messageBody":"","fileTypesAndContributionMap":{"functional-code":{"insertions":54,"deletions":76},"test-code":{"insertions":11,"deletions":1}}},{"hash":"591e2a0fc4cd29a59d98a969172a92490be91d9f","isMergeCommit":false,"messageTitle":"feat: Implement method to get Job and Person identifier","messageBody":"","fileTypesAndContributionMap":{"functional-code":{"insertions":14,"deletions":3}}},{"hash":"a8a8327f5bb27a2d76ab7dfa03d924d0b26fdefa","isMergeCommit":false,"messageTitle":"feat: Use Optional for Person match","messageBody":"","fileTypesAndContributionMap":{"functional-code":{"insertions":13,"deletions":13}}},{"hash":"968c6b908e670b56fef2f4e8b226a42d2dad421e","isMergeCommit":false,"messageTitle":"fix: Remove debugging code","messageBody":"","fileTypesAndContributionMap":{"functional-code":{"insertions":13,"deletions":16}}},{"hash":"f4d66cf43157a0f82c706e2d35bda52d654d9737","isMergeCommit":false,"messageTitle":"fix: fix bugs","messageBody":"","fileTypesAndContributionMap":{"functional-code":{"insertions":9,"deletions":10}}},{"hash":"a949f3bdc34db4b6c0da5dd418d691ef2e45c7f1","isMergeCommit":false,"messageTitle":"fix: Fix formatting and dead code","messageBody":"","fileTypesAndContributionMap":{"functional-code":{"insertions":15,"deletions":11},"test-code":{"insertions":1,"deletions":1}}},{"hash":"785a97a68822b943a2c58a188b3e09000f60c8f4","isMergeCommit":true,"messageTitle":"Merge pull request #105 from AY2425S1-CS2103-F13-4/branch-ui-display-three-lists","messageBody":"feat: Display all 3 lists together in UI","fileTypesAndContributionMap":{}},{"hash":"975db4c6d79d115c452d6ee2b8a13d09aa69dc8d","isMergeCommit":true,"messageTitle":"Merge pull request #114 from AY2425S1-CS2103-F13-4/branch-match-command","messageBody":"Branch match command","fileTypesAndContributionMap":{}},{"hash":"aefc09b280445da6bf57494b557b174e9e308acb","isMergeCommit":true,"messageTitle":"Merge from master","messageBody":"","fileTypesAndContributionMap":{}},{"hash":"8a5c8cd52329d15c42fc1a346c48ac3c2073a272","isMergeCommit":true,"messageTitle":"Merge pull request #104 from KengHian/branch-add-basic-job-test","messageBody":"Basic Test cases for Job Entity","fileTypesAndContributionMap":{}}]},{"date":"2024-10-23","commitResults":[{"hash":"9bc0dbfa3dc2023814f47873d9d88f0fc2225d5b","isMergeCommit":false,"messageTitle":"style: Fix MatchComand JavaDoc","messageBody":"","fileTypesAndContributionMap":{"functional-code":{"insertions":5,"deletions":5}}}]},{"date":"2024-10-24","commitResults":[{"hash":"ffebc0313c508dac5b79ec21f8a3ae71c02ba1a5","isMergeCommit":false,"messageTitle":"style: Fix checkstyle for v1.4 release","messageBody":"","fileTypesAndContributionMap":{"functional-code":{"insertions":1,"deletions":1}}},{"hash":"05e7a218c061785b65c9e243b8fb584c0901ae32","isMergeCommit":true,"messageTitle":"Merge pull request #127 from AY2425S1-CS2103-F13-4/branch-quick-fix-checkstyle-v1.4","messageBody":"style: Fix checkstyle for v1.4 release","tags":["v1.4"],"fileTypesAndContributionMap":{}},{"hash":"8e7af24c665b8353be6c7866781a20094df323ff","isMergeCommit":false,"messageTitle":"chore: Enable assertion in build.gradle","messageBody":"","fileTypesAndContributionMap":{"other":{"insertions":4,"deletions":0}}}]},{"date":"2024-10-27","commitResults":[{"hash":"35eeb40437ae573d483654816ab965c025f692a8","isMergeCommit":false,"messageTitle":"docs: Update KH portfolio as of v1.4","messageBody":"","fileTypesAndContributionMap":{"docs":{"insertions":22,"deletions":7}}},{"hash":"657a117d66a1e2664e3552d44b535abc99ebf0e3","isMergeCommit":true,"messageTitle":"Merge pull request #130 from AY2425S1-CS2103-F13-4/branch-update-kh-portfolio-v1.4","messageBody":"docs: Update KH portfolio as of v1.4","fileTypesAndContributionMap":{}}]}],"Green-Tea-123":[{"date":"2024-09-30","commitResults":[{"hash":"fc8324ffeed0ad318f81ed372a110184df3470c3","isMergeCommit":false,"messageTitle":"Docs: Update Jun Boon\u0027s About Us page","messageBody":"","fileTypesAndContributionMap":{"docs":{"insertions":29,"deletions":2}}}]},{"date":"2024-10-04","commitResults":[{"hash":"1ce227e0b5afdcdf8c4433b5b25c954fde6d465a","isMergeCommit":true,"messageTitle":"Merge pull request #44 from Quasant/DG-Usecases","messageBody":"Add \"Add contact\" usecase","fileTypesAndContributionMap":{}},{"hash":"44bf2239096b01f4bbe1e5e8c92d613e7dff4199","isMergeCommit":false,"messageTitle":"Add use cases for company features","messageBody":"","fileTypesAndContributionMap":{"docs":{"insertions":49,"deletions":17}}}]},{"date":"2024-10-06","commitResults":[{"hash":"c435e407fdeff33fad5b06272b09e3b1f9d7f33a","isMergeCommit":false,"messageTitle":"Add company class and companion classes","messageBody":"","fileTypesAndContributionMap":{"functional-code":{"insertions":353,"deletions":4}}},{"hash":"59009d2de8be9e753728fe4cc16ba283e2961322","isMergeCommit":false,"messageTitle":"Add tests and testing utilities for company class","messageBody":"","fileTypesAndContributionMap":{"functional-code":{"insertions":1,"deletions":0},"test-code":{"insertions":191,"deletions":0}}},{"hash":"0cdc8f51e793aa2b14605d9f8f4e6574f61a6b7a","isMergeCommit":false,"messageTitle":"Fix check-style errors in company classes","messageBody":"","fileTypesAndContributionMap":{"functional-code":{"insertions":5,"deletions":5}}},{"hash":"3f2caa01de5be145110e37747699e8d06cd51864","isMergeCommit":false,"messageTitle":"Fix check-style error in company again","messageBody":"","fileTypesAndContributionMap":{"functional-code":{"insertions":1,"deletions":1}}},{"hash":"04f75f1fde8b0b286487fef3f58ef585afcaa859","isMergeCommit":false,"messageTitle":"Fix check-style for company test classes","messageBody":"","fileTypesAndContributionMap":{"test-code":{"insertions":36,"deletions":8}}},{"hash":"afd5acd3a86db3241623dd5edfe83b52a36bb2b0","isMergeCommit":false,"messageTitle":"Fix remaining check-style error in CompanyTest class","messageBody":"","fileTypesAndContributionMap":{"test-code":{"insertions":1,"deletions":0}}},{"hash":"7421ea6a87d2e2a9e826cdaabb2ba7e08135d30d","isMergeCommit":false,"messageTitle":"Update company test classes to hit PR test coverage","messageBody":"","fileTypesAndContributionMap":{"test-code":{"insertions":39,"deletions":0}}}]},{"date":"2024-10-08","commitResults":[{"hash":"cd5149f53f6750acf609209b82ad8a7959bf459e","isMergeCommit":false,"messageTitle":"Add List companies command and update functional classes to match","messageBody":"","fileTypesAndContributionMap":{"functional-code":{"insertions":377,"deletions":6}}},{"hash":"b1a1f00ec423eb151c4a83170deb78cb2cc89e20","isMergeCommit":false,"messageTitle":"Add list companies command and model functionality","messageBody":"","fileTypesAndContributionMap":{"functional-code":{"insertions":197,"deletions":15}}},{"hash":"b03f8a91177229ae8f82043f7609f4f717dfd349","isMergeCommit":false,"messageTitle":"Fix some existing test classes after integration of company","messageBody":"","fileTypesAndContributionMap":{"test-code":{"insertions":49,"deletions":2}}},{"hash":"bad925f620c2898e68aeda935a1f1ef596853607","isMergeCommit":false,"messageTitle":"Add test class for JsonAdaptedCompany and fixed bug with toString in BillingDate","messageBody":"","fileTypesAndContributionMap":{"functional-code":{"insertions":5,"deletions":0},"test-code":{"insertions":95,"deletions":0}}},{"hash":"cdef3dfd4113aec982a6bdd85d79d115394edcdf","isMergeCommit":false,"messageTitle":"Fix check-style for json adapted company","messageBody":"","fileTypesAndContributionMap":{"test-code":{"insertions":1,"deletions":1}}},{"hash":"c2252d2639b8d39844f0ff44c04b5898fa55e2e9","isMergeCommit":false,"messageTitle":"Add test class for ListCompanyCommand and fix bugs with other company classes","messageBody":"","fileTypesAndContributionMap":{"functional-code":{"insertions":2,"deletions":2},"test-code":{"insertions":32,"deletions":0}}},{"hash":"59c00620f669c894ad9a4b439a0ea6c0aa3cc4f5","isMergeCommit":false,"messageTitle":"Revert \"Merge branch \u0027branch-delete-company\u0027 into branch-list-companies\"","messageBody":"This reverts commit dafcb3727cc1b56c19b882332e468972d9485341, reversing\nchanges made to c2252d2639b8d39844f0ff44c04b5898fa55e2e9.\n","fileTypesAndContributionMap":{"functional-code":{"insertions":0,"deletions":102},"docs":{"insertions":0,"deletions":2}}}]},{"date":"2024-10-10","commitResults":[{"hash":"6a96cc3461d24bfb5c1607edf309d6e4776a976d","isMergeCommit":false,"messageTitle":"Use isSameCompany and other minor fixes","messageBody":"","fileTypesAndContributionMap":{"functional-code":{"insertions":22,"deletions":7},"test-code":{"insertions":22,"deletions":10}}},{"hash":"74e1f743710fc263a25d59844b40aed93a46903b","isMergeCommit":false,"messageTitle":"Fix JavaDoc comment for Company","messageBody":"","fileTypesAndContributionMap":{"functional-code":{"insertions":7,"deletions":1}}},{"hash":"648614d3430b2644fec3404af61ba7fc2e4758da","isMergeCommit":true,"messageTitle":"Merge pull request #65 from Green-Tea-123/branch-list-companies","messageBody":"Add List companies command and update functional classes to match","fileTypesAndContributionMap":{}}]},{"date":"2024-10-12","commitResults":[{"hash":"d9037af21493c47aa13415cbf569783572561c73","isMergeCommit":true,"messageTitle":"Merge pull request #82 from KengHian/branch-update-jobsalary-ui-text","messageBody":"Job Card UI display Salary with formatted string","fileTypesAndContributionMap":{}}]},{"date":"2024-10-13","commitResults":[{"hash":"bf8bc8bc4566ae537a8cb68c83e375df8e4111c7","isMergeCommit":true,"messageTitle":"Merge branch \u0027branch-two-word-addcommand\u0027 of https://github.com/KengHian/tp into branch-add-company-command","messageBody":"","fileTypesAndContributionMap":{}},{"hash":"7916d3f2fe8b2c217828f3ee2993a0dc4cbc6faf","isMergeCommit":false,"messageTitle":"Add functionality to add companies","messageBody":"","fileTypesAndContributionMap":{"functional-code":{"insertions":106,"deletions":5}}}]},{"date":"2024-10-14","commitResults":[{"hash":"b676609710ef7850b0956425c17d55577e1273ce","isMergeCommit":false,"messageTitle":"Update ParserUtilTest to test company specific parsing functions","messageBody":"","fileTypesAndContributionMap":{"test-code":{"insertions":53,"deletions":1}}},{"hash":"5949f936b9c9d4e5719764941c27790611e4838a","isMergeCommit":false,"messageTitle":"Add test class for AddCompanyCommand","messageBody":"","fileTypesAndContributionMap":{"test-code":{"insertions":264,"deletions":0}}},{"hash":"006bd738dfc11f32dadcbb4a8fda24025cdcca40","isMergeCommit":true,"messageTitle":"Merge branch \u0027master\u0027 into branch-add-company-command","messageBody":"","fileTypesAndContributionMap":{}},{"hash":"0092fe9f7342dea37236807c387984cfb22fa688","isMergeCommit":false,"messageTitle":"Fix minor check-style error","messageBody":"","fileTypesAndContributionMap":{"test-code":{"insertions":2,"deletions":2}}}]},{"date":"2024-10-16","commitResults":[{"hash":"98ad141a8f3611b1725da5d121f051668d6b4fc3","isMergeCommit":true,"messageTitle":"Merge pull request #84 from Green-Tea-123/branch-add-company-command","messageBody":"Branch add company command","fileTypesAndContributionMap":{}}]},{"date":"2024-10-19","commitResults":[{"hash":"57e996e8c32659774c2b231b9cc15e31ebfd2f18","isMergeCommit":true,"messageTitle":"Merge pull request #98 from AlekKwek18/update-user-guide-url","messageBody":"Update UserGuide URL","fileTypesAndContributionMap":{}}]},{"date":"2024-10-21","commitResults":[{"hash":"ae9f79fda600fd062ab6f06cbab4d26e59a87d20","isMergeCommit":false,"messageTitle":"Change jobCompany to extend name and to be a company\u0027s name","messageBody":"","fileTypesAndContributionMap":{"functional-code":{"insertions":35,"deletions":17},"test-code":{"insertions":0,"deletions":2}}}]},{"date":"2024-10-22","commitResults":[{"hash":"12baac5f87d99abbd2a57ee93a313ca5c4cab1bc","isMergeCommit":false,"messageTitle":"Update the storage classes for job to support company references","messageBody":"","fileTypesAndContributionMap":{"functional-code":{"insertions":27,"deletions":20}}},{"hash":"e5686364da4cb277b9ca727bb4c4738fe30e880d","isMergeCommit":false,"messageTitle":"Fix bug where deleting a company would not delete all jobs associated","messageBody":"","fileTypesAndContributionMap":{"functional-code":{"insertions":7,"deletions":4}}}]},{"date":"2024-10-23","commitResults":[{"hash":"544066f6116ab391a087317e30c887f48c6f4d9c","isMergeCommit":false,"messageTitle":"Add minor fixes from PR review","messageBody":"","fileTypesAndContributionMap":{"functional-code":{"insertions":3,"deletions":1}}},{"hash":"6815def886538789ee76abde311d768022a65ae8","isMergeCommit":true,"messageTitle":"Merge branch \u0027master\u0027 into branch-integrate-job-company-easy-way","messageBody":"# Conflicts:\n#\tsrc/main/java/seedu/address/model/job/Job.java\n#\tsrc/main/java/seedu/address/ui/MainWindow.java\n","fileTypesAndContributionMap":{}},{"hash":"13658a5c33726d3cf8edb9f5b4c86fc77a53c960","isMergeCommit":false,"messageTitle":"Fix removed import from merge conflict resolution","messageBody":"","fileTypesAndContributionMap":{"functional-code":{"insertions":1,"deletions":1}}},{"hash":"42fccb1ef379467db7fb9014e8ee4788afbb5c73","isMergeCommit":true,"messageTitle":"Merge pull request #113 from AY2425S1-CS2103-F13-4/branch-integrate-job-company-easy-way","messageBody":"Branch integrate job company easy way","fileTypesAndContributionMap":{}},{"hash":"3f56b73cf6ff8d284b7845447542213fc951b92d","isMergeCommit":true,"messageTitle":"Merge pull request #116 from AlekKwek18/fixe-skill-highlight","messageBody":"Fix Missing Highlight For GUI","fileTypesAndContributionMap":{}}]},{"date":"2024-10-24","commitResults":[{"hash":"01ce35f410cb9b58fa8900a16b075d5147d7fbb8","isMergeCommit":false,"messageTitle":"Fix bug in delete company\u0027s success message","messageBody":"","fileTypesAndContributionMap":{"functional-code":{"insertions":1,"deletions":1}}},{"hash":"02a187faa61b756c57f5a0023e96bbcb7297b8e4","isMergeCommit":true,"messageTitle":"Merge pull request #115 from AlekKwek18/unmatch-user-and-job","messageBody":"Add A Command To Unmatch User And Job","fileTypesAndContributionMap":{}},{"hash":"6942c9f92c012aa5c9f9695f6f2991913897f2ca","isMergeCommit":true,"messageTitle":"Merge pull request #117 from AY2425S1-CS2103-F13-4/branch-matchcommand-coding-standard","messageBody":"style: Fix MatchComand JavaDoc","fileTypesAndContributionMap":{}},{"hash":"6f1d9e4c80b40f483b8110f10f8c58c60251f561","isMergeCommit":true,"messageTitle":"Merge pull request #126 from Green-Tea-123/branch-fix-delete-company-message-bug","messageBody":"Fix bug in delete company\u0027s success message","fileTypesAndContributionMap":{}}]},{"date":"2024-10-25","commitResults":[{"hash":"7892ae29ee88f5c8afd97a276c5ff3ba3af046e2","isMergeCommit":true,"messageTitle":"Merge pull request #128 from AY2425S1-CS2103-F13-4/branch-enable-assertion-in-gradle","messageBody":"chore: Enable assertion in build.gradle","fileTypesAndContributionMap":{}}]},{"date":"2024-10-26","commitResults":[{"hash":"f76da486c44a38b9a242c5feecf1bc66813e38a2","isMergeCommit":false,"messageTitle":"Change Ui.png to our current ui appearance and some changes to the UG","messageBody":"","fileTypesAndContributionMap":{"docs":{"insertions":8,"deletions":4}}},{"hash":"e94b046e990c3b69f7437ff8a09bcba657c8e206","isMergeCommit":true,"messageTitle":"Merge branch \u0027master\u0027 of https://github.com/AY2425S1-CS2103-F13-4/tp","messageBody":"","fileTypesAndContributionMap":{}},{"hash":"80b02d0211dba50eb7f9790ef87163ab7ff336c2","isMergeCommit":false,"messageTitle":"Update existing contact portion of the User Guide","messageBody":"","fileTypesAndContributionMap":{"docs":{"insertions":32,"deletions":30}}},{"hash":"87a9e211b9ce7fe43f726e80d0af66732aaa08dc","isMergeCommit":false,"messageTitle":"Update User Guide with with commands to add, list, and delete jobs and companies","messageBody":"","fileTypesAndContributionMap":{"docs":{"insertions":63,"deletions":19}}}]},{"date":"2024-10-27","commitResults":[{"hash":"bf7686f37c20d7ed22b2c566ce9fc5db417a3928","isMergeCommit":false,"messageTitle":"Update User Guide to include all features added until v1.4","messageBody":"","fileTypesAndContributionMap":{"docs":{"insertions":119,"deletions":21}}},{"hash":"3d6b26c986795532f561cf452a2253edd54cf282","isMergeCommit":false,"messageTitle":"Update AboutUs.md and transfer quasant.md into its correct folder","messageBody":"","fileTypesAndContributionMap":{"docs":{"insertions":1,"deletions":1}}},{"hash":"1d2d67828b8c7cd37705d0f07df8ae59a439e607","isMergeCommit":false,"messageTitle":"Update green-tea-123.md with contributions up to v1.4","messageBody":"","fileTypesAndContributionMap":{"docs":{"insertions":39,"deletions":5}}}]},{"date":"2024-10-28","commitResults":[{"hash":"d24b17bbcee3dde43d34993a09e7cbc439c9836b","isMergeCommit":true,"messageTitle":"Merge pull request #131 from AY2425S1-CS2103-F13-4/branch-update-user-guide","messageBody":"Branch update user guide","fileTypesAndContributionMap":{}},{"hash":"554875f6afb635cf9c9b0ba6464ac1d23be5e539","isMergeCommit":false,"messageTitle":"Update contributions to include user guide updates","messageBody":"","fileTypesAndContributionMap":{"docs":{"insertions":2,"deletions":1}}},{"hash":"17a5a731110aba618366d3c1ce2b4657b4834b7e","isMergeCommit":true,"messageTitle":"Merge pull request #135 from AlekKwek18/update-dg","messageBody":"Update DeleteCommand UML In DG","fileTypesAndContributionMap":{}},{"hash":"dfd243faa65ce3f83f0925b844bd9507143faf8c","isMergeCommit":false,"messageTitle":"Update portfolio based on review","messageBody":"","fileTypesAndContributionMap":{"docs":{"insertions":1,"deletions":1}}},{"hash":"b0ce23387b4105f5c98475ee206a8685499378d0","isMergeCommit":true,"messageTitle":"Merge pull request #133 from AY2425S1-CS2103-F13-4/branch-update-JB-portfolio-v1.4","messageBody":"Docs: update JB portfolio as of v1.4","fileTypesAndContributionMap":{}},{"hash":"536b7efd6b4bab2e9e3c863e04d53ab784b02e58","isMergeCommit":false,"messageTitle":"Change billing date representation to make it more interpretable","messageBody":"","fileTypesAndContributionMap":{"functional-code":{"insertions":2,"deletions":2}}}]},{"date":"2024-10-29","commitResults":[{"hash":"1866258247d1bb19cbe7679ffaf13c9408fc241e","isMergeCommit":true,"messageTitle":"Merge pull request #145 from AY2425S1-CS2103-F13-4/branch-fix-billing-date-representation","messageBody":"Change billing date representation to make it more interpretable","fileTypesAndContributionMap":{}}]},{"date":"2024-10-31","commitResults":[{"hash":"8c0e028d0a4077e9d05020ea053ddcb325459542","isMergeCommit":true,"messageTitle":"Merge pull request #165 from AlekKwek18/fix-screen-command-bug","messageBody":"Fix screen command bug","fileTypesAndContributionMap":{}},{"hash":"73fa58b3cab08def062cca33ec944ec251852743","isMergeCommit":true,"messageTitle":"Merge pull request #174 from AlekKwek18/fix-dg-bug","messageBody":"Update Diagram in DG","fileTypesAndContributionMap":{}},{"hash":"8db919a75acc7ed035ead9c968acbbb219755d16","isMergeCommit":true,"messageTitle":"Merge pull request #172 from AlekKwek18/add-listall-command","messageBody":"Implement ListAllCommand to list all entities at once","fileTypesAndContributionMap":{}}]}],"AlekKwek18":[{"date":"2024-09-20","commitResults":[{"hash":"80198f98e256590c9765b00cdfe15654d29b066e","isMergeCommit":false,"messageTitle":"Update index.md","messageBody":"","fileTypesAndContributionMap":{"docs":{"insertions":7,"deletions":5}}},{"hash":"a4b4d35a16280ea1331ed87f2a8e673a17dc4ea6","isMergeCommit":true,"messageTitle":"Merge pull request #1 from AlekKwek18/master","messageBody":"Update index.md","fileTypesAndContributionMap":{}},{"hash":"92211fc2452e0ded45c3885f5774f80e70b2053e","isMergeCommit":false,"messageTitle":"Update AboutUs.md","messageBody":"","fileTypesAndContributionMap":{"docs":{"insertions":0,"deletions":0}}},{"hash":"e3019faa190b3fd6df1274a88f5d0a13e8397a81","isMergeCommit":false,"messageTitle":"Add AboutUs.md","messageBody":"","fileTypesAndContributionMap":{"docs":{"insertions":59,"deletions":0}}},{"hash":"f8b28cde84ff6facf1c376335ebbb8c830d3eaf5","isMergeCommit":true,"messageTitle":"Merge pull request #2 from AlekKwek18/master","messageBody":"Add and update AboutUs.md","fileTypesAndContributionMap":{}},{"hash":"7e1905298b4671e1cd3381271badb84c1a245d9d","isMergeCommit":false,"messageTitle":"Update config.yml","messageBody":"","fileTypesAndContributionMap":{"other":{"insertions":1,"deletions":1}}},{"hash":"d7355050a6eb7de6038aafe5113b0323b85fd746","isMergeCommit":false,"messageTitle":"Update config.yml","messageBody":"","fileTypesAndContributionMap":{"other":{"insertions":1,"deletions":1}}},{"hash":"5893d7820eff5c82a92c676cbd50391eae33d5cc","isMergeCommit":true,"messageTitle":"Merge pull request #3 from AlekKwek18/master","messageBody":"Update config.yml","fileTypesAndContributionMap":{}}]},{"date":"2024-09-30","commitResults":[{"hash":"4a213f2f8929d68d75c8ea3144392ccc5f1610d3","isMergeCommit":false,"messageTitle":"Update AboutUs.md with Alek\u0027s Details","messageBody":"","fileTypesAndContributionMap":{"docs":{"insertions":18,"deletions":4}}},{"hash":"d9c6e59f0101091e8bc954ef0ab9a655ef53a0c7","isMergeCommit":true,"messageTitle":"Merge pull request #13 from KengHian/branch-update-kenghian-aboutus","messageBody":"Update Keng Hian\u0027s About Us page","fileTypesAndContributionMap":{}},{"hash":"1d07d0dfbfca7ce78a99abce0dc55345d7fedb3d","isMergeCommit":true,"messageTitle":"Merge pull request #32 from Green-Tea-123/branch-update-junboon-aboutus","messageBody":"Docs: Update Jun Boon\u0027s About Us page","fileTypesAndContributionMap":{}},{"hash":"4cc82d06375a08764fe08fbd23d7fb6036368fe0","isMergeCommit":false,"messageTitle":"Update alwkkwek18.md","messageBody":"","fileTypesAndContributionMap":{"docs":{"insertions":16,"deletions":4}}},{"hash":"bda99fdc2fc3150bbe70aa1468c7cbc9dadea0ff","isMergeCommit":true,"messageTitle":"Merge pull request #35 from Quasant/branch-about-us","messageBody":"Add Ben\u0027s About Us page and added quasant.md","fileTypesAndContributionMap":{}},{"hash":"a0fba2c859e617ca0630fc800bc90cc6e485c1f5","isMergeCommit":true,"messageTitle":"Merge pull request #36 from AlekKwek18/update-alek-about-us","messageBody":"Docs: Update AboutUs.md with Alek\u0027s Details","fileTypesAndContributionMap":{}},{"hash":"731c17739f5d95694d719ca3803c8b2756a0a98e","isMergeCommit":true,"messageTitle":"Merge branch \u0027master\u0027 into update-about-us-page","messageBody":"","fileTypesAndContributionMap":{}},{"hash":"8cc5b25792d179352e60c3ae5bc131b401a6ce21","isMergeCommit":true,"messageTitle":"Merge pull request #37 from wassilililily/update-about-us-page","messageBody":"Update Ze Wei\u0027s About Us page","fileTypesAndContributionMap":{}},{"hash":"af466410435f42058b36c48475bb1636ba850f9d","isMergeCommit":true,"messageTitle":"Merge pull request #16 from KengHian/branch-update-readme-tc","messageBody":"[W7 tP task] Update README page to match your project","fileTypesAndContributionMap":{}},{"hash":"2da85fbaa33bff9f1553284475a8d64e026d38b4","isMergeCommit":true,"messageTitle":"Merge pull request #17 from KengHian/branch-update-setting-tc","messageBody":"[W7 tP task] Update site-wide settings to match your project","fileTypesAndContributionMap":{}},{"hash":"dbe4feb470a71008f41ef8c1901d3ecdfcb96250","isMergeCommit":true,"messageTitle":"Merge pull request #19 from KengHian/branch-update-dg-product-scope","messageBody":"Update DG Product Scope to match TalentConnect","fileTypesAndContributionMap":{}},{"hash":"6249f7fd7357cf952b7861924c6c24e0118a1b9f","isMergeCommit":true,"messageTitle":"Merge pull request #31 from KengHian/branch-update-dg-screen-job","messageBody":"Update DG \"must have\" user stories of TC","fileTypesAndContributionMap":{}}]},{"date":"2024-10-04","commitResults":[{"hash":"125e7dca64eb0436c8e45c78417209d8f6228114","isMergeCommit":false,"messageTitle":"Update Delete Contact Docs","messageBody":"","fileTypesAndContributionMap":{"docs":{"insertions":9,"deletions":7}}},{"hash":"cdf2f66fd52603791b150808780c4e7cf3befe9b","isMergeCommit":true,"messageTitle":"Merge pull request #45 from Green-Tea-123/branch-add-company-use-cases","messageBody":"Add use cases for company features","fileTypesAndContributionMap":{}},{"hash":"01d35dc065e5d343262bad6f74df0fbe123d1760","isMergeCommit":true,"messageTitle":"Merge pull request #46 from AlekKwek18/add-use-case-for-contacts","messageBody":"Update Delete Contact Use Case Docs","fileTypesAndContributionMap":{}}]},{"date":"2024-10-08","commitResults":[{"hash":"16369e904a89ae2b7dd1059de6dce60ad83c0a62","isMergeCommit":false,"messageTitle":"Refactor Delete Contact","messageBody":"","fileTypesAndContributionMap":{"functional-code":{"insertions":99,"deletions":17}}},{"hash":"ebe07c997f8ad59d6cd1efedb199e374dd5df21e","isMergeCommit":false,"messageTitle":"Fix DeleteContactCommand Bug","messageBody":"","fileTypesAndContributionMap":{"functional-code":{"insertions":26,"deletions":11}}},{"hash":"856446e37e39f17efcf3057fee85b294ec7e7c23","isMergeCommit":true,"messageTitle":"Merge branch \u0027master\u0027 into update-delete-command","messageBody":"","fileTypesAndContributionMap":{}}]},{"date":"2024-10-09","commitResults":[{"hash":"79fc44856bd681569ca4a175ab5fad8411c8697a","isMergeCommit":false,"messageTitle":"Fix Delete Contact Outcome Not Showing","messageBody":"","fileTypesAndContributionMap":{"functional-code":{"insertions":5,"deletions":6}}},{"hash":"1370dc853222336273b95081571455d2fe841769","isMergeCommit":false,"messageTitle":"Refactor Delete Contact Testcases","messageBody":"","fileTypesAndContributionMap":{"functional-code":{"insertions":9,"deletions":9},"other":{"insertions":11,"deletions":6},"test-code":{"insertions":9,"deletions":7}}},{"hash":"065d39f5b4f953672fc15bbf426ea919953dca75","isMergeCommit":false,"messageTitle":"Fix Checkstyle in AddressBookParserTest","messageBody":"","fileTypesAndContributionMap":{"test-code":{"insertions":1,"deletions":1}}},{"hash":"1aecc3cb543c836c8b932029dec7533644924ea3","isMergeCommit":false,"messageTitle":"Remove Variable in AddressBookParserTest","messageBody":"","fileTypesAndContributionMap":{"test-code":{"insertions":1,"deletions":2}}},{"hash":"1cb5705bb35fe7d9ee62f2d14d341cb526f607a1","isMergeCommit":false,"messageTitle":"Refactor DeleteCommand to abstract class","messageBody":"","fileTypesAndContributionMap":{"functional-code":{"insertions":22,"deletions":8}}},{"hash":"9b0b383369a77f8d57180e1bebdb03e5e3e65104","isMergeCommit":false,"messageTitle":"Update Messages Class","messageBody":"","fileTypesAndContributionMap":{"functional-code":{"insertions":2,"deletions":2}}},{"hash":"483ae40889f363c20fd8fc90a37af8636aeb96c8","isMergeCommit":false,"messageTitle":"Update Test Cases for Messages","messageBody":"","fileTypesAndContributionMap":{"functional-code":{"insertions":1,"deletions":1},"test-code":{"insertions":4,"deletions":4}}},{"hash":"e5f23f88fda9167831991142c8b9f20512c4ebfa","isMergeCommit":false,"messageTitle":"Refactor DeleteContactCommand","messageBody":"","fileTypesAndContributionMap":{"functional-code":{"insertions":24,"deletions":57},"other":{"insertions":17,"deletions":17}}},{"hash":"12bf65799d54f7064fe1c7fcd556084d8d4457a2","isMergeCommit":false,"messageTitle":"Fix DeleteCommandParser","messageBody":"","fileTypesAndContributionMap":{"functional-code":{"insertions":2,"deletions":2}}}]},{"date":"2024-10-10","commitResults":[{"hash":"29d001f87164e6aa3935b43a3754afbafa31cee9","isMergeCommit":false,"messageTitle":"Create Add Contact Logic","messageBody":"","fileTypesAndContributionMap":{"functional-code":{"insertions":422,"deletions":167},"test-code":{"insertions":41,"deletions":43}}},{"hash":"284e8a7df64052dcb2f2bbd97b0b7e06bdf529a1","isMergeCommit":false,"messageTitle":"Fix Add Contact Bug","messageBody":"","fileTypesAndContributionMap":{"functional-code":{"insertions":21,"deletions":16},"test-code":{"insertions":2,"deletions":2}}},{"hash":"3c76eec7bc1bedc5ceb5731a2c1c458cb7d39917","isMergeCommit":false,"messageTitle":"Update Test Cases for Add Contact","messageBody":"","fileTypesAndContributionMap":{"other":{"insertions":3,"deletions":3},"test-code":{"insertions":77,"deletions":80}}},{"hash":"517d366fbd441c5dcbf30b855dc3a10d9f0f0d9a","isMergeCommit":false,"messageTitle":"Fix Checkstyle","messageBody":"","fileTypesAndContributionMap":{"functional-code":{"insertions":1,"deletions":4}}},{"hash":"e88a3b76f09e82b6faae7a0cbe48a391ff50e73b","isMergeCommit":false,"messageTitle":"Refactor Contact Test Cases","messageBody":"","fileTypesAndContributionMap":{"test-code":{"insertions":19,"deletions":19}}},{"hash":"f6d93830a09b6ca7fb735542c01341e157829c81","isMergeCommit":false,"messageTitle":"Fix Checkstyle Issues In Test Cases","messageBody":"","fileTypesAndContributionMap":{"other":{"insertions":6,"deletions":6},"test-code":{"insertions":15,"deletions":8}}},{"hash":"08e22071420706e2d1327690cdb0c6437c926732","isMergeCommit":false,"messageTitle":"Fix AddContactCommand Test Cases","messageBody":"","fileTypesAndContributionMap":{"functional-code":{"insertions":10,"deletions":13},"test-code":{"insertions":186,"deletions":172}}},{"hash":"c6d03a1c724dc6d90d7960274b9fbd117ae57dd6","isMergeCommit":true,"messageTitle":"Merge branch \u0027master\u0027 into refactor-add-contact-command","messageBody":"# Conflicts:\n#\tsrc/main/java/seedu/address/logic/parser/AddressBookParser.java\n#\tsrc/main/java/seedu/address/logic/parser/CliSyntax.java\n","fileTypesAndContributionMap":{}},{"hash":"29d76613af061998f5798d6438ab429252fe66a6","isMergeCommit":false,"messageTitle":"Fix Comments","messageBody":"","fileTypesAndContributionMap":{"functional-code":{"insertions":3,"deletions":3}}},{"hash":"afdfe91dd5d5872d39829976b055c667e3c7ac6d","isMergeCommit":true,"messageTitle":"Merge pull request #66 from AlekKwek18/update-delete-command","messageBody":"Refactor Delete Command to Delete Contact Command","fileTypesAndContributionMap":{}},{"hash":"b355fe17e633a6feafbb8f4c72e2a959d1fca345","isMergeCommit":true,"messageTitle":"Merge branch \u0027master\u0027 of https://github.com/AlekKwek18/tp into refactor-add-contact-command","messageBody":"","fileTypesAndContributionMap":{}}]},{"date":"2024-10-11","commitResults":[{"hash":"589b5179c6c5724259899459093a3f1730fb9e90","isMergeCommit":true,"messageTitle":"Merge pull request #76 from AlekKwek18/refactor-add-contact-command","messageBody":"","fileTypesAndContributionMap":{}}]},{"date":"2024-10-16","commitResults":[{"hash":"a606d495724f8f492bad1a1448407976b9ae8dd0","isMergeCommit":false,"messageTitle":"Add ScreenCommand and ScreenJobCommand","messageBody":"","fileTypesAndContributionMap":{"functional-code":{"insertions":151,"deletions":0}}},{"hash":"b31d0124bdcbb29378518eb89c4837295c821ee0","isMergeCommit":false,"messageTitle":"Fix Checkstyle And Code Quality","messageBody":"","fileTypesAndContributionMap":{"functional-code":{"insertions":19,"deletions":42}}}]},{"date":"2024-10-17","commitResults":[{"hash":"767fd36c2428802aec3997e0db061c0d5b4b4b51","isMergeCommit":false,"messageTitle":"Fix ScreenCommand And ScreenJobCommand","messageBody":"Currently, there are some check style and code quality issues.\n\nAddress these issues by refactoring the ScreenJobCommand logic from\ncomparing strings to using a predicate. In addition, resolve Javadocs\nissues.\n\nThis refactor prepares ScreenCommand for future iterations where it\nwill be refactored to use generics.\n\nThis approach enhances the code structure without affecting\nfunctionality, setting the stage for future improvements\nwhile maintaining the current stability\nand passing check style validation.\n","fileTypesAndContributionMap":{"functional-code":{"insertions":29,"deletions":17}}},{"hash":"78f1bb80dcbc0c6ee6e4a0643b79ef4498ba6c9a","isMergeCommit":false,"messageTitle":"Fix ScreenCommandParser","messageBody":"Currently, there is a bug in the code where if the user type\n\"screen 1\" it will show a message stating that the index is missing,\nwhich is not correct.\n\nAddress the issue by fixing the bug displaying the exception message.\n\nThis ensures that the appropriate exception message is shown.\n","fileTypesAndContributionMap":{"functional-code":{"insertions":5,"deletions":5}}},{"hash":"3f946ebbfe316351b91ce4184f61bbd557478042","isMergeCommit":false,"messageTitle":"Add Equals Method in ScreenJobCommand","messageBody":"","fileTypesAndContributionMap":{"functional-code":{"insertions":19,"deletions":0}}},{"hash":"38d6375c02d0f74929477c7ffccf4ce085912071","isMergeCommit":false,"messageTitle":"Fix ScreenCommandParser","messageBody":"","fileTypesAndContributionMap":{"functional-code":{"insertions":4,"deletions":7}}},{"hash":"cabf7ef782a1295610904ba6f92e21897136cc8f","isMergeCommit":false,"messageTitle":"Add ScreenCommandParserTest","messageBody":"","fileTypesAndContributionMap":{"test-code":{"insertions":44,"deletions":0}}},{"hash":"25c83f5978e795aa11ec434dc35b4bcd5cea70cf","isMergeCommit":true,"messageTitle":"Merge branch \u0027master\u0027 of https://github.com/AlekKwek18/tp into add-screen-job","messageBody":"","fileTypesAndContributionMap":{}},{"hash":"cd1b28dc191b073f1a8d02a56c636925526a3a27","isMergeCommit":false,"messageTitle":"Fix ScreenCommandPasrer Logic","messageBody":"","fileTypesAndContributionMap":{"functional-code":{"insertions":1,"deletions":1}}},{"hash":"7aae54993a5dac9f59403c8cd61378bb4a3815e7","isMergeCommit":false,"messageTitle":"Add JobBuilder and TypicalJobs for testing","messageBody":"","fileTypesAndContributionMap":{"test-code":{"insertions":75,"deletions":0}}},{"hash":"bbeea8a0e0ec4d2d514626d27f343cb157e2b5b3","isMergeCommit":false,"messageTitle":"Add ScreenJobCommandTest Skeleton Code","messageBody":"","fileTypesAndContributionMap":{"test-code":{"insertions":25,"deletions":0}}}]},{"date":"2024-10-18","commitResults":[{"hash":"ea35d51085373ea9c2c714add4da340555a6dd03","isMergeCommit":false,"messageTitle":"Update UserGuide URL","messageBody":"","fileTypesAndContributionMap":{"functional-code":{"insertions":1,"deletions":1}}}]},{"date":"2024-10-22","commitResults":[{"hash":"84235d367dd3ea2f03cbc1ac65eb0adc72f8f319","isMergeCommit":true,"messageTitle":"Merge branch \u0027master\u0027 into unmatch-user-and-company","messageBody":"","fileTypesAndContributionMap":{}}]},{"date":"2024-10-23","commitResults":[{"hash":"75cc10e3de9ba683cc3240839e67ad9a2d0f829c","isMergeCommit":false,"messageTitle":"Add UnmatchCommand","messageBody":"Currently, there is a match command that associates the contact to a\njob based on their respective ID.\n\nHowever, there is no way to un match a contact from the job.\n\nCreating a UnmatchCommand class enables the user to un match a\ncandidate from their job.\n\nList of files added:\n- UnmatchCommand.java - the main logic in un matching the contact and\nthe job\n- UnmatchCommandParser.java - the parser which process user input\nbefore sending it to UnmatchCommand.java\n\nfiles edited:\n- AddressBookParser.java - Added UnmatchCommandParser.java so it is\nvisible to the addressbook\n","fileTypesAndContributionMap":{"functional-code":{"insertions":191,"deletions":0}}},{"hash":"2a07d6d0ae2ea38565335894c52ec8c1c1a8b2b4","isMergeCommit":false,"messageTitle":"Fix Missing Highlight For GUI","messageBody":"The GUI does not show highlights for skills and requirements.\n\nFix the styling issue to have better UI experience.\n\nUpdate DarkTheme.css to include skills and requirements.\n","fileTypesAndContributionMap":{"functional-code":{"insertions":17,"deletions":3}}},{"hash":"6c3cbd65e0d065bea25893c82287f98fe26260d9","isMergeCommit":true,"messageTitle":"Merge branch \u0027master\u0027 into unmatch-user-and-job","messageBody":"","fileTypesAndContributionMap":{}}]},{"date":"2024-10-24","commitResults":[{"hash":"2bef0ff19321050c72651f744b2f897b4856041b","isMergeCommit":false,"messageTitle":"Refactor Variable Names in MatchCommand","messageBody":"Currently, the two variables jobName and contactName in the\nMatchCommand class are used to represent the identifiers of\njobs and contacts. However, these names can be misleading,\nas they suggest the variables represent the actual names of the job\nand contact, rather than their unique identifiers.\n\nThis commit refactors the variable names:\n- jobName → jobIdentifier\n- contactName → contactIdentifier\n\nThis change improves code clarity and reflects the actual role\nof these variables, ensuring better understanding\nand avoiding potential confusion in the future.\n","fileTypesAndContributionMap":{"functional-code":{"insertions":4,"deletions":4}}},{"hash":"9babccd8c7c7ebcb30ff20d3d90c273d07d3cf5b","isMergeCommit":false,"messageTitle":"Add Validation for Unmatching Contact and Job Associations","messageBody":"Previously, there was no check to validate whether a contact and job\n were actually matched before attempting to unmatch them.\nThis could lead to incorrect behavior, such as trying to unmatch\na contact from a job they were never associated with,\nor unmatching a contact who has no job at all.\n\nThis commit adds validation logic to:\n- Ensure the contact has jobs associated before unmatching.\n- Ensure the job has contacts associated before unmatching.\n- Provide clear error messages if the contact\nand job are not matched together or if either has no associations.\n\nThis change prevents illogical unmatching operations and\nimproves the overall stability and accuracy of the unmatching process.\n","fileTypesAndContributionMap":{"functional-code":{"insertions":39,"deletions":20}}},{"hash":"8cedcc53eb8d51f1d0a9bf5ceb718d452cbbb8b7","isMergeCommit":true,"messageTitle":"Merge branch \u0027master\u0027 into unmatch-user-and-job","messageBody":"","fileTypesAndContributionMap":{}},{"hash":"aa21475b9b0e589069b2f411e2b524c0af90ed74","isMergeCommit":false,"messageTitle":"Standardize JavaDoc Punctuation and Capitalization","messageBody":"Standardize JavaDoc comments by enforcing punctuation\nat the end of all sentences and capitalizing the first\nletter in descriptions, including in @param, @return, and\n@throws sections. This change follows the newly agreed coding\nstandard for JavaDoc consistency across the project.\nApply changes on an ad-hoc basis, with a full review\nplanned near the end of the project for consistency.\n","fileTypesAndContributionMap":{"functional-code":{"insertions":5,"deletions":2}}},{"hash":"9af9702b5f21e3939e9c20d945c513a147e49c04","isMergeCommit":false,"messageTitle":"Refactor UnmatchCommand Logic and Improve Matching Validation","messageBody":"Refactor the validation logic in UnmatchCommand to ensure proper\nbidirectional matching between contacts and jobs before unmatching.\n- Replace redundant checks with a single condition to verify\nif both the contact and job are symmetrically matched.\n- Move the assert statement before the condition to catch\npotential mismatched states early, as asymmetry\nshould not occur in the system.\n- Update comments for clarity to better reflect the intent of the code.\n\nThis change improves the correctness of\nunmatching operations and enhances readability.\n","fileTypesAndContributionMap":{"functional-code":{"insertions":12,"deletions":18}}},{"hash":"a8d998787d3b17e656d84f046bb0d33c6b5a22b9","isMergeCommit":false,"messageTitle":"Fix Typo In Variable Name","messageBody":"","fileTypesAndContributionMap":{"functional-code":{"insertions":3,"deletions":3}}}]},{"date":"2024-10-28","commitResults":[{"hash":"9cf836b95aa3ec90334109037fa4a13e77e430da","isMergeCommit":false,"messageTitle":"Update DeleteCommand UML In DG","messageBody":"- Modified UML diagram to replace DeleteCommand with\nDeleteContactCommand for improved specificity.\n- Updated sequence and participant names in the diagram\nto reflect the change from a generic delete command\nto one targeting contact deletion.\n- Ensured consistency in naming across Logic and Model components.\n\nThis update clarifies the intent and functionality\nof the DeleteContactCommand in the system’s UML representation.\n","fileTypesAndContributionMap":{"docs":{"insertions":25,"deletions":25}}},{"hash":"d3a71118e0ab63e1be6ec4cc5e8e6a1e576d9256","isMergeCommit":false,"messageTitle":"Update alekkwek18.md With Contributions Up To V1.4","messageBody":"","fileTypesAndContributionMap":{"docs":{"insertions":27,"deletions":10}}}]},{"date":"2024-10-30","commitResults":[{"hash":"e88dfa66da15bff916a10605673092ca110b490e","isMergeCommit":false,"messageTitle":"Fix ScreenJobCommand Output When Empty","messageBody":"Screen job command currently displays the full list when no candidates\n match the job requirements. This can cause\n confusion for users expecting an empty list when no matches are found.\n\nUpdate the command to display an empty list if no candidates match,\nreturning \"0 candidates found\" to improve clarity. Using\nan empty list provides more accurate feedback and prevents\nmisunderstanding about available candidates.\n","fileTypesAndContributionMap":{"functional-code":{"insertions":1,"deletions":1}}},{"hash":"7b753c236ccdbd84d7abb957e1765883a73a6561","isMergeCommit":false,"messageTitle":"Exclude already matched contacts from screen job results","messageBody":"Modify ScreenJobCommand to exclude contacts that have\nalready been matched with any job from the screen job results.\nThis change refines the filter criteria by adding a check using\nPerson’s isMatchPresent() method, ensuring that\nonly unmatched contacts are displayed as eligible candidates.\n\nThis resolves issue #129 and improves result\naccuracy for the screen job command.\n","fileTypesAndContributionMap":{"functional-code":{"insertions":2,"deletions":1}}}]},{"date":"2024-10-31","commitResults":[{"hash":"e2439a2ab3b21d57b2d6a493e4aa6c19004ecce4","isMergeCommit":false,"messageTitle":"Implement ListAllCommand to list all entities at once","messageBody":"Add a new `ListAllCommand` class to list all contacts, companies,\nand jobs in the address book simultaneously.\nThis command uses existing predicates to update the filtered\nlists for each entity, enhancing user experience by\nconsolidating individual list commands.\n\n- Define `ENTITY_WORD` as \"all\"\n- Update all filtered lists using `PREDICATE_SHOW_ALL_PERSONS`,\n`PREDICATE_SHOW_ALL_COMPANIES`, and `PREDICATE_SHOW_ALL_JOBS`\n- Return `CommandResult` with a combined success message\n\nThis feature provides a convenient way for users to view all\nentities at once, improving accessibility and navigation.\n","fileTypesAndContributionMap":{"functional-code":{"insertions":33,"deletions":0}}},{"hash":"689e4b2d376b61290771b5c939e572961db3e4a6","isMergeCommit":false,"messageTitle":"Fix Checkstyle Issues","messageBody":"","fileTypesAndContributionMap":{"functional-code":{"insertions":2,"deletions":3}}},{"hash":"edc53c5d6cea4e8e85f427b05d047c6d1fd60f1a","isMergeCommit":false,"messageTitle":"Update Diagram in DG","messageBody":"","fileTypesAndContributionMap":{"functional-code":{"insertions":0,"deletions":1}}},{"hash":"55c1eb3d9a5df9e161de8a89e0c47278547db57e","isMergeCommit":false,"messageTitle":"Add ListAllCommandTest","messageBody":"","fileTypesAndContributionMap":{"test-code":{"insertions":51,"deletions":0}}},{"hash":"0dcbbe886f2f3203c7d5ecc0f0a99df21f3af45e","isMergeCommit":false,"messageTitle":"Update ListCommand message usage","messageBody":"","fileTypesAndContributionMap":{"functional-code":{"insertions":2,"deletions":2}}}]}]},"authorFileTypeContributionMap":{"Quasant":{"docs":40,"functional-code":476,"test-code":33},"wassilililily":{"docs":30,"functional-code":212,"test-code":244},"KengHian":{"docs":79,"functional-code":1346,"test-code":598,"other":11},"Green-Tea-123":{"docs":299,"functional-code":949,"test-code":659},"AlekKwek18":{"docs":132,"functional-code":883,"test-code":448,"other":1}},"authorContributionVariance":{"Quasant":6185.4785,"wassilililily":4064.5505,"KengHian":84238.54,"Green-Tea-123":29396.676,"AlekKwek18":44490.574},"authorDisplayNameMap":{"Quasant":"CS2103-F13-4 BENJ.. NAN","wassilililily":"CS2103-F13-4 MAU .. WEI","KengHian":"CS2103-F13-4 TOH ..HIAN","Green-Tea-123":"CS2103-F13-4 SOO ..BOON","AlekKwek18":"CS2103-F13-4 ALEK..KWEK"}}
