{"authorDailyContributionsMap":{"Feng1231":[{"date":"2024-09-20","commitResults":[{"hash":"816e32fd48b189cdc4d5874f830dbd9153db5ba8","isMergeCommit":false,"messageTitle":"Test commit","messageBody":"","fileTypesAndContributionMap":{"docs":{"insertions":1,"deletions":1}}},{"hash":"31c54687863b69a2d3e6710a398951a12b9aa83f","isMergeCommit":true,"messageTitle":"Merge pull request #8 from Feng1231/add-chenFeng-info","messageBody":"Add Chen Feng photo","fileTypesAndContributionMap":{}},{"hash":"62a2c84e90e34938ca5ebcdf75fb0955fc0866a6","isMergeCommit":true,"messageTitle":"Merge pull request #9 from DennieDan/add-dan-photo","messageBody":"Add Dan\u0027s photo","fileTypesAndContributionMap":{}},{"hash":"5e7bef32aff7b64ad32c15a773b275ead96aaf21","isMergeCommit":false,"messageTitle":"Update AboutUs.md","messageBody":"","fileTypesAndContributionMap":{"docs":{"insertions":6,"deletions":5}}},{"hash":"29b08c02e221e6a9b35aac2277c095a940dc00be","isMergeCommit":true,"messageTitle":"Merge pull request #18 from TY1Fan/add-yifan-aboutus","messageBody":"Add Yi Fan\u0027s AboutUs","fileTypesAndContributionMap":{}},{"hash":"2308a497fd99c39d8562021caea1ae3ffc306832","isMergeCommit":true,"messageTitle":"Merge pull request #20 from DennieDan/add-dan-aboutus","messageBody":"Add Dan\u0027s AboutUs","fileTypesAndContributionMap":{}}]},{"date":"2024-09-23","commitResults":[{"hash":"f903f8653a9233eb92e25c66fdeeaaab35b4ed0d","isMergeCommit":false,"messageTitle":"README.md: Update content to match project","messageBody":"","fileTypesAndContributionMap":{"docs":{"insertions":17,"deletions":8}}},{"hash":"896bcc9f85d0b496fa0279893d868b1822ca0d28","isMergeCommit":false,"messageTitle":"Update DG Target user profile, value proposition","messageBody":"","fileTypesAndContributionMap":{"docs":{"insertions":16,"deletions":12}}},{"hash":"0186330c345b2f30e0b65ac334420c6ada513dc6","isMergeCommit":false,"messageTitle":"Update DG Target user stories","messageBody":"","fileTypesAndContributionMap":{"docs":{"insertions":2,"deletions":2}}},{"hash":"c3e02af06ba655783a1d2c870f3a7bbf76062981","isMergeCommit":false,"messageTitle":"Update README.md","messageBody":"","fileTypesAndContributionMap":{"docs":{"insertions":1,"deletions":1}}}]},{"date":"2024-09-24","commitResults":[{"hash":"655d3d1221cb35db2550220e4895c835a96c88a4","isMergeCommit":true,"messageTitle":"Merge pull request #34 from Feng1231/update-readme-docs","messageBody":"","fileTypesAndContributionMap":{}}]},{"date":"2024-09-30","commitResults":[{"hash":"623506dc2acdb20615556df01c484c1629b8a8df","isMergeCommit":true,"messageTitle":"Merge pull request #50 from TY1Fan/branch-update-readme","messageBody":"Update UI mockup","fileTypesAndContributionMap":{}},{"hash":"b3c27a0a06118531083c95f555ea518e52ff216d","isMergeCommit":false,"messageTitle":"Add Subject class","messageBody":"Person class requires a Subject attribute to be added to it.\nSubject needs to be a defined set of values.\n\nLets:\n- Add a Subject class to represent the Subject attribute\n- Add a Subjects enum to define the set of values for Subject\n- Add a Subject test class to test the Subject class\n","fileTypesAndContributionMap":{"functional-code":{"insertions":77,"deletions":0},"test-code":{"insertions":58,"deletions":0}}},{"hash":"5994c42af8fc1db16e7f4ee1a0def965587c65b6","isMergeCommit":false,"messageTitle":"Add hashCodeTest for SubjectTest","messageBody":"","fileTypesAndContributionMap":{"test-code":{"insertions":17,"deletions":0}}},{"hash":"fa36287e2918e773e710acdf981fff2d5cec49b6","isMergeCommit":false,"messageTitle":"Add Days enum and Schedule class","messageBody":"","fileTypesAndContributionMap":{"functional-code":{"insertions":133,"deletions":0}}},{"hash":"2dba611a9523683ec0196d074070ba041f4304af","isMergeCommit":false,"messageTitle":"Add Test class for Days","messageBody":"","fileTypesAndContributionMap":{"test-code":{"insertions":43,"deletions":0}}},{"hash":"6a3de3e3d8764285b569bbb5dc28ba143a96fc4e","isMergeCommit":false,"messageTitle":"Schedule.java: Disallow 2400 for time","messageBody":"","fileTypesAndContributionMap":{"functional-code":{"insertions":6,"deletions":0}}},{"hash":"f5f0b7e155eda2df2e71c894c8a2142920e31936","isMergeCommit":false,"messageTitle":"Schedule.java: Override toString, equals and hashCode","messageBody":"","fileTypesAndContributionMap":{"functional-code":{"insertions":30,"deletions":0}}},{"hash":"1edd624fd9aa99dd71252c0f388a4be76e6759d7","isMergeCommit":false,"messageTitle":"Schedule.java: update getDayComponent method","messageBody":"","fileTypesAndContributionMap":{"functional-code":{"insertions":1,"deletions":1}}},{"hash":"d9de431052d8620d8242d37c68f620c25477e7be","isMergeCommit":false,"messageTitle":"Add test class for Schedule","messageBody":"","fileTypesAndContributionMap":{"test-code":{"insertions":146,"deletions":0}}},{"hash":"bec77ac7f83bafee114ee7d99e70b3180914c053","isMergeCommit":false,"messageTitle":"Schedule.java: Update hashCode to use Objects::hash","messageBody":"","fileTypesAndContributionMap":{"functional-code":{"insertions":3,"deletions":3}}},{"hash":"8e50e204cd8d7da656fdc43183cf8bcb15820b71","isMergeCommit":false,"messageTitle":"Add Fee class and Test class for Fee","messageBody":"","fileTypesAndContributionMap":{"functional-code":{"insertions":64,"deletions":0},"test-code":{"insertions":89,"deletions":0}}},{"hash":"ff605ebfde01eb62f3cddbfbf3148e513d0ca5b5","isMergeCommit":false,"messageTitle":"Import assertThrows from own package instead of junit","messageBody":"","fileTypesAndContributionMap":{"test-code":{"insertions":2,"deletions":2}}},{"hash":"82f7f81e6849858e079e8cb8e8fb67cd5fc9c404","isMergeCommit":false,"messageTitle":"Import assertThrows from own package instead of junit","messageBody":"","fileTypesAndContributionMap":{"test-code":{"insertions":1,"deletions":1}}},{"hash":"88838349a9aa492a31df692c7dc4fd0bdb31bb69","isMergeCommit":false,"messageTitle":"Add subclass of Fee","messageBody":"Fee represents a double amount with at most\n2 decimal places\nPerson class requires Rate, Owed, Paid\nattribute to be added to it. Each of them\nis a double amount with at most 2 decimal\nplaces.\n\nLets:\n- Add a Fee class\n- Add Owed, Paid, Rate classes which are\nsubclasses of Fee\n","fileTypesAndContributionMap":{"functional-code":{"insertions":138,"deletions":3}}},{"hash":"b03fbe2d859d58f2319418eff4edf2ded217a000","isMergeCommit":false,"messageTitle":"Add test classes for Owed, Paid, Rate","messageBody":"","fileTypesAndContributionMap":{"test-code":{"insertions":225,"deletions":4}}},{"hash":"f01b16907f30a25b149a0387f11f0e4a5dbe0e28","isMergeCommit":true,"messageTitle":"Merge branch \u0027AY2425S1-CS2103T-F14a-1:master\u0027 into add-fee-attribute","messageBody":"","fileTypesAndContributionMap":{}},{"hash":"8a2d774633d98e55a0ca7231bde137aa9e74869e","isMergeCommit":true,"messageTitle":"Merge branch \u0027AY2425S1-CS2103T-F14a-1:master\u0027 into add-subject-attribute","messageBody":"","fileTypesAndContributionMap":{}},{"hash":"1e18aaf67c3e41fd1532600a939ba35ebc406bff","isMergeCommit":true,"messageTitle":"Merge branch \u0027AY2425S1-CS2103T-F14a-1:master\u0027 into add-time-attribute","messageBody":"","fileTypesAndContributionMap":{}},{"hash":"9de42f13a18e1a3df73cb96bbd8c423006afb062","isMergeCommit":false,"messageTitle":"Update test classes for Owed, Paid, Rate","messageBody":"Add in hashcode testings for Owed, Paid, Rate classes\nRefactor some test cases to use common variables\nInstead of magic literals\n\nThis improves test coverage and readability\n","fileTypesAndContributionMap":{"test-code":{"insertions":50,"deletions":6}}},{"hash":"623cf9fb9c2f6890f8f2019105e43fe8fcdc4e5f","isMergeCommit":true,"messageTitle":"Merge branch \u0027add-fee-attribute\u0027 of https://github.com/Feng1231/tp into add-fee-attribute","messageBody":"","fileTypesAndContributionMap":{}},{"hash":"e45d723b226029d2bb1b14d4502a8b09d0fce983","isMergeCommit":false,"messageTitle":"Remove tag attribute and related code","messageBody":"Tag attribute is not needed for our project.\n\nLets:\n- Remove tag class\n- Remove constants defined for tag class\n- Remove tag Cli syntax\n- Remove tag related methods\n- Remove tag attribute in Person class and sample data\n- Remove utils for tag\n- Remove tag related tests in all classes\n\nCode that could be reused in the future is commented out.\n","fileTypesAndContributionMap":{"functional-code":{"insertions":28,"deletions":278},"test-code":{"insertions":54,"deletions":270}}}]},{"date":"2024-10-04","commitResults":[{"hash":"118d12a21359da84602df97204f880e461f0ad43","isMergeCommit":false,"messageTitle":"Update Fee class to be abstract","messageBody":"Fee class is instantiable.\n\nPreventing instantiation of Fee class improves the principle\nof abstraction.\n\nTo prevent instantiation of Fee class, lets:\n- Change Fee class to abstract class\n- Update FeeTest class to be able to test the abstract class\n","fileTypesAndContributionMap":{"functional-code":{"insertions":1,"deletions":1},"test-code":{"insertions":17,"deletions":15}}}]},{"date":"2024-10-08","commitResults":[{"hash":"5d4d70b869a6019abfbbba8bf2f587df70e7f9d5","isMergeCommit":false,"messageTitle":"Update PersonTest method to test Schedule","messageBody":"","fileTypesAndContributionMap":{"test-code":{"insertions":12,"deletions":1}}}]}],"TY1Fan":[{"date":"2024-09-20","commitResults":[{"hash":"e04b55ed71b0eb7a5f0b99b81187ebd03c0ba2d4","isMergeCommit":false,"messageTitle":"Update AboutUs","messageBody":"","fileTypesAndContributionMap":{"docs":{"insertions":4,"deletions":4}}},{"hash":"62a94129853bc7dfb8f35272b271c2fd57b03d65","isMergeCommit":true,"messageTitle":"Merge pull request #17 from Feng1231/add-chenFeng-name","messageBody":"Update AboutUs.md","fileTypesAndContributionMap":{}}]},{"date":"2024-09-23","commitResults":[{"hash":"d0da763c434828bb2c9e8efd3e9ff19f002c1df4","isMergeCommit":false,"messageTitle":"Add acknowledgement","messageBody":"","fileTypesAndContributionMap":{"docs":{"insertions":4,"deletions":0}}},{"hash":"af539ebae8dc1b740c3ada496f3611fc0c2d591a","isMergeCommit":false,"messageTitle":"Fix spaces","messageBody":"","fileTypesAndContributionMap":{"docs":{"insertions":1,"deletions":2}}},{"hash":"28fbd411c6371ba80bd0d20d2b99c964b430a2a9","isMergeCommit":false,"messageTitle":"Add newline at eof","messageBody":"","fileTypesAndContributionMap":{"docs":{"insertions":1,"deletions":1}}},{"hash":"f131806fb2b380adaff4707a5c29c8a3d8c6c739","isMergeCommit":false,"messageTitle":"Update user stories","messageBody":"","fileTypesAndContributionMap":{"docs":{"insertions":12,"deletions":9}}}]},{"date":"2024-09-24","commitResults":[{"hash":"bb7bf7eff239ec55fc99d9fd0fef852d0c3798db","isMergeCommit":true,"messageTitle":"Merge pull request #35 from Feng1231/update-dg","messageBody":"Update Developer Guide","fileTypesAndContributionMap":{}},{"hash":"26d23ac44fcdf310f8a4a9b1a4bb7abf2281cbaf","isMergeCommit":true,"messageTitle":"Merge branch \u0027master\u0027 into branch-update-DG","messageBody":"","fileTypesAndContributionMap":{}},{"hash":"39304bab15842916081f10daca8f150f3965b33f","isMergeCommit":true,"messageTitle":"Merge pull request #40 from TY1Fan/branch-update-readme","messageBody":"Update Readme.md","fileTypesAndContributionMap":{}},{"hash":"156ad6345e5fd25df00ef71241c7b7c434ce4db9","isMergeCommit":true,"messageTitle":"Merge pull request #42 from TY1Fan/branch-update-DG","messageBody":"Update user stories","fileTypesAndContributionMap":{}}]},{"date":"2024-09-25","commitResults":[{"hash":"fe75f943500998c9176bbc204f7565ba2bb5e844","isMergeCommit":true,"messageTitle":"Merge branch \u0027master\u0027 of https://github.com/TY1Fan/tp","messageBody":"* \u0027master\u0027 of https://github.com/TY1Fan/tp:\n  Fix a typo mistake\n  Fix minor ambiguity\n  Sort NFRs into types\n  Update README.md\n  Update user stories\n  Delete Tutorials embedded links\n  Change Github repo URL\n  Add newline at eof\n  Fix spaces\n  Add acknowledgement\n  Update ui\n  Add 10 NFRs\n  Update DG Target user stories\n  Update DG Target user profile, value proposition\n  README.md: Update content to match project\n  Update README.md\n","fileTypesAndContributionMap":{}}]},{"date":"2024-09-26","commitResults":[{"hash":"9cb12ceee2348572f2bbb7a0ea3047921e17807b","isMergeCommit":true,"messageTitle":"Merge branch \u0027master\u0027 of https://github.com/TY1Fan/tp into branch-update-readme","messageBody":"* \u0027master\u0027 of https://github.com/TY1Fan/tp:\n  Fix a typo mistake\n  Fix minor ambiguity\n  Sort NFRs into types\n  Update README.md\n  Update user stories\n  Delete Tutorials embedded links\n  Change Github repo URL\n  Add 10 NFRs\n  Update DG Target user stories\n  Update DG Target user profile, value proposition\n  README.md: Update content to match project\n  Update README.md\n","fileTypesAndContributionMap":{}},{"hash":"ea1eed3f9cbd309422d872c5197a49724fd02143","isMergeCommit":false,"messageTitle":"Fix bugs","messageBody":"","fileTypesAndContributionMap":{"docs":{"insertions":4,"deletions":6}}},{"hash":"a6f75e8df0bc30291dde6a6637d94e651ef92c06","isMergeCommit":true,"messageTitle":"Merge pull request #49 from TY1Fan/branch-update-readme","messageBody":"Fix bug with duplicate header for acknowledgement","fileTypesAndContributionMap":{}}]},{"date":"2024-09-27","commitResults":[{"hash":"44e69642227248a03df542c4e20cdfe25c2695c1","isMergeCommit":true,"messageTitle":"Merge branch \u0027master\u0027 of https://github.com/TY1Fan/tp","messageBody":"* \u0027master\u0027 of https://github.com/TY1Fan/tp:\n  Fix bugs in use cases in DG\n  Fix bugs\n  Add use cases\n","fileTypesAndContributionMap":{}}]},{"date":"2024-10-04","commitResults":[{"hash":"62e3a44e259cc8a6b0b94cbb456fbe8c1ea87153","isMergeCommit":true,"messageTitle":"Merge pull request #58 from Feng1231/delete-tag-attribute","messageBody":"Delete tag attribute and related code","fileTypesAndContributionMap":{}},{"hash":"6ec843a9f88075748f7db9c2d83cc4e799896cae","isMergeCommit":true,"messageTitle":"Merge branch \u0027AY2425S1-CS2103T-F14a-1:master\u0027 into master","messageBody":"","fileTypesAndContributionMap":{}},{"hash":"8d03b3712e6db8f49139d77d01d425bd3bcf0a48","isMergeCommit":true,"messageTitle":"Merge branch \u0027master\u0027 of https://github.com/TY1Fan/tp","messageBody":"* \u0027master\u0027 of https://github.com/TY1Fan/tp:\n  Update Fee class to be abstract\n  Remove tag attribute and related code\n  Update test classes for Owed, Paid, Rate\n  Add test classes for Owed, Paid, Rate\n  Add subclass of Fee\n  Import assertThrows from own package instead of junit\n  Import assertThrows from own package instead of junit\n  Add Fee class and Test class for Fee\n  Schedule.java: Update hashCode to use Objects::hash\n  Add test class for Schedule\n  Schedule.java: update getDayComponent method\n  Schedule.java: Override toString, equals and hashCode\n  Schedule.java: Disallow 2400 for time\n  Add Test class for Days\n  Add Days enum and Schedule class\n  Add hashCodeTest for SubjectTest\n  Add Subject class\n  Update UI mockup\n  Edit Glossary\n  Edited the glossary of the developer guide to include more terms\n","fileTypesAndContributionMap":{}}]},{"date":"2024-10-05","commitResults":[{"hash":"ad8b6d93c123c194847cf2a76b37e13db8800f90","isMergeCommit":false,"messageTitle":"Add support for schedule","messageBody":"","fileTypesAndContributionMap":{"functional-code":{"insertions":91,"deletions":24},"test-code":{"insertions":25,"deletions":8}}},{"hash":"0d112382605eea49fd928e70f5fafdb1eea9100e","isMergeCommit":false,"messageTitle":"Fix style issue","messageBody":"","fileTypesAndContributionMap":{"functional-code":{"insertions":14,"deletions":8}}},{"hash":"98cc09bb02f1bb534ac7e02c487f5355798e717a","isMergeCommit":false,"messageTitle":"Update test files","messageBody":"","fileTypesAndContributionMap":{"test-code":{"insertions":50,"deletions":12}}},{"hash":"26ed22ec8948cb7f01bc2c39dc7bfb17fb54f776","isMergeCommit":false,"messageTitle":"Fix test style issue","messageBody":"","fileTypesAndContributionMap":{"test-code":{"insertions":78,"deletions":33}}},{"hash":"f7df87f30b5ada29a7ac4950320041070aca9565","isMergeCommit":false,"messageTitle":"Fix failing test cases","messageBody":"","fileTypesAndContributionMap":{"functional-code":{"insertions":5,"deletions":2},"test-code":{"insertions":17,"deletions":11}}}]},{"date":"2024-10-08","commitResults":[{"hash":"0016b3beb1f5d6d203c99a495aea8c427110081d","isMergeCommit":true,"messageTitle":"Merge pull request #74 from Feng1231/update-person-test-for-schedule","messageBody":"Update PersonTest method to test Schedule","fileTypesAndContributionMap":{}}]}],"teamotitan":[{"date":"2024-09-20","commitResults":[{"hash":"9a5b6942bcd4dc61e6f2bc15f8d88c49484ff355","isMergeCommit":false,"messageTitle":"no message","messageBody":"","fileTypesAndContributionMap":{"docs":{"insertions":1,"deletions":1}}},{"hash":"413934ed17ca37253fda8d158ff651eed74161a9","isMergeCommit":true,"messageTitle":"Merge pull request #11 from teamotitan/add-Timothy-photo","messageBody":"Add Timothy\u0027s photo","fileTypesAndContributionMap":{}},{"hash":"469c9986f927a1f3dc7435a2cad3a6575e6d7252","isMergeCommit":false,"messageTitle":"Updated AboutUs page","messageBody":"","fileTypesAndContributionMap":{"docs":{"insertions":5,"deletions":5}}},{"hash":"36025fb165be1fd4cf694887cc5c9fa68893f75e","isMergeCommit":true,"messageTitle":"Merge branch \u0027master\u0027 into add-Timothy-AboutUs","messageBody":"# Conflicts:\n#\tdocs/AboutUs.md\n","fileTypesAndContributionMap":{}},{"hash":"16b53a8bdec4b8ae20ec61d832186d6c80acfafe","isMergeCommit":true,"messageTitle":"Merge pull request #21 from teamotitan/add-Timothy-AboutUs","messageBody":"Add Timothy\u0027s AboutUs","fileTypesAndContributionMap":{}},{"hash":"d920d5ed1e58b04de102b91c7fa72f2f3907154a","isMergeCommit":false,"messageTitle":"Update README.md","messageBody":"","fileTypesAndContributionMap":{"docs":{"insertions":1,"deletions":1}}}]},{"date":"2024-09-26","commitResults":[{"hash":"eb41f8c6d4c665dc219cea051ed7dc9e2b09a5ea","isMergeCommit":false,"messageTitle":"Edited the glossary of the developer guide to include more terms","messageBody":"","fileTypesAndContributionMap":{"docs":{"insertions":4,"deletions":1}}}]},{"date":"2024-09-27","commitResults":[{"hash":"a4f3027c5d5091a2937e94133fd1ef79161a6c76","isMergeCommit":false,"messageTitle":"Edit Glossary","messageBody":"Made some minor fixes where I capitalize some letters\n","fileTypesAndContributionMap":{"docs":{"insertions":2,"deletions":2}}}]}],"Soumyadip-cmd":[{"date":"2024-09-20","commitResults":[{"hash":"7a4a9ea23601b7dfdbdfdf5420550a6ba58eb336","isMergeCommit":true,"messageTitle":"Merge pull request #12 from Soumyadip-cmd/add-Soumyadip-photo","messageBody":"Add Soumyadip\u0027s photo","fileTypesAndContributionMap":{}},{"hash":"1886c815042c69e4cfe54b551ca956e8d37bd728","isMergeCommit":false,"messageTitle":"Add Soumyadip AboutUs","messageBody":"","fileTypesAndContributionMap":{"docs":{"insertions":5,"deletions":5}}},{"hash":"6bd03018768ed5fb40bda46701835de17ed72d91","isMergeCommit":true,"messageTitle":"Resolve conflict in AboutUs.md","messageBody":"","fileTypesAndContributionMap":{}},{"hash":"867042190c4eb28abda78859fd2fac678005642a","isMergeCommit":true,"messageTitle":"Merge branch \u0027master\u0027 of origin","messageBody":"","fileTypesAndContributionMap":{}},{"hash":"b9891226d621cf2b50f3b13d1650ab4a6d9859f7","isMergeCommit":true,"messageTitle":"Merge pull request #22 from Soumyadip-cmd/add-soumyadip-aboutUs","messageBody":"Add Soumyadip AboutUs","fileTypesAndContributionMap":{}},{"hash":"d8a0f5f83ad265f1c47bcf148f5ef7d5436ff2f2","isMergeCommit":true,"messageTitle":"Merge pull request #23 from AY2425S1-CS2103T-F14a-1/teamotitan-patch-1","messageBody":"Update README.md","fileTypesAndContributionMap":{}}]},{"date":"2024-09-26","commitResults":[{"hash":"868536f0f3a7346130db948742729a25c51d9ea2","isMergeCommit":false,"messageTitle":"Add use cases","messageBody":"","fileTypesAndContributionMap":{"docs":{"insertions":75,"deletions":12}}},{"hash":"72348f1f29ece159830c69fe498dadfa5f7d45d4","isMergeCommit":false,"messageTitle":"Fix bugs in use cases in DG","messageBody":"","fileTypesAndContributionMap":{"docs":{"insertions":12,"deletions":12}}}]},{"date":"2024-09-27","commitResults":[{"hash":"4c4894f60e306ede0e18b7313828de265e5c1e7e","isMergeCommit":true,"messageTitle":"Merge pull request #48 from Soumyadip-cmd/add-use-cases","messageBody":"Add Use cases","fileTypesAndContributionMap":{}},{"hash":"ed02c3d1bd48daab207816492e74ce86b95e4e40","isMergeCommit":true,"messageTitle":"Merge pull request #45 from teamotitan/update-developer-guide-glossary","messageBody":"Updated developer guide glossary","fileTypesAndContributionMap":{}}]},{"date":"2024-10-01","commitResults":[{"hash":"a3b0a4fb9514ddfb8c83fc44d78164f7c9379207","isMergeCommit":true,"messageTitle":"Merge pull request #53 from Feng1231/add-subject-attribute","messageBody":"Add Subject class","fileTypesAndContributionMap":{}}]}],"DennieDan":[{"date":"2024-09-20","commitResults":[{"hash":"941d6b32a084ff0c52c41098edb3d265e97e310c","isMergeCommit":true,"messageTitle":"Merge branch \u0027master\u0027 of https://github.com/DennieDan/tp","messageBody":"","fileTypesAndContributionMap":{}},{"hash":"1513368996dbbbe41b57e4ec74317507f24fc803","isMergeCommit":false,"messageTitle":"Change AboutUs info","messageBody":"","fileTypesAndContributionMap":{"docs":{"insertions":5,"deletions":5}}},{"hash":"25f31d3acaa15297bea9f3fd91034568598ef8c5","isMergeCommit":true,"messageTitle":"Merge branch \u0027master\u0027 of https://github.com/DennieDan/tp","messageBody":"","fileTypesAndContributionMap":{}}]},{"date":"2024-09-23","commitResults":[{"hash":"d156386b77c90d25dc586af755f484280eea3c2d","isMergeCommit":false,"messageTitle":"Add 10 NFRs","messageBody":"","fileTypesAndContributionMap":{"docs":{"insertions":10,"deletions":3}}},{"hash":"168db4c3ed6e20492a2ebcb17763d404745127a7","isMergeCommit":false,"messageTitle":"Change Github repo URL","messageBody":"","fileTypesAndContributionMap":{"docs":{"insertions":1,"deletions":1}}},{"hash":"ca85eb240d60050772e2e409cd4d833a483be314","isMergeCommit":false,"messageTitle":"Delete Tutorials embedded links","messageBody":"","fileTypesAndContributionMap":{"docs":{"insertions":0,"deletions":4}}}]},{"date":"2024-09-24","commitResults":[{"hash":"b06ab346edf2761453d96b0a7f2209d919f1c2d1","isMergeCommit":false,"messageTitle":"Sort NFRs into types","messageBody":"","fileTypesAndContributionMap":{"docs":{"insertions":34,"deletions":10}}},{"hash":"baf6c2a22054c641204e077e9539fae14670639d","isMergeCommit":false,"messageTitle":"Fix minor ambiguity","messageBody":"","fileTypesAndContributionMap":{"docs":{"insertions":1,"deletions":2}}},{"hash":"14ba8f9950bee10408ec433358e287539ee6a9bb","isMergeCommit":true,"messageTitle":"Merge pull request #41 from DennieDan/branch-update-site-wide-settings","messageBody":"Update site-wide settings of project website","fileTypesAndContributionMap":{}},{"hash":"f23d72369ae598ee92d15296112b922185bd6799","isMergeCommit":false,"messageTitle":"Fix a typo mistake","messageBody":"","fileTypesAndContributionMap":{"docs":{"insertions":1,"deletions":1}}},{"hash":"aab2cd3424858125130de647cba9b246b2780968","isMergeCommit":true,"messageTitle":"Merge pull request #36 from DennieDan/branch-DG-NFRs","messageBody":"Add NFR to DeveloperGuide.md","fileTypesAndContributionMap":{}}]},{"date":"2024-10-04","commitResults":[{"hash":"7786dd2c8c6c6df630d72b5a43a87195d2f62bdb","isMergeCommit":true,"messageTitle":"Merge pull request #56 from Feng1231/add-fee-attribute","messageBody":"Add fee class","fileTypesAndContributionMap":{}},{"hash":"15f02ee698c92c82bdbf789671219c5227e00a60","isMergeCommit":true,"messageTitle":"Merge pull request #54 from Feng1231/add-time-attribute","messageBody":"Add Schedule class","fileTypesAndContributionMap":{}}]},{"date":"2024-10-08","commitResults":[{"hash":"d57bdc9f135e397e6aa7ca45564283c146195e8f","isMergeCommit":true,"messageTitle":"Merge pull request #64 from TY1Fan/add-schedule-feature","messageBody":"Add support for schedule for add and edit command","fileTypesAndContributionMap":{}}]}]},"authorFileTypeContributionMap":{"Feng1231":{"docs":37,"functional-code":454,"test-code":653},"TY1Fan":{"docs":14,"functional-code":83,"test-code":149},"teamotitan":{"docs":10,"functional-code":0,"test-code":0},"Soumyadip-cmd":{"docs":75,"functional-code":0,"test-code":0},"DennieDan":{"docs":39,"functional-code":0,"test-code":0}},"authorContributionVariance":{"Feng1231":148828.55,"TY1Fan":7073.5063,"teamotitan":11.008313,"Soumyadip-cmd":613.17993,"DennieDan":133.77846},"authorDisplayNameMap":{"Feng1231":"CS2103T-F14a-1 CHEN..FENG","TY1Fan":"CS2103T-F14a-1 TOH .. FAN","teamotitan":"CS2103T-F14a-1 TIMO.. TAN","Soumyadip-cmd":"CS2103T-F14a-1 SOUM..SAHA","DennieDan":"CS2103T-F14a-1 DINH.. DAN"}}
