{"authorDailyContributionsMap":{"tayxuenye":[{"date":"2024-09-30","commitResults":[{"hash":"fa9ff2db7b2f527570c203a1bfbed3d917ad8f7f","isMergeCommit":true,"messageTitle":"Merge pull request #5 from tayxuenye/add-photo","messageBody":"Add Xuen Ye\u0027s photo","fileTypesAndContributionMap":{}}]}],"sayomaki":[],"Vatinius":[],"BuffWuff1712":[],"Tkaixiang":[]},"authorFileTypeContributionMap":{"tayxuenye":{"docs":0,"functional-code":0,"test-code":0},"sayomaki":{"docs":0,"functional-code":0,"test-code":0},"Vatinius":{"docs":0,"functional-code":0,"test-code":0},"BuffWuff1712":{"docs":0,"functional-code":0,"test-code":0},"Tkaixiang":{"docs":0,"functional-code":0,"test-code":0}},"authorContributionVariance":{"tayxuenye":0.0,"sayomaki":0.0,"Vatinius":0.0,"BuffWuff1712":0.0,"Tkaixiang":0.0},"authorDisplayNameMap":{"tayxuenye":"CS2103T-F15-3 TAY ..N YE","sayomaki":"CS2103T-F15-3 ZHAN.. YAO","Vatinius":"CS2103T-F15-3 DYLA.. LAM","BuffWuff1712":"CS2103T-F15-3 LOW ..HENG","Tkaixiang":"CS2103T-F15-3 TEO ..IANG"}}
