{"authorDailyContributionsMap":{"SlothyCat":[{"date":"2024-10-01","commitResults":[{"hash":"ed3940664742c687c162d327079689df1e1d711b","isMergeCommit":false,"messageTitle":"Update AboutUs.md","messageBody":"","fileTypesAndContributionMap":{"docs":{"insertions":5,"deletions":6}}},{"hash":"1bbc331f26c1e1a17973112a11952c270c39c7ce","isMergeCommit":true,"messageTitle":"Merge branch \u0027master\u0027 into update-about-us","messageBody":"","fileTypesAndContributionMap":{}},{"hash":"936cc332851a125516108fc0be31f31b9a41f444","isMergeCommit":true,"messageTitle":"Merge pull request #30 from SlothyCat/update-about-us","messageBody":"Update AboutUs.md","fileTypesAndContributionMap":{}}]},{"date":"2024-10-02","commitResults":[{"hash":"82caba5534879e1bff4f447a46a2338a0292db28","isMergeCommit":false,"messageTitle":"Update photo name to lowercase","messageBody":"","fileTypesAndContributionMap":{"docs":{"insertions":1,"deletions":1}}},{"hash":"2ef517a1e9bea1587205918ed277b48297f6b562","isMergeCommit":true,"messageTitle":"Merge pull request #45 from SlothyCat/adding-photo","messageBody":"Update photo name to lowercase","fileTypesAndContributionMap":{}}]}],"zienxu":[{"date":"2024-10-01","commitResults":[{"hash":"13f2ff0e9f92917377bd4a844ed473ee0197eb83","isMergeCommit":false,"messageTitle":"Update AboutUs.md","messageBody":"","fileTypesAndContributionMap":{"docs":{"insertions":5,"deletions":6}}},{"hash":"ec95bf6b1dae0b5ee52a02f352b8ed53764ea40f","isMergeCommit":true,"messageTitle":"Merge pull request #27 from zienxu/update-about-us","messageBody":"Update AboutUs.md","fileTypesAndContributionMap":{}}]},{"date":"2024-10-02","commitResults":[{"hash":"2a397cc788866d69e66df2ea6cee9f8f31f06799","isMergeCommit":false,"messageTitle":"Add non-functional requirements","messageBody":"","fileTypesAndContributionMap":{"docs":{"insertions":8,"deletions":3}}}]},{"date":"2024-10-03","commitResults":[{"hash":"f5018ec10aa8c10f4feecfe0fe4b334bc9ae3037","isMergeCommit":false,"messageTitle":"Update docs/DeveloperGuide.md","messageBody":"Co-authored-by: Yatoo \u003c121914292+jtooya@users.noreply.github.com\u003e","fileTypesAndContributionMap":{"docs":{"insertions":1,"deletions":1}}},{"hash":"acb67a2862a4636919012fd24e215789bc9a3f72","isMergeCommit":false,"messageTitle":"Update NFRs for DeveloperGuide","messageBody":"","fileTypesAndContributionMap":{"docs":{"insertions":7,"deletions":8}}},{"hash":"70e3643612e6dc8daf2f6ae8f43f44edc4c0c1ed","isMergeCommit":true,"messageTitle":"Update NFR","messageBody":"","fileTypesAndContributionMap":{}}]},{"date":"2024-10-05","commitResults":[{"hash":"35a71fccaf3390b9bc9d11c971a0947a5153ba01","isMergeCommit":true,"messageTitle":"Merge pull request #42 from zienxu/branch-nfr","messageBody":"Add non-functional requirements","fileTypesAndContributionMap":{}}]}],"jtooya":[{"date":"2024-10-01","commitResults":[{"hash":"b705780304f2a235d5b6e3448291382c6fdd0ec2","isMergeCommit":false,"messageTitle":"Update AboutUs.md","messageBody":"","fileTypesAndContributionMap":{"docs":{"insertions":6,"deletions":7}}},{"hash":"eec3eb7a88261d5bacb5878451f5d5047f46a1f4","isMergeCommit":true,"messageTitle":"Merge pull request #26 from jtooya/update-AboutUs","messageBody":"Update AboutUs.md","fileTypesAndContributionMap":{}}]}],"achl1012":[{"date":"2024-09-22","commitResults":[{"hash":"ebfabc1c6e3229880125f29726aa83b27e468b9f","isMergeCommit":false,"messageTitle":"Update site configs","messageBody":"","fileTypesAndContributionMap":{"docs":{"insertions":1,"deletions":1}}},{"hash":"2ec5848964fb6bd85133ac5f03f20be69a9d2a1f","isMergeCommit":true,"messageTitle":"Merge pull request #2 from achl1012/master","messageBody":"Update site configs","fileTypesAndContributionMap":{}}]},{"date":"2024-10-01","commitResults":[{"hash":"e118d806683b8b71d993a035fc4c8c8324de9390","isMergeCommit":false,"messageTitle":"Update AboutUs","messageBody":"","fileTypesAndContributionMap":{"docs":{"insertions":5,"deletions":6}}},{"hash":"1f9c16ebc3eb5a9f248c536ca763b8202a11fed6","isMergeCommit":true,"messageTitle":"Merge pull request #28 from achl1012/update-aboutus","messageBody":"Update AboutUs","fileTypesAndContributionMap":{}}]},{"date":"2024-10-03","commitResults":[{"hash":"87b0fc982d2d630d3ddd11ba06cfdc4729feefbe","isMergeCommit":false,"messageTitle":"Add use cases to developer guide","messageBody":"","fileTypesAndContributionMap":{"docs":{"insertions":85,"deletions":6}}},{"hash":"f340bbfa583b8d6f0226f993e36ae4f792ad384e","isMergeCommit":false,"messageTitle":"Edit use cases","messageBody":"","fileTypesAndContributionMap":{"docs":{"insertions":1,"deletions":1}}}]},{"date":"2024-10-05","commitResults":[{"hash":"172fafc9556242bf7265e7a230573636db016e3d","isMergeCommit":true,"messageTitle":"Merge pull request #47 from achl1012/update-DG","messageBody":"Add use cases to developer guide","fileTypesAndContributionMap":{}}]}],"kimberlytmq":[{"date":"2024-10-01","commitResults":[{"hash":"1b5a96cf86bc27f0254e018c75a2f1e88ee8c596","isMergeCommit":false,"messageTitle":"Test PR Issue Link","messageBody":"","fileTypesAndContributionMap":{"functional-code":{"insertions":1,"deletions":1}}},{"hash":"006f8b8b8ac1183e57d40525448f8e536f15055d","isMergeCommit":false,"messageTitle":"Revert change","messageBody":"","fileTypesAndContributionMap":{"functional-code":{"insertions":1,"deletions":1}}},{"hash":"c8a7b81474f692f90e304188bbd254833bc4dcff","isMergeCommit":false,"messageTitle":"Update About Us","messageBody":"","fileTypesAndContributionMap":{"docs":{"insertions":11,"deletions":11}}},{"hash":"0510baf92467a79f0213106f58296776b4900f05","isMergeCommit":false,"messageTitle":"Delete other information in About Us","messageBody":"","fileTypesAndContributionMap":{"docs":{"insertions":1,"deletions":40}}},{"hash":"043b9b9b253b6aa53771e4e93dfe35fca4252768","isMergeCommit":false,"messageTitle":"Add photo to About Us","messageBody":"","fileTypesAndContributionMap":{"docs":{"insertions":1,"deletions":1}}},{"hash":"9587d8d0e1bd3091588ec5c39019b86c86a953bd","isMergeCommit":false,"messageTitle":"Update spelling","messageBody":"","fileTypesAndContributionMap":{"docs":{"insertions":1,"deletions":1}}},{"hash":"926144a150aeda5f1c5bb8990b2166e3b3c75cf4","isMergeCommit":true,"messageTitle":"Merge branch \u0027master\u0027 into About-Us","messageBody":"","fileTypesAndContributionMap":{}},{"hash":"d6651b385428b0784badbcf024719cc635c597d5","isMergeCommit":true,"messageTitle":"Merge pull request #29 from kimberlytmq/About-Us","messageBody":"Update About Us","fileTypesAndContributionMap":{}}]},{"date":"2024-10-03","commitResults":[{"hash":"a5d7a2579658bae2a9910f67af8b8d4dac87cbb8","isMergeCommit":false,"messageTitle":"Add target user, value proposition, and user stories to developer guide","messageBody":"","fileTypesAndContributionMap":{"docs":{"insertions":22,"deletions":15}}}]},{"date":"2024-10-05","commitResults":[{"hash":"31501f73511abce9adc544c37ac6c24255f727d8","isMergeCommit":true,"messageTitle":"Merge pull request #49 from kimberlytmq/add-target-user","messageBody":"Add target user, value proposition, and user stories to developer guide","fileTypesAndContributionMap":{}}]}]},"authorFileTypeContributionMap":{"SlothyCat":{"docs":5,"functional-code":0,"test-code":0},"zienxu":{"docs":12,"functional-code":0,"test-code":0},"jtooya":{"docs":6,"functional-code":0,"test-code":0},"achl1012":{"docs":90,"functional-code":0,"test-code":0},"kimberlytmq":{"docs":18,"functional-code":0,"test-code":0}},"authorContributionVariance":{"SlothyCat":7.1523438,"zienxu":27.246094,"jtooya":9.902344,"achl1012":504.48438,"kimberlytmq":355.0625},"authorDisplayNameMap":{"SlothyCat":"CS2103T-W12-3 YAP ..KANG","zienxu":"CS2103T-W12-3 ANG ..N XU","jtooya":"CS2103T-W12-3 JERE..N AN","achl1012":"CS2103T-W12-3 AMEL..LENG","kimberlytmq":"CS2103T-W12-3 TEO ..U QI"}}
