{"authorDailyContributionsMap":{"justsparsh":[{"date":"2024-10-02","commitResults":[{"hash":"2ecfbb56f3548a20eabd52ddd6b21b3fa0587ac0","isMergeCommit":false,"messageTitle":"Update AboutUs with Sparsh Info","messageBody":"","fileTypesAndContributionMap":{"docs":{"insertions":16,"deletions":44}}},{"hash":"79a4968f00053ec15a6eca24da1beaa61bd194c8","isMergeCommit":true,"messageTitle":"Merge pull request #27 from YINZE66/add-yinze-info","messageBody":"Add Yinze\u0027s photo","fileTypesAndContributionMap":{}},{"hash":"9e5c0b4b91f627d8957d85defdd5252faefc1e5b","isMergeCommit":true,"messageTitle":"Merge pull request #25 from YINZE66/add-yinze-aboutMe","messageBody":"Update AboutUs page with Yinze\u0027s information","fileTypesAndContributionMap":{}},{"hash":"9562587738cdb8b8bbae5efe6de45fb7d27651ca","isMergeCommit":true,"messageTitle":"Merge pull request #24 from IanCheah/branch-about-us","messageBody":"Add information about Ian in AboutUs.md","fileTypesAndContributionMap":{}},{"hash":"ec8ddf2431f6394400f804087e3c99c659b1ffca","isMergeCommit":true,"messageTitle":"Merge commit \u00279562587738cdb8b8bbae5efe6de45fb7d27651ca\u0027 into update-AboutUs-Sparsh","messageBody":"* commit \u00279562587738cdb8b8bbae5efe6de45fb7d27651ca\u0027:\n  Add AboutMe page with yinze66.md\n  Fix some nit that fails test\n  Update AboutUs page with yinze66.md\n  add o-darren.png\n  Add suitable photo yinze66.png\n  Add information about Ian in AboutUs.md\n  Add Ian\u0027s profile photo\n  Add nigellqx.png\n","fileTypesAndContributionMap":{}},{"hash":"e5468c2a6952b65c0e7081cb50776fbb247fa216","isMergeCommit":true,"messageTitle":"Merge pull request #22 from O-Darren/update-AboutUs-Darren","messageBody":"Update AboutUs page with Darren\u0027s information","fileTypesAndContributionMap":{}},{"hash":"f6d9a74c1daa8e4863c08637446e0ab1a7be9ea7","isMergeCommit":true,"messageTitle":"Merge commit \u0027e5468c2a6952b65c0e7081cb50776fbb247fa216\u0027 into update-AboutUs-Sparsh","messageBody":"* commit \u0027e5468c2a6952b65c0e7081cb50776fbb247fa216\u0027:\n  Add newlines\n  Update AboutUs with Darren\u0027s info\n","fileTypesAndContributionMap":{}},{"hash":"3e7b72ca1bea9ea62c984121fa2f6d30838dec6e","isMergeCommit":true,"messageTitle":"Merge pull request #16 from nigellqx/update-AboutMe-nigel","messageBody":"Update AboutUs page with Nigel\u0027s information","fileTypesAndContributionMap":{}},{"hash":"d20cb608960776702b74b786ea108f9816053c87","isMergeCommit":true,"messageTitle":"Merge commit \u00275c9b7298c586bd16b5ae0cc8a4a1ff45822a5bd9\u0027","messageBody":"* commit \u00275c9b7298c586bd16b5ae0cc8a4a1ff45822a5bd9\u0027:\n  Add AboutMe page with yinze66.md\n  Add newlines\n  Fix some nit that fails test\n  Update AboutUs page with yinze66.md\n  Update AboutUs with Darren\u0027s info\n  add o-darren.png\n  Add suitable photo yinze66.png\n  Update AboutUs.md Update nigellqx.md\n  Update AboutUs.md Add nigellqx.md\n  Update AboutUs with Sparsh Info\n  Add Sparsh photo\n  Add information about Ian in AboutUs.md\n  Add Ian\u0027s profile photo\n  Add nigellqx.png\n","fileTypesAndContributionMap":{}}]},{"date":"2024-10-03","commitResults":[{"hash":"7fd9c58d9dbf8e864a9ab3f75bab8a8828ddd717","isMergeCommit":true,"messageTitle":"Merge pull request #37 from nigellqx/update-userstories-DG","messageBody":"Update User Stories ","fileTypesAndContributionMap":{}},{"hash":"8bbe0eb26a0cb494b8a78a8b3631f5a132e5ecf0","isMergeCommit":true,"messageTitle":"Merge pull request #38 from O-Darren/edit-use-cases","messageBody":"Update use cases","fileTypesAndContributionMap":{}},{"hash":"f0d4336c797fa163ec2777c6860d440da55003a3","isMergeCommit":true,"messageTitle":"Merge pull request #40 from IanCheah/DG-product-scope","messageBody":"Add product scope in DeveloperGuide","fileTypesAndContributionMap":{}},{"hash":"724d08609967ccbcb0ef9a833fe80529ebce5424","isMergeCommit":false,"messageTitle":"Update Java CLI badge","messageBody":"","fileTypesAndContributionMap":{"docs":{"insertions":1,"deletions":1}}},{"hash":"8da2ad2566f8e7a1dc8aaea1f1279e7984d7e867","isMergeCommit":true,"messageTitle":"Merge pull request #42 from YINZE66/master","messageBody":"Remove traces of AB3 from README","fileTypesAndContributionMap":{}},{"hash":"1cea41f1b0699b139fa3bc9b94552ff7f0781073","isMergeCommit":true,"messageTitle":"Merge pull request #39 from IanCheah/DG-nfr","messageBody":"Add non functional requirement for the project","fileTypesAndContributionMap":{}},{"hash":"c8cb71b24ada631f6fd91a5160483d7e03df2aec","isMergeCommit":false,"messageTitle":"Change markdown configuration file","messageBody":"","fileTypesAndContributionMap":{"other":{"insertions":2,"deletions":2}}},{"hash":"2b65c3ade335503f21eee3c41478cb28e5450853","isMergeCommit":false,"messageTitle":"Update index.md","messageBody":"","fileTypesAndContributionMap":{"docs":{"insertions":8,"deletions":7}}},{"hash":"adf125e9f58939732cae79abb06fe3c41cbf7e2e","isMergeCommit":true,"messageTitle":"Update index.md","messageBody":"","fileTypesAndContributionMap":{}}]},{"date":"2024-10-10","commitResults":[{"hash":"f62923be82f3a8b4ed45bda74babc4388b8c1e81","isMergeCommit":false,"messageTitle":"Add alternative for delete command","messageBody":"","fileTypesAndContributionMap":{"functional-code":{"insertions":3,"deletions":1}}},{"hash":"5ead03fb497762071158816d6e9d7cbb52c9e8e0","isMergeCommit":false,"messageTitle":"Update Parser test for alt delete command","messageBody":"","fileTypesAndContributionMap":{"test-code":{"insertions":7,"deletions":0}}},{"hash":"c379c49e6b08501f81c9323ce2418e65d849141f","isMergeCommit":true,"messageTitle":"Merge pull request #53 from YINZE66/add-list-command-alt","messageBody":"Add list command alt","fileTypesAndContributionMap":{}},{"hash":"78df40263700fff75433c1fad5a2287f5f2edd5c","isMergeCommit":true,"messageTitle":"Merge pull request #54 from nigellqx/add_exit_command_alt","messageBody":"Add Exit Command Alternative","fileTypesAndContributionMap":{}},{"hash":"cc322c2406ad0c058e1ef3a622cc75a1ef959379","isMergeCommit":true,"messageTitle":"Merge pull request #56 from O-Darren/Alternate-Find-Command","messageBody":"Add alternate find command","fileTypesAndContributionMap":{}},{"hash":"dc4231614990c35cc28713a0aac9f12a127dd40f","isMergeCommit":true,"messageTitle":"Merge pull request #55 from IanCheah/alternate-clear-command","messageBody":"Add clear command alternative","fileTypesAndContributionMap":{}}]},{"date":"2024-10-17","commitResults":[{"hash":"ea2bac4d5e29bdea9ec1d5d92cf14c21222cb944","isMergeCommit":true,"messageTitle":"Merge pull request #65 from IanCheah/branch-organisational-field","messageBody":"Add organisation field","fileTypesAndContributionMap":{}},{"hash":"df89ceeca1d56780a8b7413dcf58d6e88609ec17","isMergeCommit":false,"messageTitle":"Initialise changes for find by org","messageBody":"","fileTypesAndContributionMap":{"functional-code":{"insertions":79,"deletions":0}}},{"hash":"03c8846b282048471e4000f8b8fa2586b8e1b2e7","isMergeCommit":true,"messageTitle":"Merge commit \u0027ea2bac4d5e29bdea9ec1d5d92cf14c21222cb944\u0027 into find-by-organisation","messageBody":"* commit \u0027ea2bac4d5e29bdea9ec1d5d92cf14c21222cb944\u0027:\n  Fix javadocs inaccuracies\n  Fix junit tests\n  Fix style error\n  Fix style error\n  Add junit test for Organisation class\n  Update junit tests for JsonAdaptedPersonTest.java\n  Fix edit command for organisation field\n  Add organisation field\n  Update JsonAdaptedPerson class to include organisation field\n  Update sample data to include organisation field\n  Update logic classes to include the organisation field\n  Edit Person class to accommodate Organisation field\n  Add label to display organisation field\n  Add organisation class model\n","fileTypesAndContributionMap":{}},{"hash":"cedc1fb5dfa2ec2e7ce3c4fd3422874698d49fdd","isMergeCommit":false,"messageTitle":"Add find by organisation logic","messageBody":"","fileTypesAndContributionMap":{"functional-code":{"insertions":50,"deletions":16},"other":{"insertions":5,"deletions":2},"test-code":{"insertions":48,"deletions":25}}},{"hash":"a337db824ea0564f2cfe9d42207ecc9820289481","isMergeCommit":false,"messageTitle":"Fix style issues","messageBody":"","fileTypesAndContributionMap":{"functional-code":{"insertions":21,"deletions":8}}},{"hash":"e9abc16545364d8ee2d289bbf9344f988586f2e5","isMergeCommit":false,"messageTitle":"Fix style issues #2","messageBody":"","fileTypesAndContributionMap":{"test-code":{"insertions":17,"deletions":14}}},{"hash":"4aea9dc366733ea77296a190c90aaa0086886afc","isMergeCommit":false,"messageTitle":"Fix style issue #3","messageBody":"","fileTypesAndContributionMap":{"test-code":{"insertions":1,"deletions":1}}},{"hash":"b50b678e8e620b6790bd1c446321e25f95eed972","isMergeCommit":false,"messageTitle":"Fix style issue in FindCommandParserTest","messageBody":"","fileTypesAndContributionMap":{"test-code":{"insertions":3,"deletions":1}}},{"hash":"16f70c3677b97888a6ce0d810d7a729abb396464","isMergeCommit":false,"messageTitle":"Fix test logic in FindCommandParserTest","messageBody":"","fileTypesAndContributionMap":{"test-code":{"insertions":3,"deletions":3}}},{"hash":"05e1072f8b22615aaa77b8747835b4e3a6ec5677","isMergeCommit":false,"messageTitle":"Update FindCommandParserTest.java","messageBody":"","fileTypesAndContributionMap":{"test-code":{"insertions":2,"deletions":2}}}]},{"date":"2024-10-18","commitResults":[{"hash":"dd695edfbb0faf3f2f49cff122e684f71c99f81e","isMergeCommit":false,"messageTitle":"Edit FindCommandParserTest","messageBody":"","fileTypesAndContributionMap":{"test-code":{"insertions":1,"deletions":1}}},{"hash":"5624e77d1532c41f099e65b5e0adc55696e3855c","isMergeCommit":true,"messageTitle":"Merge branch \u0027find-by-organisation\u0027 of https://github.com/justsparsh/tp into find-by-organisation","messageBody":"* \u0027find-by-organisation\u0027 of https://github.com/justsparsh/tp:\n  Update FindCommandParserTest.java\n","fileTypesAndContributionMap":{}},{"hash":"311deb956cfca85b9f24774de09c90d3c9f49346","isMergeCommit":false,"messageTitle":"Fix Test Logic","messageBody":"","fileTypesAndContributionMap":{"functional-code":{"insertions":2,"deletions":2},"test-code":{"insertions":3,"deletions":3}}},{"hash":"b57b13024aded27717232edfaa871bcb6e170c31","isMergeCommit":false,"messageTitle":"Fix style issues","messageBody":"","fileTypesAndContributionMap":{"test-code":{"insertions":1,"deletions":1}}},{"hash":"07fa96e4e07b6dc2d7cb552d1152f73625bcfe78","isMergeCommit":false,"messageTitle":"Add more test cases","messageBody":"","fileTypesAndContributionMap":{"test-code":{"insertions":198,"deletions":4}}},{"hash":"6a86754c3c7fe7953e826ae943f3513a4f5a5cf8","isMergeCommit":false,"messageTitle":"Fix test case for CompoundedPredicate","messageBody":"","fileTypesAndContributionMap":{"test-code":{"insertions":8,"deletions":3}}},{"hash":"b769cbfc40d71e4bcb513764f61c69a5bb55c404","isMergeCommit":false,"messageTitle":"Fix style issues","messageBody":"","fileTypesAndContributionMap":{"test-code":{"insertions":3,"deletions":3}}},{"hash":"95cc1f9d40f9cc2afb28226dd4d96af4d129d0a0","isMergeCommit":true,"messageTitle":"Merge branch \u0027master\u0027 into find-by-org-and-stabalise-app","messageBody":"* master: (53 commits)\n  Delete unused importing lines\n  Add remark command parser test\n  Fix checkstyle problem about importing\n  Fix checkstyle problem about space\n  Add remark command test\n  Fix checkstyle problem about whitespace\n  Fix test problem in LogicManagerTest\n  Fix line that is longer than 120 character\n  Fix some test problems\n  Fix some test problems\n  Fix some test problems\n  Fix some checkstyle problems\n  Fix some small checkstyle problems\n  Fix checkstyle problems such as trailing space\n  LastSeenTest.java: Fix JUnit test on constructor\n  Update Person.java Update JsonAdaptedPerson.java\n  ParserUtil.java: Trim lastseen\n  Update AddCommand.java\n  Update AddCommandParserTest.java\n  Fix checkstyle problems about import order\n  ...\n","fileTypesAndContributionMap":{}},{"hash":"5f02b33711da92f7f4fb3c059eedcda05b654032","isMergeCommit":false,"messageTitle":"Fix SampleDataUtil","messageBody":"","fileTypesAndContributionMap":{"functional-code":{"insertions":4,"deletions":2}}},{"hash":"0ac9df23de0e0267e51270707f1b777253bcb834","isMergeCommit":false,"messageTitle":"Update UI for better looking priority label","messageBody":"","fileTypesAndContributionMap":{"functional-code":{"insertions":45,"deletions":13}}},{"hash":"c3b7e05002cf5e449786fa7be1379bf5563522b7","isMergeCommit":false,"messageTitle":"Add line at EOF","messageBody":"","fileTypesAndContributionMap":{"functional-code":{"insertions":2,"deletions":2}}},{"hash":"43cb5e5026459c24d5b6a58aa9ea128b0d341167","isMergeCommit":false,"messageTitle":"Fix whitespace","messageBody":"","fileTypesAndContributionMap":{"functional-code":{"insertions":3,"deletions":3}}},{"hash":"6dc6d7dc7627a6b3f965c54a7236cc12f610e3c5","isMergeCommit":false,"messageTitle":"Add default colour for priority tag","messageBody":"","fileTypesAndContributionMap":{"functional-code":{"insertions":1,"deletions":0}}},{"hash":"fcff3fc86eecaef74739b08d6dbadf832d0f1d4b","isMergeCommit":false,"messageTitle":"Add logic for sort by priority","messageBody":"","fileTypesAndContributionMap":{"functional-code":{"insertions":76,"deletions":1}}},{"hash":"56cc877dc9a0b889096b15eb4ac67976d077ecc7","isMergeCommit":true,"messageTitle":"Merge branch \u0027change-ui-for-priority\u0027 into add-sort-by-priority","messageBody":"* change-ui-for-priority:\n  Add default colour for priority tag\n  Fix whitespace\n  Add line at EOF\n  Update UI for better looking priority label\n","fileTypesAndContributionMap":{}},{"hash":"2301f9816ed433334ca85bac35ba4789e735be58","isMergeCommit":false,"messageTitle":"Adjust other commands to match model changes","messageBody":"","fileTypesAndContributionMap":{"functional-code":{"insertions":3,"deletions":3}}}]},{"date":"2024-10-19","commitResults":[{"hash":"b108b21994e7a1ecb6c6e66ff3d1ef95c467e5ec","isMergeCommit":true,"messageTitle":"Merge pull request #71 from IanCheah/branch-organisational-field","messageBody":"Add organisational field in success message","fileTypesAndContributionMap":{}},{"hash":"3da01b446be58bc45f7a61e2ec9dbb56c7838d13","isMergeCommit":false,"messageTitle":"Improve sort by priority","messageBody":"","fileTypesAndContributionMap":{"functional-code":{"insertions":71,"deletions":5}}},{"hash":"c0b7b0445b89a263166055b93f1aa82d50000f8a","isMergeCommit":false,"messageTitle":"Add EOF to new file","messageBody":"","fileTypesAndContributionMap":{"functional-code":{"insertions":1,"deletions":1}}},{"hash":"f388cabcb4c4bae2fa4a6c5d31784f04615cbeb9","isMergeCommit":false,"messageTitle":"Fix checkstyle issue","messageBody":"","fileTypesAndContributionMap":{"functional-code":{"insertions":5,"deletions":8}}},{"hash":"d216583e15e46b8ba1402676a9f39ff3dc613c73","isMergeCommit":false,"messageTitle":"Revert earlier logic changes","messageBody":"FilteredPersonsList is again the UI facing list rather than SortedPersonsList\n","fileTypesAndContributionMap":{"functional-code":{"insertions":6,"deletions":20},"test-code":{"insertions":6,"deletions":0}}},{"hash":"ad1bde54f5c6ae21efdffda7c97b460c7f74d7f2","isMergeCommit":false,"messageTitle":"Add critical unit tests","messageBody":"","fileTypesAndContributionMap":{"functional-code":{"insertions":44,"deletions":0},"test-code":{"insertions":124,"deletions":8}}},{"hash":"f31e6a5e531406e409903d26a5106fedff3731bc","isMergeCommit":false,"messageTitle":"Fix style issues","messageBody":"","fileTypesAndContributionMap":{"functional-code":{"insertions":0,"deletions":4},"test-code":{"insertions":11,"deletions":11}}},{"hash":"81440fca6699db9da7110269a2a152c739f02ca3","isMergeCommit":false,"messageTitle":"Remove unused code","messageBody":"","fileTypesAndContributionMap":{"functional-code":{"insertions":0,"deletions":8}}},{"hash":"9c6387aa1693b37600d8523dad052eadd778b2d0","isMergeCommit":false,"messageTitle":"Add more test cases","messageBody":"","fileTypesAndContributionMap":{"test-code":{"insertions":19,"deletions":0}}},{"hash":"efbc091ae5093ab247a326210c1fca57f32247ac","isMergeCommit":false,"messageTitle":"Fix style issues","messageBody":"","fileTypesAndContributionMap":{"test-code":{"insertions":1,"deletions":1}}},{"hash":"83a88f85f7a546c4990f854eec043c100259ae99","isMergeCommit":false,"messageTitle":"Fix tests","messageBody":"","fileTypesAndContributionMap":{"test-code":{"insertions":1,"deletions":0}}}]}],"IanCheah":[{"date":"2024-10-02","commitResults":[{"hash":"0ffb2be80827e2df8c3a1b17b213e7308c58e258","isMergeCommit":false,"messageTitle":"Add information about Ian in AboutUs.md","messageBody":"","fileTypesAndContributionMap":{"docs":{"insertions":4,"deletions":5}}},{"hash":"4e6e654a4ebb39aab2322bd880591cb5db4cb3bf","isMergeCommit":false,"messageTitle":"Update Ian\u0027s AboutUs information","messageBody":"","fileTypesAndContributionMap":{"docs":{"insertions":1,"deletions":1}}},{"hash":"89022de49316773f1d283f60c1aae4e3259865fc","isMergeCommit":false,"messageTitle":"Add product scope in DeceloperGuide","messageBody":"","fileTypesAndContributionMap":{"docs":{"insertions":9,"deletions":5}}},{"hash":"918d26d9e22a3c739e2ca8338143f5d3ec74a160","isMergeCommit":false,"messageTitle":"Add non functional requirement for the project","messageBody":"","fileTypesAndContributionMap":{"docs":{"insertions":9,"deletions":1}}}]},{"date":"2024-10-03","commitResults":[{"hash":"b0a33cc5f83a24cfe7267f691409c6b3c08e6c6f","isMergeCommit":true,"messageTitle":"Merge pull request #41 from justsparsh/Update-UI-Mockup","messageBody":"Update UI mockup","fileTypesAndContributionMap":{}},{"hash":"31ed7bbb6061083eef32a46b575cbea52fea5a99","isMergeCommit":true,"messageTitle":"Merge branch \u0027master\u0027 into DG-nfr","messageBody":"# Conflicts:\n#\tdocs/DeveloperGuide.md\n","fileTypesAndContributionMap":{}},{"hash":"fcbb3113af2143236e9ef241c460aedbafcb13e8","isMergeCommit":true,"messageTitle":"Merge pull request #44 from justsparsh/Update-UI-Mockup","messageBody":"Change markdown configuration file","fileTypesAndContributionMap":{}}]},{"date":"2024-10-10","commitResults":[{"hash":"13177f84db78647ff82a4ffff7f10f7762b7feb2","isMergeCommit":false,"messageTitle":"Edit clear command to include alternative commandword","messageBody":"","fileTypesAndContributionMap":{"functional-code":{"insertions":2,"deletions":1},"test-code":{"insertions":6,"deletions":0}}},{"hash":"02515792ae084de1baa6390115b4956a4d7f43f0","isMergeCommit":false,"messageTitle":"Fix style issue, removed tab space","messageBody":"","fileTypesAndContributionMap":{"functional-code":{"insertions":1,"deletions":1}}},{"hash":"7d3ffe3c38ab6ea058d683f71fc1c10135930bbd","isMergeCommit":false,"messageTitle":"Fix bug in AddressBookParserTest.java, clear_command_alt method","messageBody":"","fileTypesAndContributionMap":{"test-code":{"insertions":2,"deletions":1}}},{"hash":"11d59bc50fcc589a1a8ad129941e1c02fc8b929e","isMergeCommit":false,"messageTitle":"Fix trailing spaces","messageBody":"","fileTypesAndContributionMap":{"test-code":{"insertions":0,"deletions":1}}},{"hash":"8cc09b8129c1177452765c0c45174732fd55a000","isMergeCommit":false,"messageTitle":"Fix trailing white space","messageBody":"","fileTypesAndContributionMap":{"test-code":{"insertions":2,"deletions":2}}},{"hash":"f20e32346b19ab4a3207cce9bbac65d0d54b8ad3","isMergeCommit":false,"messageTitle":"Fix trailing white space from line 61","messageBody":"","fileTypesAndContributionMap":{"test-code":{"insertions":1,"deletions":1}}}]},{"date":"2024-10-16","commitResults":[{"hash":"572167f1dcebeef20be68b44eee0832ee7657199","isMergeCommit":false,"messageTitle":"Add organisation class model","messageBody":"","fileTypesAndContributionMap":{"functional-code":{"insertions":65,"deletions":0}}},{"hash":"b60c1c51e7dc2c1393284cc423c49c7715dbc08e","isMergeCommit":false,"messageTitle":"Add label to display organisation field","messageBody":"","fileTypesAndContributionMap":{"functional-code":{"insertions":3,"deletions":0}}},{"hash":"9f77ad51876b3d7f9ff2d6541ab6cb49775018ed","isMergeCommit":false,"messageTitle":"Edit Person class to accommodate Organisation field","messageBody":"","fileTypesAndContributionMap":{"functional-code":{"insertions":10,"deletions":3}}},{"hash":"b5b298eea2f96fafd067df227fedbabd64bb1f03","isMergeCommit":false,"messageTitle":"Update logic classes to include the organisation field","messageBody":"","fileTypesAndContributionMap":{"functional-code":{"insertions":41,"deletions":7}}},{"hash":"ca7a79beb39a4483f8c66d68ba2c4cd6cdbad328","isMergeCommit":false,"messageTitle":"Update sample data to include organisation field","messageBody":"","fileTypesAndContributionMap":{"functional-code":{"insertions":7,"deletions":6}}},{"hash":"922292c009c640a5736007f662c2108ac80f5d50","isMergeCommit":false,"messageTitle":"Update JsonAdaptedPerson class to include organisation field","messageBody":"","fileTypesAndContributionMap":{"functional-code":{"insertions":15,"deletions":2}}},{"hash":"5d54f721489b616a75265d8763fddd5419dd8cab","isMergeCommit":false,"messageTitle":"Add organisation field","messageBody":"","fileTypesAndContributionMap":{"functional-code":{"insertions":1,"deletions":0},"test-code":{"insertions":13,"deletions":1}}},{"hash":"4b30e0044f220eb05cafc390097a084799e791d2","isMergeCommit":false,"messageTitle":"Fix edit command for organisation field","messageBody":"","fileTypesAndContributionMap":{"functional-code":{"insertions":15,"deletions":3}}},{"hash":"3e49cc4d4efa4986136eb5a2311b166650ad03be","isMergeCommit":false,"messageTitle":"Update junit tests for JsonAdaptedPersonTest.java","messageBody":"","fileTypesAndContributionMap":{"test-code":{"insertions":37,"deletions":10}}},{"hash":"f917d43619df7a9803adea87f9a4f6af4f13723e","isMergeCommit":false,"messageTitle":"Add junit test for Organisation class","messageBody":"","fileTypesAndContributionMap":{"test-code":{"insertions":57,"deletions":0}}},{"hash":"f4961d1c655f7990cb7547e007e11743bdb08921","isMergeCommit":true,"messageTitle":"Merge branch \u0027master\u0027 into branch-organisational-field","messageBody":"","fileTypesAndContributionMap":{}},{"hash":"fc9472c615f111b4461a2b8a7f878f9265bdce1e","isMergeCommit":false,"messageTitle":"Fix style error","messageBody":"","fileTypesAndContributionMap":{"functional-code":{"insertions":3,"deletions":3}}},{"hash":"8c36ed839169952206a0b19d2da12e9c903c917b","isMergeCommit":false,"messageTitle":"Fix style error","messageBody":"","fileTypesAndContributionMap":{"test-code":{"insertions":2,"deletions":2}}},{"hash":"917c45da02ee2e682fa9566bdfd688c1b68891ba","isMergeCommit":false,"messageTitle":"Fix junit tests","messageBody":"","fileTypesAndContributionMap":{"test-code":{"insertions":95,"deletions":33}}},{"hash":"008a74a5feb82c58d7b064a4b39eede842cb564c","isMergeCommit":false,"messageTitle":"Fix javadocs inaccuracies","messageBody":"","fileTypesAndContributionMap":{"test-code":{"insertions":4,"deletions":4}}}]},{"date":"2024-10-17","commitResults":[{"hash":"9c647da05be2c5448bce032e0aee296a8084a66d","isMergeCommit":true,"messageTitle":"Merge pull request #64 from nigellqx/add_priority_field","messageBody":"Add priority field","fileTypesAndContributionMap":{}},{"hash":"3dc1dbd511f11ea7c145d7bccadf58dfdae31dc4","isMergeCommit":false,"messageTitle":"Add organisational field in success message","messageBody":"","fileTypesAndContributionMap":{"functional-code":{"insertions":2,"deletions":0}}}]},{"date":"2024-10-18","commitResults":[{"hash":"7b44cea5ccf7075091e4501bc46892a4b6e31d3e","isMergeCommit":true,"messageTitle":"Merge pull request #67 from YINZE66/add-remark-command","messageBody":"Add remark command and field","fileTypesAndContributionMap":{}}]}],"nigellqx":[{"date":"2024-10-02","commitResults":[{"hash":"ca37992d08a5f8a35a24ba8545577f88252dba66","isMergeCommit":false,"messageTitle":"Update AboutUs.md Add nigellqx.md","messageBody":"","fileTypesAndContributionMap":{"docs":{"insertions":16,"deletions":5}}},{"hash":"d9aff6cfc668407ba5d660ee51cc7105ce9c9114","isMergeCommit":false,"messageTitle":"Update AboutUs.md Update nigellqx.md","messageBody":"","fileTypesAndContributionMap":{"docs":{"insertions":2,"deletions":2}}},{"hash":"7d0832b94950db634a414f54efb3612825176bc3","isMergeCommit":true,"messageTitle":"Merge branch \u0027master\u0027 into update-AboutMe-nigel","messageBody":"","fileTypesAndContributionMap":{}},{"hash":"41b6ccae1d81ddc4f72d4922f64a7069aa366a29","isMergeCommit":true,"messageTitle":"Merge pull request #30 from IanCheah/branch-about-us","messageBody":"Update Ian\u0027s AboutUs information","fileTypesAndContributionMap":{}},{"hash":"b6e8258ffa3eab969b4ef19ef7785da796c5f2e8","isMergeCommit":false,"messageTitle":"Update DeveloperGuide.md","messageBody":"","fileTypesAndContributionMap":{"docs":{"insertions":26,"deletions":8}}},{"hash":"2a52748e00d407701674e4fd89b816e8316d7ec2","isMergeCommit":false,"messageTitle":"Update DeveloperGuide.md","messageBody":"","fileTypesAndContributionMap":{"docs":{"insertions":1,"deletions":0}}}]},{"date":"2024-10-10","commitResults":[{"hash":"8c358573f2662ca74742937d1a4ca6817088d1fb","isMergeCommit":false,"messageTitle":"Update ExitCommand.java Update AddressBookParser.java Update AddressBookParserTest.java","messageBody":"","fileTypesAndContributionMap":{"functional-code":{"insertions":3,"deletions":1},"test-code":{"insertions":6,"deletions":0}}},{"hash":"4c556a871ddcfd01952b0cd2e26902fb5aa59c0f","isMergeCommit":true,"messageTitle":"Merge pull request #51 from justsparsh/add-alternative-delete-command","messageBody":"Add alternative delete command","fileTypesAndContributionMap":{}}]},{"date":"2024-10-13","commitResults":[{"hash":"06d3db20129202c0139e34d87eae1025ddf02495","isMergeCommit":false,"messageTitle":"Add Priority Field","messageBody":"","fileTypesAndContributionMap":{"functional-code":{"insertions":184,"deletions":58},"test-code":{"insertions":77,"deletions":68}}},{"hash":"6fa3f75f9a1f04bbe3e8bd6d51dc799d087309d0","isMergeCommit":false,"messageTitle":"Add Editing of Priority Field","messageBody":"","fileTypesAndContributionMap":{"functional-code":{"insertions":5,"deletions":5}}},{"hash":"b6d4baa366160d5538c19a7295bc44decf1680f8","isMergeCommit":false,"messageTitle":"Fix Checks","messageBody":"","fileTypesAndContributionMap":{"functional-code":{"insertions":57,"deletions":15}}},{"hash":"22a9787cb15eb0f5ae079046af9d3e576c90115d","isMergeCommit":false,"messageTitle":"Update JsonAdaptedPerson.java","messageBody":"","fileTypesAndContributionMap":{"functional-code":{"insertions":1,"deletions":1}}},{"hash":"27a9f3ce6e192959c4ae294cf9d163e74451d1da","isMergeCommit":false,"messageTitle":"Fix Checks","messageBody":"","fileTypesAndContributionMap":{"test-code":{"insertions":53,"deletions":9}}},{"hash":"7a743b4be31034bd3678214ee3bfcd44e190a57b","isMergeCommit":false,"messageTitle":"Fix Checks","messageBody":"","fileTypesAndContributionMap":{"test-code":{"insertions":6,"deletions":2}}},{"hash":"a06e8071823bc7d87da17d3d58f6afe4472b6153","isMergeCommit":false,"messageTitle":"Add PriorityTest.java","messageBody":"","fileTypesAndContributionMap":{"test-code":{"insertions":64,"deletions":0}}}]},{"date":"2024-10-16","commitResults":[{"hash":"3836a33e67db48cfd5ad8d7f326f861f9e937f05","isMergeCommit":false,"messageTitle":"Update AddCommandParser.java","messageBody":"","fileTypesAndContributionMap":{"functional-code":{"insertions":1,"deletions":6}}},{"hash":"28ca4ff02260fad75dccf498f843083bde7450ee","isMergeCommit":false,"messageTitle":"Update ParserUtil.java","messageBody":"","fileTypesAndContributionMap":{"functional-code":{"insertions":2,"deletions":2}}},{"hash":"0c41a85ff764ac8d7383c5f769b5d4220bb8356e","isMergeCommit":false,"messageTitle":"Update ParserUtil.java Update ParserUtilTest.java","messageBody":"","fileTypesAndContributionMap":{"functional-code":{"insertions":1,"deletions":1},"test-code":{"insertions":26,"deletions":4}}},{"hash":"5ba1b366781b53f7ca62afaf087ca202ce092b37","isMergeCommit":false,"messageTitle":"Update ParserUtilTest.java","messageBody":"","fileTypesAndContributionMap":{"test-code":{"insertions":5,"deletions":1}}},{"hash":"1646867eed4c48f059ce8f2ee4584d359653d22a","isMergeCommit":false,"messageTitle":"Update CommandTestUtil.java Update AddCommandParserTest.java","messageBody":"","fileTypesAndContributionMap":{"test-code":{"insertions":15,"deletions":12}}},{"hash":"df0e7544101fdcdce6f604c33257cb54f8ab0f62","isMergeCommit":false,"messageTitle":"Fix Style Checks","messageBody":"","fileTypesAndContributionMap":{"test-code":{"insertions":6,"deletions":1}}}]},{"date":"2024-10-17","commitResults":[{"hash":"446429434e696e9fa05f082f29dbd6f31123d46a","isMergeCommit":false,"messageTitle":"Update PriorityTest.java","messageBody":"","fileTypesAndContributionMap":{"test-code":{"insertions":1,"deletions":1}}},{"hash":"dd01b61cb7f84c302bc518173002652bb7f0d807","isMergeCommit":true,"messageTitle":"Merge branch \u0027master\u0027 into add_priority_field","messageBody":"","fileTypesAndContributionMap":{}},{"hash":"5ac133e0623ea9d1d9646a1b8a12697c8c3642ab","isMergeCommit":false,"messageTitle":"Update AddCommandParserTest.java","messageBody":"","fileTypesAndContributionMap":{"test-code":{"insertions":10,"deletions":2}}},{"hash":"df9facb15f6a375561d542f2186b8a1af0114ec8","isMergeCommit":false,"messageTitle":"Update AddCommand.java","messageBody":"","fileTypesAndContributionMap":{"functional-code":{"insertions":1,"deletions":1}}},{"hash":"1041b8c44aa8a20ab81a470dc170f2253970315d","isMergeCommit":false,"messageTitle":"Update Person.java Update JsonAdaptedPerson.java","messageBody":"","fileTypesAndContributionMap":{"functional-code":{"insertions":2,"deletions":2}}},{"hash":"973afe99e3fa37b074efd60118f7fa3a889e9a51","isMergeCommit":true,"messageTitle":"Merge pull request #66 from O-Darren/add-date-field","messageBody":"Add last seen field","fileTypesAndContributionMap":{}}]},{"date":"2024-10-18","commitResults":[{"hash":"9ad54b27c2a986010521361ed7662d644a18e73a","isMergeCommit":true,"messageTitle":"Merge pull request #74 from justsparsh/change-ui-for-priority","messageBody":"Update UI for better looking priority label","tags":["v1.3"],"fileTypesAndContributionMap":{}}]}],"YINZE66":[{"date":"2024-10-02","commitResults":[{"hash":"609964aa80077fe1bdc08fbabe547f1e67516383","isMergeCommit":false,"messageTitle":"Update AboutUs page with yinze66.md","messageBody":"","fileTypesAndContributionMap":{"docs":{"insertions":14,"deletions":4}}},{"hash":"1557ec757a3ced81d48838185b35308848577242","isMergeCommit":false,"messageTitle":"Fix some nit that fails test","messageBody":"","fileTypesAndContributionMap":{"docs":{"insertions":1,"deletions":1}}},{"hash":"00b20c9858e7cfc19587c6711fd40d55da64a186","isMergeCommit":false,"messageTitle":"Add AboutMe page with yinze66.md","messageBody":"","fileTypesAndContributionMap":{"docs":{"insertions":1,"deletions":1}}}]},{"date":"2024-10-03","commitResults":[{"hash":"89452cb1e3c06ac858ed073d871491b6440b4f29","isMergeCommit":true,"messageTitle":"Merge branch \u0027master\u0027 of https://github.com/YINZE66/tp","messageBody":"* \u0027master\u0027 of https://github.com/YINZE66/tp: (21 commits)\n  Update Java CLI badge\n  Update UI Mockup\n  Update DeveloperGuide.md\n  Edit developer guide to include use cases for NetBook\n  Update DeveloperGuide.md\n  Add product scope in DeceloperGuide\n  Update Ian\u0027s AboutUs information\n  Add AboutMe page with yinze66.md\n  Add newlines\n  Fix some nit that fails test\n  Update AboutUs page with yinze66.md\n  Update AboutUs with Darren\u0027s info\n  add o-darren.png\n  Add suitable photo yinze66.png\n  Update AboutUs.md Update nigellqx.md\n  Update AboutUs.md Add nigellqx.md\n  Update AboutUs with Sparsh Info\n  Add Sparsh photo\n  Add information about Ian in AboutUs.md\n  Add Ian\u0027s profile photo\n  ...\n","fileTypesAndContributionMap":{}},{"hash":"408a2cf4052d9829c1dfccdb6bc2891057237da1","isMergeCommit":false,"messageTitle":"Remove traces of AB3 from README","messageBody":"","fileTypesAndContributionMap":{"docs":{"insertions":8,"deletions":10}}}]},{"date":"2024-10-10","commitResults":[{"hash":"7e7c5c26ae9168cb2a758973259f349928656085","isMergeCommit":false,"messageTitle":"Add list command alternative","messageBody":"","fileTypesAndContributionMap":{"functional-code":{"insertions":3,"deletions":1}}},{"hash":"011cae53a1b1ba9d30e818c218229f771edf72df","isMergeCommit":false,"messageTitle":"Add list command alternative test cases","messageBody":"","fileTypesAndContributionMap":{"test-code":{"insertions":14,"deletions":0}}}]},{"date":"2024-10-17","commitResults":[{"hash":"c8199e9e6c4cc1b21882b243b85bb277408e22ee","isMergeCommit":false,"messageTitle":"Add remark command and field","messageBody":"","fileTypesAndContributionMap":{"functional-code":{"insertions":255,"deletions":19},"test-code":{"insertions":220,"deletions":33}}},{"hash":"86c7b2b46d4e0f89935b0e4ce0072583f3c0a06f","isMergeCommit":false,"messageTitle":"Fix checkstyle problems about import order","messageBody":"","fileTypesAndContributionMap":{"functional-code":{"insertions":25,"deletions":17}}},{"hash":"1fce655af02f0c486b21609347853fab62bcd1a9","isMergeCommit":true,"messageTitle":"Merge branch \u0027master\u0027 into add-remark-command","messageBody":"","fileTypesAndContributionMap":{}},{"hash":"02f3726d166e91ff61004b1c306a7722929ed3df","isMergeCommit":false,"messageTitle":"Fix checkstyle problems such as trailing space","messageBody":"","fileTypesAndContributionMap":{"functional-code":{"insertions":10,"deletions":9},"test-code":{"insertions":12,"deletions":9}}},{"hash":"0ebf8306e9f8689229e17ee91099793578d5eaeb","isMergeCommit":false,"messageTitle":"Fix some small checkstyle problems","messageBody":"","fileTypesAndContributionMap":{"functional-code":{"insertions":4,"deletions":3}}},{"hash":"bce21af9085b4c3dbf764d9f4e85cd4b6a711bba","isMergeCommit":false,"messageTitle":"Fix some checkstyle problems","messageBody":"","fileTypesAndContributionMap":{"test-code":{"insertions":10,"deletions":12}}},{"hash":"59441f96496ccd4866b5653d19ba89d97369c868","isMergeCommit":false,"messageTitle":"Fix some test problems","messageBody":"","fileTypesAndContributionMap":{"functional-code":{"insertions":1,"deletions":1},"test-code":{"insertions":1,"deletions":3}}},{"hash":"0acd9ba0f541b3476ba3412b9cf7a9ee9511b938","isMergeCommit":false,"messageTitle":"Fix some test problems","messageBody":"","fileTypesAndContributionMap":{"functional-code":{"insertions":5,"deletions":3},"test-code":{"insertions":4,"deletions":3}}},{"hash":"6a2cb0e970ad7618d0934b6099c3d4db517ebe7c","isMergeCommit":false,"messageTitle":"Fix some test problems","messageBody":"","fileTypesAndContributionMap":{"functional-code":{"insertions":3,"deletions":3},"test-code":{"insertions":6,"deletions":5}}},{"hash":"db2723a8183c19ee959461af9ec9eb5440065569","isMergeCommit":false,"messageTitle":"Fix line that is longer than 120 character","messageBody":"","fileTypesAndContributionMap":{"functional-code":{"insertions":2,"deletions":1}}},{"hash":"f901ef3a49e14283c702e5f97a801f7fe00073de","isMergeCommit":false,"messageTitle":"Fix test problem in LogicManagerTest","messageBody":"","fileTypesAndContributionMap":{"test-code":{"insertions":3,"deletions":1}}},{"hash":"eaa8fec0ce594da8bbddab5c35c8abbe56a19c12","isMergeCommit":false,"messageTitle":"Fix checkstyle problem about whitespace","messageBody":"","fileTypesAndContributionMap":{"test-code":{"insertions":1,"deletions":1}}},{"hash":"8a52f868564dbcb69258cde7b4444c47d5894ab8","isMergeCommit":false,"messageTitle":"Add remark command test","messageBody":"","fileTypesAndContributionMap":{"functional-code":{"insertions":2,"deletions":4},"test-code":{"insertions":104,"deletions":0}}},{"hash":"1b04fa6c8c6a8377b5ee33af39bb5edb6521cb2a","isMergeCommit":false,"messageTitle":"Fix checkstyle problem about space","messageBody":"","fileTypesAndContributionMap":{"functional-code":{"insertions":1,"deletions":1}}},{"hash":"1200b5a8a725abc627fcc79db20b4ab368bdf6bd","isMergeCommit":false,"messageTitle":"Fix checkstyle problem about importing","messageBody":"","fileTypesAndContributionMap":{"test-code":{"insertions":1,"deletions":2}}},{"hash":"f6c899ea69a4d73769bf126261e776eacd535612","isMergeCommit":false,"messageTitle":"Add remark command parser test","messageBody":"","fileTypesAndContributionMap":{"functional-code":{"insertions":1,"deletions":1},"test-code":{"insertions":29,"deletions":0}}},{"hash":"10df10994e4a82e7e948f0a31b47ffbb57990f5d","isMergeCommit":false,"messageTitle":"Delete unused importing lines","messageBody":"","fileTypesAndContributionMap":{"test-code":{"insertions":0,"deletions":3}}}]},{"date":"2024-10-18","commitResults":[{"hash":"fdaa458a40be49fbbdfb2692239460d7951a172e","isMergeCommit":true,"messageTitle":"Merge pull request #73 from justsparsh/find-by-org-and-stabalise-app","messageBody":"Find by org and stabalise app","fileTypesAndContributionMap":{}}]},{"date":"2024-10-21","commitResults":[{"hash":"86d7b5177dce5764aaeb218792e8e19f5646208b","isMergeCommit":true,"messageTitle":"Merge pull request #75 from justsparsh/add-sort-by-priority","messageBody":"Add sort by priority","fileTypesAndContributionMap":{}}]}],"O-Darren":[{"date":"2024-10-02","commitResults":[{"hash":"aa71db5aa27449ab0137ed25b9092b4e996d853c","isMergeCommit":false,"messageTitle":"Update AboutUs with Darren\u0027s info","messageBody":"","fileTypesAndContributionMap":{"docs":{"insertions":15,"deletions":91}}},{"hash":"c447ec1bd2c11b6450342c7ec8ea67631b824374","isMergeCommit":false,"messageTitle":"Add newlines","messageBody":"","fileTypesAndContributionMap":{"docs":{"insertions":2,"deletions":2}}},{"hash":"f3d9d388b34fc354c475b894f240361c578f7129","isMergeCommit":true,"messageTitle":"Merge branch \u0027master\u0027 into update-AboutUs-Darren","messageBody":"","fileTypesAndContributionMap":{}},{"hash":"5c9b7298c586bd16b5ae0cc8a4a1ff45822a5bd9","isMergeCommit":true,"messageTitle":"Merge pull request #13 from justsparsh/update-AboutUs-Sparsh","messageBody":"Update AboutUs with Sparsh\u0027s Information","fileTypesAndContributionMap":{}},{"hash":"a5afe447c6ff53b9db0694601f47ea8b33297bd7","isMergeCommit":false,"messageTitle":"Edit developer guide to include use cases for NetBook","messageBody":"","fileTypesAndContributionMap":{"docs":{"insertions":85,"deletions":14}}}]},{"date":"2024-10-10","commitResults":[{"hash":"9a79c3ca7408efba7137c5d24ef17f63cd3b5ad9","isMergeCommit":false,"messageTitle":"Add alternative word for find command","messageBody":"","fileTypesAndContributionMap":{"functional-code":{"insertions":3,"deletions":1}}},{"hash":"0c83b020e2d1b2d1a72535c4795953a2d27a9cc9","isMergeCommit":false,"messageTitle":"Update parser test for alternate find command","messageBody":"","fileTypesAndContributionMap":{"test-code":{"insertions":8,"deletions":0}}}]},{"date":"2024-10-16","commitResults":[{"hash":"dbd0adf74dd5f227567fa3f4d358cc40aa370dd4","isMergeCommit":false,"messageTitle":"Create model of LastSeen","messageBody":"","fileTypesAndContributionMap":{"functional-code":{"insertions":59,"deletions":0}}},{"hash":"26078b6475226bada97521ed32b538a3c2ee6b2f","isMergeCommit":false,"messageTitle":"Person.java: Edit to include Last Seen date","messageBody":"","fileTypesAndContributionMap":{"functional-code":{"insertions":10,"deletions":3}}},{"hash":"191bf56a34097d7f6b5693bb7b8f1aabd4192580","isMergeCommit":false,"messageTitle":"LastSeen.java: Modify isValidDate method to be public","messageBody":"","fileTypesAndContributionMap":{"functional-code":{"insertions":1,"deletions":1}}},{"hash":"0d046e68d252b12c7556368919110d9c1d1b0def","isMergeCommit":false,"messageTitle":"Modify AddCommand and EditCommand to include the LastSeen field","messageBody":"","fileTypesAndContributionMap":{"functional-code":{"insertions":42,"deletions":36}}},{"hash":"853ade8609f54a0e297645a5d9e8a760d80deb0c","isMergeCommit":false,"messageTitle":"Update SampleDataUtil","messageBody":"","fileTypesAndContributionMap":{"functional-code":{"insertions":12,"deletions":16}}},{"hash":"9bb3e3ee0665bf837167660e1c6b9ee5cff99064","isMergeCommit":false,"messageTitle":"Update JsonAdaptedPerson.java to include LastSeen","messageBody":"","fileTypesAndContributionMap":{"functional-code":{"insertions":10,"deletions":7}}},{"hash":"147e9ba0a2c843f92688722dcd624c8d3c1c6de4","isMergeCommit":false,"messageTitle":"Add UI elements of lastSeen","messageBody":"","fileTypesAndContributionMap":{"functional-code":{"insertions":4,"deletions":0}}},{"hash":"d2e5390d37b37138ab2025583fc0209bfb1821a2","isMergeCommit":false,"messageTitle":"JsonAdaptedPerson.java: edit string representation in memory","messageBody":"","fileTypesAndContributionMap":{"functional-code":{"insertions":2,"deletions":2}}},{"hash":"bb3baeb3bd92ff1d146ea35574fc6ffc475790eb","isMergeCommit":false,"messageTitle":"Messages.java: Add support for last seen","messageBody":"","fileTypesAndContributionMap":{"functional-code":{"insertions":2,"deletions":0}}},{"hash":"04e776fa3a0891154fa78095974224408396b56f","isMergeCommit":false,"messageTitle":"Fix style issues","messageBody":"","fileTypesAndContributionMap":{"functional-code":{"insertions":66,"deletions":12}}},{"hash":"6a62ae39312a21daf0570de62fec55ddd79c6c9f","isMergeCommit":false,"messageTitle":"Fix style issues","messageBody":"","fileTypesAndContributionMap":{"functional-code":{"insertions":0,"deletions":1}}},{"hash":"256f1884c50956ee71651176eec18c06eed9abaf","isMergeCommit":false,"messageTitle":"PersonBuilder.java: Add support for last seen","messageBody":"","fileTypesAndContributionMap":{"test-code":{"insertions":11,"deletions":1}}},{"hash":"500a5298187fc329569e87940f2abd9c16024ef4","isMergeCommit":false,"messageTitle":"Fix JsonAdaptedPersonTest.java","messageBody":"","fileTypesAndContributionMap":{"functional-code":{"insertions":1,"deletions":1},"test-code":{"insertions":28,"deletions":13}}},{"hash":"f575902997a7eff3db1c9ea5d21f2133844894c7","isMergeCommit":false,"messageTitle":"Fix style issues","messageBody":"","fileTypesAndContributionMap":{"test-code":{"insertions":13,"deletions":4}}},{"hash":"4062af8a89d2f7b47c19b47cfd559ac04a4bdf79","isMergeCommit":false,"messageTitle":"Edit JsonAdaptedPersonTest","messageBody":"","fileTypesAndContributionMap":{"test-code":{"insertions":0,"deletions":1}}},{"hash":"f9b8b8675953552ca0f970b554403701ee7be743","isMergeCommit":false,"messageTitle":"Fix JUnit tests","messageBody":"","fileTypesAndContributionMap":{"functional-code":{"insertions":4,"deletions":1},"test-code":{"insertions":72,"deletions":29}}},{"hash":"f8f696993b79fcab5b6b3bb5cd29a8cfbb6f2cb6","isMergeCommit":false,"messageTitle":"Create LastSeenTest.java","messageBody":"","fileTypesAndContributionMap":{"test-code":{"insertions":47,"deletions":0}}}]},{"date":"2024-10-17","commitResults":[{"hash":"d03374a734b4c10bc83af1c7d84e3c5c7f82e8be","isMergeCommit":false,"messageTitle":"Improve code coverage","messageBody":"","fileTypesAndContributionMap":{"test-code":{"insertions":2,"deletions":1}}},{"hash":"adc861a55694d8757f2572404186a64309d6de6d","isMergeCommit":false,"messageTitle":"ParserUtil.java: Trim lastseen","messageBody":"","fileTypesAndContributionMap":{"functional-code":{"insertions":1,"deletions":1}}},{"hash":"dc4d4f27d27a14e0f7e8d67198890acfbe3dfe91","isMergeCommit":true,"messageTitle":"Merge branch \u0027master\u0027 into add-date-field and resolve conflicts","messageBody":"","fileTypesAndContributionMap":{}},{"hash":"0e2d30b832df93750735d94c4ad948aed70c8f40","isMergeCommit":false,"messageTitle":"LastSeenTest.java: Fix JUnit test on constructor","messageBody":"","fileTypesAndContributionMap":{"test-code":{"insertions":3,"deletions":3}}}]}]},"authorFileTypeContributionMap":{"justsparsh":{"docs":25,"functional-code":345,"test-code":405,"other":3},"IanCheah":{"docs":22,"functional-code":140,"test-code":147},"nigellqx":{"docs":42,"functional-code":148,"test-code":150},"YINZE66":{"docs":21,"functional-code":283,"test-code":375},"O-Darren":{"docs":94,"functional-code":142,"test-code":129}},"authorContributionVariance":{"justsparsh":10410.24,"IanCheah":5913.172,"nigellqx":11190.589,"YINZE66":20994.482,"O-Darren":9024.75},"authorDisplayNameMap":{"justsparsh":"CS2103T-F08-4 SPAR..UMAR","IanCheah":"CS2103T-F08-4 CHEA.. IAN","nigellqx":"CS2103T-F08-4 NIGE..IANG","YINZE66":"CS2103T-F08-4 LIU ..INZE","O-Darren":"CS2103T-F08-4 ONG ..RREN"}}
