{"authorDailyContributionsMap":{"voldiemort":[{"date":"2024-10-02","commitResults":[{"hash":"1173ce1d97d8d0918533547d176468eaf221ff85","isMergeCommit":false,"messageTitle":"Update the AboutUs page: Xan","messageBody":"","fileTypesAndContributionMap":{"docs":{"insertions":4,"deletions":4}}},{"hash":"71838d9af4e63f395bbe7f50bd7badb6ca2da5c0","isMergeCommit":false,"messageTitle":"Update portfolio in AboutUs page","messageBody":"","fileTypesAndContributionMap":{"docs":{"insertions":1,"deletions":1}}},{"hash":"f8e554362640b8080ecf18264d06eadb31dcfe09","isMergeCommit":true,"messageTitle":"Merge pull request #24 from voldiemort/about-us-page","messageBody":"Update the AboutUs page: Xan","fileTypesAndContributionMap":{}}]},{"date":"2024-10-03","commitResults":[{"hash":"eedbed987c746b5651df7b9954e3702425796b27","isMergeCommit":false,"messageTitle":"Update README to match project","messageBody":"","fileTypesAndContributionMap":{"docs":{"insertions":14,"deletions":11}}},{"hash":"d23a3ea8fb3f9ec3610437fb3051dd1dbd2180b4","isMergeCommit":true,"messageTitle":"Merge branch \u0027master\u0027 into update-readme","messageBody":"","fileTypesAndContributionMap":{}}]},{"date":"2024-10-04","commitResults":[{"hash":"4042227a79d5b505b8d82ecd1591d7f8fea110e4","isMergeCommit":true,"messageTitle":"Merge branch \u0027master\u0027 into update-readme","messageBody":"","fileTypesAndContributionMap":{}},{"hash":"8d965361856dbff45be2c714d332796268b5e468","isMergeCommit":true,"messageTitle":"[#29] Update README to match project: Update instances of AB3 to CFG (#44)","messageBody":"","fileTypesAndContributionMap":{}}]},{"date":"2024-10-07","commitResults":[{"hash":"1574abcbc507e1c160845453bb6b11f9a6d93f07","isMergeCommit":false,"messageTitle":"Add use cases to DG","messageBody":"","fileTypesAndContributionMap":{"docs":{"insertions":65,"deletions":1}}}]},{"date":"2024-10-10","commitResults":[{"hash":"b481e561f945480c5c0a1ba4c3c4f727c2755336","isMergeCommit":false,"messageTitle":"Create a Group class","messageBody":"","fileTypesAndContributionMap":{"functional-code":{"insertions":16,"deletions":0}}},{"hash":"9faef1c3b6723c08cd50ce7ec47ec56981e5ffee","isMergeCommit":false,"messageTitle":"Create a Group class","messageBody":"","fileTypesAndContributionMap":{"functional-code":{"insertions":16,"deletions":0}}},{"hash":"a69cfc062ff1411c8ef906edd61711e6f41608af","isMergeCommit":true,"messageTitle":"Fix formatting issues","messageBody":"","fileTypesAndContributionMap":{}},{"hash":"129a4febb49437427bfad06a8ae9c4980b46b21c","isMergeCommit":false,"messageTitle":"Add Javadoc comments","messageBody":"","fileTypesAndContributionMap":{"functional-code":{"insertions":9,"deletions":0}}},{"hash":"c0ff44ab8cb208a4912977c2be54859bb79751e9","isMergeCommit":false,"messageTitle":"Add javadoc comment","messageBody":"","fileTypesAndContributionMap":{"functional-code":{"insertions":3,"deletions":0}}},{"hash":"a1f69991ffe4d29ce97a84b8f70dd1247180c345","isMergeCommit":false,"messageTitle":"Create GroupList class","messageBody":"","fileTypesAndContributionMap":{"functional-code":{"insertions":80,"deletions":0},"other":{"insertions":18,"deletions":2}}},{"hash":"f7833c23b3f28869191240baf05d4cec997d00fa","isMergeCommit":false,"messageTitle":"Modify README to remove all mentions of AB3","messageBody":"","fileTypesAndContributionMap":{"docs":{"insertions":3,"deletions":14}}},{"hash":"9c07302f6ba6b1f13ab5f96e1efb54de325a24c4","isMergeCommit":false,"messageTitle":"Modify wording in README","messageBody":"","fileTypesAndContributionMap":{"docs":{"insertions":2,"deletions":1}}}]},{"date":"2024-10-16","commitResults":[{"hash":"e1bcaf62ffa1f4b45e0fd84f3f6b23b084b0f836","isMergeCommit":false,"messageTitle":"Add a Create Group command","messageBody":"","fileTypesAndContributionMap":{"functional-code":{"insertions":167,"deletions":0}}},{"hash":"4002e41e391d68a02259e70fe9ae5091ca695d26","isMergeCommit":false,"messageTitle":"Fix style errors","messageBody":"","fileTypesAndContributionMap":{"functional-code":{"insertions":12,"deletions":12}}},{"hash":"e88bc8c7876855a169c8ed8e40f8d265ac4d98ec","isMergeCommit":false,"messageTitle":"Modify stub to correctly implement Model","messageBody":"","fileTypesAndContributionMap":{"test-code":{"insertions":11,"deletions":0}}},{"hash":"f936b4b2b94d33d109f7f7460bb73e45c56f16d8","isMergeCommit":true,"messageTitle":"[#66] Add sorting functionality for list command (#77)","messageBody":"","fileTypesAndContributionMap":{}},{"hash":"9ff81466563482f287cddf2ff78382a250b3007b","isMergeCommit":true,"messageTitle":"Merge branch \u0027master\u0027 into create-group-command","messageBody":"","fileTypesAndContributionMap":{}},{"hash":"78069a0a9a7148a7abedc2d1372cd0d0256bf2ad","isMergeCommit":false,"messageTitle":"Add a Delete Group command","messageBody":"","fileTypesAndContributionMap":{"functional-code":{"insertions":97,"deletions":8},"test-code":{"insertions":2,"deletions":2}}},{"hash":"0daf685b5a8b51e657f9741fe15c0e7564e24ea4","isMergeCommit":false,"messageTitle":"Change method name","messageBody":"Change from Model::getFilteredPersonList to Model::getPersonList as per\nthe refactoring in a previous PR.\n","fileTypesAndContributionMap":{"functional-code":{"insertions":1,"deletions":1}}},{"hash":"6a756bba37d96d3e7aba0aa7fa135386437d9ba2","isMergeCommit":false,"messageTitle":"Add prefix for group name","messageBody":"","fileTypesAndContributionMap":{"functional-code":{"insertions":16,"deletions":4}}},{"hash":"d0a4cdddf996594ec599f0dcc6afe48012fa3022","isMergeCommit":true,"messageTitle":"Merge branch \u0027master\u0027 into delete-group-command","messageBody":"","fileTypesAndContributionMap":{}},{"hash":"ed3a187f53af3e2f4d3472da5aa89e856ae58b67","isMergeCommit":false,"messageTitle":"Use g/ prefix for group name","messageBody":"","fileTypesAndContributionMap":{"functional-code":{"insertions":15,"deletions":3}}},{"hash":"5b8a9007168ff80b3a854b244c527dab1032339f","isMergeCommit":false,"messageTitle":"Add a View Group command","messageBody":"","fileTypesAndContributionMap":{"functional-code":{"insertions":133,"deletions":2},"test-code":{"insertions":7,"deletions":0}}},{"hash":"e4d6d009d4d8a75ec8bcec8fdfd3c0d09cc44d12","isMergeCommit":false,"messageTitle":"Add a View Group command","messageBody":"","fileTypesAndContributionMap":{"functional-code":{"insertions":132,"deletions":1},"test-code":{"insertions":7,"deletions":0}}},{"hash":"6db63913b32eed1b99dbb8a17f3a06d5d9ce8e4a","isMergeCommit":true,"messageTitle":"Add a View Group command","messageBody":"","fileTypesAndContributionMap":{}},{"hash":"0816737850adf089b2d7ba23eaf703269857135f","isMergeCommit":false,"messageTitle":"Change access modifier of internalList of group","messageBody":"","fileTypesAndContributionMap":{"functional-code":{"insertions":1,"deletions":1},"test-code":{"insertions":0,"deletions":1}}}]},{"date":"2024-10-17","commitResults":[{"hash":"094033ce5ac68e4f4c84e4182f7d7ddb594d3c44","isMergeCommit":false,"messageTitle":"Save groups to storage","messageBody":"Not currently functional. Seeking sanity check.\n","fileTypesAndContributionMap":{"functional-code":{"insertions":144,"deletions":6},"test-code":{"insertions":8,"deletions":0}}},{"hash":"6dc8a128af019f93e307f847ee4c7a40d419a5fb","isMergeCommit":false,"messageTitle":"Fixed save groups functionality","messageBody":"","fileTypesAndContributionMap":{"functional-code":{"insertions":24,"deletions":19},"test-code":{"insertions":2,"deletions":3}}},{"hash":"cbe54881fe0a16f79860101e33e7d3ebae8e46e0","isMergeCommit":true,"messageTitle":"Merge branch \u0027master\u0027 into delete-group-command","messageBody":"","fileTypesAndContributionMap":{}},{"hash":"5241db02843f6bc04d629bc4b6c9e1d6958a6714","isMergeCommit":true,"messageTitle":"Merge branch \u0027master\u0027 into save-groups","messageBody":"","fileTypesAndContributionMap":{}},{"hash":"c18ee2c650dababea62a2e8a4e104004ba8a231b","isMergeCommit":true,"messageTitle":"[#91] Save groups in storage (#95)","messageBody":"With this PR, the format of the storage file has been changed. If you run the app with the same storage file, it will be unable to load. To remedy this, either:\r\n\r\n1. Go into your `data/addressbook.json`, and the \"groups\" in the corresponding spot: \r\n```\r\n\"persons\" : [\r\n// persons\r\n],\r\n\"groups\" : [ ]\r\n```\r\n2. Work from an empty address book and add people from there. The data will be correctly saved from now on.\r\n","fileTypesAndContributionMap":{}},{"hash":"80213c63be080405ba3540dc11edb8a2fa219b90","isMergeCommit":false,"messageTitle":"Update UG to include new Group related commands","messageBody":"","fileTypesAndContributionMap":{"docs":{"insertions":38,"deletions":7}}},{"hash":"8ff2684e2cd5745277f5e402b1a4aad8094fd6f3","isMergeCommit":false,"messageTitle":"Add group commands to command summary in UG","messageBody":"","fileTypesAndContributionMap":{"docs":{"insertions":3,"deletions":0}}},{"hash":"9625cab8c40745755ac483aa78002a31dd6c208c","isMergeCommit":false,"messageTitle":"Display usage message for Delete Group command","messageBody":"","fileTypesAndContributionMap":{"functional-code":{"insertions":1,"deletions":1}}},{"hash":"0d157825f5ac765e8d4d764f7da5595a73d2d75e","isMergeCommit":true,"messageTitle":"Merge pull request #106 from voldiemort/delete-group-bugfix","messageBody":"Display usage message for Delete Group command","fileTypesAndContributionMap":{}}]},{"date":"2024-10-22","commitResults":[{"hash":"ea2481a5136a6c8d2242e1f97bd98ec8f12f225c","isMergeCommit":false,"messageTitle":"Add command to copy emails","messageBody":"","fileTypesAndContributionMap":{"functional-code":{"insertions":37,"deletions":0},"other":{"insertions":1,"deletions":1}}}]},{"date":"2024-10-23","commitResults":[{"hash":"22a42423ebb121980dfa78ac192d29b5bd050a3b","isMergeCommit":true,"messageTitle":"Merge branch \u0027master\u0027 into email","messageBody":"","fileTypesAndContributionMap":{}},{"hash":"12cee24e06ddb664454dde29aa3fa616fbfe7e20","isMergeCommit":false,"messageTitle":"Add SLAP to command execution","messageBody":"","fileTypesAndContributionMap":{"functional-code":{"insertions":14,"deletions":5}}},{"hash":"418026fe1d8636a760f2651e29591e2d8daa78b1","isMergeCommit":false,"messageTitle":"Add command to list groups","messageBody":"","fileTypesAndContributionMap":{"functional-code":{"insertions":54,"deletions":0},"test-code":{"insertions":5,"deletions":0}}},{"hash":"c4046305e520a9ccddbac3ec669bde9f598bba53","isMergeCommit":true,"messageTitle":"[#144] Add command to copy emails (#148)","messageBody":"","fileTypesAndContributionMap":{}},{"hash":"6c6b038c533ca358342f38f2659ed403fa4dda1b","isMergeCommit":true,"messageTitle":"Merge branch \u0027master\u0027 into list-groups","messageBody":"","fileTypesAndContributionMap":{}}]},{"date":"2024-10-24","commitResults":[{"hash":"e70a1971552c6e75327d3cc2e3760d934bc80681","isMergeCommit":false,"messageTitle":"Update UG for ListGroups and Email command","messageBody":"","fileTypesAndContributionMap":{"docs":{"insertions":15,"deletions":0}}}]},{"date":"2024-10-31","commitResults":[{"hash":"fcf3df6330a833c58b7f92e0af3acb39392cfc9a","isMergeCommit":false,"messageTitle":"Add FilteredPersons to Model Class diagram in DG","messageBody":"","fileTypesAndContributionMap":{"docs":{"insertions":4,"deletions":1}}},{"hash":"661ec1ee2ed69b4ddaf3de9dc8700af9037df6bf","isMergeCommit":false,"messageTitle":"Fix Delete Group Command","messageBody":"After the change to `GroupList` implementation to better match\n`UniquePersonList`, the `deleteGroup` command stopped working as\nintended (could no longer delete existing groups with the correct name).\n\nLet\u0027s\n* add a fix to resolve this without reverting the implementation of\n  `GroupList`.\n* add some tests on `deleteGroup` to ensure that regression errors will\n  be spotted earlier in the future.\n","fileTypesAndContributionMap":{"functional-code":{"insertions":9,"deletions":2}}}]},{"date":"2024-11-01","commitResults":[{"hash":"2bcd5cc7f0c9dcb4335a6d32933d60276ae28872","isMergeCommit":false,"messageTitle":"Add tests for DeleteGroupCommand","messageBody":"","fileTypesAndContributionMap":{"test-code":{"insertions":49,"deletions":0}}},{"hash":"2a327f1fc8c43497809aaf888a3bef751d7159a3","isMergeCommit":false,"messageTitle":"Edit formatting in tests","messageBody":"","fileTypesAndContributionMap":{"test-code":{"insertions":2,"deletions":2}}},{"hash":"377133ac6dcb88b93ab49015173a5551e1346980","isMergeCommit":false,"messageTitle":"Clean up import statements","messageBody":"","fileTypesAndContributionMap":{"test-code":{"insertions":1,"deletions":0}}}]},{"date":"2024-11-05","commitResults":[{"hash":"ea05e3334d1648d3095cab30da9f80d71f2853fc","isMergeCommit":false,"messageTitle":"Update UG to have examples for Group commands","messageBody":"Additionally,\n* Reordered some commands to make more cohesive sense.\n* Reorder the commands under \u0027Command summary\u0027 to make them reflect the\n  order in the UG above.\n","fileTypesAndContributionMap":{"docs":{"insertions":25,"deletions":13}}},{"hash":"7f907c8ba7e2c53f5f4ba7857bc9604dc2e00b7e","isMergeCommit":false,"messageTitle":"Use \u0027current list in view\u0027 for clarity","messageBody":"","fileTypesAndContributionMap":{"docs":{"insertions":3,"deletions":3}}},{"hash":"64bc01816aa47cfa20b59e2d1abcabf86fa3cff7","isMergeCommit":false,"messageTitle":"Throw an exception on empty group name","messageBody":"Applies to both createGroup and editGroupName.\n","fileTypesAndContributionMap":{"functional-code":{"insertions":9,"deletions":0}}}]}],"chongsun2002":[{"date":"2024-10-02","commitResults":[{"hash":"9348a9820df40959ab7d279244117fa1d6f397d7","isMergeCommit":false,"messageTitle":"Update AboutUs page","messageBody":"","fileTypesAndContributionMap":{"docs":{"insertions":7,"deletions":5}}},{"hash":"ee485ac87cc0719452f1bab041a2a5f850a05aff","isMergeCommit":true,"messageTitle":"Resolve merge conflict with upstream repo","messageBody":"","fileTypesAndContributionMap":{}}]},{"date":"2024-10-03","commitResults":[{"hash":"1a172b80ea2cf0c2dd7173a15932ae205459e799","isMergeCommit":false,"messageTitle":"Update dg\u0027s value proposition to be more specific","messageBody":"","fileTypesAndContributionMap":{"docs":{"insertions":6,"deletions":1}}},{"hash":"96573c331b32cbfad2190c3414d89b5ad3082ddd","isMergeCommit":false,"messageTitle":"Change instances of VWO to NGO","messageBody":"","fileTypesAndContributionMap":{"docs":{"insertions":2,"deletions":2}}},{"hash":"d546e559a8af26ef83203caaa9cc0eb5dfc71f12","isMergeCommit":false,"messageTitle":"Add build status badges for 3 github actions","messageBody":"","fileTypesAndContributionMap":{"docs":{"insertions":5,"deletions":1}}},{"hash":"f196d37f57fd265cdc2aad5baaa466e5a082fa0f","isMergeCommit":true,"messageTitle":"Merge pull request #42 from Justin-Yeo/update-readme-codesource","messageBody":"[#40] Update README to match project: Acknowledge the original source of the code (#42)","fileTypesAndContributionMap":{}}]},{"date":"2024-10-04","commitResults":[{"hash":"55e4791db83765ff79bdd73ae1acfc4fd6e9ef1b","isMergeCommit":true,"messageTitle":"Resolve merge conflicts in Readme.md","messageBody":"","fileTypesAndContributionMap":{}},{"hash":"587c85e55be4106f4e12d442895f4aa82893ea61","isMergeCommit":true,"messageTitle":"Merge pull request #46 from chongsun2002/branch-UpdateReadmeBuildStatusBadge","messageBody":"[#39] Update README to match project: Update the link of the GitHub Actions build status badge (#46)","fileTypesAndContributionMap":{}}]},{"date":"2024-10-10","commitResults":[{"hash":"50229587cdde6f8ca8c4a1f1d9df7e5388613a55","isMergeCommit":false,"messageTitle":"Add classes to set volunteer hours","messageBody":"","fileTypesAndContributionMap":{"functional-code":{"insertions":113,"deletions":1}}},{"hash":"b1aec06b31c8cca57a4e6ad81cac9c574ffe6d49","isMergeCommit":false,"messageTitle":"Fix coding style violations","messageBody":"","fileTypesAndContributionMap":{"functional-code":{"insertions":14,"deletions":3}}},{"hash":"5cf765f0611940185bbc24520719a1a23493b7cd","isMergeCommit":true,"messageTitle":"[#57] Create a Group class (#61)","messageBody":"","fileTypesAndContributionMap":{}}]},{"date":"2024-10-16","commitResults":[{"hash":"31329270881687d9ec9f97894c1c8dd44459b48d","isMergeCommit":false,"messageTitle":"Make SetVolunteerHoursCommand\u0027s execute functional","messageBody":"","fileTypesAndContributionMap":{"functional-code":{"insertions":68,"deletions":4},"other":{"insertions":24,"deletions":2},"test-code":{"insertions":10,"deletions":0}}},{"hash":"2409bbecb4a9c01a40ea2931707fd0cd2e519abf","isMergeCommit":false,"messageTitle":"Fix checkstyle violations","messageBody":"","fileTypesAndContributionMap":{"functional-code":{"insertions":9,"deletions":4}}}]},{"date":"2024-10-17","commitResults":[{"hash":"9448d816f9cadfc03bd8d7e12fd31bd73ab63746","isMergeCommit":false,"messageTitle":"Fix test compilation error","messageBody":"","fileTypesAndContributionMap":{"test-code":{"insertions":15,"deletions":0}}},{"hash":"46abf26d025ff45e23a756055cfe091a4fac0e7d","isMergeCommit":true,"messageTitle":"[#59] Add a View group command (#92)","messageBody":"","fileTypesAndContributionMap":{}},{"hash":"d5d370f2568760f798a0f9e24fc945aa4d23750c","isMergeCommit":true,"messageTitle":"[#103] Fix Test Issues (#105)","messageBody":"Revert \"Add different roles and update add command\"","fileTypesAndContributionMap":{}},{"hash":"ff8db3e6409b163c87a86ed1de616e88393ebc5d","isMergeCommit":false,"messageTitle":"Add unit test for SetVolunteerHoursCommandParser","messageBody":"","fileTypesAndContributionMap":{"functional-code":{"insertions":1,"deletions":1},"test-code":{"insertions":50,"deletions":11}}},{"hash":"d172860d5880a0d3ec6ebe52d283d6d3f103eb0d","isMergeCommit":false,"messageTitle":"Fix checkstyle issues","messageBody":"","fileTypesAndContributionMap":{"functional-code":{"insertions":2,"deletions":1}}},{"hash":"c2fa45f782f172a7ce4e18c1e533857332254ae7","isMergeCommit":false,"messageTitle":"Fix checkstyle issues","messageBody":"","fileTypesAndContributionMap":{"test-code":{"insertions":10,"deletions":6}}}]},{"date":"2024-10-18","commitResults":[{"hash":"4aef9beb8e5dd7393467e36948a182262c0b672e","isMergeCommit":true,"messageTitle":"[#90] Write unit tests for methods involved in setting volunteer hours (#113)","messageBody":"Write unit tests for methods involved in setting volunteer hours","fileTypesAndContributionMap":{}}]},{"date":"2024-10-24","commitResults":[{"hash":"2910ded2218afe46bcc8ec75b23f4a41d7d29cc5","isMergeCommit":false,"messageTitle":"Add ability to edit group name","messageBody":"","fileTypesAndContributionMap":{"functional-code":{"insertions":199,"deletions":37},"test-code":{"insertions":10,"deletions":0}}},{"hash":"909c78184cf4c695ef339122d94291cfca7f0c00","isMergeCommit":true,"messageTitle":"Resolve merge conflicts with upstream repo","messageBody":"","fileTypesAndContributionMap":{}},{"hash":"9aa29ae37fba02f1ba722f2d928d5383d305f356","isMergeCommit":false,"messageTitle":"Updated EditGroupNameCommand\u0027s message usage","messageBody":"","fileTypesAndContributionMap":{"functional-code":{"insertions":1,"deletions":1}}},{"hash":"d1f42a6497c429b34ad7bb708e7a19cf619d8be1","isMergeCommit":true,"messageTitle":"Update branch with latest commits to master","messageBody":"","fileTypesAndContributionMap":{}},{"hash":"40ba48e36f61ec7f7e40be7c9326bd74b94e18db","isMergeCommit":true,"messageTitle":"[#166] Allow group names to be changed (#167)","messageBody":"Add ability to edit group name","fileTypesAndContributionMap":{}},{"hash":"a4203caa397b1528cf2c11d694644b7632191a7f","isMergeCommit":false,"messageTitle":"Added function to add contacts to existing group","messageBody":"","fileTypesAndContributionMap":{"functional-code":{"insertions":184,"deletions":3}}},{"hash":"d4c32f383a418b865fa0841459d6e6f982040bf1","isMergeCommit":true,"messageTitle":"Sync upstream master branch with branch","messageBody":"","fileTypesAndContributionMap":{}},{"hash":"643482b240d4414571b396061487cd27db671320","isMergeCommit":true,"messageTitle":"Update branch with latest upstream commit","messageBody":"","fileTypesAndContributionMap":{}},{"hash":"fcb9ea77bf61e4ac3927ba4b34764ebc1eabf470","isMergeCommit":false,"messageTitle":"Abstract out member parsing and address PR comments","messageBody":"","fileTypesAndContributionMap":{"functional-code":{"insertions":30,"deletions":9}}},{"hash":"970427ceddfcf3f321d5d7233154add7e74e9e85","isMergeCommit":false,"messageTitle":"Update UG","messageBody":"","fileTypesAndContributionMap":{"docs":{"insertions":39,"deletions":0}}},{"hash":"4e11df77188cae7266182f21933119f2c2bcfaa9","isMergeCommit":false,"messageTitle":"Fix EOF whitespace bug","messageBody":"","fileTypesAndContributionMap":{"docs":{"insertions":1,"deletions":1}}},{"hash":"fb67f3b8f46e28d3f68e7f530e54776950fa5b95","isMergeCommit":false,"messageTitle":"Update version in mainapp","messageBody":"","fileTypesAndContributionMap":{"functional-code":{"insertions":1,"deletions":1}}},{"hash":"7f2c546d9c6487626f72e804a10dd61734ac438e","isMergeCommit":true,"messageTitle":"[#168] Create command to allow adding new users into group (#178)","messageBody":"Add functionality to add contacts to existing group","tags":["v1.4"],"fileTypesAndContributionMap":{}}]},{"date":"2024-10-31","commitResults":[{"hash":"70575f23663d2c04a2c0d856b7d84ba68097e49e","isMergeCommit":false,"messageTitle":"Make edits to UML diagrams for model and command","messageBody":"","fileTypesAndContributionMap":{"docs":{"insertions":24,"deletions":0}}},{"hash":"29b380f2cdc18228b478d1db92283ffd296ad2f5","isMergeCommit":false,"messageTitle":"Add newline to eof","messageBody":"","fileTypesAndContributionMap":{"docs":{"insertions":1,"deletions":1}}}]},{"date":"2024-11-04","commitResults":[{"hash":"40c4b6728e0cf9d5749f436089292be465c56cb7","isMergeCommit":false,"messageTitle":"Fix alpha bugs for groups and wrote tests","messageBody":"","fileTypesAndContributionMap":{"functional-code":{"insertions":58,"deletions":5},"test-code":{"insertions":99,"deletions":0}}}]},{"date":"2024-11-06","commitResults":[{"hash":"a5cdf32f26dbf29e1c9baf0106d5846b682f6854","isMergeCommit":true,"messageTitle":"Sync the branch with upstream master branch","messageBody":"","fileTypesAndContributionMap":{}},{"hash":"2dc23d1daa4f02cf4f53bb059b54963d4e3a192b","isMergeCommit":false,"messageTitle":"Add group copy constructor","messageBody":"","fileTypesAndContributionMap":{"functional-code":{"insertions":14,"deletions":15}}},{"hash":"9e0c1d495963f8115e69641e0a32b29db369a5ba","isMergeCommit":true,"messageTitle":"[#184, #197, #198, #200, #201] Fix alpha bugs (#247)","messageBody":"Fix alpha bugs for group related commands and write tests for some commands","fileTypesAndContributionMap":{}}]}],"zzzlou":[{"date":"2024-10-01","commitResults":[{"hash":"900e824f2f7caf05819579355edf9aa03f29d3c9","isMergeCommit":false,"messageTitle":"Update AboutUs.md","messageBody":"","fileTypesAndContributionMap":{"docs":{"insertions":5,"deletions":5}}}]},{"date":"2024-10-02","commitResults":[{"hash":"4c0c84f5295cbe7f228cc76f79fd1c0cef0fc9ee","isMergeCommit":false,"messageTitle":"Update AboutUs.md","messageBody":"","fileTypesAndContributionMap":{"docs":{"insertions":1,"deletions":1}}},{"hash":"405c9bfbbd3d28c182306d14280304131389dc20","isMergeCommit":true,"messageTitle":"Merge pull request #13 from zzzlou/12-update-the-aboutus-page","messageBody":"Update the AboutUs page: Zhanzhi","fileTypesAndContributionMap":{}},{"hash":"8f9bd06acc311fe68ff0e5d0f31de527aa2f7fec","isMergeCommit":true,"messageTitle":"Merge pull request #26 from chongsun2002/branch-UpdateAboutUs","messageBody":"Update AboutUs page","fileTypesAndContributionMap":{}}]},{"date":"2024-10-05","commitResults":[{"hash":"11d0b3d05b8a441f002d808970664a226400abcb","isMergeCommit":false,"messageTitle":"Update user stories","messageBody":"","fileTypesAndContributionMap":{"docs":{"insertions":23,"deletions":10}}}]},{"date":"2024-10-06","commitResults":[{"hash":"e21ec69492e0eea9e5430d5e67cd733fab57af3d","isMergeCommit":false,"messageTitle":"Update DeverloperGuide.md","messageBody":"","fileTypesAndContributionMap":{"docs":{"insertions":0,"deletions":5}}},{"hash":"9d966acf3eefc09dbb7975de18f9d275cf445390","isMergeCommit":true,"messageTitle":"Merge pull request #49 from zzzlou/update-dg-userstories","messageBody":"Update user stories","fileTypesAndContributionMap":{}},{"hash":"563a568d581d645326606aae6ef33ccf9531a4bf","isMergeCommit":true,"messageTitle":"Merge pull request #48 from zzzlou/add-ui-mockup","messageBody":"Add UI mockup","fileTypesAndContributionMap":{}}]},{"date":"2024-10-10","commitResults":[{"hash":"e17f9e562c23b707d3168ec449a7d909231e47ab","isMergeCommit":false,"messageTitle":"Create volunteer class","messageBody":"","fileTypesAndContributionMap":{"functional-code":{"insertions":157,"deletions":5}}},{"hash":"28f0900455ee2ee0843a16531ab0253428948ed5","isMergeCommit":false,"messageTitle":"Create volunteer class","messageBody":"","fileTypesAndContributionMap":{"functional-code":{"insertions":8,"deletions":6}}},{"hash":"da8f8becc34f461f7c319ae37915db3608a47df7","isMergeCommit":true,"messageTitle":"Merge pull request #73 from zzzlou/add-volunteer-class","messageBody":"[#54] Create a volunteer class (#73)","fileTypesAndContributionMap":{}}]},{"date":"2024-10-16","commitResults":[{"hash":"d305db5c8f37df70e1c414cec9843bcafd48fbcb","isMergeCommit":false,"messageTitle":"Create donor class","messageBody":"","fileTypesAndContributionMap":{"functional-code":{"insertions":153,"deletions":0}}},{"hash":"84d596944d2a5b09d3a96e77708d9a013a35e993","isMergeCommit":false,"messageTitle":"Create partner class","messageBody":"","fileTypesAndContributionMap":{"functional-code":{"insertions":98,"deletions":0}}},{"hash":"58f799de5b3f8b0a42dd53ec4d2ced1bdaf3cc4a","isMergeCommit":false,"messageTitle":"Create different roles","messageBody":"","fileTypesAndContributionMap":{"functional-code":{"insertions":12,"deletions":0}}},{"hash":"cd3dce7e0e6044c1497d5c7c5532ccaa08661eab","isMergeCommit":false,"messageTitle":"Create various roles","messageBody":"","fileTypesAndContributionMap":{"functional-code":{"insertions":649,"deletions":72},"test-code":{"insertions":78,"deletions":12}}}]},{"date":"2024-10-17","commitResults":[{"hash":"16fc11775a58e1dcfc62cee67c24dec172d0884f","isMergeCommit":true,"messageTitle":"Merge pull request #82 from zzzlou/add-donor-class","messageBody":"[#79] Create a donor class #82 ","fileTypesAndContributionMap":{}},{"hash":"198cef8a489aefffec5cc2d20e2471fbd2abfb5a","isMergeCommit":true,"messageTitle":"Resolve conflicts","messageBody":"","fileTypesAndContributionMap":{}},{"hash":"56afe1ea33491dd99f202da2714e24b7824618a9","isMergeCommit":true,"messageTitle":"Merge pull request #86 from zzzlou/add-partner-class","messageBody":"[#80] Create a partner class #86","fileTypesAndContributionMap":{}},{"hash":"8fd21d84831273a55b5c9e147ef9f232d482045e","isMergeCommit":true,"messageTitle":"Resolve conflicts, change hours to take in String for convenience","messageBody":"","fileTypesAndContributionMap":{}},{"hash":"0db92751c78b1dbe08a84bc4e562e61c49f63c07","isMergeCommit":true,"messageTitle":"[#85] Modify add command to specify type of person to add #93","messageBody":"Chang hours constructors to take in Strings for convenience and consistency. ","fileTypesAndContributionMap":{}}]},{"date":"2024-10-18","commitResults":[{"hash":"299b5bfa796cb8e231856beb6a63adc591166cc1","isMergeCommit":false,"messageTitle":"Fix tests issues","messageBody":"","fileTypesAndContributionMap":{"functional-code":{"insertions":50,"deletions":14},"test-code":{"insertions":45,"deletions":92}}},{"hash":"1f72541748c73eb568c6f6b3c8d407f55963cd00","isMergeCommit":false,"messageTitle":"Fix minor issues","messageBody":"","fileTypesAndContributionMap":{"functional-code":{"insertions":21,"deletions":73},"docs":{"insertions":17,"deletions":12},"test-code":{"insertions":0,"deletions":2}}},{"hash":"ef856e1e89c3f7781f778fa55c2659450ab82b19","isMergeCommit":true,"messageTitle":"Resolved conflicts for the last time","messageBody":"","fileTypesAndContributionMap":{}},{"hash":"e41125278b4e9e0220c89a8f4b71fd9dc881178b","isMergeCommit":true,"messageTitle":"[#103] Fix test issue #117","messageBody":"Rebase and clean up files","fileTypesAndContributionMap":{}},{"hash":"bbeec788fadc5198e25d980b592701aa6e8614a1","isMergeCommit":false,"messageTitle":"Add ui and fix one test","messageBody":"","fileTypesAndContributionMap":{"functional-code":{"insertions":39,"deletions":0},"test-code":{"insertions":3,"deletions":2}}},{"hash":"6aad821ae0a7304c393ef684ba01aa4f80491fe3","isMergeCommit":false,"messageTitle":"Add message for wrong command usage","messageBody":"","fileTypesAndContributionMap":{"functional-code":{"insertions":12,"deletions":1}}}]},{"date":"2024-10-20","commitResults":[{"hash":"3a278eabd408822e53e671b7575226ff8560c89b","isMergeCommit":false,"messageTitle":"Improve code quality in person-related classes","messageBody":"","fileTypesAndContributionMap":{"functional-code":{"insertions":10,"deletions":26}}},{"hash":"6e89832818e3a33cc925282e35773b43d469ebbf","isMergeCommit":false,"messageTitle":"Refine toString method","messageBody":"","fileTypesAndContributionMap":{"functional-code":{"insertions":18,"deletions":27}}},{"hash":"14350061923e56eb13a8e5d9dc6d03b53b2c2159","isMergeCommit":false,"messageTitle":"Improve error message for missing fields","messageBody":"","fileTypesAndContributionMap":{"functional-code":{"insertions":6,"deletions":6}}},{"hash":"6cb59cb351f53d96648900e4d26d46da8c9f9897","isMergeCommit":false,"messageTitle":"Improve error message for missing fields","messageBody":"","fileTypesAndContributionMap":{"functional-code":{"insertions":6,"deletions":34}}}]},{"date":"2024-10-21","commitResults":[{"hash":"dee9ced786a176e6f57793de9e52f6b19efbbd1b","isMergeCommit":false,"messageTitle":"Improve code quality for donor class","messageBody":"","fileTypesAndContributionMap":{"functional-code":{"insertions":1,"deletions":1}}},{"hash":"9cf95c31ae67b9f225c6e606d113a55f5e42ee69","isMergeCommit":true,"messageTitle":"[#102] Improve code quality for Donor class (#139)","messageBody":"Improve code quality for Donor class","fileTypesAndContributionMap":{}}]},{"date":"2024-10-22","commitResults":[{"hash":"d33978110f1478715230cb1fd94ef9c789ed57dd","isMergeCommit":false,"messageTitle":"Improve abstraction in person factory","messageBody":"","fileTypesAndContributionMap":{"functional-code":{"insertions":38,"deletions":21}}},{"hash":"aeb8d846e0c40a01b9cc017f3ae4aecd2ec6b4f2","isMergeCommit":false,"messageTitle":"Improve static string","messageBody":"","fileTypesAndContributionMap":{"functional-code":{"insertions":4,"deletions":4}}},{"hash":"ee541059164f773d8277da3bb74331dae1fc37d4","isMergeCommit":false,"messageTitle":"Abstract out r/person","messageBody":"","fileTypesAndContributionMap":{"test-code":{"insertions":51,"deletions":33}}},{"hash":"7cf11f79aa95383e7e8c3b3efd7ff043c79a76c1","isMergeCommit":false,"messageTitle":"Throw exception for invalid field","messageBody":"","fileTypesAndContributionMap":{"functional-code":{"insertions":49,"deletions":6}}},{"hash":"d676398df4b9c0d96175e01447c4a2b08f67926c","isMergeCommit":false,"messageTitle":"Change role to an optional field","messageBody":"","fileTypesAndContributionMap":{"functional-code":{"insertions":3,"deletions":2}}}]},{"date":"2024-10-23","commitResults":[{"hash":"af166b9fe36c21ce6eb537e75299e1119044517f","isMergeCommit":false,"messageTitle":"Resolve conflicts","messageBody":"","fileTypesAndContributionMap":{"functional-code":{"insertions":44,"deletions":6}}},{"hash":"c7d17a43079ff157b4fbc6dbaebeb211a6ac562e","isMergeCommit":true,"messageTitle":"Resolve conflicts 2","messageBody":"","fileTypesAndContributionMap":{}},{"hash":"6076a7fc2e36318b00f67d27aa2aa80ffd405803","isMergeCommit":true,"messageTitle":"[#128] Improve error message for missing fields (#141)","messageBody":"Improve error message for missing fields","fileTypesAndContributionMap":{}},{"hash":"49464328057160f874c328f7c6d586099d01cf22","isMergeCommit":false,"messageTitle":"Update UG to document Person related changes","messageBody":"","fileTypesAndContributionMap":{"docs":{"insertions":31,"deletions":9}}},{"hash":"26b6809954622bc624101123df876f3066e0020c","isMergeCommit":false,"messageTitle":"Update UG to document Person related changes","messageBody":"","fileTypesAndContributionMap":{"docs":{"insertions":2,"deletions":1}}},{"hash":"d3975dcad1f84016d53dce40b1d46e50f945276c","isMergeCommit":false,"messageTitle":"Refine userguide to be more accurate","messageBody":"","fileTypesAndContributionMap":{"docs":{"insertions":2,"deletions":4}}},{"hash":"d84f6a4940a236957588bda5ad14a7b5b0ae9dca","isMergeCommit":false,"messageTitle":"Refine userguide to be more accurate","messageBody":"","fileTypesAndContributionMap":{"docs":{"insertions":1,"deletions":1}}},{"hash":"0fd36bf2fa80bc74e5eeabd7a90d32b861090eeb","isMergeCommit":false,"messageTitle":"Fix typos in userguide","messageBody":"","fileTypesAndContributionMap":{"docs":{"insertions":1,"deletions":1}}},{"hash":"1e9b06944df00698d581909725de0a0e87fae189","isMergeCommit":false,"messageTitle":"Fix more typos in userguide","messageBody":"","fileTypesAndContributionMap":{"docs":{"insertions":9,"deletions":3}}},{"hash":"aa3b1e46bbd95a83c8531d3b8e4514a09f854608","isMergeCommit":false,"messageTitle":"Improve clarity in userguide","messageBody":"","fileTypesAndContributionMap":{"docs":{"insertions":1,"deletions":1}}}]},{"date":"2024-10-27","commitResults":[{"hash":"ce11a7d4667aec5c005bfc02a37b8213620e81a9","isMergeCommit":false,"messageTitle":"Update DG for role related changes","messageBody":"","fileTypesAndContributionMap":{"docs":{"insertions":12,"deletions":0}}}]},{"date":"2024-11-04","commitResults":[{"hash":"a486a7f36135fe68286ce259a7bf5efcf9eb6366","isMergeCommit":false,"messageTitle":"Fix edit\u0027s error message","messageBody":"","fileTypesAndContributionMap":{"functional-code":{"insertions":1,"deletions":1}}},{"hash":"230f2eac16b3cb5dbc3d7e7309200fbd62a9c4cb","isMergeCommit":false,"messageTitle":"Add hyperlink to help window","messageBody":"","fileTypesAndContributionMap":{"functional-code":{"insertions":35,"deletions":4}}}]},{"date":"2024-11-05","commitResults":[{"hash":"98563e040acecfaf010d5649c055904e336d1a1d","isMergeCommit":true,"messageTitle":"[#191] Update help command to display hyperlink to UG (#246)","messageBody":"Add hyperlink to help window","fileTypesAndContributionMap":{}}]}],"seah-minlong":[{"date":"2024-10-02","commitResults":[{"hash":"a7e47b1fc8b7eb99efd194cba22b614d300b7511","isMergeCommit":false,"messageTitle":"Update AboutUs page for minlong","messageBody":"","fileTypesAndContributionMap":{"docs":{"insertions":54,"deletions":6}}},{"hash":"a3e717cb8a59801bb282c83bf794482dd1de2a95","isMergeCommit":true,"messageTitle":"Merge pull request #25 from seah-minlong/branch-update-aboutus","messageBody":"Update the AboutUs page: Minlong","fileTypesAndContributionMap":{}},{"hash":"d1ce3e8bd92bbc601284fea8b677d1ef25de81b6","isMergeCommit":false,"messageTitle":"Update site-wide settings","messageBody":"Update link to point to team\u0027s repo instead of the AB-3 repo\n","fileTypesAndContributionMap":{"docs":{"insertions":2,"deletions":2}}},{"hash":"0b9010260275b2d6e8120aa32f245cf3c0348919","isMergeCommit":false,"messageTitle":"Update non-functional requirements and glossary","messageBody":"","fileTypesAndContributionMap":{"docs":{"insertions":25,"deletions":6}}},{"hash":"a4156ffa899b2085c64d99f1f4e10ef66e70b655","isMergeCommit":false,"messageTitle":"Update definition for reminder in glossary","messageBody":"","fileTypesAndContributionMap":{"docs":{"insertions":10,"deletions":10}}}]},{"date":"2024-10-03","commitResults":[{"hash":"2e4861a60e9198b8c2963a8a3055b737754b4fb7","isMergeCommit":true,"messageTitle":"Merge pull request #31 from seah-minlong/update-site-wide-settings","messageBody":"Update site-wide settings","fileTypesAndContributionMap":{}},{"hash":"e294a61af4cbde3dad8212b1dca3c3106e064666","isMergeCommit":true,"messageTitle":"Merge pull request #34 from seah-minlong/update-dg","messageBody":"Update the DG: Non-functional requirements \u0026 Glossary","fileTypesAndContributionMap":{}}]},{"date":"2024-10-04","commitResults":[{"hash":"bd41d2dca0055f4393fb4915644f7d06a8469111","isMergeCommit":true,"messageTitle":"[#36] Update DG: Value proposition (#45)","messageBody":"","fileTypesAndContributionMap":{}}]},{"date":"2024-10-05","commitResults":[{"hash":"71ccdf62ea14fea78d412a07c5700c1709fa93c8","isMergeCommit":false,"messageTitle":"Add ListCommandParser class","messageBody":"","fileTypesAndContributionMap":{"functional-code":{"insertions":29,"deletions":1},"test-code":{"insertions":30,"deletions":0}}}]},{"date":"2024-10-06","commitResults":[{"hash":"7552bf17576d1bf88bdd03178a82463a32b9480f","isMergeCommit":true,"messageTitle":"Merge branch \u0027master\u0027 into add-listcommandparser","messageBody":"","fileTypesAndContributionMap":{}}]},{"date":"2024-10-09","commitResults":[{"hash":"dc6ab50f19121950d8629d84abd908ae203a2135","isMergeCommit":true,"messageTitle":"[#50] Add ListCommandParser class (#51)","messageBody":"","fileTypesAndContributionMap":{}},{"hash":"0c183fc65a34eb74038c254c89c1c5be5ef55427","isMergeCommit":true,"messageTitle":"[#30] Update DG: Add Use Cases (#53)","messageBody":"","fileTypesAndContributionMap":{}}]},{"date":"2024-10-10","commitResults":[{"hash":"7875eee05ace2c04625b2597cb5af5e1083df42d","isMergeCommit":false,"messageTitle":"Add parsing support for sorting options in ListCommandParser","messageBody":"If a sorting option is entered, it will say that sorting\nhas not been implemented yet. Sorting functionality will be\nimplemented in the next iteration\n","fileTypesAndContributionMap":{"functional-code":{"insertions":55,"deletions":7},"test-code":{"insertions":15,"deletions":9}}},{"hash":"235f08360a7b88b672e1c0462568ba712f2be544","isMergeCommit":false,"messageTitle":"Update an import to be explicit","messageBody":"","fileTypesAndContributionMap":{"functional-code":{"insertions":2,"deletions":1}}},{"hash":"fca6a7fb00dcf8bc12cec472ef9b354d3711412b","isMergeCommit":false,"messageTitle":"Add tests for ListCommand","messageBody":"","fileTypesAndContributionMap":{"test-code":{"insertions":31,"deletions":0}}},{"hash":"12d042d469e85dc47ae1a3aa3f13ed8c94e21ba0","isMergeCommit":true,"messageTitle":"[#69] Remove all traces of AB3 in README (#70)","messageBody":"Remove all traces of AB3 in README","fileTypesAndContributionMap":{}},{"hash":"9061909c49c5a584f51e247c4f8d5038793d137c","isMergeCommit":true,"messageTitle":"[#55] Add classes to set volunteer hours (#56)","messageBody":"","fileTypesAndContributionMap":{}},{"hash":"d0e9a9d1517528f07459b1b28da4005823484389","isMergeCommit":true,"messageTitle":"[#62] Create GroupList class (#63)","messageBody":"","fileTypesAndContributionMap":{}}]},{"date":"2024-10-11","commitResults":[{"hash":"2b57787bd6cd814de7b81a3ed936da1075158087","isMergeCommit":true,"messageTitle":"Merge branch \u0027master\u0027 into add-parsing-support-sort","messageBody":"# Conflicts:\n#\tsrc/main/java/seedu/address/logic/parser/CliSyntax.java\n\nResolution: Kept both lines\n","fileTypesAndContributionMap":{}},{"hash":"b95af399571966bcb1d16f60b15ca619d23964f1","isMergeCommit":true,"messageTitle":"[#52] Add parsing support for sorting options in ListCommandParser (sorting functionality pending) (#67)","messageBody":"","fileTypesAndContributionMap":{}},{"hash":"5be49ca17bd65963985cb8c2eb1b2332147590d2","isMergeCommit":false,"messageTitle":"Add SortOption class and parseSortOption method","messageBody":"","fileTypesAndContributionMap":{"functional-code":{"insertions":94,"deletions":7},"test-code":{"insertions":20,"deletions":6}}},{"hash":"9522a96d83b623f9f550d6192e9871203d973974","isMergeCommit":false,"messageTitle":"Correct error message for unsupported sort option","messageBody":"","fileTypesAndContributionMap":{"functional-code":{"insertions":1,"deletions":1}}}]},{"date":"2024-10-12","commitResults":[{"hash":"99abdc2f2ca48226a25ac3bc83c0b1a3ac69e2fd","isMergeCommit":false,"messageTitle":"Add SortOptionTest","messageBody":"","fileTypesAndContributionMap":{"test-code":{"insertions":68,"deletions":0}}}]},{"date":"2024-10-15","commitResults":[{"hash":"497913e3261480201aa302bdb38cec7f0e992c7a","isMergeCommit":false,"messageTitle":"Update SortOption constructor and SortOptionTest","messageBody":"","fileTypesAndContributionMap":{"functional-code":{"insertions":2,"deletions":0},"test-code":{"insertions":24,"deletions":8}}},{"hash":"27e91c64b6ca01f75d97234a8419879e958cd478","isMergeCommit":true,"messageTitle":"[#74] Add SortOption class and parseSortOption method (#75)","messageBody":"Add SortOption class and parseSortOption method","fileTypesAndContributionMap":{}},{"hash":"53f07128f36ad0989c306a53ffd33c5e58f59ff1","isMergeCommit":false,"messageTitle":"Update valid SortOption to name instead of alphabet","messageBody":"","fileTypesAndContributionMap":{"functional-code":{"insertions":2,"deletions":2},"test-code":{"insertions":15,"deletions":29}}},{"hash":"58af1ff08731438b3010ab99249ce504b3640033","isMergeCommit":false,"messageTitle":"Add sorting functionality to Model class","messageBody":"FilteredList does not have sorting functionality.\n\nLet\u0027s\n* Wrap the existing FilteredList with a SortedList to\nenable sorting capabilities.\n* Rename getFilteredPersonList() to getPersonList() to reflect that\nthe list may be both filtered and sorted.\n* Update getPersonList() to return the SortedList, which observes\nchanges in the FilteredList and updates accordingly.\n* Implement methods to update the sort comparator, allowing the\nlist to be sorted based on different criteria.\n\nFuture calls to the list command after sorting will present\nthe sorted list until the sort parameter is cleared.\n","fileTypesAndContributionMap":{"functional-code":{"insertions":58,"deletions":19},"test-code":{"insertions":36,"deletions":25}}}]},{"date":"2024-10-16","commitResults":[{"hash":"30f88645f113929591822a424cf31d34a237adf4","isMergeCommit":false,"messageTitle":"Update ListCommandTest","messageBody":"","fileTypesAndContributionMap":{"test-code":{"insertions":31,"deletions":3}}},{"hash":"22616c1c8ed5d49ba898ff1c3674567e2f7bd4fb","isMergeCommit":false,"messageTitle":"Update javadoc for getPersonList() method in ModelManager","messageBody":"","fileTypesAndContributionMap":{"functional-code":{"insertions":6,"deletions":0}}},{"hash":"db9f76aa00c07b3a7d9f4bdb70d71827fcf3c0e6","isMergeCommit":false,"messageTitle":"Update ListCommand MESSAGE_USAGE and error handling","messageBody":"","fileTypesAndContributionMap":{"functional-code":{"insertions":8,"deletions":2},"test-code":{"insertions":6,"deletions":1}}},{"hash":"1e937d817df44af85dd9a560d1c04a26113858fa","isMergeCommit":true,"messageTitle":"[#58] Add a Create Group command (#78)","messageBody":"Add a Create Group command","fileTypesAndContributionMap":{}}]},{"date":"2024-10-17","commitResults":[{"hash":"85566497d59628d388d49b587b10e11c89a09a26","isMergeCommit":false,"messageTitle":"Update User Guide for list command","messageBody":"","fileTypesAndContributionMap":{"docs":{"insertions":11,"deletions":2}}},{"hash":"add5a69c75ff7504e87fa77f7cd917d0b8da759e","isMergeCommit":true,"messageTitle":"[#60] Add a Delete Group command (#88)","messageBody":"","fileTypesAndContributionMap":{}},{"hash":"f3d1c4b95d21c8251df685c14c858480dc94c8ba","isMergeCommit":true,"messageTitle":"[#68] Update UG for list command (#96)","messageBody":"","fileTypesAndContributionMap":{}},{"hash":"317ece628d5f85ab9d31bc346ae5c295e45d7052","isMergeCommit":true,"messageTitle":"[#89] Make SetVolunteerHoursCommand\u0027s execute functional (#94)","messageBody":"","fileTypesAndContributionMap":{}},{"hash":"6af34fa946851146bd0ae16f289eb256bdca8b1a","isMergeCommit":true,"messageTitle":"[#100] Update UG to include new Group related commands (#101)","messageBody":"","fileTypesAndContributionMap":{}},{"hash":"3c044684e7b2118aa5e7ebfe10fcb9ab11180ac3","isMergeCommit":false,"messageTitle":"Revert \"Add different roles and update add command\"","messageBody":"","fileTypesAndContributionMap":{"functional-code":{"insertions":81,"deletions":659},"other":{"insertions":7,"deletions":5},"test-code":{"insertions":12,"deletions":78}}},{"hash":"12518c77a3e1add2c601f37dc227dea9b1eb2aee","isMergeCommit":false,"messageTitle":"Update release version in MainApp to v1.3","messageBody":"","fileTypesAndContributionMap":{"functional-code":{"insertions":1,"deletions":1}}}]},{"date":"2024-10-18","commitResults":[{"hash":"18db660dfb3353afa73aa8b7f89ece71c41f9e99","isMergeCommit":true,"messageTitle":"[#125] Update ui and fix one test (#126)","messageBody":"","fileTypesAndContributionMap":{}},{"hash":"29fc25bbd3f13e3b579077ce2ab4055d0b8ce9bb","isMergeCommit":false,"messageTitle":"Update name sorting to ignore capitalisation","messageBody":"","fileTypesAndContributionMap":{"functional-code":{"insertions":2,"deletions":1}}},{"hash":"ee6680978aa393dc00c652c186206f6c5194abe6","isMergeCommit":false,"messageTitle":"Add SortCommand and SortCommandParser","messageBody":"List and sort functionality are combined.\n\nSeparating them allows for sort to be utilised\nafter any other command.\n\nLet\u0027s\n* Create SortCommand and SortCommandParser class\n* Remove SortOption from ListCommand\n* Update ListCommand to ignore any preamble or extra parameters\n","fileTypesAndContributionMap":{"functional-code":{"insertions":74,"deletions":47},"other":{"insertions":14,"deletions":18},"test-code":{"insertions":58,"deletions":55}}},{"hash":"250a601cb48c8a8fa9c0c7c0b022ca3aae186f32","isMergeCommit":false,"messageTitle":"Update SortOptionTest and SortCommandTest","messageBody":"","fileTypesAndContributionMap":{"functional-code":{"insertions":4,"deletions":1},"test-code":{"insertions":49,"deletions":3}}},{"hash":"c898a7935f1b213c94c2f6b6aa4d9bf7522ac5c5","isMergeCommit":true,"messageTitle":"[#129] Update name sorting to ignore capitalisation (#130)","messageBody":"","fileTypesAndContributionMap":{}},{"hash":"10b57625ed53a43cf7dd7d620934520feefeeb81","isMergeCommit":false,"messageTitle":"Update SortCommandParserTest","messageBody":"","fileTypesAndContributionMap":{"test-code":{"insertions":1,"deletions":1}}},{"hash":"ac5a7d69a2509d4e741a842e7cab958270f60782","isMergeCommit":true,"messageTitle":"[#127] Add command not displaying correct error message (#131)","messageBody":"","fileTypesAndContributionMap":{}},{"hash":"fd13b0ec3fbb67054c14b2cbd68389839c3609de","isMergeCommit":true,"messageTitle":"Merge branch \u0027master\u0027 into create-sort-command","messageBody":"","fileTypesAndContributionMap":{}},{"hash":"796c2b9388ad0f4d5489ba3658460702b587e774","isMergeCommit":false,"messageTitle":"Update AddressBookParserTest and test SortCommand default case","messageBody":"","fileTypesAndContributionMap":{"functional-code":{"insertions":10,"deletions":2},"test-code":{"insertions":43,"deletions":0}}},{"hash":"80f1e52b21f8d2085b86c1cf973e51ea3c7b4290","isMergeCommit":false,"messageTitle":"Fix checkstyle violation","messageBody":"","fileTypesAndContributionMap":{"test-code":{"insertions":2,"deletions":3}}},{"hash":"6734adb581a4261a8b875d4d58cfb4c00f5d4eba","isMergeCommit":false,"messageTitle":"Update SortCommandTest","messageBody":"","fileTypesAndContributionMap":{"test-code":{"insertions":5,"deletions":0}}}]},{"date":"2024-10-19","commitResults":[{"hash":"e0fa6023fc7280fd5e1351e65f9479bea65cfd55","isMergeCommit":false,"messageTitle":"Update UG for list and sort command","messageBody":"","fileTypesAndContributionMap":{"docs":{"insertions":17,"deletions":11}}},{"hash":"fb73cfbeec4600ab55d9251c358a4a77758fac0d","isMergeCommit":false,"messageTitle":"Update UG for default behaviour of sort command","messageBody":"","fileTypesAndContributionMap":{"docs":{"insertions":4,"deletions":3}}},{"hash":"26b30aabf18db0584c4b238401b3760435d84b2e","isMergeCommit":true,"messageTitle":"[#118] Create new Sort command (#133)","messageBody":"","fileTypesAndContributionMap":{}},{"hash":"4c5347785b5d07a176cc9176e5015759563c3859","isMergeCommit":false,"messageTitle":"Update a minor import statement for SortCommand","messageBody":"","fileTypesAndContributionMap":{"functional-code":{"insertions":2,"deletions":1}}},{"hash":"c2fd1dbb3b03abc0e2f4c59c6c8c027914287917","isMergeCommit":false,"messageTitle":"Correct UI spacing for additional attributes from non-person roles","messageBody":"","fileTypesAndContributionMap":{"functional-code":{"insertions":9,"deletions":3}}},{"hash":"2e77ea2daf68f41470c6ed0a854eb8c130dba6aa","isMergeCommit":false,"messageTitle":"Remove unused imports","messageBody":"","fileTypesAndContributionMap":{"functional-code":{"insertions":0,"deletions":2}}}]},{"date":"2024-10-21","commitResults":[{"hash":"74c6e2603c51e6c5b40e7b966c015cb4f11e2114","isMergeCommit":true,"messageTitle":"[#135] Correct additional spacing in UI for attributes belonging to non-person roles (#136)","messageBody":"","fileTypesAndContributionMap":{}},{"hash":"92109cb09048899620c46d84a2f50478025da3e4","isMergeCommit":false,"messageTitle":"Update to sort command User Guide","messageBody":"","fileTypesAndContributionMap":{"docs":{"insertions":3,"deletions":3}}},{"hash":"0521028d3587d131fd3478fa29cf3e15d9b0d597","isMergeCommit":false,"messageTitle":"Refactor name comparator to have its own class","messageBody":"","fileTypesAndContributionMap":{"functional-code":{"insertions":26,"deletions":7},"test-code":{"insertions":5,"deletions":3}}},{"hash":"9ff48f73f44dfe8999100dde492c3288147bb2c6","isMergeCommit":false,"messageTitle":"Add more tests for Name","messageBody":"","fileTypesAndContributionMap":{"test-code":{"insertions":53,"deletions":0}}}]},{"date":"2024-10-22","commitResults":[{"hash":"a0220c18017fc11c038c9981de91bfc2e8e8665a","isMergeCommit":true,"messageTitle":"[#132] Update UG for sort and list (#134)","messageBody":"","fileTypesAndContributionMap":{}},{"hash":"ed3ed113a6f0796d205fe2cbc5bd655dd5e3e4df","isMergeCommit":true,"messageTitle":"[#142] Extract Name Comparator into Separate Class (#143)","messageBody":"","fileTypesAndContributionMap":{}},{"hash":"8265f61963742c4098257d7fcab74a5077fe87ea","isMergeCommit":false,"messageTitle":"Add sorting by hours","messageBody":"","fileTypesAndContributionMap":{"functional-code":{"insertions":53,"deletions":2}}},{"hash":"b5c5602ee94b1514f0f84b8ce825a44a1e94cb17","isMergeCommit":true,"messageTitle":"[#122] Change role to an optional field (#152)","messageBody":"","fileTypesAndContributionMap":{}},{"hash":"333abb97ad9a14be64633e65e9371d5ba023a4c1","isMergeCommit":false,"messageTitle":"Update sortCommand to have different messages for sort hours","messageBody":"","fileTypesAndContributionMap":{"functional-code":{"insertions":100,"deletions":9},"test-code":{"insertions":40,"deletions":1}}},{"hash":"e87af6f81249abf38580c8e33fc7ad284e02900a","isMergeCommit":false,"messageTitle":"Update ModelManagerTest","messageBody":"","fileTypesAndContributionMap":{"test-code":{"insertions":24,"deletions":0}}}]},{"date":"2024-10-23","commitResults":[{"hash":"aac6a97385a0a8ee09a48d83817f107153475862","isMergeCommit":true,"messageTitle":"[#123] Throw exception for invalid edit command field (#151)","messageBody":"","fileTypesAndContributionMap":{}},{"hash":"c1ca8c411ca00650ade8e2c110b815e7c86f81d2","isMergeCommit":false,"messageTitle":"Update ModelManager to not allow null inputs for some methods","messageBody":"","fileTypesAndContributionMap":{"functional-code":{"insertions":3,"deletions":0}}},{"hash":"4b8d326030c6cec6c37635a8c7d6a44e47f9a927","isMergeCommit":false,"messageTitle":"Update NameComparator and reset sort order before any new sort command","messageBody":"","fileTypesAndContributionMap":{"functional-code":{"insertions":16,"deletions":13}}},{"hash":"067069bf6bc7b536c168c25a4c3284de5635a8bb","isMergeCommit":true,"messageTitle":"[#147] Update UG for group search functionality for SearchCommand  (#155)","messageBody":"","fileTypesAndContributionMap":{}},{"hash":"bc44b29d56583440791c8db6ab9fa92a0207abf9","isMergeCommit":true,"messageTitle":"[#121] Abstract out r/person into the CommandTestUtil.java  (#150)","messageBody":"","fileTypesAndContributionMap":{}},{"hash":"0c5aebbc16d028bf0d431b7fe553ee74229b98e3","isMergeCommit":false,"messageTitle":"Update build.gradle to enable assertions","messageBody":"","fileTypesAndContributionMap":{"other":{"insertions":4,"deletions":0}}},{"hash":"8d3081e828d04c2f3d9e1f0c687e7b058260d28b","isMergeCommit":true,"messageTitle":"[#138] Add feature to sort by Volunteer Hours (#149)","messageBody":"","fileTypesAndContributionMap":{}},{"hash":"8b5ecf23490d5e32df4b4f04fcda396037606be7","isMergeCommit":true,"messageTitle":"[#156] Update build.gradle to enable assertions (#157)","messageBody":"","fileTypesAndContributionMap":{}},{"hash":"879c123e912b78e0a88bff2a7b6298185b2f2080","isMergeCommit":false,"messageTitle":"Add logging to LogicManager, SortCommand and ModelManager","messageBody":"","fileTypesAndContributionMap":{"functional-code":{"insertions":14,"deletions":2}}},{"hash":"aa38793672bd0f46ecd5a910fb1de359d205cc06","isMergeCommit":false,"messageTitle":"Add assertions to SortCommandParser","messageBody":"","fileTypesAndContributionMap":{"functional-code":{"insertions":4,"deletions":0}}},{"hash":"9cfddbcd5dc2aecfb8dcb7a21938fce33bd855f1","isMergeCommit":false,"messageTitle":"Fix checkstyle violation","messageBody":"","fileTypesAndContributionMap":{"functional-code":{"insertions":2,"deletions":3}}},{"hash":"72cab3022c8e3272efc0ec9e57d4fa9d2a993f4e","isMergeCommit":true,"messageTitle":"[#120] Update UG to document Person related changes (#158)","messageBody":"","fileTypesAndContributionMap":{}}]},{"date":"2024-10-24","commitResults":[{"hash":"53caeb45e8cf5277392e6f8fcd74624d2bc6b7f4","isMergeCommit":false,"messageTitle":"Refactor SortOption to be an Enum","messageBody":"","fileTypesAndContributionMap":{"functional-code":{"insertions":28,"deletions":42},"test-code":{"insertions":39,"deletions":98}}},{"hash":"089f7cb2cc6e33159f8541184e0dba0ae8aca65c","isMergeCommit":false,"messageTitle":"Update SortOption to contain the relevant Comparator","messageBody":"","fileTypesAndContributionMap":{"functional-code":{"insertions":29,"deletions":8},"test-code":{"insertions":0,"deletions":3}}},{"hash":"c71deb2ba9055c58738e46905cad497be4dac57c","isMergeCommit":false,"messageTitle":"Update UG for sort to include sorting by hours","messageBody":"","fileTypesAndContributionMap":{"functional-code":{"insertions":1,"deletions":1},"docs":{"insertions":7,"deletions":1}}},{"hash":"730dd3f9531673dfaf204d3ab2c7ffb9803f478c","isMergeCommit":true,"messageTitle":"[#137] Add assertions and logging where appropriate for sort code (#161)","messageBody":"","fileTypesAndContributionMap":{}},{"hash":"081739e0f06715eb84656e3798fb40deb8bfb26f","isMergeCommit":true,"messageTitle":"[#153] Update UG to include sort by hours (#163)","messageBody":"","fileTypesAndContributionMap":{}},{"hash":"023b89f35e297a271986f2f39642ad3831bd157e","isMergeCommit":true,"messageTitle":"[#159] Add command to list groups (#160)","messageBody":"","fileTypesAndContributionMap":{}},{"hash":"14fce461fd8e77c58c3e71758214a627b5a16bae","isMergeCommit":false,"messageTitle":"Update SortOption to contain getValidSortOptionsAsString() method","messageBody":"","fileTypesAndContributionMap":{"functional-code":{"insertions":26,"deletions":3}}},{"hash":"14b451821a20c0b0c6979179dc2c75e11f3a556a","isMergeCommit":true,"messageTitle":"Merge branch \u0027master\u0027 into refactor-sortOption","messageBody":"","fileTypesAndContributionMap":{}},{"hash":"60ba101d611c294e42c0340efc6400657df92004","isMergeCommit":false,"messageTitle":"Update Glossary for Group and Role definitions","messageBody":"","fileTypesAndContributionMap":{"docs":{"insertions":2,"deletions":2}}},{"hash":"73224e15d2ceeec2cc3f75b5bfd34b420d2f59d3","isMergeCommit":false,"messageTitle":"Update SortCommand messages and the respective test","messageBody":"","fileTypesAndContributionMap":{"functional-code":{"insertions":29,"deletions":13},"test-code":{"insertions":5,"deletions":2}}},{"hash":"eb3e51407627fe5037ef03a78d34696c49fa8c51","isMergeCommit":true,"messageTitle":"[#164] Refactor SortOption to be an Enum class  (#162)","messageBody":"","fileTypesAndContributionMap":{}},{"hash":"8fc9fa611e4daa37e95ea9d9c111dd13341e614a","isMergeCommit":false,"messageTitle":"Update glossary for Group","messageBody":"","fileTypesAndContributionMap":{"docs":{"insertions":1,"deletions":1}}},{"hash":"ddc40225282107d06e4fa79a598d0043be22d7bd","isMergeCommit":true,"messageTitle":"[#71] Update Glossary for Group and Role definitions (#165)","messageBody":"","fileTypesAndContributionMap":{}},{"hash":"41fb3b9e7841c02a5392b9f6993895dd1a219a19","isMergeCommit":false,"messageTitle":"Update model UML diagram","messageBody":"","fileTypesAndContributionMap":{"docs":{"insertions":11,"deletions":1}}},{"hash":"d49a8930ca39e02783e381196d0e4b149e142324","isMergeCommit":true,"messageTitle":"Merge branch \u0027master\u0027 into refactor-sortOption","messageBody":"","fileTypesAndContributionMap":{}},{"hash":"e96723d1437c6bb61c609807a4b83f0f5f25a78f","isMergeCommit":false,"messageTitle":"Update model UML diagram to show Group\u0027s inheritance instead","messageBody":"","fileTypesAndContributionMap":{"docs":{"insertions":2,"deletions":4}}},{"hash":"eb586b121399e42fb3cfdc97f7cdfd41830b656a","isMergeCommit":false,"messageTitle":"Refactor SortOption and SortCommand for better extensibility","messageBody":"Adding a new SortOption required creating separate methods and\nmessages for each case, leading to code duplication.\n\nThis commit consolidates the relevant messages and logic\nwithin the SortOption enum itself, removing the need for redundant\nmethods in SortCommand.\n","fileTypesAndContributionMap":{"functional-code":{"insertions":27,"deletions":68},"test-code":{"insertions":23,"deletions":3}}},{"hash":"c2d8bea8f2a93ba6c2e87350a04b999923bc4ff1","isMergeCommit":false,"messageTitle":"Add DONATION enum to SortOption and RoleComparator","messageBody":"Add negative sign to Hours and Donated Amount compareTo methods to\nplace larger amounts in front\n","fileTypesAndContributionMap":{"functional-code":{"insertions":83,"deletions":44}}},{"hash":"53671cbd3b63828ee1374aaac043cebaeb54218d","isMergeCommit":false,"messageTitle":"Update UG","messageBody":"","fileTypesAndContributionMap":{"docs":{"insertions":6,"deletions":5}}},{"hash":"b737c454ea63708706c90e77fb1eccdef947c547","isMergeCommit":false,"messageTitle":"Update message in SortCommand when no role-persons are found","messageBody":"","fileTypesAndContributionMap":{"functional-code":{"insertions":1,"deletions":1}}},{"hash":"c9b3994e0f02f79fee442a0c2f479ed356d611d9","isMergeCommit":false,"messageTitle":"Remove magic literals in SortOption and correct SortCommand message","messageBody":"","fileTypesAndContributionMap":{"functional-code":{"insertions":6,"deletions":3}}},{"hash":"1753412d1b1be9e13850f351426dad871802b161","isMergeCommit":true,"messageTitle":"Merge branch \u0027refactor-sortOption\u0027 into add-sort-donation","messageBody":"","fileTypesAndContributionMap":{}},{"hash":"c4861c23b39498818b353ddea7299b957184fed1","isMergeCommit":false,"messageTitle":"Add sort by partnership-end-date","messageBody":"","fileTypesAndContributionMap":{"functional-code":{"insertions":32,"deletions":9}}},{"hash":"61399809cfcd3db6f1a2997024d396f7d41d985c","isMergeCommit":false,"messageTitle":"Update SortOption to use Role","messageBody":"","fileTypesAndContributionMap":{"functional-code":{"insertions":28,"deletions":16},"test-code":{"insertions":5,"deletions":5}}},{"hash":"4aa048b9f486325f0fb7745e42065aa465b4e278","isMergeCommit":true,"messageTitle":"[#174] Refactor SortOption to Consolidate Logic and Improve Extensibility (#175)","messageBody":"","fileTypesAndContributionMap":{}},{"hash":"73b19e6e860125007efb67be4df0036d13acdd19","isMergeCommit":false,"messageTitle":"Fix SortOptionTest","messageBody":"","fileTypesAndContributionMap":{"test-code":{"insertions":2,"deletions":2}}},{"hash":"717bdd44e820440b29dc5c83779cfc8bdc84e420","isMergeCommit":false,"messageTitle":"Update DonatedAmount compareTo method to be more readable","messageBody":"","fileTypesAndContributionMap":{"functional-code":{"insertions":1,"deletions":1}}},{"hash":"f7831e9821bf2761257cc57f14dbb1d394b653da","isMergeCommit":true,"messageTitle":"[#172] Add feature to sort by donation amount (#176)","messageBody":"","fileTypesAndContributionMap":{}},{"hash":"070e5bfadba6b9e544ba804cd62f906a1cb8462c","isMergeCommit":false,"messageTitle":"Update User Guide for sort","messageBody":"","fileTypesAndContributionMap":{"docs":{"insertions":1,"deletions":0}}},{"hash":"462a01e60c23d27e9cd1dd96ecf8f46642f8a0df","isMergeCommit":true,"messageTitle":"Merge branch \u0027master\u0027 into add-sort-partnership-end-date","messageBody":"","fileTypesAndContributionMap":{}},{"hash":"61d69ee29e324d8aa0f3d19db3456fd248ad93fe","isMergeCommit":true,"messageTitle":"[#170] Update model UML diagram (#171)","messageBody":"","fileTypesAndContributionMap":{}},{"hash":"f39829052277cb7e7bcf0af52f73d2b5f5f788b3","isMergeCommit":true,"messageTitle":"[#181][#180] Update UG for ListGroups and Email command (#182)","messageBody":"","fileTypesAndContributionMap":{}},{"hash":"aec193e07f182936a72a79e43eccb6a34e5a22c1","isMergeCommit":false,"messageTitle":"Update Command Summary in UG to include sort","messageBody":"","fileTypesAndContributionMap":{"docs":{"insertions":1,"deletions":0}}},{"hash":"6e9af98abe1ca90ae99210c124fc47464da21f9b","isMergeCommit":true,"messageTitle":"[#173] Add feature to sort by partnership-end-date (#179)","messageBody":"","fileTypesAndContributionMap":{}}]},{"date":"2024-10-25","commitResults":[{"hash":"07a7dae6efdebf48696da7e39c20f1b6f819adea","isMergeCommit":false,"messageTitle":"Refactor SortOption class and associate Role enum with its class","messageBody":"","fileTypesAndContributionMap":{"functional-code":{"insertions":33,"deletions":43}}},{"hash":"09f7f01c65d3e05512a49f046ed8f51539498ee5","isMergeCommit":false,"messageTitle":"Update SortOption javadoc comments","messageBody":"","fileTypesAndContributionMap":{"functional-code":{"insertions":3,"deletions":3}}},{"hash":"6c38436ca013ce26e52cd79d8d642f80b53c98b5","isMergeCommit":false,"messageTitle":"Update toLowerCase() to have a better name: toLowerCaseString()","messageBody":"","fileTypesAndContributionMap":{"functional-code":{"insertions":3,"deletions":3}}}]},{"date":"2024-10-27","commitResults":[{"hash":"925579e006e36b748308072620c00c33a97223c5","isMergeCommit":false,"messageTitle":"Add logging statements to SortCommand","messageBody":"","fileTypesAndContributionMap":{"functional-code":{"insertions":11,"deletions":0}}},{"hash":"84f62849dc8eecead5195113d82f262a2be19450","isMergeCommit":true,"messageTitle":"[#189] Update DG for role related changes (#192)","messageBody":"","fileTypesAndContributionMap":{}},{"hash":"5ff78c6fb88ed77161f2b537d0cac50678849cc9","isMergeCommit":false,"messageTitle":"Update PersonBuilder to be generic and add VolunteerBuilder","messageBody":"","fileTypesAndContributionMap":{"test-code":{"insertions":61,"deletions":16}}}]},{"date":"2024-10-28","commitResults":[{"hash":"f28e1c5435c06fc94757a55957012dc8270a7a19","isMergeCommit":false,"messageTitle":"Fix Checkstyle errors","messageBody":"","fileTypesAndContributionMap":{"functional-code":{"insertions":2,"deletions":1},"test-code":{"insertions":4,"deletions":4}}}]},{"date":"2024-10-29","commitResults":[{"hash":"aacfcdd878be2f4014461c90189527f22fcc8379","isMergeCommit":true,"messageTitle":"[#188] Improve Role-Class Mapping and Type-Safe RoleComparator (#185)","messageBody":"","fileTypesAndContributionMap":{}},{"hash":"5e35f64634ebff5652da2e90ae3c471672ac3104","isMergeCommit":true,"messageTitle":"Merge branch \u0027master\u0027 into add-volunteer-builder-testutil","messageBody":"","fileTypesAndContributionMap":{}}]},{"date":"2024-10-30","commitResults":[{"hash":"1ba0627243c23e927063b485c26a3623167a146c","isMergeCommit":false,"messageTitle":"Add requireNonNull() to SortOption constructor","messageBody":"","fileTypesAndContributionMap":{"functional-code":{"insertions":2,"deletions":0}}},{"hash":"e563fff99aaf8fc6bdbe67915ad3350d4c31134b","isMergeCommit":false,"messageTitle":"Improve javadoc for RoleComparator","messageBody":"Specify the behaviour when there are role types with equal\nattributes.\n","fileTypesAndContributionMap":{"functional-code":{"insertions":4,"deletions":2}}},{"hash":"b5562d1a3e08ab6a79d0147569ea42aa758e38fc","isMergeCommit":false,"messageTitle":"Refactor logging messages in SortCommand","messageBody":"","fileTypesAndContributionMap":{"functional-code":{"insertions":2,"deletions":2}}},{"hash":"284d1e9c8bca3a71dcf0cf93b99743ac3f3ce7ae","isMergeCommit":false,"messageTitle":"Edit a comment in SortCommandTest","messageBody":"","fileTypesAndContributionMap":{"test-code":{"insertions":2,"deletions":1}}},{"hash":"66278260db8f8345868d872bf792da8d3eb222cf","isMergeCommit":true,"messageTitle":"[#154] Add VolunteerBuilder class to testutil (#194)","messageBody":"","fileTypesAndContributionMap":{}}]},{"date":"2024-10-31","commitResults":[{"hash":"297142178b6a9c5ad6d609bdd779d1bb71108590","isMergeCommit":true,"messageTitle":"[#193] Make edits to UML diagrams for model and command (#221)","messageBody":"","fileTypesAndContributionMap":{}},{"hash":"96036431f6122d4fa829b4c3cc1064e86541e50d","isMergeCommit":true,"messageTitle":"[#223] Add FilteredPersons to Model Class diagram in DG (#222)","messageBody":"","fileTypesAndContributionMap":{}}]},{"date":"2024-11-01","commitResults":[{"hash":"0cff2739493bcb5157d48fb561b620a90d545368","isMergeCommit":true,"messageTitle":"[#204] Fix Delete Group Command (#226)","messageBody":"","fileTypesAndContributionMap":{}}]},{"date":"2024-11-02","commitResults":[{"hash":"135a64066c91984062261376a9027eff0db186d2","isMergeCommit":false,"messageTitle":"Update TypicalPersons and refactor SortCommandTest","messageBody":"*Place TypicalPersons and other sample test data into testdata\ndirectory\n*Add TypicalDonors and Typical Volunteers\n*Refactor SortCommandTest to reduce code duplication\n","fileTypesAndContributionMap":{"other":{"insertions":3,"deletions":4},"test-code":{"insertions":215,"deletions":115}}},{"hash":"bcdbf66be44b91eb05ccbd45487b248e7e324d97","isMergeCommit":false,"messageTitle":"Add PartnerBuilder, TypicalPartners and tests to SortCommandTest","messageBody":"","fileTypesAndContributionMap":{"test-code":{"insertions":122,"deletions":31}}},{"hash":"9be8cb3981095e660ecfd17874c973fe829356c3","isMergeCommit":true,"messageTitle":"[#218] Update the User Guide to reflect the refactoring of the viewGroup command to search (#233)","messageBody":"","fileTypesAndContributionMap":{}},{"hash":"e2368b340a76e4a6adc9281e25737f9ec5e58d16","isMergeCommit":false,"messageTitle":"Update Glossary in DG to include Partner","messageBody":"","fileTypesAndContributionMap":{"docs":{"insertions":1,"deletions":0}}},{"hash":"4d06226036062c824275a8b815bf900e3058fa2b","isMergeCommit":true,"messageTitle":"[#209] Add tests for SortCommand to check if list is sorted correctly for different roles (#236)","messageBody":"","fileTypesAndContributionMap":{}},{"hash":"044bd931d2f237a65dd4cbfcec4c896f99bdca4e","isMergeCommit":true,"messageTitle":"[#235] Update glossary in DG to include Partner (#237)","messageBody":"","fileTypesAndContributionMap":{}}]},{"date":"2024-11-04","commitResults":[{"hash":"cbadc8ead9a6ca3c82be4ba13a3deb9c7f1433f4","isMergeCommit":false,"messageTitle":"Refactor SortOption to remove Law of Demeter violation","messageBody":"","fileTypesAndContributionMap":{"functional-code":{"insertions":11,"deletions":1}}},{"hash":"8202ebc4a8d4cd13099777ade1ff171bc51366be","isMergeCommit":true,"messageTitle":"[#199] Fix edit\u0027s error message (#241)","messageBody":"","fileTypesAndContributionMap":{}}]},{"date":"2024-11-05","commitResults":[{"hash":"cf54ac7692be40ccd6ff062bc5b45ed5f5b1434e","isMergeCommit":true,"messageTitle":"[#243] Refactor SortOption to remove Law of Demeter violation (#244)","messageBody":"","fileTypesAndContributionMap":{}},{"hash":"1cbb668381b83c6233238d45268b2f94d7458105","isMergeCommit":true,"messageTitle":"[#205] Throw an exception on empty group name (#252)","messageBody":"","fileTypesAndContributionMap":{}},{"hash":"c18fd83fb5aae2bd2fa2d48581267bf860f6065f","isMergeCommit":true,"messageTitle":"[#220] Update UG to have examples for Group commands(#249)","messageBody":"","fileTypesAndContributionMap":{}}]}],"Justin-Yeo":[{"date":"2024-10-02","commitResults":[{"hash":"c3f782b4ddcb7cabb233d8ffcc21533f0d4df115","isMergeCommit":false,"messageTitle":"Add AboutUs: Justin","messageBody":"","fileTypesAndContributionMap":{"docs":{"insertions":6,"deletions":4}}},{"hash":"9fed56324eeca6a36548bf662800af3782a965b3","isMergeCommit":false,"messageTitle":"Update AboutUs page","messageBody":"","fileTypesAndContributionMap":{"docs":{"insertions":47,"deletions":1}}},{"hash":"1aca3e8cb184aa2a0d8f4f81d99f2d0f5bd7995b","isMergeCommit":true,"messageTitle":"Merge branch \u0027master\u0027 of https://github.com/AY2425S1-CS2103T-T16-3/tp into add-aboutus-justin","messageBody":"* \u0027master\u0027 of https://github.com/AY2425S1-CS2103T-T16-3/tp:\n  Update portfolio in AboutUs page\n  Update AboutUs page\n  Update AboutUs page for minlong\n  Update the AboutUs page: Xan\n  Update AboutUs.md\n  Update AboutUs.md\n\n# Conflicts:\n#\tdocs/AboutUs.md\n\nResolve merge conflict\n","fileTypesAndContributionMap":{}},{"hash":"b71d4bd7dde411486699f325aa0224eff07675af","isMergeCommit":true,"messageTitle":"Merge pull request #27 from Justin-Yeo/add-aboutus-justin","messageBody":"Add AboutUs: Justin","fileTypesAndContributionMap":{}}]},{"date":"2024-10-03","commitResults":[{"hash":"3451d65728e51de7b7d91bf790bf6e6b35456227","isMergeCommit":false,"messageTitle":"Update target user profile","messageBody":"","fileTypesAndContributionMap":{"docs":{"insertions":7,"deletions":1}}},{"hash":"19824b64b129aded2d188a2c94145d50a782c2e9","isMergeCommit":false,"messageTitle":"Add original source of code to README","messageBody":"","fileTypesAndContributionMap":{"docs":{"insertions":1,"deletions":0}}},{"hash":"d1f1339eac95ad3ab4d6c37097fbc944ae13b970","isMergeCommit":false,"messageTitle":"Add new line at end of file","messageBody":"","fileTypesAndContributionMap":{"docs":{"insertions":1,"deletions":1}}}]},{"date":"2024-10-04","commitResults":[{"hash":"5163c6595fbd801ddef2daab65a78304666f2b52","isMergeCommit":false,"messageTitle":"Update target user profile","messageBody":"","fileTypesAndContributionMap":{"docs":{"insertions":1,"deletions":2}}},{"hash":"8c16da209be88326c9225dd0cc99e5ccfabdf685","isMergeCommit":false,"messageTitle":"Update target user phrasing","messageBody":"","fileTypesAndContributionMap":{"docs":{"insertions":1,"deletions":1}}},{"hash":"0c1b59404fef83b23d481b1a283877cc2b6b7b2a","isMergeCommit":true,"messageTitle":"[#35] Update DG: Target user profile (#41)","messageBody":"Update DG: Target user profile","fileTypesAndContributionMap":{}}]},{"date":"2024-10-10","commitResults":[{"hash":"853957cd081c79af8f47111db35188504b2d5159","isMergeCommit":false,"messageTitle":"Add TagContainsKeywordsPredicate class","messageBody":"","fileTypesAndContributionMap":{"functional-code":{"insertions":44,"deletions":0}}},{"hash":"91b9205d986f8a9ea93f6b27f7c0eca793ce221d","isMergeCommit":true,"messageTitle":"[#64] Add TagContainsKeywordsPredicate class (#65)","messageBody":"Add TagContainsKeywordsPredicate class ","fileTypesAndContributionMap":{}}]},{"date":"2024-10-15","commitResults":[{"hash":"4b86d844b5bf2311eada07850217406125aefdc3","isMergeCommit":false,"messageTitle":"Refactor FindCommand to accept generic Predicate","messageBody":"","fileTypesAndContributionMap":{"functional-code":{"insertions":5,"deletions":3}}},{"hash":"1e05988ca8bd08b8a0d928830dd45e04826f0ce5","isMergeCommit":false,"messageTitle":"Refactor FindCommand to SearchCommand","messageBody":"","fileTypesAndContributionMap":{"functional-code":{"insertions":3,"deletions":3},"other":{"insertions":37,"deletions":37},"test-code":{"insertions":4,"deletions":4}}},{"hash":"2bbe2e6a244f9b8ed1269bccc04166356640c06a","isMergeCommit":false,"messageTitle":"Add search by tag functionality for SearchCommand","messageBody":"","fileTypesAndContributionMap":{"functional-code":{"insertions":82,"deletions":7}}}]},{"date":"2024-10-16","commitResults":[{"hash":"6d56a1361ce24c3beba196a601ab414b7281bc3d","isMergeCommit":false,"messageTitle":"Fix style check for SearchCommand","messageBody":"","fileTypesAndContributionMap":{"functional-code":{"insertions":7,"deletions":4}}},{"hash":"1bc93bd213e0e05c88f6fb42952372fc16a7f766","isMergeCommit":false,"messageTitle":"Fix style check for SearchCommandParser","messageBody":"","fileTypesAndContributionMap":{"functional-code":{"insertions":12,"deletions":8}}},{"hash":"0f4dfdfdc13f4979883b9e4b14a9b8d600d7468b","isMergeCommit":false,"messageTitle":"Modify AddressBookParserTest for updated SearchCommand","messageBody":"","fileTypesAndContributionMap":{"test-code":{"insertions":2,"deletions":2}}},{"hash":"0548bab434dcfb20638e549e91cdaae6a795bb0c","isMergeCommit":false,"messageTitle":"Add unit testss for SearchCommand and SearchCommandParser","messageBody":"","fileTypesAndContributionMap":{"test-code":{"insertions":119,"deletions":9}}},{"hash":"28aea8cce32434d6f059815148d31bd34a58a5e0","isMergeCommit":false,"messageTitle":"Imrpove SearchCommand and SearchCommandParser code quality","messageBody":"","fileTypesAndContributionMap":{"functional-code":{"insertions":15,"deletions":29}}},{"hash":"e29444772cf0f89c47070d57faf4d188de507384","isMergeCommit":false,"messageTitle":"Update SearchCommandParserTest","messageBody":"","fileTypesAndContributionMap":{"test-code":{"insertions":4,"deletions":4}}},{"hash":"e335f397fd44b7c32c44c90826b04a1c9df1578a","isMergeCommit":true,"messageTitle":"Merge branch \u0027master\u0027 of https://github.com/AY2425S1-CS2103T-T16-3/tp into add-tagsearch","messageBody":"* \u0027master\u0027 of https://github.com/AY2425S1-CS2103T-T16-3/tp:\n  Add prefix for group name\n  Change method name\n  Update ListCommand MESSAGE_USAGE and error handling\n  Update javadoc for getPersonList() method in ModelManager\n  Modify stub to correctly implement Model\n  Fix style errors\n  Add a Create Group command\n  Update ListCommandTest\n  Add sorting functionality to Model class\n  Update valid SortOption to name instead of alphabet\n\n# Conflicts:\n#\tsrc/test/java/seedu/address/logic/commands/FindCommandTest.java\n","fileTypesAndContributionMap":{}},{"hash":"1f63fce3239eb36bd07117e15139613e6b055536","isMergeCommit":false,"messageTitle":"Fix merge conflict","messageBody":"","fileTypesAndContributionMap":{"test-code":{"insertions":7,"deletions":7}}},{"hash":"b2df46c3905f0b810882f155d3cbcfe66c91b9ca","isMergeCommit":true,"messageTitle":"[#76] Add search by Tags functionality (#87)","messageBody":"Add search by Tags functionality","fileTypesAndContributionMap":{}}]},{"date":"2024-10-17","commitResults":[{"hash":"a634525511dda75f0bae4ab39dff9b2029eed0fc","isMergeCommit":false,"messageTitle":"Fix prefix parameters exam","messageBody":"","fileTypesAndContributionMap":{"functional-code":{"insertions":1,"deletions":1}}},{"hash":"a14cd9a90475efa1354bad72a31615706817effd","isMergeCommit":true,"messageTitle":"[#98] Fix SearchCommand prefix parameter (#99)","messageBody":"Fix SearchCommand prefix parameter ","fileTypesAndContributionMap":{}},{"hash":"ebbd3042a010a44d8557c20ced0ff8ee1563b3a2","isMergeCommit":false,"messageTitle":"Update UserGuide","messageBody":"","fileTypesAndContributionMap":{"docs":{"insertions":12,"deletions":10}}},{"hash":"e07643179a41074ff317cd5fe87e61be8cec999d","isMergeCommit":false,"messageTitle":"Update SearchCommand usage message","messageBody":"","fileTypesAndContributionMap":{"functional-code":{"insertions":5,"deletions":5}}},{"hash":"9dd2d6f8993af515c39caba8644fd04ed85097d0","isMergeCommit":false,"messageTitle":"Update SearchCommand feature UserGuide","messageBody":"","fileTypesAndContributionMap":{"docs":{"insertions":6,"deletions":3}}},{"hash":"0bff4201bbdeee9231b6d1668a0ca1d5ccd7130e","isMergeCommit":false,"messageTitle":"Update UserGuide for Search feature","messageBody":"","fileTypesAndContributionMap":{"docs":{"insertions":5,"deletions":5}}},{"hash":"d2ac21caa0ae04f109468ee6884d605f1bc5302d","isMergeCommit":true,"messageTitle":"[#111] Update UG for updated search (#112)","messageBody":"Update UG for updated search","tags":["v1.3"],"fileTypesAndContributionMap":{}},{"hash":"e9fe4d89db18906d486907f066dc481b39db88f4","isMergeCommit":true,"messageTitle":"[#114] Update release version in MainApp to v1.3 (#115)","messageBody":"Update release version in MainApp to v1.3","fileTypesAndContributionMap":{}}]},{"date":"2024-10-21","commitResults":[{"hash":"5249090c8e2c15909ed0b3c2ec7bc58896ca032a","isMergeCommit":false,"messageTitle":"Add search by group functionality to SearchCommand","messageBody":"","fileTypesAndContributionMap":{"functional-code":{"insertions":2,"deletions":0}}},{"hash":"06c2b521efa44742ac126bfe7bf41d163cf672be","isMergeCommit":false,"messageTitle":"Add search by group functionality to SearchCommand","messageBody":"","fileTypesAndContributionMap":{"functional-code":{"insertions":62,"deletions":8}}},{"hash":"257c4c7ada6cc42e1f00ddc7c729c210c7a1d308","isMergeCommit":false,"messageTitle":"Fix checkstyle and SearchCommandTest and SearchCommandParserTest","messageBody":"","fileTypesAndContributionMap":{"functional-code":{"insertions":19,"deletions":14},"test-code":{"insertions":16,"deletions":15}}}]},{"date":"2024-10-22","commitResults":[{"hash":"dab0eb3df989f5b3b7ac189f2d17fffd87052957","isMergeCommit":false,"messageTitle":"Improve SearchCommand and SearchCommandParser code quality","messageBody":"","fileTypesAndContributionMap":{"functional-code":{"insertions":6,"deletions":3}}},{"hash":"66df908c6f925e81eb6c4318791d1de78f06f665","isMergeCommit":false,"messageTitle":"Update SearchCommandParserTest","messageBody":"","fileTypesAndContributionMap":{"test-code":{"insertions":2,"deletions":2}}},{"hash":"0094193c3d69eadaf33a0a48386a900eb6bbb473","isMergeCommit":false,"messageTitle":"Remove relevant ViewGroup classes and update AddressBookParser","messageBody":"","fileTypesAndContributionMap":{"functional-code":{"insertions":0,"deletions":88}}}]},{"date":"2024-10-23","commitResults":[{"hash":"c1823909f0349174f56a0313d3948e2dc556dbc4","isMergeCommit":false,"messageTitle":"Refactor equals method of GroupContainsKeywordsPredicate to improve readability","messageBody":"","fileTypesAndContributionMap":{"functional-code":{"insertions":14,"deletions":3}}},{"hash":"672932a027eddf8872b9ca52b510148a55cae29c","isMergeCommit":false,"messageTitle":"Update UG","messageBody":"","fileTypesAndContributionMap":{"docs":{"insertions":10,"deletions":19}}},{"hash":"9b33fc095f7a701b85b84a50fb53c01b8b306f9e","isMergeCommit":true,"messageTitle":"[#119] Refactor viewGroup to fall under search (#145)","messageBody":"Refactor viewGroup to fall under search","fileTypesAndContributionMap":{}}]},{"date":"2024-10-26","commitResults":[{"hash":"52adb103e63fa3541feb89c359a374ebbbdbd3f1","isMergeCommit":false,"messageTitle":"Update UML for UI","messageBody":"","fileTypesAndContributionMap":{"docs":{"insertions":22,"deletions":14}}},{"hash":"60fcf9ae190f0ee63aead5247a2e9b4f8e7c9531","isMergeCommit":false,"messageTitle":"Fix spacing issue for UI Uml","messageBody":"","fileTypesAndContributionMap":{"docs":{"insertions":14,"deletions":14}}},{"hash":"454f73379e1d9e272916a78d5a0b482720ff7af8","isMergeCommit":true,"messageTitle":"[#186] Update UI class diagram for display of Group (#187)","messageBody":"Update UI class diagram for display of Group ","fileTypesAndContributionMap":{}}]},{"date":"2024-10-30","commitResults":[{"hash":"f2fb5f6d6a06eaa7afcac7aa60da002c7423963f","isMergeCommit":false,"messageTitle":"Add GroupCard class","messageBody":"","fileTypesAndContributionMap":{"functional-code":{"insertions":54,"deletions":0}}},{"hash":"149c0d6cf552d024e786b3ceffff8d175cca548e","isMergeCommit":false,"messageTitle":"Update GroupCard","messageBody":"","fileTypesAndContributionMap":{"functional-code":{"insertions":11,"deletions":5}}},{"hash":"b04c6b750897b07b58c375a11a560929922fec90","isMergeCommit":false,"messageTitle":"Add GroupListPanel","messageBody":"","fileTypesAndContributionMap":{"functional-code":{"insertions":48,"deletions":0}}}]},{"date":"2024-11-01","commitResults":[{"hash":"4a17f19ed7ed65c2a8ac19da1db355728de5683a","isMergeCommit":true,"messageTitle":"[#210] Add GroupCard and GroupListPanel (#211)","messageBody":"Add GroupCard and GroupListPanel","fileTypesAndContributionMap":{}}]},{"date":"2024-11-02","commitResults":[{"hash":"7b93733284222ffad00afe2833c1f205f751641b","isMergeCommit":false,"messageTitle":"Update UI for Group","messageBody":"","fileTypesAndContributionMap":{"functional-code":{"insertions":110,"deletions":5}}},{"hash":"599e2b16f07208b42b2798cd4c774c3a7ec3169a","isMergeCommit":false,"messageTitle":"Fix panel size issue","messageBody":"","fileTypesAndContributionMap":{"functional-code":{"insertions":9,"deletions":10}}},{"hash":"2b0485a428dfc7239a2cbf27ecb8704ee80e87c9","isMergeCommit":false,"messageTitle":"Fix member list issue","messageBody":"","fileTypesAndContributionMap":{"functional-code":{"insertions":39,"deletions":23}}},{"hash":"5997bc683e8b3dbf052c4cebf05551d7abcb3be4","isMergeCommit":false,"messageTitle":"Update command message","messageBody":"","fileTypesAndContributionMap":{"functional-code":{"insertions":2,"deletions":2}}},{"hash":"fa583d7b1c9057eb247857aa9058df349f0c843b","isMergeCommit":false,"messageTitle":"Add group size into GroupCard","messageBody":"","fileTypesAndContributionMap":{"functional-code":{"insertions":6,"deletions":1}}},{"hash":"109c71782818989f8de6c1e21956b74f0035e296","isMergeCommit":false,"messageTitle":"Fix checkstyle","messageBody":"","fileTypesAndContributionMap":{"functional-code":{"insertions":26,"deletions":7}}},{"hash":"b4f4540fe0a16d92c21637b6aa9f62f3dad97465","isMergeCommit":false,"messageTitle":"Update AddCommandTest and CommandResultTest","messageBody":"","fileTypesAndContributionMap":{"test-code":{"insertions":6,"deletions":1}}},{"hash":"0bf6a9c5d74b8a13d79161231fd7cef3daca2a4e","isMergeCommit":false,"messageTitle":"Update UG to remove viewGroup","messageBody":"","fileTypesAndContributionMap":{"docs":{"insertions":0,"deletions":1}}},{"hash":"c9ba25b761ae9bce2a50a880d761c54b453db854","isMergeCommit":false,"messageTitle":"Add search by contact functionality","messageBody":"","fileTypesAndContributionMap":{"functional-code":{"insertions":55,"deletions":2}}},{"hash":"46ebda5e66bb873ce864cd4375681caeb6ef85db","isMergeCommit":false,"messageTitle":"Update UG for search via phone number","messageBody":"","fileTypesAndContributionMap":{"docs":{"insertions":7,"deletions":1}}},{"hash":"a3de49f821dcc5f7ebe1fa7e121cf0289a1dd3e0","isMergeCommit":false,"messageTitle":"Improve CommandResult code quality","messageBody":"","fileTypesAndContributionMap":{"functional-code":{"insertions":5,"deletions":7}}},{"hash":"4ea1f72e066c7ceb41685236d05a8dd963b9188e","isMergeCommit":false,"messageTitle":"Fix code quality for PhoneNumberMatchesPredicate","messageBody":"","fileTypesAndContributionMap":{"functional-code":{"insertions":5,"deletions":1}}},{"hash":"50e8acc02cb404d9ce452679c2ea44377bc59312","isMergeCommit":false,"messageTitle":"Fix law of demeter violation","messageBody":"","fileTypesAndContributionMap":{"functional-code":{"insertions":5,"deletions":1}}},{"hash":"2ca3f4913e0049c2177cb25d87c6809da740cde2","isMergeCommit":true,"messageTitle":"[#231] Integrate Group UI (#232)","messageBody":"Integrate Group UI","fileTypesAndContributionMap":{}}]},{"date":"2024-11-03","commitResults":[{"hash":"f19d5f3e590449a7015ac0de3f2d02f6207fc497","isMergeCommit":false,"messageTitle":"Add RoleMatchesPredicate for checking of role for search","messageBody":"","fileTypesAndContributionMap":{"functional-code":{"insertions":56,"deletions":0}}},{"hash":"81867ac3b22327c73a06a2686811f6b0fc185b59","isMergeCommit":true,"messageTitle":"[#230] Search can include searching by contact number (#234)","messageBody":"Search can include searching by contact number","fileTypesAndContributionMap":{}},{"hash":"def6283d90002b2e2126288f831c301007d91746","isMergeCommit":true,"messageTitle":"Merge branch \u0027master\u0027 of https://github.com/Justin-Yeo/tp into add-search-role","messageBody":"* \u0027master\u0027 of https://github.com/Justin-Yeo/tp:\n  Fix law of demeter violation\n  Fix code quality for PhoneNumberMatchesPredicate\n  Update UG for search via phone number\n  Add search by contact functionality\n","fileTypesAndContributionMap":{}},{"hash":"0f4e3751eda1c9e0f68c608e02a39259720594b7","isMergeCommit":false,"messageTitle":"Add search via role functionality","messageBody":"","fileTypesAndContributionMap":{"functional-code":{"insertions":19,"deletions":2}}},{"hash":"702443c6ec407733f927ae2703681898b3cb5113","isMergeCommit":false,"messageTitle":"Improve code quality of SearchCommandParser","messageBody":"","fileTypesAndContributionMap":{"functional-code":{"insertions":25,"deletions":7}}},{"hash":"756c97e390a71ac9264acf3320a8ede203a3417c","isMergeCommit":false,"messageTitle":"Improve SearchCommandParser code quality","messageBody":"","fileTypesAndContributionMap":{"functional-code":{"insertions":47,"deletions":40}}}]},{"date":"2024-11-04","commitResults":[{"hash":"e5b9decb8403ec4d8d439741857e9d5aafbe9087","isMergeCommit":false,"messageTitle":"Update SearchCommandParser to improve code quality","messageBody":"","fileTypesAndContributionMap":{"functional-code":{"insertions":31,"deletions":41}}},{"hash":"b30a38ade7a14571ac8bd9245286cd99fc40c5a4","isMergeCommit":true,"messageTitle":"[#238] Add search by role functionality (#239)","messageBody":"Add search by role functionality","fileTypesAndContributionMap":{}}]}]},"authorFileTypeContributionMap":{"voldiemort":{"docs":150,"functional-code":672,"test-code":77,"other":1},"chongsun2002":{"docs":65,"functional-code":646,"test-code":175},"zzzlou":{"docs":69,"functional-code":1081,"test-code":82},"seah-minlong":{"docs":114,"functional-code":567,"test-code":693,"other":4},"Justin-Yeo":{"docs":91,"functional-code":623,"test-code":151}},"authorContributionVariance":{"voldiemort":9880.91,"chongsun2002":6477.763,"zzzlou":27278.014,"seah-minlong":32046.578,"Justin-Yeo":5080.4165},"authorDisplayNameMap":{"voldiemort":"CS2103T-T16-3 XAN ..N NG","chongsun2002":"CS2103T-T16-3 CHUA.. SUN","zzzlou":"CS2103T-T16-3 LOU ..NZHI","seah-minlong":"CS2103T-T16-3 SEAH..LONG","Justin-Yeo":"CS2103T-T16-3 JUST..CHEN"}}
