{"authorDailyContributionsMap":{"kahsuann":[{"date":"2024-10-02","commitResults":[{"hash":"7d8867b7eba753467cf76bdfe29e16c41514e972","isMergeCommit":false,"messageTitle":"Add portfolio and update AboutUs page","messageBody":"","fileTypesAndContributionMap":{"docs":{"insertions":7,"deletions":7}}},{"hash":"0b82d17272246a866e91e355ddbe8874970d89a1","isMergeCommit":true,"messageTitle":"Merge branch \u0027master\u0027 into about-us-details","messageBody":"","fileTypesAndContributionMap":{}}]}],"Jasperabez":[{"date":"2024-09-20","commitResults":[{"hash":"456ecff52f4a9e628f03a9b09e78ccd1119f38d2","isMergeCommit":false,"messageTitle":"Add codecov badge","messageBody":"","fileTypesAndContributionMap":{"docs":{"insertions":1,"deletions":0}}},{"hash":"6eaa3a2b7261e228f3a439cb5c3e3cb3897d49e4","isMergeCommit":true,"messageTitle":"Merge pull request #1 from AY2425S1-CS2103-F13-2/switch-docs-to-markbind","messageBody":"Switch docs to markbind","fileTypesAndContributionMap":{}},{"hash":"ec2acda9b2402a105337d42edd1a8efb9925b2b2","isMergeCommit":false,"messageTitle":"Update product name to EventTory","messageBody":"","fileTypesAndContributionMap":{"docs":{"insertions":1,"deletions":1}}}]},{"date":"2024-10-02","commitResults":[{"hash":"21f3876cc38ec97511c653b2aec6f586f8c723c7","isMergeCommit":false,"messageTitle":"Update Jabez AboutUs details","messageBody":"","fileTypesAndContributionMap":{"docs":{"insertions":9,"deletions":47}}},{"hash":"bfe673e3adab6b13ed27e786c0de4725de78deb0","isMergeCommit":true,"messageTitle":"Merge branch \u0027master\u0027 into 11-update-aboutus-page-for-jabez","messageBody":"","fileTypesAndContributionMap":{}},{"hash":"3ab148bfa66e3e9379853e74238d36715c703f04","isMergeCommit":false,"messageTitle":"Add back new line at EOF AboutUs.md","messageBody":"","fileTypesAndContributionMap":{"docs":{"insertions":1,"deletions":1}}},{"hash":"ec57dc94596a86623e8efd69340f6cbe6a224ad9","isMergeCommit":true,"messageTitle":"Merge pull request #38 from C5hives/add-acknowledgement","messageBody":"Add Acknowledgement for Original Source of Code in README (A3)","fileTypesAndContributionMap":{}},{"hash":"a833ef738d2016fda37a5f353e65e45d48524391","isMergeCommit":false,"messageTitle":"Update sitewide github repo link","messageBody":"","fileTypesAndContributionMap":{"docs":{"insertions":1,"deletions":1}}}]}],"C5hives":[{"date":"2024-10-02","commitResults":[{"hash":"831469324607a80f577f6f9dc86e32090c48447b","isMergeCommit":false,"messageTitle":"Update about us page with Bo Chang\u0027s roles","messageBody":"","fileTypesAndContributionMap":{"docs":{"insertions":7,"deletions":5}}},{"hash":"2ddca48cfa4f8a380a7a076828d503379dbdf397","isMergeCommit":false,"messageTitle":"Add md file to track personal contribution","messageBody":"","fileTypesAndContributionMap":{"docs":{"insertions":15,"deletions":0}}},{"hash":"da71ebd217b73b48c277522e66d977d563d3b026","isMergeCommit":false,"messageTitle":"Add acknowledgement for original code source","messageBody":"","fileTypesAndContributionMap":{"docs":{"insertions":3,"deletions":0}}},{"hash":"7c8c75273a6ccbc19ab50f8e805f5d5a5bcafefd","isMergeCommit":true,"messageTitle":"Merge pull request #21 from hanscau/19-update-aboutus-page-for-hanscau","messageBody":"Update AboutUs page for hanscau","fileTypesAndContributionMap":{}},{"hash":"afa165cdae5f4fd58625115459bd3b2df93252d8","isMergeCommit":true,"messageTitle":"Merge pull request #24 from C5hives/c5hives/about-us-details","messageBody":"Update AboutUs page for C5hives","fileTypesAndContributionMap":{}},{"hash":"dac0823d74beafbb4684d51dd11af2c24e60d7a6","isMergeCommit":true,"messageTitle":"Merge pull request #22 from Jasperabez/11-update-aboutus-page-for-jabez","messageBody":"Update Jabez AboutUs details","fileTypesAndContributionMap":{}},{"hash":"bb28d664bd774d01767e518c574f6712f32875b1","isMergeCommit":true,"messageTitle":"Merge branch \u0027master\u0027 of https://github.com/AY2425S1-CS2103-F13-2/tp into add-acknowledgement","messageBody":"","fileTypesAndContributionMap":{}},{"hash":"def836c027cd465431d69bdab5733ec5564354a7","isMergeCommit":true,"messageTitle":"Merge pull request #31 from kahsuann/about-us-details","messageBody":"Add AboutUs page for kahsuann","fileTypesAndContributionMap":{}},{"hash":"95ccd4ac03bba3cd39ac5d239d69e9f1f9286820","isMergeCommit":true,"messageTitle":"Merge branch \u0027master\u0027 of https://github.com/AY2425S1-CS2103-F13-2/tp into add-acknowledgement","messageBody":"","fileTypesAndContributionMap":{}},{"hash":"e4ad6b477e665600dcb31b30fafb5fe89108d695","isMergeCommit":false,"messageTitle":"Add newline to EOF for README","messageBody":"","fileTypesAndContributionMap":{"docs":{"insertions":1,"deletions":1}}},{"hash":"cfa035b2608b8fe1fc145019105f3a6b5ad5618b","isMergeCommit":true,"messageTitle":"Merge pull request #33 from hanscau/27-add-ui-mock-up-image-a1","messageBody":"Update EventTory ui mockup","fileTypesAndContributionMap":{}},{"hash":"324f455c9ec7c379fa2025b8b6be44e7daf30eec","isMergeCommit":true,"messageTitle":"Merge branch \u0027AY2425S1-CS2103-F13-2:master\u0027 into add-acknowledgement","messageBody":"","fileTypesAndContributionMap":{}}]},{"date":"2024-10-03","commitResults":[{"hash":"09f85dce33ed4c366f4b863a403e1fd7df74de49","isMergeCommit":true,"messageTitle":"Merge pull request #44 from Jasperabez/32-update-project-website-sitewide-settings-b","messageBody":"Update sitewide settings","fileTypesAndContributionMap":{}},{"hash":"a5cb468af5cd68b9414ac5e0ffbbbca8da5b162d","isMergeCommit":false,"messageTitle":"Update product scope for EventTory","messageBody":"","fileTypesAndContributionMap":{"docs":{"insertions":16,"deletions":5}}},{"hash":"b8cbc4bb3e40743d623240607a35ef457cb58a15","isMergeCommit":true,"messageTitle":"Merge pull request #48 from hanscau/34-fix-nfr-bugs-in-dg","messageBody":"Update NFR","fileTypesAndContributionMap":{}},{"hash":"5135dca4d67330b40da99cb310c0cd412febb366","isMergeCommit":true,"messageTitle":"Merge pull request #49 from hanscau/fix-weird-numbering","messageBody":"Fix NFR numbering","fileTypesAndContributionMap":{}}]}],"kevin-pek":[{"date":"2024-10-02","commitResults":[{"hash":"ddd41e05d571cf50d724e80635628ed9e93fa1a5","isMergeCommit":false,"messageTitle":"chore: update about us page for kevin-pek","messageBody":"","fileTypesAndContributionMap":{"docs":{"insertions":4,"deletions":3}}},{"hash":"927b1e9ef0d41d3544bc0b0a280245aa0ea3a431","isMergeCommit":true,"messageTitle":"Merge branch \u0027AY2425S1-CS2103-F13-2:master\u0027 into 15-update-aboutus-page-for-kevin","messageBody":"","fileTypesAndContributionMap":{}},{"hash":"a5204f6e73d12131cf0b2b2f219d4ebd76ecc70e","isMergeCommit":false,"messageTitle":"Update roles and responsibilities for kevin","messageBody":"","fileTypesAndContributionMap":{"docs":{"insertions":2,"deletions":2}}},{"hash":"bcd367108424cb5b2fcfb79aa7e47be5e5de6f26","isMergeCommit":true,"messageTitle":"Merge pull request #23 from hanscau/18-add-hanscau-photo","messageBody":"Add hanscau image","fileTypesAndContributionMap":{}}]}],"hanscau":[{"date":"2024-10-02","commitResults":[{"hash":"5a988666fac7f955ca13b819b43af7d35475aeaa","isMergeCommit":false,"messageTitle":"update AboutUs to add details for hanscau","messageBody":"","fileTypesAndContributionMap":{"docs":{"insertions":4,"deletions":4}}},{"hash":"b46184600359801ff32fe19f11a4f7384892d7d7","isMergeCommit":false,"messageTitle":"Add portfolio file","messageBody":"","fileTypesAndContributionMap":{"docs":{"insertions":46,"deletions":0}}},{"hash":"5671c65910cb25694153fa7c2f98e5502a1d7c80","isMergeCommit":true,"messageTitle":"Merge pull request #20 from kevin-pek/15-update-aboutus-page-for-kevin","messageBody":"Update about us page for kevin-pek","fileTypesAndContributionMap":{}},{"hash":"f9929c9d1bfc65f448b46fb2173b066e27a1f452","isMergeCommit":true,"messageTitle":"Merge branch \u0027master\u0027 into 19-update-aboutus-page-for-hanscau","messageBody":"","fileTypesAndContributionMap":{}},{"hash":"f71d1a7677974bc59126cf1a08ce20467f61d6b5","isMergeCommit":true,"messageTitle":"Merge pull request #25 from kahsuann/add-kahsuann-photo","messageBody":"Add Kah Suan\u0027s photo","fileTypesAndContributionMap":{}}]},{"date":"2024-10-03","commitResults":[{"hash":"c4f479cdad882142514b045047fce5b030f7ee25","isMergeCommit":false,"messageTitle":"Update NFR","messageBody":"","fileTypesAndContributionMap":{"docs":{"insertions":3,"deletions":3}}},{"hash":"32ff8953ceb7d121490274ce379658f3caadceb1","isMergeCommit":true,"messageTitle":"Merge pull request #47 from C5hives/update-target-user-and-value","messageBody":"Update Target User Profile \u0026 Value Proposition for Developer Guide (DG)","fileTypesAndContributionMap":{}},{"hash":"7573baa8f49f3aac5216432c8252022313c5139b","isMergeCommit":false,"messageTitle":"Fix: remove unnecessary NFR","messageBody":"","fileTypesAndContributionMap":{"docs":{"insertions":0,"deletions":1}}},{"hash":"12a8b0bbda6c8eb956ddbbf00bb38ac835dbf2f7","isMergeCommit":false,"messageTitle":"Fix nits by bobo","messageBody":"","fileTypesAndContributionMap":{"docs":{"insertions":4,"deletions":3}}},{"hash":"d8574c03b923c32ca37d5fd062b4484761652a7d","isMergeCommit":false,"messageTitle":"Fix NFR numbering","messageBody":"","fileTypesAndContributionMap":{"docs":{"insertions":2,"deletions":2}}}]}]},"authorFileTypeContributionMap":{"kahsuann":{"docs":8,"functional-code":0,"test-code":0},"Jasperabez":{"docs":11,"functional-code":0,"test-code":0},"C5hives":{"docs":40,"functional-code":0,"test-code":0},"kevin-pek":{"docs":6,"functional-code":0,"test-code":0},"hanscau":{"docs":54,"functional-code":0,"test-code":0}},"authorContributionVariance":{"kahsuann":13.0,"Jasperabez":237.53572,"C5hives":90.31122,"kevin-pek":8.025511,"hanscau":204.9796},"authorDisplayNameMap":{"kahsuann":"CS2103-F13-2 CHUA..SUAN","Jasperabez":"CS2103-F13-2 JABE..E QI","C5hives":"CS2103-F13-2 KOK ..HANG","kevin-pek":"CS2103-F13-2 KEVI..TING","hanscau":"CS2103-F13-2 HANS..LANO"}}
