{"authorDailyContributionsMap":{"LowXiSi":[{"date":"2024-09-30","commitResults":[{"hash":"667e5abd86a204945b25aa73ce70ae07a3850cef","isMergeCommit":false,"messageTitle":"Update AboutXiSi","messageBody":"","fileTypesAndContributionMap":{"docs":{"insertions":50,"deletions":5}}}]},{"date":"2024-10-03","commitResults":[{"hash":"1aafc3a1ea3cf0d25e0edb64760794811bebc192","isMergeCommit":false,"messageTitle":"Update non-functional requirements","messageBody":"","fileTypesAndContributionMap":{"docs":{"insertions":5,"deletions":0}}},{"hash":"9c6486fd2c9a2802e882426c7e8cd58cdf4acad6","isMergeCommit":false,"messageTitle":"Update use cases","messageBody":"","fileTypesAndContributionMap":{"docs":{"insertions":52,"deletions":9}}}]},{"date":"2024-10-05","commitResults":[{"hash":"99e1652b10ed71b44f0c511a2159f0ea389bc230","isMergeCommit":true,"messageTitle":"Merge pull request #37 from WinstonJin/developer-guide","messageBody":"3 Update Developer Guide: Target User Profiles, Value Proposition, User Stories","fileTypesAndContributionMap":{}}]},{"date":"2024-10-10","commitResults":[{"hash":"0a61065e3c330dbef396f4e129819d7f1cc428f9","isMergeCommit":false,"messageTitle":"Add support for student status","messageBody":"","fileTypesAndContributionMap":{"functional-code":{"insertions":138,"deletions":133},"test-code":{"insertions":207,"deletions":199}}},{"hash":"b1b27903ff435107fa23a5c8d22b6708ebf326c9","isMergeCommit":true,"messageTitle":"Merge pull request #53 from WinstonJin/Telegram-Handle","messageBody":"Telegram Handle","fileTypesAndContributionMap":{}}]}],"cth06-Github":[{"date":"2024-09-21","commitResults":[{"hash":"97725e51362b07e5e4a13b4e3ac82363f54e05c0","isMergeCommit":true,"messageTitle":"Merge pull request #1 from AY2425S1-CS2103-F09-1/switch-docs-to-markbind","messageBody":"Merge Switch docs to markbind branch to master branch","fileTypesAndContributionMap":{}},{"hash":"f373b489ad88faf9a3b9294b31e953e8ae9cc08a","isMergeCommit":false,"messageTitle":"Update default.md with product name","messageBody":"","fileTypesAndContributionMap":{"docs":{"insertions":1,"deletions":1}}},{"hash":"1d5dbdcb738b7bff325d997071feb38d01b67e29","isMergeCommit":false,"messageTitle":"Update README.md with codecov status","messageBody":"Testing if there is codecov status appearing","fileTypesAndContributionMap":{"docs":{"insertions":1,"deletions":0}}},{"hash":"554165507f854a82ae966b794937bff3ec689d9b","isMergeCommit":false,"messageTitle":"Remove codecov status in README.md","messageBody":"","fileTypesAndContributionMap":{"docs":{"insertions":0,"deletions":1}}},{"hash":"e21fbc818f8b910b33476692bfac04629706b073","isMergeCommit":false,"messageTitle":"Add codecov status in README.md","messageBody":"Trying another way apart from what was stated in the SE website.","fileTypesAndContributionMap":{"docs":{"insertions":1,"deletions":1}}}]},{"date":"2024-09-30","commitResults":[{"hash":"3903791f0db9546264dc78db6a1fa10936bd3461","isMergeCommit":false,"messageTitle":"Update AboutUs.md","messageBody":"","fileTypesAndContributionMap":{"docs":{"insertions":7,"deletions":47}}},{"hash":"6c35f4889e14452e53c5cee0361d61244c41704e","isMergeCommit":false,"messageTitle":"Update AboutUs.md TH","messageBody":"","fileTypesAndContributionMap":{"docs":{"insertions":2,"deletions":3}}},{"hash":"c8d43335e0c8f3e5cf193991dcec85866d75c21b","isMergeCommit":false,"messageTitle":"Update AboutUs.md new line","messageBody":"","fileTypesAndContributionMap":{"docs":{"insertions":2,"deletions":1}}}]},{"date":"2024-10-05","commitResults":[{"hash":"6412a0739054505a305c9b179c9d08e07979b5f7","isMergeCommit":false,"messageTitle":"Update site-wide settings","messageBody":"","fileTypesAndContributionMap":{"docs":{"insertions":1,"deletions":1}}}]},{"date":"2024-10-09","commitResults":[{"hash":"fae593ec9a22f8a87bf59a198c17644777c2b2fe","isMergeCommit":false,"messageTitle":"Add nickname function (partial)","messageBody":"","fileTypesAndContributionMap":{"functional-code":{"insertions":139,"deletions":22},"test-code":{"insertions":14,"deletions":9}}},{"hash":"75de3cf793b453d0b595bbabb149c570f11eb37f","isMergeCommit":false,"messageTitle":"Allow nickname optional","messageBody":"Add command currently makes the -nn tag compulsory, if not mistaken. For\nempty nicknames, the GUI shows them as an empty line below the email. To\nallow nicknames to be optional when writing the add command, and for the\nnickname component to only be shown if the nickname is not an empty\nString, let\u0027s\n\n* Change the nickname component in fxml file as a FlowPane rather than a\n  Label\n* Change the code in AddCommandParser.java where\n  arMultimap.getValue(PREFIX_NICKNAME).orElse(\"\") rather than .get() so\n  that an empty Optional object returned will be seen as a empty String\n  return to alow for parsing in parseNickname function\n\nThis are the main changes to allow nickname to be an optional\nrequirement in Add Command.\n","fileTypesAndContributionMap":{"functional-code":{"insertions":31,"deletions":28}}},{"hash":"37244bed59ee40ce98b95a21d8afec662b882a4e","isMergeCommit":false,"messageTitle":"Edit code for checkstyle","messageBody":"","fileTypesAndContributionMap":{"functional-code":{"insertions":2,"deletions":3}}},{"hash":"c24c7922e3759346632fff959a689f7cc24f5bae","isMergeCommit":false,"messageTitle":"Update test cases","messageBody":"Errors occur due to nickname field being missing in the creation of\nPerosn object. Edit it to include nickname field (psudo-optional for\nnow).\n","fileTypesAndContributionMap":{"test-code":{"insertions":18,"deletions":3}}},{"hash":"844ec7054ce76528de1751cb474d029ceaf3d707","isMergeCommit":false,"messageTitle":"Update to try pass CI","messageBody":"","fileTypesAndContributionMap":{"test-code":{"insertions":10,"deletions":5}}}]}],"wuzengfu":[{"date":"2024-09-30","commitResults":[{"hash":"6fc1084134562e6d951e6ed3251bd88780b384a7","isMergeCommit":false,"messageTitle":"Update Zengfu details for AboutUs.md","messageBody":"","fileTypesAndContributionMap":{"docs":{"insertions":6,"deletions":6}}},{"hash":"6a56a7bea9afb12f4c47d8740f8116745caf56ee","isMergeCommit":false,"messageTitle":"Update Readme.md","messageBody":"","fileTypesAndContributionMap":{"docs":{"insertions":5,"deletions":11}}}]},{"date":"2024-10-07","commitResults":[{"hash":"7aa6624fc52f42cbf31c459f72031644924402bf","isMergeCommit":false,"messageTitle":"Add zengfu.md to team profile","messageBody":"","fileTypesAndContributionMap":{"docs":{"insertions":46,"deletions":0}}}]},{"date":"2024-10-09","commitResults":[{"hash":"3f8e7cebaeaba0f0a175e31fe322ddb2a3a1465c","isMergeCommit":false,"messageTitle":"Modify validations on tags","messageBody":"","fileTypesAndContributionMap":{"functional-code":{"insertions":28,"deletions":11}}},{"hash":"f775c701d5bf83330e56e0768c5037a8d20355f3","isMergeCommit":false,"messageTitle":"Make tags a compulsory parameter","messageBody":"","fileTypesAndContributionMap":{"functional-code":{"insertions":2,"deletions":4}}},{"hash":"fe5cfdef55a0de1341b72e4d06e2d01c57929ec3","isMergeCommit":false,"messageTitle":"Add and modify test cases for tag","messageBody":"","fileTypesAndContributionMap":{"test-code":{"insertions":113,"deletions":84}}},{"hash":"0ed36faa4b1a10eeedbb6d396c9554b64ff34779","isMergeCommit":false,"messageTitle":"Add test cases for SampleDataUtil.java","messageBody":"","fileTypesAndContributionMap":{"test-code":{"insertions":22,"deletions":0}}},{"hash":"4c3bf5cd25952e8cf91f59dd68b195da4120a343","isMergeCommit":false,"messageTitle":"Add more test cases for SampleDataUtil.java","messageBody":"","fileTypesAndContributionMap":{"test-code":{"insertions":45,"deletions":3}}}]},{"date":"2024-10-10","commitResults":[{"hash":"7f5ce5eeeb42d6d4d557ddfc5a5829084201f7b8","isMergeCommit":false,"messageTitle":"Rename Tag.java to Role.java","messageBody":"","fileTypesAndContributionMap":{"functional-code":{"insertions":67,"deletions":67},"other":{"insertions":19,"deletions":19},"test-code":{"insertions":86,"deletions":86}}},{"hash":"0ee9268f71ee1cd10fa60c5ffa4fac16c4450123","isMergeCommit":false,"messageTitle":"Update UserGuide.md to align with Role parameter","messageBody":"","fileTypesAndContributionMap":{"docs":{"insertions":21,"deletions":16}}},{"hash":"dcca8bd35e957d45f27dfd902b9a341358e69a19","isMergeCommit":true,"messageTitle":"Merge branch \u0027master\u0027 into add-role-attribute-for-person","messageBody":"","fileTypesAndContributionMap":{}},{"hash":"52ab4c5d9f6b27514234fb14faaf2e037e00ba80","isMergeCommit":true,"messageTitle":"Merge pull request #50 from wuzengfu/add-role-attribute-for-person","messageBody":"Add role attribute for person","fileTypesAndContributionMap":{}},{"hash":"8d1f3b14fe54cb8d7d3f4a8cfa1b96696b13a96d","isMergeCommit":false,"messageTitle":"Fix compiling errors and styling issues","messageBody":"","fileTypesAndContributionMap":{"functional-code":{"insertions":12,"deletions":12},"test-code":{"insertions":9,"deletions":8}}},{"hash":"54de07a8c92c1723e44cf19a79e21285042ea974","isMergeCommit":true,"messageTitle":"Merge remote-tracking branch \u0027origin/master\u0027 into fork/LowXiSi/branch-add-student-status","messageBody":"# Conflicts:\n#\tsrc/main/java/seedu/address/logic/commands/AddCommand.java\n#\tsrc/main/java/seedu/address/logic/commands/EditCommand.java\n#\tsrc/main/java/seedu/address/logic/parser/AddCommandParser.java\n#\tsrc/main/java/seedu/address/logic/parser/CliSyntax.java\n#\tsrc/main/java/seedu/address/logic/parser/EditCommandParser.java\n#\tsrc/main/java/seedu/address/logic/parser/ParserUtil.java\n#\tsrc/main/java/seedu/address/model/person/Person.java\n#\tsrc/main/java/seedu/address/model/util/SampleDataUtil.java\n#\tsrc/main/java/seedu/address/storage/JsonAdaptedPerson.java\n#\tsrc/main/java/seedu/address/ui/PersonCard.java\n#\tsrc/main/resources/view/PersonListCard.fxml\n#\tsrc/test/data/JsonSerializableAddressBookTest/duplicatePersonAddressBook.json\n#\tsrc/test/data/JsonSerializableAddressBookTest/typicalPersonsAddressBook.json\n#\tsrc/test/java/seedu/address/logic/LogicManagerTest.java\n#\tsrc/test/java/seedu/address/logic/commands/CommandTestUtil.java\n#\tsrc/test/java/seedu/address/logic/commands/EditPersonDescriptorTest.java\n#\tsrc/test/java/seedu/address/logic/parser/AddCommandParserTest.java\n#\tsrc/test/java/seedu/address/logic/parser/EditCommandParserTest.java\n#\tsrc/test/java/seedu/address/logic/parser/ParserUtilTest.java\n#\tsrc/test/java/seedu/address/model/AddressBookTest.java\n#\tsrc/test/java/seedu/address/model/person/NameContainsKeywordsPredicateTest.java\n#\tsrc/test/java/seedu/address/model/person/PersonTest.java\n#\tsrc/test/java/seedu/address/model/person/UniquePersonListTest.java\n#\tsrc/test/java/seedu/address/storage/JsonAdaptedPersonTest.java\n#\tsrc/test/java/seedu/address/testutil/EditPersonDescriptorBuilder.java\n#\tsrc/test/java/seedu/address/testutil/PersonBuilder.java\n#\tsrc/test/java/seedu/address/testutil/PersonUtil.java\n#\tsrc/test/java/seedu/address/testutil/TypicalPersons.java\n","fileTypesAndContributionMap":{}}]}],"WinstonJin":[{"date":"2024-09-30","commitResults":[{"hash":"de3698625d5dbbc4403cb8b0dd5c6e0972d0cb77","isMergeCommit":false,"messageTitle":"Edit AboutUs","messageBody":"","fileTypesAndContributionMap":{"docs":{"insertions":52,"deletions":43}}},{"hash":"0d5fa5e3c068f4aa79b5ebdf7fa0d9ee83ad8247","isMergeCommit":true,"messageTitle":"Merge pull request #23 from wuzengfu/update-aboutus-zengfu","messageBody":"Update Zengfu details for AboutUs.md","fileTypesAndContributionMap":{}},{"hash":"8d361229d511dbbd2d1e0c4cd583cd27e9e8c570","isMergeCommit":true,"messageTitle":"Merge pull request #24 from somethingfishyfishy/branch-UpdateAboutErnest","messageBody":"Update AboutErnest","fileTypesAndContributionMap":{}},{"hash":"54c40b231062061a2f2bf584d6a51934a443bdbe","isMergeCommit":true,"messageTitle":"Merge branch \u0027master\u0027 into about-us-edit","messageBody":"","fileTypesAndContributionMap":{}},{"hash":"4472eb3daf68f236fc22dddc543ca8642e48000a","isMergeCommit":true,"messageTitle":"Merge pull request #25 from WinstonJin/about-us-edit","messageBody":"Update AboutUs Winston","fileTypesAndContributionMap":{}},{"hash":"53bd9f26a36418e1d35c7b32b05f1c7ceeda26e9","isMergeCommit":true,"messageTitle":"Merge branch \u0027master\u0027 into update-docs-branch","messageBody":"","fileTypesAndContributionMap":{}},{"hash":"ea73c46d118c94196e0ec8d9b5ec8f530ca17361","isMergeCommit":true,"messageTitle":"Merge pull request #26 from cth06-Github/update-docs-branch","messageBody":"Update AboutUs.md","fileTypesAndContributionMap":{}},{"hash":"b447d16f5bc8b3c5f3d4a5cdfefbc4cfe6711805","isMergeCommit":true,"messageTitle":"Merge branch \u0027master\u0027 into branch-AboutXiSi","messageBody":"","fileTypesAndContributionMap":{}},{"hash":"0d7e1b35c5699f167ae752adea4083ac1055748c","isMergeCommit":true,"messageTitle":"Merge pull request #27 from LowXiSi/branch-AboutXiSi","messageBody":"Update AboutXiSi","fileTypesAndContributionMap":{}}]},{"date":"2024-10-01","commitResults":[{"hash":"b52e1d62e5737fa2e30c378f96f2c97c7426aa91","isMergeCommit":true,"messageTitle":"Merge pull request #35 from wuzengfu/update-readme","messageBody":"Update Readme.md","fileTypesAndContributionMap":{}},{"hash":"464e8f3f493cadc134e912fb45913582901eadef","isMergeCommit":false,"messageTitle":"Update Developer Guide","messageBody":"","fileTypesAndContributionMap":{"docs":{"insertions":19,"deletions":15}}}]},{"date":"2024-10-05","commitResults":[{"hash":"1903d1bf13c0c208f037e773afbfecf7785a1820","isMergeCommit":true,"messageTitle":"Merge pull request #38 from LowXiSi/branch-Non-functional-requirements","messageBody":"Update non-functional requirements","fileTypesAndContributionMap":{}},{"hash":"b0c961eabf0ecf3a6debb59293ada578b967c464","isMergeCommit":true,"messageTitle":"Merge pull request #41 from cth06-Github/site-update-branch","messageBody":"Update site-wide settings","fileTypesAndContributionMap":{}}]},{"date":"2024-10-10","commitResults":[{"hash":"8e180183ad48bc5d8b740e4d103506016c6f60fe","isMergeCommit":false,"messageTitle":"Change Phone to Telegram Handle","messageBody":"","fileTypesAndContributionMap":{"functional-code":{"insertions":136,"deletions":133},"test-code":{"insertions":190,"deletions":187}}},{"hash":"0f364319f20a7d21658409a6e328660511416b84","isMergeCommit":false,"messageTitle":"Edit PersonListCard.fxml to show GUI","messageBody":"","fileTypesAndContributionMap":{"functional-code":{"insertions":1,"deletions":1}}},{"hash":"e44a4d908fb7ca33dacea50137af695450f822f0","isMergeCommit":true,"messageTitle":"Merge pull request #44 from wuzengfu/add-zengfu-profile","messageBody":"Add zengfu.md to team profile","fileTypesAndContributionMap":{}},{"hash":"f0b63f3c6bbb67223a536c44438fa5392062ac7b","isMergeCommit":true,"messageTitle":"Merge pull request #49 from cth06-Github/nickname-v1.2-branch","messageBody":"Merge Nickname v1.2 branch","fileTypesAndContributionMap":{}},{"hash":"07e3c693a1ba189e04e8b3fc59c78a651b9c3fb8","isMergeCommit":true,"messageTitle":"Merge pull request #55 from wuzengfu/fix-compile-error-and-styling-issues","messageBody":"Fix compiling errors and styling issues","fileTypesAndContributionMap":{}},{"hash":"96aef8941c0bd9b8132daf4bccaf253db1a3cb45","isMergeCommit":true,"messageTitle":"Merge branch \u0027master\u0027 into Telegram-Handle","messageBody":"","fileTypesAndContributionMap":{}},{"hash":"65f95055c3e051e1d38e90be08269bf95b2b8ee8","isMergeCommit":true,"messageTitle":"Merge pull request #52 from LowXiSi/branch-add-student-status","messageBody":"Add support for student status","fileTypesAndContributionMap":{}}]}],"somethingfishyfishy":[{"date":"2024-09-30","commitResults":[{"hash":"11ae12fccf718470ff311f0ce413dc193c7f8906","isMergeCommit":false,"messageTitle":"Update AboutErnest","messageBody":"","fileTypesAndContributionMap":{"docs":{"insertions":12,"deletions":0}}}]},{"date":"2024-10-05","commitResults":[{"hash":"c861bbb9ca2e7780b0069ee6dfa22976a3459f42","isMergeCommit":false,"messageTitle":"Correct github username","messageBody":"","fileTypesAndContributionMap":{"docs":{"insertions":2,"deletions":1}}},{"hash":"dc8197abf6c08c62fe4a7b03babbaad0fb85c005","isMergeCommit":true,"messageTitle":"Merge pull request #39 from LowXiSi/branch-Update-use-cases","messageBody":"Update use cases","fileTypesAndContributionMap":{}}]},{"date":"2024-10-06","commitResults":[{"hash":"b3ff7c83e89bebf41c0d4aa96c6fece0c1b1307d","isMergeCommit":false,"messageTitle":"Added somethingfishyfishy.md","messageBody":"","fileTypesAndContributionMap":{"docs":{"insertions":46,"deletions":0}}},{"hash":"67540a04d904d6f20a6bf3a86ded1bedd805b7b6","isMergeCommit":true,"messageTitle":"Merge pull request #1 from somethingfishyfishy/branch-UpdateAboutErnest","messageBody":"Added somethingfishyfishy.md","fileTypesAndContributionMap":{}},{"hash":"67bda16eafbb4a6ed50a91e883fc404a1824db0a","isMergeCommit":false,"messageTitle":"Update DeveloperGuide.md","messageBody":"","fileTypesAndContributionMap":{"docs":{"insertions":27,"deletions":15}}},{"hash":"ff75230c2e4fec35f60fca5903a0762fe4251dc3","isMergeCommit":true,"messageTitle":"Merge pull request #42 from somethingfishyfishy/branch-UpdateDGUseCases","messageBody":"Update DG - Product scope \u0026 use cases","fileTypesAndContributionMap":{}}]},{"date":"2024-10-07","commitResults":[{"hash":"f4ca3070771757bf039bd9ed4ad5258608fc81e7","isMergeCommit":false,"messageTitle":"Update AboutUs.md","messageBody":"Fix Tse Hui\u0027s image description","fileTypesAndContributionMap":{"docs":{"insertions":1,"deletions":1}}}]}]},"authorFileTypeContributionMap":{"LowXiSi":{"docs":94,"functional-code":121,"test-code":136},"cth06-Github":{"docs":9,"functional-code":110,"test-code":26},"wuzengfu":{"docs":77,"functional-code":118,"test-code":260},"WinstonJin":{"docs":68,"functional-code":122,"test-code":166},"somethingfishyfishy":{"docs":78,"functional-code":0,"test-code":0}},"authorContributionVariance":{"LowXiSi":20732.666,"cth06-Github":3741.551,"wuzengfu":11773.297,"WinstonJin":19111.238,"somethingfishyfishy":351.2381},"authorDisplayNameMap":{"LowXiSi":"CS2103-F09-1 LOW ..I SI","cth06-Github":"CS2103-F09-1 CHUA.. HUI","wuzengfu":"CS2103-F09-1 WU Z..NGFU","WinstonJin":"CS2103-F09-1 JIN ..STON","somethingfishyfishy":"CS2103-F09-1 ERNE..RONG"}}
