{"authorDailyContributionsMap":{"arjun2598":[{"date":"2024-10-02","commitResults":[{"hash":"e5a6e2878be13066dd54e0b42db1187d2f4ab3a3","isMergeCommit":false,"messageTitle":"Add Arjun information to AboutUs","messageBody":"","fileTypesAndContributionMap":{"docs":{"insertions":4,"deletions":4}}},{"hash":"e0a7ec3b12f7ab09398fbb39d68a7140ee50652b","isMergeCommit":false,"messageTitle":"Change position of my information","messageBody":"","fileTypesAndContributionMap":{"docs":{"insertions":7,"deletions":7}}},{"hash":"0d6ece821025ed874a8551f95174770a7f3fe44d","isMergeCommit":true,"messageTitle":"Merge pull request #19 from TerenceWongsExtravaganza/Add_Terence_AboutUs","messageBody":"Update Terence details in AboutUs","fileTypesAndContributionMap":{}},{"hash":"b71c214b83846dde01108b98ea53805bf3be0c45","isMergeCommit":true,"messageTitle":"Merge branch \u0027master\u0027 into add-arjun2598-AboutUs","messageBody":"# Conflicts:\n#\tdocs/AboutUs.md\n","fileTypesAndContributionMap":{}}]},{"date":"2024-10-04","commitResults":[{"hash":"d8ed6aa596131445014e642e1fbc31b3fa960a02","isMergeCommit":true,"messageTitle":"Merge pull request #29 from TerenceWongsExtravaganza/Branch-Update-Site_Settings","messageBody":"Update site-wide setting","fileTypesAndContributionMap":{}}]}],"LeongWZ":[{"date":"2024-10-01","commitResults":[{"hash":"cb4c005275123a99adf8dc17fa218c36f68ebaea","isMergeCommit":false,"messageTitle":"Add leongwz to AboutUs","messageBody":"","fileTypesAndContributionMap":{"docs":{"insertions":5,"deletions":5}}}]},{"date":"2024-10-02","commitResults":[{"hash":"17fc32feabc65646c1ea01a24cdad9e5390ad767","isMergeCommit":true,"messageTitle":"Merge branch \u0027master\u0027 of github.com:AY2425S1-CS2103T-F14b-1/tp into branch-UpdateAboutUs","messageBody":"","fileTypesAndContributionMap":{}},{"hash":"d43f848f14d4ae60c202244a62b176f3b029d332","isMergeCommit":true,"messageTitle":"Merge pull request #21 from nws321/branch-add-vincent-details","messageBody":"Update Vincent\u0027s Details In AboutUs","fileTypesAndContributionMap":{}}]}],"Gra7ityIC3":[{"date":"2024-10-02","commitResults":[{"hash":"9df661db0ec6e1b05bf421ad243ca14f4dc25364","isMergeCommit":false,"messageTitle":"Add Clement\u0027s details to AboutUs","messageBody":"","fileTypesAndContributionMap":{"docs":{"insertions":5,"deletions":7}}},{"hash":"48a02d82284f7281c841055cdd99f6bfa0da30bb","isMergeCommit":true,"messageTitle":"Merge pull request #10 from LeongWZ/branch-UpdateAboutUs","messageBody":"Add leongwz to AboutUs","fileTypesAndContributionMap":{}}]},{"date":"2024-10-03","commitResults":[{"hash":"d384ccb231374ca576cbd230165db90b91a5bdf5","isMergeCommit":true,"messageTitle":"Merge branch \u0027master\u0027 into add-clement-aboutus","messageBody":"# Conflicts:\n#\tdocs/AboutUs.md\n","fileTypesAndContributionMap":{}},{"hash":"7184ce21384c903245746395395eab2d13d88545","isMergeCommit":false,"messageTitle":"Update README.md","messageBody":"","fileTypesAndContributionMap":{"docs":{"insertions":19,"deletions":11}}}]}],"TerenceWongsExtravaganza":[{"date":"2024-10-02","commitResults":[{"hash":"47fe1cea6f50b1a031e5e507eccf75da87e3d419","isMergeCommit":false,"messageTitle":"Update Terence details in AboutUs","messageBody":"","fileTypesAndContributionMap":{"docs":{"insertions":3,"deletions":3}}}]},{"date":"2024-10-03","commitResults":[{"hash":"40356087009c7baba7b3d1e1b501b47ab5dacb14","isMergeCommit":true,"messageTitle":"Merge pull request #23 from Gra7ityIC3/add-clement-aboutus","messageBody":"Add Clement\u0027s details to AboutUs","fileTypesAndContributionMap":{}},{"hash":"a7d32d71fec2fbd6509bcd583b916f2ef74bc616","isMergeCommit":true,"messageTitle":"Merge pull request #27 from Gra7ityIC3/update-readme","messageBody":"Update README page","fileTypesAndContributionMap":{}}]},{"date":"2024-10-04","commitResults":[{"hash":"ef802fc63270fdcfb21dd351dba5419a4b19df10","isMergeCommit":false,"messageTitle":"Update site-wide setting","messageBody":"","fileTypesAndContributionMap":{"docs":{"insertions":2,"deletions":2}}}]}],"nws321":[{"date":"2024-10-02","commitResults":[{"hash":"759e25f96fc5e6b7973d0d6fb5973136a73a5f8d","isMergeCommit":false,"messageTitle":"Update Vincent\u0027s Details In AboutUs","messageBody":"","fileTypesAndContributionMap":{"docs":{"insertions":4,"deletions":4}}},{"hash":"91644cdf3de02cd84ff60eb21a1009a170509c17","isMergeCommit":true,"messageTitle":"Merge pull request #15 from arjun2598/add-arjun2598-AboutUs","messageBody":"Add arjun2598 to AboutUs","fileTypesAndContributionMap":{}}]}]},"authorFileTypeContributionMap":{"arjun2598":{"docs":4,"functional-code":0,"test-code":0},"LeongWZ":{"docs":4,"functional-code":0,"test-code":0},"Gra7ityIC3":{"docs":31,"functional-code":0,"test-code":0},"TerenceWongsExtravaganza":{"docs":5,"functional-code":0,"test-code":0},"nws321":{"docs":0,"functional-code":0,"test-code":0}},"authorContributionVariance":{"arjun2598":30.115557,"LeongWZ":6.2222214,"Gra7ityIC3":61.760002,"TerenceWongsExtravaganza":3.022222,"nws321":3.982222},"authorDisplayNameMap":{"arjun2598":"CS2103T-F14b-1 ARJU..ANAN","LeongWZ":"CS2103T-F14b-1 LEON.. ZHI","Gra7ityIC3":"CS2103T-F14b-1 OH Y..MENT","TerenceWongsExtravaganza":"CS2103T-F14b-1 TERE.. WEN","nws321":"CS2103T-F14b-1 NG W..CENT"}}
