{"authorDailyContributionsMap":{"jevan13":[{"date":"2024-09-29","commitResults":[{"hash":"673771e045ec5675c048752422fd179550449f3c","isMergeCommit":false,"messageTitle":"Update AboutUs Page","messageBody":"","fileTypesAndContributionMap":{"docs":{"insertions":10,"deletions":2}}},{"hash":"3644e003d17169a18080c1cc5987a30d4fb9f9b4","isMergeCommit":false,"messageTitle":"Update jevan13.md","messageBody":"Added new line at EOF\n","fileTypesAndContributionMap":{"docs":{"insertions":1,"deletions":1}}},{"hash":"9c6e55ad7014d0181bbbf4ede1cfbba9aa311bc0","isMergeCommit":false,"messageTitle":"Update AboutUs Page","messageBody":"","fileTypesAndContributionMap":{"docs":{"insertions":1,"deletions":1}}},{"hash":"edd372e0bb39d23104b2a0115103e8903f5e78d8","isMergeCommit":false,"messageTitle":"Update jevan13\u0027s Portfolio Page","messageBody":"","fileTypesAndContributionMap":{"docs":{"insertions":1,"deletions":1}}},{"hash":"8876796f4aaf5df32ce1c0d6e2642dbf04a4f965","isMergeCommit":true,"messageTitle":"Merge pull request #27 from LimErnest/update-aboutus","messageBody":"LGTM!","fileTypesAndContributionMap":{}},{"hash":"6af32d00c48963a4339f778bf9e014914007f4bb","isMergeCommit":true,"messageTitle":"Merge pull request #37 from LimErnest/update-markbind","messageBody":"Update name and github link","fileTypesAndContributionMap":{}},{"hash":"eeb371626c08b18c681de5492822e56335a344fa","isMergeCommit":false,"messageTitle":"Update user stories","messageBody":"","fileTypesAndContributionMap":{"docs":{"insertions":13,"deletions":9}}}]},{"date":"2024-10-02","commitResults":[{"hash":"a3ec9c25207c89a7bbbe9ca66eb518b63692ee3d","isMergeCommit":true,"messageTitle":"Merge pull request #39 from LimErnest/update-developer-guide","messageBody":"Add target user profile","fileTypesAndContributionMap":{}},{"hash":"a5a08ddb5112e17a2442b5c58dcc251bcfa182ee","isMergeCommit":true,"messageTitle":"Merge pull request #54 from thortol/update-glossary","messageBody":"Update glossary with GUI definition","fileTypesAndContributionMap":{}}]},{"date":"2024-10-10","commitResults":[{"hash":"3b6bcf7d89b731a4dd8bd2ba24fa19285be1352e","isMergeCommit":false,"messageTitle":"Extend FindCommand to accept additional e/ph parameter","messageBody":"- Updated FindCommandParser.parse to accept an extra parameter e/ph to support enhanced search functionality.\n- Modified FindCommand.MESSAGE_USAGE to include details about the new e/ph parameter for better user guidance.\n","fileTypesAndContributionMap":{"functional-code":{"insertions":14,"deletions":5}}},{"hash":"bfe0b5b5be98ecae0e8dc57add1c50f6349ca913","isMergeCommit":false,"messageTitle":"Fix FindCommand and FindCommandParser","messageBody":"- FindCommand.java:18: Line is longer than 120 characters\n- FindCommandParser: Name must match pattern \u0027^[a-z][a-zA-Z0-9]*$\u0027\n","fileTypesAndContributionMap":{"functional-code":{"insertions":5,"deletions":4}}},{"hash":"4f594dd6e8e1db45c9ded81570e33b42d6b59702","isMergeCommit":false,"messageTitle":"Revert changes in FindCommand.java and FindCommandParser.java","messageBody":"","fileTypesAndContributionMap":{"functional-code":{"insertions":4,"deletions":14}}},{"hash":"5f3d968702449fdae699b57a835ed09721e237d9","isMergeCommit":false,"messageTitle":"Update User Guide for Find Command - Add extra parameter: e/ph - Update examples","messageBody":"","fileTypesAndContributionMap":{"docs":{"insertions":4,"deletions":4}}},{"hash":"382b39c20b4f483e28bcc10fec463cd8030e298e","isMergeCommit":false,"messageTitle":"Update FindCommand","messageBody":"- FiindCommand.MESSAGE_USAGE: Removed extra parameter. To be added in v1.3.\n","fileTypesAndContributionMap":{"functional-code":{"insertions":2,"deletions":2}}}]}],"LimErnest":[{"date":"2024-09-20","commitResults":[{"hash":"00783a01d8488691d2d87630411b16766d09401d","isMergeCommit":true,"messageTitle":"Merge pull request #1 from AY2425S1-CS2103T-T10-2/switch-docs-to-markbind","messageBody":"Switch docs to markbind","fileTypesAndContributionMap":{}},{"hash":"2a8ac660e8f8ef631df0c40733a1b8def55c9a15","isMergeCommit":false,"messageTitle":"Update site configs","messageBody":"","fileTypesAndContributionMap":{"docs":{"insertions":1,"deletions":1}}}]},{"date":"2024-09-29","commitResults":[{"hash":"a85a6bf0812508d420ee0963c87e2f70ceb4ca81","isMergeCommit":false,"messageTitle":"Update AboutUs page","messageBody":"","fileTypesAndContributionMap":{"docs":{"insertions":12,"deletions":4}}},{"hash":"3b970bd05989d51bbef70b7b7a0f754fbd4a0fe9","isMergeCommit":true,"messageTitle":"Merge pull request #21 from thortol/update-about-us","messageBody":"Update AboutUs.md with thortol\u0027s details","fileTypesAndContributionMap":{}},{"hash":"6371e64a7af6d2920a0f12cdb1577cd4789290f5","isMergeCommit":false,"messageTitle":"Update name and github link","messageBody":"","fileTypesAndContributionMap":{"docs":{"insertions":1,"deletions":1}}},{"hash":"be607e68f8eeaae18f6454a4ab779d7cebd458a7","isMergeCommit":false,"messageTitle":"Add target user profile","messageBody":"","fileTypesAndContributionMap":{"docs":{"insertions":7,"deletions":3}}}]},{"date":"2024-10-02","commitResults":[{"hash":"abbc83ded2273717faf9bd3bfc45370c964a6b31","isMergeCommit":true,"messageTitle":"Merge pull request #53 from thortol/update-value-proposition","messageBody":"Update value proposition","fileTypesAndContributionMap":{}}]},{"date":"2024-10-09","commitResults":[{"hash":"61a2b91454a88b15a34f3c5a24a3ff84fdc2f8f4","isMergeCommit":false,"messageTitle":"Change the help function","messageBody":"","fileTypesAndContributionMap":{"functional-code":{"insertions":113,"deletions":63}}},{"hash":"910efbcd686b800def89791da93d96811d6b5605","isMergeCommit":true,"messageTitle":"Merge pull request #62 from InfinityTwo/delete-modifications","messageBody":"Modify DG and UG for delete feature","fileTypesAndContributionMap":{}}]},{"date":"2024-10-10","commitResults":[{"hash":"515fbeefebb5d291976a779187cacde774a79546","isMergeCommit":true,"messageTitle":"Merge pull request #65 from LimErnest/create-feature-help","messageBody":"Change the help function","fileTypesAndContributionMap":{}}]}],"KiKuasaurus":[{"date":"2024-09-29","commitResults":[{"hash":"7f8a09b699d0ade094f6363591ef696f21da2fbe","isMergeCommit":false,"messageTitle":"Change AboutUs","messageBody":"","fileTypesAndContributionMap":{"docs":{"insertions":15,"deletions":6}}},{"hash":"001f756cde287df735611bcb28628c27564aff72","isMergeCommit":false,"messageTitle":"Fix checkstyle issues","messageBody":"","fileTypesAndContributionMap":{"docs":{"insertions":0,"deletions":1}}},{"hash":"c7f072d091fb5061e0c346fb53dacacd111d0eea","isMergeCommit":false,"messageTitle":"Change capitalisation for names","messageBody":"","fileTypesAndContributionMap":{"docs":{"insertions":2,"deletions":2}}},{"hash":"f6932c6ab941ef535598f0842dc5419e8cf5f721","isMergeCommit":false,"messageTitle":"Fix an issue with capitalisation for names","messageBody":"","fileTypesAndContributionMap":{"docs":{"insertions":2,"deletions":2}}},{"hash":"d9304dc7fe348064d84a46e9638f098f88cddaa5","isMergeCommit":true,"messageTitle":"Merge pull request #23 from InfinityTwo/parallel-about-us","messageBody":"LGTM!","fileTypesAndContributionMap":{}},{"hash":"822b695abd2afe880dea0a3d9d94a9b9816901f1","isMergeCommit":false,"messageTitle":"Add Acknowledgement on the source of the code","messageBody":"","fileTypesAndContributionMap":{"docs":{"insertions":1,"deletions":0}}},{"hash":"47da7b45557134b0118f46eb3057ccf90ae21e23","isMergeCommit":false,"messageTitle":"Fix checkstyle issues","messageBody":"","fileTypesAndContributionMap":{"docs":{"insertions":1,"deletions":1}}},{"hash":"d6c71b6fc08a24415f9a028295f2a4cf0f03fa16","isMergeCommit":true,"messageTitle":"Merge pull request #34 from InfinityTwo/A2","messageBody":"LGTM!","fileTypesAndContributionMap":{}}]},{"date":"2024-10-02","commitResults":[{"hash":"171147fbf05471211f9c2c62b10b6993f51af082","isMergeCommit":false,"messageTitle":"Add use cases","messageBody":"","fileTypesAndContributionMap":{"docs":{"insertions":68,"deletions":5}}},{"hash":"ba9693ae059170d186fc0a6f618f80671f05ea6f","isMergeCommit":true,"messageTitle":"Merge pull request #41 from InfinityTwo/DG-Modifications","messageBody":"LGTM!","fileTypesAndContributionMap":{}}]},{"date":"2024-10-10","commitResults":[{"hash":"ffd74e69e56a2d4780e895d33c0855a0b0815cde","isMergeCommit":true,"messageTitle":"Merge pull request #66 from thortol/add-employee-command","messageBody":"Add department, role and CED to Employee","fileTypesAndContributionMap":{}},{"hash":"6f9b971c94d8661bc76e084fb57b0e583232bb2b","isMergeCommit":false,"messageTitle":"Fix list to work with employee","messageBody":"","fileTypesAndContributionMap":{"functional-code":{"insertions":23,"deletions":5}}}]},{"date":"2024-10-11","commitResults":[{"hash":"5d84ed18fcf3c7b7ca48a31d9479af1968bd609f","isMergeCommit":true,"messageTitle":"Merge pull request #71 from thortol/add-potential-hire","messageBody":"Add potential hire","fileTypesAndContributionMap":{}}]}],"InfinityTwo":[{"date":"2024-09-20","commitResults":[{"hash":"9f9107a2b25588fd42db36dc792246ad8b00ed38","isMergeCommit":true,"messageTitle":"Merge pull request #2 from LimErnest/master","messageBody":"Update site configs","fileTypesAndContributionMap":{}},{"hash":"aa1a295e7bd7e944f3584d2b71508d7f7d49740a","isMergeCommit":false,"messageTitle":"Add codecov badge","messageBody":"","fileTypesAndContributionMap":{"docs":{"insertions":1,"deletions":1}}},{"hash":"c09c0a78bea3c99adbbe60179bc1690202f70ae3","isMergeCommit":true,"messageTitle":"Merge pull request #3 from InfinityTwo/master","messageBody":"Add Codecov Badge","fileTypesAndContributionMap":{}}]},{"date":"2024-09-29","commitResults":[{"hash":"ab1eff7c5146cb45304233d475ba3a279130a77f","isMergeCommit":false,"messageTitle":"Modify AboutUs.md and add infinitytwo.md","messageBody":"","fileTypesAndContributionMap":{"docs":{"insertions":13,"deletions":5}}},{"hash":"8b77a4e3d0d33c7bad93b2125ee9da5303d482b3","isMergeCommit":false,"messageTitle":"Newline at end of file","messageBody":"","fileTypesAndContributionMap":{"docs":{"insertions":1,"deletions":1}}},{"hash":"420dfb261b2dd5e27dfef2980e47cc1700f8c586","isMergeCommit":false,"messageTitle":"Modify heading to my name","messageBody":"","fileTypesAndContributionMap":{"docs":{"insertions":1,"deletions":1}}},{"hash":"08fd963798d08ac17215ac0e24537d059981c76e","isMergeCommit":false,"messageTitle":"Modify name with capitalisation","messageBody":"","fileTypesAndContributionMap":{"docs":{"insertions":1,"deletions":1}}},{"hash":"353fc0a69142f8af2b263ed4e9986538b5d33dd1","isMergeCommit":true,"messageTitle":"Merge pull request #26 from jevan13/Update-AboutUs","messageBody":"Update AboutUs.md with jevan13\u0027s details","fileTypesAndContributionMap":{}},{"hash":"fe07e39f4047eb9411fd6580dcc6f25f2a6ddf2d","isMergeCommit":false,"messageTitle":"Add Actions Badge","messageBody":"","fileTypesAndContributionMap":{"docs":{"insertions":1,"deletions":1}}},{"hash":"c9b6e45c3251725fffaa2a7a95cf2dcd203aadfc","isMergeCommit":true,"messageTitle":"Merge pull request #35 from jevan13/Add-UI-Mockup","messageBody":"Add Ui Mockup","fileTypesAndContributionMap":{}},{"hash":"01b64d99cff05327a134910a24e1c502a7d47afe","isMergeCommit":false,"messageTitle":"Modify Developer Guide for NFR","messageBody":"","fileTypesAndContributionMap":{"docs":{"insertions":16,"deletions":4}}}]},{"date":"2024-10-02","commitResults":[{"hash":"835d67a8a48037293a78a243896ab87c127b7684","isMergeCommit":true,"messageTitle":"Merge branch \u0027DG-Modifications\u0027 of https://github.com/infinityTwo/tp into DG-Modifications","messageBody":"","fileTypesAndContributionMap":{}},{"hash":"77dacce60efc23890da4b52c9f17ffbe45474023","isMergeCommit":false,"messageTitle":"Modify DG for better consistency and Add more points","messageBody":"","fileTypesAndContributionMap":{"docs":{"insertions":16,"deletions":13}}},{"hash":"c814b7a91c268f942f552956eb42e6dc5b2d3e66","isMergeCommit":true,"messageTitle":"Merge pull request #43 from jevan13/Update-User-Stories","messageBody":"Update user stories","fileTypesAndContributionMap":{}}]},{"date":"2024-10-06","commitResults":[{"hash":"a911217bba393e8aa1e8e4c7020ba1a2182e89a9","isMergeCommit":false,"messageTitle":"Modify DG and UG for delete feature","messageBody":"","fileTypesAndContributionMap":{"docs":{"insertions":227,"deletions":156}}}]},{"date":"2024-10-08","commitResults":[{"hash":"e7364c538e03d7ed8e9696f29df9778e59def7ef","isMergeCommit":false,"messageTitle":"Modify parts of UG to fit StaffSync","messageBody":"","fileTypesAndContributionMap":{"docs":{"insertions":27,"deletions":10}}}]},{"date":"2024-10-10","commitResults":[{"hash":"1133a30e6c94f3c3f0e8467acd6a17208d84829e","isMergeCommit":true,"messageTitle":"Merge pull request #69 from jevan13/Update-Find","messageBody":"Update Find Command","fileTypesAndContributionMap":{}}]}],"thortol":[{"date":"2024-09-29","commitResults":[{"hash":"c7cc854c44fc34cc76401f75e419752b7166e244","isMergeCommit":false,"messageTitle":"Update AboutUs.md with thortol\u0027s details","messageBody":"","fileTypesAndContributionMap":{"docs":{"insertions":14,"deletions":5}}},{"hash":"2d4061dba6578bea933b37fbca958c0e47fe4c90","isMergeCommit":false,"messageTitle":"Fix check style issue","messageBody":"","fileTypesAndContributionMap":{"docs":{"insertions":1,"deletions":1}}},{"hash":"66221707e396aa6d814a1388c26aabe88ca619f7","isMergeCommit":true,"messageTitle":"Merge pull request #25 from KiKuasaurus/branch-About-Us","messageBody":"Change AboutUs","fileTypesAndContributionMap":{}},{"hash":"fb8505ea0316d9456304b56fa86840b7d545ff64","isMergeCommit":false,"messageTitle":"Update README.md with StaffSync details","messageBody":"","fileTypesAndContributionMap":{"docs":{"insertions":7,"deletions":10}}},{"hash":"456653d7495b9715432b6bfd4ba5f43b64b2bd5b","isMergeCommit":true,"messageTitle":"Merge pull request #33 from KiKuasaurus/branch-Acknowledgement","messageBody":"Add Acknowledgement on the source of the code","fileTypesAndContributionMap":{}},{"hash":"f1f79685b6a236077d5c5ced6065e0b85f7f322b","isMergeCommit":true,"messageTitle":"Fix merge conflict","messageBody":"","fileTypesAndContributionMap":{}},{"hash":"c47f2f3c7e62a3f9fa4abbb27823dd2e16238f39","isMergeCommit":true,"messageTitle":"Merge pull request #36 from thortol/update-readme","messageBody":"Update README.md with StaffSync details","fileTypesAndContributionMap":{}}]},{"date":"2024-10-02","commitResults":[{"hash":"5024209ffa5c4350f81f0e3affb4e3ea6dacd427","isMergeCommit":false,"messageTitle":"Update value proposition","messageBody":"","fileTypesAndContributionMap":{"docs":{"insertions":5,"deletions":1}}},{"hash":"d93cd6f6a03e470dd07e64444f9d31138396ca39","isMergeCommit":true,"messageTitle":"Merge pull request #51 from KiKuasaurus/Use-Case","messageBody":"Add use cases","fileTypesAndContributionMap":{}},{"hash":"341255d15a24cb82f899d1b0f2d3b300064c7211","isMergeCommit":false,"messageTitle":"Update glossary with GUI definition","messageBody":"","fileTypesAndContributionMap":{"docs":{"insertions":2,"deletions":1}}}]},{"date":"2024-10-05","commitResults":[{"hash":"f38763b00f1e7bcad97d23bd2874a3249cc234bb","isMergeCommit":false,"messageTitle":"Add pull request template","messageBody":"","fileTypesAndContributionMap":{"docs":{"insertions":7,"deletions":0}}},{"hash":"38e5712f75ff925123a3840a0c349f35efd3c632","isMergeCommit":false,"messageTitle":"Update pull request template","messageBody":"","fileTypesAndContributionMap":{"docs":{"insertions":1,"deletions":1}}},{"hash":"15628920f60f9fba1e2a27b102472bad7ca0804d","isMergeCommit":false,"messageTitle":"Fix check style issues","messageBody":"","fileTypesAndContributionMap":{"docs":{"insertions":1,"deletions":1}}},{"hash":"a4dc659da800d00e5b93889e857eac40337ccd12","isMergeCommit":true,"messageTitle":"Merge pull request #61 from thortol/add-templates","messageBody":"Add pull request template","fileTypesAndContributionMap":{}}]},{"date":"2024-10-09","commitResults":[{"hash":"b33218410043ab839e0f1dd00956a99f24fa2963","isMergeCommit":false,"messageTitle":"Add employee command","messageBody":"","fileTypesAndContributionMap":{"functional-code":{"insertions":141,"deletions":9}}},{"hash":"5cededac9d0e1661e442af80b49e89ef40bb3831","isMergeCommit":false,"messageTitle":"Fix check style","messageBody":"","fileTypesAndContributionMap":{"functional-code":{"insertions":24,"deletions":7}}},{"hash":"5cdebc5bb83bd6975f56ed53c7c7cb4edcc68476","isMergeCommit":false,"messageTitle":"Fix tests","messageBody":"","fileTypesAndContributionMap":{"functional-code":{"insertions":1,"deletions":150},"other":{"insertions":24,"deletions":24},"test-code":{"insertions":8,"deletions":8}}},{"hash":"c83cbbea4d8fbe7855662cfda531e12201174c7c","isMergeCommit":false,"messageTitle":"Fix check style","messageBody":"","fileTypesAndContributionMap":{"functional-code":{"insertions":1,"deletions":1},"test-code":{"insertions":12,"deletions":11}}},{"hash":"38b5f59de8f05ec8e5390f85e52cd12f1df04dfd","isMergeCommit":true,"messageTitle":"Merge pull request #63 from thortol/add-employee-command","messageBody":"add employee command","fileTypesAndContributionMap":{}},{"hash":"48474b45868d9a84fbfb903d9182b80c2a96a6c0","isMergeCommit":false,"messageTitle":"Remove tags from Employee","messageBody":"","fileTypesAndContributionMap":{"functional-code":{"insertions":20,"deletions":286},"test-code":{"insertions":42,"deletions":279}}},{"hash":"c8065f56b8cd5238be347e0cad2aa9c21335bf48","isMergeCommit":true,"messageTitle":"Merge branch \u0027master\u0027 into add-employee-command","messageBody":"","fileTypesAndContributionMap":{}},{"hash":"3ae7529bafa6a3d6c55f9d94a65e78d6a1137a19","isMergeCommit":false,"messageTitle":"Add valid test back","messageBody":"","fileTypesAndContributionMap":{"test-code":{"insertions":10,"deletions":0}}},{"hash":"77e17bc26f378945913394721105d833ed535546","isMergeCommit":true,"messageTitle":"Merge pull request #64 from thortol/add-employee-command","messageBody":"Remove tags from employee","fileTypesAndContributionMap":{}}]},{"date":"2024-10-10","commitResults":[{"hash":"d4d9b13e702f6988bc28f0a3f133d3bab5cdfd20","isMergeCommit":false,"messageTitle":"Add department, role and CED to Employee","messageBody":"","fileTypesAndContributionMap":{"functional-code":{"insertions":376,"deletions":44},"test-code":{"insertions":169,"deletions":45}}},{"hash":"c98e7db54868b387f4775566fbb74532a4d3ea20","isMergeCommit":false,"messageTitle":"Fix check style","messageBody":"","fileTypesAndContributionMap":{"functional-code":{"insertions":51,"deletions":12},"test-code":{"insertions":15,"deletions":2}}},{"hash":"2fb61c84e08778e376c1a86dfcfb40249ff3b182","isMergeCommit":true,"messageTitle":"Merge pull request #67 from KiKuasaurus/branch-ListCommand","messageBody":"Fix list to work with employee","fileTypesAndContributionMap":{}}]},{"date":"2024-10-11","commitResults":[{"hash":"b2095b47e66d521b01275bb4b3ef06d824da3b70","isMergeCommit":false,"messageTitle":"Add potential hire command","messageBody":"","fileTypesAndContributionMap":{"functional-code":{"insertions":279,"deletions":63},"test-code":{"insertions":11,"deletions":11}}},{"hash":"41f4088bba8b80b5b8a49bb6c7354c0be437fa51","isMergeCommit":false,"messageTitle":"Fix check style","messageBody":"","fileTypesAndContributionMap":{"functional-code":{"insertions":35,"deletions":33},"test-code":{"insertions":1,"deletions":1}}}]}]},"authorFileTypeContributionMap":{"jevan13":{"docs":27,"functional-code":0,"test-code":0},"LimErnest":{"docs":20,"functional-code":108,"test-code":0},"KiKuasaurus":{"docs":80,"functional-code":19,"test-code":0},"InfinityTwo":{"docs":273,"functional-code":0,"test-code":0},"thortol":{"docs":30,"functional-code":618,"test-code":229}},"authorContributionVariance":{"jevan13":205.79341,"LimErnest":1356.1405,"KiKuasaurus":290.26443,"InfinityTwo":6354.15,"thortol":72098.91},"authorDisplayNameMap":{"jevan13":"CS2103T-T10-2 JEVA..I EN","LimErnest":"CS2103T-T10-2 LIM ..NEST","KiKuasaurus":"CS2103T-T10-2 NEO .. KAI","InfinityTwo":"CS2103T-T10-2 POH ..KANG","thortol":"CS2103T-T10-2 CAI ..NZHI"}}
