{"authorDailyContributionsMap":{"jevan13":[{"date":"2024-09-29","commitResults":[{"hash":"673771e045ec5675c048752422fd179550449f3c","isMergeCommit":false,"messageTitle":"Update AboutUs Page","messageBody":"","fileTypesAndContributionMap":{"docs":{"insertions":10,"deletions":2}}},{"hash":"3644e003d17169a18080c1cc5987a30d4fb9f9b4","isMergeCommit":false,"messageTitle":"Update jevan13.md","messageBody":"Added new line at EOF\n","fileTypesAndContributionMap":{"docs":{"insertions":1,"deletions":1}}},{"hash":"9c6e55ad7014d0181bbbf4ede1cfbba9aa311bc0","isMergeCommit":false,"messageTitle":"Update AboutUs Page","messageBody":"","fileTypesAndContributionMap":{"docs":{"insertions":1,"deletions":1}}},{"hash":"edd372e0bb39d23104b2a0115103e8903f5e78d8","isMergeCommit":false,"messageTitle":"Update jevan13\u0027s Portfolio Page","messageBody":"","fileTypesAndContributionMap":{"docs":{"insertions":1,"deletions":1}}},{"hash":"8876796f4aaf5df32ce1c0d6e2642dbf04a4f965","isMergeCommit":true,"messageTitle":"Merge pull request #27 from LimErnest/update-aboutus","messageBody":"LGTM!","fileTypesAndContributionMap":{}},{"hash":"6af32d00c48963a4339f778bf9e014914007f4bb","isMergeCommit":true,"messageTitle":"Merge pull request #37 from LimErnest/update-markbind","messageBody":"Update name and github link","fileTypesAndContributionMap":{}},{"hash":"eeb371626c08b18c681de5492822e56335a344fa","isMergeCommit":false,"messageTitle":"Update user stories","messageBody":"","fileTypesAndContributionMap":{"docs":{"insertions":13,"deletions":9}}}]},{"date":"2024-10-02","commitResults":[{"hash":"a3ec9c25207c89a7bbbe9ca66eb518b63692ee3d","isMergeCommit":true,"messageTitle":"Merge pull request #39 from LimErnest/update-developer-guide","messageBody":"Add target user profile","fileTypesAndContributionMap":{}},{"hash":"a5a08ddb5112e17a2442b5c58dcc251bcfa182ee","isMergeCommit":true,"messageTitle":"Merge pull request #54 from thortol/update-glossary","messageBody":"Update glossary with GUI definition","fileTypesAndContributionMap":{}}]},{"date":"2024-10-10","commitResults":[{"hash":"3b6bcf7d89b731a4dd8bd2ba24fa19285be1352e","isMergeCommit":false,"messageTitle":"Extend FindCommand to accept additional e/ph parameter","messageBody":"- Updated FindCommandParser.parse to accept an extra parameter e/ph to support enhanced search functionality.\n- Modified FindCommand.MESSAGE_USAGE to include details about the new e/ph parameter for better user guidance.\n","fileTypesAndContributionMap":{"functional-code":{"insertions":14,"deletions":5}}},{"hash":"bfe0b5b5be98ecae0e8dc57add1c50f6349ca913","isMergeCommit":false,"messageTitle":"Fix FindCommand and FindCommandParser","messageBody":"- FindCommand.java:18: Line is longer than 120 characters\n- FindCommandParser: Name must match pattern \u0027^[a-z][a-zA-Z0-9]*$\u0027\n","fileTypesAndContributionMap":{"functional-code":{"insertions":5,"deletions":4}}},{"hash":"4f594dd6e8e1db45c9ded81570e33b42d6b59702","isMergeCommit":false,"messageTitle":"Revert changes in FindCommand.java and FindCommandParser.java","messageBody":"","fileTypesAndContributionMap":{"functional-code":{"insertions":4,"deletions":14}}},{"hash":"5f3d968702449fdae699b57a835ed09721e237d9","isMergeCommit":false,"messageTitle":"Update User Guide for Find Command - Add extra parameter: e/ph - Update examples","messageBody":"","fileTypesAndContributionMap":{"docs":{"insertions":4,"deletions":4}}},{"hash":"382b39c20b4f483e28bcc10fec463cd8030e298e","isMergeCommit":false,"messageTitle":"Update FindCommand","messageBody":"- FiindCommand.MESSAGE_USAGE: Removed extra parameter. To be added in v1.3.\n","fileTypesAndContributionMap":{"functional-code":{"insertions":2,"deletions":2}}}]},{"date":"2024-10-13","commitResults":[{"hash":"4dab736d744b14cd3989c00a3fd9b1e12d0594d5","isMergeCommit":false,"messageTitle":"Add FindEmployeeCommand and FindPotentialCommand with parser support","messageBody":"- Implement FindEmployeeCommand and FindPotentialCommand\n- Update FindCommandParser to parse new parameters: /e (for employees) and /ph (for potential hires)\n- Add unit tests for FindEmployeeCommand and FindPotentialCommand\n- TODO: Complete FindPotentialCommandTest.execute_multipleKeywords_multiplePersonsFound()\n","fileTypesAndContributionMap":{"functional-code":{"insertions":84,"deletions":4},"test-code":{"insertions":183,"deletions":0}}}]},{"date":"2024-10-14","commitResults":[{"hash":"1301972276dc3a2d6885c098d592106388394b86","isMergeCommit":false,"messageTitle":"Refactor: Split PersonBuilder.build() into buildEmployee() and buildPotential()","messageBody":"- Updated PersonBuilder.build() to split into PersonBuilder.buildEmployee() and PersonBuilder.buildPotential()\n- Modified all relevant files to reflect this change\n- Added 3 new Potential Person objects in TypicalPersons for FindPotentialCommandTest\n","fileTypesAndContributionMap":{"test-code":{"insertions":65,"deletions":50}}},{"hash":"91777611b9532603fb78f8882df9e71c31b96d5d","isMergeCommit":false,"messageTitle":"Add test for FindCommandParser - Test for FindCommandParser with e parameter and ph parameter","messageBody":"","fileTypesAndContributionMap":{"functional-code":{"insertions":5,"deletions":3},"docs":{"insertions":4,"deletions":4},"test-code":{"insertions":6,"deletions":0}}},{"hash":"ef222564473470f1695d3cbb3f5ec5f066d3310d","isMergeCommit":false,"messageTitle":"Update test for FindCommandParser - Include test for potential parameter (find /ph keyword)","messageBody":"","fileTypesAndContributionMap":{"test-code":{"insertions":6,"deletions":0}}}]},{"date":"2024-10-16","commitResults":[{"hash":"5d56d8c555e45e49bc31b6871ce6192e922abe76","isMergeCommit":false,"messageTitle":"Update FindCommandParser to support \"/all\" parameter","messageBody":"- Modified FindCommandParser.parse() to accept \"/all\" as a parameter.\n- If parameter is not (/all or /e or /ph), ParseException is thrown\n- Update UserGuide\n","fileTypesAndContributionMap":{"functional-code":{"insertions":9,"deletions":3},"docs":{"insertions":12,"deletions":11},"test-code":{"insertions":5,"deletions":3}}},{"hash":"befd7803fad17d201db6980372b71d7b72fc12c2","isMergeCommit":false,"messageTitle":"Add test to FindCommandParserTest for invalid arguments","messageBody":"- Asserts failure for invalid argument, e.g. \"find /a john\"\n","fileTypesAndContributionMap":{"test-code":{"insertions":5,"deletions":0}}},{"hash":"39eac9e6a69b0febe7f88320b6196845b5b9f9fb","isMergeCommit":true,"messageTitle":"Merge pull request #81 from LimErnest/improve-feature-help","messageBody":"Improve and update help feature","fileTypesAndContributionMap":{}},{"hash":"44047280bf774d2b87fa0911c67fcd8ee4474533","isMergeCommit":false,"messageTitle":"Update Find parameters and add new test for Find","messageBody":"- Find parameters are now e/ph/all\n- Add test for multiple keywords returns multiple people found\n- Update user guide\n","fileTypesAndContributionMap":{"functional-code":{"insertions":6,"deletions":6},"docs":{"insertions":14,"deletions":14},"test-code":{"insertions":25,"deletions":24}}},{"hash":"0ad82697a9ea895410a0ba308c69b2a05bcd841e","isMergeCommit":true,"messageTitle":"Merge branch \u0027master\u0027 into update-ug-dg","messageBody":"","fileTypesAndContributionMap":{}},{"hash":"07af93cdf0bc695c468608b5d7cf83dbf162c8c1","isMergeCommit":true,"messageTitle":"Merge pull request #91 from LimErnest/update-ug-dg","messageBody":"Update DeveloperGuide and UserGuide","fileTypesAndContributionMap":{}},{"hash":"a41817e892c3c734aee68788ece06e5104bbae96","isMergeCommit":false,"messageTitle":"Update FindCommandParser to throw exception for no keywords","messageBody":"- Added a condition to throw `ParseException` when keyword is empty.\n- Improves input validation to prevent downstream errors.\n","fileTypesAndContributionMap":{"functional-code":{"insertions":9,"deletions":8},"docs":{"insertions":24,"deletions":1}}},{"hash":"cd4e1f6568f20c3dd14324fa8de1580e4851069b","isMergeCommit":false,"messageTitle":"Update DG","messageBody":"- Change typo in test case 1\n- Make sentences shorter for simplification.\n","fileTypesAndContributionMap":{"docs":{"insertions":3,"deletions":3}}},{"hash":"201c64c32328ff9637436328b945ae2b81d4543a","isMergeCommit":true,"messageTitle":"Merge branch \u0027master\u0027 into Update-FindCommandParser-to-throw-exception","messageBody":"","fileTypesAndContributionMap":{}},{"hash":"7125a67eb5312bf51505da47f2ea19d2e5f87a5b","isMergeCommit":false,"messageTitle":"Update DG","messageBody":"","fileTypesAndContributionMap":{"docs":{"insertions":0,"deletions":6}}},{"hash":"d8c693828467e764665e62d84631f9e7f7b55a9f","isMergeCommit":true,"messageTitle":"Merge pull request #100 from jevan13/Update-FindCommandParser-to-throw-exception","messageBody":"Update FindCommandParser to throw exception for no keywords","fileTypesAndContributionMap":{}}]},{"date":"2024-10-17","commitResults":[{"hash":"a656e4f18dac8a0099b83400f0688cb9fe13ac54","isMergeCommit":false,"messageTitle":"Add test for FindCommandParser when parsing empty keywords","messageBody":"- Input: \"find all\", \"find ph\", \"find all\"\n","fileTypesAndContributionMap":{"test-code":{"insertions":9,"deletions":0}}}]},{"date":"2024-10-19","commitResults":[{"hash":"7163f212eb2cf31a9796254b7870e57452a0cad5","isMergeCommit":true,"messageTitle":"Merge pull request #105 from LimErnest/update-help-1","messageBody":"Update help feature","fileTypesAndContributionMap":{}}]},{"date":"2024-10-21","commitResults":[{"hash":"5105d12b3ca310a2241e82b6955db93bb0ff0fa3","isMergeCommit":false,"messageTitle":"Add extra parameters to FindCommandParser to parse - Parse using CLI Syntax - Create separate ContainsKeywordsPredicate classes for simplicity - Updated Testcases","messageBody":"","fileTypesAndContributionMap":{"functional-code":{"insertions":493,"deletions":25},"test-code":{"insertions":602,"deletions":51}}},{"hash":"35b973b2e49c3042955b2d83ae6a47b28bbd96af","isMergeCommit":true,"messageTitle":"Merge pull request #123 from LimErnest/create-feature-promote","messageBody":"Create promote feature and update demote command","fileTypesAndContributionMap":{}}]},{"date":"2024-10-22","commitResults":[{"hash":"533b2ebb2ec7ab1b2dee0681ebf03da8d8442c17","isMergeCommit":false,"messageTitle":"Add test for FindCommandParser and PredicateContainer","messageBody":"- Ensure correct evaluation of predicates\n- Covered edge cases and invalid input handling for both components\n- Improved code coverage and ensured functionality aligns with expected behavior\n","fileTypesAndContributionMap":{"functional-code":{"insertions":131,"deletions":53},"test-code":{"insertions":85,"deletions":8}}},{"hash":"1d370dde9962b12bbd7a4e7bab820d1e03a31dc2","isMergeCommit":false,"messageTitle":"Add import","messageBody":"- Resolve merge conflict\n","fileTypesAndContributionMap":{"test-code":{"insertions":1,"deletions":0}}},{"hash":"5b62bbd1771ee726257351cac3114cc16c2d08c2","isMergeCommit":false,"messageTitle":"Update import","messageBody":"- Resolve merge conflict\n","fileTypesAndContributionMap":{"test-code":{"insertions":1,"deletions":1}}},{"hash":"c499ba055d60cfa83102498416fb56a02760b2ae","isMergeCommit":true,"messageTitle":"Merge branch \u0027master\u0027 into Add-Extra-Parameters-for-FindCommandParser","messageBody":"# Conflicts:\n#\tsrc/test/java/seedu/address/logic/parser/AddressBookParserTest.java\n","fileTypesAndContributionMap":{}},{"hash":"832b96a0aa0be92c4ba84b932b79b40fffe07e35","isMergeCommit":true,"messageTitle":"Merge pull request #124 from jevan13/Add-Extra-Parameters-for-FindCommandParser","messageBody":"Add extra parameters to FindCommandParser to parse","fileTypesAndContributionMap":{}},{"hash":"3b2a3ef3b5ff118a7efe73cc8175fc212a16daa1","isMergeCommit":false,"messageTitle":"Add test for PredicateContainer","messageBody":"- Improve code coverage\n- Add test for equals and getCombinedPredicates() to check for null Predicates\n","fileTypesAndContributionMap":{"test-code":{"insertions":64,"deletions":83}}},{"hash":"53caa9e904c501f8feadc1e16b9761c0bbca42ea","isMergeCommit":false,"messageTitle":"Add JavaDocs for getPredicateContainer1() and getPredicateContainer2()","messageBody":"- Add JavaDocs to explain the difference between the two PredicateContainers\n- Improve understanding of test cases\n","fileTypesAndContributionMap":{"test-code":{"insertions":8,"deletions":1}}},{"hash":"44cbc4263988c17ccd6f7f9e8823b9507ba2ec3f","isMergeCommit":true,"messageTitle":"Merge pull request #131 from LimErnest/update-ug-dg-2","messageBody":"Update DG and UG for promote and demote command","fileTypesAndContributionMap":{}},{"hash":"51c2ec6a6930eafab3e929d97e6278479a150f11","isMergeCommit":false,"messageTitle":"Update FindCommand Message Usage","messageBody":"- Separated long message usage into parts for readability and standardisation\n","fileTypesAndContributionMap":{"functional-code":{"insertions":9,"deletions":8}}},{"hash":"8119ac9e3d91eada166472dba4de029e8a5bf935","isMergeCommit":false,"messageTitle":"Update code style to pass check style","messageBody":"- Fixed error of + on a new line\n","fileTypesAndContributionMap":{"functional-code":{"insertions":2,"deletions":2}}},{"hash":"b69e02938f30133bb32746492baa4aa32cd3fcb6","isMergeCommit":false,"messageTitle":"Update FindCommand message usage","messageBody":"- Add space to fix formatting\n","fileTypesAndContributionMap":{"functional-code":{"insertions":3,"deletions":3}}},{"hash":"977d6c863eec7fa03b7df476e310e5df2c325c72","isMergeCommit":false,"messageTitle":"Update FindCommand message usage","messageBody":"- Fix typo in message purpose\n","fileTypesAndContributionMap":{"functional-code":{"insertions":2,"deletions":1}}},{"hash":"10d76c341ec253c06ba06613659883e1f451b851","isMergeCommit":true,"messageTitle":"Merge pull request #134 from jevan13/Update-FindCommand-Message-Usage","messageBody":"Update FindCommand Message Usage","fileTypesAndContributionMap":{}}]}],"LimErnest":[{"date":"2024-09-20","commitResults":[{"hash":"00783a01d8488691d2d87630411b16766d09401d","isMergeCommit":true,"messageTitle":"Merge pull request #1 from AY2425S1-CS2103T-T10-2/switch-docs-to-markbind","messageBody":"Switch docs to markbind","fileTypesAndContributionMap":{}},{"hash":"2a8ac660e8f8ef631df0c40733a1b8def55c9a15","isMergeCommit":false,"messageTitle":"Update site configs","messageBody":"","fileTypesAndContributionMap":{"docs":{"insertions":1,"deletions":1}}}]},{"date":"2024-09-29","commitResults":[{"hash":"a85a6bf0812508d420ee0963c87e2f70ceb4ca81","isMergeCommit":false,"messageTitle":"Update AboutUs page","messageBody":"","fileTypesAndContributionMap":{"docs":{"insertions":12,"deletions":4}}},{"hash":"3b970bd05989d51bbef70b7b7a0f754fbd4a0fe9","isMergeCommit":true,"messageTitle":"Merge pull request #21 from thortol/update-about-us","messageBody":"Update AboutUs.md with thortol\u0027s details","fileTypesAndContributionMap":{}},{"hash":"6371e64a7af6d2920a0f12cdb1577cd4789290f5","isMergeCommit":false,"messageTitle":"Update name and github link","messageBody":"","fileTypesAndContributionMap":{"docs":{"insertions":1,"deletions":1}}},{"hash":"be607e68f8eeaae18f6454a4ab779d7cebd458a7","isMergeCommit":false,"messageTitle":"Add target user profile","messageBody":"","fileTypesAndContributionMap":{"docs":{"insertions":7,"deletions":3}}}]},{"date":"2024-10-02","commitResults":[{"hash":"abbc83ded2273717faf9bd3bfc45370c964a6b31","isMergeCommit":true,"messageTitle":"Merge pull request #53 from thortol/update-value-proposition","messageBody":"Update value proposition","fileTypesAndContributionMap":{}}]},{"date":"2024-10-09","commitResults":[{"hash":"61a2b91454a88b15a34f3c5a24a3ff84fdc2f8f4","isMergeCommit":false,"messageTitle":"Change the help function","messageBody":"","fileTypesAndContributionMap":{"functional-code":{"insertions":113,"deletions":63}}},{"hash":"910efbcd686b800def89791da93d96811d6b5605","isMergeCommit":true,"messageTitle":"Merge pull request #62 from InfinityTwo/delete-modifications","messageBody":"Modify DG and UG for delete feature","fileTypesAndContributionMap":{}}]},{"date":"2024-10-10","commitResults":[{"hash":"515fbeefebb5d291976a779187cacde774a79546","isMergeCommit":true,"messageTitle":"Merge pull request #65 from LimErnest/create-feature-help","messageBody":"Change the help function","fileTypesAndContributionMap":{}}]},{"date":"2024-10-16","commitResults":[{"hash":"58b9a76cd473431ad155f7a3b76d06b3a0906120","isMergeCommit":false,"messageTitle":"Improve and update help feature","messageBody":"","fileTypesAndContributionMap":{"functional-code":{"insertions":235,"deletions":70}}},{"hash":"89dae0efee91947b7126734d5cb0ac812acf5d22","isMergeCommit":true,"messageTitle":"Merge pull request #76 from InfinityTwo/delete-feature","messageBody":"Modify delete command to support Potential Hire and Employee","fileTypesAndContributionMap":{}},{"hash":"ca8730495cb6c9d7990db3cc83276c0ff9d086a5","isMergeCommit":true,"messageTitle":"Merge pull request #87 from thortol/update-add-documentation","messageBody":"Update add documentation","fileTypesAndContributionMap":{}},{"hash":"c43355e48bbe2823e4783cb716ddeedd58ae6873","isMergeCommit":true,"messageTitle":"Merge pull request #82 from jevan13/Update-FindCommandParser-for-all-parameter","messageBody":"Update FindCommandParser to support \"/all\" parameter","fileTypesAndContributionMap":{}},{"hash":"ad71b3e761bd5a7ed18a322586872a724a211d2f","isMergeCommit":false,"messageTitle":"Update DeveloperGuide and UserGuide","messageBody":"","fileTypesAndContributionMap":{"docs":{"insertions":27,"deletions":29}}},{"hash":"28b68e3e9e60d2fe24b20bfba99c0cbe1b90681c","isMergeCommit":true,"messageTitle":"Merge pull request #90 from jevan13/Update-FindCommandParser-to-change-parameter","messageBody":"Update Find parameters and add new test for Find","fileTypesAndContributionMap":{}},{"hash":"b313e760f28e5a63749dd3b01b68545969bdfcdb","isMergeCommit":true,"messageTitle":"Merge pull request #93 from thortol/add-test-employee-potential","messageBody":"Add test cases","fileTypesAndContributionMap":{}},{"hash":"1be99b45d4df890ab294111c6c9047ab307e8505","isMergeCommit":false,"messageTitle":"Update help feature , UG and DG","messageBody":"","fileTypesAndContributionMap":{"functional-code":{"insertions":8,"deletions":12},"docs":{"insertions":25,"deletions":38}}}]},{"date":"2024-10-19","commitResults":[{"hash":"56673eb67d0ccef03beb12ff9ce4f0eac189a817","isMergeCommit":false,"messageTitle":"update help feature with new commands and ui","messageBody":"","fileTypesAndContributionMap":{"functional-code":{"insertions":232,"deletions":110},"other":{"insertions":4,"deletions":0}}},{"hash":"3b991cc588acabb6bb37b34c3b0df92029a069c0","isMergeCommit":false,"messageTitle":"Resolve checkstyle errors in HelpWindow.java","messageBody":"","fileTypesAndContributionMap":{"functional-code":{"insertions":38,"deletions":38}}},{"hash":"a4790cacfce00c18ea44e1af4176d82ff69f22fb","isMergeCommit":false,"messageTitle":"update checkstyle for DG and UG","messageBody":"","fileTypesAndContributionMap":{"docs":{"insertions":21,"deletions":21}}},{"hash":"667fe4edfdc4a738a2c6770671759455f4daf2c4","isMergeCommit":false,"messageTitle":"update checkstyle of DG and build.gradle","messageBody":"","fileTypesAndContributionMap":{"other":{"insertions":1,"deletions":1},"docs":{"insertions":1,"deletions":1}}}]},{"date":"2024-10-20","commitResults":[{"hash":"23e3476e248cd4e446a9194dfe6c2e09241fc1b0","isMergeCommit":true,"messageTitle":"Merge pull request #108 from thortol/edit-command","messageBody":"Fix edit command","fileTypesAndContributionMap":{}},{"hash":"5e27eb89c80c6fe4e732fea1b6daa1ed4cdae3c6","isMergeCommit":false,"messageTitle":"Add demote command feature","messageBody":"","fileTypesAndContributionMap":{"functional-code":{"insertions":142,"deletions":0},"test-code":{"insertions":157,"deletions":0}}},{"hash":"06562c59a8a4ca651b0310e5b89fa492be0244ee","isMergeCommit":true,"messageTitle":"Merge pull request #112 from InfinityTwo/gui-design","messageBody":"Modify entire GUI of StaffSync","fileTypesAndContributionMap":{}}]},{"date":"2024-10-21","commitResults":[{"hash":"4aba87b8ae9b9b4bdbc25bc0931e75bd1b50a217","isMergeCommit":false,"messageTitle":"Create promote feature and update demote command","messageBody":"","fileTypesAndContributionMap":{"functional-code":{"insertions":170,"deletions":3},"test-code":{"insertions":177,"deletions":7}}},{"hash":"03bc9fcbf768ef6b7c27f5f0d135c23b64903a16","isMergeCommit":true,"messageTitle":"Merge pull request #122 from InfinityTwo/gui-design","messageBody":"Modify GUI files for refactoring","fileTypesAndContributionMap":{}}]},{"date":"2024-10-22","commitResults":[{"hash":"37048c6e1d3ca1f99b4a398f674fac3cee454bfc","isMergeCommit":false,"messageTitle":"Update DG and UG for promote and demote command","messageBody":"","fileTypesAndContributionMap":{"docs":{"insertions":168,"deletions":56}}},{"hash":"0dcb765b3c9e6086e5fa2fa1b91c11b0b19dd4bb","isMergeCommit":false,"messageTitle":"Update checkstyle of UG and DG","messageBody":"","fileTypesAndContributionMap":{"docs":{"insertions":4,"deletions":4}}},{"hash":"d525a4db982ec5a7fd40164ff2b0c98e73287979","isMergeCommit":true,"messageTitle":"Merge pull request #129 from jevan13/Add-Test-for-PredicateContainer","messageBody":"Add test for PredicateContainer","fileTypesAndContributionMap":{}},{"hash":"da973b123126e0009cacf3a274cd0921bfb75847","isMergeCommit":false,"messageTitle":"Add more cases for DG and UG","messageBody":"","fileTypesAndContributionMap":{"docs":{"insertions":6,"deletions":4}}},{"hash":"11a7e3030b1a111d3b51ffb2c08e6385c4660680","isMergeCommit":false,"messageTitle":"Update message string of commands","messageBody":"","fileTypesAndContributionMap":{"functional-code":{"insertions":24,"deletions":9}}},{"hash":"67acc00d53add1a5a1ebc44796cd3726ae0d559c","isMergeCommit":false,"messageTitle":"Add purpose in exit command","messageBody":"","fileTypesAndContributionMap":{"functional-code":{"insertions":2,"deletions":0}}},{"hash":"53ce3c41712ba77776894a9c8fe3a7663dbbaf83","isMergeCommit":false,"messageTitle":"Update demote command message format","messageBody":"","fileTypesAndContributionMap":{"functional-code":{"insertions":3,"deletions":3}}},{"hash":"8cc7706a4c80f73d681c5d71dbeb296cc95761b4","isMergeCommit":false,"messageTitle":"Add a full stop","messageBody":"","fileTypesAndContributionMap":{"functional-code":{"insertions":1,"deletions":1}}},{"hash":"4500f72fcd70a7ab8a6fa574d2cde36b04ebb8c9","isMergeCommit":true,"messageTitle":"Merge pull request #133 from LimErnest/update-help-2","messageBody":"Update message string of commands","fileTypesAndContributionMap":{}},{"hash":"7ff9ea7b839e3f5ce2736be9288ecde9a2e5bc23","isMergeCommit":false,"messageTitle":"Update message string in DeleteCommand","messageBody":"","fileTypesAndContributionMap":{"functional-code":{"insertions":10,"deletions":16}}},{"hash":"6acc53faf70679dcd242eee33e714ab0e6a16495","isMergeCommit":false,"messageTitle":"Update checkstyle","messageBody":"","fileTypesAndContributionMap":{"functional-code":{"insertions":2,"deletions":2}}},{"hash":"cfb0d76b02d0d3d37f23ab8a21bb2701cb89e9f3","isMergeCommit":true,"messageTitle":"Merge pull request #137 from KiKuasaurus/branch-SortCommand","messageBody":"Remove PARAMETER","fileTypesAndContributionMap":{}},{"hash":"5548f6026fcca0e986f2c8c2d2177ff78353e17f","isMergeCommit":true,"messageTitle":"Merge pull request #136 from LimErnest/update-help-2","messageBody":"Update help 2","fileTypesAndContributionMap":{}}]},{"date":"2024-10-23","commitResults":[{"hash":"5b2c205fcbd31515075bfb2ac40df603e3727028","isMergeCommit":false,"messageTitle":"Update format of HelpWindow command strings and DG","messageBody":"","fileTypesAndContributionMap":{"functional-code":{"insertions":121,"deletions":121},"docs":{"insertions":106,"deletions":0}}},{"hash":"4e11fae77e227653d16a1e9fafd4b7b08608c522","isMergeCommit":true,"messageTitle":"Merge pull request #143 from LimErnest/update-help-3","messageBody":"Update format of HelpWindow command strings and DG","fileTypesAndContributionMap":{}}]}],"KiKuasaurus":[{"date":"2024-09-29","commitResults":[{"hash":"7f8a09b699d0ade094f6363591ef696f21da2fbe","isMergeCommit":false,"messageTitle":"Change AboutUs","messageBody":"","fileTypesAndContributionMap":{"docs":{"insertions":15,"deletions":6}}},{"hash":"001f756cde287df735611bcb28628c27564aff72","isMergeCommit":false,"messageTitle":"Fix checkstyle issues","messageBody":"","fileTypesAndContributionMap":{"docs":{"insertions":0,"deletions":1}}},{"hash":"c7f072d091fb5061e0c346fb53dacacd111d0eea","isMergeCommit":false,"messageTitle":"Change capitalisation for names","messageBody":"","fileTypesAndContributionMap":{"docs":{"insertions":2,"deletions":2}}},{"hash":"f6932c6ab941ef535598f0842dc5419e8cf5f721","isMergeCommit":false,"messageTitle":"Fix an issue with capitalisation for names","messageBody":"","fileTypesAndContributionMap":{"docs":{"insertions":2,"deletions":2}}},{"hash":"d9304dc7fe348064d84a46e9638f098f88cddaa5","isMergeCommit":true,"messageTitle":"Merge pull request #23 from InfinityTwo/parallel-about-us","messageBody":"LGTM!","fileTypesAndContributionMap":{}},{"hash":"822b695abd2afe880dea0a3d9d94a9b9816901f1","isMergeCommit":false,"messageTitle":"Add Acknowledgement on the source of the code","messageBody":"","fileTypesAndContributionMap":{"docs":{"insertions":1,"deletions":0}}},{"hash":"47da7b45557134b0118f46eb3057ccf90ae21e23","isMergeCommit":false,"messageTitle":"Fix checkstyle issues","messageBody":"","fileTypesAndContributionMap":{"docs":{"insertions":1,"deletions":1}}},{"hash":"d6c71b6fc08a24415f9a028295f2a4cf0f03fa16","isMergeCommit":true,"messageTitle":"Merge pull request #34 from InfinityTwo/A2","messageBody":"LGTM!","fileTypesAndContributionMap":{}}]},{"date":"2024-10-02","commitResults":[{"hash":"171147fbf05471211f9c2c62b10b6993f51af082","isMergeCommit":false,"messageTitle":"Add use cases","messageBody":"","fileTypesAndContributionMap":{"docs":{"insertions":68,"deletions":5}}},{"hash":"ba9693ae059170d186fc0a6f618f80671f05ea6f","isMergeCommit":true,"messageTitle":"Merge pull request #41 from InfinityTwo/DG-Modifications","messageBody":"LGTM!","fileTypesAndContributionMap":{}}]},{"date":"2024-10-10","commitResults":[{"hash":"ffd74e69e56a2d4780e895d33c0855a0b0815cde","isMergeCommit":true,"messageTitle":"Merge pull request #66 from thortol/add-employee-command","messageBody":"Add department, role and CED to Employee","fileTypesAndContributionMap":{}},{"hash":"6f9b971c94d8661bc76e084fb57b0e583232bb2b","isMergeCommit":false,"messageTitle":"Fix list to work with employee","messageBody":"","fileTypesAndContributionMap":{"functional-code":{"insertions":23,"deletions":5}}}]},{"date":"2024-10-11","commitResults":[{"hash":"5d84ed18fcf3c7b7ca48a31d9479af1968bd609f","isMergeCommit":true,"messageTitle":"Merge pull request #71 from thortol/add-potential-hire","messageBody":"Add potential hire","fileTypesAndContributionMap":{}},{"hash":"45d1eb0707e02a715c8708e4a27a1e6d08a202a3","isMergeCommit":false,"messageTitle":"Add list e and list ph","messageBody":"","fileTypesAndContributionMap":{"functional-code":{"insertions":104,"deletions":3},"test-code":{"insertions":87,"deletions":1}}},{"hash":"fb16d3ae662f0fe07ae7e34d854576b1bf9e8c9b","isMergeCommit":false,"messageTitle":"Fix message success string","messageBody":"","fileTypesAndContributionMap":{"functional-code":{"insertions":1,"deletions":1}}},{"hash":"7aed03852f340d2b4d29f48766e013eeea88eef2","isMergeCommit":false,"messageTitle":"Fix a bug that came up due to changes","messageBody":"","fileTypesAndContributionMap":{"functional-code":{"insertions":2,"deletions":1}}},{"hash":"c4e856e8ce32b83e193e996e8107199eed6ac2ec","isMergeCommit":false,"messageTitle":"Remove unncesssary comment","messageBody":"","fileTypesAndContributionMap":{"functional-code":{"insertions":0,"deletions":1}}},{"hash":"93a1b5ca3cf45f06f1fc66782c99f7d33cb6e5bd","isMergeCommit":false,"messageTitle":"Added comments for List tests","messageBody":"","fileTypesAndContributionMap":{"test-code":{"insertions":9,"deletions":0}}},{"hash":"ae8997757efa3a5383491a9222ceb6c88767b5b2","isMergeCommit":false,"messageTitle":"Fix trailing whitespace in one of the test cases","messageBody":"","fileTypesAndContributionMap":{"test-code":{"insertions":4,"deletions":4}}}]},{"date":"2024-10-15","commitResults":[{"hash":"71398ed1095d2f74d6600be858fa3bcfb7f14eec","isMergeCommit":true,"messageTitle":"Merge pull request #79 from thortol/fix-parser-bug","messageBody":"Fix parser bug","fileTypesAndContributionMap":{}}]},{"date":"2024-10-16","commitResults":[{"hash":"0fb26956636ad5063a2654e51bf6c94b9157a66d","isMergeCommit":false,"messageTitle":"Change list to list all","messageBody":"","fileTypesAndContributionMap":{"functional-code":{"insertions":8,"deletions":3},"test-code":{"insertions":10,"deletions":4}}},{"hash":"c1f409074eb845d78b83271794dfdc7aa92aa42e","isMergeCommit":false,"messageTitle":"Add UG and DG for list","messageBody":"","fileTypesAndContributionMap":{"docs":{"insertions":63,"deletions":2}}},{"hash":"13cd1d700e69c7ff7cfe8ac97da4788da7a61992","isMergeCommit":false,"messageTitle":"Fix a bug in about us","messageBody":"","fileTypesAndContributionMap":{"docs":{"insertions":3,"deletions":9}}},{"hash":"f5c902c6267b7d11901fbc550809f079de0c211c","isMergeCommit":false,"messageTitle":"Remove additional text in UserGuide","messageBody":"","fileTypesAndContributionMap":{"docs":{"insertions":1,"deletions":4}}},{"hash":"a1862498dcb9e418157f76bb0bee8330c3689f0a","isMergeCommit":false,"messageTitle":"Change header of website to StaffSync","messageBody":"","fileTypesAndContributionMap":{"docs":{"insertions":2,"deletions":2}}},{"hash":"f7ed1957c5bdec0b7e60bb34228eddc1115ba88d","isMergeCommit":false,"messageTitle":"Fix instances of AddressBook in index.md","messageBody":"","fileTypesAndContributionMap":{"docs":{"insertions":2,"deletions":2}}},{"hash":"6f11f9fc9bab7e234531b292a97a703c47bbe1b9","isMergeCommit":true,"messageTitle":"Resolve merge conflict","messageBody":"","fileTypesAndContributionMap":{}},{"hash":"199f1af18028a46eb72935c898f07b48479292c8","isMergeCommit":true,"messageTitle":"Merge pull request #94 from KiKuasaurus/branch-ListDocs","messageBody":"Add UG and DG for list","fileTypesAndContributionMap":{}}]},{"date":"2024-10-20","commitResults":[{"hash":"8305688c7e23a0b555ff450444d908efeac462ca","isMergeCommit":true,"messageTitle":"Merge pull request #110 from thortol/edit-command","messageBody":"Fix test cases","fileTypesAndContributionMap":{}},{"hash":"572364db6f966f77a68c6738de78105f504c7554","isMergeCommit":true,"messageTitle":"Merge pull request #113 from LimErnest/create-feature-demote","messageBody":"Add demote command feature","fileTypesAndContributionMap":{}},{"hash":"f91abbae68b3cf9c3199099cfaa156a812721cd2","isMergeCommit":false,"messageTitle":"change the behaviour of list to work closer to other commands","messageBody":"","fileTypesAndContributionMap":{"functional-code":{"insertions":0,"deletions":1},"test-code":{"insertions":3,"deletions":3}}},{"hash":"a5585acd5319ab69c5b8708bfde44ed75a7429b1","isMergeCommit":true,"messageTitle":"Merge pull request #119 from KiKuasaurus/ListCommand","messageBody":"change the behaviour of list to work closer to other commands","fileTypesAndContributionMap":{}}]},{"date":"2024-10-21","commitResults":[{"hash":"4fdc68f6b9b80cfe0fc061fda0d9c62d804e9448","isMergeCommit":false,"messageTitle":"Add SortNameCommand","messageBody":"","fileTypesAndContributionMap":{"functional-code":{"insertions":132,"deletions":2},"test-code":{"insertions":114,"deletions":0}}},{"hash":"b24d11871b544a642d5fca8610e29dc20ddac056","isMergeCommit":false,"messageTitle":"Add better testing for some new methods","messageBody":"","fileTypesAndContributionMap":{"functional-code":{"insertions":10,"deletions":0},"test-code":{"insertions":22,"deletions":0}}},{"hash":"401d9dc1741a8350b1441ce5727bfb167aaedeee","isMergeCommit":false,"messageTitle":"Fix a bug with the sorting order","messageBody":"","fileTypesAndContributionMap":{"functional-code":{"insertions":3,"deletions":1}}},{"hash":"bc07aa8e1cebac94afcffd0c3b79c624f64c4f38","isMergeCommit":false,"messageTitle":"Add javadoc for comparator","messageBody":"","fileTypesAndContributionMap":{"functional-code":{"insertions":4,"deletions":1}}}]},{"date":"2024-10-22","commitResults":[{"hash":"466f925b7e461fcc34f3f0d196f278d673c2abf7","isMergeCommit":true,"messageTitle":"Merge pull request #126 from KiKuasaurus/branch-SortCommand","messageBody":"Add SortNameCommand","fileTypesAndContributionMap":{}},{"hash":"e65d024f45157ca731b544db6e2d48c98a9af298","isMergeCommit":false,"messageTitle":"Add SortDateCommand","messageBody":"","fileTypesAndContributionMap":{"functional-code":{"insertions":63,"deletions":1},"test-code":{"insertions":86,"deletions":5}}},{"hash":"006a3d7f6757a7bd5c30efb8249ebbc07ee3cf03","isMergeCommit":false,"messageTitle":"Fix a test case to comply with new behaviour of SortDateCommand","messageBody":"","fileTypesAndContributionMap":{"test-code":{"insertions":0,"deletions":8}}},{"hash":"d67d6efb25c56d9983bb3a9e78267e9e98a145f4","isMergeCommit":false,"messageTitle":"Standardise the format of the help messages","messageBody":"","fileTypesAndContributionMap":{"functional-code":{"insertions":18,"deletions":6}}},{"hash":"d0a92d57690bf4893143120144adea993a800235","isMergeCommit":false,"messageTitle":"Update test case names","messageBody":"","fileTypesAndContributionMap":{"test-code":{"insertions":3,"deletions":3}}},{"hash":"99deb671f8500b18ddde0fec7e282c4ec788602a","isMergeCommit":true,"messageTitle":"Merge pull request #132 from KiKuasaurus/branch-SortCommand","messageBody":"Add SortDateCommand","fileTypesAndContributionMap":{}},{"hash":"a06971b51181d9af9619d5eb6035007a67a0a28b","isMergeCommit":false,"messageTitle":"Remove PARAMETER","messageBody":"","fileTypesAndContributionMap":{"functional-code":{"insertions":2,"deletions":2}}},{"hash":"354ee20705be92fea77eb65f208b7de1986d3fa4","isMergeCommit":false,"messageTitle":"Remove PARAMETER","messageBody":"","fileTypesAndContributionMap":{"functional-code":{"insertions":2,"deletions":2}}}]},{"date":"2024-10-23","commitResults":[{"hash":"6248608c5e9b8577342857bfee42d2ce0315686c","isMergeCommit":true,"messageTitle":"Merge branch \u0027master\u0027 of https://github.com/KiKuasaurus/tp into branch-v1.4DG/UG","messageBody":"","fileTypesAndContributionMap":{}},{"hash":"15cc905e1b8d9525b768753f0731731b1da4934b","isMergeCommit":false,"messageTitle":"Update UG/DG for sort and add UML diagram for list","messageBody":"","fileTypesAndContributionMap":{"docs":{"insertions":118,"deletions":3}}},{"hash":"988bffa46407e5306a7efa317b0e550727006013","isMergeCommit":false,"messageTitle":"Fix checkstyle errors in DG","messageBody":"","fileTypesAndContributionMap":{"docs":{"insertions":6,"deletions":6}}},{"hash":"acbf7c9cd1fb55438651b0c23282eecb43ff43da","isMergeCommit":false,"messageTitle":"Update UG for sort","messageBody":"","fileTypesAndContributionMap":{"docs":{"insertions":23,"deletions":1}}}]},{"date":"2024-10-24","commitResults":[{"hash":"1ea1694100e25d58814040d806f60f99c58952fa","isMergeCommit":true,"messageTitle":"Merge pull request #142 from KiKuasaurus/branch-v1.4DG/UG","messageBody":"Update UG and DG for sort command and add UML diagram for list command","fileTypesAndContributionMap":{}}]}],"InfinityTwo":[{"date":"2024-09-20","commitResults":[{"hash":"9f9107a2b25588fd42db36dc792246ad8b00ed38","isMergeCommit":true,"messageTitle":"Merge pull request #2 from LimErnest/master","messageBody":"Update site configs","fileTypesAndContributionMap":{}},{"hash":"aa1a295e7bd7e944f3584d2b71508d7f7d49740a","isMergeCommit":false,"messageTitle":"Add codecov badge","messageBody":"","fileTypesAndContributionMap":{"docs":{"insertions":1,"deletions":1}}},{"hash":"c09c0a78bea3c99adbbe60179bc1690202f70ae3","isMergeCommit":true,"messageTitle":"Merge pull request #3 from InfinityTwo/master","messageBody":"Add Codecov Badge","fileTypesAndContributionMap":{}}]},{"date":"2024-09-29","commitResults":[{"hash":"ab1eff7c5146cb45304233d475ba3a279130a77f","isMergeCommit":false,"messageTitle":"Modify AboutUs.md and add infinitytwo.md","messageBody":"","fileTypesAndContributionMap":{"docs":{"insertions":13,"deletions":5}}},{"hash":"8b77a4e3d0d33c7bad93b2125ee9da5303d482b3","isMergeCommit":false,"messageTitle":"Newline at end of file","messageBody":"","fileTypesAndContributionMap":{"docs":{"insertions":1,"deletions":1}}},{"hash":"420dfb261b2dd5e27dfef2980e47cc1700f8c586","isMergeCommit":false,"messageTitle":"Modify heading to my name","messageBody":"","fileTypesAndContributionMap":{"docs":{"insertions":1,"deletions":1}}},{"hash":"08fd963798d08ac17215ac0e24537d059981c76e","isMergeCommit":false,"messageTitle":"Modify name with capitalisation","messageBody":"","fileTypesAndContributionMap":{"docs":{"insertions":1,"deletions":1}}},{"hash":"353fc0a69142f8af2b263ed4e9986538b5d33dd1","isMergeCommit":true,"messageTitle":"Merge pull request #26 from jevan13/Update-AboutUs","messageBody":"Update AboutUs.md with jevan13\u0027s details","fileTypesAndContributionMap":{}},{"hash":"fe07e39f4047eb9411fd6580dcc6f25f2a6ddf2d","isMergeCommit":false,"messageTitle":"Add Actions Badge","messageBody":"","fileTypesAndContributionMap":{"docs":{"insertions":1,"deletions":1}}},{"hash":"c9b6e45c3251725fffaa2a7a95cf2dcd203aadfc","isMergeCommit":true,"messageTitle":"Merge pull request #35 from jevan13/Add-UI-Mockup","messageBody":"Add Ui Mockup","fileTypesAndContributionMap":{}},{"hash":"01b64d99cff05327a134910a24e1c502a7d47afe","isMergeCommit":false,"messageTitle":"Modify Developer Guide for NFR","messageBody":"","fileTypesAndContributionMap":{"docs":{"insertions":16,"deletions":4}}}]},{"date":"2024-10-02","commitResults":[{"hash":"835d67a8a48037293a78a243896ab87c127b7684","isMergeCommit":true,"messageTitle":"Merge branch \u0027DG-Modifications\u0027 of https://github.com/infinityTwo/tp into DG-Modifications","messageBody":"","fileTypesAndContributionMap":{}},{"hash":"77dacce60efc23890da4b52c9f17ffbe45474023","isMergeCommit":false,"messageTitle":"Modify DG for better consistency and Add more points","messageBody":"","fileTypesAndContributionMap":{"docs":{"insertions":16,"deletions":13}}},{"hash":"c814b7a91c268f942f552956eb42e6dc5b2d3e66","isMergeCommit":true,"messageTitle":"Merge pull request #43 from jevan13/Update-User-Stories","messageBody":"Update user stories","fileTypesAndContributionMap":{}}]},{"date":"2024-10-06","commitResults":[{"hash":"a911217bba393e8aa1e8e4c7020ba1a2182e89a9","isMergeCommit":false,"messageTitle":"Modify DG and UG for delete feature","messageBody":"","fileTypesAndContributionMap":{"docs":{"insertions":227,"deletions":156}}}]},{"date":"2024-10-08","commitResults":[{"hash":"e7364c538e03d7ed8e9696f29df9778e59def7ef","isMergeCommit":false,"messageTitle":"Modify parts of UG to fit StaffSync","messageBody":"","fileTypesAndContributionMap":{"docs":{"insertions":27,"deletions":10}}}]},{"date":"2024-10-10","commitResults":[{"hash":"1133a30e6c94f3c3f0e8467acd6a17208d84829e","isMergeCommit":true,"messageTitle":"Merge pull request #69 from jevan13/Update-Find","messageBody":"Update Find Command","fileTypesAndContributionMap":{}}]},{"date":"2024-10-14","commitResults":[{"hash":"a25719e812008e7f4ae68b88d4cd9f9732b73905","isMergeCommit":false,"messageTitle":"Modify delete command to support ph and e","messageBody":"","fileTypesAndContributionMap":{"functional-code":{"insertions":184,"deletions":13},"test-code":{"insertions":200,"deletions":39}}},{"hash":"9157711e4a3b4b2949b30d6e570e2f17deb59e7e","isMergeCommit":true,"messageTitle":"Merge pull request #75 from jevan13/Modify-Find-for-extra-parameter","messageBody":"Add FindEmployeeCommand and FindPotentialCommand with parser support","fileTypesAndContributionMap":{}},{"hash":"2b07d15dd8f0ccc9e35b9c35e85662f22958d70a","isMergeCommit":true,"messageTitle":"Fix merge conflicts, Add test cases","messageBody":"","fileTypesAndContributionMap":{}},{"hash":"b735d57933eddd6cf101569118fcd59a8f9ebb80","isMergeCommit":false,"messageTitle":"Fix more test case regressions","messageBody":"","fileTypesAndContributionMap":{"functional-code":{"insertions":8,"deletions":5},"test-code":{"insertions":15,"deletions":11}}},{"hash":"ca07672b72c8717f39115ca303bb0fcf40ba42aa","isMergeCommit":false,"messageTitle":"Fix final regressions","messageBody":"","fileTypesAndContributionMap":{"test-code":{"insertions":15,"deletions":15}}},{"hash":"f1f8923f026a052240ada0e039bce78458d2d76d","isMergeCommit":false,"messageTitle":"Fix styling","messageBody":"","fileTypesAndContributionMap":{"test-code":{"insertions":12,"deletions":12}}},{"hash":"0f32c5178a1f5362913b892956b624401f14c205","isMergeCommit":true,"messageTitle":"Merge pull request #77 from jevan13/Modify-Find-for-extra-parameter","messageBody":"Add test for FindCommandParser","fileTypesAndContributionMap":{}},{"hash":"a0ad145ac95aef3f9f5a3ce9c7bdf22cbb440337","isMergeCommit":true,"messageTitle":"Merge branch \u0027AY2425S1-CS2103T-T10-2:master\u0027 into delete-feature","messageBody":"","fileTypesAndContributionMap":{}}]},{"date":"2024-10-15","commitResults":[{"hash":"86e845c412fb2d0649beb2ce025e6b7216770c32","isMergeCommit":false,"messageTitle":"Increase test code coverage","messageBody":"","fileTypesAndContributionMap":{"functional-code":{"insertions":0,"deletions":36},"test-code":{"insertions":9,"deletions":3}}},{"hash":"0a52c4c210e6189164372641124f7fe575a47d9c","isMergeCommit":false,"messageTitle":"Fix checkstyle","messageBody":"","fileTypesAndContributionMap":{"functional-code":{"insertions":0,"deletions":7}}},{"hash":"661a24c5f1bfbacbf84dfbf1efd07cbefbfb0f13","isMergeCommit":false,"messageTitle":"Add final missed codecov line","messageBody":"","fileTypesAndContributionMap":{"test-code":{"insertions":1,"deletions":1}}}]},{"date":"2024-10-16","commitResults":[{"hash":"1b6c478dfee2087b8ff49a2a03c48fdbfb36c807","isMergeCommit":true,"messageTitle":"Fix merge conflicts","messageBody":"","fileTypesAndContributionMap":{}},{"hash":"345249a70ffe38ab809676f9961501f3b10e0033","isMergeCommit":false,"messageTitle":"Modify UG styling","messageBody":"","fileTypesAndContributionMap":{"docs":{"insertions":27,"deletions":15}}},{"hash":"91631a2a852205a9f3c0debbec2fb0ac59a7ac7d","isMergeCommit":false,"messageTitle":"Remove unnecessary margin auto","messageBody":"","fileTypesAndContributionMap":{"docs":{"insertions":9,"deletions":9}}}]},{"date":"2024-10-20","commitResults":[{"hash":"561eaf1a75bb64d6085b5e6de151d3f54b55991c","isMergeCommit":false,"messageTitle":"Modify entire GUI of StaffSync","messageBody":"","fileTypesAndContributionMap":{"functional-code":{"insertions":341,"deletions":184},"other":{"insertions":1,"deletions":1}}},{"hash":"9aa53e944bc873fc93ab25685025331fc739265d","isMergeCommit":false,"messageTitle":"Fix checkstyle","messageBody":"","fileTypesAndContributionMap":{"functional-code":{"insertions":22,"deletions":20}}},{"hash":"69d4145b90069a5016351fe47e0b9c56afd303a4","isMergeCommit":false,"messageTitle":"Fix css checkstyle","messageBody":"","fileTypesAndContributionMap":{"functional-code":{"insertions":1,"deletions":2}}},{"hash":"af9ccbe83d6d998f1d3272bf1297995039838550","isMergeCommit":true,"messageTitle":"Merge branch \u0027AY2425S1-CS2103T-T10-2:master\u0027 into gui-design","messageBody":"","fileTypesAndContributionMap":{}},{"hash":"77889a5a87c8bd8c9f64fd5bb92fd4528f5487ae","isMergeCommit":false,"messageTitle":"Add review suggestions","messageBody":"","fileTypesAndContributionMap":{"functional-code":{"insertions":22,"deletions":12}}},{"hash":"2bc2be865a3f9312a0dd480767ac2ac3d011a2e4","isMergeCommit":false,"messageTitle":"Remove unused imports and add help padding","messageBody":"","fileTypesAndContributionMap":{"functional-code":{"insertions":4,"deletions":5}}},{"hash":"5cec5d8c742943eb20a6cd473e7f293d4fc889d0","isMergeCommit":false,"messageTitle":"Add newlines to fxml too long lines","messageBody":"","fileTypesAndContributionMap":{"functional-code":{"insertions":6,"deletions":3}}},{"hash":"fe451392e145b606f290e64662a84f0c27392146","isMergeCommit":false,"messageTitle":"Modify delete to support extra spaces bet params","messageBody":"","fileTypesAndContributionMap":{"functional-code":{"insertions":16,"deletions":11},"test-code":{"insertions":9,"deletions":8}}},{"hash":"f06195c6da72aedefa9cb6f9cbcc6ba80a5e471f","isMergeCommit":false,"messageTitle":"Add newline at eof in HelpWindow.css","messageBody":"","fileTypesAndContributionMap":{"functional-code":{"insertions":1,"deletions":1}}}]},{"date":"2024-10-23","commitResults":[{"hash":"f66e98ffb71d26c1f01175b09a6c9f91b7e0f935","isMergeCommit":false,"messageTitle":"Modify ModelClassDiagram and Colours","messageBody":"","fileTypesAndContributionMap":{"docs":{"insertions":13,"deletions":9}}},{"hash":"7e2a68ac939ee76e220d83b63d5fdb1e7d9f0acc","isMergeCommit":true,"messageTitle":"Merge pull request #144 from InfinityTwo/modify-diagrams","messageBody":"Modify ModelClassDiagram and Diagram Colours","fileTypesAndContributionMap":{}}]}],"thortol":[{"date":"2024-09-29","commitResults":[{"hash":"c7cc854c44fc34cc76401f75e419752b7166e244","isMergeCommit":false,"messageTitle":"Update AboutUs.md with thortol\u0027s details","messageBody":"","fileTypesAndContributionMap":{"docs":{"insertions":14,"deletions":5}}},{"hash":"2d4061dba6578bea933b37fbca958c0e47fe4c90","isMergeCommit":false,"messageTitle":"Fix check style issue","messageBody":"","fileTypesAndContributionMap":{"docs":{"insertions":1,"deletions":1}}},{"hash":"66221707e396aa6d814a1388c26aabe88ca619f7","isMergeCommit":true,"messageTitle":"Merge pull request #25 from KiKuasaurus/branch-About-Us","messageBody":"Change AboutUs","fileTypesAndContributionMap":{}},{"hash":"fb8505ea0316d9456304b56fa86840b7d545ff64","isMergeCommit":false,"messageTitle":"Update README.md with StaffSync details","messageBody":"","fileTypesAndContributionMap":{"docs":{"insertions":7,"deletions":10}}},{"hash":"456653d7495b9715432b6bfd4ba5f43b64b2bd5b","isMergeCommit":true,"messageTitle":"Merge pull request #33 from KiKuasaurus/branch-Acknowledgement","messageBody":"Add Acknowledgement on the source of the code","fileTypesAndContributionMap":{}},{"hash":"f1f79685b6a236077d5c5ced6065e0b85f7f322b","isMergeCommit":true,"messageTitle":"Fix merge conflict","messageBody":"","fileTypesAndContributionMap":{}},{"hash":"c47f2f3c7e62a3f9fa4abbb27823dd2e16238f39","isMergeCommit":true,"messageTitle":"Merge pull request #36 from thortol/update-readme","messageBody":"Update README.md with StaffSync details","fileTypesAndContributionMap":{}}]},{"date":"2024-10-02","commitResults":[{"hash":"5024209ffa5c4350f81f0e3affb4e3ea6dacd427","isMergeCommit":false,"messageTitle":"Update value proposition","messageBody":"","fileTypesAndContributionMap":{"docs":{"insertions":5,"deletions":1}}},{"hash":"d93cd6f6a03e470dd07e64444f9d31138396ca39","isMergeCommit":true,"messageTitle":"Merge pull request #51 from KiKuasaurus/Use-Case","messageBody":"Add use cases","fileTypesAndContributionMap":{}},{"hash":"341255d15a24cb82f899d1b0f2d3b300064c7211","isMergeCommit":false,"messageTitle":"Update glossary with GUI definition","messageBody":"","fileTypesAndContributionMap":{"docs":{"insertions":2,"deletions":1}}}]},{"date":"2024-10-05","commitResults":[{"hash":"f38763b00f1e7bcad97d23bd2874a3249cc234bb","isMergeCommit":false,"messageTitle":"Add pull request template","messageBody":"","fileTypesAndContributionMap":{"docs":{"insertions":7,"deletions":0}}},{"hash":"38e5712f75ff925123a3840a0c349f35efd3c632","isMergeCommit":false,"messageTitle":"Update pull request template","messageBody":"","fileTypesAndContributionMap":{"docs":{"insertions":1,"deletions":1}}},{"hash":"15628920f60f9fba1e2a27b102472bad7ca0804d","isMergeCommit":false,"messageTitle":"Fix check style issues","messageBody":"","fileTypesAndContributionMap":{"docs":{"insertions":1,"deletions":1}}},{"hash":"a4dc659da800d00e5b93889e857eac40337ccd12","isMergeCommit":true,"messageTitle":"Merge pull request #61 from thortol/add-templates","messageBody":"Add pull request template","fileTypesAndContributionMap":{}}]},{"date":"2024-10-09","commitResults":[{"hash":"b33218410043ab839e0f1dd00956a99f24fa2963","isMergeCommit":false,"messageTitle":"Add employee command","messageBody":"","fileTypesAndContributionMap":{"functional-code":{"insertions":141,"deletions":9}}},{"hash":"5cededac9d0e1661e442af80b49e89ef40bb3831","isMergeCommit":false,"messageTitle":"Fix check style","messageBody":"","fileTypesAndContributionMap":{"functional-code":{"insertions":24,"deletions":7}}},{"hash":"5cdebc5bb83bd6975f56ed53c7c7cb4edcc68476","isMergeCommit":false,"messageTitle":"Fix tests","messageBody":"","fileTypesAndContributionMap":{"functional-code":{"insertions":1,"deletions":150},"other":{"insertions":24,"deletions":24},"test-code":{"insertions":8,"deletions":8}}},{"hash":"c83cbbea4d8fbe7855662cfda531e12201174c7c","isMergeCommit":false,"messageTitle":"Fix check style","messageBody":"","fileTypesAndContributionMap":{"functional-code":{"insertions":1,"deletions":1},"test-code":{"insertions":12,"deletions":11}}},{"hash":"38b5f59de8f05ec8e5390f85e52cd12f1df04dfd","isMergeCommit":true,"messageTitle":"Merge pull request #63 from thortol/add-employee-command","messageBody":"add employee command","fileTypesAndContributionMap":{}},{"hash":"48474b45868d9a84fbfb903d9182b80c2a96a6c0","isMergeCommit":false,"messageTitle":"Remove tags from Employee","messageBody":"","fileTypesAndContributionMap":{"functional-code":{"insertions":20,"deletions":286},"test-code":{"insertions":42,"deletions":279}}},{"hash":"c8065f56b8cd5238be347e0cad2aa9c21335bf48","isMergeCommit":true,"messageTitle":"Merge branch \u0027master\u0027 into add-employee-command","messageBody":"","fileTypesAndContributionMap":{}},{"hash":"3ae7529bafa6a3d6c55f9d94a65e78d6a1137a19","isMergeCommit":false,"messageTitle":"Add valid test back","messageBody":"","fileTypesAndContributionMap":{"test-code":{"insertions":10,"deletions":0}}},{"hash":"77e17bc26f378945913394721105d833ed535546","isMergeCommit":true,"messageTitle":"Merge pull request #64 from thortol/add-employee-command","messageBody":"Remove tags from employee","fileTypesAndContributionMap":{}}]},{"date":"2024-10-10","commitResults":[{"hash":"d4d9b13e702f6988bc28f0a3f133d3bab5cdfd20","isMergeCommit":false,"messageTitle":"Add department, role and CED to Employee","messageBody":"","fileTypesAndContributionMap":{"functional-code":{"insertions":376,"deletions":44},"test-code":{"insertions":169,"deletions":45}}},{"hash":"c98e7db54868b387f4775566fbb74532a4d3ea20","isMergeCommit":false,"messageTitle":"Fix check style","messageBody":"","fileTypesAndContributionMap":{"functional-code":{"insertions":51,"deletions":12},"test-code":{"insertions":15,"deletions":2}}},{"hash":"2fb61c84e08778e376c1a86dfcfb40249ff3b182","isMergeCommit":true,"messageTitle":"Merge pull request #67 from KiKuasaurus/branch-ListCommand","messageBody":"Fix list to work with employee","fileTypesAndContributionMap":{}}]},{"date":"2024-10-11","commitResults":[{"hash":"b2095b47e66d521b01275bb4b3ef06d824da3b70","isMergeCommit":false,"messageTitle":"Add potential hire command","messageBody":"","fileTypesAndContributionMap":{"functional-code":{"insertions":279,"deletions":63},"test-code":{"insertions":11,"deletions":11}}},{"hash":"41f4088bba8b80b5b8a49bb6c7354c0be437fa51","isMergeCommit":false,"messageTitle":"Fix check style","messageBody":"","fileTypesAndContributionMap":{"functional-code":{"insertions":35,"deletions":33},"test-code":{"insertions":1,"deletions":1}}},{"hash":"f2bc4bedf31f6d91f228a8cbc79c2b8ea9b12982","isMergeCommit":true,"messageTitle":"Merge pull request #73 from KiKuasaurus/branch-ListPotential","messageBody":"Add list e and list ph","fileTypesAndContributionMap":{}}]},{"date":"2024-10-15","commitResults":[{"hash":"9c975b378a57501073eba178f2e83173920679a2","isMergeCommit":false,"messageTitle":"Fix bug with ParserUtil","messageBody":"","fileTypesAndContributionMap":{"functional-code":{"insertions":2,"deletions":2}}},{"hash":"4b8d5aa2a284bf8420315067748d827a851eabe5","isMergeCommit":false,"messageTitle":"Fix naming convention in PersonBuilder","messageBody":"","fileTypesAndContributionMap":{"test-code":{"insertions":2,"deletions":2}}}]},{"date":"2024-10-16","commitResults":[{"hash":"b7ea8bc1a37d18333bb8a0f79947f66131c7823e","isMergeCommit":true,"messageTitle":"Merge pull request #86 from KiKuasaurus/branch-ListAll","messageBody":"Change list to list all","fileTypesAndContributionMap":{}},{"hash":"a7d59066848fef6bdcaad615717d4ba4613bf525","isMergeCommit":false,"messageTitle":"Update DeveloperGuide and UserGuide","messageBody":"","fileTypesAndContributionMap":{"docs":{"insertions":99,"deletions":16}}},{"hash":"2479466bc7edbd8b13bc7d1b831cecd4fcc1c3c4","isMergeCommit":false,"messageTitle":"Update potential message","messageBody":"","fileTypesAndContributionMap":{"functional-code":{"insertions":1,"deletions":1}}},{"hash":"973f2abd57488001f59aaa37590f7d93d70985e5","isMergeCommit":false,"messageTitle":"Update employee message","messageBody":"","fileTypesAndContributionMap":{"functional-code":{"insertions":2,"deletions":2}}},{"hash":"f3e7d89621431077ebdb078ab1d8dbb561d057cf","isMergeCommit":false,"messageTitle":"Add test cases","messageBody":"","fileTypesAndContributionMap":{"test-code":{"insertions":725,"deletions":9}}},{"hash":"aef8aa76975361304e742d279de7cc381eef0272","isMergeCommit":false,"messageTitle":"Fix check style","messageBody":"","fileTypesAndContributionMap":{"test-code":{"insertions":38,"deletions":40}}},{"hash":"46256f545155ce906b6181eabef4215dabcf06d3","isMergeCommit":true,"messageTitle":"Merge pull request #95 from LimErnest/update-help-ug-dg","messageBody":"Update help feature, UG and DG","fileTypesAndContributionMap":{}},{"hash":"d4c50b8fbd740ae715673c03ea9dcbb624ab2335","isMergeCommit":true,"messageTitle":"Merge pull request #96 from InfinityTwo/UG-MVP-Styling","messageBody":"Modify UG styling","fileTypesAndContributionMap":{}},{"hash":"56ee6e80203cf9bcaae6513e533c19ed02e2c4cd","isMergeCommit":false,"messageTitle":"Update user guide","messageBody":"","fileTypesAndContributionMap":{"docs":{"insertions":3,"deletions":3}}},{"hash":"1bf35138b4973d1e12713ae8bfaec2dc64fa7d43","isMergeCommit":true,"messageTitle":"Merge pull request #98 from thortol/update-user-guide","messageBody":"Update user guide","tags":["V1.3"],"fileTypesAndContributionMap":{}}]},{"date":"2024-10-17","commitResults":[{"hash":"8cfff887c71ddc692ffa96a103dfe385aaf4c4ae","isMergeCommit":true,"messageTitle":"Merge pull request #102 from jevan13/Add-test-for-FindCommandParser-parse-no-keywords","messageBody":"Add test for FindCommandParser","fileTypesAndContributionMap":{}}]},{"date":"2024-10-20","commitResults":[{"hash":"e47675e9d2b339d8a2f5e64135bf939ffcf008db","isMergeCommit":false,"messageTitle":"Fix edit command","messageBody":"","fileTypesAndContributionMap":{"functional-code":{"insertions":82,"deletions":7},"test-code":{"insertions":73,"deletions":10}}},{"hash":"db11b6b78b62be4fce98923b72d5d93aae14ea66","isMergeCommit":false,"messageTitle":"Add more tests","messageBody":"","fileTypesAndContributionMap":{"test-code":{"insertions":9,"deletions":0}}},{"hash":"7d096f06e98a85f4a00aa5f845027c4a55308a79","isMergeCommit":false,"messageTitle":"Add more tests","messageBody":"","fileTypesAndContributionMap":{"test-code":{"insertions":6,"deletions":3}}},{"hash":"3a4afb62a605abc33531fbd95a2138a6110f63cd","isMergeCommit":false,"messageTitle":"Add test for equals function","messageBody":"","fileTypesAndContributionMap":{"test-code":{"insertions":7,"deletions":1}}},{"hash":"bba5fbbb8c8182e9bc9f7f56c19491dd7c646d61","isMergeCommit":false,"messageTitle":"Fix test cases","messageBody":"","fileTypesAndContributionMap":{"test-code":{"insertions":3,"deletions":3}}}]},{"date":"2024-10-21","commitResults":[{"hash":"c7ae7b8e77e9c0184a8a5faaf2e040f39368882a","isMergeCommit":true,"messageTitle":"Merge pull request #121 from InfinityTwo/delete-spacer","messageBody":"Modify delete to support extra spaces","fileTypesAndContributionMap":{}}]},{"date":"2024-10-22","commitResults":[{"hash":"1c3c21532abe8978d3261005fe12368fecfc8032","isMergeCommit":false,"messageTitle":"Add message format to commands","messageBody":"","fileTypesAndContributionMap":{"functional-code":{"insertions":32,"deletions":16}}},{"hash":"0b0b360f1bf9e4a7df89039107b7ebb3c326c1cc","isMergeCommit":false,"messageTitle":"Fix check style","messageBody":"","fileTypesAndContributionMap":{"functional-code":{"insertions":0,"deletions":1}}},{"hash":"1407cee28252cdf1c971c69d7326c908f7ab0644","isMergeCommit":false,"messageTitle":"Fix check style","messageBody":"","fileTypesAndContributionMap":{"functional-code":{"insertions":3,"deletions":3}}},{"hash":"9f2cbbdb24de42ae8d2a896ced5f17c3a073bf8c","isMergeCommit":true,"messageTitle":"Merge pull request #135 from thortol/update-message","messageBody":"Add message format to commands","fileTypesAndContributionMap":{}}]}]},"authorFileTypeContributionMap":{"jevan13":{"docs":52,"functional-code":655,"test-code":850},"LimErnest":{"docs":314,"functional-code":662,"test-code":326,"other":4},"KiKuasaurus":{"docs":265,"functional-code":341,"test-code":313},"InfinityTwo":{"docs":210,"functional-code":422,"test-code":258},"thortol":{"docs":130,"functional-code":702,"test-code":841}},"authorContributionVariance":{"jevan13":44747.477,"LimErnest":20440.516,"KiKuasaurus":5161.9136,"InfinityTwo":22596.758,"thortol":68616.04},"authorDisplayNameMap":{"jevan13":"CS2103T-T10-2 JEVA..I EN","LimErnest":"CS2103T-T10-2 LIM ..NEST","KiKuasaurus":"CS2103T-T10-2 NEO .. KAI","InfinityTwo":"CS2103T-T10-2 POH ..KANG","thortol":"CS2103T-T10-2 CAI ..NZHI"}}
