{"authorDailyContributionsMap":{"emmannyyy":[{"date":"2024-09-25","commitResults":[{"hash":"171c5f9f30775ee8117f17c06029854b3fc524e8","isMergeCommit":false,"messageTitle":"Add emmannyyy to AboutUs.md","messageBody":"","fileTypesAndContributionMap":{"docs":{"insertions":9,"deletions":0}}},{"hash":"8c5512f94a21b5af0759aa692fe18e480ed08500","isMergeCommit":true,"messageTitle":"Merge pull request #20 from jian7490/add-JianYi-info","messageBody":"Add photo","fileTypesAndContributionMap":{}},{"hash":"aaa074c28fb2329e80faa02e30d0b48716ad0121","isMergeCommit":true,"messageTitle":"Merge pull request #16 from lm-44/Add-MarkBindSite","messageBody":"Add markbind site","fileTypesAndContributionMap":{}},{"hash":"77507a9df0ae19ca0539e8c8ca0c95136108bbe0","isMergeCommit":true,"messageTitle":"Merge branch \u0027master\u0027 into AboutUs-emmannyyy","messageBody":"","fileTypesAndContributionMap":{}},{"hash":"49c034418ebcd8a48b77b9c397e6c68ddc112dce","isMergeCommit":false,"messageTitle":"no message","messageBody":"","fileTypesAndContributionMap":{"docs":{"insertions":2,"deletions":33}}},{"hash":"c417282c4379af22f3c7fde115e57880387a8735","isMergeCommit":false,"messageTitle":"Update code to meet checkstyle requirements","messageBody":"","fileTypesAndContributionMap":{"docs":{"insertions":2,"deletions":1}}},{"hash":"d68d5dd654263536d953f63dd9d7f9a3d34d5176","isMergeCommit":false,"messageTitle":"Update code to meet checkstyle requirements","messageBody":"","fileTypesAndContributionMap":{"docs":{"insertions":0,"deletions":1}}},{"hash":"3e05f833c0e3dff062d0c7db6345042f47e61f77","isMergeCommit":true,"messageTitle":"Merge pull request #25 from emmannyyy/AboutUs-emmannyyy","messageBody":"Add emmannyyy to AboutUs.md ","fileTypesAndContributionMap":{}}]},{"date":"2024-10-02","commitResults":[{"hash":"f5aa3f12168284f8984b2f9029996f75146d070f","isMergeCommit":false,"messageTitle":"Update user stories","messageBody":"","fileTypesAndContributionMap":{"docs":{"insertions":34,"deletions":10}}},{"hash":"38442b2513b41271bbe598789c9fd76e21a95537","isMergeCommit":false,"messageTitle":"Update user stories after team discussion","messageBody":"","fileTypesAndContributionMap":{"docs":{"insertions":30,"deletions":32}}}]},{"date":"2024-10-03","commitResults":[{"hash":"eac29835df9c1a69fae9268aba423df7737a9fe0","isMergeCommit":true,"messageTitle":"Merge pull request #45 from lm-44/Add-AssignmentClass","messageBody":"Add assignment class","fileTypesAndContributionMap":{}},{"hash":"8f7faf7f06fc391a2345268b20b7b12145e132cf","isMergeCommit":false,"messageTitle":"Update Name class to AssignmentName","messageBody":"","fileTypesAndContributionMap":{"functional-code":{"insertions":17,"deletions":17},"other":{"insertions":157,"deletions":157},"docs":{"insertions":19,"deletions":19},"test-code":{"insertions":2,"deletions":2}}},{"hash":"49981008aa57e7ea558a3c83b49955e8439838b6","isMergeCommit":false,"messageTitle":"Revert \"Update Name class to AssignmentName\"","messageBody":"This reverts commit 8f7faf7f06fc391a2345268b20b7b12145e132cf.\n","fileTypesAndContributionMap":{"functional-code":{"insertions":17,"deletions":17},"other":{"insertions":157,"deletions":157},"docs":{"insertions":19,"deletions":19},"test-code":{"insertions":2,"deletions":2}}}]},{"date":"2024-10-04","commitResults":[{"hash":"aed76009e4b21d81cbf116a9c7ea71cc3db5066d","isMergeCommit":false,"messageTitle":"Update assignment package to use AssignmentName","messageBody":"","fileTypesAndContributionMap":{"functional-code":{"insertions":13,"deletions":13},"other":{"insertions":12,"deletions":12}}},{"hash":"807624173acd714dabc0412a389699958a5cf34f","isMergeCommit":false,"messageTitle":"Update code to include add-assignment functionality","messageBody":"","fileTypesAndContributionMap":{"functional-code":{"insertions":414,"deletions":6},"test-code":{"insertions":26,"deletions":3}}},{"hash":"cb424ea8a38f1fb86251e6a8bcb74baea33632c9","isMergeCommit":false,"messageTitle":"Update add command to add_student","messageBody":"","fileTypesAndContributionMap":{"functional-code":{"insertions":6,"deletions":12}}},{"hash":"9da88327f5c72d3cdd20335700d7dacd76ca0720","isMergeCommit":false,"messageTitle":"Update code to meet Checkstyle Requirements","messageBody":"","fileTypesAndContributionMap":{"functional-code":{"insertions":11,"deletions":4}}}]},{"date":"2024-10-09","commitResults":[{"hash":"df9982ad97a4bfa78d52a597e13637a469b0f96f","isMergeCommit":false,"messageTitle":"Update Storage to handle AssignmentList","messageBody":"","fileTypesAndContributionMap":{"functional-code":{"insertions":4,"deletions":1}}},{"hash":"a33db496b7b9e7d68ae405ef8da57ed9880f5605","isMergeCommit":true,"messageTitle":"Merge pull request #55 from emmannyyy/Update-Storage","messageBody":"Update Storage to handle AssignmentList","fileTypesAndContributionMap":{}},{"hash":"b9ff79c09c29c7b6c527d7f338ee5dd95b8571b4","isMergeCommit":false,"messageTitle":"no message","messageBody":"","fileTypesAndContributionMap":{"functional-code":{"insertions":2,"deletions":2}}},{"hash":"9a622d49b19e83a56775d0c603bc581b018d7c66","isMergeCommit":false,"messageTitle":"Revert \"no message\"","messageBody":"This reverts commit b9ff79c09c29c7b6c527d7f338ee5dd95b8571b4.\n","fileTypesAndContributionMap":{"functional-code":{"insertions":2,"deletions":2}}},{"hash":"2e124dce1c8e0b8be1be071966c03b97f1fa5bab","isMergeCommit":false,"messageTitle":"Update AddressBookParser to use AddAssignmentCommandParser","messageBody":"","fileTypesAndContributionMap":{"functional-code":{"insertions":2,"deletions":2}}},{"hash":"0cc403a8b3269e354e1ffcad96ea17cda9c76bd3","isMergeCommit":true,"messageTitle":"Merge pull request #60 from emmannyyy/Add-Assignment-Command","messageBody":"Add assignment command","fileTypesAndContributionMap":{}},{"hash":"21d11d081f5fbe18613ebeb7fc0127f82b578613","isMergeCommit":true,"messageTitle":"Merge pull request #57 from lm-44/Add-StudentField","messageBody":"Add student field","fileTypesAndContributionMap":{}},{"hash":"847dfe67701b979f92888d5a0b6836b3258b0db7","isMergeCommit":false,"messageTitle":"Update Assignment methods: toString() and equals()","messageBody":"","fileTypesAndContributionMap":{"functional-code":{"insertions":3,"deletions":1}}}]},{"date":"2024-10-14","commitResults":[{"hash":"d61a830756e94f1cba00e5e7e9622bbf37edbb7e","isMergeCommit":true,"messageTitle":"Merge branch \u0027master\u0027 of https://github.com/AY2425S1-CS2103-F11-1/tp","messageBody":"","fileTypesAndContributionMap":{}},{"hash":"5948845f62b240ddff518f778888e1c55dbed684","isMergeCommit":true,"messageTitle":"Merge branch \u0027master\u0027 of https://github.com/AY2425S1-CS2103-F11-1/tp into Add-Assignment-Command","messageBody":"","fileTypesAndContributionMap":{}},{"hash":"0a6128caab39f3d2779cf35310a4f51ddecfe447","isMergeCommit":false,"messageTitle":"Update Student to include assignmentList field","messageBody":"","fileTypesAndContributionMap":{"functional-code":{"insertions":24,"deletions":2},"test-code":{"insertions":14,"deletions":1}}},{"hash":"e7e4daf1102f099e80c6adab8f402168b18f1a89","isMergeCommit":false,"messageTitle":"Remove unnecessary fields that keep track of Unique Assignments","messageBody":"","fileTypesAndContributionMap":{"functional-code":{"insertions":4,"deletions":149}}},{"hash":"91d4374cfdd8e67c08fae86158006759933db799","isMergeCommit":false,"messageTitle":"Update UI to show assignments","messageBody":"","fileTypesAndContributionMap":{"functional-code":{"insertions":227,"deletions":121},"test-code":{"insertions":2,"deletions":23}}},{"hash":"63170230aba63faea47a204fbf8322abdfc9107b","isMergeCommit":false,"messageTitle":"Update to meet checkstyle requirements","messageBody":"","fileTypesAndContributionMap":{"functional-code":{"insertions":1,"deletions":1}}},{"hash":"2fb272043560cd0f35f90090fe92d8ac3e47320f","isMergeCommit":false,"messageTitle":"Update code to meet Checkstyle requirements","messageBody":"","fileTypesAndContributionMap":{"test-code":{"insertions":2,"deletions":2}}},{"hash":"81cd963207ca6a4c64a28e3de2cd9a83ef259be2","isMergeCommit":false,"messageTitle":"Update code to meet checkstyle requirements","messageBody":"","fileTypesAndContributionMap":{"test-code":{"insertions":2,"deletions":2}}},{"hash":"b12fdb7ef6c03ebd4578b69c711ed58777fe7124","isMergeCommit":false,"messageTitle":"fixes #69","messageBody":"","fileTypesAndContributionMap":{"functional-code":{"insertions":115,"deletions":6},"test-code":{"insertions":7,"deletions":7}}}]},{"date":"2024-10-15","commitResults":[{"hash":"bfd653f86a69f5ad2b4c91f8490c8e4310e789e7","isMergeCommit":false,"messageTitle":"Update Code to create delete assignment functionality","messageBody":"","fileTypesAndContributionMap":{"functional-code":{"insertions":318,"deletions":24},"test-code":{"insertions":1,"deletions":1}}},{"hash":"ef89cf38e556438f8294953b30d48ee772cc5f97","isMergeCommit":false,"messageTitle":"Implement mark and unmark functionality","messageBody":"","fileTypesAndContributionMap":{"functional-code":{"insertions":285,"deletions":0}}},{"hash":"0f90479d7b48318d5ffe821dea41778fea3e2ace","isMergeCommit":true,"messageTitle":"Merge branch \u0027master\u0027 of https://github.com/AY2425S1-CS2103-F11-1/tp","messageBody":"","fileTypesAndContributionMap":{}},{"hash":"ac2d690947d77c89705fa144050735db97c082cf","isMergeCommit":false,"messageTitle":"Update GradeAssignmentCommand to parse message correctly","messageBody":"","fileTypesAndContributionMap":{"functional-code":{"insertions":1,"deletions":1},"other":{"insertions":1,"deletions":1}}},{"hash":"5fdf8b7d5e6d0745261d5eb46734925e8427d1be","isMergeCommit":true,"messageTitle":"Merge pull request #86 from emmannyyy/master","messageBody":"Updates GradeAssignmentCommand to fix message","tags":["v1.3"],"fileTypesAndContributionMap":{}}]},{"date":"2024-10-16","commitResults":[{"hash":"51ffeb77e28d9fa5f0702d0fc458552975b9d4ba","isMergeCommit":true,"messageTitle":"Merge branch \u0027master\u0027 of https://github.com/AY2425S1-CS2103-F11-1/tp","messageBody":"","fileTypesAndContributionMap":{}}]},{"date":"2024-10-18","commitResults":[{"hash":"c635ceff23370a0cc93a5c6afc0547839875ea19","isMergeCommit":true,"messageTitle":"Merge branch \u0027master\u0027 of https://github.com/AY2425S1-CS2103-F11-1/tp","messageBody":"","fileTypesAndContributionMap":{}}]},{"date":"2024-10-21","commitResults":[{"hash":"a265f364ffcfb46ecc212d38feabe1a98d0b991f","isMergeCommit":true,"messageTitle":"Merge branch \u0027master\u0027 of https://github.com/AY2425S1-CS2103-F11-1/tp","messageBody":"","fileTypesAndContributionMap":{}},{"hash":"824e87939a7fbceb133ee614097d8f47688f5f29","isMergeCommit":true,"messageTitle":"Merge pull request #109 from lm-44/Enable-Assertions","messageBody":"Enable assertions in build.gradle","fileTypesAndContributionMap":{}}]},{"date":"2024-10-22","commitResults":[{"hash":"9c655eafc01d124037c0269b06c01caffbd90101","isMergeCommit":false,"messageTitle":"Update sequence diagram for delete_student command in dev guide","messageBody":"","fileTypesAndContributionMap":{"docs":{"insertions":13,"deletions":5}}},{"hash":"f69d429f8d3c999f2e307a4f71aa06a77a3cdb72","isMergeCommit":false,"messageTitle":"Update sequence diagrams for Model and Storage","messageBody":"","fileTypesAndContributionMap":{"docs":{"insertions":41,"deletions":41}}},{"hash":"902e9debe515c4e194bdbe43ddc6d8b857fc244d","isMergeCommit":false,"messageTitle":"Update Developer\u0027s Guide for Add_Assignment Command","messageBody":"","fileTypesAndContributionMap":{"docs":{"insertions":112,"deletions":1}}},{"hash":"07a190f27a2b13da7d8c06d679dfdba1ec65384a","isMergeCommit":false,"messageTitle":"Update code to meet Checkstyle requirements","messageBody":"","fileTypesAndContributionMap":{"docs":{"insertions":3,"deletions":4}}},{"hash":"c69b3320646d7346a39a04d8943027f2ce4324c1","isMergeCommit":true,"messageTitle":"Merge branch \u0027master\u0027 of https://github.com/AY2425S1-CS2103-F11-1/tp","messageBody":"","fileTypesAndContributionMap":{}},{"hash":"247adce74871f64940301f54f1771f00640a332d","isMergeCommit":false,"messageTitle":"Update code to fix constructor bug","messageBody":"","fileTypesAndContributionMap":{"functional-code":{"insertions":6,"deletions":2}}},{"hash":"4652315420ba05d04fd3da41c0bc3690bd89c1dd","isMergeCommit":true,"messageTitle":"Merge pull request #118 from emmannyyy/master","messageBody":"Fix Constructor bug for Student class","tags":["v1.4"],"fileTypesAndContributionMap":{}}]}],"avrilmohh":[{"date":"2024-09-25","commitResults":[{"hash":"b759d8e3cd9e3218395cfebd847c071b32fcbb6e","isMergeCommit":false,"messageTitle":"Add avrilmohh to AboutUs.md","messageBody":"","fileTypesAndContributionMap":{"docs":{"insertions":5,"deletions":6}}},{"hash":"401fd741a278cf2b08f721812a0a021d22a7e687","isMergeCommit":true,"messageTitle":"Merge branch \u0027master\u0027 into AboutUs","messageBody":"# Conflicts:\n#\tdocs/AboutUs.md\n","fileTypesAndContributionMap":{}},{"hash":"3e6a57db43e73f99bd9533c9d112030e147a1a93","isMergeCommit":true,"messageTitle":"Merge pull request #23 from avrilmohh/AboutUs","messageBody":"Add avrilmohh to AboutUs.md","fileTypesAndContributionMap":{}}]},{"date":"2024-10-01","commitResults":[{"hash":"5a308245e8df7701699a91c9fced95b233ae4841","isMergeCommit":true,"messageTitle":"Merge branch \u0027master\u0027 of https://github.com/AY2425S1-CS2103-F11-1/tp","messageBody":"","fileTypesAndContributionMap":{}},{"hash":"d530b84e6a378fd5978be70e45a7456e5068b54b","isMergeCommit":false,"messageTitle":"Update Non-functional requirements and Glossary in DeveloperGuide.md","messageBody":"","fileTypesAndContributionMap":{"docs":{"insertions":10,"deletions":1}}}]},{"date":"2024-10-10","commitResults":[{"hash":"66e132cd68636988eb320e42024bd4562a8c6d46","isMergeCommit":false,"messageTitle":"Add new prefix for subject and grade and include this new prefixes in AddCommand.java","messageBody":"","fileTypesAndContributionMap":{"functional-code":{"insertions":7,"deletions":1}}},{"hash":"f8486825ee7ad0ccf0bca13b85e3b562df67fc67","isMergeCommit":true,"messageTitle":"Merge pull request #64 from avrilmohh/modify-add","messageBody":"Add new prefix for subject and grade and include this new prefix in AddCommand.java","fileTypesAndContributionMap":{}}]},{"date":"2024-10-15","commitResults":[{"hash":"f4e328326adc003f08e95c3d55615c2106263ebd","isMergeCommit":true,"messageTitle":"Merge pull request #73 from emmannyyy/Mark-Assignment-Command","messageBody":"Mark assignment command","fileTypesAndContributionMap":{}},{"hash":"dba26d12a1485fb73e6c916fba27eefc06f5a3f7","isMergeCommit":false,"messageTitle":"Create MarkAssignmentCommandTest and AssignmentBuilder","messageBody":"","fileTypesAndContributionMap":{"test-code":{"insertions":147,"deletions":0}}}]},{"date":"2024-10-16","commitResults":[{"hash":"05cdc6e8e28724bcf7691e8f1d28b40c2edee592","isMergeCommit":false,"messageTitle":"Fix assignment student initialiser","messageBody":"","fileTypesAndContributionMap":{"functional-code":{"insertions":1,"deletions":0},"test-code":{"insertions":18,"deletions":21}}},{"hash":"1fcae8e0b6cd0cfb237c255db2c42a78feffc8bb","isMergeCommit":false,"messageTitle":"Add invalidStudentIndex and invalidAssignmentIndex test cases","messageBody":"","fileTypesAndContributionMap":{"test-code":{"insertions":30,"deletions":0}}},{"hash":"114023b36a24945cff00467fdf3bd3d2cea88f47","isMergeCommit":false,"messageTitle":"Fix checkstyle issue and add JavaDoc comment","messageBody":"","fileTypesAndContributionMap":{"test-code":{"insertions":13,"deletions":5}}},{"hash":"227e96e6ebefe5bf43792cb089d6f32cdf08e847","isMergeCommit":true,"messageTitle":"Merge pull request #78 from avrilmohh/mark-assignment-tests","messageBody":"Create test cases for MarkAssignmentCommand","fileTypesAndContributionMap":{}},{"hash":"f8c6d98d7399b423ed0e893082642f8ed19dc5d2","isMergeCommit":false,"messageTitle":"Add test cases for unmark assignment","messageBody":"","fileTypesAndContributionMap":{"test-code":{"insertions":76,"deletions":12}}},{"hash":"db72c15d203be25ffced6c30af20c77beecc7ba8","isMergeCommit":true,"messageTitle":"Merge pull request #93 from avrilmohh/unmark-assignment-tests","messageBody":"Create test cases for unmark assignment","fileTypesAndContributionMap":{}}]},{"date":"2024-10-17","commitResults":[{"hash":"3930ef2199488eb3e7fe927a555edbb0b8a018cb","isMergeCommit":false,"messageTitle":"Add test cases for equals and toString","messageBody":"","fileTypesAndContributionMap":{"test-code":{"insertions":39,"deletions":5}}},{"hash":"bd8cd410b30e4a5aeef085a2058036da51ead4e6","isMergeCommit":false,"messageTitle":"Fix checkstyle issue","messageBody":"","fileTypesAndContributionMap":{"test-code":{"insertions":8,"deletions":4}}},{"hash":"f78437387a0ce9b5c0d4f2e1f2ba3ee4e9dabfd4","isMergeCommit":false,"messageTitle":"Add test cases for equals and toString","messageBody":"","fileTypesAndContributionMap":{"test-code":{"insertions":37,"deletions":0}}},{"hash":"e7bfecbff7cc4bf3da438f1c137def13487ec4ab","isMergeCommit":true,"messageTitle":"Merge pull request #97 from avrilmohh/mark-assignment-tests","messageBody":"Added mark assignment tests for equals and toString","fileTypesAndContributionMap":{}},{"hash":"3a2a65817f53415ccd6e7c9a4315b42076e5895f","isMergeCommit":true,"messageTitle":"Merge pull request #98 from avrilmohh/unmark-assignment-tests","messageBody":"Add unmark assignment tests for equals and toString","fileTypesAndContributionMap":{}},{"hash":"b529c1dd496091aafcd83381c2ae336e8b7cf479","isMergeCommit":false,"messageTitle":"Add test cases for MarkAssignmentCommandParserTest","messageBody":"","fileTypesAndContributionMap":{"functional-code":{"insertions":12,"deletions":1},"test-code":{"insertions":85,"deletions":0}}},{"hash":"de583390b336a8f94df4ea27b24e5bb6052915dd","isMergeCommit":false,"messageTitle":"Fix duplicate assignment tests","messageBody":"","fileTypesAndContributionMap":{"functional-code":{"insertions":0,"deletions":4},"test-code":{"insertions":7,"deletions":4}}},{"hash":"03d9f87bbdd3b4a553d10fe3e41157b65b1e9f5c","isMergeCommit":false,"messageTitle":"Fix checkstyle","messageBody":"","fileTypesAndContributionMap":{"test-code":{"insertions":12,"deletions":9}}},{"hash":"ff3545928bc660b5474b32353629e438c4adb09a","isMergeCommit":false,"messageTitle":"Remove arePrefixesDuplicated method because there is a similar method","messageBody":"","fileTypesAndContributionMap":{"functional-code":{"insertions":0,"deletions":8}}},{"hash":"8f1536f15ff67ead788dd3a755c6bdd9fa48ee52","isMergeCommit":false,"messageTitle":"Add test cases for UnmarkAssignmentCommandParserTest","messageBody":"","fileTypesAndContributionMap":{"test-code":{"insertions":91,"deletions":0}}},{"hash":"eb9e835de5aa1ea69a6ef91b5c7d2165e237f486","isMergeCommit":true,"messageTitle":"Merge pull request #99 from avrilmohh/mark-assignment-parser-tests","messageBody":"Create mark assignment parser tests","fileTypesAndContributionMap":{}},{"hash":"77ff2d6ef4f208eef4a8f6d1ea01eab496d8b6e4","isMergeCommit":true,"messageTitle":"Merge pull request #100 from avrilmohh/unmark-assignment-parser-tests","messageBody":"Create unmark assignment parser tests","fileTypesAndContributionMap":{}}]},{"date":"2024-10-19","commitResults":[{"hash":"d0b839d53c6de87e3b9966b8b4ddbd8665745318","isMergeCommit":false,"messageTitle":"Create EditAssignmentCommand.java class with necessary methods","messageBody":"","fileTypesAndContributionMap":{"functional-code":{"insertions":102,"deletions":0}}}]},{"date":"2024-10-20","commitResults":[{"hash":"c5411115378016e9ab7ba6df039aacdf68877a8e","isMergeCommit":false,"messageTitle":"Remove unused prefix","messageBody":"","fileTypesAndContributionMap":{"functional-code":{"insertions":0,"deletions":2}}},{"hash":"99865f2997551567d54419516d94be2c707c1412","isMergeCommit":false,"messageTitle":"Add assignment score prefix to EditAssignmentCommand example","messageBody":"","fileTypesAndContributionMap":{"functional-code":{"insertions":3,"deletions":2}}},{"hash":"764702f2ff9d36779ca06f4126bd6f7fea21e262","isMergeCommit":false,"messageTitle":"Create EditAssignmentCommandParser with parse method","messageBody":"","fileTypesAndContributionMap":{"functional-code":{"insertions":49,"deletions":1}}},{"hash":"25c5ec26a3630c8332a0f17baa67e825adf731ac","isMergeCommit":false,"messageTitle":"Modify AddressBookParser to include EditAssignmentCommand","messageBody":"","fileTypesAndContributionMap":{"functional-code":{"insertions":4,"deletions":0}}}]},{"date":"2024-10-21","commitResults":[{"hash":"73cd16fc6edd160b3f2aa96069852eb6c6e940d0","isMergeCommit":false,"messageTitle":"Change editCommand command word to edit_student","messageBody":"","fileTypesAndContributionMap":{"functional-code":{"insertions":1,"deletions":1}}},{"hash":"9c6a0b05b85dfccd3902784623bf21dc2005db78","isMergeCommit":false,"messageTitle":"Implement remark functionality","messageBody":"Create RemarkCommand, RemarkCommandParser and their\nassociated methods.\n\nAdd case for remark command in AddressBookParser.\n\nAdd remark attribute in Student which can only be changed\nby setRemark method.\n","fileTypesAndContributionMap":{"functional-code":{"insertions":141,"deletions":2}}},{"hash":"1b717d2e129b10258dd0ca3850dd5008c3bf5de1","isMergeCommit":false,"messageTitle":"Add remark to UI","messageBody":"","fileTypesAndContributionMap":{"functional-code":{"insertions":41,"deletions":3}}},{"hash":"da377e498de07264e2fac051870005310fe8e76e","isMergeCommit":false,"messageTitle":"Student class: include remark in constructor","messageBody":"Add remark parameter to Student constructor and update all\naffected classes to handle remarks.\n","fileTypesAndContributionMap":{"functional-code":{"insertions":32,"deletions":21}}},{"hash":"cb5cfad76febe99afc05eca3f0250ea9b2b0cc35","isMergeCommit":false,"messageTitle":"Fix tests that failed because of new student constructor","messageBody":"","fileTypesAndContributionMap":{"functional-code":{"insertions":7,"deletions":17},"test-code":{"insertions":36,"deletions":17}}},{"hash":"c069474650636fbf3094b6c1649a4be9fc1d5d6a","isMergeCommit":false,"messageTitle":"Fix checkstyle","messageBody":"","fileTypesAndContributionMap":{"functional-code":{"insertions":3,"deletions":7},"test-code":{"insertions":6,"deletions":2}}}]},{"date":"2024-10-22","commitResults":[{"hash":"adbc36ab37bdf79df439be61c840205b46adc3c9","isMergeCommit":false,"messageTitle":"Add constructor for Student without remark parameter","messageBody":"","fileTypesAndContributionMap":{"functional-code":{"insertions":19,"deletions":8}}},{"hash":"3910cdc2d8cf2c08e01211f7f1b9935b2470f88d","isMergeCommit":false,"messageTitle":"Make empty string into a static variable","messageBody":"","fileTypesAndContributionMap":{"functional-code":{"insertions":2,"deletions":1}}},{"hash":"86406a9bed132becea5eac636e2a45827cd789c0","isMergeCommit":true,"messageTitle":"Merge branch \u0027master\u0027 into remark-command","messageBody":"","fileTypesAndContributionMap":{}},{"hash":"93327d762ceba5083c475329e3bcb9e04599c70c","isMergeCommit":false,"messageTitle":"Fix checkstyle","messageBody":"","fileTypesAndContributionMap":{"functional-code":{"insertions":2,"deletions":3}}},{"hash":"84d46bfbd779dcdc51e8987c67a8c211412b2f0d","isMergeCommit":false,"messageTitle":"Update RemarkCommand.java String format","messageBody":"Co-authored-by: althea28 \u003c104351889+althea28@users.noreply.github.com\u003e","fileTypesAndContributionMap":{"functional-code":{"insertions":2,"deletions":2}}},{"hash":"ed6fc3f0b3017c65457953312b0542772c39c9c6","isMergeCommit":true,"messageTitle":"Merge pull request #107 from avrilmohh/remark-command","messageBody":"Implement remark functionality","fileTypesAndContributionMap":{}}]},{"date":"2024-10-23","commitResults":[{"hash":"b44821f45e28812c6787e2be6c766836ca11524a","isMergeCommit":false,"messageTitle":"Add toString method to RemarkCommand","messageBody":"","fileTypesAndContributionMap":{"functional-code":{"insertions":9,"deletions":0}}},{"hash":"98a0d0769ab77aa9b2179ce8e5b0b8543e1cee7e","isMergeCommit":false,"messageTitle":"Create RemarkCommandTest.java and add test cases for RemarkCommand","messageBody":"","fileTypesAndContributionMap":{"test-code":{"insertions":120,"deletions":0}}},{"hash":"17f17b0ebad7b5fa4833946517c5a24b0ee00baf","isMergeCommit":false,"messageTitle":"Add test cases for RemarkCommandParser and fix minor bug in RemarkCommandParser","messageBody":"","fileTypesAndContributionMap":{"functional-code":{"insertions":4,"deletions":5},"test-code":{"insertions":100,"deletions":0}}},{"hash":"9f8913cf8fae030f85e4016914744b60bbc4e3c9","isMergeCommit":false,"messageTitle":"Fix checkstyle issue","messageBody":"","fileTypesAndContributionMap":{"test-code":{"insertions":2,"deletions":2}}},{"hash":"2d6e6c1e0a0ef9502e1db8a82eacc926949a3152","isMergeCommit":true,"messageTitle":"Merge pull request #122 from avrilmohh/remark-command-tests","messageBody":"Add test cases for remark implementation","fileTypesAndContributionMap":{}},{"hash":"fa6e0c4500b7fa2f7ea220e29efeb6f894e653e3","isMergeCommit":false,"messageTitle":"Create RemarkSequenceDiagram","messageBody":"","fileTypesAndContributionMap":{"docs":{"insertions":70,"deletions":0}}},{"hash":"bdd0e73546cb111b5ce5d65bda22a4cf0e6c7170","isMergeCommit":false,"messageTitle":"Add remark section in DG which includes UML diagram","messageBody":"","fileTypesAndContributionMap":{"docs":{"insertions":30,"deletions":0}}},{"hash":"401714ca22230d0a648d86b0d27115acc700fbfd","isMergeCommit":false,"messageTitle":"Add newline at EOF for RemarkSequenceDiagram.puml","messageBody":"","fileTypesAndContributionMap":{"docs":{"insertions":1,"deletions":1}}},{"hash":"3a3bfef5ff7c8fade54a165544b5a6ee661c4690","isMergeCommit":true,"messageTitle":"Merge pull request #126 from avrilmohh/remark-command-puml","messageBody":"Update Developer Guide for remark","fileTypesAndContributionMap":{}},{"hash":"5860d3eec72ae5d43d43c913bdb8dd4dc9ef01f0","isMergeCommit":false,"messageTitle":"Remove Student from UML sequence diagram for Remark","messageBody":"","fileTypesAndContributionMap":{"docs":{"insertions":0,"deletions":4}}},{"hash":"3801477e3ec912189c8b9d21d243e21046c0d721","isMergeCommit":false,"messageTitle":"Fix view student sequence diagram by changing AddAssignmentCommand to ViewStudentCommand","messageBody":"","fileTypesAndContributionMap":{"docs":{"insertions":1,"deletions":1}}},{"hash":"968027eba416fc20124ba59e91be27a75bb7e28c","isMergeCommit":true,"messageTitle":"Merge pull request #128 from avrilmohh/remark-command-puml","messageBody":"Fix UML diagrams","fileTypesAndContributionMap":{}},{"hash":"391b7f2027806f36ecdbebd36ff755dfe249232c","isMergeCommit":false,"messageTitle":"Fix minor bug in UML diagram","messageBody":"","fileTypesAndContributionMap":{"docs":{"insertions":4,"deletions":3}}},{"hash":"45b0b86dabd8767a5053522cdb809d717f0e74d6","isMergeCommit":true,"messageTitle":"Merge pull request #130 from avrilmohh/remark-command-puml","messageBody":"Fix minor bug in UML diagram","fileTypesAndContributionMap":{}}]}],"jian7490":[{"date":"2024-09-25","commitResults":[{"hash":"d56d660b0562e9aca10c5c9125a4efd0eda8f06e","isMergeCommit":false,"messageTitle":"Update AboutUs.md to include Jian Yi\u0027s info","messageBody":"","fileTypesAndContributionMap":{"docs":{"insertions":5,"deletions":44}}}]},{"date":"2024-10-01","commitResults":[{"hash":"05282b6ebfb4fcaa8f94568b22a8d9b1ff30160e","isMergeCommit":false,"messageTitle":"Include use cases in DeveloperGuide.md","messageBody":"","fileTypesAndContributionMap":{"docs":{"insertions":450,"deletions":10}}}]},{"date":"2024-10-04","commitResults":[{"hash":"589925d914f872c811eb0c888e606535e10fa4fe","isMergeCommit":true,"messageTitle":"Merge pull request #49 from emmannyyy/Add-Assignment-Command","messageBody":"Add assignment command","fileTypesAndContributionMap":{}},{"hash":"434babd6e847345b2353a92c27372bfbbed2842f","isMergeCommit":false,"messageTitle":"Fix bug in CommandException comment","messageBody":"","fileTypesAndContributionMap":{"functional-code":{"insertions":2,"deletions":0}}},{"hash":"2495633d95293c9756fe286215095a3807138817","isMergeCommit":false,"messageTitle":"Adapt class Person to Student","messageBody":"To transform the model design for the original AB3 project to\nfit with TAchy, the Person class is refactored to Student.\nAddress class is removed as it is not related to the use cases\naround Student in TAchy.\n\nThis change makes the model design more relatable to TAchy.\n","fileTypesAndContributionMap":{"functional-code":{"insertions":350,"deletions":467},"other":{"insertions":105,"deletions":159},"docs":{"insertions":32,"deletions":32},"test-code":{"insertions":431,"deletions":588}}},{"hash":"f30f52e4ca153d9c87674d8ec460421f5a2335ba","isMergeCommit":false,"messageTitle":"Revert \"Fix bug in CommandException comment\"","messageBody":"This reverts commit 434babd6e847345b2353a92c27372bfbbed2842f.\n","fileTypesAndContributionMap":{"functional-code":{"insertions":0,"deletions":2}}},{"hash":"b2aebf36d0de6a09628d85067918ac745b61821c","isMergeCommit":false,"messageTitle":"Remove place holder for \"address\" form UI","messageBody":"","fileTypesAndContributionMap":{"functional-code":{"insertions":0,"deletions":3}}},{"hash":"f1ba2a833c3cb2a5ae55d2a927ea9fd00bc0639a","isMergeCommit":false,"messageTitle":"Satisfy coding standard to improve code quality","messageBody":"","fileTypesAndContributionMap":{"functional-code":{"insertions":9,"deletions":3},"test-code":{"insertions":2,"deletions":1}}},{"hash":"7d8bf2c79bc98d7020743d625484ee0de7700280","isMergeCommit":true,"messageTitle":"Merge branch \u0027person-to-student\u0027 of https://github.com/jian7490/tp into person-to-student","messageBody":"","fileTypesAndContributionMap":{}},{"hash":"4a17398b4c6733164a2dc5513eff1675f88018c4","isMergeCommit":false,"messageTitle":"CommandException.java: Fix a bug in comment","messageBody":"","fileTypesAndContributionMap":{"functional-code":{"insertions":2,"deletions":0}}}]},{"date":"2024-10-09","commitResults":[{"hash":"7d9ed336c63825110be2f0edb0f6325b26537501","isMergeCommit":false,"messageTitle":"Change \"person\" to \"student\" in all code and comments","messageBody":"","fileTypesAndContributionMap":{"functional-code":{"insertions":130,"deletions":130},"other":{"insertions":49,"deletions":49},"docs":{"insertions":1,"deletions":1},"test-code":{"insertions":375,"deletions":371}}},{"hash":"11e8064c3f586474066c02dabcae3839146b0b50","isMergeCommit":true,"messageTitle":"Merge branch \u0027master\u0027 into person-to-student","messageBody":"","fileTypesAndContributionMap":{}}]},{"date":"2024-10-10","commitResults":[{"hash":"afae4e29382db5cb3643372bf44cfc380c516369","isMergeCommit":true,"messageTitle":"Merge remote-tracking branch \u0027origin/master\u0027","messageBody":"","fileTypesAndContributionMap":{}},{"hash":"2d28640f1bcc0d5093f0794915df3e84ec4265e1","isMergeCommit":true,"messageTitle":"Merge branch \u0027master\u0027 into person-to-student","messageBody":"# Conflicts:\n#\tsrc/main/java/seedu/address/model/AddressBook.java\n#\tsrc/main/java/seedu/address/model/assignment/exceptions/AssignmentNotFoundException.java\n#\tsrc/main/java/seedu/address/model/assignment/exceptions/DuplicateAssignmentException.java\n#\tsrc/main/resources/view/MainWindow.fxml\n","fileTypesAndContributionMap":{}},{"hash":"65e64c71c099d7718ef710bb44ffeab863313716","isMergeCommit":true,"messageTitle":"Merge remote-tracking branch \u0027origin/person-to-student\u0027 into person-to-student","messageBody":"# Conflicts:\n#\tsrc/main/java/seedu/address/model/AddressBook.java\n#\tsrc/main/java/seedu/address/model/assignment/exceptions/AssignmentNotFoundException.java\n#\tsrc/main/java/seedu/address/model/assignment/exceptions/DuplicateAssignmentException.java\n","fileTypesAndContributionMap":{}},{"hash":"023c591a8e0fdabc6d7a8b5bd846517e092c1bf0","isMergeCommit":false,"messageTitle":"Fix inconsistencies of code for changing Person to Student","messageBody":"","fileTypesAndContributionMap":{"functional-code":{"insertions":40,"deletions":38},"other":{"insertions":12,"deletions":13}}},{"hash":"5264193af6f9850aeb75d28a5b2ca052ecea6097","isMergeCommit":false,"messageTitle":"AddCommand.java: fix checkstyle problem","messageBody":"","fileTypesAndContributionMap":{"functional-code":{"insertions":2,"deletions":2}}},{"hash":"18b81436219bb556ce0be1644fc5b65f513af158","isMergeCommit":true,"messageTitle":"Merge pull request #51 from jian7490/person-to-student","messageBody":"Adapt class Person to Student to fit with TAchy\u0027s model design","fileTypesAndContributionMap":{}}]},{"date":"2024-10-11","commitResults":[{"hash":"1d543df2b9105342e6fe108168f1d9ce631541ec","isMergeCommit":false,"messageTitle":"Fix the bug of null StudentDetailsPanel in initialization","messageBody":"","fileTypesAndContributionMap":{"functional-code":{"insertions":10,"deletions":11},"other":{"insertions":0,"deletions":7}}},{"hash":"e3779595e3e23bb2ea39b623b3e8c62e7baa095e","isMergeCommit":false,"messageTitle":"MainWindow.fxml: fix fxml formatting issue","messageBody":"","fileTypesAndContributionMap":{"functional-code":{"insertions":1,"deletions":1}}},{"hash":"6c0f56828fcdb48e214d741de7abe07e063b8f1b","isMergeCommit":true,"messageTitle":"Merge pull request #65 from jian7490/person-to-student","messageBody":"Fix the bug of null StudentDetailsPanel in initialization","fileTypesAndContributionMap":{}}]},{"date":"2024-10-15","commitResults":[{"hash":"8dfe5c34b447377b25f898a4639fff797f78c4c9","isMergeCommit":false,"messageTitle":"Update Developer Guide with recent functional increments","messageBody":"","fileTypesAndContributionMap":{"docs":{"insertions":110,"deletions":241}}},{"hash":"247f4fbc4cc4704e5ab574275ff73952dab9312d","isMergeCommit":false,"messageTitle":"Update User Guide with recent functional increments","messageBody":"","fileTypesAndContributionMap":{"docs":{"insertions":88,"deletions":29}}},{"hash":"297229e87e5c31e0516f2173c1239d871d8de271","isMergeCommit":false,"messageTitle":"Fix checkstyle problems","messageBody":"","fileTypesAndContributionMap":{"docs":{"insertions":6,"deletions":6}}},{"hash":"1f26149010ffc40221d92351770eb31ac0346c90","isMergeCommit":true,"messageTitle":"Merge pull request #76 from jian7490/update-user-guide","messageBody":"Update user guide","fileTypesAndContributionMap":{}}]},{"date":"2024-10-16","commitResults":[{"hash":"3f4d3c9810d1557e89120c7e82096cf85e2cf612","isMergeCommit":false,"messageTitle":"Implement TypicalAssignments.java as a utility class","messageBody":"","fileTypesAndContributionMap":{"test-code":{"insertions":42,"deletions":7}}},{"hash":"ea0f102fc3939f3fadc9cb65836155806789bfb9","isMergeCommit":false,"messageTitle":"Implement GradeAssignmentCommandTest","messageBody":"","fileTypesAndContributionMap":{"test-code":{"insertions":124,"deletions":0}}},{"hash":"260f192925b6babffb360affa5e7cb31ddc28c7e","isMergeCommit":false,"messageTitle":"Update util classes for tests","messageBody":"","fileTypesAndContributionMap":{"test-code":{"insertions":15,"deletions":4}}},{"hash":"aa1eb93c8c0a138db5def8d55ce836f3496805ac","isMergeCommit":true,"messageTitle":"Merge branch \u0027master\u0027 into update-user-guide","messageBody":"","fileTypesAndContributionMap":{}},{"hash":"85a82574df4f0efa52e535c1e95a57524afe9b03","isMergeCommit":false,"messageTitle":"Refactor TypicalStudents and StudentBuilder to make tests work","messageBody":"","fileTypesAndContributionMap":{"test-code":{"insertions":32,"deletions":11}}},{"hash":"6e0f07be512095224ccda5e93d5df56cf0f7f816","isMergeCommit":true,"messageTitle":"Merge pull request #92 from jian7490/grade-assignment-test","messageBody":"GradeAssignmentCommand test","fileTypesAndContributionMap":{}}]},{"date":"2024-10-18","commitResults":[{"hash":"6935be6c13fbfecf695bfc918bb77d9319f66f59","isMergeCommit":false,"messageTitle":"GradeAssignmentCommandParser: handle invalid input for score","messageBody":"","fileTypesAndContributionMap":{"functional-code":{"insertions":1,"deletions":1}}},{"hash":"20518d2e301b01a68ff87fb79aecba5d414bc18e","isMergeCommit":false,"messageTitle":"ParserUtil: implement parseScore() for GradeAssignmentCommand","messageBody":"","fileTypesAndContributionMap":{"functional-code":{"insertions":17,"deletions":0}}},{"hash":"5906d1446afd8fa97ba6199c57740ebc34129ba8","isMergeCommit":false,"messageTitle":"Implement GradeAssignmentCommandParserTest","messageBody":"This file tests common commands that may be sent to the parser.\nCommandTestUtil is supplemented with new constant fields to\nsupport the tests.\n","fileTypesAndContributionMap":{"test-code":{"insertions":97,"deletions":0}}},{"hash":"6ba3cfbcc1504c5453e8ac86bcf303313a6fd41a","isMergeCommit":true,"messageTitle":"Merge pull request #102 from jian7490/grade-parser-test","messageBody":"Create test cases for GradeAssignmentCommandParser ","fileTypesAndContributionMap":{}}]},{"date":"2024-10-22","commitResults":[{"hash":"7da33dfce7cc2d77c0300a18311b6a3d4336ce3c","isMergeCommit":true,"messageTitle":"Merge pull request #115 from emmannyyy/Developer-Guide","messageBody":"Updates Developer guide","fileTypesAndContributionMap":{}}]},{"date":"2024-10-23","commitResults":[{"hash":"82874343f02c6299a8e5abde5b6bb252247165d9","isMergeCommit":false,"messageTitle":"Retain assignmentList and remark when editing student","messageBody":"","fileTypesAndContributionMap":{"functional-code":{"insertions":29,"deletions":2}}},{"hash":"2e6daf28fb2e8082f163a0e5dc49812b99ab55fa","isMergeCommit":false,"messageTitle":"Update EditStudentDescriptorTest to match assignments and remark","messageBody":"","fileTypesAndContributionMap":{"test-code":{"insertions":3,"deletions":1}}},{"hash":"81d23fb2f7e5436003cc2647d65b7193e2345898","isMergeCommit":false,"messageTitle":"Update EditStudentDescriptorTest to cover assignments and remark","messageBody":"","fileTypesAndContributionMap":{"test-code":{"insertions":44,"deletions":0}}},{"hash":"b61a7fb499a6c440367170c6433c4afe18a0a79a","isMergeCommit":false,"messageTitle":"EditCommand: change setAssignmentList() method","messageBody":"","fileTypesAndContributionMap":{"functional-code":{"insertions":1,"deletions":1}}},{"hash":"88dfa53d75950c9c9350ccdfe714c519e4fca7a6","isMergeCommit":false,"messageTitle":"Delete import ArrayList","messageBody":"","fileTypesAndContributionMap":{"functional-code":{"insertions":0,"deletions":1}}},{"hash":"1144cf3c6a9dd457b1bbbb67a09bf54ad31abff3","isMergeCommit":false,"messageTitle":"Student: set an empty list for assignmentList","messageBody":"This commit resolves conflicts and misunderstandings when building a\nstudent object. An empty arraylist is used in default for student\ninstead of a null.\n","fileTypesAndContributionMap":{"functional-code":{"insertions":4,"deletions":3},"test-code":{"insertions":5,"deletions":1}}},{"hash":"016253bd51a955ab9a662e702af5bc58c8389f56","isMergeCommit":true,"messageTitle":"Merge pull request #137 from jian7490/fix-edit-bug","messageBody":"Fix edit bug to retain assignment list and remark from the editted student","fileTypesAndContributionMap":{}}]},{"date":"2024-10-25","commitResults":[{"hash":"b6ce2e125d4c145010f8f8b1493f0c9672e166e2","isMergeCommit":false,"messageTitle":"Update the activity diagram for RemarkCommand","messageBody":"","fileTypesAndContributionMap":{"docs":{"insertions":45,"deletions":0}}},{"hash":"3e92f01a460fa736963c1fadd46d13b0b57e07a9","isMergeCommit":true,"messageTitle":"Merge pull request #143 from jian7490/update-remark-activity-diagram","messageBody":"Update the activity diagram for RemarkCommand","fileTypesAndContributionMap":{}},{"hash":"a752a624e11a6f49101368879c86cf3894750dd5","isMergeCommit":false,"messageTitle":"Fix the bug of missing endif","messageBody":"","fileTypesAndContributionMap":{"docs":{"insertions":1,"deletions":0}}},{"hash":"5d5fbec88af78e1198c830054e6ba183304e333a","isMergeCommit":false,"messageTitle":"Remove redundant stop at the end of the diagram","messageBody":"","fileTypesAndContributionMap":{"docs":{"insertions":0,"deletions":2}}}]},{"date":"2024-10-26","commitResults":[{"hash":"6e2657bf5a972fd9248bcbdb1b0862645bc90856","isMergeCommit":true,"messageTitle":"Merge pull request #144 from jian7490/update-remark-activity-diagram","messageBody":"Fix the bug of missing endif","fileTypesAndContributionMap":{}}]}],"lm-44":[{"date":"2024-09-25","commitResults":[{"hash":"ecfca3caf9da0437e924b5dfa5d954a88e39d802","isMergeCommit":false,"messageTitle":"Edit Aboutus.md to include lm-44","messageBody":"","fileTypesAndContributionMap":{"docs":{"insertions":5,"deletions":5}}},{"hash":"ee72d4439d520986e8b4d2f39abb2017794899b6","isMergeCommit":false,"messageTitle":"Add markbind site","messageBody":"","fileTypesAndContributionMap":{"docs":{"insertions":1,"deletions":1}}},{"hash":"d94e74e7e20134fabda8f1c16df91aee24ce9b5f","isMergeCommit":true,"messageTitle":"Merge branch \u0027master\u0027 into edit-aboutus","messageBody":"# Conflicts:\n#\tdocs/AboutUs.md\n","fileTypesAndContributionMap":{}},{"hash":"b541836a49ad71dd67de9e8b3774544f13c7cb0c","isMergeCommit":true,"messageTitle":"Merge pull request #11 from lm-44/edit-aboutus","messageBody":"Edit Aboutus.md to include lm-44","fileTypesAndContributionMap":{}},{"hash":"006adc97260b81140ccb23c36a555c6e694c3b7e","isMergeCommit":true,"messageTitle":"Merge branch \u0027master\u0027 of https://github.com/AY2425S1-CS2103-F11-1/tp","messageBody":"","fileTypesAndContributionMap":{}},{"hash":"f28e58f4586355979b7298585fcfbdbc67929340","isMergeCommit":false,"messageTitle":"Update README.md","messageBody":"","fileTypesAndContributionMap":{"docs":{"insertions":7,"deletions":12}}},{"hash":"a06c12d158471f910805f228b8124176f4f5f15e","isMergeCommit":false,"messageTitle":"Update default.md, index.md, UserGuide.md, DeveloperGuide.md","messageBody":"","fileTypesAndContributionMap":{"docs":{"insertions":11,"deletions":9}}},{"hash":"3395aba003151b8b8b011331a8dd4933b5a57932","isMergeCommit":true,"messageTitle":"Merge pull request #31 from lm-44/Update-README.md","messageBody":"Update readme.md","fileTypesAndContributionMap":{}},{"hash":"03c093364f180bd6a1630f37d3fd3de67d92672b","isMergeCommit":true,"messageTitle":"Merge pull request #33 from lm-44/Update-Website","messageBody":"Update website","fileTypesAndContributionMap":{}}]},{"date":"2024-09-27","commitResults":[{"hash":"5cef175069ecf8075fc55d0de5bbf9061df8d271","isMergeCommit":false,"messageTitle":"Edit name of image file in AboutUs","messageBody":"","fileTypesAndContributionMap":{"docs":{"insertions":1,"deletions":1}}},{"hash":"c4a53562a3ac376c952cdb40a33d467f203349ee","isMergeCommit":true,"messageTitle":"Merge pull request #34 from lm-44/Fix-AboutUs-Althea","messageBody":"Fix naming of Althea\u0027s picture","fileTypesAndContributionMap":{}}]},{"date":"2024-10-02","commitResults":[{"hash":"a6d8c92a8745b72aa2812a4808c380656bf09c4f","isMergeCommit":true,"messageTitle":"Merge pull request #38 from jian7490/DG-UseCases","messageBody":"Include use cases in DeveloperGuide.md","fileTypesAndContributionMap":{}},{"hash":"5c87ccacf5cf4a72bfc723955c27b2419e6b5935","isMergeCommit":true,"messageTitle":"Merge pull request #39 from avrilmohh/DG","messageBody":"Update Non-functional requirements and Glossary in DG","fileTypesAndContributionMap":{}},{"hash":"a27234a1cd189704f9087a19332e1c5a7048c7e8","isMergeCommit":true,"messageTitle":"Merge pull request #42 from emmannyyy/UserStories","messageBody":"User stories","fileTypesAndContributionMap":{}},{"hash":"9bfe41911aa8a91fae9be56b3c4c7000dffa9d6b","isMergeCommit":true,"messageTitle":"Merge pull request #44 from althea28/update-Ui","messageBody":"Update Ui","fileTypesAndContributionMap":{}},{"hash":"29ec16bbab418e00e93a51696b967b4ca1135652","isMergeCommit":false,"messageTitle":"Add Assignment Class","messageBody":"","fileTypesAndContributionMap":{"functional-code":{"insertions":163,"deletions":0}}},{"hash":"e5862c1957fc5a40c6164926a17355c176084836","isMergeCommit":false,"messageTitle":"Amend checkstyle violations","messageBody":"","fileTypesAndContributionMap":{"functional-code":{"insertions":5,"deletions":5}}},{"hash":"6f11c310733329005b028a6eb8650101f6aea664","isMergeCommit":false,"messageTitle":"Add data fields to toString()","messageBody":"","fileTypesAndContributionMap":{"functional-code":{"insertions":2,"deletions":0}}},{"hash":"74a15398e6a62b9081ed9766f7570202d729f36b","isMergeCommit":false,"messageTitle":"Add data fields to hashcode()","messageBody":"","fileTypesAndContributionMap":{"functional-code":{"insertions":1,"deletions":1}}}]},{"date":"2024-10-05","commitResults":[{"hash":"11eedd3f4705b2a183d901ff5c75689d2a5cce3a","isMergeCommit":false,"messageTitle":"Edit product scope in DG","messageBody":"","fileTypesAndContributionMap":{"docs":{"insertions":6,"deletions":6}}},{"hash":"036d78d94a735e2c542cfa0a5d4d024ad87da564","isMergeCommit":true,"messageTitle":"Merge pull request #53 from lm-44/Edit-ProductScope","messageBody":"Edit product scope in DG","fileTypesAndContributionMap":{}}]},{"date":"2024-10-09","commitResults":[{"hash":"760938716865c7afef60042451b1fb1732a55da9","isMergeCommit":false,"messageTitle":"Add student field to Assignment Class and corrected comments","messageBody":"","fileTypesAndContributionMap":{"functional-code":{"insertions":26,"deletions":2}}},{"hash":"b5993fc7d5c0381998626d7dcd9e844b31f618b2","isMergeCommit":false,"messageTitle":"Corrected checkstyle","messageBody":"","fileTypesAndContributionMap":{"functional-code":{"insertions":2,"deletions":2}}},{"hash":"18bff5d466b7ed12568b6fe60a64c2bb2d276c7e","isMergeCommit":false,"messageTitle":"Fix capitalisation of comment","messageBody":"","fileTypesAndContributionMap":{"functional-code":{"insertions":1,"deletions":1}}}]},{"date":"2024-10-16","commitResults":[{"hash":"7d59abeb6496bd444ed0db4b0d55b3e0d0790a8b","isMergeCommit":false,"messageTitle":"Fix help message for view_student command","messageBody":"","fileTypesAndContributionMap":{"functional-code":{"insertions":1,"deletions":1}}},{"hash":"4179a7d581477cb096997d44619222040575aeaf","isMergeCommit":false,"messageTitle":"Remove unused imports","messageBody":"","fileTypesAndContributionMap":{"functional-code":{"insertions":0,"deletions":1}}},{"hash":"c37c58c4c25686d1767dc12c3d8e8a11cc3e85ad","isMergeCommit":false,"messageTitle":"Add AddAssignment-TestCases","messageBody":"","fileTypesAndContributionMap":{"test-code":{"insertions":45,"deletions":0}}},{"hash":"1a154b6b6806760b7ec954f23c48d57ed7eb80d6","isMergeCommit":true,"messageTitle":"Merge branch \u0027master\u0027 of https://github.com/AY2425S1-CS2103-F11-1/tp into AddAssignment-TestCases","messageBody":"","fileTypesAndContributionMap":{}},{"hash":"a8a2232404322c5525a867e867c3729b7646d5cc","isMergeCommit":true,"messageTitle":"Merge pull request #87 from lm-44/Fix-ViewStudentHelp","messageBody":"Fix view student help","fileTypesAndContributionMap":{}},{"hash":"b28e395a748e7ba784a71c5a1d38d6320866b569","isMergeCommit":false,"messageTitle":"Add AddAssignmentCommand test case","messageBody":"","fileTypesAndContributionMap":{"test-code":{"insertions":23,"deletions":9}}},{"hash":"37070c5bd72535698046b905814391b40d515018","isMergeCommit":false,"messageTitle":"Optimize imports","messageBody":"","fileTypesAndContributionMap":{"test-code":{"insertions":0,"deletions":7}}},{"hash":"21c25842a14fd3d19f386b75a56c52d410022dbc","isMergeCommit":true,"messageTitle":"Merge branch \u0027master\u0027 of https://github.com/lm-44/tp into AddAssignment-TestCases","messageBody":"","fileTypesAndContributionMap":{}}]},{"date":"2024-10-20","commitResults":[{"hash":"fa1b4b8794b720007b2ad22c47624888b108b66b","isMergeCommit":true,"messageTitle":"Merge branch \u0027master\u0027 of https://github.com/lm-44/tp into AddAssignment-TestCases","messageBody":"","fileTypesAndContributionMap":{}},{"hash":"85671ae1e3aa9596255fb4725059836c57c294d3","isMergeCommit":false,"messageTitle":"Add more test cases","messageBody":"","fileTypesAndContributionMap":{"test-code":{"insertions":43,"deletions":9}}},{"hash":"f04748970e1af489a59fea19d34d419d13a1294e","isMergeCommit":false,"messageTitle":"Fix help message of view_student command","messageBody":"","fileTypesAndContributionMap":{"functional-code":{"insertions":1,"deletions":1}}},{"hash":"f57398f780ead79cf96051a5845c2d2a35524d8e","isMergeCommit":false,"messageTitle":"Fix checkstyle","messageBody":"","fileTypesAndContributionMap":{"functional-code":{"insertions":2,"deletions":2}}},{"hash":"f3a9c17e0070947d0fafbeaa4a29b0b3291a7bb0","isMergeCommit":true,"messageTitle":"Merge pull request #105 from lm-44/Fix-ViewStudentHelp","messageBody":"Fix view student help","fileTypesAndContributionMap":{}},{"hash":"d31ae2aeb44219e97e731d1c7c4a336324c2b13f","isMergeCommit":true,"messageTitle":"Merge branch \u0027master\u0027 of https://github.com/lm-44/tp into AddAssignment-TestCases","messageBody":"","fileTypesAndContributionMap":{}},{"hash":"63ece703539ccf853ee2842a28e07f0bab43b9fd","isMergeCommit":false,"messageTitle":"Add test cases and fix bugs","messageBody":"","fileTypesAndContributionMap":{"functional-code":{"insertions":8,"deletions":4},"test-code":{"insertions":222,"deletions":15}}},{"hash":"7199d9fbc149243f2922a7c31b7240139c5655d0","isMergeCommit":true,"messageTitle":"Merge pull request #94 from lm-44/AddAssignment-TestCases","messageBody":"Add assignment test cases","fileTypesAndContributionMap":{}}]},{"date":"2024-10-21","commitResults":[{"hash":"997d44ee74921dcf297e8b5a3676c7b9ffaebe80","isMergeCommit":true,"messageTitle":"Merge pull request #103 from avrilmohh/edit-assignment","messageBody":"Implement edit assignment functionality","fileTypesAndContributionMap":{}},{"hash":"9acf2e84744826df45fefcf6e8737c9e81987543","isMergeCommit":false,"messageTitle":"Enable assertions in build.gradle","messageBody":"","fileTypesAndContributionMap":{"other":{"insertions":4,"deletions":0}}}]},{"date":"2024-10-22","commitResults":[{"hash":"a705488b47f882a17b5cf071a320c7a1027da930","isMergeCommit":false,"messageTitle":"Fix bug when max scores were negative, and feedback given","messageBody":"Negative max scores caused a bug\n\nAs a side-effect of the fix, error messages may not be as specific,\nspecifically, entering a negative score for the grade command\n","fileTypesAndContributionMap":{"functional-code":{"insertions":44,"deletions":31}}}]},{"date":"2024-10-23","commitResults":[{"hash":"288f58b5a693c3d3dc74344593af948c14dc7c63","isMergeCommit":false,"messageTitle":"Add asserts","messageBody":"","fileTypesAndContributionMap":{"functional-code":{"insertions":15,"deletions":0}}},{"hash":"4267ff4c2c7db028630151021673b563c0fae16d","isMergeCommit":false,"messageTitle":"Fix test cases to expect assert error instead of null error","messageBody":"","fileTypesAndContributionMap":{"test-code":{"insertions":2,"deletions":2}}},{"hash":"0ab5d0025a6c543bbf21082550523a21a064c289","isMergeCommit":true,"messageTitle":"Merge pull request #131 from lm-44/Add-Assert","messageBody":"Add asserts","fileTypesAndContributionMap":{}},{"hash":"e470bf32f426496459863741c53e0284840c3d1b","isMergeCommit":false,"messageTitle":"Add template puml activity diagram for AddAssignment command","messageBody":"","fileTypesAndContributionMap":{"docs":{"insertions":42,"deletions":2}}},{"hash":"0f01b1376b45e764c89f6fa64a0ea327368ecfb1","isMergeCommit":true,"messageTitle":"Merge pull request #134 from lm-44/Add-AddAssignmentAD","messageBody":"Add template puml activity diagram for AddAssignment command","fileTypesAndContributionMap":{}},{"hash":"b14d41c75e14491594a728cf1017f710cb832dc1","isMergeCommit":false,"messageTitle":"Revert \"Add template puml activity diagram for AddAssignment command\"","messageBody":"","fileTypesAndContributionMap":{"docs":{"insertions":2,"deletions":42}}},{"hash":"e51387b67244c61d0f539d5afabfec12dbff205b","isMergeCommit":true,"messageTitle":"Merge pull request #138 from AY2425S1-CS2103-F11-1/revert-134-Add-AddAssignmentAD","messageBody":"Revert \"Add template puml activity diagram for AddAssignment command\"","fileTypesAndContributionMap":{}},{"hash":"b078289a9e7bc1703b5b58fdcfbcfdd78d787730","isMergeCommit":false,"messageTitle":"Correct pathing for uml diagrams","messageBody":"","fileTypesAndContributionMap":{"docs":{"insertions":2,"deletions":2}}},{"hash":"d0eec0d543877c16f5671b7f6d721521f60b2749","isMergeCommit":true,"messageTitle":"Merge branch \u0027master\u0027 into Add-AddAssignmentAD","messageBody":"","fileTypesAndContributionMap":{}},{"hash":"c363e38d7097778e6902552012393cafad87bd2a","isMergeCommit":true,"messageTitle":"Merge pull request #139 from lm-44/Add-AddAssignmentAD","messageBody":"Correct pathing for uml diagrams","fileTypesAndContributionMap":{}},{"hash":"451893212e4322952782e9652d8421a5b0ee027b","isMergeCommit":false,"messageTitle":"Add activity diagram back for Add Assignment command","messageBody":"","fileTypesAndContributionMap":{"docs":{"insertions":37,"deletions":0}}},{"hash":"8fd3f216e6e8dfa092eb182c0ab9dc1b8156d770","isMergeCommit":true,"messageTitle":"Merge pull request #140 from lm-44/Add-AddAssignmentAD","messageBody":"Add activity diagram back for Add Assignment command","fileTypesAndContributionMap":{}},{"hash":"8b76ea50fd07a7b747c3cb3156968c8b46ad9851","isMergeCommit":false,"messageTitle":"Fix style pathing","messageBody":"","fileTypesAndContributionMap":{"docs":{"insertions":1,"deletions":1}}},{"hash":"390f1ab8b16889c0cde5d2d4ff912bccf951b1fb","isMergeCommit":true,"messageTitle":"Merge pull request #141 from lm-44/Add-AddAssignmentAD","messageBody":"Fix style pathing","fileTypesAndContributionMap":{}}]},{"date":"2024-10-26","commitResults":[{"hash":"b2b58be7fa6f0284a2478cc3c8ad4464b532b442","isMergeCommit":true,"messageTitle":"Merge branch \u0027master\u0027 of https://github.com/lm-44/tp into Fix-HelpfulFeedback","messageBody":"","fileTypesAndContributionMap":{}}]},{"date":"2024-10-27","commitResults":[{"hash":"01ec6e53233262eddea6985a8ede41069ae13bed","isMergeCommit":true,"messageTitle":"Merge branch \u0027master\u0027 of https://github.com/lm-44/tp into Fix-HelpfulFeedback","messageBody":"","fileTypesAndContributionMap":{}},{"hash":"3b7a4552cb77789e856cdf22b79e1035c7522277","isMergeCommit":false,"messageTitle":"Add remark class to limit inputs","messageBody":"","fileTypesAndContributionMap":{"functional-code":{"insertions":102,"deletions":30},"test-code":{"insertions":22,"deletions":24}}},{"hash":"e76322124443641ebb093c4423a23449b1ba1366","isMergeCommit":false,"messageTitle":"Fix regex for Remark class and allow empty remarks","messageBody":"","fileTypesAndContributionMap":{"functional-code":{"insertions":12,"deletions":11},"test-code":{"insertions":41,"deletions":24}}}]},{"date":"2024-10-28","commitResults":[{"hash":"93f67e3cee16e8c715472a55830e96c56162c191","isMergeCommit":true,"messageTitle":"Merge pull request #111 from lm-44/Fix-HelpfulFeedback","messageBody":"Fix bug when max scores were negative, and feedback given","fileTypesAndContributionMap":{}},{"hash":"a5aae51d4efcacdc82e0d02cc831d18fcb2a6119","isMergeCommit":true,"messageTitle":"Merge pull request #146 from lm-44/Edit-RemarkCommand","messageBody":"Edit remark command","fileTypesAndContributionMap":{}}]}],"althea28":[{"date":"2024-09-25","commitResults":[{"hash":"95bca3ca07932ac25ff34e17ce68f2bcbd7e8852","isMergeCommit":false,"messageTitle":"Add AboutUs section","messageBody":"","fileTypesAndContributionMap":{"docs":{"insertions":5,"deletions":6}}},{"hash":"7b3e8d1cf65ec037d13deb3a3cf4a8f02cead710","isMergeCommit":true,"messageTitle":"Merge pull request #27 from althea28/Add-photo","messageBody":"Add photo","fileTypesAndContributionMap":{}},{"hash":"17f5a68e00c2d197fbb9be9da69ccdcfc4dd9588","isMergeCommit":true,"messageTitle":"Merge branch \u0027master\u0027 into AboutUs-althea28","messageBody":"","fileTypesAndContributionMap":{}},{"hash":"d9cfe131f03010a473023dd6c66b0cd209899e54","isMergeCommit":true,"messageTitle":"Merge pull request #29 from althea28/AboutUs-althea28","messageBody":"Add althea28 to AboutUs.md","fileTypesAndContributionMap":{}}]},{"date":"2024-10-09","commitResults":[{"hash":"09cdf57cf4df619c419aaa1af3b730353f1502df","isMergeCommit":false,"messageTitle":"Add details panel","messageBody":"","fileTypesAndContributionMap":{"functional-code":{"insertions":214,"deletions":2}}},{"hash":"1a906924eee4a0e26bed45a2a08303fc2f4812ed","isMergeCommit":false,"messageTitle":"Add select student feature","messageBody":"","fileTypesAndContributionMap":{"functional-code":{"insertions":40,"deletions":18}}},{"hash":"a1ba64ff8fa4bc30f15f7e32e67959e924259703","isMergeCommit":false,"messageTitle":"Add documentation","messageBody":"","fileTypesAndContributionMap":{"functional-code":{"insertions":11,"deletions":11}}},{"hash":"92714d44ae1e91fda290d03abdcf89917d2f7952","isMergeCommit":false,"messageTitle":"Add EOF to DarkTheme.css","messageBody":"","fileTypesAndContributionMap":{"functional-code":{"insertions":1,"deletions":1},"docs":{"insertions":10,"deletions":10}}},{"hash":"d25dab437908527c9ade6a363ff45dc2d6fbde04","isMergeCommit":false,"messageTitle":"Delete unused imports","messageBody":"","fileTypesAndContributionMap":{"functional-code":{"insertions":1,"deletions":12}}}]},{"date":"2024-10-10","commitResults":[{"hash":"5129b6a5f9bcf0cb10c715b4a60b588625efb11a","isMergeCommit":false,"messageTitle":"Add view command","messageBody":"","fileTypesAndContributionMap":{"functional-code":{"insertions":136,"deletions":38}}},{"hash":"f9bf9222277b2844fa815095645aea3a6262330b","isMergeCommit":false,"messageTitle":"Add EOF to ViewStudentCommandParser.java","messageBody":"","fileTypesAndContributionMap":{"functional-code":{"insertions":1,"deletions":1}}},{"hash":"db7e7b2a284ee5e01889e6de4e45db358a70cd81","isMergeCommit":false,"messageTitle":"Delete unused imports","messageBody":"","fileTypesAndContributionMap":{"functional-code":{"insertions":22,"deletions":15}}},{"hash":"8c323a72b71c79fc49cce8488cb1941cb4405616","isMergeCommit":false,"messageTitle":"Reorder imports in ViewStudentCommand.java","messageBody":"","fileTypesAndContributionMap":{"functional-code":{"insertions":3,"deletions":4}}},{"hash":"543b6f4ab6fe01f42137ed395a211fc9a84b4e37","isMergeCommit":false,"messageTitle":"Reorder import statements","messageBody":"","fileTypesAndContributionMap":{"functional-code":{"insertions":5,"deletions":5}}},{"hash":"1c9768ae918b84336f3c3260473bb419e8956fa3","isMergeCommit":false,"messageTitle":"Fix constructors in CommandResult.java","messageBody":"","fileTypesAndContributionMap":{"functional-code":{"insertions":6,"deletions":2}}},{"hash":"e0caaae89f9ae0f68e24a4655ae71102c888b3b3","isMergeCommit":true,"messageTitle":"Merge pull request #58 from althea28/Add-Details-Screen","messageBody":"Add details panel","fileTypesAndContributionMap":{}}]},{"date":"2024-10-15","commitResults":[{"hash":"b2abb3bcd77fe98f00b902a80a26ed4f3ea47236","isMergeCommit":true,"messageTitle":"Merge pull request #68 from emmannyyy/Add-Assignment-Command","messageBody":"Updates Assignment Command and Assignment class","fileTypesAndContributionMap":{}},{"hash":"7c751237817cea7adeea1a661e786abc7792e60f","isMergeCommit":false,"messageTitle":"Add details panel scaling","messageBody":"","fileTypesAndContributionMap":{"functional-code":{"insertions":65,"deletions":56}}},{"hash":"3bf4bebe66a22c1f427c06e12deb83849221284d","isMergeCommit":false,"messageTitle":"Add details panel response to commands","messageBody":"","fileTypesAndContributionMap":{"functional-code":{"insertions":94,"deletions":28}}},{"hash":"3fcb90582bce5da24d4aabab5427b98812cb218a","isMergeCommit":false,"messageTitle":"Delete unused imports","messageBody":"","fileTypesAndContributionMap":{"functional-code":{"insertions":2,"deletions":3}}},{"hash":"5fc378fa99f70054a80aec4fd19871b6c1570200","isMergeCommit":false,"messageTitle":"Update UI response to add command","messageBody":"","fileTypesAndContributionMap":{"functional-code":{"insertions":1,"deletions":1},"test-code":{"insertions":3,"deletions":3}}},{"hash":"b5cd55598115e681c0f80b0fd3bc1fac02a2a019","isMergeCommit":false,"messageTitle":"Delete unused imports","messageBody":"","fileTypesAndContributionMap":{"test-code":{"insertions":0,"deletions":2}}},{"hash":"429e68cb2289d7582acdf9c0b255eb5aae7a853a","isMergeCommit":true,"messageTitle":"Merge pull request #82 from althea28/Add-Assignment-Command-UI","messageBody":"Update details panel UI","fileTypesAndContributionMap":{}}]},{"date":"2024-10-16","commitResults":[{"hash":"3be1b40be6449e0100b80aabbaec70edf1bb80e0","isMergeCommit":false,"messageTitle":"Add UI response to command","messageBody":"","fileTypesAndContributionMap":{"functional-code":{"insertions":10,"deletions":9}}},{"hash":"a51fc1319c8b15181d569a331ef60d03bec6a57a","isMergeCommit":true,"messageTitle":"Merge pull request #90 from althea28/Add-UI-commands-response","messageBody":"Add UI response to command","fileTypesAndContributionMap":{}}]},{"date":"2024-10-22","commitResults":[{"hash":"79fd31c58ce030488dc7eb6ea0d0bc3abfaab613","isMergeCommit":false,"messageTitle":"Add test cases","messageBody":"","fileTypesAndContributionMap":{"functional-code":{"insertions":8,"deletions":0},"test-code":{"insertions":111,"deletions":0}}},{"hash":"c03b4061281c7083bd91c0a76833f48fc5b42cab","isMergeCommit":false,"messageTitle":"Delete unused method","messageBody":"","fileTypesAndContributionMap":{"test-code":{"insertions":0,"deletions":9}}},{"hash":"7368ff406408caad4408bf9b9d5b9d8755be4391","isMergeCommit":true,"messageTitle":"Merge pull request #119 from althea28/Add-View-Student-Tests","messageBody":"Add view student tests","fileTypesAndContributionMap":{}}]},{"date":"2024-10-23","commitResults":[{"hash":"50d00a27c747bc38d82af6e0ae23d12475542894","isMergeCommit":false,"messageTitle":"Update DG","messageBody":"","fileTypesAndContributionMap":{"docs":{"insertions":119,"deletions":9}}},{"hash":"02f8a3d54279368c3ebf700412f759fa72f776cd","isMergeCommit":false,"messageTitle":"Add EOF to UiClassDiagram.puml","messageBody":"","fileTypesAndContributionMap":{"docs":{"insertions":2,"deletions":2}}},{"hash":"8c19d5242bb8273ba7b89b6cff5b2f9345d9ba03","isMergeCommit":true,"messageTitle":"Merge pull request #123 from althea28/Update-Ui-in-Dg","messageBody":"Update UI component in Developer\u0027s Guide","fileTypesAndContributionMap":{}}]},{"date":"2024-10-28","commitResults":[{"hash":"741b1d380185b36f7c9a6168d350fdefed645ea4","isMergeCommit":false,"messageTitle":"Set max assignment name length","messageBody":"","fileTypesAndContributionMap":{"functional-code":{"insertions":5,"deletions":0}}},{"hash":"1c32184e605b5efab212aa26e7adeab70a72c9cb","isMergeCommit":false,"messageTitle":"Update minimum width","messageBody":"","fileTypesAndContributionMap":{"functional-code":{"insertions":1,"deletions":1}}},{"hash":"bffb7baf981452fe7dd60d600d6c2a6ebb2c5232","isMergeCommit":false,"messageTitle":"Move remark field upwards","messageBody":"","fileTypesAndContributionMap":{"functional-code":{"insertions":8,"deletions":13}}},{"hash":"7cd2ba50dd8fc2cb5a2d3f71b78cadccb1afb415","isMergeCommit":false,"messageTitle":"Add max tag name length","messageBody":"","fileTypesAndContributionMap":{"functional-code":{"insertions":27,"deletions":25}}},{"hash":"448d1327a462d1dd6b99668b749b48d093701a95","isMergeCommit":false,"messageTitle":"Delete unused import","messageBody":"","fileTypesAndContributionMap":{"functional-code":{"insertions":2,"deletions":3}}},{"hash":"60ca976f63c11328cc72e4557986278b0afa6ff9","isMergeCommit":false,"messageTitle":"Add invalid assignment name test","messageBody":"","fileTypesAndContributionMap":{"test-code":{"insertions":17,"deletions":0}}},{"hash":"59d34d1ce40cc2cc5b8a3de9f77573a19d2f1d5e","isMergeCommit":true,"messageTitle":"Merge branch \u0027master\u0027 into Add-assignment-name-limit","messageBody":"","fileTypesAndContributionMap":{}},{"hash":"5ed05ac86d6c2fb4b0ed6dfea48ad9ca1d82ac04","isMergeCommit":false,"messageTitle":"Move separator to next line","messageBody":"","fileTypesAndContributionMap":{"test-code":{"insertions":2,"deletions":2}}},{"hash":"4c5981817f08be4fe80349c21d8dd7d592ae5e9a","isMergeCommit":true,"messageTitle":"Merge branch \u0027Add-assignment-name-limit\u0027 of github.com:althea28/tp into Add-assignment-name-limit","messageBody":"* \u0027Add-assignment-name-limit\u0027 of github.com:althea28/tp:\n  Fix regex for Remark class and allow empty remarks\n  Add remark class to limit inputs\n  Fix bug when max scores were negative, and feedback given\n","fileTypesAndContributionMap":{}},{"hash":"bac5a028cddf443afcaed8013f8bfa60e743cea2","isMergeCommit":true,"messageTitle":"Merge pull request #152 from althea28/Add-assignment-name-limit","messageBody":"Add assignment name limit","fileTypesAndContributionMap":{}},{"hash":"5f6890a0cb122e4d6d9353fac4ed142bf124d238","isMergeCommit":false,"messageTitle":"Update view student in UG","messageBody":"","fileTypesAndContributionMap":{"docs":{"insertions":17,"deletions":0}}},{"hash":"7cbd46bc08e4e3fbb1f8478df5991866bf875ac5","isMergeCommit":true,"messageTitle":"Merge pull request #154 from althea28/Add-view-student-to-Ug","messageBody":"Update view student in UG","fileTypesAndContributionMap":{}}]}]},"authorFileTypeContributionMap":{"emmannyyy":{"docs":169,"functional-code":1103,"test-code":18,"other":1},"avrilmohh":{"docs":112,"functional-code":338,"test-code":724},"jian7490":{"docs":493,"functional-code":544,"test-code":1070},"lm-44":{"docs":71,"functional-code":320,"test-code":348,"other":4},"althea28":{"docs":133,"functional-code":388,"test-code":122}},"authorContributionVariance":{"emmannyyy":41664.867,"avrilmohh":9031.416,"jian7490":152004.52,"lm-44":5157.651,"althea28":6224.673},"authorDisplayNameMap":{"emmannyyy":"CS2103-F11-1 EMMA.. WEI","avrilmohh":"CS2103-F11-1 AVRI..XUAN","jian7490":"CS2103-F11-1 JIAN..N YI","lm-44":"CS2103-F11-1 YAU .. TOM","althea28":"CS2103-F11-1 ALTH.. RUI"}}
